time_s,scheme,environment_temperature_c,environment_moisture_kg_kg,picard_iterations,temperature_residual,moisture_residual,temperature_linear_residual,moisture_linear_residual,surface_heat_internal_w_m2,surface_heat_robin_w_m2,surface_heat_boundary_residual_w_m2,surface_moisture_internal_kg_m2_s,surface_moisture_robin_kg_m2_s,surface_moisture_boundary_residual_kg_m2_s,surface_k_w_m_k,surface_D_m2_s,mass_step_residual,heat_step_residual_j,property_min_json,property_max_json,picard_history_json
0.25,be,28.0022,0.019631625000000003,3,7.550179618881633e-15,2.2842834377846806e-10,1.978150976356119e-10,2.220446049250313e-14,-0.05402053300017101,-0.05446290643078555,0.00044237343061453993,1.9317305042658012e-06,2.0137734718646103e-06,-8.204296759880902e-08,0.4825597169970405,5.63652653071452e-09,-9.238252424017106e-21,3.6669184487518076e-11,"{""D"": 5.63652653071452e-09, ""cp"": 3412.429962378692, ""k"": 0.4825597169970405, ""rho"": 974.7166034983377}","{""D"": 5.641680801423757e-09, ""cp"": 3415.295774647888, ""k"": 0.48295774647887324, ""rho"": 976.4000000000001}","[[7.13043916149692e-08, 0.0051559378536946586], [3.4605493265182336e-11, 1.5266901266497866e-06], [7.550179618881633e-15, 2.2842834377846806e-10]]"
0.5,bdf2,28.0044,0.01963325,3,1.0192741491128611e-14,2.4673422346638154e-10,4.504272510530427e-10,6.17284001691587e-14,-0.10804507810199498,-0.10872843274682964,0.000683354644834655,1.9801359096525877e-06,2.0078839676263206e-06,-2.774805797373289e-08,0.4823356652747425,5.633624999170881e-09,1.576988380489457e-08,-0.0008539511109378837,"{""D"": 5.633624999170881e-09, ""cp"": 3410.816789978146, ""k"": 0.4823356652747425, ""rho"": 973.7744908202113}","{""D"": 5.641681633478001e-09, ""cp"": 3415.295774647888, ""k"": 0.48295774647887324, ""rho"": 976.4000000000001}","[[9.751088436094294e-08, 0.0028851069135112537], [4.4969242932026643e-11, 1.2674663671549183e-06], [1.0192741491128611e-14, 2.4673422346638154e-10]]"
0.75,bdf2,28.0066,0.019634875000000003,3,9.626476875595495e-15,2.371457278915091e-10,1.3460521586239338e-10,3.1530333899354446e-14,-0.1619406192422073,-0.16279042832394452,0.000849809081737235,1.9787150896631186e-06,2.0037687454602745e-06,-2.505365579715594e-08,0.4821785713354002,5.631592671501065e-09,1.573756292559944e-08,-0.00127855306372237,"{""D"": 5.631592671501065e-09, ""cp"": 3409.685713614882, ""k"": 0.4821785713354002, ""rho"": 973.1162632736439}","{""D"": 5.641682978506135e-09, ""cp"": 3415.295774647888, ""k"": 0.48295774647887324, ""rho"": 976.4000000000002}","[[1.245343843525769e-07, 0.0020158875164346824], [5.524974836911585e-11, 1.0446050111186992e-06], [9.626476875595495e-15, 2.371457278915091e-10]]"
1.0,bdf2,28.0088,0.0196365,3,1.5666616905076627e-14,2.2115869048953802e-10,4.587263902067207e-11,1.0658141036401503e-13,-0.21569091510983873,-0.2166736863927099,0.0009827712828711643,1.97785747720998e-06,2.0004545895955993e-06,-2.2597112385619488e-08,0.48205173323968686,5.629954015803058e-09,1.5711533606292117e-08,-0.0017017510607730934,"{""D"": 5.629954015803058e-09, ""cp"": 3408.7724793257457, ""k"": 0.48205173323968686, ""rho"": 972.5862063352959}","{""D"": 5.641684612734085e-09, ""cp"": 3415.295774647888, ""k"": 0.48295774647887335, ""rho"": 976.4000000000003}","[[1.4826695862194495e-07, 0.001623231105192419], [6.328482710200666e-11, 8.999745713808506e-07], [1.5666616905076627e-14, 2.2115869048953802e-10]]"
1.25,bdf2,28.011,0.019638125000000003,3,3.3975789956405875e-15,2.0802305412006706e-10,2.545448296586983e-10,9.059419880941277e-14,-0.2693044146464494,-0.270401450693214,0.0010970360467645879,1.977101454413461e-06,1.997587603447464e-06,-2.0486149034002973e-08,0.4819417748060637,5.6285354808975975e-09,1.568901634971154e-08,-0.0021237280123707672,"{""D"": 5.6285354808975975e-09, ""cp"": 3407.9807786036586, ""k"": 0.4819417748060637, ""rho"": 972.1276965515942}","{""D"": 5.6416869613291886e-09, ""cp"": 3415.295774647888, ""k"": 0.48295774647887335, ""rho"": 976.4000000000004}","[[1.6891324874330696e-07, 0.0014041014283733364], [7.030383710412692e-11, 8.073998557315852e-07], [3.3975789956405875e-15, 2.0802305412006706e-10]]"
1.5,bdf2,28.0132,0.01963975,3,3.3975783592873286e-15,1.978227603513894e-10,1.1254996934439987e-10,4.3520742565306136e-14,-0.3227923659343945,-0.3239913441348108,0.0011989782004163119,1.976237539623771e-06,1.9950154546291366e-06,-1.877791500536571e-08,0.48184293869164063,5.627262295823142e-09,1.566881474013744e-08,-0.002544622034664458,"{""D"": 5.627262295823142e-09, ""cp"": 3407.269158579813, ""k"": 0.48184293869164063, ""rho"": 971.7163607406619}","{""D"": 5.641689818361082e-09, ""cp"": 3415.295774647888, ""k"": 0.48295774647887335, ""rho"": 976.4000000000005}","[[1.8721943744915314e-07, 0.0012596618467489416], [7.664842401375592e-11, 7.428843957420231e-07], [3.3975783592873286e-15, 1.978227603513894e-10]]"
1.75,bdf2,28.0154,0.019641375000000003,3,1.90641857961021e-14,1.8962313201124408e-10,8.29913915367797e-11,5.995204332975845e-14,-0.3761646055184513,-0.3774564763418198,0.0012918708233684573,1.97526115455237e-06,1.992659333505707e-06,-1.7398178953336845e-08,0.4817522489634628,5.626095783209754e-09,1.5650309808128953e-08,-0.0029645361028747077,"{""D"": 5.626095783209754e-09, ""cp"": 3406.6161925369315, ""k"": 0.4817522489634628, ""rho"": 971.3395893609131}","{""D"": 5.641692708451009e-09, ""cp"": 3415.2957746478883, ""k"": 0.48295774647887335, ""rho"": 976.4000000000005}","[[2.0378476164941654e-07, 0.0011538396237295505], [8.256189231641981e-11, 6.940874583579778e-07], [1.90641857961021e-14, 1.8962313201124408e-10]]"
2.0,bdf2,28.0176,0.019643,3,7.55017093821185e-15,1.827397492585681e-10,9.640643838793039e-11,5.81756864903582e-14,-0.42942912984810666,-0.4308068643595675,0.0013777345114608375,1.9742053209374036e-06,1.990471803823112e-06,-1.626648288570839e-08,0.48166791584042634,5.625012666674743e-09,1.56331289901546e-08,-0.0033835491512451406,"{""D"": 5.625012666674743e-09, ""cp"": 3406.0089940510693, ""k"": 0.48166791584042634, ""rho"": 970.9897926116979}","{""D"": 5.641695804532714e-09, ""cp"": 3415.2957746478883, ""k"": 0.48295774647887335, ""rho"": 976.4000000000005}","[[2.1902000704643182e-07, 0.001071253514702197], [8.80776516053508e-11, 6.549928589048264e-07], [7.55017093821185e-15, 1.827397492585681e-10]]"
2.25,bdf2,28.0198,0.019644625000000002,3,4.152593047231801e-15,1.7678216189395604e-10,3.660716174636036e-11,7.638334409421077e-14,-0.48259256901209613,-0.48405043247186086,0.00145786345976473,1.973100202015504e-06,1.988421166079722e-06,-1.532096406421813e-08,0.4815887438743308,5.623997389582185e-09,1.561702331898301e-08,-0.0038017231699445054,"{""D"": 5.623997389582185e-09, ""cp"": 3405.438955895182, ""k"": 0.4815887438743308, ""rho"": 970.6618985727555}","{""D"": 5.641699982068018e-09, ""cp"": 3415.2957746478883, ""k"": 0.48295774647887335, ""rho"": 976.4000000000005}","[[2.3320302104379774e-07, 0.0010041931889914304], [9.325157323978468e-11, 6.224747661111868e-07], [4.152593047231801e-15, 1.7678216189395604e-10]]"
2.5,bdf2,28.022,0.01964625,3,2.0951714298352933e-14,1.7150725284409385e-10,2.6500401872908697e-10,2.6645352591003757e-14,-0.535660438937557,-0.5371936485104811,0.0015332095729241324,1.9719674562421905e-06,1.9864847491521157e-06,-1.451729290992522e-08,0.48151387829517145,5.623038821726614e-09,1.5601814736007257e-08,-0.004219108890176403,"{""D"": 5.623038821726614e-09, ""cp"": 3404.899923725234, ""k"": 0.48151387829517145, ""rho"": 970.3522798643385}","{""D"": 5.641704224827594e-09, ""cp"": 3415.2957746478883, ""k"": 0.48295774647887335, ""rho"": 976.4000000000007}","[[2.4652721907578816e-07, 0.0009482366269077449], [9.813650849420712e-11, 5.947382650849603e-07], [2.0951714298352933e-14, 1.7150725284409385e-10]]"
2.75,bdf2,28.0242,0.019647875000000002,3,1.963042992937409e-14,1.6677308771446083e-10,6.014033715473488e-11,2.042810365310288e-14,-0.588637415342224,-0.5902419266050174,0.0016045112627933733,1.9708216841744817e-06,1.9846455852189505e-06,-1.382390104446877e-08,0.4814426794301301,5.622128628534932e-09,1.5587369976248635e-08,-0.004635749236410159,"{""D"": 5.622128628534932e-09, ""cp"": 3404.3872918969364, ""k"": 0.4814426794301301, ""rho"": 970.0582216350322}","{""D"": 5.641708276334679e-09, ""cp"": 3415.2957746478887, ""k"": 0.48295774647887346, ""rho"": 976.4000000000008}","[[2.5913254223612984e-07, 0.0009005907685696358], [1.027800235027224e-10, 5.706500918859414e-07], [1.963042992937409e-14, 1.6677308771446083e-10]]"
3.0,bdf2,28.0264,0.0196495,3,1.79316378603256e-14,1.6248248933678392e-10,5.718447937397286e-11,6.261657858885883e-14,-0.6415276062342437,-0.643199889769619,0.0016722835353752963,1.969672572427556e-06,1.9828905537786092e-06,-1.3217981351053272e-08,0.48137465266838,5.621260361443797e-09,1.5573585991531932e-08,-0.005051680129782638,"{""D"": 5.621260361443797e-09, ""cp"": 3403.897499212336, ""k"": 0.48137465266838, ""rho"": 969.7776246045775}","{""D"": 5.641712057020705e-09, ""cp"": 3415.2957746478887, ""k"": 0.48295774647887346, ""rho"": 976.4000000000008}","[[2.7112401109129475e-07, 0.0008593715176079868], [1.07221756700612e-10, 5.494403287027076e-07], [1.79316378603256e-14, 1.6248248933678392e-10]]"
3.25,bdf2,28.0286,0.019651125000000002,3,3.13331688771704e-14,1.5855761148486592e-10,8.526512829121202e-11,4.6629367034256575e-14,-0.6943345805128202,-0.6960715488446567,0.0017369683318365636,1.9685265342881557e-06,1.9812092517768435e-06,-1.2682717488687812e-08,0.481309405847381,5.6204289043250845e-09,1.556038107650891e-08,-0.005466933089483358,"{""D"": 5.6204289043250845e-09, ""cp"": 3403.4277221011434, ""k"": 0.481309405847381, ""rho"": 969.5088242842951}","{""D"": 5.641717629200562e-09, ""cp"": 3415.2957746478887, ""k"": 0.48295774647887346, ""rho"": 976.4000000000009}","[[2.8258291297122985e-07, 0.0008232480595309887], [1.1147020208291915e-10, 5.305578892127141e-07], [3.13331688771704e-14, 1.5855761148486592e-10]]"
3.5,bdf2,28.0308,0.01965275,3,6.606389088092109e-15,1.5495073633772684e-10,9.22000253922306e-11,7.105427357601002e-15,-0.7470614789507066,-0.7488604286407963,0.0017989496900896462,1.9673878138977666e-06,1.9795932623914677e-06,-1.2205448493701127e-08,0.48124662168186205,5.6196301152509295e-09,1.5547689125562634e-08,-0.005881536037759035,"{""D"": 5.6196301152509295e-09, ""cp"": 3402.975676109407, ""k"": 0.48124662168186205, ""rho"": 969.2504739826348}","{""D"": 5.641723265840789e-09, ""cp"": 3415.2957746478887, ""k"": 0.48295774647887346, ""rho"": 976.400000000001}","[[2.9357382231545047e-07, 0.0007912476359065793], [1.1556122297659527e-10, 5.135932919911581e-07], [6.606389088092109e-15, 1.5495073633772684e-10]]"
3.75,bdf2,28.033,0.019654375,3,6.795140994489272e-15,1.5161745497438165e-10,1.716671249596402e-10,1.7763568394002505e-14,-0.7997111827581708,-0.8015696596672228,0.0018584769090520536,1.9662592060893643e-06,1.9780356603411494e-06,-1.1776454251785167e-08,0.4811860391133793,5.6188605841126124e-09,1.5535455747649138e-08,-0.006295513377679523,"{""D"": 5.6188605841126124e-09, ""cp"": 3402.539481616331, ""k"": 0.4811860391133793, ""rho"": 969.0014656545839}","{""D"": 5.6417288185844775e-09, ""cp"": 3415.2957746478887, ""k"": 0.48295774647887346, ""rho"": 976.400000000001}","[[3.0414906245212646e-07, 0.0007626397300784416], [1.194851929853501e-10, 4.982336563363001e-07], [6.795140994489272e-15, 1.5161745497438165e-10]]"
4.0,bdf2,28.0352,0.019656,3,1.5855324001035753e-14,1.4851597076331504e-10,3.632294465205632e-11,1.5987211554602254e-14,-0.8522862344210204,-0.8542020472802392,0.001915812859218824,1.9651425256027474e-06,1.9765306656228286e-06,-1.138814002008122e-08,0.48112744025654863,5.618117462929681e-09,1.5523635546768933e-08,-0.006708887224056917,"{""D"": 5.618117462929681e-09, ""cp"": 3402.11756984715, ""k"": 0.48112744025654863, ""rho"": 968.7608744996526}","{""D"": 5.6417341312263475e-09, ""cp"": 3415.295774647889, ""k"": 0.48295774647887346, ""rho"": 976.400000000001}","[[3.1435180041677644e-07, 0.0007368633908269832], [1.2329175444748136e-10, 4.842346229441071e-07], [1.5855324001035753e-14, 1.4851597076331504e-10]]"
4.25,bdf2,28.0374,0.019657625,3,6.417629061748972e-15,1.4562225064140572e-10,8.844835974741727e-11,5.639932965095795e-14,-0.9047889667918619,-0.9067601247281232,0.0019711579362612364,1.9640389164505308e-06,1.9750733943831602e-06,-1.103447793262944e-08,0.4810706410074107,5.617398343734187e-09,1.551219016522084e-08,-0.007121677262256864,"{""D"": 5.617398343734187e-09, ""cp"": 3401.708615253357, ""k"": 0.4810706410074107, ""rho"": 968.5279191013055}","{""D"": 5.641739043621963e-09, ""cp"": 3415.295774647889, ""k"": 0.4829577464788736, ""rho"": 976.4000000000012}","[[3.2421818346443245e-07, 0.0007134796710615899], [1.2693957031861987e-10, 4.7140182668056964e-07], [6.417629061748972e-15, 1.4562225064140572e-10]]"
4.5,bdf2,28.0396,0.019659250000000003,3,6.417626918843103e-15,1.429180085823658e-10,5.968558980384842e-11,2.6645352591003757e-14,-0.957221517000255,-0.9592461950035158,0.0020246780032607825,1.9629490589604673e-06,1.973659675488428e-06,-1.0710616527960856e-08,0.4810154841286167,5.616701168633858e-09,1.5501086843014178e-08,-0.00753390192416545,"{""D"": 5.616701168633858e-09, ""cp"": 3401.3114857260402, ""k"": 0.4810154841286167, ""rho"": 968.3019320781485}","{""D"": 5.641745191685748e-09, ""cp"": 3415.2957746478896, ""k"": 0.4829577464788736, ""rho"": 976.4000000000012}","[[3.337787934233714e-07, 0.0006921394576511781], [1.304779054093971e-10, 4.5957830064433745e-07], [6.417626918843103e-15, 1.429180085823658e-10]]"
4.75,bdf2,28.0418,0.019660875,3,2.0762903494085104e-14,1.4037659923360425e-10,8.708411769475788e-11,1.4654943925052066e-14,-1.0095858218570868,-1.0116623635269661,0.0020765416698793615,1.961873310486375e-06,1.972285912757198e-06,-1.0412602270823235e-08,0.48096183405604165,5.61602416225339e-09,1.5490297335721387e-08,-0.007945577546295064,"{""D"": 5.61602416225339e-09, ""cp"": 3400.9252052035004, ""k"": 0.48096183405604165, ""rho"": 968.0823380411517}","{""D"": 5.641752322978439e-09, ""cp"": 3415.2957746478896, ""k"": 0.4829577464788736, ""rho"": 976.4000000000012}","[[3.430598296194048e-07, 0.0006725611111359329], [1.3391166736078156e-10, 4.4863558027615877e-07], [2.0762903494085104e-14, 1.4037659923360425e-10]]"
5.0,bdf2,28.044,0.019662500000000003,3,3.076683706813468e-14,1.379833937740907e-10,1.6439116734545678e-10,3.552713678800501e-14,-1.0618836999828576,-1.064010565295348,0.0021268653124904002,1.9608118024098498e-06,1.9709489796759255e-06,-1.0137177266075694e-08,0.4809095729299421,5.6153657800848105e-09,1.547979708785641e-08,-0.008356719349115452,"{""D"": 5.6153657800848105e-09, ""cp"": 3400.548925095583, ""k"": 0.4809095729299421, ""rho"": 967.868636748148}","{""D"": 5.641759448383244e-09, ""cp"": 3415.2957746478896, ""k"": 0.4829577464788736, ""rho"": 976.4000000000012}","[[3.5208394939966624e-07, 0.0006545145586447732], [1.3724576381370861e-10, 4.38467306906885e-07], [3.076683706813468e-14, 1.379833937740907e-10]]"
5.25,bdf2,28.0462,0.019664125,3,2.1706656352821557e-14,1.3572306677226954e-10,6.866684998385608e-11,1.509903313490213e-14,-1.1141168108376578,-1.1162925867481022,0.0021757759104443775,1.9597645078781622e-06,1.9696461376944346e-06,-9.881629816272376e-09,0.4808585975150166,5.614724668398351e-09,1.5469564590875972e-08,-0.008767341405334438,"{""D"": 5.614724668398351e-09, ""cp"": 3400.18190210812, ""k"": 0.4808585975150166, ""rho"": 967.6603900311095}","{""D"": 5.641766480068085e-09, ""cp"": 3415.2957746478896, ""k"": 0.4829577464788736, ""rho"": 976.4000000000012}","[[3.608708672396656e-07, 0.0006378097462720134], [1.4051058413542003e-10, 4.289845071762464e-07], [2.1706656352821557e-14, 1.3572306677226954e-10]]"
5.5,bdf2,28.0484,0.019665750000000003,3,2.3027922576640755e-14,1.3358377584921144e-10,1.7541879060445353e-10,4.04121180963557e-14,-1.1662867182734133,-1.1685100836956508,0.0022233654222374444,1.9587312896286152e-06,1.968374971947521e-06,-9.643682318905934e-09,0.48080881677738196,5.61409963269702e-09,1.54595808784842e-08,-0.009177456768016687,"{""D"": 5.61409963269702e-09, ""cp"": 3399.8234807971503, ""k"": 0.48080881677738196, ""rho"": 967.4572115116034}","{""D"": 5.641773329491081e-09, ""cp"": 3415.2957746478896, ""k"": 0.4829577464788736, ""rho"": 976.4000000000012}","[[3.694379096812859e-07, 0.0006223166095951537], [1.437002769890814e-10, 4.2011207097003617e-07], [2.3027922576640755e-14, 1.3358377584921144e-10]]"
5.75,bdf2,28.0506,0.019667375,3,3.3598103847931735e-14,1.3155071803125472e-10,3.3526248444104567e-10,9.015010959956271e-14,-1.2183948837207959,-1.2206645968362295,0.002269713115433669,1.957711934067916e-06,1.9671333400620795e-06,-9.421405994163314e-09,0.4807601499548292,5.613489612581565e-09,1.5449829124461444e-08,-0.009587077225789732,"{""D"": 5.613489612581565e-09, ""cp"": 3399.47307967477, ""k"": 0.4807601499548292, ""rho"": 967.2587584099327}","{""D"": 5.641779908638436e-09, ""cp"": 3415.2957746478896, ""k"": 0.4829577464788736, ""rho"": 976.4000000000012}","[[3.778003934081235e-07, 0.0006078773515828047], [1.4678898319126427e-10, 4.11786062677636e-07], [3.3598103847931735e-14, 1.3155071803125472e-10]]"
6.0,bdf2,28.0528,0.019669000000000002,3,1.453400560321923e-14,1.296251123868186e-10,5.5365489970427006e-11,3.4638958368304884e-14,-1.2704426416006005,-1.272757564748872,0.0023149231482715305,1.9567061757503288e-06,1.9659193309324144e-06,-9.213155182085638e-09,0.48071252500284467,5.6128936615050926e-09,1.5440294318990397e-08,-0.009996214490443456,"{""D"": 5.6128936615050926e-09, ""cp"": 3399.130180020482, ""k"": 0.48071252500284467, ""rho"": 967.0647249491863}","{""D"": 5.64178613113209e-09, ""cp"": 3415.2957746478896, ""k"": 0.4829577464788736, ""rho"": 976.4000000000012}","[[3.8597189459848833e-07, 0.0005943703035208214], [1.4980388328557802e-10, 4.0395164999477144e-07], [1.453400560321923e-14, 1.296251123868186e-10]]"
6.25,bdf2,28.055,0.019670625,3,1.5855272591034776e-14,1.2778919534750906e-10,1.3881162885809317e-10,4.085620730620576e-14,-1.3224312794361843,-1.3247903338339029,0.002359054397718552,1.955713715045087e-06,1.9647312311881966e-06,-9.017516143109445e-09,0.48066587733061383,5.612310930311506e-09,1.5430963005433107e-08,-0.010404878870035633,"{""D"": 5.612310930311506e-09, ""cp"": 3398.7943167804196, ""k"": 0.48066587733061383, ""rho"": 966.8748369901115}","{""D"": 5.641793579598086e-09, ""cp"": 3415.2957746478896, ""k"": 0.4829577464788736, ""rho"": 976.4000000000012}","[[3.939645949118654e-07, 0.0005816992233247494], [1.5275630250561104e-10, 3.9656149684303037e-07], [1.5855272591034776e-14, 1.2778919534750906e-10]]"
6.5,bdf2,28.057199999999998,0.019672250000000002,3,1.5855266218086922e-14,1.2603826479228064e-10,1.2641976354643703e-10,5.595524044110789e-14,-1.3743620040703841,-1.3767641688701815,0.0024021647997973794,1.9547342309695876e-06,1.9635674976692173e-06,-8.833266699629729e-09,0.48062014876345516,5.611740653700207e-09,1.5421823063768125e-08,-0.010813080375693755,"{""D"": 5.611740653700207e-09, ""cp"": 3398.465071096877, ""k"": 0.48062014876345516, ""rho"": 966.6888476270749}","{""D"": 5.6418023453379e-09, ""cp"": 3415.2957746478896, ""k"": 0.4829577464788736, ""rho"": 976.4000000000012}","[[4.0178935019644867e-07, 0.0005697812384383639], [1.5565360225416223e-10, 3.895744715056438e-07], [1.5855266218086922e-14, 1.2603826479228064e-10]]"
6.75,bdf2,28.0594,0.019673875,3,1.661027209132665e-14,1.2436483215798681e-10,1.5756995708215982e-10,1.0036416142611415e-13,-1.4262359427107094,-1.4286802602043736,0.0024443174936641388,1.953767390484745e-06,1.9624267346413423e-06,-8.659344156597256e-09,0.48057528668397653,5.611182139036914e-09,1.5412863531867002e-08,-0.011220828410811512,"{""D"": 5.611182139036914e-09, ""cp"": 3398.142064124631, ""k"": 0.48057528668397653, ""rho"": 966.5065335426148}","{""D"": 5.641811116052564e-09, ""cp"": 3415.2957746478896, ""k"": 0.4829577464788736, ""rho"": 976.4000000000012}","[[4.0945605572782317e-07, 0.0005585445474059034], [1.584846461222925e-10, 3.8295463985112445e-07], [1.661027209132665e-14, 1.2436483215798681e-10]]"
7.0,bdf2,28.0616,0.019675500000000002,3,1.8875301321139735e-14,1.2276924574989023e-10,1.4699708117404953e-10,7.72715225139109e-14,-1.478054152582384,-1.4805397312514401,0.0024855786690560766,1.9528128552728406e-06,1.961307674791678e-06,-8.494819518837276e-09,0.48053124331569064,5.610634757006283e-09,1.5404074456406055e-08,-0.011628131871047052,"{""D"": 5.610634757006283e-09, ""cp"": 3397.8249518729726, ""k"": 0.48053124331569064, ""rho"": 966.3276919666685}","{""D"": 5.6418198414971125e-09, ""cp"": 3415.2957746478896, ""k"": 0.4829577464788736, ""rho"": 976.4000000000012}","[[4.169736312983996e-07, 0.0005479265869269453], [1.6124886789129692e-10, 3.76670447860815e-07], [1.8875301321139735e-14, 1.2276924574989023e-10]]"
7.25,bdf2,28.0638,0.019677125,3,2.18953402376372e-14,1.2123252293117771e-10,1.4563283912139013e-10,4.4853010194856324e-14,-1.5298176654262163,-1.53234364402266,0.0025259785964437675,1.951870286616483e-06,1.9602091632636612e-06,-8.338876647178044e-09,0.4804879751212203,5.61009793376691e-09,1.539544676701955e-08,-0.012034998784502506,"{""D"": 5.61009793376691e-09, ""cp"": 3397.5134208727864, ""k"": 0.4804879751212203, ""rho"": 966.1521381221858}","{""D"": 5.641828471905214e-09, ""cp"": 3415.2957746478896, ""k"": 0.4829577464788736, ""rho"": 976.4000000000012}","[[4.2435014485170376e-07, 0.0005378725569009973], [1.6394664511143845e-10, 3.706940387764211e-07], [2.18953402376372e-14, 1.2123252293117771e-10]]"
7.5,bdf2,28.066,0.019678750000000002,3,2.019655511982815e-14,1.197658094702533e-10,2.1168489183764905e-10,1.4210854715202004e-14,-1.5815274357438143,-1.5840930050998736,0.0025655693560593384,1.9509393489338486e-06,1.959130144157729e-06,-8.19079522388049e-09,0.4804454422934442,5.609571144305665e-09,1.5386972170776558e-08,-0.012441437329411144,"{""D"": 5.609571144305665e-09, ""cp"": 3397.207184512798, ""k"": 0.4804454422934442, ""rho"": 965.9797030652367}","{""D"": 5.6418369583624505e-09, ""cp"": 3415.2957746478896, ""k"": 0.4829577464788736, ""rho"": 976.4000000000012}","[[4.315929961398074e-07, 0.0005283342235598816], [1.6663384867393876e-10, 3.6500072280524873e-07], [2.019655511982815e-14, 1.197658094702533e-10]]"
7.75,bdf2,28.0682,0.019680375,3,3.4353003912072814e-14,1.183506451881978e-10,8.36735125631094e-11,4.440892098500626e-14,-1.6331843938567105,-1.6357887699030016,0.002604376046291046,1.9500197122732705e-06,1.9580696490475044e-06,-8.049936774233909e-09,0.4804036083226165,5.609053906792005e-09,1.5378643061630865e-08,-0.012847454775511706,"{""D"": 5.609053906792005e-09, ""cp"": 3396.9059799228394, ""k"": 0.4804036083226165, ""rho"": 965.8102318476008}","{""D"": 5.641845253133739e-09, ""cp"": 3415.2957746478896, ""k"": 0.4829577464788736, ""rho"": 976.4000000000012}","[[4.3870900336157547e-07, 0.0005192689408292139], [1.6923856375068257e-10, 3.5956852223353135e-07], [3.4353003912072814e-14, 1.183506451881978e-10]]"
8.0,bdf2,28.0704,0.019682,3,1.0570150336888443e-14,1.169929512744758e-10,5.775291356258094e-11,6.572520305780927e-14,-1.6847893765370698,-1.6874318474279448,0.0026424708908749928,1.9491110540606647e-06,1.9570267871552005e-06,-7.915733094535826e-09,0.48036243962603187,5.608545777737552e-09,1.5370452443472712e-08,-0.013253058709968221,"{""D"": 5.608545777737552e-09, ""cp"": 3396.6095653074294, ""k"": 0.48036243962603187, ""rho"": 965.643581944832}","{""D"": 5.64185330994382e-09, ""cp"": 3415.2957746478896, ""k"": 0.4829577464788736, ""rho"": 976.4000000000012}","[[4.457043306822741e-07, 0.000510638844295342], [1.7181609495196217e-10, 3.54377794908441e-07], [1.0570150336888443e-14, 1.169929512744758e-10]]"
8.25,bdf2,28.0726,0.019683625,3,7.738856564239736e-15,1.1568767730277925e-10,1.1368683772161603e-10,3.064215547965432e-14,-1.736343241099425,-1.7390231029708048,0.0026798618713796962,1.9482130602901102e-06,1.9560007369023532e-06,-7.787676612242964e-09,0.4803219052295309,5.608046347846252e-09,1.536239386365856e-08,-0.013658255365559882,"{""D"": 5.608046347846252e-09, ""cp"": 3396.317717652623, ""k"": 0.4803219052295309, ""rho"": 965.4796219043765}","{""D"": 5.641861548884334e-09, ""cp"": 3415.2957746478896, ""k"": 0.4829577464788736, ""rho"": 976.4000000000012}","[[4.525847387090735e-07, 0.0005024101829602778], [1.7435153082474528e-10, 3.4941092058919925e-07], [7.738856564239736e-15, 1.1568767730277925e-10]]"
8.5,bdf2,28.0748,0.01968525,3,9.248873107103979e-15,1.1442211013102224e-10,8.86757334228605e-12,8.215650382226158e-14,-1.7878467784427803,-1.7905633624508255,0.0027165840080451975,1.9473254262813645e-06,1.954990738607464e-06,-7.665312326099535e-09,0.4802819764922399,5.607555238409007e-09,1.5354461355624273e-08,-0.014063051718985945,"{""D"": 5.607555238409007e-09, ""cp"": 3396.030230744127, ""k"": 0.4802819764922399, ""rho"": 965.3182301771942}","{""D"": 5.641872007823294e-09, ""cp"": 3415.2957746478896, ""k"": 0.4829577464788736, ""rho"": 976.4000000000012}","[[4.593554963439932e-07, 0.0004945527617427279], [1.7682693990457315e-10, 3.44652053998646e-07], [9.248873107103979e-15, 1.1442211013102224e-10]]"
8.75,bdf2,28.076999999999998,0.019686875000000003,3,1.4722689102678073e-14,1.1321018196970985e-10,1.1459633242338896e-10,4.707345624410664e-14,-1.8393007483953125,-1.842053414659972,0.0027526662646595312,1.9464478571442925e-06,1.953996088145784e-06,-7.548231001491704e-09,0.4802426268675767,5.607072098187747e-09,1.534664938912793e-08,-0.014467453635557926,"{""D"": 5.607072098187747e-09, ""cp"": 3395.7469134465528, ""k"": 0.4802426268675767, ""rho"": 965.1592941033255}","{""D"": 5.641882483903085e-09, ""cp"": 3415.2957746478896, ""k"": 0.4829577464788736, ""rho"": 976.4000000000012}","[[4.6602152367013584e-07, 0.0004870394736675527], [1.7924156723298124e-10, 3.400868830993873e-07], [1.4722689102678073e-14, 1.1321018196970985e-10]]"
9.0,bdf2,28.0792,0.0196885,3,3.265415398216378e-14,1.1203813476096831e-10,1.6723333828849718e-10,2.1760371282653068e-14,-1.8907058800628878,-1.8934940142486312,0.0027881341857434183,1.9455800679917573e-06,1.953016131420736e-06,-7.436063428978756e-09,0.4802038316948517,5.606596600688535e-09,1.533895282702503e-08,-0.014871467029196565,"{""D"": 5.606596600688535e-09, ""cp"": 3395.4675882029323, ""k"": 0.4802038316948517, ""rho"": 965.0027090273178}","{""D"": 5.641892946520747e-09, ""cp"": 3415.2957746478896, ""k"": 0.4829577464788736, ""rho"": 976.4000000000012}","[[4.725873083347756e-07, 0.0004798459051890574], [1.8164656474770098e-10, 3.357024390932744e-07], [3.265415398216378e-14, 1.1203813476096831e-10]]"
9.25,bdf2,28.0814,0.019690125000000003,3,1.9818985693408695e-14,1.1090387867322187e-10,1.3574208423960954e-10,2.4424906541753444e-14,-1.9420628546754055,-1.9448858842736172,0.0028230295982116793,1.9447217840008547e-06,1.952050259523306e-06,-7.328475522451166e-09,0.4801655680168011,5.606128441774637e-09,1.5331366886853635e-08,-0.015275097840687146,"{""D"": 5.606128441774637e-09, ""cp"": 3395.1920897209675, ""k"": 0.4801655680168011, ""rho"": 964.8483775237289}","{""D"": 5.641903392373217e-09, ""cp"": 3415.2957746478896, ""k"": 0.4829577464788736, ""rho"": 976.4000000000012}","[[4.790571088360772e-07, 0.0004729500014522191], [1.840187159065693e-10, 3.3148696075650423e-07], [1.9818985693408695e-14, 1.1090387867322187e-10]]"
9.5,bdf2,28.0836,0.01969175,3,1.0947624876148276e-14,1.098124641327786e-10,2.0759216567967087e-10,4.440892098500626e-14,-1.9933723495487221,-1.9962297181436384,0.002857368594916254,1.9438727403343454e-06,1.9510979044776354e-06,-7.225164143289943e-09,0.48012781441921637,5.605667337571612e-09,1.5323887107825212e-08,-0.01567835146882081,"{""D"": 5.605667337571612e-09, ""cp"": 3394.920263818358, ""k"": 0.48012781441921637, ""rho"": 964.6962087164217}","{""D"": 5.641914104224801e-09, ""cp"": 3415.2957746478896, ""k"": 0.4829577464788736, ""rho"": 976.4000000000012}","[[4.854348469346128e-07, 0.00046633178108797306], [1.8634745060734803e-10, 3.27429732477672e-07], [1.0947624876148276e-14, 1.098124641327786e-10]]"
9.75,bdf2,28.0858,0.019693375000000003,3,1.340139627330742e-14,1.0875187460807786e-10,2.637534635141492e-10,7.460698725481052e-14,-2.044635020868494,-2.0475261812762824,0.0028911604077883624,1.9430326819783774e-06,1.9501585354883137e-06,-7.125853509936257e-09,0.48009055088948593,5.605213022619723e-09,1.531650932104504e-08,-0.016081232844460967,"{""D"": 5.605213022619723e-09, ""cp"": 3394.651966404299, ""k"": 0.48009055088948593, ""rho"": 964.5461176781303}","{""D"": 5.641924754713794e-09, ""cp"": 3415.2957746478896, ""k"": 0.4829577464788736, ""rho"": 976.4000000000012}","[[4.917241959897531e-07, 0.00045997309205192004], [1.8864730279402698e-10, 3.235209764572926e-07], [1.340139627330742e-14, 1.0875187460807786e-10]]"
10.0,bdf2,28.088,0.019695,3,3.284284211294383e-14,1.0772454823595806e-10,1.4938450476620346e-10,6.661338147750939e-14,-2.0958514951921177,-2.0987759135593365,0.002924418367218795,1.942201363518344e-06,1.949231655618802e-06,-7.03029210045798e-09,0.48005375869138733,5.604765248229396e-09,1.530922962358209e-08,-0.01648374743065888,"{""D"": 5.604765248229396e-09, ""cp"": 3394.387062577989, ""k"": 0.48005375869138733, ""rho"": 964.3980248990083}","{""D"": 5.6419353166322176e-09, ""cp"": 3415.2957746478896, ""k"": 0.4829577464788736, ""rho"": 976.4000000000012}","[[4.979285898312882e-07, 0.00045385740171328373], [1.9089203595874412e-10, 3.197517473454587e-07], [3.284284211294383e-14, 1.0772454823595806e-10]]"
10.25,bdf2,28.0902,0.019696625000000002,3,2.397148761563143e-14,1.0672491213221714e-10,9.140421752817929e-11,2.0872192862952943e-14,-2.147022334739209,-2.1499795306525016,0.0029571959132925763,1.9413785488547416e-06,1.948316798842018e-06,-6.938249987276228e-09,0.4800174202539078,5.6043237810291825e-09,1.530204435524691e-08,-0.016885899598082725,"{""D"": 5.6043237810291825e-09, ""cp"": 3394.1254258281365, ""k"": 0.4800174202539078, ""rho"": 964.2518558147228}","{""D"": 5.641945763565566e-09, ""cp"": 3415.2957746478896, ""k"": 0.4829577464788736, ""rho"": 976.4000000000012}","[[5.040512522050599e-07, 0.00044796961568201247], [1.9311373797591846e-10, 3.1611383767696163e-07], [2.397148761563143e-14, 1.0672491213221714e-10]]"
10.5,bdf2,28.0924,0.01969825,3,1.547764552301682e-14,1.0576149977578948e-10,2.5420376914553344e-10,6.217248937900877e-15,-2.198148133646634,-2.2011376254837955,0.002989491837161573,1.9405640109129116e-06,1.947413527413283e-06,-6.8495165003712964e-09,0.479981519072217,5.6038884016693225e-09,1.5294950078060703e-08,-0.017287694459031114,"{""D"": 5.6038884016693225e-09, ""cp"": 3393.866937319962, ""k"": 0.479981519072217, ""rho"": 964.1075403861253}","{""D"": 5.641956069963727e-09, ""cp"": 3415.2957746478896, ""k"": 0.4829577464788736, ""rho"": 976.4000000000012}","[[5.100951748780135e-07, 0.0004422959207899806], [1.9531184259962825e-10, 3.1259970159243926e-07], [1.547764552301682e-14, 1.0576149977578948e-10]]"
10.75,bdf2,28.0946,0.019699875000000002,3,1.3590120760258165e-14,1.0482159802458917e-10,1.5052137314341962e-10,1.3766765505351941e-14,-2.2492294482852637,-2.2522507693054195,0.0030213210201557317,1.9397575313160422e-06,1.946521429523633e-06,-6.763898207590617e-09,0.47994603961920634,5.603458903666224e-09,1.528794355763617e-08,-0.01768913621153469,"{""D"": 5.603458903666224e-09, ""cp"": 3393.611485258286, ""k"": 0.47994603961920634, ""rho"": 963.9650127237812}","{""D"": 5.641966211201116e-09, ""cp"": 3415.2957746478896, ""k"": 0.4829577464788736, ""rho"": 976.4000000000012}","[[5.160632290019798e-07, 0.0004368236485516683], [1.9748748235117538e-10, 3.092024027667389e-07], [1.3590120760258165e-14, 1.0482159802458917e-10]]"
11.0,bdf2,28.096799999999998,0.0197015,3,2.6425221013473094e-14,1.039151335786011e-10,3.3514879760332406e-10,8.038014698286133e-14,-2.3002667974324793,-2.303319513545432,0.003052716112952769,1.9389589000534626e-06,1.9456401171977066e-06,-6.681217144244018e-09,0.4799109672662495,5.603035092358845e-09,1.528102174678299e-08,-0.01809022918371958,"{""D"": 5.603035092358845e-09, ""cp"": 3393.358964316996, ""k"": 0.4799109672662495, ""rho"": 963.824210751633}","{""D"": 5.641976163624198e-09, ""cp"": 3415.2957746478896, ""k"": 0.4829577464788736, ""rho"": 976.4000000000012}","[[5.219580584691517e-07, 0.00043154115599099336], [1.9962178208314107e-10, 3.059155297707389e-07], [2.6425221013473094e-14, 1.039151335786011e-10]]"
11.25,bdf2,28.099,0.019703125000000002,3,2.151766860712412e-14,1.0302921914310806e-10,2.2214408090803772e-10,2.7533531010703882e-14,-2.3512607235360967,-2.3543443906703487,0.0030836671342520106,1.93816791514717e-06,1.9447692244058158e-06,-6.601309258645802e-09,0.479876288212035,5.602616783979041e-09,1.5274181770758504e-08,-0.01849097768939954,"{""D"": 5.602616783979041e-09, ""cp"": 3393.1092751266524, ""k"": 0.479876288212035, ""rho"": 963.6850759049305}","{""D"": 5.641985904588947e-09, ""cp"": 3415.2957746478896, ""k"": 0.4829577464788736, ""rho"": 976.4000000000012}","[[5.277822016571492e-07, 0.00042643772129985215], [2.0172795444031396e-10, 3.0273316542048495e-07], [2.151766860712412e-14, 1.0302921914310806e-10]]"
11.5,bdf2,28.1012,0.01970475,3,4.53003307836705e-14,1.0216646700757977e-10,3.199147613486275e-10,9.325873406851315e-15,-2.4022117230114777,-2.4053259150406348,0.0031141920291570813,1.9373843823248115e-06,1.943908405364025e-06,-6.524023039213672e-09,0.4798419894184861,5.602203804813572e-09,1.5267420913849892e-08,-0.018891385469617678,"{""D"": 5.602203804813572e-09, ""cp"": 3392.8623238131004, ""k"": 0.4798419894184861, ""rho"": 963.547552858244}","{""D"": 5.641997755436056e-09, ""cp"": 3415.2957746478896, ""k"": 0.4829577464788736, ""rho"": 976.4000000000012}","[[5.335380212136058e-07, 0.00042150345219169055], [2.0380128065990792e-10, 2.9964982234071715e-07], [4.53003307836705e-14, 1.0216646700757977e-10]]"
11.75,bdf2,28.1034,0.019706375,3,1.623260977439448e-14,1.0133384327726875e-10,8.219558367272839e-11,4.618527782440651e-14,-2.4531202463821216,-2.456264584449741,0.00314433806761949,1.9366081146834593e-06,1.9430573329999443e-06,-6.44921831648505e-09,0.4798080585529275,5.601795990440714e-09,1.526073660712295e-08,-0.019291456988275998,"{""D"": 5.601795990440714e-09, ""cp"": 3392.618021581078, ""k"": 0.4798080585529275, ""rho"": 963.4115892799912}","{""D"": 5.642010635527009e-09, ""cp"": 3415.295774647889, ""k"": 0.4829577464788736, ""rho"": 976.4000000000012}","[[5.392277661555792e-07, 0.00041672920513822104], [2.0587498099694898e-10, 2.966604130106168e-07], [1.623260977439448e-14, 1.0133384327726875e-10]]"
12.0,bdf2,28.1056,0.019708,3,1.0570065719662005e-14,1.0052072464166487e-10,8.071765478234738e-12,5.950795411990839e-14,-2.503986811866193,-2.5071608802491596,0.0031740683829664107,1.935838932376299e-06,1.9422156975648485e-06,-6.3767651885494804e-09,0.4797744839357675,5.601393185051565e-09,1.5254126417894037e-08,-0.019691195540374965,"{""D"": 5.601393185051565e-09, ""cp"": 3392.3762843375252, ""k"": 0.4797744839357675, ""rho"": 963.2771356103758}","{""D"": 5.642023541262121e-09, ""cp"": 3415.295774647889, ""k"": 0.48295774647887346, ""rho"": 976.4000000000011}","[[5.448535684722057e-07, 0.0004121065140540945], [2.0792451777616777e-10, 2.93760208141328e-07], [1.0570065719662005e-14, 1.0052072464166487e-10]]"
12.25,bdf2,28.1078,0.019709625,3,1.5666338779607596e-14,9.972449881129843e-11,6.633626981056295e-11,4.1300296516055823e-14,-2.554811839650854,-2.5580152688419844,0.003203429191130258,1.9350766622952432e-06,1.941383205375417e-06,-6.306543080173748e-09,0.47974125449306626,5.600995240821775e-09,1.5247588039499826e-08,-0.020090604922077156,"{""D"": 5.600995240821775e-09, ""cp"": 3392.137032350077, ""k"": 0.47974125449306626, ""rho"": 963.1441448600667}","{""D"": 5.642036456093675e-09, ""cp"": 3415.295774647889, ""k"": 0.48295774647887346, ""rho"": 976.400000000001}","[[5.504174308559919e-07, 0.0004076275270599899], [2.099459272430121e-10, 2.9094482413696794e-07], [1.5666338779607596e-14, 9.972449881129843e-11]]"
12.5,bdf2,28.11,0.01971125,3,1.1891310773774238e-14,9.895369926510377e-11,1.9201706891180947e-10,3.5083047578154947e-14,-2.6055957741911686,-2.608828202225766,0.0032324280345972234,1.9343211377782223e-06,1.94055957767063e-06,-6.238439892407904e-09,0.4797083597134453,5.600602017348282e-09,1.5241119282591687e-08,-0.020489688727486424,"{""D"": 5.600602017348282e-09, ""cp"": 3391.900189936807, ""k"": 0.4797083597134453, ""rho"": 963.0125724273008}","{""D"": 5.64204936385159e-09, ""cp"": 3415.295774647889, ""k"": 0.48295774647887346, ""rho"": 976.400000000001}","[[5.559213014484078e-07, 0.0004032849503697657], [2.1192354309284308e-10, 2.8821014907975855e-07], [1.1891310773774238e-14, 9.895369926510377e-11]]"
12.75,bdf2,28.1122,0.019712875,3,4.05814346127929e-14,9.820031498204049e-11,1.5074874681886286e-10,5.81756864903582e-14,-2.656339049391153,-2.6596001186291574,0.0032610692380043993,1.9335721983158486e-06,1.939744549571163e-06,-6.17235125531459e-09,0.4796757896088598,5.600213381135434e-09,1.523471806695715e-08,-0.02088845027671282,"{""D"": 5.600213381135434e-09, ""cp"": 3391.6656851837906, ""k"": 0.4796757896088598, ""rho"": 962.8823759313862}","{""D"": 5.64206224877214e-09, ""cp"": 3415.295774647889, ""k"": 0.48295774647887346, ""rho"": 976.400000000001}","[[5.61366931333062e-07, 0.00039907199828200944], [2.1389398304509618e-10, 2.8555236206096896e-07], [4.05814346127929e-14, 9.820031498204049e-11]]"
13.0,bdf2,28.1144,0.019714500000000003,3,1.71763183999416e-14,9.746904808315407e-11,2.1088908397359774e-11,2.6201263381153694e-14,-2.7070420712428356,-2.710331443674363,0.003289372431527493,1.9328296892739135e-06,1.938937869130277e-06,-6.108179856363391e-09,0.4796435346788206,5.5998292051206134e-09,1.52283824135798e-08,-0.021286893324864855,"{""D"": 5.5998292051206134e-09, ""cp"": 3391.433449687508, ""k"": 0.4796435346788206, ""rho"": 962.7535150608444}","{""D"": 5.6420750955232945e-09, ""cp"": 3415.2957746478887, ""k"": 0.48295774647887346, ""rho"": 976.400000000001}","[[5.667561068881629e-07, 0.0003949823485469822], [2.1582968948210068e-10, 2.829678936482678e-07], [1.71763183999416e-14, 9.746904808315407e-11]]"
13.25,bdf2,28.1166,0.019716125,3,1.9630066936906944e-14,9.675345492108587e-11,2.944489096989855e-10,7.327471962526033e-14,-2.7577052528128494,-2.7610225901213425,0.0033173373084931512,1.9320934616276883e-06,1.9381392964665834e-06,-6.045834838895138e-09,0.47961158587770214,5.599449368253389e-09,1.5222110438517914e-08,-0.021685020750764068,"{""D"": 5.599449368253389e-09, ""cp"": 3391.2034183194555, ""k"": 0.47961158587770214, ""rho"": 962.6259514346534}","{""D"": 5.6420878892257765e-09, ""cp"": 3415.2957746478887, ""k"": 0.48295774647887346, ""rho"": 976.400000000001}","[[5.720904398957327e-07, 0.00039101010245518904], [2.1777369759032124e-10, 2.804533945382495e-07], [1.9630066936906944e-14, 9.675345492108587e-11]]"
13.5,bdf2,28.1188,0.019717750000000003,3,3.491884890162816e-14,9.605109735899752e-11,9.697487257653847e-11,6.128431095930864e-14,-2.808328988142942,-2.81167395896631,0.00334497082336771,1.9313633717093897e-06,1.9373486029701614e-06,-5.98523126077172e-09,0.47957993458481596,5.599073755097514e-09,1.52159003462925e-08,-0.0220828355390963,"{""D"": 5.599073755097514e-09, ""cp"": 3390.975529010675, ""k"": 0.47957993458481596, ""rho"": 962.4996484752259}","{""D"": 5.642100615470808e-09, ""cp"": 3415.2957746478887, ""k"": 0.48295774647887346, ""rho"": 976.400000000001}","[[5.773715147672566e-07, 0.0003871497490157508], [2.196452221072869e-10, 2.7800573956194515e-07], [3.491884890162816e-14, 9.605109735899752e-11]]"
13.75,bdf2,28.121,0.019719375,3,1.8308791185750688e-14,9.53705088758234e-11,1.9099388737231493e-10,1.2878587085651816e-14,-2.8589136523257777,-2.862285940467757,0.0033722881419793183,1.930639280969033e-06,1.936565570574629e-06,-5.926289605595721e-09,0.47954857257696937,5.598702255465886e-09,1.5209750424320217e-08,-0.022480341227349744,"{""D"": 5.598702255465886e-09, ""cp"": 3390.7497225541797, ""k"": 0.47954857257696937, ""rho"": 962.3745712919406}","{""D"": 5.642113260334527e-09, ""cp"": 3415.2957746478887, ""k"": 0.48295774647887346, ""rho"": 976.400000000001}","[[5.826007760485016e-07, 0.00038339613280556373], [2.2154203586032523e-10, 2.756219747424225e-07], [1.8308791185750688e-14, 9.53705088758234e-11]]"
14.0,bdf2,28.1232,0.019721000000000002,3,3.0011299863914725e-14,9.47043750610483e-11,2.7284841053187847e-11,3.907985046680551e-14,-2.9094596190215327,-2.912858913587968,0.0033992945664351737,1.9299210557365843e-06,1.935789991088575e-06,-5.868935351990775e-09,0.47951749200326277,5.5983347640995424e-09,1.5203659037224122e-08,-0.022877540366371577,"{""D"": 5.5983347640995424e-09, ""cp"": 3390.5259424234923, ""k"": 0.47951749200326277, ""rho"": 962.250686574172}","{""D"": 5.642125810389018e-09, ""cp"": 3415.2957746478887, ""k"": 0.48295774647887346, ""rho"": 976.400000000001}","[[5.877797067888011e-07, 0.0003797444249795046], [2.2339807617695242e-10, 2.7329935299607514e-07], [3.0011299863914725e-14, 9.47043750610483e-11]]"
14.25,bdf2,28.1254,0.019722625,3,1.6232517342341426e-14,9.405495989887932e-11,1.9701928977156058e-10,7.593925488436071e-14,-2.959967243075056,-2.963393247610213,0.00342600453515729,1.929208567010179e-06,1.9350216655805405e-06,-5.813098570361373e-09,0.4794866853619051,5.5979711803519944e-09,1.5197624622788688e-08,-0.023274436171780592,"{""D"": 5.5979711803519944e-09, ""cp"": 3390.304134605717, ""k"": 0.4794866853619051, ""rho"": 962.1279624928866}","{""D"": 5.642138252710682e-09, ""cp"": 3415.2957746478887, ""k"": 0.48295774647887346, ""rho"": 976.400000000001}","[[5.929096216706585e-07, 0.0003761900971572882], [2.2523750313709025e-10, 2.710352731792018e-07], [1.6232517342341426e-14, 9.405495989887932e-11]]"
14.5,bdf2,28.1276,0.019724250000000002,3,3.20875150860021e-14,9.34163421998518e-11,6.662048690486699e-11,5.284661597215745e-14,-3.010436869300657,-3.0138893014751034,0.0034524321744462405,1.928501690241284e-06,1.9342604038124036e-06,-5.758713571119651e-09,0.47945614547885373,5.597611407919038e-09,1.5191645686835082e-08,-0.023671031209933347,"{""D"": 5.597611407919038e-09, ""cp"": 3390.0842474477467, ""k"": 0.47945614547885373, ""rho"": 962.0063686099845}","{""D"": 5.642150574885771e-09, ""cp"": 3415.2957746478887, ""k"": 0.48295774647887346, ""rho"": 976.400000000001}","[[5.979918450014721e-07, 0.00037273486113754777], [2.2705484300024424e-10, 2.688272973291167e-07], [3.20875150860021e-14, 9.34163421998518e-11]]"
14.75,bdf2,28.1298,0.019725875,3,3.246499567875316e-14,9.279392069553647e-11,1.2221335055073723e-11,3.419486915845482e-14,-3.060868849981042,-3.064347425157621,0.00347857517657868,1.927800305140711e-06,1.9335060237165887e-06,-5.70571857587779e-09,0.47942586548810684,5.597255354570433e-09,1.5185720799393575e-08,-0.024067328390028335,"{""D"": 5.597255354570433e-09, ""cp"": 3389.8662315143692, ""k"": 0.47942586548810684, ""rho"": 961.8858757946541}","{""D"": 5.64216276501415e-09, ""cp"": 3415.2957746478887, ""k"": 0.48295774647887346, ""rho"": 976.400000000001}","[[6.030276031259082e-07, 0.0003693756983638979], [2.2885953328770446e-10, 2.6667311879421814e-07], [3.246499567875316e-14, 9.279392069553647e-11]]"
15.0,bdf2,28.131999999999998,0.019727500000000002,3,2.000748516737023e-14,9.218734708067068e-11,7.139533408917487e-11,6.572520305780927e-14,-3.1112635274745246,-3.114767959509379,0.00350443203485451,1.927104295490301e-06,1.932758350913016e-06,-5.654055422714856e-09,0.4793958388134937,5.596902931915636e-09,1.5179848590955927e-08,-0.02446333028403466,"{""D"": 5.596902931915636e-09, ""cp"": 3389.650039457154, ""k"": 0.4793958388134937, ""rho"": 961.7664561460826}","{""D"": 5.642174811709802e-09, ""cp"": 3415.2957746478887, ""k"": 0.48295774647887346, ""rho"": 976.400000000001}","[[6.080180899223506e-07, 0.00036610125974299607], [2.306674289937764e-10, 2.645705693742462e-07], [2.000748516737023e-14, 9.218734708067068e-11]]"
15.25,bdf2,28.1342,0.019729125,3,2.90674606266196e-14,9.158948109737058e-11,2.8398972062859684e-10,1.9539925233402755e-14,-3.1616212168258837,-3.1651512368270573,0.0035300200011736393,1.926413548958583e-06,1.932017218262206e-06,-5.603669303623267e-09,0.47936605915182706,5.596554055180246e-09,1.5174027748766775e-08,-0.024859039597162597,"{""D"": 5.596554055180246e-09, ""cp"": 3389.435625893155, ""k"": 0.47936605915182706, ""rho"": 961.648082921953}","{""D"": 5.642189303510764e-09, ""cp"": 3415.2957746478887, ""k"": 0.48295774647887346, ""rho"": 976.400000000001}","[[6.129644386791808e-07, 0.0003629080436474446], [2.324466313890095e-10, 2.625175968545935e-07], [2.90674606266196e-14, 9.158948109737058e-11]]"
15.5,bdf2,28.1364,0.019730750000000002,3,3.756117590475901e-14,9.100554732457558e-11,1.4654233382316306e-10,1.1457501614131615e-13,-3.2119422406972298,-3.2154975812247244,0.0035553405274946215,1.9257279569403106e-06,1.9312824654511855e-06,-5.55450851087494e-09,0.4793365204572936,5.5962086430002625e-09,1.5168257013672184e-08,-0.025254458905895488,"{""D"": 5.5962086430002625e-09, ""cp"": 3389.2229472925133, ""k"": 0.4793365204572936, ""rho"": 961.5307304721897}","{""D"": 5.6422046440658485e-09, ""cp"": 3415.2957746478887, ""k"": 0.48295774647887346, ""rho"": 976.400000000001}","[[6.178677828722476e-07, 0.0003597927477692739], [2.341726030582554e-10, 2.6051227266902085e-07], [3.756117590475901e-14, 9.100554732457558e-11]]"
15.75,bdf2,28.1386,0.019732375,3,4.473363388841001e-14,9.043397838860384e-11,1.91562321560923e-10,2.9753977059954195e-14,-3.2622268945324797,-3.265807308817159,0.0035804142846793674,1.9250474143821123e-06,1.930553938609449e-06,-5.5065242273365936e-09,0.47930721692697575,5.595866617233046e-09,1.5162535177178026e-08,-0.025649590541509257,"{""D"": 5.595866617233046e-09, ""cp"": 3389.0119618742256, ""k"": 0.47930721692697575, ""rho"": 961.4143741775118}","{""D"": 5.642220018638499e-09, ""cp"": 3415.2957746478887, ""k"": 0.48295774647887346, ""rho"": 976.400000000001}","[[6.227290968603066e-07, 0.00035675225477202965], [2.3593481135249893e-10, 2.585527520187048e-07], [4.473363388841001e-14, 9.043397838860384e-11]]"
16.0,bdf2,28.1408,0.019734,3,2.0951182465731116e-14,8.987773488418773e-11,3.0183855415089056e-10,9.325873406851315e-14,-3.312475490197227,-3.3160807283266536,0.003605238129426702,1.924371819644833e-06,1.9298314899521823e-06,-5.459670307349099e-09,0.4792781429874028,5.5955279027772045e-09,1.5156861078692104e-08,-0.026044437184835886,"{""D"": 5.5955279027772045e-09, ""cp"": 3388.8026295093, ""k"": 0.4792781429874028, ""rho"": 961.2989903923492}","{""D"": 5.6422354177859084e-09, ""cp"": 3415.2957746478887, ""k"": 0.48295774647887346, ""rho"": 976.400000000001}","[[6.275494620219139e-07, 0.00035378361916210254], [2.3766285266498704e-10, 2.5663731061844267e-07], [2.0951182465731116e-14, 8.987773488418773e-11]]"
16.25,bdf2,28.143,0.019735625,3,2.9444886461033546e-14,8.932671595871103e-11,1.2778400559909642e-10,3.863576125695545e-14,-3.3626883385758704,-3.366318140993485,0.0036298024176146804,1.9237010743416713e-06,1.9291149774485885e-06,-5.41390310691728e-09,0.47924929328204624,5.5951924274116735e-09,1.5151233602684015e-08,-0.026439000826927326,"{""D"": 5.5951924274116735e-09, ""cp"": 3388.594911630733, ""k"": 0.47924929328204624, ""rho"": 961.1845563917741}","{""D"": 5.642250832297154e-09, ""cp"": 3415.2957746478887, ""k"": 0.48295774647887346, ""rho"": 976.400000000001}","[[6.323297870288023e-07, 0.0003508840553024991], [2.3937881070950577e-10, 2.547643056864633e-07], [2.9444886461033546e-14, 8.932671595871103e-11]]"
16.5,bdf2,28.1452,0.01973725,3,1.4156186392043368e-14,8.87918932279465e-11,2.7750957087846473e-10,3.9968028886505635e-14,-3.412865688586618,-3.416519841231036,0.0036541526444180406,1.92303508321444e-06,1.9284042645130286e-06,-5.369181298588744e-09,0.47922066265967733,5.594860121638628e-09,1.5145651676338127e-08,-0.0268332841257878,"{""D"": 5.594860121638628e-09, ""cp"": 3388.388771149677, ""k"": 0.47922066265967733, ""rho"": 961.0710503220846}","{""D"": 5.6422662531998405e-09, ""cp"": 3415.2957746478887, ""k"": 0.48295774647887346, ""rho"": 976.400000000001}","[[6.370710407626409e-07, 0.00034805092642206935], [2.4108381798868994e-10, 2.5293216688849007e-07], [1.4156186392043368e-14, 8.87918932279465e-11]]"
16.75,bdf2,28.1474,0.019738875,3,2.9067350729920456e-14,8.826212092349006e-11,5.4285465012071654e-11,1.021405182655144e-13,-3.4630078579853016,-3.466686116453843,0.0036782584685415287,1.922373753991596e-06,1.9276992197172218e-06,-5.3254657256257254e-09,0.47919224616351697,5.59453091854476e-09,1.5140114267507932e-08,-0.02722728916306754,"{""D"": 5.59453091854476e-09, ""cp"": 3388.1841723773223, ""k"": 0.47919224616351697, ""rho"": 960.9584511547555}","{""D"": 5.642281671765563e-09, ""cp"": 3415.295774647889, ""k"": 0.48295774647887346, ""rho"": 976.400000000001}","[[6.417740992394482e-07, 0.00034528173453381075], [2.4275597962093774e-10, 2.511394301233516e-07], [2.9067350729920456e-14, 8.826212092349006e-11]]"
17.0,bdf2,28.1496,0.0197405,3,3.9637270817074485e-14,8.774575837164478e-11,1.0459189070388675e-11,3.064215547965432e-14,-3.5131151200656103,-3.5168172477526127,0.003702127687002399,1.9217169972731316e-06,1.9269997165216755e-06,-5.282719248543893e-09,0.47916403902111127,5.59420475366361e-09,1.5134620382192483e-08,-0.027621018117554144,"{""D"": 5.59420475366361e-09, ""cp"": 3387.9810809520013, ""k"": 0.47916403902111127, ""rho"": 960.8467386434681}","{""D"": 5.642297079514344e-09, ""cp"": 3415.295774647889, ""k"": 0.48295774647887346, ""rho"": 976.4000000000011}","[[6.464398469678956e-07, 0.00034257411118422914], [2.4440680933844674e-10, 2.4938468440642893e-07], [3.9637270817074485e-14, 8.774575837164478e-11]]"
17.25,bdf2,28.151799999999998,0.019742125000000003,3,2.5103588500455292e-14,8.724054158820359e-11,3.1309355108533055e-10,5.3734794391857577e-14,-3.5631877385656,-3.5669135101429106,0.003725771577310688,1.921064726400926e-06,1.9263056330248855e-06,-5.240906623959532e-09,0.4791360366348767,5.5938815648508556e-09,1.51291690632028e-08,-0.02801447326945675,"{""D"": 5.5938815648508556e-09, ""cp"": 3387.779463771112, ""k"": 0.4791360366348767, ""rho"": 960.7358932839817}","{""D"": 5.642312468218079e-09, ""cp"": 3415.295774647889, ""k"": 0.48295774647887346, ""rho"": 976.4000000000011}","[[6.510690799324496e-07, 0.00033992580893710045], [2.46060655761826e-10, 2.476665892849189e-07], [2.5103588500455292e-14, 8.724054158820359e-11]]"
17.5,bdf2,28.154,0.01974375,3,2.5481069358583262e-14,8.674420658895941e-11,2.964952727779746e-10,5.0182080713057076e-14,-3.613225950268787,-3.6169751724401067,0.003749222171319566,1.9204168573562798e-06,1.9256168517288067e-06,-5.1999943725269414e-09,0.47910823457325846,5.593561292171052e-09,1.512375938750942e-08,-0.028407656624055765,"{""D"": 5.593561292171052e-09, ""cp"": 3387.5792889274608, ""k"": 0.47910823457325846, ""rho"": 960.6258962766091}","{""D"": 5.642327829903348e-09, ""cp"": 3415.295774647889, ""k"": 0.48295774647887346, ""rho"": 976.4000000000011}","[[6.556626124252833e-07, 0.00033733469353155196], [2.4772280383358185e-10, 2.459838840679234e-07], [2.5481069358583262e-14, 8.674420658895941e-11]]"
17.75,bdf2,28.1562,0.019745375000000003,3,2.6424795215349457e-14,8.625466354233645e-11,5.871925168321468e-11,2.1316282072803006e-14,-3.663230060901429,-3.6670024974810644,0.003772436579635219,1.919773308647749e-06,1.924933259319394e-06,-5.1599506716451986e-09,0.4790806285624575,5.593243877788312e-09,1.5118390465329172e-08,-0.0288005703397436,"{""D"": 5.593243877788312e-09, ""cp"": 3387.3805256496944, ""k"": 0.4790806285624575, ""rho"": 960.516729491103}","{""D"": 5.642343156852873e-09, ""cp"": 3415.295774647889, ""k"": 0.48295774647887346, ""rho"": 976.4000000000011}","[[6.602212017355191e-07, 0.000334798736662217], [2.493373839561657e-10, 2.4433535508575485e-07], [2.6424795215349457e-14, 8.625466354233645e-11]]"
18.0,bdf2,28.1584,0.019747,3,2.0384828467419532e-14,8.577713702727416e-11,2.2259882825892419e-10,4.75175454539567e-14,-3.713200288282334,-3.7169957429497913,0.003795454667457232,1.919134001210717e-06,1.924254746460978e-06,-5.120745250260898e-09,0.47905321447867844,5.592929265858125e-09,1.5113061437770987e-08,-0.029193216464907742,"{""D"": 5.592929265858125e-09, ""cp"": 3387.1831442464845, ""k"": 0.47905321447867844, ""rho"": 960.4083754337565}","{""D"": 5.642358441606772e-09, ""cp"": 3415.295774647889, ""k"": 0.48295774647887346, ""rho"": 976.4000000000011}","[[6.647456211949589e-07, 0.0003323160093023968], [2.5092968849747015e-10, 2.4271984979629914e-07], [2.0384828467419532e-14, 8.577713702727416e-11]]"
18.25,bdf2,28.1606,0.019748625000000002,3,3.00109773738871e-14,8.530622831220179e-11,1.177795638795942e-10,2.7533531010703882e-14,-3.7631369105064887,-3.766955160718055,0.003818250211566454,1.918498858307625e-06,1.9235812076034854e-06,-5.082349295860549e-09,0.47902598834086196,5.592617402439499e-09,1.510777147592816e-08,-0.02958559677339673,"{""D"": 5.592617402439499e-09, ""cp"": 3386.987116054206, ""k"": 0.47902598834086196, ""rho"": 960.3008172165577}","{""D"": 5.642373676962801e-09, ""cp"": 3415.295774647889, ""k"": 0.48295774647887346, ""rho"": 976.400000000001}","[[6.692365627839876e-07, 0.0003298846755449787], [2.525214235415914e-10, 2.411362713862843e-07], [3.00109773738871e-14, 8.530622831220179e-11]]"
18.5,bdf2,28.1628,0.01975025,3,3.680589084191528e-14,8.484054417606881e-11,9.094947017729282e-12,3.774758283725532e-14,-3.81304013525264,-3.8168809976795615,0.0038408624269212766,1.9178678054429943e-06,1.9229125408015117e-06,-5.04473535851741e-09,0.4789989463038642,5.592308235398785e-09,1.5102519779180802e-08,-0.029977713249660334,"{""D"": 5.592308235398785e-09, ""cp"": 3386.792413387822, ""k"": 0.4789989463038642, ""rho"": 960.1940385282419}","{""D"": 5.642388855975907e-09, ""cp"": 3415.295774647889, ""k"": 0.48295774647887346, ""rho"": 976.4000000000011}","[[6.736947126309417e-07, 0.00032750298689528026], [2.541067378836435e-10, 2.3958357041195396e-07], [3.680589084191528e-14, 8.484054417606881e-11]]"
18.75,bdf2,28.165,0.019751875000000002,3,2.5858480126625862e-14,8.439053377675408e-11,3.6970959627069533e-10,6.52811138479592e-14,-3.8629102305170884,-3.8667734955694755,0.0038632650523870993,1.9172407702684967e-06,1.9222486475443258e-06,-5.007877275829124e-09,0.47897208465204755,5.592001714328306e-09,1.509730557371953e-08,-0.030369567932761035,"{""D"": 5.592001714328306e-09, ""cp"": 3386.599009494743, ""k"": 0.47897208465204755, ""rho"": 960.088023607092}","{""D"": 5.642403971957231e-09, ""cp"": 3415.295774647889, ""k"": 0.48295774647887346, ""rho"": 976.4000000000011}","[[6.781207498796572e-07, 0.0003251692769924833], [2.5570601631085433e-10, 2.3806074654059396e-07], [2.5858480126625862e-14, 8.439053377675408e-11]]"
19.0,bdf2,28.1672,0.0197535,3,2.491472296491721e-14,8.394487719322219e-11,5.809397407574579e-11,7.593925488436071e-14,-3.912747393933929,-3.916632891512961,0.0038854975790321156,1.9166176825026628e-06,1.9215894325960932e-06,-4.971750093430453e-09,0.478945399793258,5.591697790463185e-09,1.509212811162382e-08,-0.030761162868848613,"{""D"": 5.591697790463185e-09, ""cp"": 3386.4068785114578, ""k"": 0.478945399793258, ""rho"": 959.9827572153749}","{""D"": 5.6424190184726484e-09, ""cp"": 3415.295774647889, ""k"": 0.48295774647887346, ""rho"": 976.4000000000011}","[[6.82515334043321e-07, 0.00032288195671681505], [2.5724432586487535e-10, 2.3656685151112675e-07], [2.491472296491721e-14, 8.394487719322219e-11]]"
19.25,bdf2,28.1694,0.019755125000000002,3,2.7745922418370025e-14,8.350566425704893e-11,1.0470557754160836e-10,1.9539925233402755e-14,-3.962551900915631,-3.966459417574697,0.003907516659066079,1.9159984738498847e-06,1.9209348038455327e-06,-4.9363299956479626e-09,0.4789188882531563,5.59139641661228e-09,1.5086986669432823e-08,-0.031152499511104555,"{""D"": 5.59139641661228e-09, ""cp"": 3386.215995422726, ""k"": 0.4789188882531563, ""rho"": 959.8782246152853}","{""D"": 5.642433989340798e-09, ""cp"": 3415.295774647889, ""k"": 0.48295774647887346, ""rho"": 976.400000000001}","[[6.86879063102558e-07, 0.0003206395096392889], [2.5880263945226954e-10, 2.351009673650327e-07], [2.7745922418370025e-14, 8.350566425704893e-11]]"
19.5,bdf2,28.171599999999998,0.01975675,3,1.8686016462916442e-14,8.307690047875449e-11,1.6711965145077556e-11,4.75175454539567e-14,-4.012323939135897,-4.016253301348627,0.003929362212729437,1.91538307792874e-06,1.9202846721642943e-06,-4.9015942355541545e-09,0.47889254666987957,5.591097547083364e-09,1.5081880547151077e-08,-0.031543579678158934,"{""D"": 5.591097547083364e-09, ""cp"": 3386.0263360231334, ""k"": 0.47889254666987957, ""rho"": 959.7744115462871}","{""D"": 5.642448878630581e-09, ""cp"": 3415.295774647889, ""k"": 0.48295774647887346, ""rho"": 976.400000000001}","[[6.912125710880134e-07, 0.00031844048780163727], [2.603558535829994e-10, 2.3366222072686573e-07], [1.8686016462916442e-14, 8.307690047875449e-11]]"
19.75,bdf2,28.1738,0.019758375,3,3.284206669006976e-14,8.265458034781864e-11,7.787548383930698e-11,4.75175454539567e-14,-4.062063739235062,-4.066014766256387,0.003951027021325437,1.9147714301939496e-06,1.919638951273509e-06,-4.867521079559234e-09,0.4788663717890098,5.590801137615217e-09,1.5076809067146547e-08,-0.0319344052956525,"{""D"": 5.590801137615217e-09, ""cp"": 3385.8378768808707, ""k"": 0.4788663717890098, ""rho"": 959.6713042037613}","{""D"": 5.64246368065829e-09, ""cp"": 3415.295774647889, ""k"": 0.48295774647887346, ""rho"": 976.400000000001}","[[6.955164152092999e-07, 0.0003162835077943948], [2.6186603000577015e-10, 2.3224978646145865e-07], [3.284206669006976e-14, 8.265458034781864e-11]]"
20.0,bdf2,28.176,0.01976,3,2.3593422197435485e-14,8.224009708529193e-11,5.3887561080046e-11,4.884981308350689e-14,-4.111771505143098,-4.115744031258828,0.003972526115729735,1.914163467871146e-06,1.918997557617948e-06,-4.83408974680209e-09,0.47884036045882983,5.590507145318864e-09,1.5071771573203938e-08,-0.03232497800218512,"{""D"": 5.590507145318864e-09, ""cp"": 3385.650595303575, ""k"": 0.47884036045882983, ""rho"": 959.5688892188716}","{""D"": 5.642480783018849e-09, ""cp"": 3415.2957746478887, ""k"": 0.48295774647887346, ""rho"": 976.400000000001}","[[6.997911783450007e-07, 0.00031416724710596244], [2.6338922676969524e-10, 2.3086284848958123e-07], [2.3593422197435485e-14, 8.224009708529193e-11]]"
20.25,bdf2,28.1782,0.019761625,3,3.1143295366303927e-14,8.182787780697233e-11,2.872866389225237e-10,2.886579864025407e-14,-4.1614474663632555,-4.165441311161544,0.0039938447982885705,1.913559129890171e-06,1.9183604102471874e-06,-4.801280357016262e-09,0.47881450962584315,5.59021552861676e-09,1.5066767429391336e-08,-0.0327152996090102,"{""D"": 5.59021552861676e-09, ""cp"": 3385.4644693060704, ""k"": 0.47881450962584315, ""rho"": 959.46715363955}","{""D"": 5.6424989519753135e-09, ""cp"": 3415.2957746478887, ""k"": 0.48295774647887346, ""rho"": 976.4000000000008}","[[7.04037404302248e-07, 0.00031209044070381703], [2.648939230456001e-10, 2.2950065899983464e-07], [3.1143295366303927e-14, 8.182787780697233e-11]]"
20.5,bdf2,28.1804,0.01976325,3,3.8315663515274306e-14,8.142575938126888e-11,1.0891199053730816e-10,8.43769498715119e-14,-4.211091834434229,-4.2151068168308825,0.004014982396653544,1.912958356822979e-06,1.9177274307033843e-06,-4.769073880405074e-09,0.47878881633054293,5.58992624718584e-09,1.506179601970583e-08,-0.03310537149892041,"{""D"": 5.58992624718584e-09, ""cp"": 3385.2794775799093, ""k"": 0.47878881633054293, ""rho"": 959.3660849125415}","{""D"": 5.642517162844829e-09, ""cp"": 3415.2957746478887, ""k"": 0.48295774647887346, ""rho"": 976.4000000000008}","[[7.082556436823606e-07, 0.0003100518778792137], [2.663693602755317e-10, 2.2816247557955136e-07], [3.8315663515274306e-14, 8.142575938126888e-11]]"
20.75,bdf2,28.1826,0.019764875,3,1.5099758111193756e-14,8.10283430766109e-11,7.457856554538012e-11,2.7977620220553945e-14,-4.260704802950572,-4.2647407552706795,0.004035952320107228,1.9123610908239206e-06,1.917098542915203e-06,-4.737452091282249e-09,0.4787632777034134,5.5896392619050554e-09,1.5056856746531973e-08,-0.033495195576199746,"{""D"": 5.5896392619050554e-09, ""cp"": 3385.095599464576, ""k"": 0.4787632777034134, ""rho"": 959.2656708664324}","{""D"": 5.642535410266673e-09, ""cp"": 3415.2957746478887, ""k"": 0.48295774647887346, ""rho"": 976.4000000000008}","[[7.124463696997059e-07, 0.0003080503992756203], [2.678853748916216e-10, 2.2684759761269574e-07], [1.5099758111193756e-14, 8.10283430766109e-11]]"
21.0,bdf2,28.1848,0.0197665,3,2.7745785638919384e-14,8.063893779299336e-11,8.458300726488233e-11,3.68594044175552e-14,-4.3102865824163805,-4.314343329630788,0.004056747214407075,1.911767275569669e-06,1.9164736730974506e-06,-4.706397527781518e-09,0.4787378909611453,5.58935453480635e-09,1.5051949030487884e-08,-0.033884773306456825,"{""D"": 5.58935453480635e-09, ""cp"": 3384.912814920246, ""k"": 0.4787378909611453, ""rho"": 959.1658996955921}","{""D"": 5.64255368901203e-09, ""cp"": 3415.2957746478887, ""k"": 0.48295774647887346, ""rho"": 976.4000000000008}","[[7.166101155895464e-07, 0.00030608489412526274], [2.6935495450159034e-10, 2.2555534155018988e-07], [2.7745785638919384e-14, 8.063893779299336e-11]]"
21.25,bdf2,28.187,0.019768125,3,1.6043469924250146e-14,8.025893675146676e-11,2.6352608983870596e-10,6.705747068735946e-14,-4.3598373305906755,-4.363914739622032,0.004077409031356893,1.9111768562106786e-06,1.9158527496560865e-06,-4.675893445407872e-09,0.47871265340305513,5.589072029024255e-09,1.5047072309160493e-08,-0.03427410620895003,"{""D"": 5.589072029024255e-09, ""cp"": 3384.731104501997, ""k"": 0.47871265340305513, ""rho"": 959.0667599449739}","{""D"": 5.6425719939847605e-09, ""cp"": 3415.2957746478887, ""k"": 0.48295774647887346, ""rho"": 976.4000000000008}","[[7.207473481475832e-07, 0.000304154297653032], [2.7082773957751616e-10, 2.2428507190908215e-07], [1.6043469924250146e-14, 8.025893675146676e-11]]"
21.5,bdf2,28.1892,0.019769750000000003,3,2.5669533265015996e-14,7.98818963046725e-11,8.026290743146092e-11,9.50350909079134e-14,-4.409357283128844,-4.413455181121151,0.004097897992306976,1.910589779311864e-06,1.91523570309828e-06,-4.645923786416053e-09,0.4786875624076943,5.588791708755758e-09,1.5042226036786577e-08,-0.034663195926612274,"{""D"": 5.588791708755758e-09, ""cp"": 3384.550449335399, ""k"": 0.4786875624076943, ""rho"": 958.9682404957248}","{""D"": 5.642590320222001e-09, ""cp"": 3415.2957746478887, ""k"": 0.48295774647887346, ""rho"": 976.4000000000008}","[[7.248585668220758e-07, 0.00030225758866795314], [2.722680569998979e-10, 2.2303616435218923e-07], [2.5669533265015996e-14, 7.98818963046725e-11]]"
21.75,bdf2,28.191399999999998,0.019771375,3,3.4918089640230677e-14,7.950642323156008e-11,9.708855941426009e-11,1.9095836023552692e-14,-4.458846614261105,-4.462964846695172,0.0041182324340667265,1.910005992807055e-06,1.9146224659470975e-06,-4.616473140042354e-09,0.4786626154296323,5.588513539213706e-09,1.503740968351108e-08,-0.035052043894064175,"{""D"": 5.588513539213706e-09, ""cp"": 3384.3708310933525, ""k"": 0.4786626154296323, ""rho"": 958.8703305515356}","{""D"": 5.642608662894555e-09, ""cp"": 3415.2957746478887, ""k"": 0.48295774647887346, ""rho"": 976.4000000000008}","[[7.289442031118735e-07, 0.0003003937872915386], [2.7370554001817297e-10, 2.2180801927200161e-07], [3.4918089640230677e-14, 7.950642323156008e-11]]"
22.0,bdf2,28.1936,0.019773000000000002,3,2.6801973475896107e-14,7.914261838474566e-11,1.6325429896824062e-10,3.241851231905457e-14,-4.508305497767956,-4.512443925685261,0.004138427917305343,1.9094254459524832e-06,1.9140129726606237e-06,-4.587526708140497e-09,0.4786378099964075,5.588237486586539e-09,1.5032622734437375e-08,-0.0354406517650178,"{""D"": 5.588237486586539e-09, ""cp"": 3384.1922319741343, ""k"": 0.4786378099964075, ""rho"": 958.7730196256998}","{""D"": 5.6426270173069096e-09, ""cp"": 3415.2957746478883, ""k"": 0.48295774647887335, ""rho"": 976.4000000000007}","[[7.330047072011648e-07, 0.00029856195283016495], [2.75136036209403e-10, 2.2060006353220954e-07], [2.6801973475896107e-14, 7.914261838474566e-11]]"
22.25,bdf2,28.1958,0.019774625,3,2.2083299891395192e-14,7.8780903369507e-11,3.387867764104158e-11,1.2434497875801753e-14,-4.557734159229766,-4.561892604000661,0.004158444770895109,1.908848089278678e-06,1.9134071595552165e-06,-4.559070276538361e-09,0.47861314370563424,5.5879635180026746e-09,1.5027864689453962e-08,-0.035829020723252024,"{""D"": 5.5879635180026746e-09, ""cp"": 3384.014634680567, ""k"": 0.47861314370563424, ""rho"": 958.6762975288348}","{""D"": 5.642645378897209e-09, ""cp"": 3415.2957746478883, ""k"": 0.48295774647887335, ""rho"": 976.4000000000007}","[[7.370405066240051e-07, 0.0002967611817946098], [2.7656652918601654e-10, 2.1941174367575068e-07], [2.2083299891395192e-14, 7.8780903369507e-11]]"
22.5,bdf2,28.198,0.019776250000000002,3,3.284180626108074e-14,7.842441293320776e-11,2.220303940703161e-10,7.771561172376096e-14,-4.607132745438183,-4.611311064475387,0.004178319037204226,1.9082738745445603e-06,1.91280496473262e-06,-4.5310901880595635e-09,0.47858861422225407,5.5876916014916484e-09,1.50231350623701e-08,-0.036217152482637106,"{""D"": 5.5876916014916484e-09, ""cp"": 3383.8380224002294, ""k"": 0.47858861422225407, ""rho"": 958.5801543572193}","{""D"": 5.6426637432367215e-09, ""cp"": 3415.2957746478883, ""k"": 0.48295774647887335, ""rho"": 976.4000000000007}","[[7.410520221190028e-07, 0.0002949906060167649], [2.7797267070177055e-10, 2.1824252784048904e-07], [3.284180626108074e-14, 7.842441293320776e-11]]"
22.75,bdf2,28.2002,0.019777875,3,3.4351748762005986e-14,7.807366953374187e-11,1.7064394342014566e-10,6.306066779870889e-14,-4.656501428891668,-4.660699486920805,0.004198058029136753,1.907702754702574e-06,1.9122063280106995e-06,-4.503573308125451e-09,0.47856421927592485,5.5874217059497665e-09,1.5018433380530787e-08,-0.036605048181939465,"{""D"": 5.5874217059497665e-09, ""cp"": 3383.6623787866583, ""k"": 0.47856421927592485, ""rho"": 958.4845804817119}","{""D"": 5.642682106029422e-09, ""cp"": 3415.2957746478883, ""k"": 0.48295774647887335, ""rho"": 976.4000000000007}","[[7.450396529071795e-07, 0.00029324939089975076], [2.79382017697915e-10, 2.1709190750074118e-07], [3.4351748762005986e-14, 7.807366953374187e-11]]"
23.0,bdf2,28.2024,0.019779500000000002,3,1.4533421278863815e-14,7.77319820711043e-11,2.7489477361086756e-10,4.39648317751562e-14,-4.705840390389788,-4.710058048142685,0.004217657752896287,1.9071346838518668e-06,1.911611190857598e-06,-4.476507005731375e-09,0.47853995665853777,5.587153801107757e-09,1.501375918426557e-08,-0.0369927094305181,"{""D"": 5.587153801107757e-09, ""cp"": 3383.4876879414714, ""k"": 0.47853995665853777, ""rho"": 958.3895665372156}","{""D"": 5.642700463111198e-09, ""cp"": 3415.2957746478883, ""k"": 0.48295774647887335, ""rho"": 976.4000000000007}","[[7.490038129311786e-07, 0.00029153673377408957], [2.807966463600434e-10, 2.1595938771472895e-07], [1.4533421278863815e-14, 7.77319820711043e-11]]"
23.25,bdf2,28.2046,0.019781125,3,1.566588386425322e-14,7.738924969267884e-11,8.890310709830374e-11,1.199040866595169e-14,-4.755149810336973,-4.759386922022202,0.004237111685228889,1.9065696172021939e-06,1.911019496329141e-06,-4.4498791269470525e-09,0.4785158242218578,5.586887857499493e-09,1.5009112026293046e-08,-0.037380137615528504,"{""D"": 5.586887857499493e-09, ""cp"": 3383.313934397376, ""k"": 0.4785158242218578, ""rho"": 958.2951034126626}","{""D"": 5.642718810448989e-09, ""cp"": 3415.2957746478883, ""k"": 0.48295774647887335, ""rho"": 976.4000000000007}","[[7.529448876324753e-07, 0.00028985186233329243], [2.8216767155850374e-10, 2.1484450105678983e-07], [1.566588386425322e-14, 7.738924969267884e-11]]"
23.5,bdf2,28.2068,0.01978275,3,2.887805321012707e-14,7.705679231950089e-11,1.256239556823857e-10,5.0182080713057076e-14,-4.804429860048505,-4.808686279487517,0.004256419439012227,1.9060075110394775e-06,1.9104311890092025e-06,-4.423677969724962e-09,0.4784918198752752,5.586623846433098e-09,1.5004491471446178e-08,-0.03776733375035225,"{""D"": 5.586623846433098e-09, ""cp"": 3383.1411031019816, ""k"": 0.4784918198752752, ""rho"": 958.2011822414725}","{""D"": 5.642737144139657e-09, ""cp"": 3415.2957746478883, ""k"": 0.48295774647887335, ""rho"": 976.4000000000007}","[[7.568632339514632e-07, 0.00028819403318090385], [2.835368061255681e-10, 2.1374677801142987e-07], [2.887805321012707e-14, 7.705679231950089e-11]]"
23.75,bdf2,28.209,0.019784375,3,3.152046546309224e-14,7.672746969368657e-11,7.935341272968799e-11,1.1235457009206584e-13,-4.853680684355165,-4.857956288944365,0.004275604589199844,1.905448322689623e-06,1.9098462149529426e-06,-4.397892263319557e-09,0.4784679415836651,5.5863617399592225e-09,1.499989709592194e-08,-0.03815429954809586,"{""D"": 5.5863617399592225e-09, ""cp"": 3382.9691794023893, ""k"": 0.4784679415836651, ""rho"": 958.1077943924709}","{""D"": 5.642755460408837e-09, ""cp"": 3415.2957746478887, ""k"": 0.48295774647887346, ""rho"": 976.4000000000008}","[[7.607592118479736e-07, 0.0002865625304527802], [2.849151860286193e-10, 2.126657927754654e-07], [3.152046546309224e-14, 7.672746969368657e-11]]"
24.0,bdf2,28.211199999999998,0.019786,3,3.8504012191045176e-14,7.639901783102881e-11,2.1930190996499732e-10,8.260059303211165e-14,-4.902902471244347,-4.907197116023099,0.004294644778751966,1.9048920104786219e-06,1.9092645216327557e-06,-4.372511154133773e-09,0.4784441873653499,5.5861015108469414e-09,1.4995328487267996e-08,-0.038541035967231345,"{""D"": 5.5861015108469414e-09, ""cp"": 3382.798149030519, ""k"": 0.4784441873653499, ""rho"": 958.0149314612408}","{""D"": 5.642773755609516e-09, ""cp"": 3415.2957746478887, ""k"": 0.48295774647887346, ""rho"": 976.4000000000008}","[[7.646331856224964e-07, 0.00028495666452226507], [2.8628563542737506e-10, 2.116011127537603e-07], [3.8504012191045176e-14, 7.639901783102881e-11]]"
24.25,bdf2,28.2134,0.019787625,3,2.7179281828371658e-14,7.607805453151755e-11,1.63140612130519e-10,1.7763568394002505e-14,-4.952095373533566,-4.956408923872857,0.004313550339291261,1.9043385337104566e-06,1.908686057886685e-06,-4.347524176228302e-09,0.4784205552901538,5.585843132555882e-09,1.4990785243694075e-08,-0.038927544652103824,"{""D"": 5.585843132555882e-09, ""cp"": 3382.627998089107, ""k"": 0.4784205552901538, ""rho"": 957.9225852618696}","{""D"": 5.64279202622083e-09, ""cp"": 3415.2957746478887, ""k"": 0.48295774647887346, ""rho"": 976.4000000000009}","[[7.684855048528804e-07, 0.00028337577077206487], [2.876507967605031e-10, 2.105523279910205e-07], [2.7179281828371658e-14, 7.607805453151755e-11]]"
24.5,bdf2,28.2156,0.01978925,3,2.8122985163865586e-14,7.576022597936997e-11,2.0884272089460865e-10,3.952393967665557e-14,-5.001259543696945,-5.005591872844661,0.004332329147715974,1.903787852629906e-06,1.908110773869281e-06,-4.322921239375041e-09,0.4783970434775505,5.58558657921519e-09,1.4986266973526268e-08,-0.03931382663627709,"{""D"": 5.58558657921519e-09, ""cp"": 3382.4587130383634, ""k"": 0.4783970434775505, ""rho"": 957.830747819085}","{""D"": 5.642810268846134e-09, ""cp"": 3415.2957746478887, ""k"": 0.48295774647887346, ""rho"": 976.4000000000009}","[[7.723165262887827e-07, 0.0002818192084471054], [2.889955704412283e-10, 2.095190457730624e-07], [2.8122985163865586e-14, 7.576022597936997e-11]]"
24.75,bdf2,28.2178,0.019790875,3,1.5665811787130836e-14,7.545040844826281e-11,1.3426415534922853e-10,8.79296635503124e-14,-5.050395133873498,-5.054746121143694,0.004350987270195894,1.9032399283929386e-06,1.9075386210046665e-06,-4.298692611727855e-09,0.4783736500948932,5.585331825594421e-09,1.498177329548597e-08,-0.039699883319991185,"{""D"": 5.585331825594421e-09, ""cp"": 3382.290280683231, ""k"": 0.4783736500948932, ""rho"": 957.7394113607467}","{""D"": 5.6428284802117226e-09, ""cp"": 3415.2957746478887, ""k"": 0.48295774647887346, ""rho"": 976.4000000000009}","[[7.761265368437961e-07, 0.0002802863595601564], [2.9034977817324486e-10, 2.0850088278994443e-07], [1.5665811787130836e-14, 7.545040844826281e-11]]"
25.0,bdf2,28.22,0.0197925,3,4.020259406323126e-14,7.514128752768087e-11,9.254108590539545e-11,3.1530333899354446e-14,-5.099502313278057,-5.103871824159967,0.004369510881909733,1.9026947230369955e-06,1.9069695519417652e-06,-4.274828904769745e-09,0.4783503733557264,5.585078847088031e-09,1.497730383745256e-08,-0.040085715551979574,"{""D"": 5.585078847088031e-09, ""cp"": 3382.12268816123, ""k"": 0.4783503733557264, ""rho"": 957.6485683106824}","{""D"": 5.642846657164852e-09, ""cp"": 3415.2957746478887, ""k"": 0.48295774647887346, ""rho"": 976.400000000001}","[[7.799159015713974e-07, 0.0002787766278667699], [2.916522666834593e-10, 2.0749747680419338e-07], [4.020259406323126e-14, 7.514128752768087e-11]]"
25.25,bdf2,28.2222,0.019794125,3,2.755668606390477e-14,7.483878440708889e-11,3.858531272271648e-10,5.0182080713057076e-14,-5.148581207297535,-5.152969135311025,0.004387928013490416,1.9021521994594753e-06,1.9064035205115252e-06,-4.251321052049992e-09,0.4783272115181737,5.584827619686477e-09,1.49728582370418e-08,-0.04047132499655103,"{""D"": 5.584827619686477e-09, ""cp"": 3381.95592293085, ""k"": 0.4783272115181737, ""rho"": 957.558211281844}","{""D"": 5.6428647966719624e-09, ""cp"": 3415.2957746478887, ""k"": 0.48295774647887346, ""rho"": 976.400000000001}","[[7.836848836025073e-07, 0.0002772894378895024], [2.929957095967752e-10, 2.065084535618047e-07], [2.755668606390477e-14, 7.483878440708889e-11]]"
25.5,bdf2,28.2244,0.01979575,3,2.6990431527479274e-14,7.453924188122923e-11,1.646185410209e-10,1.9539925233402755e-14,-5.19763201061693,-5.202038205544568,0.004406194927637941,1.901612321383398e-06,1.9058404816860112e-06,-4.228160302613083e-09,0.47830416288339406,5.584578119961066e-09,1.4968436140436e-08,-0.04085671241477902,"{""D"": 5.584578119961066e-09, ""cp"": 3381.7899727604376, ""k"": 0.47830416288339406, ""rho"": 957.4683330697618}","{""D"": 5.642882895816952e-09, ""cp"": 3415.295774647889, ""k"": 0.48295774647887346, ""rho"": 976.400000000001}","[[7.874338202442281e-07, 0.0002758242339938612], [2.9431555626505614e-10, 2.0553349122871565e-07], [2.6990431527479274e-14, 7.453924188122923e-11]]"
25.75,bdf2,28.226599999999998,0.019797375,3,4.1146219693117424e-14,7.423778367642511e-11,2.773958840407431e-11,6.306066779870889e-14,-5.246654821905976,-5.251079183631191,0.00442436172521532,1.901075053338319e-06,1.9052803915393644e-06,-4.205338201045373e-09,0.47828122579411125,5.584330325041962e-09,1.496403720270842e-08,-0.04124187937426868,"{""D"": 5.584330325041962e-09, ""cp"": 3381.624825717601, ""k"": 0.47828122579411125, ""rho"": 957.3789266462984}","{""D"": 5.642900951799019e-09, ""cp"": 3415.295774647889, ""k"": 0.48295774647887346, ""rho"": 976.4000000000011}","[[7.911630118092754e-07, 0.0002743804795265972], [2.955974621814003e-10, 2.045722531678899e-07], [4.1146219693117424e-14, 7.423778367642511e-11]]"
26.0,bdf2,28.2288,0.019799,3,2.7367876657611286e-14,7.395095429265135e-11,2.582964953035116e-10,4.6629367034256575e-14,-5.295649800445195,-5.3000922160720165,0.004442415626821905,1.900540360630049e-06,1.9047232072103915e-06,-4.182846580342429e-09,0.47825839863320196,5.584084212600871e-09,1.495966108721963e-08,-0.041626826739846655,"{""D"": 5.584084212600871e-09, ""cp"": 3381.4604701590542, ""k"": 0.47825839863320196, ""rho"": 957.2899851536627}","{""D"": 5.642920397899156e-09, ""cp"": 3415.295774647889, ""k"": 0.4829577464788736, ""rho"": 976.4000000000012}","[[7.948727053841646e-07, 0.0002729576559877834], [2.969384418314594e-10, 2.0362439838847537e-07], [2.7367876657611286e-14, 7.395095429265135e-11]]"
26.25,bdf2,28.230999999999998,0.019800625000000002,3,1.66094567028504e-14,7.366081600888265e-11,3.8767211663071066e-10,1.1457501614131615e-13,-5.344617105222447,-5.349077447608863,0.004460342386416016,1.9000082093230845e-06,1.904168886866829e-06,-4.160677543744621e-09,0.47823567982234916,5.583839760828793e-09,1.495530746543525e-08,-0.04201155617651831,"{""D"": 5.583839760828793e-09, ""cp"": 3381.2968947209138, ""k"": 0.47823567982234916, ""rho"": 957.2015018986926}","{""D"": 5.642941825416113e-09, ""cp"": 3415.295774647889, ""k"": 0.4829577464788736, ""rho"": 976.4000000000012}","[[7.985632533740819e-07, 0.0002715552622432965], [2.981958047325398e-10, 2.026896391903251e-07], [1.66094567028504e-14, 7.366081600888265e-11]]"
26.5,bdf2,28.2332,0.01980225,3,3.189768102351275e-14,7.337537984615942e-11,2.128217602148652e-10,1.554312234475219e-14,-5.393556877541534,-5.398035020098746,0.004478142557212017,1.8994785662150224e-06,1.903617389671086e-06,-4.138823456063504e-09,0.4782130678207499,5.583596948429896e-09,1.4950976016553143e-08,-0.04239606784572596,"{""D"": 5.583596948429896e-09, ""cp"": 3381.1340883094, ""k"": 0.4782130678207499, ""rho"": 957.1134703473738}","{""D"": 5.642963301677341e-09, ""cp"": 3415.295774647889, ""k"": 0.4829577464788736, ""rho"": 976.4000000000012}","[[8.022348639835573e-07, 0.00027017281379476915], [2.9950167164904767e-10, 2.0176765913810808e-07], [3.189768102351275e-14, 7.337537984615942e-11]]"
26.75,bdf2,28.2354,0.019803875000000002,3,2.6801580199591568e-14,7.309360088869377e-11,2.0554580260068178e-10,1.554312234475219e-14,-5.442469232334065,-5.446965074223442,0.004495841889377239,1.8989513988124573e-06,1.9030686757474736e-06,-4.11727693501625e-09,0.47819056112388003,5.583355754589335e-09,1.494666642748274e-08,-0.04278036362831413,"{""D"": 5.583355754589335e-09, ""cp"": 3380.972040091936, ""k"": 0.47819056112388003, ""rho"": 957.0258841195957}","{""D"": 5.642984823665687e-09, ""cp"": 3415.295774647889, ""k"": 0.4829577464788736, ""rho"": 976.4000000000012}","[[8.058878346924572e-07, 0.0002688098420657381], [3.007805450464019e-10, 2.008581743630351e-07], [2.6801580199591568e-14, 7.309360088869377e-11]]"
27.0,bdf2,28.2376,0.0198055,3,3.303008969456055e-14,7.281495667859178e-11,9.390532795805484e-11,1.509903313490213e-14,-5.491354319058673,-5.495867748226146,0.004513429167473326,1.8984266753142801e-06,1.9025227061507858e-06,-4.096030836505693e-09,0.47816815826230885,5.583116158969854e-09,1.4942378392301907e-08,-0.04316444428297698,"{""D"": 5.583116158969854e-09, ""cp"": 3380.8107394886238, ""k"": 0.47816815826230885, ""rho"": 956.9387369841257}","{""D"": 5.643006388435435e-09, ""cp"": 3415.295774647889, ""k"": 0.48295774647887346, ""rho"": 976.4000000000011}","[[8.09522452599368e-07, 0.000267465893743348], [3.0203091503446534e-10, 1.9996090360860677e-07], [3.303008969456055e-14, 7.281495667859178e-11]]"
27.25,bdf2,28.2398,0.019807125000000002,3,4.3599682930966554e-14,7.254066628427262e-11,1.2937562132719904e-10,1.4210854715202004e-14,-5.540212278210037,-5.544743178569433,0.004530900359396739,1.8979043645906827e-06,1.901979442836205e-06,-4.075078245522353e-09,0.4781458578005652,5.582878141690959e-09,1.4938111612179653e-08,-0.043548311053076785,"{""D"": 5.582878141690959e-09, ""cp"": 3380.6501761640698, ""k"": 0.4781458578005652, ""rho"": 956.8520228537927}","{""D"": 5.643027993112048e-09, ""cp"": 3415.295774647889, ""k"": 0.48295774647887346, ""rho"": 976.4000000000011}","[[8.131389160931138e-07, 0.00026614053014582795], [3.0329845753264787e-10, 1.990755654441707e-07], [4.3599682930966554e-14, 7.254066628427262e-11]]"
27.5,bdf2,28.242,0.01980875,3,5.2093085095499087e-14,7.226898817942316e-11,8.208189683500677e-11,1.2878587085651816e-14,-5.5890432239319345,-5.593591499851414,0.004548275919479039,1.8973844361607204e-06,1.9014388486304255e-06,-4.054412469705078e-09,0.47812365833604775,5.582641683315451e-09,1.4933865795296535e-08,-0.04393196484952757,"{""D"": 5.582641683315451e-09, ""cp"": 3380.4903400195435, ""k"": 0.47812365833604775, ""rho"": 956.7657357808681}","{""D"": 5.643049634891862e-09, ""cp"": 3415.295774647889, ""k"": 0.4829577464788736, ""rho"": 976.4000000000012}","[[8.167375160463639e-07, 0.0002648333266164414], [3.045458013644625e-10, 1.9820190160137479e-07], [5.2093085095499087e-14, 7.226898817942316e-11]]"
27.75,bdf2,28.2442,0.019810375,3,1.9629262333518467e-14,7.200288295877576e-11,3.128661774098873e-10,9.281464485866309e-14,-5.637847304907342,-5.642412844689204,0.004565539781862249,1.8968668601765836e-06,1.9009008872039679e-06,-4.034027027384324e-09,0.4781015584979813,5.582406764837129e-09,1.4929640656116902e-08,-0.04431540680333607,"{""D"": 5.582406764837129e-09, ""cp"": 3380.3312211854654, ""k"": 0.4781015584979813, ""rho"": 956.6798699526348}","{""D"": 5.643071311041675e-09, ""cp"": 3415.295774647889, ""k"": 0.4829577464788736, ""rho"": 976.4000000000012}","[[8.203184876521672e-07, 0.0002635438719588822], [3.0583976156041617e-10, 1.9733964893559309e-07], [1.9629262333518467e-14, 7.200288295877576e-11]]"
28.0,bdf2,28.246399999999998,0.019812,3,4.4920774855380944e-14,7.174043494338594e-11,1.1539214028744027e-10,1.3722356584366935e-13,-5.686624669569595,-5.691207343902249,0.00458267433265469,1.8963516074055484e-06,1.900365523044617e-06,-4.013915639068632e-09,0.47807955694641546,5.582173367666077e-09,1.492543591584142e-08,-0.044698637857381186,"{""D"": 5.582173367666077e-09, ""cp"": 3380.172810014192, ""k"": 0.47807955694641546, ""rho"": 956.5944196871387}","{""D"": 5.643093018898234e-09, ""cp"": 3415.295774647889, ""k"": 0.4829577464788736, ""rho"": 976.4000000000012}","[[8.238820812026258e-07, 0.00026227176788451564], [3.070706784585867e-10, 1.9648856885772068e-07], [4.4920774855380944e-14, 7.174043494338594e-11]]"
28.25,bdf2,28.2486,0.019813625,3,1.547689281163691e-14,7.147868353852139e-11,2.5784174795262516e-10,1.199040866595169e-14,-5.7353753878423595,-5.7399751268206956,0.004599738978336099,1.8958386492116613e-06,1.89983272143192e-06,-3.9940722202586085e-09,0.47805765237126274,5.581941473613217e-09,1.4921251301726863e-08,-0.04508165923023509,"{""D"": 5.581941473613217e-09, ""cp"": 3380.015097073092, ""k"": 0.47805765237126274, ""rho"": 956.5093794291072}","{""D"": 5.6431147558678975e-09, ""cp"": 3415.295774647889, ""k"": 0.48295774647887346, ""rho"": 976.4000000000011}","[[8.274285315125601e-07, 0.0002610166285101206], [3.083134830172663e-10, 1.9564841372271588e-07], [1.547689281163691e-14, 7.147868353852139e-11]]"
28.5,bdf2,28.250799999999998,0.01981525,3,2.3970289672768783e-14,7.122233086522755e-11,5.5138116294983774e-11,1.0880185641326534e-13,-5.784099625077324,-5.788716320705589,0.00461669562826561,1.8953279575341156e-06,1.8993024484126954e-06,-3.97449087857972e-09,0.47803584349137485,5.581711064883886e-09,1.491708654713209e-08,-0.04546447168565134,"{""D"": 5.581711064883886e-09, ""cp"": 3379.8580731378993, ""k"": 0.47803584349137485, ""rho"": 956.4247437460313}","{""D"": 5.643136519425892e-09, ""cp"": 3415.295774647889, ""k"": 0.48295774647887346, ""rho"": 976.4000000000011}","[[8.309580582970773e-07, 0.00025977807985197736], [3.095308041961695e-10, 1.948189487728316e-07], [2.3970289672768783e-14, 7.122233086522755e-11]]"
28.75,bdf2,28.253,0.019816875,3,3.5106064230572345e-14,7.096615234456502e-11,1.9485923985484987e-10,1.1368683772161603e-13,-5.832797528997732,-5.837431051132569,0.004633522134836809,1.8948195048833762e-06,1.8987746707775127e-06,-3.955165894136424e-09,0.47801412905365614,5.581482124062704e-09,1.4912941391304708e-08,-0.045847076270188074,"{""D"": 5.581482124062704e-09, ""cp"": 3379.7017291863244, ""k"": 0.47801412905365614, ""rho"": 956.3405073244021}","{""D"": 5.6431583071158e-09, ""cp"": 3415.295774647889, ""k"": 0.48295774647887346, ""rho"": 976.4000000000011}","[[8.344708639066489e-07, 0.00025855575936889057], [3.1077926473536473e-10, 1.9399994900286828e-07], [3.5106064230572345e-14, 7.096615234456502e-11]]"
29.0,bdf2,28.2552,0.0198185,3,3.4539808434115685e-14,7.071397933442271e-11,2.1009327610954642e-10,3.4638958368304884e-14,-5.881469151452535,-5.886119442418192,0.004650290965656723,1.8943132643135437e-06,1.8982493560380756e-06,-3.936091724531895e-09,0.47799250783221037,5.581254634098542e-09,1.490881557901683e-08,-0.0462294740595268,"{""D"": 5.581254634098542e-09, ""cp"": 3379.546056391915, ""k"": 0.47799250783221037, ""rho"": 956.2566649660921}","{""D"": 5.6431801165489e-09, ""cp"": 3415.295774647889, ""k"": 0.48295774647887346, ""rho"": 976.4000000000011}","[[8.379672124100954e-07, 0.00025735213099980424], [3.119769504676476e-10, 1.9319119480635773e-07], [3.4539808434115685e-14, 7.071397933442271e-11]]"
29.25,bdf2,28.2574,0.019820125,3,2.3026519573245716e-14,7.046685675058851e-11,1.446096575818956e-10,3.952393967665557e-14,-5.930114691890205,-5.934781616838336,0.004666924948130813,1.893809209412127e-06,1.8977264724055007e-06,-3.917262993373578e-09,0.4779709786275219,5.581028578301241e-09,1.4904708860566475e-08,-0.04661166586049106,"{""D"": 5.581028578301241e-09, ""cp"": 3379.3910461181576, ""k"": 0.4779709786275219, ""rho"": 956.1732115848802}","{""D"": 5.6432019454035355e-09, ""cp"": 3415.295774647889, ""k"": 0.48295774647887346, ""rho"": 976.400000000001}","[[8.414472742598525e-07, 0.0002561674283201432], [3.1322313978613866e-10, 1.9239246971157928e-07], [2.3026519573245716e-14, 7.046685675058851e-11]]"
29.5,bdf2,28.2596,0.01982175,3,3.0764914082246554e-14,7.021921170886036e-11,2.544311428209767e-10,3.552713678800501e-15,-5.978734210422284,-5.983417695324533,0.004683484902249013,1.8933073142853737e-06,1.8972059887694207e-06,-3.898674484047072e-09,0.4779495402656674,5.580803940324831e-09,1.490062099163669e-08,-0.046993652731567886,"{""D"": 5.580803940324831e-09, ""cp"": 3379.2366899128056, ""k"": 0.4779495402656674, ""rho"": 956.0901422031073}","{""D"": 5.643223791424283e-09, ""cp"": 3415.295774647889, ""k"": 0.48295774647887346, ""rho"": 976.400000000001}","[[8.449113161663618e-07, 0.00025499777341544716], [3.1439949144917186e-10, 1.9160357030825956e-07], [3.0764914082246554e-14, 7.021921170886036e-11]]"
29.75,bdf2,28.2618,0.019823375,3,2.925495482078854e-14,6.997713955133425e-11,3.37536221195478e-10,5.1514348342607263e-14,-6.027327879978546,-6.032027797127171,0.004699917148625055,1.8928075535445675e-06,1.8966878746778756e-06,-3.880321133308115e-09,0.4779281915975577,5.580580704160932e-09,1.489655173306849e-08,-0.047375435498352755,"{""D"": 5.580580704160932e-09, ""cp"": 3379.0829795024156, ""k"": 0.4779281915975577, ""rho"": 956.0074519484601}","{""D"": 5.6432456524213175e-09, ""cp"": 3415.295774647889, ""k"": 0.48295774647887346, ""rho"": 976.400000000001}","[[8.483594846112434e-07, 0.0002538428502054823], [3.1561188968887623e-10, 1.908242921412094e-07], [2.925495482078854e-14, 6.997713955133425e-11]]"
30.0,bdf2,28.264,0.019825000000000002,3,4.397676558016255e-14,6.97371572253839e-11,1.5847945178393275e-10,1.509903313490213e-14,-6.075895751564253,-6.0806120400940245,0.004716288529771795,1.8923099022937375e-06,1.8961721003179774e-06,-3.862198024239928e-09,0.47790693149820873,5.580358854126655e-09,1.489250085075112e-08,-0.047757015276600534,"{""D"": 5.580358854126655e-09, ""cp"": 3378.9299067871025, ""k"": 0.47790693149820873, ""rho"": 955.9251360508764}","{""D"": 5.643267526269537e-09, ""cp"": 3415.295774647889, ""k"": 0.48295774647887346, ""rho"": 976.400000000001}","[[8.517919930791485e-07, 0.00025270235182756523], [3.168071093076395e-10, 1.9005443319337648e-07], [4.397676558016255e-14, 6.97371572253839e-11]]"
30.25,bdf2,28.266199999999998,0.019826625,3,1.88741321703212e-14,6.949874227311538e-11,5.1954884838778526e-11,1.7763568394002505e-14,-6.124437980309519,-6.129170540677364,0.0047325603678451955,1.8918143361111391e-06,1.8956586364972841e-06,-3.844300386145004e-09,0.4778857588660387,5.580138374855412e-09,1.488846811533162e-08,-0.04813839296378135,"{""D"": 5.580138374855412e-09, ""cp"": 3378.7774638354786, ""k"": 0.4778857588660387, ""rho"": 955.8431898395654}","{""D"": 5.6432894109078315e-09, ""cp"": 3415.295774647889, ""k"": 0.48295774647887346, ""rho"": 976.400000000001}","[[8.552090544881573e-07, 0.00025157598028756117], [3.1801383902286024e-10, 1.8929381652568738e-07], [1.88741321703212e-14, 6.949874227311538e-11]]"
30.5,bdf2,28.2684,0.019828250000000002,3,3.850319655587238e-14,6.92608497787408e-11,1.1471001926111057e-10,3.907985046680551e-14,-6.172954686368082,-6.17770341348205,0.004748727113967455,1.891320831041953e-06,1.8951474546258793e-06,-3.8266235839262835e-09,0.4778646726221928,5.579919251292478e-09,1.4884453302259447e-08,-0.04851956905086624,"{""D"": 5.579919251292478e-09, ""cp"": 3378.625642879788, ""k"": 0.4778646726221928, ""rho"": 955.7616087401407}","{""D"": 5.643311304338169e-09, ""cp"": 3415.295774647889, ""k"": 0.48295774647887346, ""rho"": 976.400000000001}","[[8.586108832659204e-07, 0.00025046344614588665], [3.191782875670232e-10, 1.8854225178931605e-07], [3.850319655587238e-14, 6.92608497787408e-11]]"
30.75,bdf2,28.270599999999998,0.019829875,3,3.0576041486898974e-14,6.903131661066927e-11,3.8767211663071066e-11,6.084022174945858e-14,-6.2214459636210675,-6.226210772202023,0.004764808580955737,1.890829363584218e-06,1.8946385266990993e-06,-3.809163114881345e-09,0.4778436717098915,5.579701468677697e-09,1.4880456191684328e-08,-0.04890054506959028,"{""D"": 5.579701468677697e-09, ""cp"": 3378.4744363112186, ""k"": 0.4778436717098915, ""rho"": 955.6803882718559}","{""D"": 5.643333204624763e-09, ""cp"": 3415.295774647889, ""k"": 0.48295774647887346, ""rho"": 976.400000000001}","[[8.619976107936934e-07, 0.00024936446819288915], [3.203629283119526e-10, 1.8779955002865757e-07], [3.0576041486898974e-14, 6.903131661066927e-11]]"
31.0,bdf2,28.2728,0.019831500000000002,3,4.64302450265644e-14,6.880143513733512e-11,3.317381924716756e-10,9.814371537686384e-14,-6.269911940529458,-6.2746927286710275,0.004780788141569126,1.890339910678518e-06,1.894131825280891e-06,-3.791914602373162e-09,0.477822755093803,5.579485012546293e-09,1.4876476568078152e-08,-0.0492813213389109,"{""D"": 5.579485012546293e-09, ""cp"": 3378.3238366753812, ""k"": 0.477822755093803, ""rho"": 955.5995240449427}","{""D"": 5.643355109893302e-09, ""cp"": 3415.295774647889, ""k"": 0.48295774647887346, ""rho"": 976.400000000001}","[[8.653694526310254e-07, 0.000248278773156619], [3.215473771881503e-10, 1.8706554910761214e-07], [4.64302450265644e-14, 6.880143513733512e-11]]"
31.25,bdf2,28.275,0.019833125,3,1.962902961928721e-14,6.857503671662725e-11,1.5756995708215982e-10,2.886579864025407e-14,-6.318352701906727,-6.323149393914207,0.004796692007479564,1.8898524496938073e-06,1.8936273234878004e-06,-3.774873793993102e-09,0.47780192175943936,5.579269868711114e-09,1.4872514220226572e-08,-0.049661899285316766,"{""D"": 5.579269868711114e-09, ""cp"": 3378.1738366679638, ""k"": 0.47780192175943936, ""rho"": 955.519011758048}","{""D"": 5.64337701832991e-09, ""cp"": 3415.295774647889, ""k"": 0.48295774647887346, ""rho"": 976.400000000001}","[[8.68726607161623e-07, 0.00024720609541774134], [3.2270709790183996e-10, 1.8634006808159584e-07], [1.962902961928721e-14, 6.857503671662725e-11]]"
31.5,bdf2,28.2772,0.01983475,3,5.1903638809043634e-14,6.834933490644463e-11,1.014086592476815e-10,4.529709940470639e-14,-6.366768367151756,-6.3715808769302384,0.004812509778482799,1.8893669584166037e-06,1.8931249949734807e-06,-3.7580365568770445e-09,0.47778117071257253,5.57905602326663e-09,1.4868568941324311e-08,-0.050042279048737676,"{""D"": 5.57905602326663e-09, ""cp"": 3378.0244291305225, ""k"": 0.47778117071257253, ""rho"": 955.4388471957569}","{""D"": 5.643398928180232e-09, ""cp"": 3415.295774647889, ""k"": 0.48295774647887346, ""rho"": 976.400000000001}","[[8.720692180342053e-07, 0.0002461461767298472], [3.2386643803563966e-10, 1.8562295265137731e-07], [5.1903638809043634e-14, 6.834933490644463e-11]]"
31.75,bdf2,28.2794,0.019836375,3,3.01984543161352e-14,6.812363309626201e-11,1.77351466845721e-10,1.1857181902996672e-13,-6.415159046791024,-6.419987286085416,0.004828239294392134,1.888883415041429e-06,1.8926248139138113e-06,-3.741398872382415e-09,0.47776050097867273,5.578843462568432e-09,1.4864640528462652e-08,-0.050422462198159004,"{""D"": 5.578843462568432e-09, ""cp"": 3377.875607046444, ""k"": 0.47776050097867273, ""rho"": 955.3590262262098}","{""D"": 5.643420837748719e-09, ""cp"": 3415.295774647889, ""k"": 0.48295774647887346, ""rho"": 976.400000000001}","[[8.753974774034676e-07, 0.0002450987659684994], [3.250297386113625e-10, 1.8491403615288845e-07], [3.01984543161352e-14, 6.812363309626201e-11]]"
32.0,bdf2,28.2816,0.019838,3,5.4168429813428416e-14,6.79042007808067e-11,9.981704351957887e-11,2.2648549702353193e-14,-6.463524859864511,-6.468368727782092,0.0048438679175815125,1.8884017981653427e-06,1.892126754992504e-06,-3.724956827161304e-09,0.47773991160236595,5.578632173238796e-09,1.486072878281172e-08,-0.050802449029394584,"{""D"": 5.578632173238796e-09, ""cp"": 3377.7273635370348, ""k"": 0.47773991160236595, ""rho"": 955.2795447988007}","{""D"": 5.643442745397466e-09, ""cp"": 3415.2957746478887, ""k"": 0.48295774647887346, ""rho"": 976.400000000001}","[[8.78711555907476e-07, 0.00024406361887209358], [3.26187751343119e-10, 1.8421316533181362e-07], [5.4168429813428416e-14, 6.79042007808067e-11]]"
32.25,bdf2,28.2838,0.019839625,3,4.227776157542291e-14,6.768894812850294e-11,6.752998160663992e-11,3.5083047578154947e-14,-6.511865873097175,-6.5167253078527665,0.004859434755591252,1.8879220867658917e-06,1.8916307933872417e-06,-3.7087066213500075e-09,0.47771940164691096,5.57842214214672e-09,1.4856833509500452e-08,-0.05118224082728518,"{""D"": 5.57842214214672e-09, ""cp"": 3377.579691857759, ""k"": 0.47771940164691096, ""rho"": 955.2003989419586}","{""D"": 5.643464649545314e-09, ""cp"": 3415.2957746478887, ""k"": 0.48295774647887346, ""rho"": 976.4000000000008}","[[8.820116243726789e-07, 0.0002430404978097127], [3.2732669821739515e-10, 1.8352017752959533e-07], [4.227776157542291e-14, 6.768894812850294e-11]]"
32.5,bdf2,28.285999999999998,0.01984125,3,1.8685244148122022e-14,6.747195394988599e-11,2.426077116979286e-10,6.661338147750939e-15,-6.560182213878209,-6.56505713066764,0.004874916789431083,1.8874442602023354e-06,1.8911369047562795e-06,-3.692644553944153e-09,0.4776989701936941,5.578213356409898e-09,1.4852954517275008e-08,-0.0515618381711286,"{""D"": 5.578213356409898e-09, ""cp"": 3377.4325853945984, ""k"": 0.4776989701936941, ""rho"": 955.1215847610047}","{""D"": 5.643486548667014e-09, ""cp"": 3415.2957746478887, ""k"": 0.48295774647887346, ""rho"": 976.4000000000009}","[[8.852978241819293e-07, 0.00024202917154375657], [3.284828173271914e-10, 1.8283493377243352e-07], [1.8685244148122022e-14, 6.747195394988599e-11]]"
32.75,bdf2,28.2882,0.019842875,3,3.7747934421835243e-14,6.725826867126404e-11,3.325340003357269e-11,6.972200594645983e-14,-6.6084740007371146,-6.613364298867452,0.004890298130337811,1.886968298203029e-06,1.8906450652255037e-06,-3.6767670224747113e-09,0.4776786163417416,5.578005803390831e-09,1.48490916186277e-08,-0.051941241713142274,"{""D"": 5.578005803390831e-09, ""cp"": 3377.286037660539, ""k"": 0.4776786163417416, ""rho"": 955.0430984360806}","{""D"": 5.6435084412922064e-09, ""cp"": 3415.2957746478887, ""k"": 0.48295774647887346, ""rho"": 976.4000000000008}","[[8.885703684388756e-07, 0.0002410294150179991], [3.295968443629553e-10, 1.8215728933949178e-07], [3.7747934421835243e-14, 6.725826867126404e-11]]"
33.0,bdf2,28.290399999999998,0.0198445,3,2.849966506219833e-14,6.704789229263705e-11,3.7471181713044643e-10,1.2878587085651816e-14,-6.656741317281942,-6.6616469145373,0.004905597255357996,1.886494180852291e-06,1.8901552513759667e-06,-3.661070523675669e-09,0.4776583392072483,5.577799470679639e-09,1.4845244629666237e-08,-0.05232045247539407,"{""D"": 5.577799470679639e-09, ""cp"": 3377.1400422921874, ""k"": 0.4776583392072483, ""rho"": 954.9649362201546}","{""D"": 5.643530326004437e-09, ""cp"": 3415.2957746478887, ""k"": 0.48295774647887346, ""rho"": 976.4000000000008}","[[8.918293415264262e-07, 0.000240041009144947], [3.307501261565481e-10, 1.8148710299298608e-07], [2.849966506219833e-14, 6.704789229263705e-11]]"
33.25,bdf2,28.2926,0.019846125,3,2.92545968823012e-14,6.6840824814005e-11,2.767137630144134e-10,4.440892098500626e-14,-6.704984246963562,-6.709905078434986,0.004920831471423526,1.8860218885898926e-06,1.8896674402318193e-06,-3.6455516419266893e-09,0.47763813792312404,5.577594346095572e-09,1.4841413369838296e-08,-0.05269947121699455,"{""D"": 5.577594346095572e-09, ""cp"": 3376.9945930464933, ""k"": 0.47763813792312404, ""rho"": 954.887094437091}","{""D"": 5.643552201440242e-09, ""cp"": 3415.2957746478887, ""k"": 0.48295774647887346, ""rho"": 976.4000000000008}","[[8.950749573026333e-07, 0.00023906374060068825], [3.3186037224614006e-10, 1.8082423192775865e-07], [2.92545968823012e-14, 6.6840824814005e-11]]"
33.5,bdf2,28.2948,0.01984775,3,4.0012703004536926e-14,6.663480225116083e-11,9.765699360286817e-11,2.4868995751603507e-14,-6.753202916519153,-6.758138889983911,0.00493597346475827,1.8855514021922812e-06,1.8891816092486585e-06,-3.630207056377292e-09,0.47761801163855333,5.577390417681259e-09,1.4837597662275867e-08,-0.05307829882395259,"{""D"": 5.577390417681259e-09, ""cp"": 3376.8496837975836, ""k"": 0.47761801163855333, ""rho"": 954.8095694797853}","{""D"": 5.643574066288086e-09, ""cp"": 3415.2957746478887, ""k"": 0.48295774647887346, ""rho"": 976.4000000000008}","[[8.983073435600772e-07, 0.00023809740163506588], [3.3297646618467897e-10, 1.8016854831577812e-07], [4.0012703004536926e-14, 6.663480225116083e-11]]"
33.75,bdf2,28.297,0.019849375,3,2.8877066219591175e-14,6.642738646726613e-11,1.5495515981456265e-10,2.6201263381153694e-14,-6.801397409088024,-6.806348447666721,0.00495103857869772,1.8850827027740563e-06,1.8886977363022682e-06,-3.6150335282119266e-09,0.47759795951857065,5.577187673693527e-09,1.4833797333046409e-08,-0.05345693569423292,"{""D"": 5.577187673693527e-09, ""cp"": 3376.7053085337084, ""k"": 0.47759795951857065, ""rho"": 954.732357808363}","{""D"": 5.6435975716700036e-09, ""cp"": 3415.2957746478887, ""k"": 0.48295774647887346, ""rho"": 976.4000000000008}","[[9.015266258262833e-07, 0.0002371417898839415], [3.3412992736207766e-10, 1.7951992119426583e-07], [2.8877066219591175e-14, 6.642738646726613e-11]]"
34.0,bdf2,28.2992,0.019851,3,3.151938362096193e-14,6.622885246756847e-11,1.559783413540572e-10,1.0658141036401503e-14,-6.849567816347882,-6.854533848967037,0.004966032619154959,1.8846157717734947e-06,1.8882157996777176e-06,-3.6000279042229686e-09,0.47757798074364965,5.576986102598665e-09,1.483001221164855e-08,-0.053835382981297225,"{""D"": 5.576986102598665e-09, ""cp"": 3376.5614613542775, ""k"": 0.47757798074364965, ""rho"": 954.6554559484348}","{""D"": 5.643622798971454e-09, ""cp"": 3415.2957746478887, ""k"": 0.48295774647887346, ""rho"": 976.4000000000008}","[[9.047330032367084e-07, 0.0002361967081905144], [3.3521845922779275e-10, 1.7887822586993774e-07], [3.151938362096193e-14, 6.622885246756847e-11]]"
34.25,bdf2,28.3014,0.019852625,3,3.6615298614708425e-14,6.602457143103744e-11,1.730313670122996e-10,2.6645352591003757e-14,-6.897714247202654,-6.902695190022712,0.004980942820058232,1.88415059094698e-06,1.8877357780588653e-06,-3.5851871118852226e-09,0.4775580745093072,5.576785693070544e-09,1.4826242130677068e-08,-0.054213641203448196,"{""D"": 5.576785693070544e-09, ""cp"": 3376.418136467011, ""k"": 0.4775580745093072, ""rho"": 954.5788604894185}","{""D"": 5.6436480793616546e-09, ""cp"": 3415.2957746478887, ""k"": 0.48295774647887346, ""rho"": 976.4000000000008}","[[9.079265899940668e-07, 0.0002352619644407475], [3.3631850110625736e-10, 1.782433327732361e-07], [3.6615298614708425e-14, 6.602457143103744e-11]]"
34.5,bdf2,28.3036,0.01985425,3,4.812831256020022e-14,6.582568912607713e-11,2.878550731111318e-10,8.43769498715119e-15,-6.945836784347925,-6.950832565961207,0.004995781613281736,1.8836871423613258e-06,1.8872576505181381e-06,-3.570508156812283e-09,0.47753824002571776,5.5765864339824496e-09,1.4822486925737424e-08,-0.054591711321076895,"{""D"": 5.5765864339824496e-09, ""cp"": 3376.275328185168, ""k"": 0.47753824002571776, ""rho"": 954.5025680829021}","{""D"": 5.643673411195114e-09, ""cp"": 3415.2957746478887, ""k"": 0.48295774647887346, ""rho"": 976.4000000000008}","[[9.111075288003892e-07, 0.0002343373713872989], [3.374170300046648e-10, 1.77615125221898e-07], [4.812831256020022e-14, 6.582568912607713e-11]]"
34.75,bdf2,28.305799999999998,0.019855875000000002,3,3.8691353141082673e-14,6.562924495795523e-11,5.002220859751105e-11,5.773159728050814e-15,-6.993935536396823,-6.998946071004752,0.005010534607928996,1.8832254083876722e-06,1.8867813965067198e-06,-3.5559881190475873e-09,0.4775184765173436,5.576388314401272e-09,1.4818746435501762e-08,-0.054969593804605914,"{""D"": 5.576388314401272e-09, ""cp"": 3376.1330309248738, ""k"": 0.4775184765173436, ""rho"": 954.4265754410752}","{""D"": 5.643698792863566e-09, ""cp"": 3415.2957746478887, ""k"": 0.48295774647887346, ""rho"": 976.4000000000008}","[[9.142759574502762e-07, 0.00023342274650253736], [3.385238603129058e-10, 1.7699348618535518e-07], [3.8691353141082673e-14, 6.562924495795523e-11]]"
35.0,bdf2,28.308,0.0198575,3,1.9251289748234554e-14,6.543680630035355e-11,1.4949819160392508e-10,5.284661597215745e-14,-7.042010577075197,-7.04703579843482,0.005025221359622911,1.882765371691184e-06,1.886306995844991e-06,-3.5416241538070538e-09,0.4774987832225739,5.576191323583275e-09,1.4815020501326969e-08,-0.05534728976183152,"{""D"": 5.576191323583275e-09, ""cp"": 3375.9912392025317, ""k"": 0.4774987832225739, ""rho"": 954.3508793351987}","{""D"": 5.6437242227955655e-09, ""cp"": 3415.2957746478887, ""k"": 0.48295774647887346, ""rho"": 976.4000000000008}","[[9.174319993940259e-07, 0.00023251791182163034], [3.3963012130955183e-10, 1.7637829967795516e-07], [1.9251289748234554e-14, 6.543680630035355e-11]]"
35.25,bdf2,28.3102,0.019859125000000002,3,5.341284295579439e-14,6.524245196380739e-11,1.4358647604240105e-10,3.8191672047105385e-14,-7.090062014716062,-7.095101840134532,0.005039825418470478,1.8823070152268192e-06,1.8858344287133298e-06,-3.527413486510597e-09,0.4774791593933779,5.575995450973777e-09,1.4811308967808235e-08,-0.05572479945358843,"{""D"": 5.575995450973777e-09, ""cp"": 3375.8499476323213, ""k"": 0.4774791593933779, ""rho"": 954.2754765941328}","{""D"": 5.64374969945619e-09, ""cp"": 3415.2957746478887, ""k"": 0.48295774647887346, ""rho"": 976.4000000000008}","[[9.205758084685439e-07, 0.00023162269379904264], [3.407035387985429e-10, 1.75769451803877e-07], [5.341284295579439e-14, 6.524245196380739e-11]]"
35.5,bdf2,28.3124,0.01986075,3,4.624075770998032e-14,6.505245144304409e-11,2.5431745598325506e-10,5.995204332975845e-14,-7.1380899314579125,-7.14314428738021,0.0050543559222973045,1.881850322232839e-06,1.88536367564316e-06,-3.5133534103210732e-09,0.4774596042949678,5.575800686195407e-09,1.4807611681839934e-08,-0.0561021239446879,"{""D"": 5.575800686195407e-09, ""cp"": 3375.709150923768, ""k"": 0.4774596042949678, ""rho"": 954.2003641029056}","{""D"": 5.643775221346683e-09, ""cp"": 3415.2957746478887, ""k"": 0.48295774647887346, ""rho"": 976.4000000000008}","[[9.237075307721423e-07, 0.00023073692316538278], [3.417737446970895e-10, 1.7516683215035255e-07], [4.624075770998032e-14, 6.505245144304409e-11]]"
35.75,bdf2,28.3146,0.019862375,3,5.058167990325461e-14,6.486210261701817e-11,1.0038547770818695e-10,3.108624468950438e-14,-7.186094400622085,-7.191163230426412,0.005068829804327102,1.8813952762233979e-06,1.8848947175083004e-06,-3.4994412849025316e-09,0.4774401172054714,5.575607019047746e-09,1.4803928493273994e-08,-0.0564792640534448,"{""D"": 5.575607019047746e-09, ""cp"": 3375.568843879394, ""k"": 0.4774401172054714, ""rho"": 954.125538801328}","{""D"": 5.643800787004029e-09, ""cp"": 3415.2957746478887, ""k"": 0.48295774647887346, ""rho"": 976.4000000000008}","[[9.268272442686825e-07, 0.00022986043479661432], [3.4284545744845077e-10, 1.7457034232114513e-07], [5.058167990325461e-14, 6.486210261701817e-11]]"
36.0,bdf2,28.3168,0.019864,3,4.7373096436164093e-14,6.467436608046195e-11,3.6493474908638746e-10,2.708944180085382e-14,-7.23407552145491,-7.239158758318354,0.005083236863443474,1.8809418609820937e-06,1.8844275355166085e-06,-3.485674534514812e-09,0.477420697415618,5.575414439505085e-09,1.480025925449133e-08,-0.05685621983183299,"{""D"": 5.575414439505085e-09, ""cp"": 3375.4290213924496, ""k"": 0.477420697415618, ""rho"": 954.0509976826575}","{""D"": 5.643826395000623e-09, ""cp"": 3415.2957746478887, ""k"": 0.48295774647887346, ""rho"": 976.4000000000008}","[[9.299351022281541e-07, 0.00022899306758483457], [3.4394566649580767e-10, 1.7397987120687587e-07], [4.7373096436164093e-14, 6.467436608046195e-11]]"
36.25,bdf2,28.319,0.019865625,3,1.9062463243598365e-14,6.448941598600674e-11,2.601154847070575e-10,6.084022174945858e-14,-7.282033401756127,-7.287130959599608,0.005097557843480871,1.880490060553444e-06,1.8839621112018572e-06,-3.472050648413345e-09,0.4774013442284314,5.575222937705669e-09,1.4796603820460218e-08,-0.057232992846437285,"{""D"": 5.575222937705669e-09, ""cp"": 3375.2896784447066, ""k"": 0.4774013442284314, ""rho"": 953.9767377922972}","{""D"": 5.643852043943874e-09, ""cp"": 3415.2957746478887, ""k"": 0.48295774647887346, ""rho"": 976.4000000000008}","[[9.330312509369234e-07, 0.00022813466430818274], [3.450117109831532e-10, 1.7339532041130813e-07], [1.9062463243598365e-14, 6.448941598600674e-11]]"
36.5,bdf2,28.321199999999997,0.01986725,3,4.98265899363809e-14,6.43041175862889e-11,2.0236257114447653e-10,1.3322676295501878e-14,-7.329968123143807,-7.33507992119371,0.005111798049902916,1.880039859245051e-06,1.8834984264158727e-06,-3.4585671708217655e-09,0.47738205695893365,5.5750325039584884e-09,1.4792962048675564e-08,-0.05760958287813478,"{""D"": 5.5750325039584884e-09, ""cp"": 3375.1508101043223, ""k"": 0.47738205695893365, ""rho"": 953.9027562265396}","{""D"": 5.643877732475799e-09, ""cp"": 3415.2957746478887, ""k"": 0.48295774647887346, ""rho"": 976.4000000000008}","[[9.361157966688882e-07, 0.00022728507151711819], [3.460683155581537e-10, 1.7281658439794728e-07], [4.98265899363809e-14, 6.43041175862889e-11]]"
36.75,bdf2,28.3234,0.019868875,3,3.92572763995496e-14,6.412282469709127e-11,4.206412995699793e-11,5.284661597215745e-14,-7.3778797497451345,-7.3830057298877705,0.0051259801426359886,1.8795912416111765e-06,1.8830364633209031e-06,-3.445221709726653e-09,0.477362834933857,5.57484312872554e-09,1.4789333798957398e-08,-0.0579859914726913,"{""D"": 5.57484312872554e-09, ""cp"": 3375.0124115237704, ""k"": 0.477362834933857, ""rho"": 953.8290501313445}","{""D"": 5.643903459272579e-09, ""cp"": 3415.2957746478887, ""k"": 0.48295774647887346, ""rho"": 976.400000000001}","[[9.39188830032557e-07, 0.0002264441394147775], [3.471439795142827e-10, 1.7224357365234084e-07], [3.92572763995496e-14, 6.412282469709127e-11]]"
37.0,bdf2,28.325599999999998,0.0198705,3,2.5101984805898446e-14,6.394379579210071e-11,1.4574652595911175e-10,2.0872192862952943e-14,-7.425768371617616,-7.430908471327768,0.005140099710152057,1.8791441924561604e-06,1.8825762043822379e-06,-3.4320119260774406e-09,0.47734367749136564,5.574654802627678e-09,1.4785718933745616e-08,-0.05836221866954846,"{""D"": 5.574654802627678e-09, ""cp"": 3374.874477937832, ""k"": 0.47734367749136564, ""rho"": 953.755616701158}","{""D"": 5.643929223044245e-09, ""cp"": 3415.295774647889, ""k"": 0.48295774647887346, ""rho"": 976.400000000001}","[[9.422505035420225e-07, 0.00022561172174917414], [3.48199445552475e-10, 1.716761915197785e-07], [2.5101984805898446e-14, 6.394379579210071e-11]]"
37.25,bdf2,28.3278,0.019872125,3,4.982644903763171e-14,6.376354781869097e-11,6.45741238258779e-11,7.549516567451064e-15,-7.473634096062967,-7.478788229897759,0.0051541338347922405,1.8786986968216324e-06,1.8821176323610628e-06,-3.418935539430406e-09,0.47732458398078625,5.57446751644229e-09,1.4782117317557781e-08,-0.058738265300226196,"{""D"": 5.57446751644229e-09, ""cp"": 3374.7370046616606, ""k"": 0.47732458398078625, ""rho"": 953.6824531777701}","{""D"": 5.643955022534151e-09, ""cp"": 3415.295774647889, ""k"": 0.48295774647887346, ""rho"": 976.4000000000011}","[[9.453009274340622e-07, 0.00022478767570365647], [3.4924981264802516e-10, 1.711143465701288e-07], [4.982644903763171e-14, 6.376354781869097e-11]]"
37.5,bdf2,28.33,0.01987375,3,3.4161283030162575e-14,6.358765366106409e-11,2.2305357560981065e-10,1.9984014443252818e-14,-7.521476969483403,-7.526645089764372,0.005168120280969468,1.8782547399890428e-06,1.8816607303074767e-06,-3.405990318433951e-09,0.4773055537623446,5.57428126108996e-09,1.4778528817183357e-08,-0.05911413236353753,"{""D"": 5.57428126108996e-09, ""cp"": 3374.599987088882, ""k"": 0.4773055537623446, ""rho"": 953.6095568491962}","{""D"": 5.643980856518645e-09, ""cp"": 3415.295774647889, ""k"": 0.48295774647887346, ""rho"": 976.4000000000011}","[[9.483402006210502e-07, 0.00022397186179502816], [3.5030414015544425e-10, 1.705579458058866e-07], [3.4161283030162575e-14, 6.358765366106409e-11]]"
37.75,bdf2,28.3322,0.019875375,3,5.190245244476611e-14,6.341472009816953e-11,1.0811618267325684e-10,1.7763568394002505e-14,-7.569297098945157,-7.574479133714362,0.005182034769205757,1.8778123074655055e-06,1.8812054815537852e-06,-3.3931740882797377e-09,0.47728658620691267,5.57409602764232e-09,1.4774953301854456e-08,-0.05948981996772935,"{""D"": 5.57409602764232e-09, ""cp"": 3374.463420689771, ""k"": 0.47728658620691267, ""rho"": 953.5369250486056}","{""D"": 5.644006723806499e-09, ""cp"": 3415.295774647889, ""k"": 0.48295774647887346, ""rho"": 976.4000000000011}","[[9.513684684443561e-07, 0.00022316414377410743], [3.513271343900679e-10, 1.7000689936429407e-07], [5.190245244476611e-14, 6.341472009816953e-11]]"
38.0,bdf2,28.3344,0.019877,3,5.171366688099626e-14,6.323795517738607e-11,2.8126123652327806e-10,2.842170943040401e-14,-7.6170945740322775,-7.622290443991631,0.005195869959353061,1.877371384987055e-06,1.8807518697079546e-06,-3.3804847208995538e-09,0.4772676806957614,5.57391180731077e-09,1.4771390642679202e-08,-0.059865329053763135,"{""D"": 5.57391180731077e-09, ""cp"": 3374.3273010094827, ""k"": 0.4772676806957614, ""rho"": 953.4645551532728}","{""D"": 5.644032623238637e-09, ""cp"": 3415.295774647889, ""k"": 0.48295774647887346, ""rho"": 976.4000000000011}","[[9.54385792068775e-07, 0.00022236438852942024], [3.523805121113265e-10, 1.6946112591607258e-07], [5.171366688099626e-14, 6.323795517738607e-11]]"
38.25,bdf2,28.3366,0.019878625,3,3.0952676079569024e-14,6.306275763028444e-11,2.517026587156579e-10,9.592326932761353e-14,-7.664869440807541,-7.670079102099692,0.005209661292150614,1.8769319585086177e-06,1.880299878647253e-06,-3.3679201386352937e-09,0.47724883662032136,5.573728591445306e-09,1.4767840713240653e-08,-0.0602406604482664,"{""D"": 5.573728591445306e-09, ""cp"": 3374.1916236663137, ""k"": 0.47724883662032136, ""rho"": 953.3924445835605}","{""D"": 5.644058553687627e-09, ""cp"": 3415.295774647889, ""k"": 0.48295774647887346, ""rho"": 976.4000000000011}","[[9.573923157028172e-07, 0.00022157246599368075], [3.534210527214656e-10, 1.689205422162642e-07], [3.0952676079569024e-14, 6.306275763028444e-11]]"
38.5,bdf2,28.3388,0.019880250000000002,3,2.3591956053364113e-14,6.289539695159193e-11,6.87805368215777e-11,6.306066779870889e-14,-7.712621805995732,-7.717845188425088,0.005223382429355716,1.8764940142001294e-06,1.8798494925121019e-06,-3.355478311972511e-09,0.47723005338195035,5.573546371535137e-09,1.4764303388822469e-08,-0.06061581448571149,"{""D"": 5.573546371535137e-09, ""cp"": 3374.056384350042, ""k"": 0.47723005338195035, ""rho"": 953.3205908019363}","{""D"": 5.644084514057252e-09, ""cp"": 3415.295774647889, ""k"": 0.48295774647887346, ""rho"": 976.4000000000011}","[[9.603881607176794e-07, 0.0002207882490591528], [3.5444233923972755e-10, 1.683850584021112e-07], [2.3591956053364113e-14, 6.289539695159193e-11]]"
38.75,bdf2,28.340999999999998,0.019881875,3,4.284295090387942e-14,6.272681720448021e-11,3.285549610154703e-11,1.3766765505351941e-14,-7.760351758846664,-7.765588782591237,0.005237023744573577,1.876057538446685e-06,1.8794006957001062e-06,-3.343157253421239e-09,0.4772113303917086,5.573365139202345e-09,1.4760778546862208e-08,-0.06099079160788083,"{""D"": 5.573365139202345e-09, ""cp"": 3373.921578820302, ""k"": 0.4772113303917086, ""rho"": 953.248991312017}","{""D"": 5.64411050328202e-09, ""cp"": 3415.295774647889, ""k"": 0.48295774647887346, ""rho"": 976.4000000000011}","[[9.633733812945086e-07, 0.00022001161348813572], [3.554777778937627e-10, 1.678545973239979e-07], [4.284295090387942e-14, 6.272681720448021e-11]]"
39.0,bdf2,28.3432,0.019883500000000002,3,3.5104762839895666e-14,6.255701838894932e-11,2.1645973902195692e-10,7.815970093361102e-14,-7.8080593537794245,-7.813309963792392,0.005250610012967449,1.875622517834546e-06,1.8789534728602495e-06,-3.3309550257036258e-09,0.47719266707013985,5.573184886195901e-09,1.4757266066931989e-08,-0.061365593003229454,"{""D"": 5.573184886195901e-09, ""cp"": 3373.787202905007, ""k"": 0.47719266707013985, ""rho"": 953.1776436576399}","{""D"": 5.644136520326766e-09, ""cp"": 3415.295774647889, ""k"": 0.48295774647887346, ""rho"": 976.400000000001}","[[9.663481173001992e-07, 0.0002192424378288484], [3.5649830340335727e-10, 1.6732908357383506e-07], [3.5104762839895666e-14, 6.255701838894932e-11]]"
39.25,bdf2,28.345399999999998,0.019885125,3,4.850492097614977e-14,6.239174754183257e-11,1.3869794202037156e-10,4.263256414560601e-14,-7.855744671151202,-7.861008810066039,0.005264138914837346,1.8751889391571562e-06,1.8785078088872364e-06,-3.318869730080123e-09,0.47717406284705743,5.5730056043958005e-09,1.4753765830243137e-08,-0.061740218707418894,"{""D"": 5.5730056043958005e-09, ""cp"": 3373.6532524988133, ""k"": 0.47717406284705743, ""rho"": 953.1065454219579}","{""D"": 5.644162564186218e-09, ""cp"": 3415.295774647889, ""k"": 0.48295774647887346, ""rho"": 976.400000000001}","[[9.69312461795103e-07, 0.0002184806033396729], [3.575161835879399e-10, 1.6680843529988578e-07], [4.850492097614977e-14, 6.239174754183257e-11]]"
39.5,bdf2,28.3476,0.01988675,3,3.6992043831179715e-14,6.222908898418553e-11,2.580691216280684e-10,1.6431300764452317e-14,-7.903407782534861,-7.908685399030446,0.00527761649558478,1.8747567894039092e-06,1.8780636889160376e-06,-3.3068995121283708e-09,0.4771555171613392,5.572827285803456e-09,1.4750277720217476e-08,-0.06211466975966564,"{""D"": 5.572827285803456e-09, ""cp"": 3373.519723561642, ""k"": 0.4771555171613392, ""rho"": 953.035694226566}","{""D"": 5.644188633884519e-09, ""cp"": 3415.295774647889, ""k"": 0.48295774647887346, ""rho"": 976.400000000001}","[[9.722664853799371e-07, 0.00021772599390904455], [3.5856312591596823e-10, 1.6629257587499238e-07], [3.6992043831179715e-14, 6.222908898418553e-11]]"
39.75,bdf2,28.3498,0.019888375,3,4.963723487944132e-14,6.206451474759404e-11,1.4244960766518489e-10,2.708944180085382e-14,-7.951048785439699,-7.95633980742565,0.00529102198595055,1.8743260557566314e-06,1.8776210983165639e-06,-3.295042559932451e-09,0.477137029460726,5.572649922543357e-09,1.4746801621696783e-08,-0.062488946637629876,"{""D"": 5.572649922543357e-09, ""cp"": 3373.3866121172273, ""k"": 0.477137029460726, ""rho"": 952.9650877306502}","{""D"": 5.644214728474746e-09, ""cp"": 3415.295774647889, ""k"": 0.48295774647887346, ""rho"": 976.400000000001}","[[9.75210338301374e-07, 0.0002169784959817849], [3.595558982796199e-10, 1.657814422559023e-07], [4.963723487944132e-14, 6.206451474759404e-11]]"
40.0,bdf2,28.352,0.01989,3,4.6617433529908487e-14,6.190185618994698e-11,1.0527401173021644e-10,6.661338147750939e-15,-7.998667759912644,-8.003972111265512,0.005304351352867442,1.873896725589761e-06,1.8771800226885e-06,-3.283297098739169e-09,0.4771185992016276,5.57247350685914e-09,1.4743337421857062e-08,-0.0628630499962066,"{""D"": 5.57247350685914e-09, ""cp"": 3373.253914251719, ""k"": 0.4771185992016276, ""rho"": 952.8947236301601}","{""D"": 5.644240847038582e-09, ""cp"": 3415.295774647889, ""k"": 0.48295774647887346, ""rho"": 976.4000000000011}","[[9.781441007852378e-07, 0.0002162379984883962], [3.605505549932513e-10, 1.6527495137181042e-07], [4.6617433529908487e-14, 6.190185618994698e-11]]"
40.25,bdf2,28.3542,0.019891625,3,3.378345106192395e-14,6.174059085335045e-11,4.695266397902742e-11,8.43769498715119e-14,-8.04626475118561,-8.051582385671452,0.005317634485841438,1.873468786463646e-06,1.8767404478562748e-06,-3.271661392628827e-09,0.4771002258489321,5.572298031112769e-09,1.4739885009158545e-08,-0.06323698021876198,"{""D"": 5.572298031112769e-09, ""cp"": 3373.121626112311, ""k"": 0.4771002258489321, ""rho"": 952.824599657004}","{""D"": 5.644266988685708e-09, ""cp"": 3415.295774647889, ""k"": 0.48295774647887346, ""rho"": 976.4000000000011}","[[9.81067839845849e-07, 0.0002155043927715687], [3.61593335965231e-10, 1.6477303599980104e-07], [3.378345106192395e-14, 6.174059085335045e-11]]"
40.5,bdf2,28.3564,0.01989325,3,4.8504683667573526e-14,6.158315687464281e-11,2.0236257114447653e-11,2.6201263381153694e-14,-8.093839847789114,-8.099170705310144,0.005330857521029131,1.8730422261182538e-06,1.8763023598641777e-06,-3.2601337459238388e-09,0.47708190887582225,5.57212348777792e-09,1.4736444274130771e-08,-0.06361073807327823,"{""D"": 5.57212348777792e-09, ""cp"": 3372.9897439059205, ""k"": 0.47708190887582225, ""rho"": 952.7547135782684}","{""D"": 5.64429315255357e-09, ""cp"": 3415.295774647889, ""k"": 0.4829577464788736, ""rho"": 976.4000000000012}","[[9.839817051629298e-07, 0.0002147775725245307], [3.625570342125587e-10, 1.6427562752373742e-07], [4.8504683667573526e-14, 6.158315687464281e-11]]"
40.75,bdf2,28.3586,0.019894875,3,2.0194537076284788e-14,6.142554874330387e-11,1.680291461525485e-10,3.68594044175552e-14,-8.141393120798929,-8.14673714406382,0.005344023264891362,1.8726170324757473e-06,1.8758657449716223e-06,-3.248712495875023e-09,0.4770636477635968,5.571949869440814e-09,1.4733015108747354e-08,-0.0639843240141395,"{""D"": 5.571949869440814e-09, ""cp"": 3372.858263897897, ""k"": 0.4770636477635968, ""rho"": 952.6850631954596}","{""D"": 5.644319337806702e-09, ""cp"": 3415.295774647889, ""k"": 0.4829577464788736, ""rho"": 976.4000000000012}","[[9.868857271360778e-07, 0.0002140574337233033], [3.6358622020126596e-10, 1.6378265227705652e-07], [2.0194537076284788e-14, 6.142554874330387e-11]]"
41.0,bdf2,28.360799999999998,0.0198965,3,5.284546525809504e-14,6.126863722249019e-11,2.1259438653942198e-11,8.881784197001252e-15,-8.188924641196223,-8.19428177498338,0.005357133787157409,1.8721931936318688e-06,1.8754305896485106e-06,-3.2373960166418135e-09,0.47704544200149535,5.571777168798395e-09,1.4729597406820577e-08,-0.06435773850927118,"{""D"": 5.571777168798395e-09, ""cp"": 3372.7271824107665, ""k"": 0.47704544200149535, ""rho"": 952.6156463437617}","{""D"": 5.644345543636378e-09, ""cp"": 3415.295774647889, ""k"": 0.48295774647887346, ""rho"": 976.4000000000011}","[[9.897800420445133e-07, 0.00021334387456174126], [3.6455085614070257e-10, 1.6329405888473214e-07], [5.284546525809504e-14, 6.126863722249019e-11]]"
41.25,bdf2,28.363,0.019898125,3,3.0386112349044864e-14,6.111277061746438e-11,6.275513442233205e-11,9.636735853746359e-14,-8.236434497223701,-8.241804670832664,0.005370173608962858,1.8717706978526057e-06,1.8749968805707665e-06,-3.226182718160832e-09,0.4770272910865302,5.571605378651063e-09,1.4726191063709832e-08,-0.06473098259775036,"{""D"": 5.571605378651063e-09, ""cp"": 3372.596495823018, ""k"": 0.4770272910865302, ""rho"": 952.5464608913227}","{""D"": 5.644371769260217e-09, ""cp"": 3415.295774647889, ""k"": 0.4829577464788736, ""rho"": 976.4000000000012}","[[9.926646976511108e-07, 0.0002126367953975458], [3.6555795417859897e-10, 1.6280976758485906e-07], [3.0386112349044864e-14, 6.111277061746438e-11]]"
41.5,bdf2,28.365199999999998,0.01989975,3,5.30340935809758e-14,6.096073537032747e-11,1.7325874068774283e-10,1.554312234475219e-14,-8.283922742321202,-8.289305903160482,0.00538316083927981,1.8713495335715738e-06,1.8745646046159477e-06,-3.2150710443738976e-09,0.4770091945233207,5.571434491909189e-09,1.4722795976305461e-08,-0.06510405621361974,"{""D"": 5.571434491909189e-09, ""cp"": 3372.466200567909, ""k"": 0.4770091945233207, ""rho"": 952.4775047385517}","{""D"": 5.644398013921688e-09, ""cp"": 3415.295774647889, ""k"": 0.4829577464788736, ""rho"": 976.4000000000012}","[[9.955398213642233e-07, 0.0002119360986860866], [3.6654070254934953e-10, 1.623297184689322e-07], [5.30340935809758e-14, 6.096073537032747e-11]]"
41.75,bdf2,28.3674,0.019901375,3,2.944238553546146e-14,6.080800351266533e-11,1.3676526577910408e-10,1.9095836023552692e-14,-8.33138944719401,-8.336785543471592,0.005396096277582529,1.8709296893902691e-06,1.8741337488590094e-06,-3.2040594687402334e-09,0.47699115182393326,5.571264501580029e-09,1.4719412043140849e-08,-0.0654769605728905,"{""D"": 5.571264501580029e-09, ""cp"": 3372.336293132319, ""k"": 0.47699115182393326, ""rho"": 952.4087758174414}","{""D"": 5.644424276889676e-09, ""cp"": 3415.295774647889, ""k"": 0.48295774647887346, ""rho"": 976.4000000000011}","[[9.98405467363387e-07, 0.00021124168892937506], [3.675421324995378e-10, 1.618538474487832e-07], [2.944238553546146e-14, 6.080800351266533e-11]]"
42.0,bdf2,28.3696,0.019903,3,5.13353900273112e-14,6.06519627550082e-11,2.7114310796605423e-10,1.9095836023552692e-14,-8.378834682457972,-8.384243662082724,0.005408979624752064,1.8705111540690928e-06,1.8737043005681563e-06,-3.1931464990634955e-09,0.47697316250772526,5.571095400776583e-09,1.4716039164126095e-08,-0.06584969570800998,"{""D"": 5.571095400776583e-09, ""cp"": 3372.206770055622, ""k"": 0.47697316250772526, ""rho"": 952.340272090905}","{""D"": 5.644450557458084e-09, ""cp"": 3415.295774647889, ""k"": 0.4829577464788736, ""rho"": 976.4000000000012}","[[1.0012617645664006e-06, 0.00021055347261667818], [3.684999620610297e-10, 1.6138210819981206e-07], [5.13353900273112e-14, 6.06519627550082e-11]]"
42.25,bdf2,28.3718,0.019904625,3,3.944516815648442e-14,6.050306225523494e-11,1.2187229003757238e-10,8.881784197001252e-15,-8.42625854466901,-8.4316803291415,0.005421784472490643,1.8700939165272908e-06,1.873276247200833e-06,-3.1823306735422703e-09,0.4769552261011937,5.570927182705879e-09,1.47126772408838e-08,-0.06622226248327323,"{""D"": 5.570927182705879e-09, ""cp"": 3372.0776279285947, ""k"": 0.4769552261011937, ""rho"": 952.2719915521334}","{""D"": 5.644476854945307e-09, ""cp"": 3415.2957746478896, ""k"": 0.4829577464788736, ""rho"": 976.4000000000012}","[[1.0041087263862607e-06, 0.00020987135817749757], [3.695019521408654e-10, 1.6091442148257156e-07], [3.944516815648442e-14, 6.050306225523494e-11]]"
42.5,bdf2,28.374,0.01990625,3,2.887609879747518e-14,6.035503251861824e-11,3.814193405560218e-11,2.4424906541753444e-14,-8.47366105221029,-8.47909561378799,0.005434561577700947,1.869677965838617e-06,1.8728495763997972e-06,-3.1716105611802502e-09,0.4769373421378268,5.570759840675062e-09,1.4709326176249346e-08,-0.06659466126699831,"{""D"": 5.570759840675062e-09, ""cp"": 3371.948863392353, ""k"": 0.4769373421378268, ""rho"": 952.2039322239675}","{""D"": 5.644503168693917e-09, ""cp"": 3415.2957746478896, ""k"": 0.4829577464788736, ""rho"": 976.4000000000012}","[[1.0069465262812984e-06, 0.0002091952559240989], [3.704735531954296e-10, 1.6045074166907238e-07], [2.887609879747518e-14, 6.035503251861824e-11]]"
42.75,bdf2,28.3762,0.019907875,3,3.0952126921924264e-14,6.020804769778944e-11,4.263256414560601e-11,2.220446049250313e-14,-8.521042310141336,-8.526489584733099,0.005447274591762863,1.8692632912303322e-06,1.8724242759893179e-06,-3.160984758985731e-09,0.47691951015796086,5.570593368084015e-09,1.4705985874593397e-08,-0.06696689253013824,"{""D"": 5.570593368084015e-09, ""cp"": 3371.8204731373185, ""k"": 0.47691951015796086, ""rho"": 952.1360921582909}","{""D"": 5.644529498070163e-09, ""cp"": 3415.2957746478896, ""k"": 0.4829577464788736, ""rho"": 976.4000000000012}","[[1.0097751895544228e-06, 0.00020852507800658054], [3.7143495968716427e-10, 1.5999100292961988e-07], [3.0952126921924264e-14, 6.020804769778944e-11]]"
43.0,bdf2,28.3784,0.0199095,3,4.095490694115884e-14,6.006263025064246e-11,9.595169103704393e-11,2.042810365310288e-14,-8.568402388731373,-8.57386230992887,0.005459921197497053,1.8688498820772745e-06,1.8720003339714408e-06,-3.150451894166274e-09,0.47690172970863953,5.5704277584267555e-09,1.4702656241795884e-08,-0.06733895704292667,"{""D"": 5.5704277584267555e-09, ""cp"": 3371.6924539022048, ""k"": 0.47690172970863953, ""rho"": 952.0684694354305}","{""D"": 5.644555842463555e-09, ""cp"": 3415.295774647889, ""k"": 0.4829577464788736, ""rho"": 976.4000000000012}","[[1.0125948007705224e-06, 0.0002078607383606276], [3.7240768712322383e-10, 1.5953515528240876e-07], [4.095490694115884e-14, 6.006263025064246e-11]]"
43.25,bdf2,28.380599999999998,0.019911125000000002,3,3.7935151766571996e-14,5.991425220876316e-11,1.3153567124390975e-10,8.43769498715119e-15,-8.615741323466938,-8.621213857004761,0.0054725335378229545,1.8684377279021758e-06,1.871577738522408e-06,-3.1400106202321433e-09,0.47688400034347844,5.57026300528542e-09,1.4699337184896504e-08,-0.0677108553275417,"{""D"": 5.57026300528542e-09, ""cp"": 3371.5648024730453, ""k"": 0.47688400034347844, ""rho"": 952.0010621635853}","{""D"": 5.644582201286459e-09, ""cp"": 3415.295774647889, ""k"": 0.48295774647887346, ""rho"": 976.4000000000011}","[[1.015405431471794e-06, 0.00020720215266467105], [3.733834312519901e-10, 1.5908314195368133e-07], [3.7935151766571996e-14, 5.991425220876316e-11]]"
43.5,bdf2,28.3828,0.01991275,3,5.397732514520521e-14,5.97716212037172e-11,1.502939994679764e-10,4.263256414560601e-14,-8.663059219153052,-8.668544292761737,0.005485073608685553,1.8680268183694711e-06,1.8711564779890998e-06,-3.1296596196286713e-09,0.4768663216225312,5.570099102333392e-09,1.4696028612352988e-08,-0.06808258767404192,"{""D"": 5.570099102333392e-09, ""cp"": 3371.4375156822243, ""k"": 0.4768663216225312, ""rho"": 951.933868478256}","{""D"": 5.644608573973612e-09, ""cp"": 3415.295774647889, ""k"": 0.48295774647887346, ""rho"": 976.4000000000011}","[[1.0182071977410374e-06, 0.00020654923829251714], [3.743240682143377e-10, 1.5863490303493234e-07], [5.397732514520521e-14, 5.97716212037172e-11]]"
43.75,bdf2,28.384999999999998,0.019914375,3,2.227034217364547e-14,5.963020926709043e-11,1.2607870303327218e-10,2.886579864025407e-14,-8.710356111115077,-8.715853683681019,0.005497572565941411,1.8676171432870588e-06,1.8707365408856165e-06,-3.119397598557712e-09,0.47684869311216005,5.5699360433288304e-09,1.4692730434106178e-08,-0.06845415480384534,"{""D"": 5.5699360433288304e-09, ""cp"": 3371.310590407553, ""k"": 0.47684869311216005, ""rho"": 951.8668865416987}","{""D"": 5.6446379944932864e-09, ""cp"": 3415.295774647889, ""k"": 0.4829577464788736, ""rho"": 976.4000000000012}","[[1.021000142244156e-06, 0.00020590191427102922], [3.7529678660286844e-10, 1.5819039498800394e-07], [2.227034217364547e-14, 5.963020926709043e-11]]"
44.0,bdf2,28.3872,0.019916,3,4.2653323530031175e-14,5.948722995678185e-11,9.526957001071423e-11,6.661338147750939e-14,-8.757632077972374,-8.763142095233434,0.0055100172610593745,1.8672086925983374e-06,1.8703179158899491e-06,-3.1092232916117582e-09,0.4768311143849112,5.56977382211952e-09,1.4689442561087505e-08,-0.06882555710509919,"{""D"": 5.56977382211952e-09, ""cp"": 3371.1840235713607, ""k"": 0.4768311143849112, ""rho"": 951.8001145423918}","{""D"": 5.644667683551776e-09, ""cp"": 3415.295774647889, ""k"": 0.48295774647887346, ""rho"": 976.4000000000011}","[[1.023784363889016e-06, 0.00020526010123728594], [3.7623647394001907e-10, 1.577495636514279e-07], [4.2653323530031175e-14, 5.948722995678185e-11]]"
44.25,bdf2,28.3894,0.019917625,3,5.284477134411377e-14,5.934755954646824e-11,1.5847945178393275e-10,5.46229728115577e-14,-8.8048871895903,-8.810409592722124,0.00552240313182395,1.8668014563837087e-06,1.8699005918407115e-06,-3.0991354570028163e-09,0.47681358501939064,5.56961243263337e-09,1.4686164905654165e-08,-0.06919679515535446,"{""D"": 5.56961243263337e-09, ""cp"": 3371.057812139612, ""k"": 0.47681358501939064, ""rho"": 951.733550694514}","{""D"": 5.644697429230215e-09, ""cp"": 3415.295774647889, ""k"": 0.48295774647887346, ""rho"": 976.400000000001}","[[1.0265599030765347e-06, 0.00020462372139643613], [3.771874821843336e-10, 1.5731235486373576e-07], [5.284477134411377e-14, 5.934755954646824e-11]]"
44.5,bdf2,28.3916,0.01991925,3,4.435181599447368e-14,5.920667006773541e-11,2.760316419880837e-10,4.6629367034256575e-14,-8.852121498409609,-8.857656240759582,0.005534742349972532,1.866395424855308e-06,1.8694845577339602e-06,-3.0891328786522482e-09,0.4767961046001443,5.569451868881715e-09,1.4682897381417116e-08,-0.06956786953720225,"{""D"": 5.569451868881715e-09, ""cp"": 3370.9319531210394, ""k"": 0.4767961046001443, ""rho"": 951.6671932374336}","{""D"": 5.644727230670802e-09, ""cp"": 3415.295774647889, ""k"": 0.48295774647887346, ""rho"": 976.400000000001}","[[1.0293268655085859e-06, 0.00020399269848669408], [3.78144149362295e-10, 1.568787195138856e-07], [4.435181599447368e-14, 5.920667006773541e-11]]"
44.75,bdf2,28.3938,0.019920875,3,5.1146083935994666e-14,5.906665135215915e-11,1.4995293895481154e-10,4.75175454539567e-14,-8.899335074142165,-8.904882103297496,0.005547029155330563,1.8659905883563615e-06,1.8690698027201133e-06,-3.0792143637517407e-09,0.4767786727175427,5.569292124957661e-09,1.4679639903147446e-08,-0.06993878037561352,"{""D"": 5.569292124957661e-09, ""cp"": 3370.8064435663073, ""k"": 0.4767786727175427, ""rho"": 951.6010404352181}","{""D"": 5.644757087033965e-09, ""cp"": 3415.295774647889, ""k"": 0.48295774647887346, ""rho"": 976.400000000001}","[[1.0320853215941022e-06, 0.00020336695773231876], [3.790904333220601e-10, 1.5644861214804058e-07], [5.1146083935994666e-14, 5.906665135215915e-11]]"
45.0,bdf2,28.396,0.0199225,3,3.755741758954828e-14,5.89302898418405e-11,2.3874235921539366e-10,3.730349362740526e-14,-8.946527969078486,-8.952087244193763,0.005559275115276208,1.8655869373603891e-06,1.8686563161009152e-06,-3.0693787405260788e-09,0.47676128896766523,5.5691331950291015e-09,1.4676392386859448e-08,-0.07030952894165253,"{""D"": 5.5691331950291015e-09, ""cp"": 3370.68128056719, ""k"": 0.47676128896766523, ""rho"": 951.5350905761464}","{""D"": 5.644786997498238e-09, ""cp"": 3415.2957746478887, ""k"": 0.48295774647887346, ""rho"": 976.400000000001}","[[1.0348353277758095e-06, 0.0002027464258164456], [3.8001746374630477e-10, 1.560219812170218e-07], [3.755741758954828e-14, 5.89302898418405e-11]]"
45.25,bdf2,28.3982,0.019924125,3,3.2839114962491024e-14,5.879514739994104e-11,3.362856659805402e-10,2.353672812205332e-14,-8.99370026145311,-8.999271726067093,0.005571464613982613,1.8651844624624346e-06,1.8682440873265286e-06,-3.059624864093979e-09,0.4767439529521913,5.5689750733482006e-09,1.4673154749579381e-08,-0.07068011486456004,"{""D"": 5.5689750733482006e-09, ""cp"": 3370.5564612557773, ""k"": 0.4767439529521913, ""rho"": 951.4693419722446}","{""D"": 5.644816961260007e-09, ""cp"": 3415.2957746478887, ""k"": 0.48295774647887346, ""rho"": 976.400000000001}","[[1.037576972014389e-06, 0.00020213103083702597], [3.8097261205733526e-10, 1.5559877708732947e-07], [3.2839114962491024e-14, 5.879514739994104e-11]]"
45.5,bdf2,28.400399999999998,0.01992575,3,3.642495742474798e-14,5.865687021067792e-11,2.4203927750932053e-10,5.46229728115577e-14,-9.04085201208114,-9.046435611493564,0.005583599412423368,1.8647831543850555e-06,1.8678331059926392e-06,-3.0499516075837725e-09,0.4767266642782908,5.568817754238685e-09,1.466992690975698e-08,-0.07105053914285248,"{""D"": 5.568817754238685e-09, ""cp"": 3370.4319828036937, ""k"": 0.4767266642782908, ""rho"": 951.4037929588224}","{""D"": 5.644846977533424e-09, ""cp"": 3415.2957746478887, ""k"": 0.48295774647887346, ""rho"": 976.400000000001}","[[1.0403103115071998e-06, 0.00020152070227408658], [3.819054871596315e-10, 1.5517896214199508e-07], [3.642495742474798e-14, 5.865687021067792e-11]]"
45.75,bdf2,28.4026,0.019927375,3,3.019682438821223e-14,5.852172776877846e-11,3.058175934711471e-11,4.1300296516055823e-14,-9.087983273033958,-9.093578962406923,0.005595689372965396,1.8643830039678135e-06,1.8674233618376697e-06,-3.0403578698562276e-09,0.4767094225585191,5.5686612321000924e-09,1.4666708786742291e-08,-0.0714208021764454,"{""D"": 5.5686612321000924e-09, ""cp"": 3370.307842421338, ""k"": 0.4767094225585191, ""rho"": 951.3384418940271}","{""D"": 5.644877045550012e-09, ""cp"": 3415.2957746478887, ""k"": 0.48295774647887346, ""rho"": 976.400000000001}","[[1.0430354168514116e-06, 0.00020091537095768533], [3.828483619742837e-10, 1.5476247995556615e-07], [3.019682438821223e-14, 5.852172776877846e-11]]"
46.0,bdf2,28.404799999999998,0.019929,3,5.737390631662138e-14,5.839076499003051e-11,5.7411853049416095e-11,3.019806626980426e-14,-9.135094113655587,-9.140701840178167,0.005607726522580236,1.8639840021728458e-06,1.8670148447400325e-06,-3.0308425671866867e-09,0.4766922274107136,5.568505501405711e-09,1.4663500300940719e-08,-0.07179090432584558,"{""D"": 5.568505501405711e-09, ""cp"": 3370.1840373571385, ""k"": 0.4766922274107136, ""rho"": 951.2732871584052}","{""D"": 5.644907164558498e-09, ""cp"": 3415.2957746478887, ""k"": 0.48295774647887346, ""rho"": 976.400000000001}","[[1.0457523607200627e-06, 0.00020031496903255832], [3.8376028206518826e-10, 1.5434929621997426e-07], [5.737390631662138e-14, 5.839076499003051e-11]]"
46.25,bdf2,28.407,0.019930625,3,5.001338561566343e-14,5.825893144812601e-11,3.5083758120890707e-10,1.7319479184152442e-14,-9.18218459454749,-9.187804305901182,0.00561971135369177,1.8635861400787463e-06,1.866607544715501e-06,-3.02140463675463e-09,0.47667507845789403,5.5683505566985606e-09,1.4660301374043107e-08,-0.07216084630000034,"{""D"": 5.5683505566985606e-09, ""cp"": 3370.0605648968376, ""k"": 0.47667507845789403, ""rho"": 951.2083271544802}","{""D"": 5.644937333824691e-09, ""cp"": 3415.2957746478887, ""k"": 0.48295774647887346, ""rho"": 976.400000000001}","[[1.0484611967243454e-06, 0.0001997194299293847], [3.846922045595511e-10, 1.5393936356570377e-07], [5.001338561566343e-14, 5.825893144812601e-11]]"
46.5,bdf2,28.4092,0.01993225,3,3.3593861427578543e-14,5.812866527990332e-11,1.440412233932875e-10,9.237055564881302e-14,-9.229254758900336,-9.234886419925203,0.0056316610248678955,1.8631894088768256e-06,1.866201451914603e-06,-3.012043037777429e-09,0.4766579753281648,5.568196392594633e-09,1.465711192864339e-08,-0.07253062833651279,"{""D"": 5.568196392594633e-09, ""cp"": 3369.9374223627865, ""k"": 0.4766579753281648, ""rho"": 951.1435603063364}","{""D"": 5.6449675526311745e-09, ""cp"": 3415.2957746478887, ""k"": 0.48295774647887346, ""rho"": 976.400000000001}","[[1.0511620154663632e-06, 0.0001991286883285629], [3.856275211888001e-10, 1.5353263427493366e-07], [3.3593861427578543e-14, 5.812866527990332e-11]]"
46.75,bdf2,28.4114,0.019933875,3,3.83120600019221e-14,5.7995960974842247e-11,1.127773430198431e-10,5.551115123125783e-14,-9.276304684520163,-9.281948242204408,0.005643557684244627,1.8627937998718729e-06,1.8657965566200683e-06,-3.002756748195484e-09,0.476640917654618,5.568043003778222e-09,1.465393188840934e-08,-0.07290025107475868,"{""D"": 5.568043003778222e-09, ""cp"": 3369.81460711325, ""k"": 0.476640917654618, ""rho"": 951.0789850592109}","{""D"": 5.644997820277122e-09, ""cp"": 3415.2957746478887, ""k"": 0.48295774647887346, ""rho"": 976.400000000001}","[[1.0538548760301815e-06, 0.00019854268013199788], [3.8652886352452994e-10, 1.531290763035798e-07], [3.83120600019221e-14, 5.7995960974842247e-11]]"
47.0,bdf2,28.4136,0.0199355,3,4.5106269273977286e-14,5.786534650135694e-11,4.0961367631098256e-10,7.993605777301127e-14,-9.323334423132598,-9.328989832113166,0.0056554089805676,1.8623993044799477e-06,1.8653928492443717e-06,-2.993544764424041e-09,0.47662390507524166,5.567890385002532e-09,1.4650761178109734e-08,-0.0732697147920512,"{""D"": 5.567890385002532e-09, ""cp"": 3369.69211654174, ""k"": 0.47662390507524166, ""rho"": 951.0145998790995}","{""D"": 5.645028136078103e-09, ""cp"": 3415.2957746478887, ""k"": 0.48295774647887346, ""rho"": 976.4000000000009}","[[1.0565398316491785e-06, 0.00019796134243906815], [3.8743907318930445e-10, 1.5272863914737908e-07], [4.5106269273977286e-14, 5.786534650135694e-11]]"
47.25,bdf2,28.415799999999997,0.019937125,3,5.152300612470009e-14,5.7735602791028186e-11,5.297806637827307e-11,5.950795411990839e-14,-9.370344043737092,-9.376011248608052,0.005667204870960063,1.8620059142250393e-06,1.8649903203273219e-06,-2.9844061022826025e-09,0.47660693723282777,5.5677385310869694e-09,1.4647599723414081e-08,-0.07363902000263539,"{""D"": 5.5677385310869694e-09, ""cp"": 3369.5699480763597, ""k"": 0.47660693723282777, ""rho"": 950.9504032523715}","{""D"": 5.64505849936586e-09, ""cp"": 3415.2957746478887, ""k"": 0.48295774647887346, ""rho"": 976.400000000001}","[[1.059216938576299e-06, 0.00019738461350953107], [3.883604148982319e-10, 1.5233128501521048e-07], [5.152300612470009e-14, 5.7735602791028186e-11]]"
47.5,bdf2,28.418,0.01993875,3,4.1520327129945283e-14,5.7613695949108556e-11,3.452669261605479e-10,2.5757174171303632e-14,-9.41733359792686,-9.423012550332999,0.005678952406139359,1.8616136207390864e-06,1.8645889605336889e-06,-2.9753397946024787e-09,0.4765900137748835,5.567587436914976e-09,1.4644447450907472e-08,-0.07400816756905815,"{""D"": 5.567587436914976e-09, ""cp"": 3369.4480991791615, ""k"": 0.4765900137748835, ""rho"": 950.8863936853902}","{""D"": 5.645088909488039e-09, ""cp"": 3415.2957746478887, ""k"": 0.48295774647887346, ""rho"": 976.400000000001}","[[1.0618862543854996e-06, 0.0001968124327415799], [3.89292322425267e-10, 1.5193697385196877e-07], [4.1520327129945283e-14, 5.7613695949108556e-11]]"
47.75,bdf2,28.420199999999998,0.019940375,3,5.718475328522625e-14,5.748395223877981e-11,1.0106759873451665e-10,4.085620730620576e-14,-9.464303128561914,-9.469993795140397,0.005690666578482606,1.8612224157583306e-06,1.8641887606509317e-06,-2.9663448926011017e-09,0.4765731343535452,5.567437097437428e-09,1.4641304288382086e-08,-0.07437715733451628,"{""D"": 5.567437097437428e-09, ""cp"": 3369.3265673455257, ""k"": 0.4765731343535452, ""rho"": 950.8225697041491}","{""D"": 5.645119365808037e-09, ""cp"": 3415.2957746478887, ""k"": 0.48295774647887346, ""rho"": 976.400000000001}","[[1.064547895345177e-06, 0.0001962447406451983], [3.9018176300729067e-10, 1.5154567274280673e-07], [5.718475328522625e-14, 5.748395223877981e-11]]"
48.0,bdf2,28.4224,0.019942,3,2.2081217793784244e-14,5.735751742844603e-11,3.785771696129814e-10,1.3766765505351941e-14,-9.51125270444667,-9.516955040911057,0.005702336464386448,1.860832291121087e-06,1.8637897115869236e-06,-2.9574204658367075e-09,0.47655629862549276,5.567287507663802e-09,1.4638170164388194e-08,-0.07474599026229571,"{""D"": 5.567287507663802e-09, ""cp"": 3369.205350103548, ""k"": 0.47655629862549276, ""rho"": 950.7589298539078}","{""D"": 5.645149867704807e-09, ""cp"": 3415.2957746478887, ""k"": 0.48295774647887346, ""rho"": 976.400000000001}","[[1.0672018599569556e-06, 0.00019568147881168343], [3.9110271829187234e-10, 1.5115733675634545e-07], [2.2081217793784244e-14, 5.735751742844603e-11]]"
48.25,bdf2,28.424599999999998,0.019943625,3,6.47337572429085e-14,5.723073431284963e-11,2.4715518520679325e-10,3.907985046680551e-14,-9.558182411657603,-9.56389634435908,0.00571393270147702,1.860443238768757e-06,1.8633918043677685e-06,-2.9485655990114225e-09,0.47653950625186703,5.567138662672425e-09,1.463504500837561e-08,-0.07511466619037145,"{""D"": 5.567138662672425e-09, ""cp"": 3369.0844450134423, ""k"": 0.47653950625186703, ""rho"": 950.6954726988429}","{""D"": 5.645180414572615e-09, ""cp"": 3415.2957746478887, ""k"": 0.48295774647887346, ""rho"": 976.400000000001}","[[1.069848241652835e-06, 0.000195122589893793], [3.919887558631025e-10, 1.50771929494685e-07], [6.47337572429085e-14, 5.723073431284963e-11]]"
48.5,bdf2,28.4268,0.01994525,3,5.548601810687409e-14,5.7108827470930006e-11,1.723492459859699e-10,1.9984014443252818e-14,-9.605092249522317,-9.610817762460044,0.005725512937727828,1.8600552507409282e-06,1.8629950301356675e-06,-2.9397793947393672e-09,0.47652275689818935,5.566990557595866e-09,1.4631928750859331e-08,-0.07548318613647521,"{""D"": 5.566990557595866e-09, ""cp"": 3368.963849666963, ""k"": 0.47652275689818935, ""rho"": 950.6321968217069}","{""D"": 5.645211005820782e-09, ""cp"": 3415.2957746478887, ""k"": 0.48295774647887346, ""rho"": 976.400000000001}","[[1.0724870742264807e-06, 0.00019456801757875114], [3.929004575018049e-10, 1.503894102061096e-07], [5.548601810687409e-14, 5.7108827470930006e-11]]"
48.75,bdf2,28.429,0.019946875,3,5.4353591932387344e-14,5.6987268934273006e-11,3.1116087484406307e-10,6.039613253960852e-14,-9.651982312661758,-9.657719351304195,0.005737038642436687,1.8596683191769976e-06,1.8625993801468186e-06,-2.9310609698209816e-09,0.4765060502342825,5.5668431876307936e-09,1.4628821323113477e-08,-0.07585155033031525,"{""D"": 5.5668431876307936e-09, ""cp"": 3368.8435616868337, ""k"": 0.4765060502342825, ""rho"": 950.569100823491}","{""D"": 5.645241640873523e-09, ""cp"": 3415.2957746478887, ""k"": 0.48295774647887346, ""rho"": 976.400000000001}","[[1.0751184622444801e-06, 0.00019401982643555294], [3.937908299114189e-10, 1.5000975172280882e-07], [5.4353591932387344e-14, 5.6987268934273006e-11]]"
49.0,bdf2,28.4312,0.0199485,3,4.52946111098006e-14,5.6862227344989734e-11,1.7189449863508344e-10,4.04121180963557e-14,-9.698852643624793,-9.70460116681977,0.0057485231949776505,1.859282436308808e-06,1.8622048457693779e-06,-2.9224094605698035e-09,0.4764893859341939,5.566696548030166e-09,1.4625722657310419e-08,-0.07621975934493674,"{""D"": 5.566696548030166e-09, ""cp"": 3368.723578726196, ""k"": 0.4764893859341939, ""rho"": 950.5061833231005}","{""D"": 5.6452723191697264e-09, ""cp"": 3415.2957746478887, ""k"": 0.48295774647887346, ""rho"": 976.400000000001}","[[1.0777423934508155e-06, 0.00019347733596923516], [3.947102634115144e-10, 1.4963291189984582e-07], [4.52946111098006e-14, 5.6862227344989734e-11]]"
49.25,bdf2,28.4334,0.019950125,3,4.019892391472804e-14,5.67453709293782e-11,1.1004885891452432e-10,4.1744385725905886e-14,-9.745703293569186,-9.751463264380789,0.005759970811602955,1.8588975944670142e-06,1.8618114184814434e-06,-2.913824014429172e-09,0.47647276367611924,5.566550634105876e-09,1.4622632686655499e-08,-0.07658781348100402,"{""D"": 5.566550634105876e-09, ""cp"": 3368.603898468058, ""k"": 0.47647276367611924, ""rho"": 950.4434429570309}","{""D"": 5.6453030401627604e-09, ""cp"": 3415.2957746478887, ""k"": 0.48295774647887346, ""rho"": 976.400000000001}","[[1.080359016196489e-06, 0.00019293894502276949], [3.95571565871614e-10, 1.4925885555838908e-07], [4.019892391472804e-14, 5.67453709293782e-11]]"
49.5,bdf2,28.435599999999997,0.01995175,3,6.454468114883862e-14,5.662050349272624e-11,1.532498572487384e-10,3.907985046680551e-14,-9.792534330927808,-9.798305698694776,0.005771367766968183,1.8585137860724013e-06,1.8614190898691318e-06,-2.905303796730492e-09,0.47645618314232985,5.566405441228964e-09,1.4619551344945079e-08,-0.07695571298227927,"{""D"": 5.566405441228964e-09, ""cp"": 3368.484518624775, ""k"": 0.47645618314232985, ""rho"": 950.3808783790612}","{""D"": 5.645333803320289e-09, ""cp"": 3415.2957746478887, ""k"": 0.48295774647887346, ""rho"": 976.400000000001}","[[1.082968311431184e-06, 0.00019240460221155132], [3.9645702250842516e-10, 1.4888755152511767e-07], [6.454468114883862e-14, 5.662050349272624e-11]]"
49.75,bdf2,28.4378,0.019953375,3,6.662060731741085e-14,5.65022538560642e-11,1.3574208423960954e-10,1.8207657603852567e-14,-9.839345806739471,-9.845128524426627,0.0057827176871558805,1.8581310036375036e-06,1.8610278516246484e-06,-2.8968479871448e-09,0.47643964401910033,5.566260964822683e-09,1.4616478566966175e-08,-0.07732345852745785,"{""D"": 5.566260964822683e-09, ""cp"": 3368.3654369375226, ""k"": 0.47643964401910033, ""rho"": 950.3184882599437}","{""D"": 5.6453646081239276e-09, ""cp"": 3415.2957746478887, ""k"": 0.48295774647887346, ""rho"": 976.400000000001}","[[1.0855703659804565e-06, 0.00019187425704577225], [3.973370031109053e-10, 1.4851896270552103e-07], [6.662060731741085e-14, 5.65022538560642e-11]]"
50.0,bdf2,28.439999999999998,0.019955,3,4.189733349817653e-14,5.63845266772961e-11,4.0949998947326094e-10,5.595524044110789e-14,-9.886137763319033,-9.89193179585186,0.005794032532827842,1.8577492397665966e-06,1.8606376955444364e-06,-2.8884557778398335e-09,0.4764231459966386,5.566117200364995e-09,1.4613414288233168e-08,-0.0776910505762482,"{""D"": 5.566117200364995e-09, ""cp"": 3368.246651175798, ""k"": 0.4764231459966386, ""rho"": 950.2562712871098}","{""D"": 5.645395454069251e-09, ""cp"": 3415.295774647889, ""k"": 0.48295774647887346, ""rho"": 976.400000000001}","[[1.0881652040124626e-06, 0.00019134785991492046], [3.982441574167405e-10, 1.481530565330572e-07], [4.189733349817653e-14, 5.63845266772961e-11]]"
50.25,bdf2,28.4422,0.019956625,3,4.7936536471083493e-14,5.6263142293270417e-11,4.6406967157963663e-10,3.3306690738754696e-14,-9.932910286256194,-9.938715566448764,0.005805280192570095,1.8573684871494743e-06,1.860248613527343e-06,-2.8801263778687204e-09,0.4764066887690165,5.565974143391394e-09,1.4610358445232241e-08,-0.07805848939570316,"{""D"": 5.565974143391394e-09, ""cp"": 3368.1281591369184, ""k"": 0.4764066887690165, ""rho"": 950.1942261643749}","{""D"": 5.645426340665409e-09, ""cp"": 3415.295774647889, ""k"": 0.48295774647887346, ""rho"": 976.400000000001}","[[1.090752926506994e-06, 0.0001908253620661859], [3.991252644539065e-10, 1.4778980305347348e-07], [4.7936536471083493e-14, 5.6263142293270417e-11]]"
50.5,bdf2,28.444399999999998,0.01995825,3,3.378201040704582e-14,5.614698248818416e-11,2.270326149300672e-10,6.439293542825908e-14,-9.979663365755718,-9.985479889682836,0.005816523927117956,1.8569887385642387e-06,1.8598605975728427e-06,-2.871859008604047e-09,0.47639027203410267,5.5658317894866926e-09,1.4607310975074649e-08,-0.07842577577089985,"{""D"": 5.5658317894866926e-09, ""cp"": 3368.00995864554, ""k"": 0.47639027203410267, ""rho"": 950.1323516116549}","{""D"": 5.645457267435018e-09, ""cp"": 3415.2957746478887, ""k"": 0.48295774647887346, ""rho"": 976.400000000001}","[[1.0933335540461495e-06, 0.0001903067155853035], [4.0001240777721285e-10, 1.474291646498016e-07], [3.378201040704582e-14, 5.614698248818416e-11]]"
50.75,bdf2,28.4466,0.019959875,3,3.321579504689185e-14,5.602977776731001e-11,1.4347278920467943e-10,2.6645352591003757e-14,-10.026397121957825,-10.032224818338875,0.005827696381050629,1.8566099868766723e-06,1.8594736397793088e-06,-2.8636529026365044e-09,0.4763738954934982,5.565690134290527e-09,1.4604271815676094e-08,-0.07879290944250616,"{""D"": 5.565690134290527e-09, ""cp"": 3367.892047553187, ""k"": 0.4763738954934982, ""rho"": 950.0706463646894}","{""D"": 5.645488233913896e-09, ""cp"": 3415.2957746478887, ""k"": 0.48295774647887346, ""rho"": 976.400000000001}","[[1.0959071581681122e-06, 0.00018979187337809277], [4.008912441785786e-10, 1.47071114676689e-07], [3.321579504689185e-14, 5.602977776731001e-11]]"
51.0,bdf2,28.4488,0.0199615,3,4.076479458024441e-14,5.5912224741173224e-11,8.185452315956354e-11,2.0872192862952943e-14,-10.073111562290427,-10.078950404947307,0.005838842656880061,1.8562322250314832e-06,1.8590877323422844e-06,-2.8555073108012378e-09,0.4763575588524701,5.5655491734924135e-09,1.4601240905705919e-08,-0.07915989147110769,"{""D"": 5.5655491734924135e-09, ""cp"": 3367.7744237377847, ""k"": 0.4763575588524701, ""rho"": 950.0091091747655}","{""D"": 5.645519239650906e-09, ""cp"": 3415.2957746478887, ""k"": 0.48295774647887346, ""rho"": 976.400000000001}","[[1.0984738005970968e-06, 0.00018928078915321687], [4.0173874912143257e-10, 1.4671562213496716e-07], [4.076479458024441e-14, 5.5912224741173224e-11]]"
51.25,bdf2,28.451,0.019963124999999998,3,4.925740586384728e-14,5.5799373836081913e-11,1.9610979506978765e-10,3.774758283725532e-14,-10.119806772117297,-10.125656701480068,0.005849929362771178,1.855855446060056e-06,1.8587028675528358e-06,-2.8474214927798044e-09,0.47634126181989034,5.565408902833825e-09,1.4598218184748692e-08,-0.07952672167873064,"{""D"": 5.565408902833825e-09, ""cp"": 3367.65708510321, ""k"": 0.47634126181989034, ""rho"": 949.9477388084538}","{""D"": 5.64555028420774e-09, ""cp"": 3415.2957746478887, ""k"": 0.48295774647887346, ""rho"": 976.400000000001}","[[1.1010334964419948e-06, 0.00018877341740459336], [4.0262135414923113e-10, 1.4636264853690466e-07], [4.925740586384728e-14, 5.5799373836081913e-11]]"
51.5,bdf2,28.4532,0.01996475,3,3.9632351768873426e-14,5.568721954151586e-11,5.184119800105691e-11,1.2434497875801753e-14,-10.166482758762118,-10.172343759869307,0.005861001107188457,1.8554796430745855e-06,1.8583190377959194e-06,-2.8393947213338564e-09,0.4763250041081737,5.5652693181025304e-09,1.4595203592867886e-08,-0.07989340105165282,"{""D"": 5.5652693181025304e-09, ""cp"": 3367.5400295788504, ""k"": 0.4763250041081737, ""rho"": 949.8865340473471}","{""D"": 5.6455813671587164e-09, ""cp"": 3415.2957746478887, ""k"": 0.48295774647887346, ""rho"": 976.400000000001}","[[1.1035863042185402e-06, 0.0001882697133931078], [4.035047111037855e-10, 1.460121717651173e-07], [3.9632351768873426e-14, 5.568721954151586e-11]]"
51.75,bdf2,28.455399999999997,0.019966375,3,4.56715167392454e-14,5.557297541537404e-11,3.8198777474462986e-11,3.952393967665557e-14,-10.213139616144632,-10.219011631390629,0.005872015245996565,1.8551048092657547e-06,1.8579362355487809e-06,-2.831426283026177e-09,0.4763087854332172,5.5651304151376425e-09,1.4592197071074173e-08,-0.08025992960785569,"{""D"": 5.5651304151376425e-09, ""cp"": 3367.423255119164, ""k"": 0.4763087854332172, ""rho"": 949.825493687805}","{""D"": 5.645612488090632e-09, ""cp"": 3415.2957746478887, ""k"": 0.48295774647887346, ""rho"": 976.400000000001}","[[1.1061323152805412e-06, 0.0001877696331312886], [4.0435145237399714e-10, 1.4566416430348935e-07], [4.56715167392454e-14, 5.557297541537404e-11]]"
52.0,bdf2,28.4576,0.019968,3,5.737242020723857e-14,5.546012451028272e-11,4.5361048250924796e-11,1.4654943925052066e-14,-10.259777377477878,-10.265660366947316,0.0058829894694376605,1.8547309379039283e-06,1.8575544533794111e-06,-2.8235154754828584e-09,0.4762926055143426,5.564992189826127e-09,1.4589198560899442e-08,-0.08062630784491137,"{""D"": 5.564992189826127e-09, ""cp"": 3367.306759703267, ""k"": 0.4762926055143426, ""rho"": 949.7646165407058}","{""D"": 5.645643646602471e-09, ""cp"": 3415.295774647889, ""k"": 0.48295774647887346, ""rho"": 976.400000000001}","[[1.1086715288837473e-06, 0.0001872731333676331], [4.0522121519868285e-10, 1.453185860969156e-07], [5.737242020723857e-14, 5.546012451028272e-11]]"
52.25,bdf2,28.459799999999998,0.019969625,3,3.6612622196401497e-14,5.534762191045403e-11,1.0027179087046534e-10,2.1316282072803006e-14,-10.306396084589009,-10.31229001739149,0.005893932802480961,1.8543580223362714e-06,1.8571736839449965e-06,-2.8156616087250497e-09,0.47627646407423696,5.5648546380990346e-09,1.4586208004787539e-08,-0.08099253648988178,"{""D"": 5.5648546380990346e-09, ""cp"": 3367.1905413345066, ""k"": 0.47627646407423696, ""rho"": 949.7039014311995}","{""D"": 5.645674842305268e-09, ""cp"": 3415.295774647889, ""k"": 0.48295774647887346, ""rho"": 976.4000000000011}","[[1.111204022982208e-06, 0.00018678017156779933], [4.0608097264742137e-10, 1.44975423909796e-07], [3.6612622196401497e-14, 5.534762191045403e-11]]"
52.5,bdf2,28.462,0.01997125,3,3.491405958717651e-14,5.52394731264082e-11,1.6427748050773516e-10,5.417888360170764e-14,-10.3529958052453,-10.358900632763834,0.0059048275185347165,1.8539860559880935e-06,1.8567939199904532e-06,-2.8078640023597716e-09,0.47626036083889833,5.564717755938002e-09,1.4583225345657155e-08,-0.08135861544464723,"{""D"": 5.564717755938002e-09, ""cp"": 3367.074598040068, ""k"": 0.47626036083889833, ""rho"": 949.6433471984726}","{""D"": 5.645706074822008e-09, ""cp"": 3415.295774647889, ""k"": 0.48295774647887346, ""rho"": 976.400000000001}","[[1.1137298543926516e-06, 0.00018629070590537566], [4.0693072474976673e-10, 1.4463463542304126e-07], [3.491405958717651e-14, 5.52394731264082e-11]]"
52.75,bdf2,28.464199999999998,0.019972875,3,5.171049537536016e-14,5.5129234510786586e-11,1.6302692529279739e-10,6.661338147750939e-14,-10.399576572508206,-10.405492262897553,0.005915690389347361,1.8536150323567119e-06,1.8564151543469524e-06,-2.800121990240504e-09,0.4762442955375791,5.564581539368782e-09,1.4580250527245077e-08,-0.08172454524759526,"{""D"": 5.564581539368782e-09, ""cp"": 3366.95892787057, ""k"": 0.4762442955375791, ""rho"": 949.5829526955124}","{""D"": 5.645737343787199e-09, ""cp"": 3415.295774647889, ""k"": 0.48295774647887346, ""rho"": 976.4000000000011}","[[1.1162490378460998e-06, 0.00018580469523871856], [4.07783304797041e-10, 1.4429619956418296e-07], [5.171049537536016e-14, 5.5129234510786586e-11]]"
53.0,bdf2,28.4664,0.0199745,3,5.1521713278045264e-14,5.5014990384644753e-11,4.75210981676355e-11,9.814371537686384e-14,-10.44613846270555,-10.452064957243579,0.005926494538028848,1.853244945014101e-06,1.8560373799305039e-06,-2.7924349164029096e-09,0.47622826790273365,5.5644459844622056e-09,1.4577283493906984e-08,-0.08209032620620323,"{""D"": 5.5644459844622056e-09, ""cp"": 3366.8435288996825, ""k"": 0.47622826790273365, ""rho"": 949.5227167888806}","{""D"": 5.645768648846934e-09, ""cp"": 3415.295774647889, ""k"": 0.4829577464788736, ""rho"": 976.4000000000012}","[[1.1187616507300179e-06, 0.00018532209910381248], [4.086477715387652e-10, 1.439600910810895e-07], [5.1521713278045264e-14, 5.5014990384644753e-11]]"
53.25,bdf2,28.4686,0.019976125,3,5.2653999563955406e-14,5.490893143217468e-11,1.311946107307449e-10,2.3092638912203256e-14,-10.492681491473869,-10.498618765201684,0.00593727372781494,1.852875787607985e-06,1.8556605897405225e-06,-2.7848021325374997e-09,0.4762122776699633,5.564311087330375e-09,1.4574324190695164e-08,-0.08245595896978306,"{""D"": 5.564311087330375e-09, ""cp"": 3366.7283992237362, ""k"": 0.4762122776699633, ""rho"": 949.4626383584837}","{""D"": 5.645799989658611e-09, ""cp"": 3415.295774647889, ""k"": 0.4829577464788736, ""rho"": 976.4000000000012}","[[1.1212676970180746e-06, 0.0001848428776961579], [4.0950846083814187e-10, 1.4362627514323466e-07], [5.2653999563955406e-14, 5.490893143217468e-11]]"
53.5,bdf2,28.4708,0.01997775,3,5.001180716289806e-14,5.479869281655309e-11,1.4563283912139013e-10,1.0658141036401503e-14,-10.539205726378851,-10.54515373550089,0.0059480091220383,1.8525075538540373e-06,1.8552847768585053e-06,-2.777223004467954e-09,0.47619632457796723,5.564176844131875e-09,1.4571372563215028e-08,-0.08282144377674647,"{""D"": 5.564176844131875e-09, ""cp"": 3366.613536961364, ""k"": 0.47619632457796723, ""rho"": 949.4027162973608}","{""D"": 5.645831365890684e-09, ""cp"": 3415.295774647889, ""k"": 0.48295774647887346, ""rho"": 976.4000000000011}","[[1.1237672942956781e-06, 0.00018436699185683906], [4.10342537124185e-10, 1.4329473538027113e-07], [5.001180716289806e-14, 5.479869281655309e-11]]"
53.75,bdf2,28.473,0.019979375,3,3.661237606908054e-14,5.469420123776483e-11,4.229150363244116e-11,2.220446049250313e-14,-10.585711200287168,-10.591669916654212,0.005958716367043593,1.8521402375381454e-06,1.8549099344466507e-06,-2.769696908505278e-09,0.4761804083684896,5.564043251066765e-09,1.4568428557804762e-08,-0.08318678108596159,"{""D"": 5.564043251066765e-09, ""cp"": 3366.4989402531255, ""k"": 0.4761804083684896, ""rho"": 949.3429495114642}","{""D"": 5.645862777222516e-09, ""cp"": 3415.295774647889, ""k"": 0.4829577464788736, ""rho"": 976.4000000000012}","[[1.1262604248331087e-06, 0.000183894403062423], [4.112028430876699e-10, 1.4296543783243574e-07], [3.661237606908054e-14, 5.469420123776483e-11]]"
54.0,bdf2,28.475199999999997,0.019981,3,3.793339835207871e-14,5.458692321687556e-11,3.255991032347083e-10,2.6645352591003757e-14,-10.632197980666453,-10.638167356626127,0.0059693759596743945,1.8517738325187953e-06,1.854536055746578e-06,-2.762223227782694e-09,0.4761645287862719,5.563910304379103e-09,1.4565492121375073e-08,-0.08355197109059628,"{""D"": 5.563910304379103e-09, ""cp"": 3366.3846072611577, ""k"": 0.4761645287862719, ""rho"": 949.2833369194525}","{""D"": 5.64589422334431e-09, ""cp"": 3415.295774647889, ""k"": 0.4829577464788736, ""rho"": 976.4000000000012}","[[1.1287471720564714e-06, 0.00018342507340806722], [4.1205333247153206e-10, 1.4263835933742853e-07], [3.793339835207871e-14, 5.458692321687556e-11]]"
54.25,bdf2,28.4774,0.019982625,3,3.7744632263790345e-14,5.448034180651155e-11,8.355982572538778e-11,2.9753977059954195e-14,-10.678666082965842,-10.68464610335269,0.00598002038684875,1.851408332718123e-06,1.8541631340780215e-06,-2.754801359898628e-09,0.47614868557900347,5.563778000351475e-09,1.4562563201396685e-08,-0.0839170142658524,"{""D"": 5.563778000351475e-09, ""cp"": 3366.270536168825, ""k"": 0.47614868557900347, ""rho"": 949.2238774524835}","{""D"": 5.645925703956769e-09, ""cp"": 3415.295774647889, ""k"": 0.48295774647887346, ""rho"": 976.4000000000011}","[[1.1312275642844696e-06, 0.00018295896559637339], [4.1288626765568235e-10, 1.423134807384601e-07], [3.7744632263790345e-14, 5.448034180651155e-11]]"
54.5,bdf2,28.479599999999998,0.01998425,3,4.2840109033718935e-14,5.4372889632990964e-11,7.469225238310173e-11,2.3092638912203256e-14,-10.72511560054208,-10.73110620419726,0.0059906036551797825,1.8510437321288532e-06,1.8537911628375858e-06,-2.7474307087326794e-09,0.47613287849727426,5.56364633530939e-09,1.4559641746160737e-08,-0.08428191103764475,"{""D"": 5.56364633530939e-09, ""cp"": 3366.1567251803745, ""k"": 0.47613287849727426, ""rho"": 949.1645700540137}","{""D"": 5.64595721877097e-09, ""cp"": 3415.295774647889, ""k"": 0.4829577464788736, ""rho"": 976.4000000000012}","[[1.1337016451223736e-06, 0.00018249604292467446], [4.137267488481064e-10, 1.4199077208127782e-07], [4.2840109033718935e-14, 5.4372889632990964e-11]]"
54.75,bdf2,28.4818,0.019985875,3,4.5293455868546615e-14,5.4272751869985563e-11,1.4529177860822529e-10,3.774758283725532e-14,-10.771546557412703,-10.777547706354085,0.0060011489413813734,1.8506800248097056e-06,1.8534201354974862e-06,-2.7401106877806007e-09,0.4761171072945277,5.56351530561696e-09,1.4556727704192206e-08,-0.08464666181855342,"{""D"": 5.56351530561696e-09, ""cp"": 3366.0431725205995, ""k"": 0.4761171072945277, ""rho"": 949.1054136795979}","{""D"": 5.645988767508232e-09, ""cp"": 3415.295774647889, ""k"": 0.48295774647887346, ""rho"": 976.4000000000011}","[[1.136169441001577e-06, 0.00018203626927284393], [4.14578927919603e-10, 1.416702042823923e-07], [4.5293455868546615e-14, 5.4272751869985563e-11]]"
55.0,bdf2,28.483999999999998,0.0199875,3,5.5106975203920285e-14,5.416477723857105e-11,8.549250196665525e-11,2.6645352591003757e-14,-10.817958986213087,-10.823970656645088,0.006011670432000571,1.8503172048826228e-06,1.853050045604387e-06,-2.7328407217642957e-09,0.47610137172701683,5.563384907678195e-09,1.4553821024988443e-08,-0.08501126669778991,"{""D"": 5.563384907678195e-09, ""cp"": 3365.9298764345217, ""k"": 0.47610137172701683, ""rho"": 949.046407296702}","{""D"": 5.646020349899908e-09, ""cp"": 3415.295774647889, ""k"": 0.48295774647887346, ""rho"": 976.400000000001}","[[1.1386310495017913e-06, 0.00018157960909336918], [4.1538448956855124e-10, 1.4135176462866147e-07], [5.5106975203920285e-14, 5.416477723857105e-11]]"
55.25,bdf2,28.4862,0.019989125,3,4.000912810760727e-14,5.4063246254515124e-11,3.2446223485749215e-10,3.597122599785507e-14,-10.864352962836492,-10.870375101501395,0.006022138664903309,1.8499552665341881e-06,1.8526808867781734e-06,-2.725620243985265e-09,0.4760856715537579,5.5632551379366306e-09,1.4550921658332716e-08,-0.08537572640430523,"{""D"": 5.5632551379366306e-09, ""cp"": 3365.8168351870568, ""k"": 0.4760856715537579, ""rho"": 948.9875498845078}","{""D"": 5.646051965687304e-09, ""cp"": 3415.295774647889, ""k"": 0.48295774647887346, ""rho"": 976.4000000000011}","[[1.14108646516012e-06, 0.00018112602739515517], [4.1623364321139214e-10, 1.410354174187958e-07], [4.000912810760727e-14, 5.4063246254515124e-11]]"
55.5,bdf2,28.4884,0.019990749999999998,3,5.6805348037992404e-14,5.3961366965196584e-11,2.6636826078174636e-10,4.929390229335695e-14,-10.910728485187631,-10.916761087074178,0.006032601886547084,1.849594204015861e-06,1.8523126527108175e-06,-2.7184486949564356e-09,0.47607000653648734,5.563125992873657e-09,1.4548029554711838e-08,-0.08574004091483893,"{""D"": 5.563125992873657e-09, ""cp"": 3365.704047062709, ""k"": 0.47607000653648734, ""rho"": 948.9288404337308}","{""D"": 5.646083614621239e-09, ""cp"": 3415.295774647889, ""k"": 0.48295774647887346, ""rho"": 976.4000000000011}","[[1.143535722522821e-06, 0.00018067548973742915], [4.1707165929007807e-10, 1.4072114767566914e-07], [5.6805348037992404e-14, 5.3961366965196584e-11]]"
55.75,bdf2,28.4906,0.019992375,3,2.3778955639473813e-14,5.3857049539039644e-11,6.343725544866174e-11,3.597122599785507e-14,-10.957085655049669,-10.96312865938387,0.006043004334200575,1.8492340116385301e-06,1.851945337165243e-06,-2.711325526712924e-09,0.47605437643961934,5.562997469006599e-09,1.4545144665239108e-08,-0.08610421122114963,"{""D"": 5.562997469006599e-09, ""cp"": 3365.591510365259, ""k"": 0.47605437643961934, ""rho"": 948.8702779464389}","{""D"": 5.646115296462233e-09, ""cp"": 3415.295774647889, ""k"": 0.48295774647887346, ""rho"": 976.4000000000011}","[[1.1459789150172587e-06, 0.00018022796221563457], [4.1790419949529324e-10, 1.404089311920656e-07], [2.3778955639473813e-14, 5.3857049539039644e-11]]"
56.0,bdf2,28.4928,0.019994,3,3.35924542952856e-14,5.375447363919585e-11,1.268745108973235e-10,4.4853010194856324e-14,-11.003424504879261,-11.0094778637702,0.00605335889093972,1.8488746837764564e-06,1.8515789339741956e-06,-2.704250197739156e-09,0.47603878103020303,5.5628695628933805e-09,1.4542266941236771e-08,-0.08646823703112017,"{""D"": 5.5628695628933805e-09, ""cp"": 3365.479223417461, ""k"": 0.47603878103020303, ""rho"": 948.8118614358714}","{""D"": 5.646147010980172e-09, ""cp"": 3415.295774647889, ""k"": 0.48295774647887346, ""rho"": 976.4000000000011}","[[1.1484160364255795e-06, 0.00017978341145045895], [4.187357931620027e-10, 1.4009874619890639e-07], [3.35924542952856e-14, 5.375447363919585e-11]]"
56.25,bdf2,28.494999999999997,0.019995625,3,4.7746523327059913e-14,5.365607740250358e-11,2.637534635141492e-11,6.750155989720952e-14,-11.04974504977317,-11.055808745446427,0.00606369567325693,1.8485162148629217e-06,1.851213437039179e-06,-2.6972221762572585e-09,0.4760232200778822,5.5627422711267235e-09,1.4539396335079538e-08,-0.08683211881307962,"{""D"": 5.5627422711267235e-09, ""cp"": 3365.3671845607523, ""k"": 0.4760232200778822, ""rho"": 948.7535899262687}","{""D"": 5.6461790950082534e-09, ""cp"": 3415.295774647889, ""k"": 0.48295774647887346, ""rho"": 976.4000000000011}","[[1.1508471720597932e-06, 0.00017934180458086817], [4.1953586741724237e-10, 1.3979056413515987e-07], [4.7746523327059913e-14, 5.365607740250358e-11]]"
56.5,bdf2,28.4972,0.01999725,3,6.020206865326334e-14,5.355733286054868e-11,4.1040948417503387e-11,8.881784197001252e-15,-11.09604735674235,-11.10212134938564,0.006073992643290893,1.8481585993927537e-06,1.8508488403293629e-06,-2.690240936609173e-09,0.4760076933548548,5.5626155903346806e-09,1.4536532799179863e-08,-0.08719585706589607,"{""D"": 5.5626155903346806e-09, ""cp"": 3365.2553921549543, ""k"": 0.4760076933548548, ""rho"": 948.695462452698}","{""D"": 5.6462139874230895e-09, ""cp"": 3415.295774647889, ""k"": 0.48295774647887346, ""rho"": 976.4000000000011}","[[1.153272330044754e-06, 0.00017890310924947744], [4.2033442904025865e-10, 1.394843698495472e-07], [6.020206865326334e-14, 5.355733286054868e-11]]"
56.75,bdf2,28.499399999999998,0.019998875,3,3.547954803116732e-14,5.345458280807358e-11,1.227817847393453e-10,5.240252676230739e-14,-11.14233145811818,-11.14841572037193,0.006084262253748918,1.8478018319164622e-06,1.8504851378805493e-06,-2.68330596408707e-09,0.4759922006358328,5.562489517179691e-09,1.4533676286847429e-08,-0.08755945234119347,"{""D"": 5.562489517179691e-09, ""cp"": 3365.143844577996, ""k"": 0.4759922006358328, ""rho"": 948.6374780608879}","{""D"": 5.646248940415673e-09, ""cp"": 3415.295774647889, ""k"": 0.48295774647887346, ""rho"": 976.400000000001}","[[1.1556915254880566e-06, 0.00017846729359454047], [4.2117677107300134e-10, 1.3918014610095786e-07], [3.547954803116732e-14, 5.345458280807358e-11]]"
57.0,bdf2,28.5016,0.0200005,3,2.7741954884532692e-14,5.3357753945063135e-11,2.0736479200422764e-10,2.2648549702353193e-14,-11.188597420824852,-11.194691902596787,0.006094481771935278,1.8474459070428837e-06,1.8501223237941462e-06,-2.6764167512625224e-09,0.4759767416980044,5.5623640483618894e-09,1.4530826751672266e-08,-0.08792290467260984,"{""D"": 5.5623640483618894e-09, ""cp"": 3365.0325402256317, ""k"": 0.4759767416980044, ""rho"": 948.5796358070634}","{""D"": 5.646283953543263e-09, ""cp"": 3415.295774647889, ""k"": 0.48295774647887346, ""rho"": 976.400000000001}","[[1.158104855402065e-06, 0.000178034326242809], [4.219909907422442e-10, 1.388778566656445e-07], [2.7741954884532692e-14, 5.3357753945063135e-11]]"
57.25,bdf2,28.5038,0.020002125,3,5.661616873045171e-14,5.3257790334689033e-11,2.6761881599668413e-10,9.769962616701378e-14,-11.234845268452107,-11.240949939904965,0.006104671452858312,1.8470908194398173e-06,1.849760392236164e-06,-2.669572796346647e-09,0.4759613163209959,5.5622391806162554e-09,1.452798414784006e-08,-0.08828621425201987,"{""D"": 5.5622391806162554e-09, ""cp"": 3364.9214775111705, ""k"": 0.4759613163209959, ""rho"": 948.5219347577863}","{""D"": 5.646319026371725e-09, ""cp"": 3415.295774647889, ""k"": 0.48295774647887346, ""rho"": 976.4000000000011}","[[1.1605123113040721e-06, 0.00017760417629298836], [4.2281143528466164e-10, 1.3857749544826504e-07], [5.661616873045171e-14, 5.3257790334689033e-11]]"
57.5,bdf2,28.506,0.02000375,3,3.5856865148930345e-14,5.31623546927291e-11,6.764366844436154e-11,7.682743330406083e-14,-11.281075033209,-11.2871898763089,0.006114843099901179,1.8467365638274576e-06,1.8493993374362104e-06,-2.6627736087527846e-09,0.4759459242868337,5.562114910707272e-09,1.4525148430060462e-08,-0.0886493819536955,"{""D"": 5.562114910707272e-09, ""cp"": 3364.8106548652027, ""k"": 0.4759459242868337, ""rho"": 948.4643739897937}","{""D"": 5.646354158475553e-09, ""cp"": 3415.295774647889, ""k"": 0.48295774647887346, ""rho"": 976.4000000000011}","[[1.1629139496312208e-06, 0.0001771768133150411], [4.236456534887981e-10, 1.382790324945669e-07], [3.5856865148930345e-14, 5.31623546927291e-11]]"
57.75,bdf2,28.5082,0.020005375,3,5.869195821920317e-14,5.3060475403410555e-11,6.52562448522076e-11,6.350475700855895e-14,-11.32728679055273,-11.333411755221334,0.006124964668604349,1.8463831349869802e-06,1.84903915368655e-06,-2.6560186995699175e-09,0.47593056537990885,5.5619912354357666e-09,1.4522319553533593e-08,-0.0890124078036616,"{""D"": 5.5619912354357666e-09, ""cp"": 3364.7000707353436, ""k"": 0.47593056537990885, ""rho"": 948.4069525898481}","{""D"": 5.6463893494376104e-09, ""cp"": 3415.295774647889, ""k"": 0.48295774647887346, ""rho"": 976.4000000000011}","[[1.1653098351242336e-06, 0.0001767522073353836], [4.2441589261242276e-10, 1.3798245631047642e-07], [5.869195821920317e-14, 5.3060475403410555e-11]]"
58.0,bdf2,28.510399999999997,0.020007,3,4.717997561064709e-14,5.2966258829869826e-11,5.434230843093246e-11,5.906386491005833e-14,-11.373480563953148,-11.379615619806316,0.00613505585316787,1.8460305277457982e-06,1.8486798353411315e-06,-2.64930759533331e-09,0.47591523938694025,5.561868151635033e-09,1.4519497473832066e-08,-0.08937529219521365,"{""D"": 5.561868151635033e-09, ""cp"": 3364.5897235859693, ""k"": 0.47591523938694025, ""rho"": 948.349669654581}","{""D"": 5.6464245988490926e-09, ""cp"": 3415.295774647889, ""k"": 0.48295774647887346, ""rho"": 976.400000000001}","[[1.1676999694912012e-06, 0.00017633032882957207], [4.2523085553995297e-10, 1.376877346777568e-07], [4.717997561064709e-14, 5.2966258829869826e-11]]"
58.25,bdf2,28.5126,0.020008625,3,2.6420755416154952e-14,5.287448039316749e-11,1.2846612662542611e-10,1.865174681370263e-14,-11.419656402813594,-11.425801512926625,0.006145110113031649,1.8456787369925898e-06,1.8483213768146792e-06,-2.642639822089488e-09,0.47589994609694064,5.561745656170941e-09,1.4516682147158713e-08,-0.08973803528074323,"{""D"": 5.561745656170941e-09, ""cp"": 3364.479611897973, ""k"": 0.47589994609694064, ""rho"": 948.2925242903486}","{""D"": 5.646459906309447e-09, ""cp"": 3415.2957746478887, ""k"": 0.48295774647887346, ""rho"": 976.400000000001}","[[1.1700844001104162e-06, 0.0001759111487144653], [4.2605827104570283e-10, 1.3739485836631862e-07], [2.6420755416154952e-14, 5.287448039316749e-11]]"
58.5,bdf2,28.514799999999997,0.02001025,3,3.094999147223023e-14,5.277817398805098e-11,2.603428583825007e-10,1.865174681370263e-14,-11.465814347840617,-11.471969477167931,0.006155129327314768,1.8453277576644033e-06,1.8479637725817744e-06,-2.6360149173711678e-09,0.4758846853011821,5.561623745941259e-09,1.4513873530086352e-08,-0.09010063773088106,"{""D"": 5.561623745941259e-09, ""cp"": 3364.369734168511, ""k"": 0.4758846853011821, ""rho"": 948.2355156130839}","{""D"": 5.646495271426297e-09, ""cp"": 3415.295774647889, ""k"": 0.48295774647887346, ""rho"": 976.400000000001}","[[1.1724631773795463e-06, 0.00017549463833899483], [4.2684982690063954e-10, 1.3710380560708285e-07], [3.094999147223023e-14, 5.277817398805098e-11]]"
58.75,bdf2,28.517,0.020011875,3,2.7930447283397904e-14,5.268099681977791e-11,7.366907084360719e-11,8.43769498715119e-15,-11.511954431045762,-11.518119554835948,0.0061651237901863,1.8449775847512567e-06,1.8476070171759586e-06,-2.629432424701918e-09,0.4758694567931613,5.5615024178752546e-09,1.4511071579674556e-08,-0.09046309945109317,"{""D"": 5.5615024178752546e-09, ""cp"": 3364.260088910761, ""k"": 0.4758694567931613, ""rho"": 948.1786427481534}","{""D"": 5.646530693815296e-09, ""cp"": 3415.295774647889, ""k"": 0.48295774647887346, ""rho"": 976.400000000001}","[[1.1748363081020208e-06, 0.0001750807694754573], [4.276693103302551e-10, 1.3681455898478648e-07], [2.7930447283397904e-14, 5.268099681977791e-11]]"
59.0,bdf2,28.519199999999998,0.0200135,3,2.509962914920766e-14,5.258538702518666e-11,1.7473666957812384e-10,2.2648549702353193e-14,-11.558076719027625,-11.564251788014701,0.006175068987076315,1.844628213294957e-06,1.8472511051888524e-06,-2.622891893895374e-09,0.47585426036856737,5.5613816689326374e-09,1.45082762534535e-08,-0.0908254212787474,"{""D"": 5.5613816689326374e-09, ""cp"": 3364.150674653685, ""k"": 0.47585426036856737, ""rho"": 948.1219048302164}","{""D"": 5.646566173100015e-09, ""cp"": 3415.2957746478887, ""k"": 0.48295774647887346, ""rho"": 976.400000000001}","[[1.1772038596600609e-06, 0.00017466951431272245], [4.2847048507368226e-10, 1.3652709707865577e-07], [2.509962914920766e-14, 5.258538702518666e-11]]"
59.25,bdf2,28.5214,0.020015124999999998,3,4.8123292335342627e-14,5.249273782532776e-11,1.5188561519607902e-10,4.39648317751562e-14,-11.604181217753062,-11.610366218449997,0.006185000696934395,1.8442796383885741e-06,1.8468960312693056e-06,-2.616392880731459e-09,0.4758390958252492,5.561261496104321e-09,1.4505487509417663e-08,-0.09118760306270159,"{""D"": 5.561261496104321e-09, ""cp"": 3364.0414899417938, ""k"": 0.4758390958252492, ""rho"": 948.065301003089}","{""D"": 5.646601708911849e-09, ""cp"": 3415.2957746478887, ""k"": 0.48295774647887346, ""rho"": 976.400000000001}","[[1.1795658603709235e-06, 0.00017426084544804784], [4.292442926902122e-10, 1.3624139550732248e-07], [4.8123292335342627e-14, 5.249273782532776e-11]]"
59.5,bdf2,28.5236,0.02001675,3,5.038785828072935e-14,5.239765048863045e-11,5.2011728257639334e-11,1.5987211554602254e-14,-11.65026800239987,-11.656462887745533,0.006194885345664147,1.8439318551724687e-06,1.8465417901225422e-06,-2.6099349500734667e-09,0.4758239629631833,5.561141896410166e-09,1.4502705305966298e-08,-0.09154964548131153,"{""D"": 5.561141896410166e-09, ""cp"": 3363.9325333349198, ""k"": 0.4758239629631833, ""rho"": 948.0088304196067}","{""D"": 5.64663730089004e-09, ""cp"": 3415.2957746478887, ""k"": 0.48295774647887346, ""rho"": 976.400000000001}","[[1.1819223206235676e-06, 0.00017385473587854547], [4.3004640525184154e-10, 1.3595744922036014e-07], [5.038785828072935e-14, 5.239765048863045e-11]]"
59.75,bdf2,28.5258,0.020018374999999998,3,5.265241874719225e-14,5.230639450982205e-11,3.866489350912161e-10,2.6201263381153694e-14,-11.696337087517575,-11.702541837215108,0.006204749697532819,1.8435848588385655e-06,1.8461883765093357e-06,-2.6035176707701915e-09,0.4758088615844427,5.561022866899877e-09,1.4499929601955134e-08,-0.09191154863976572,"{""D"": 5.561022866899877e-09, ""cp"": 3363.8238034079877, ""k"": 0.4758088615844427, ""rho"": 947.9524922414937}","{""D"": 5.6466729486812954e-09, ""cp"": 3415.2957746478887, ""k"": 0.48295774647887346, ""rho"": 976.400000000001}","[[1.1842733047803937e-06, 0.00017345115899404168], [4.3082964306817724e-10, 1.3567523000504256e-07], [5.265241874719225e-14, 5.230639450982205e-11]]"
60.0,bdf2,28.528,0.02002,3,4.2461577617832305e-14,5.221270039417524e-11,6.94626578479074e-11,3.5083047578154947e-14,-11.74238853955195,-11.748603107854194,0.0062145683022443166,1.8432386446263357e-06,1.8458357852452117e-06,-2.597140618875926e-09,0.47579379149316714,5.5609044046529756e-09,1.4497160356637772e-08,-0.09227331317543098,"{""D"": 5.5609044046529756e-09, ""cp"": 3363.7152987508034, ""k"": 0.47579379149316714, ""rho"": 947.8962856392338}","{""D"": 5.646708651939923e-09, ""cp"": 3415.2957746478887, ""k"": 0.48295774647887346, ""rho"": 976.400000000001}","[[1.1866188349307725e-06, 0.00017305008857185225], [4.316268431564751e-10, 1.3539472305839596e-07], [4.2461577617832305e-14, 5.221270039417524e-11]]"
60.25,bdf2,28.530766666666665,0.020022124999999998,3,6.057844441718945e-14,5.2120399499578957e-11,1.1391421139705926e-10,3.1530333899354446e-14,-11.802335583722135,-11.808697469734852,0.006361886012717477,1.8428928454738414e-06,1.845483614162181e-06,-2.590768688339583e-09,0.4757787526226728,5.560787602813674e-09,1.4494394411372147e-08,-0.09274529302867708,"{""D"": 5.560787602813674e-09, ""cp"": 3363.607018883244, ""k"": 0.4757787526226728, ""rho"": 947.840210265949}","{""D"": 5.646744410332987e-09, ""cp"": 3415.2957746478887, ""k"": 0.48295774647887346, ""rho"": 976.400000000001}","[[1.2043542580761321e-06, 0.00017265147690477954], [4.333596970068523e-10, 1.3511532180680566e-07], [6.057844441718945e-14, 5.2120399499578957e-11]]"
60.5,bdf2,28.53353333333333,0.02002425,3,7.246758360663973e-14,5.202914352077055e-11,1.0606981959426776e-10,1.1546319456101628e-14,-11.862280592495706,-11.868697118522675,0.006416526026969294,1.8425478088394388e-06,1.8451322580558212e-06,-2.5844492163824074e-09,0.47576374477578787,5.5606720919423135e-09,1.4491634866980556e-08,-0.09321652907580259,"{""D"": 5.5606720919423135e-09, ""cp"": 3363.4989623856727, ""k"": 0.47576374477578787, ""rho"": 947.7842652889315}","{""D"": 5.646780223569415e-09, ""cp"": 3415.2957746478887, ""k"": 0.48295774647887346, ""rho"": 976.400000000001}","[[1.2169289777587155e-06, 0.00017225518815586096], [4.348947650957187e-10, 1.348374353348025e-07], [7.246758360663973e-14, 5.202914352077055e-11]]"
60.75,bdf2,28.536299999999997,0.020026375,3,5.170857692251481e-14,5.1940325678800545e-11,3.0331648304127157e-10,1.0347278589506459e-13,-11.922158562729498,-11.92862172287903,0.0064631601495310775,1.842203541464825e-06,1.844781711728526e-06,-2.578170263701043e-09,0.47574876775535513,5.560557683792565e-09,1.4488881682587728e-08,-0.0936871759148578,"{""D"": 5.560557683792565e-09, ""cp"": 3363.3911278385567, ""k"": 0.47574876775535513, ""rho"": 947.7284498765641}","{""D"": 5.646816091479712e-09, ""cp"": 3415.2957746478887, ""k"": 0.48295774647887346, ""rho"": 976.400000000001}","[[1.2268917682956821e-06, 0.00017186117704854717], [4.363879298273955e-10, 1.345611735326969e-07], [5.170857692251481e-14, 5.1940325678800545e-11]]"
61.0,bdf2,28.539066666666667,0.0200285,3,5.0198775412430816e-14,5.1850288768411335e-11,1.291482476517558e-10,8.43769498715119e-14,-11.981977641943944,-11.988482195610572,0.00650455366662861,1.841860039207997e-06,1.8444319700675397e-06,-2.5719308595425806e-09,0.47573382136758424,5.560444272820207e-09,1.448613481801426e-08,-0.09415731897624899,"{""D"": 5.560444272820207e-09, ""cp"": 3363.283513846607, ""k"": 0.47573382136758424, ""rho"": 947.6727632108064}","{""D"": 5.646852014156631e-09, ""cp"": 3415.2957746478887, ""k"": 0.48295774647887346, ""rho"": 976.400000000001}","[[1.235405357286891e-06, 0.00017146945788320723], [4.378303222376292e-10, 1.3428654580473088e-07], [5.0198775412430816e-14, 5.1850288768411335e-11]]"
61.25,bdf2,28.541833333333333,0.020030625,3,4.8500260296806485e-14,5.1759206942234254e-11,3.9676706364843994e-11,6.572520305780927e-14,-12.041742991105501,-12.048285265235847,0.00654227413034647,1.8415172976835906e-06,1.844083028043655e-06,-2.56573036006436e-09,0.47571890542200246,5.560331793026022e-09,1.4483394233761653e-08,-0.09462701123986425,"{""D"": 5.560331793026022e-09, ""cp"": 3363.176119038418, ""k"": 0.47571890542200246, ""rho"": 947.6172044869847}","{""D"": 5.646887992129494e-09, ""cp"": 3415.2957746478887, ""k"": 0.48295774647887346, ""rho"": 976.4000000000009}","[[1.2430254109317458e-06, 0.000171080048822045], [4.3924553249102433e-10, 1.3401355058353082e-07], [4.8500260296806485e-14, 5.1759206942234254e-11]]"
61.5,bdf2,28.5446,0.02003275,3,5.8124752885673e-14,5.166934418447637e-11,6.821210263296962e-11,2.6201263381153694e-14,-12.101458264812146,-12.108035482086166,0.006577217274019276,1.8411753124830064e-06,1.8437348807020526e-06,-2.5595682190461735e-09,0.47570401973106613,5.560220199012687e-09,1.4480659890930633e-08,-0.09509628824959315,"{""D"": 5.560220199012687e-09, ""cp"": 3363.0689420636763, ""k"": 0.47570401973106613, ""rho"": 947.5617729123285}","{""D"": 5.646924026515505e-09, ""cp"": 3415.2957746478887, ""k"": 0.48295774647887346, ""rho"": 976.4000000000008}","[[1.2500411987146445e-06, 0.0001706929537648603], [4.4061450053313954e-10, 1.337421688864599e-07], [5.8124752885673e-14, 5.166934418447637e-11]]"
61.75,bdf2,28.547366666666665,0.020034875,3,6.001184474862648e-14,5.158174541092556e-11,5.820766091346741e-11,1.021405182655144e-14,-12.161126130709313,-12.167736158934872,0.006610028225559006,1.8408340792053893e-06,1.8433875231543065e-06,-2.553443948917222e-09,0.4756891641098221,5.560109457100511e-09,1.4477931751135601e-08,-0.09556517632577745,"{""D"": 5.560109457100511e-09, ""cp"": 3362.961981590719, ""k"": 0.4756891641098221, ""rho"": 947.506467704689}","{""D"": 5.646960119093187e-09, ""cp"": 3415.2957746478887, ""k"": 0.48295774647887346, ""rho"": 976.4000000000008}","[[1.2566170312093192e-06, 0.00017030816455399558], [4.419928980684482e-10, 1.334723857363918e-07], [6.001184474862648e-14, 5.158174541092556e-11]]"
62.0,bdf2,28.55013333333333,0.020037,3,6.75604191163977e-14,5.14910118900111e-11,8.628830983070657e-11,4.4853010194856324e-14,-12.220748754198011,-12.227389844514391,0.0066410903163802715,1.8404935934720694e-06,1.8430409505726024e-06,-2.5473571005329914e-09,0.4756743383756641,5.559999540854058e-09,1.4475209776423572e-08,-0.0960336950776022,"{""D"": 5.559999540854058e-09, ""cp"": 3362.855236304781, ""k"": 0.4756743383756641, ""rho"": 947.4512880916163}","{""D"": 5.6469962722740256e-09, ""cp"": 3415.2957746478887, ""k"": 0.48295774647887346, ""rho"": 976.4000000000008}","[[1.262854382725183e-06, 0.00016992566639048267], [4.4335751308495477e-10, 1.3320419068416864e-07], [6.75604191163977e-14, 5.14910118900111e-11]]"
62.25,bdf2,28.552899999999998,0.020039124999999998,3,3.9630363146664926e-14,5.14074186269805e-11,3.057039066334255e-10,1.0658141036401503e-14,-12.280327850427076,-12.286998582480635,0.006670732053558837,1.8401538509398117e-06,1.8426951581856488e-06,-2.541307245837123e-09,0.475659542348161,5.559890428635033e-09,1.4472493929314135e-08,-0.0965018611296505,"{""D"": 5.559890428635033e-09, ""cp"": 3362.7487049067595, ""k"": 0.475659542348161, ""rho"": 947.3962333097038}","{""D"": 5.6470324889877044e-09, ""cp"": 3415.2957746478887, ""k"": 0.48295774647887346, ""rho"": 976.4000000000008}","[[1.2688203797380805e-06, 0.0001695454413301569], [4.4469721148513435e-10, 1.329375624831694e-07], [3.9630363146664926e-14, 5.14074186269805e-11]]"
62.5,bdf2,28.555666666666667,0.02004125,3,6.69940999012283e-14,5.131564019027815e-11,2.446540747769177e-10,2.6201263381153694e-14,-12.339864883364692,-12.346564061343202,0.006699177978509496,1.8398148472961031e-06,1.8423501412758287e-06,-2.5352939797255222e-09,0.4756447758489386,5.559782102185321e-09,1.4469784172917922e-08,-0.09696968732488996,"{""D"": 5.559782102185321e-09, ""cp"": 3362.6423861123585, ""k"": 0.4756447758489386, ""rho"": 947.3413026041326}","{""D"": 5.6470687725185525e-09, ""cp"": 3415.2957746478887, ""k"": 0.48295774647887346, ""rho"": 976.4000000000008}","[[1.2745620908729341e-06, 0.00016916746997798805], [4.460159564711856e-10, 1.326724875494888e-07], [6.69940999012283e-14, 5.131564019027815e-11]]"
62.75,bdf2,28.558433333333333,0.020043375,3,6.246484132618155e-14,5.122873802725257e-11,4.1177372622769326e-10,8.43769498715119e-15,-12.399361100445399,-12.406087709472047,0.006726609026648234,1.8394765782692973e-06,1.8420058951770072e-06,-2.5293169077099577e-09,0.4756300387015888,5.559674545728803e-09,1.4467080470333568e-08,-0.09743718500354291,"{""D"": 5.559674545728803e-09, ""cp"": 3362.5362786514397, ""k"": 0.4756300387015888, ""rho"": 947.2864952283212}","{""D"": 5.647105126334737e-09, ""cp"": 3415.2957746478887, ""k"": 0.48295774647887346, ""rho"": 976.4000000000009}","[[1.28011413114572e-06, 0.00016879173224982388], [4.473331858852062e-10, 1.3240895108015326e-07], [6.246484132618155e-14, 5.122873802725257e-11]]"
63.0,bdf2,28.5612,0.0200455,3,6.491805976979659e-14,5.1142880780014896e-11,3.75734998669941e-11,4.529709940470639e-14,-12.458817653728119,-12.465570757150601,0.006753103422482809,1.8391390396258641e-06,1.8416624152728679e-06,-2.523375647003747e-09,0.4756153307316021,5.559567745384581e-09,1.446438278548961e-08,-0.09790436372965619,"{""D"": 5.559567745384581e-09, ""cp"": 3362.430381267535, ""k"": 0.4756153307316021, ""rho"": 947.2318104436589}","{""D"": 5.647141553939768e-09, ""cp"": 3415.2957746478887, ""k"": 0.48295774647887346, ""rho"": 976.4000000000009}","[[1.2855027705710149e-06, 0.0001684182077513464], [4.486455029091629e-10, 1.3214692939040488e-07], [6.491805976979659e-14, 5.1142880780014896e-11]]"
63.25,bdf2,28.563966666666666,0.020047625,3,4.3027030569979626e-14,5.1057894295933786e-11,1.9031176634598523e-10,1.4654943925052066e-14,-12.518235470139748,-12.525014279798086,0.006778809658337437,1.838802227169062e-06,1.84131969699553e-06,-2.5174698264679692e-09,0.47560065176631117,5.5594616887581815e-09,1.446169108246965e-08,-0.09837123217645825,"{""D"": 5.5594616887581815e-09, ""cp"": 3362.32469271744, ""k"": 0.47560065176631117, ""rho"": 947.1772475192848}","{""D"": 5.6471780587599425e-09, ""cp"": 3415.2957746478887, ""k"": 0.48295774647887346, ""rho"": 976.4000000000009}","[[1.2907486007637644e-06, 0.00016804687597207776], [4.499589464865085e-10, 1.3188641516583319e-07], [4.3027030569979626e-14, 5.1057894295933786e-11]]"
63.5,bdf2,28.56673333333333,0.020049749999999998,3,4.944327805184156e-14,5.0971166285539536e-11,7.23048287909478e-11,4.3076653355456074e-14,-12.577615407231862,-12.58441922860385,0.0068038213719869844,1.8384661367437996e-06,1.8409777358243886e-06,-2.5115990805890613e-09,0.4755860016348449,5.559356364651675e-09,1.445900532570243e-08,-0.09883779766324093,"{""D"": 5.559356364651675e-09, ""cp"": 3362.2192117708837, ""k"": 0.4755860016348449, ""rho"": 947.1228057319022}","{""D"": 5.647214644068403e-09, ""cp"": 3415.2957746478887, ""k"": 0.48295774647887346, ""rho"": 976.4000000000009}","[[1.2958681252789312e-06, 0.00016767771640885452], [4.512152037754905e-10, 1.3162739969880656e-07], [4.944327805184156e-14, 5.0971166285539536e-11]]"
63.75,bdf2,28.569499999999998,0.020051875,3,7.86939699124063e-14,5.088617980145842e-11,5.7980287238024175e-11,1.7319479184152442e-14,-12.63695827914486,-12.643786453278949,0.006828174134088982,1.8381307642330766e-06,1.8406365272850902e-06,-2.5057630520135636e-09,0.47557138016808786,5.55925176284835e-09,1.4456325480101472e-08,-0.09930406636964352,"{""D"": 5.55925176284835e-09, ""cp"": 3362.1139372102325, ""k"": 0.47557138016808786, ""rho"": 947.0684843656145}","{""D"": 5.647251312940307e-09, ""cp"": 3415.2957746478887, ""k"": 0.48295774647887346, ""rho"": 976.400000000001}","[[1.3008747309542721e-06, 0.00016731070864088734], [4.525093871665425e-10, 1.313698586079566e-07], [7.86939699124063e-14, 5.088617980145842e-11]]"
64.0,bdf2,28.572266666666664,0.020054,3,4.774472033881857e-14,5.080293484369045e-11,1.0095391189679503e-10,1.0658141036401503e-14,-12.69626476145821,-12.703116720471996,0.006851959013786768,1.8377961055577856e-06,1.840296066948609e-06,-2.4999613908234834e-09,0.47555678719864314,5.559147873938312e-09,1.4453651510848664e-08,-0.09977004534147252,"{""D"": 5.559147873938312e-09, ""cp"": 3362.008867830231, ""k"": 0.47555678719864314, ""rho"": 947.0142827117775}","{""D"": 5.647288068231032e-09, ""cp"": 3415.2957746478887, ""k"": 0.48295774647887346, ""rho"": 976.400000000001}","[[1.3057795747007123e-06, 0.0001669458323776533], [4.5379846967572104e-10, 1.3111377674200446e-07], [4.774472033881857e-14, 5.080293484369045e-11]]"
64.25,bdf2,28.575033333333334,0.020056125,3,4.812208586769284e-14,5.071794835960934e-11,6.400568963726982e-11,3.419486915845482e-14,-12.755535503667476,-12.762410725841278,0.006875222173801987,1.8374621566765882e-06,1.8399563504304154e-06,-2.494193753827117e-09,0.4755422225608005,5.559044689204114e-09,1.4450983383569072e-08,-0.10023573942548454,"{""D"": 5.559044689204114e-09, ""cp"": 3361.9040024377637, ""k"": 0.4755422225608005, ""rho"": 946.9602000688665}","{""D"": 5.64732491256938e-09, ""cp"": 3415.2957746478887, ""k"": 0.48295774647887346, ""rho"": 976.400000000001}","[[1.3105920196367385e-06, 0.00016658306749111362], [4.5505546523521903e-10, 1.3085914713484484e-07], [4.812208586769284e-14, 5.071794835960934e-11]]"
64.5,bdf2,28.5778,0.02005825,3,5.0952729758600675e-14,5.063661908078582e-11,7.844391802791506e-11,3.4638958368304884e-14,-12.814771111888803,-12.821669105244382,0.0068979933555795014,1.8371289135878105e-06,1.839617373389684e-06,-2.488459801873531e-09,0.4755276860905052,5.5589422005146214e-09,1.4448321064075064e-08,-0.10070115364616594,"{""D"": 5.5589422005146214e-09, ""cp"": 3361.799339851638, ""k"": 0.4755276860905052, ""rho"": 946.9062357423495}","{""D"": 5.647361848361221e-09, ""cp"": 3415.2957746478887, ""k"": 0.48295774647887346, ""rho"": 976.400000000001}","[[1.3153199881845333e-06, 0.00016622239404044377], [4.5632849601414466e-10, 1.3060595202290934e-07], [5.0952729758600675e-14, 5.063661908078582e-11]]"
64.75,bdf2,28.580566666666666,0.020060375,3,7.095630034139126e-14,5.054936861249762e-11,4.9681148084346205e-11,2.930988785010413e-14,-12.873972114266827,-12.880892443118341,0.006920328851514057,1.8367963723251534e-06,1.8392791315285667e-06,-2.4827592034132772e-09,0.47551317762532985,5.558840400245563e-09,1.4445664518814155e-08,-0.10116629262686447,"{""D"": 5.558840400245563e-09, ""cp"": 3361.6948789023754, ""k"": 0.47551317762532985, ""rho"": 946.8523890445706}","{""D"": 5.647398877798219e-09, ""cp"": 3415.2957746478887, ""k"": 0.48295774647887346, ""rho"": 976.400000000001}","[[1.3199703415832116e-06, 0.00016586379228579123], [4.5757019486190726e-10, 1.3035417956381906e-07], [7.095630034139126e-14, 5.054936861249762e-11]]"
65.0,bdf2,28.583333333333332,0.0200625,3,4.1516929231974356e-14,5.0473438065244816e-11,1.1243628250667825e-10,5.81756864903582e-14,-12.933139038833653,-12.940081279791116,0.006942240957462431,1.836464528961495e-06,1.8389416205914792e-06,-2.4770916299841316e-09,0.4754986970044467,5.558739281210146e-09,1.4443013714030937e-08,-0.10163116080011676,"{""D"": 5.558739281210146e-09, ""cp"": 3361.5906184320165, ""k"": 0.4754986970044467, ""rho"": 946.7986592946366}","{""D"": 5.647436002870145e-09, ""cp"": 3415.295774647889, ""k"": 0.48295774647887346, ""rho"": 976.400000000001}","[[1.3245489544383892e-06, 0.0001655072426968092], [4.588309483731978e-10, 1.3010380851095296e-07], [4.1516929231974356e-14, 5.0473438065244816e-11]]"
65.25,bdf2,28.5861,0.020064625,3,5.925590203083103e-14,5.0384794375906116e-11,9.640643838793039e-11,1.5987211554602254e-14,-12.992272335665591,-12.999236116296231,0.00696378063063996,1.836133379603898e-06,1.838604836364475e-06,-2.4714567605769123e-09,0.4754842440686037,5.55863883661319e-09,1.4440368616932497e-08,-0.10209576181604037,"{""D"": 5.55863883661319e-09, ""cp"": 3361.486557293947, ""k"": 0.4754842440686037, ""rho"": 946.7450458183159}","{""D"": 5.647473225378439e-09, ""cp"": 3415.295774647889, ""k"": 0.48295774647887346, ""rho"": 976.400000000001}","[[1.3290609949680524e-06, 0.00016515272596171244], [4.6006376693271834e-10, 1.2985484147660045e-07], [5.925590203083103e-14, 5.0384794375906116e-11]]"
65.5,bdf2,28.588866666666664,0.02006675,3,6.378493047440163e-14,5.030294263918865e-11,4.1040948417503387e-11,5.906386491005833e-14,-13.051372454737281,-13.058357419679112,0.00698496494183054,1.8358029203973991e-06,1.838268774674558e-06,-2.4658542771589115e-09,0.4754698186600981,5.558539060000743e-09,1.4437729194561838e-08,-0.10256009926783727,"{""D"": 5.558539060000743e-09, ""cp"": 3361.382694352706, ""k"": 0.4754698186600981, ""rho"": 946.6915479479293}","{""D"": 5.647510707794052e-09, ""cp"": 3415.295774647889, ""k"": 0.48295774647887346, ""rho"": 976.4000000000011}","[[1.3335110057766685e-06, 0.0001648002229897153], [4.613003544161962e-10, 1.296072533827827e-07], [6.378493047440163e-14, 5.030294263918865e-11]]"
65.75,bdf2,28.59163333333333,0.020068875,3,5.831218088170355e-14,5.0225444718254036e-11,1.9338131096446887e-10,3.952393967665557e-14,-13.110439828624775,-13.117445627010227,0.007005798385451456,1.8354731475209843e-06,1.8379334313890976e-06,-2.4602838681132723e-09,0.4754554206227536,5.558439945221861e-09,1.443509541457898e-08,-0.10302417709045371,"{""D"": 5.558439945221861e-09, ""cp"": 3361.2790284838266, ""k"": 0.4754554206227536, ""rho"": 946.6381650222556}","{""D"": 5.6475489754545855e-09, ""cp"": 3415.295774647889, ""k"": 0.48295774647887346, ""rho"": 976.400000000001}","[[1.3379029682108349e-06, 0.0001644497149152115], [4.6253693656768674e-10, 1.293610238536419e-07], [5.831218088170355e-14, 5.0225444718254036e-11]]"
66.0,bdf2,28.5944,0.020071,3,6.302991023825038e-14,5.014324467627395e-11,8.958522812463343e-11,6.616929226765933e-14,-13.169474820617566,-13.176501148133468,0.007026327515902153,1.8351440571922734e-06,1.8375988024152305e-06,-2.4547452229571035e-09,0.4754410498018983,5.5583414864023515e-09,1.4432467244790106e-08,-0.10348799799290075,"{""D"": 5.5583414864023515e-09, ""cp"": 3361.175558573668, ""k"": 0.4754410498018983, ""rho"": 946.5848963864369}","{""D"": 5.647587348458805e-09, ""cp"": 3415.295774647889, ""k"": 0.48295774647887346, ""rho"": 976.400000000001}","[[1.3422405120225307e-06, 0.0001641011830962069], [4.637393564687527e-10, 1.2911616438325161e-07], [6.302991023825038e-14, 5.014324467627395e-11]]"
66.25,bdf2,28.597166666666666,0.020073125,3,4.868770939242438e-14,5.00615670921878e-11,1.311946107307449e-10,5.995204332975845e-14,-13.228477819860814,-13.235524369140705,0.0070465492798916785,1.8348156456580947e-06,1.837264883699283e-06,-2.4492380411883145e-09,0.4754267060443417,5.558243677911686e-09,1.4429844653281282e-08,-0.10395156528992595,"{""D"": 5.558243677911686e-09, ""cp"": 3361.07228351926, ""k"": 0.4754267060443417, ""rho"": 946.5317413918854}","{""D"": 5.6476258279857214e-09, ""cp"": 3415.295774647889, ""k"": 0.48295774647887346, ""rho"": 976.400000000001}","[[1.3465267517585626e-06, 0.00016375460911762795], [4.649766828761671e-10, 1.288726411860014e-07], [4.868770939242438e-14, 5.00615670921878e-11]]"
66.5,bdf2,28.599933333333333,0.02007525,3,5.604740368377754e-14,4.997954120283903e-11,2.908109308918938e-10,1.0658141036401503e-14,-13.287449172167875,-13.294515654317252,0.007066482149376441,1.8344879092040564e-06,1.8369316712262086e-06,-2.443762022152137e-09,0.4754123891983537,5.558146514344329e-09,1.4427227608638574e-08,-0.1044148817357603,"{""D"": 5.558146514344329e-09, ""cp"": 3360.969202228147, ""k"": 0.4754123891983537, ""rho"": 946.4786993961934}","{""D"": 5.647664415094233e-09, ""cp"": 3415.2957746478887, ""k"": 0.48295774647887346, ""rho"": 976.400000000001}","[[1.3507646039885206e-06, 0.00016340997478714265], [4.661875843215283e-10, 1.2863044955977022e-07], [5.604740368377754e-14, 4.997954120283903e-11]]"
66.75,bdf2,28.6027,0.020077374999999998,3,7.020069330056624e-14,4.9901172518747853e-11,3.785771696129814e-11,1.461053500406706e-13,-13.34638918002743,-13.35347534840281,0.007086168375380453,1.8341608441473554e-06,1.8365991610190387e-06,-2.4383168716833463e-09,0.47539809911364395,5.558049990498113e-09,1.4424616079624657e-08,-0.10487795006559575,"{""D"": 5.558049990498113e-09, ""cp"": 3360.8663136182363, ""k"": 0.47539809911364395, ""rho"": 946.4257697630462}","{""D"": 5.6477031107334245e-09, ""cp"": 3415.2957746478887, ""k"": 0.48295774647887346, ""rho"": 976.400000000001}","[[1.3549566716262312e-06, 0.00016306726213603069], [4.673797980911245e-10, 1.283895762689581e-07], [7.020069330056624e-14, 4.9901172518747853e-11]]"
67.0,bdf2,28.605466666666665,0.0200795,3,4.20826164576081e-14,4.98231521399193e-11,1.9201706891180947e-10,6.217248937900877e-15,-13.405298189085661,-13.41240377866768,0.007105589582019789,1.8338344468427765e-06,1.8362673491383698e-06,-2.4329022955932115e-09,0.47538383564134157,5.557954101354384e-09,1.4422010035188673e-08,-0.10534077304836814,"{""D"": 5.557954101354384e-09, ""cp"": 3360.763616617659, ""k"": 0.47538383564134157, ""rho"": 946.3729518621392}","{""D"": 5.647741915751471e-09, ""cp"": 3415.2957746478887, ""k"": 0.48295774647887346, ""rho"": 976.4000000000009}","[[1.3591052805420377e-06, 0.00016272645341813895], [4.68596350439161e-10, 1.2815000807796504e-07], [4.20826164576081e-14, 4.98231521399193e-11]]"
67.25,bdf2,28.60823333333333,0.020081625,3,6.64262815817914e-14,4.974408684530286e-11,4.814637577510439e-11,2.220446049250313e-14,-13.464176484373361,-13.471301255744095,0.00712477137073364,1.8335087136721065e-06,1.8359362316818184e-06,-2.42751800971192e-09,0.475369598633975,5.557858842069896e-09,1.44194094447172e-08,-0.10580335262541118,"{""D"": 5.557858842069896e-09, ""cp"": 3360.6611101646195, ""k"": 0.475369598633975, ""rho"": 946.320245069091}","{""D"": 5.647780830904762e-09, ""cp"": 3415.2957746478887, ""k"": 0.48295774647887346, ""rho"": 976.4000000000009}","[[1.3632125861864748e-06, 0.00016238753110604998], [4.697972345328698e-10, 1.2791173471178577e-07], [6.64262815817914e-14, 4.974408684530286e-11]]"
67.5,bdf2,28.610999999999997,0.02008375,3,5.340514765846683e-14,4.966519570331773e-11,1.4244960766518489e-10,3.9968028886505635e-15,-13.523024359491526,-13.53016807610885,0.0071437166173247135,1.8331836410528122e-06,1.8356058047835482e-06,-2.4221637307359613e-09,0.47535538794545384,5.557764207953076e-09,1.4416814277949517e-08,-0.10626569162356003,"{""D"": 5.557764207953076e-09, ""cp"": 3360.558793207268, ""k"": 0.47535538794545384, ""rho"": 946.2676487653678}","{""D"": 5.647819856865358e-09, ""cp"": 3415.2957746478887, ""k"": 0.48295774647887346, ""rho"": 976.4000000000009}","[[1.3672805609478204e-06, 0.00016205047788986308], [4.709792423569677e-10, 1.276747438055835e-07], [5.340514765846683e-14, 4.966519570331773e-11]]"
67.75,bdf2,28.613766666666667,0.020085875,3,4.6045364498786506e-14,4.958473718765079e-11,8.29913915367797e-11,6.838973831690964e-14,-13.581842056083511,-13.58900452233911,0.007162466255598687,1.8328592254347831e-06,1.8352760646137497e-06,-2.4168391789665865e-09,0.47534120343104946,5.557670194461378e-09,1.4414224504698195e-08,-0.1067277918284127,"{""D"": 5.557670194461378e-09, ""cp"": 3360.4566647035563, ""k"": 0.47534120343104946, ""rho"": 946.2151623381999}","{""D"": 5.647858994228577e-09, ""cp"": 3415.2957746478887, ""k"": 0.48295774647887346, ""rho"": 976.4000000000008}","[[1.371310969998747e-06, 0.00016171527667284018], [4.721803048047683e-10, 1.2743902264621616e-07], [4.6045364498786506e-14, 4.958473718765079e-11]]"
68.0,bdf2,28.616533333333333,0.020087999999999998,3,6.000985969620434e-14,4.9508806640398003e-11,2.539763954700902e-10,1.9539925233402755e-14,-13.640629876247408,-13.64781086483049,0.007180988583082026,1.8325354632995532e-06,1.834947007378139e-06,-2.4115440785857272e-09,0.4753270449473749,5.557576797184818e-09,1.4411640095214199e-08,-0.10718965586339164,"{""D"": 5.557576797184818e-09, ""cp"": 3360.3547236210993, ""k"": 0.4753270449473749, ""rho"": 946.1627851805022}","{""D"": 5.6478982435194404e-09, ""cp"": 3415.2957746478887, ""k"": 0.48295774647887346, ""rho"": 976.4000000000008}","[[1.3753054630107213e-06, 0.0001613819105733219], [4.733528668171722e-10, 1.2720456235189953e-07], [6.000985969620434e-14, 4.9508806640398003e-11]]"
68.25,bdf2,28.6193,0.020090125,3,5.6612997073764725e-14,4.943479177208965e-11,1.4620127330999821e-10,9.903189379656396e-14,-13.699388061480633,-13.706587362430867,0.007199300950233578,1.8322123511606282e-06,1.8346186293175297e-06,-2.4062781569015024e-09,0.47531291235236994,5.5574840118397655e-09,1.4409061019997465e-08,-0.10765128531572657,"{""D"": 5.5574840118397655e-09, ""cp"": 3360.2529689370635, ""k"": 0.47531291235236994, ""rho"": 946.1105166908047}","{""D"": 5.647937605198894e-09, ""cp"": 3415.2957746478887, ""k"": 0.48295774647887346, ""rho"": 976.4000000000008}","[[1.3792655656630584e-06, 0.00016105036291793522], [4.745435398816302e-10, 1.2697134655228622e-07], [5.6612997073764725e-14, 4.943479177208965e-11]]"
68.5,bdf2,28.622066666666665,0.02009225,3,5.623549928187893e-14,4.9356597240629766e-11,2.162323653465137e-10,1.1546319456101628e-14,-13.758116818627311,-13.76533426353177,0.0072174449044588584,1.8318898855583711e-06,1.8342909267073437e-06,-2.401041148972594e-09,0.4752988055052817,5.5573918342583846e-09,1.4406487249674666e-08,-0.10811268255000198,"{""D"": 5.5573918342583846e-09, ""cp"": 3360.151399638028, ""k"": 0.4752988055052817, ""rho"": 946.0583562731749}","{""D"": 5.64797707966932e-09, ""cp"": 3415.2957746478887, ""k"": 0.48295774647887346, ""rho"": 976.4000000000009}","[[1.3831926943631267e-06, 0.00016072061723967814], [4.757042029437934e-10, 1.2673937315754475e-07], [5.623549928187893e-14, 4.9356597240629766e-11]]"
68.75,bdf2,28.62483333333333,0.020094375,3,4.774349522355859e-14,4.927805440390726e-11,9.299583325628191e-11,2.6201263381153694e-14,-13.816816432278058,-13.824051806503235,0.007235374225176727,1.8315680630703673e-06,1.8339638958571558e-06,-2.39583278678846e-09,0.4752847242666477,5.5573002603843116e-09,1.4403918755392548e-08,-0.10857384904173327,"{""D"": 5.5573002603843116e-09, ""cp"": 3360.0500147198636, ""k"": 0.4752847242666477, ""rho"": 946.006303337145}","{""D"": 5.648016667279588e-09, ""cp"": 3415.2957746478887, ""k"": 0.48295774647887346, ""rho"": 976.400000000001}","[[1.387088158700428e-06, 0.00016039265727565548], [4.768673141580099e-10, 1.2650862231427502e-07], [4.774349522355859e-14, 4.927805440390726e-11]]"
69.0,bdf2,28.627599999999997,0.0200965,3,4.0949897422189456e-14,4.920194970402315e-11,2.787601260934025e-10,2.0872192862952943e-14,-13.87548709185,-13.882740220770984,0.0072531289209845085,1.831246880300895e-06,1.8336375331102373e-06,-2.3906528093422505e-09,0.4752706684982785,5.557209286262235e-09,1.4401355508347485e-08,-0.1090347866770316,"{""D"": 5.557209286262235e-09, ""cp"": 3359.948813187605, ""k"": 0.4752706684982785, ""rho"": 945.954357297638}","{""D"": 5.648056368329692e-09, ""cp"": 3415.2957746478887, ""k"": 0.48295774647887346, ""rho"": 976.400000000001}","[[1.3909531240829583e-06, 0.0001600664669653375], [4.780453283225651e-10, 1.2627908461823508e-07], [4.0949897422189456e-14, 4.920194970402315e-11]]"
69.25,bdf2,28.630366666666667,0.020098625,3,5.3404630419209966e-14,4.912619330940167e-11,1.1095835361629725e-10,6.306066779870889e-14,-13.934129003988856,-13.941399727214332,0.007270723225476061,1.830926333882725e-06,1.8333118348431284e-06,-2.3855009604033227e-09,0.47525663806324137,5.557118908033982e-09,1.4398797480155782e-08,-0.1094954974386924,"{""D"": 5.557118908033982e-09, ""cp"": 3359.8477940553375, ""k"": 0.47525663806324137, ""rho"": 945.9025175749006}","{""D"": 5.648096183074993e-09, ""cp"": 3415.2957746478887, ""k"": 0.48295774647887346, ""rho"": 976.400000000001}","[[1.3947887589311006e-06, 0.0001597420304460317], [4.791878600882877e-10, 1.2605075362577754e-07], [5.3404630419209966e-14, 4.912619330940167e-11]]"
69.5,bdf2,28.633133333333333,0.02010075,3,6.585932840994428e-14,4.9048869541098363e-11,1.6689227777533233e-10,3.108624468950438e-14,-13.992742401211807,-14.000030538740305,0.007288137528497884,1.8306064204815311e-06,1.8329867974652093e-06,-2.3803769836781415e-09,0.47524263282584434,5.557029121932805e-09,1.4396244642553715e-08,-0.1099559827098819,"{""D"": 5.557029121932805e-09, ""cp"": 3359.746956346079, ""k"": 0.47524263282584434, ""rho"": 945.8507835944336}","{""D"": 5.648136111730129e-09, ""cp"": 3415.2957746478887, ""k"": 0.48295774647887346, ""rho"": 976.400000000001}","[[1.3985960923914555e-06, 0.00015941933205114155], [4.803432190255251e-10, 1.2582361331486025e-07], [6.585932840994428e-14, 4.9048869541098363e-11]]"
69.75,bdf2,28.6359,0.020102875,3,5.529156490966675e-14,4.8976247893840546e-11,7.23048287909478e-11,3.108624468950438e-14,-14.051327446812646,-14.058632861200238,0.007305414387591469,1.8302871367898207e-06,1.8326624174182754e-06,-2.3752806284546953e-09,0.47522865265161984,5.5569399242745486e-09,1.4393696967606126e-08,-0.1104162442454874,"{""D"": 5.5569399242745486e-09, ""cp"": 3359.6462990916625, ""k"": 0.47522865265161984, ""rho"": 945.7991547869241}","{""D"": 5.6481761544723756e-09, ""cp"": 3415.2957746478887, ""k"": 0.48295774647887346, ""rho"": 976.4000000000008}","[[1.4023761005774777e-06, 0.00015909835630511593], [4.814955535737188e-10, 1.255976568935307e-07], [5.529156490966675e-14, 4.8976247893840546e-11]]"
70.0,bdf2,28.638666666666666,0.020104999999999998,3,3.359005020540595e-14,4.890258133079483e-11,1.2448708730516955e-10,1.6431300764452317e-14,-14.109884373183265,-14.117206893141088,0.007322519957822848,1.8299684795291596e-06,1.8323386911761175e-06,-2.3702116469578476e-09,0.4752146974073088,5.5568513114598275e-09,1.4391154427709051e-08,-0.11087628370626132,"{""D"": 5.5568513114598275e-09, ""cp"": 3359.5458213326237, ""k"": 0.4752146974073088, ""rho"": 945.7476305881788}","{""D"": 5.648216311445175e-09, ""cp"": 3415.2957746478887, ""k"": 0.48295774647887346, ""rho"": 976.4000000000008}","[[1.4061297205343374e-06, 0.00015877908792623555], [4.826659990577387e-10, 1.2537286990712037e-07], [3.359005020540595e-14, 4.890258133079483e-11]]"
70.25,bdf2,28.64143333333333,0.020107125,3,6.151876923156444e-14,4.882874061511781e-11,3.149125404888764e-10,6.88338275267597e-14,-14.168413352141343,-14.175752826621135,0.0073394744797923295,1.829650445449929e-06,1.8320156152441227e-06,-2.3651697941936946e-09,0.4752007669608461,5.556763279966047e-09,1.4388616995263375e-08,-0.11133610233932317,"{""D"": 5.556763279966047e-09, ""cp"": 3359.445522118092, ""k"": 0.4752007669608461, ""rho"": 945.6962104390597}","{""D"": 5.648256582760718e-09, ""cp"": 3415.2957746478887, ""k"": 0.48295774647887346, ""rho"": 976.4000000000008}","[[1.4098578092895364e-06, 0.0001584615118159898], [4.837985091596577e-10, 1.2514924730520304e-07], [6.151876923156444e-14, 4.882874061511781e-11]]"
70.5,bdf2,28.644199999999998,0.02010925,3,6.39718812262622e-14,4.8754725746809457e-11,1.1857537174364552e-10,1.4654943925052066e-14,-14.226914564091054,-14.23427084787221,0.007356283781156492,1.829333031331544e-06,1.8316931861588702e-06,-2.3601548273261488e-09,0.47518686118134423,5.556675826341015e-09,1.4386084643165677e-08,-0.11179570174597751,"{""D"": 5.556675826341015e-09, ""cp"": 3359.345400505679, ""k"": 0.47518686118134423, ""rho"": 945.6448937854193}","{""D"": 5.648296968502949e-09, ""cp"": 3415.2957746478887, ""k"": 0.48295774647887346, ""rho"": 976.4000000000008}","[[1.4135611693290591e-06, 0.00015814561306168876], [4.849395061123614e-10, 1.249267772453997e-07], [6.39718812262622e-14, 4.8754725746809457e-11]]"
70.75,bdf2,28.646966666666664,0.020111375,3,6.736852277223417e-14,4.867879519955667e-11,1.0913936421275139e-10,2.0872192862952943e-14,-14.2853881807349,-14.292761137232901,0.00737295649800096,1.8290162339786251e-06,1.8313714004877321e-06,-2.355166509106999e-09,0.47517297993907925,5.556588947203353e-09,1.4383557344401022e-08,-0.11225508341973901,"{""D"": 5.556588947203353e-09, ""cp"": 3359.2454555613713, ""k"": 0.47517297993907925, ""rho"": 945.5936800780371}","{""D"": 5.648337468729817e-09, ""cp"": 3415.2957746478887, ""k"": 0.48295774647887346, ""rho"": 976.4000000000008}","[[1.4172405867166623e-06, 0.0001578313769345479], [4.860591741180348e-10, 1.2470544997516306e-07], [6.736852277223417e-14, 4.867879519955667e-11]]"
71.0,bdf2,28.649733333333334,0.0201135,3,5.4725052757846414e-14,4.861070152071299e-11,1.3744738680543378e-10,2.842170943040401e-14,-14.34383437371882,-14.351223869682883,0.007389495964062576,1.8287000502263466e-06,1.8310502548284887e-06,-2.3502046021421333e-09,0.4751591231054756,5.556502639237239e-09,1.4381035072257371e-08,-0.11271424882657802,"{""D"": 5.556502639237239e-09, ""cp"": 3359.145686359424, ""k"": 0.4751591231054756, ""rho"": 945.5425687725582}","{""D"": 5.648378083475466e-09, ""cp"": 3415.2957746478887, ""k"": 0.48295774647887346, ""rho"": 976.4000000000008}","[[1.420896751082241e-06, 0.0001575187888815025], [4.871965756315795e-10, 1.2448525260719835e-07], [5.4725052757846414e-14, 4.861070152071299e-11]]"
71.25,bdf2,28.6525,0.020115624999999998,3,6.453772887095909e-14,4.853390021030362e-11,3.524291969370097e-10,1.2434497875801753e-14,-14.402253323275806,-14.409659214868498,0.00740589159269156,1.8283844769339681e-06,1.8307297458089695e-06,-2.3452688750013977e-09,0.4751452905530926,5.556416899192017e-09,1.4378517800326901e-08,-0.11317319881960608,"{""D"": 5.556416899192017e-09, ""cp"": 3359.046091982267, ""k"": 0.4751452905530926, ""rho"": 945.4915593294352}","{""D"": 5.648418812752668e-09, ""cp"": 3415.2957746478887, ""k"": 0.48295774647887346, ""rho"": 976.4000000000008}","[[1.4245303662046028e-06, 0.00015720783452903933], [4.8831755464338e-10, 1.2426617538895828e-07], [6.453772887095909e-14, 4.853390021030362e-11]]"
71.5,bdf2,28.655266666666666,0.02011775,3,4.9441113472586844e-14,4.845901457883871e-11,7.366907084360719e-11,5.1514348342607263e-14,-14.46064516636754,-14.468067337905666,0.007422171538125966,1.8280695109901596e-06,1.8304098700866397e-06,-2.3403590964801613e-09,0.4751314821556092,5.556331723874408e-09,1.4376005502284584e-08,-0.11363193513431537,"{""D"": 5.556331723874408e-09, ""cp"": 3358.946671520386, ""k"": 0.4751314821556092, ""rho"": 945.4406512138623}","{""D"": 5.648459656554325e-09, ""cp"": 3415.2957746478887, ""k"": 0.48295774647887346, ""rho"": 976.4000000000008}","[[1.4281420715095208e-06, 0.00015689849967448884], [4.894323013752792e-10, 1.2404821971366385e-07], [4.9441113472586844e-14, 4.845901457883871e-11]]"
71.75,bdf2,28.658033333333332,0.020119875,3,2.5475346409749788e-14,4.839231412104555e-11,4.462208380573429e-11,6.705747068735946e-14,-14.5190100744751,-14.526448399176672,0.007438324701572796,1.8277551493080044e-06,1.8300906243482586e-06,-2.3354750402541853e-09,0.47511769778781054,5.556247110150233e-09,1.4373498152107573e-08,-0.11409045899774284,"{""D"": 5.556247110150233e-09, ""cp"": 3358.8474240722353, ""k"": 0.47511769778781054, ""rho"": 945.3898438957214}","{""D"": 5.648500614855337e-09, ""cp"": 3415.2957746478887, ""k"": 0.48295774647887346, ""rho"": 976.4000000000008}","[[1.4317324275399403e-06, 0.00015659077028828923], [4.905925213702523e-10, 1.238313559753678e-07], [2.5475346409749788e-14, 4.839231412104555e-11]]"
72.0,bdf2,28.6608,0.020122,3,6.170686159404682e-14,4.831481620011093e-11,1.1272049960098229e-10,3.9968028886505635e-14,-14.577348219024698,-14.58480255451633,0.0074543354916318805,1.8274413888275114e-06,1.8297720053095347e-06,-2.330616482023216e-09,0.4751039373255751,5.556163054942496e-09,1.4370995724035694e-08,-0.11454877139413397,"{""D"": 5.556163054942496e-09, ""cp"": 3358.7483487441414, ""k"": 0.4751039373255751, ""rho"": 945.3391368495256}","{""D"": 5.648541687614373e-09, ""cp"": 3415.2957746478887, ""k"": 0.48295774647887346, ""rho"": 976.4000000000008}","[[1.4353020716386978e-06, 0.00015628463250963253], [4.91695369661296e-10, 1.2361558922449637e-07], [6.170686159404682e-14, 4.831481620011093e-11]]"
72.25,bdf2,28.663566666666664,0.020124125,3,8.397404857980433e-14,4.8247419131792513e-11,4.3144154915353283e-11,3.8191672047105385e-14,-14.635659719535056,-14.643129955908307,0.007470236373251282,1.8271282265141788e-06,1.829454009714719e-06,-2.32578320054013e-09,0.47509020064585983,5.55607955522464e-09,1.4368498192419077e-08,-0.11500687368162224,"{""D"": 5.55607955522464e-09, ""cp"": 3358.64944465019, ""k"": 0.47509020064585983, ""rho"": 945.2885295543551}","{""D"": 5.648582874775012e-09, ""cp"": 3415.2957746478887, ""k"": 0.48295774647887346, ""rho"": 976.4000000000008}","[[1.4388515266006328e-06, 0.00015598076369751555], [4.928042516179396e-10, 1.234009051805338e-07], [8.397404857980433e-14, 4.8247419131792513e-11]]"
72.5,bdf2,28.666333333333334,0.02012625,3,5.6611636460038885e-14,4.8172881805590225e-11,2.97859514830634e-11,2.4868995751603507e-14,-14.693944712760649,-14.701430751642874,0.007486038882225543,1.8268156593607824e-06,1.829136634336309e-06,-2.3209749755265977e-09,0.47507648762668775,5.555996608018861e-09,1.4366005532136901e-08,-0.11546476710614541,"{""D"": 5.555996608018861e-09, ""cp"": 3358.5507109121518, ""k"": 0.47507648762668775, ""rho"": 945.2380214938095}","{""D"": 5.648624176267314e-09, ""cp"": 3415.2957746478887, ""k"": 0.48295774647887346, ""rho"": 976.4000000000008}","[[1.442381323520587e-06, 0.0001556803465780122], [4.939140721647381e-10, 1.2318730053458013e-07], [5.6611636460038885e-14, 4.8172881805590225e-11]]"
72.75,bdf2,28.6691,0.020128375,3,4.566665402601382e-14,4.81028724478021e-11,3.6914116208208725e-10,5.950795411990839e-14,-14.752203369972921,-14.75970508588631,0.007501715913388551,1.8265036843830982e-06,1.8288198759746695e-06,-2.316191591571341e-09,0.47506279814713515,5.555914210399999e-09,1.4363517717746866e-08,-0.11592245274719064,"{""D"": 5.555914210399999e-09, ""cp"": 3358.452146659373, ""k"": 0.47506279814713515, ""rho"": 945.1876121559471}","{""D"": 5.648665592008905e-09, ""cp"": 3415.2957746478887, ""k"": 0.48295774647887346, ""rho"": 976.4000000000008}","[[1.4458919393320169e-06, 0.0001553814545909475], [4.950295489249231e-10, 1.229747599612038e-07], [4.566665402601382e-14, 4.81028724478021e-11]]"
73.0,bdf2,28.671866666666666,0.0201305,3,5.698888231439144e-14,4.803530122685237e-11,3.873310561175458e-10,1.865174681370263e-14,-14.810435827824325,-14.817953099274916,0.007517271450591778,1.826192298623547e-06,1.828503731457709e-06,-2.3114328341622076e-09,0.4750491320873179,5.555832359489805e-09,1.4361034724520068e-08,-0.11637993140548275,"{""D"": 5.555832359489805e-09, ""cp"": 3358.353751028689, ""k"": 0.4750491320873179, ""rho"": 945.1373010332335}","{""D"": 5.648707121906382e-09, ""cp"": 3415.2957746478887, ""k"": 0.48295774647887346, ""rho"": 976.4000000000008}","[[1.4493838573814628e-06, 0.00015508407486957673], [4.961303017413624e-10, 1.2276327510107847e-07], [5.698888231439144e-14, 4.803530122685237e-11]]"
73.25,bdf2,28.674633333333333,0.020132625,3,6.906589606984377e-14,4.796146051117533e-11,3.603872755775228e-11,2.3092638912203256e-14,-14.868642196994886,-14.876174929159447,0.0075327321645612955,1.8258814991471854e-06,1.8281881976405568e-06,-2.3066984933713983e-09,0.4750354893283806,5.5557510524544156e-09,1.4358556527670473e-08,-0.11683720462080065,"{""D"": 5.5557510524544156e-09, ""cp"": 3358.2555231643405, ""k"": 0.4750354893283806, ""rho"": 945.0870876224891}","{""D"": 5.6487487658559795e-09, ""cp"": 3415.2957746478887, ""k"": 0.48295774647887346, ""rho"": 976.4000000000008}","[[1.4528575228943558e-06, 0.00015478819469466243], [4.972287851814644e-10, 1.2255283881394627e-07], [6.906589606984377e-14, 4.796146051117533e-11]]"
73.5,bdf2,28.6774,0.02013475,3,6.529170827056605e-14,4.7894063442856895e-11,1.390390025335364e-10,5.46229728115577e-14,-14.926822614041756,-14.934370709923428,0.007548095881672268,1.825571283043819e-06,1.8278732714052005e-06,-2.3019883613814975e-09,0.47502186975248173,5.555670286501244e-09,1.435608310281711e-08,-0.11729427325720297,"{""D"": 5.555670286501244e-09, ""cp"": 3358.1574622178687, ""k"": 0.47502186975248173, ""rho"": 945.036971424832}","{""D"": 5.64879052374475e-09, ""cp"": 3415.2957746478887, ""k"": 0.48295774647887346, ""rho"": 976.4000000000009}","[[1.4563133633553587e-06, 0.00015449380149691263], [4.983087706776617e-10, 1.2234344256632828e-07], [6.529170827056605e-14, 4.7894063442856895e-11]]"
73.75,bdf2,28.680166666666665,0.020136875,3,8.435072537264386e-14,4.7822486711386956e-11,3.660716174636036e-11,6.128431095930864e-14,-14.984977241395924,-14.992540572313828,0.007563330917903954,1.8252616474299783e-06,1.827558949660208e-06,-2.297302230229611e-09,0.47500827324278383,5.5555900588850525e-09,1.4353614425592062e-08,-0.11775113821041228,"{""D"": 5.5555900588850525e-09, ""cp"": 3358.0595673480434, ""k"": 0.47500827324278383, ""rho"": 944.9869519456333}","{""D"": 5.648832395451572e-09, ""cp"": 3415.2957746478887, ""k"": 0.48295774647887346, ""rho"": 976.4000000000008}","[[1.459751789640751e-06, 0.0001542008828514079], [4.994030928188285e-10, 1.2213507608321928e-07], [8.435072537264386e-14, 4.7822486711386956e-11]]"
74.0,bdf2,28.68293333333333,0.020139,3,7.246226204409342e-14,4.7755263795699854e-11,2.0975221559638157e-10,3.6415315207705135e-14,-15.043106155033254,-15.050684644840828,0.007578489807574584,1.8249525894421973e-06,1.827245229340379e-06,-2.2926398981817135e-09,0.47499469968344,5.555510366894679e-09,1.4351150472027485e-08,-0.11820780080678092,"{""D"": 5.555510366894679e-09, ""cp"": 3357.961837720768, ""k"": 0.47499469968344, ""rho"": 944.9370286944607}","{""D"": 5.648874380847604e-09, ""cp"": 3415.2957746478887, ""k"": 0.48295774647887346, ""rho"": 976.4000000000008}","[[1.4631731788463777e-06, 0.00015390942647794953], [5.004857104139525e-10, 1.2192772926376662e-07], [7.246226204409342e-14, 4.7755263795699854e-11]]"
74.25,bdf2,28.6857,0.020141125,3,6.604623569704688e-14,4.7688737490537994e-11,1.3801582099404186e-10,3.9968028886505635e-14,-15.101209508650632,-15.108803052537212,0.0075935438865801785,1.8246441062438966e-06,1.826932107406427e-06,-2.288001162530539e-09,0.4749811489595821,5.555431207864524e-09,1.4348691218041478e-08,-0.11866426159078193,"{""D"": 5.555431207864524e-09, ""cp"": 3357.8642725089912, ""k"": 0.4749811489595821, ""rho"": 944.8872011850283}","{""D"": 5.648916479797301e-09, ""cp"": 3415.2957746478887, ""k"": 0.48295774647887346, ""rho"": 976.4000000000008}","[[1.4665779418439082e-06, 0.00015361942023722834], [5.01571153683505e-10, 1.2172139966983342e-07], [6.604623569704688e-14, 4.7688737490537994e-11]]"
74.5,bdf2,28.688466666666667,0.020143249999999998,3,5.793189869564503e-14,4.761733491169936e-11,2.353317540837452e-10,8.970602038971265e-14,-15.159287421336106,-15.16689591806255,0.007608496726444258,1.8243361950179865e-06,1.8266195808447175e-06,-2.2833858267309853e-09,0.47496762095731093,5.555352579163993e-09,1.4346236640190723e-08,-0.11912052198187803,"{""D"": 5.555352579163993e-09, ""cp"": 3357.7668708926385, ""k"": 0.47496762095731093, ""rho"": 944.8374689351548}","{""D"": 5.6489586921591e-09, ""cp"": 3415.2957746478887, ""k"": 0.48295774647887346, ""rho"": 976.4000000000008}","[[1.4699663902447266e-06, 0.00015333085213082467], [5.026701786975611e-10, 1.2151607389166715e-07], [5.793189869564503e-14, 4.761733491169936e-11]]"
74.75,bdf2,28.691233333333333,0.020145375,3,6.453641743678638e-14,4.7551853522325385e-11,2.2009771782904863e-10,5.861977570020827e-14,-15.21734000349315,-15.224963361420407,0.007623357927256436,1.8240288529755593e-06,1.8263076466669054e-06,-2.278793691346181e-09,0.47495411556368206,5.555274478200045e-09,1.4343786714887655e-08,-0.11957658265499209,"{""D"": 5.555274478200045e-09, ""cp"": 3357.6696320585106, ""k"": 0.47495411556368206, ""rho"": 944.7878314667048}","{""D"": 5.649001017786071e-09, ""cp"": 3415.2957746478887, ""k"": 0.48295774647887346, ""rho"": 976.4000000000008}","[[1.4733388994399878e-06, 0.00015304371029737694], [5.037437238772426e-10, 1.213117421767204e-07], [6.453641743678638e-14, 4.7551853522325385e-11]]"
75.0,bdf2,28.694,0.0201475,3,5.774302504001608e-14,4.7481670011905955e-11,1.8712853488977998e-10,2.7533531010703882e-14,-15.27536737412117,-15.28300550018713,0.007638126065959483,1.8237220773448567e-06,1.8259963019096846e-06,-2.274224564827883e-09,0.47494063266669695,5.555196902414838e-09,1.4341341418881609e-08,-0.12003244452826999,"{""D"": 5.555196902414838e-09, ""cp"": 3357.5725552002177, ""k"": 0.47494063266669695, ""rho"": 944.7382883055495}","{""D"": 5.649043456526305e-09, ""cp"": 3415.2957746478887, ""k"": 0.48295774647887346, ""rho"": 976.4000000000008}","[[1.476695796888238e-06, 0.00015275798301101436], [5.048148110611418e-10, 1.211084071372827e-07], [5.774302504001608e-14, 4.7481670011905955e-11]]"
75.25,bdf2,28.696766666666665,0.020149625,3,5.094965254320464e-14,4.741636277516329e-11,4.172306944383308e-11,2.1316282072803006e-14,-15.333369643536177,-15.341022449443642,0.007652805907465421,1.8234158653801103e-06,1.8256855436344689e-06,-2.269678254358571e-09,0.47492717215529057,5.55511984928627e-09,1.4338900729063049e-08,-0.12048810850117687,"{""D"": 5.55511984928627e-09, ""cp"": 3357.475639518092, ""k"": 0.47492717215529057, ""rho"": 944.6888389815151}","{""D"": 5.649086008223607e-09, ""cp"": 3415.2957746478887, ""k"": 0.48295774647887346, ""rho"": 976.4000000000008}","[[1.4800373670220522e-06, 0.00015247365868048605], [5.059170292872868e-10, 1.2090603916740663e-07], [5.094965254320464e-14, 4.741636277516329e-11]]"
75.5,bdf2,28.69953333333333,0.02015175,3,8.434985515703779e-14,4.734739833316305e-11,2.1759660739917308e-10,1.865174681370263e-14,-15.391346930650258,-15.399014322017024,0.007667391366766196,1.8231102143567694e-06,1.8253753689271118e-06,-2.2651545703424123e-09,0.4749137339193208,5.555043316325504e-09,1.4336464622658869e-08,-0.12094357556379463,"{""D"": 5.555043316325504e-09, ""cp"": 3357.3788842191098, ""k"": 0.4749137339193208, ""rho"": 944.639483028338}","{""D"": 5.649128672718126e-09, ""cp"": 3415.2957746478887, ""k"": 0.48295774647887346, ""rho"": 976.4000000000008}","[[1.4833639737158256e-06, 0.00015219072584498155], [5.069454600258921e-10, 1.2070465759803437e-07], [8.434985515703779e-14, 4.734739833316305e-11]]"
75.75,bdf2,28.702299999999997,0.020153874999999998,3,5.868627727255669e-14,4.7281394485895134e-11,1.850821718107909e-10,5.773159728050814e-15,-15.44929932841582,-15.45698122882726,0.007681900411439457,1.8228051215719825e-06,1.8250657748976144e-06,-2.260653325631925e-09,0.47490031784955755,5.554967301073654e-09,1.4334033076826537e-08,-0.12139884675095315,"{""D"": 5.554967301073654e-09, ""cp"": 3357.282288516815, ""k"": 0.47490031784955755, ""rho"": 944.5902199836183}","{""D"": 5.6491714498465695e-09, ""cp"": 3415.2957746478887, ""k"": 0.48295774647887346, ""rho"": 976.4000000000008}","[[1.4866758281822746e-06, 0.00015190917317482722], [5.080420073984361e-10, 1.2050423299737113e-07], [5.868627727255669e-14, 4.7281394485895134e-11]]"
76.0,bdf2,28.705066666666667,0.020156,3,6.227151972526652e-14,4.721173343336963e-11,1.7269030649913475e-10,3.9968028886505635e-15,-15.507226955660379,-15.514923278259118,0.007696322598739869,1.822500584344853e-06,1.8247567586798523e-06,-2.2561743349992142e-09,0.4748869238376725,5.554891801107428e-09,1.4331606069110458e-08,-0.12185392249645376,"{""D"": 5.554891801107428e-09, ""cp"": 3357.1858516312423, ""k"": 0.4748869238376725, ""rho"": 944.5410493887764}","{""D"": 5.649215884004979e-09, ""cp"": 3415.2957746478887, ""k"": 0.48295774647887346, ""rho"": 976.4000000000008}","[[1.4899733108980325e-06, 0.0001516289894683517], [5.090740138903088e-10, 1.2030477302813276e-07], [6.227151972526652e-14, 4.721173343336963e-11]]"
76.25,bdf2,28.707833333333333,0.020158125,3,7.246129653077712e-14,4.714311729663201e-11,1.3699263945454732e-10,2.7977620220553945e-14,-15.565129922530327,-15.572840576732006,0.007710654201678935,1.8221966000154567e-06,1.8244483174313093e-06,-2.2517174158525642e-09,0.4748735517762287,5.554816814033741e-09,1.4329183577195417e-08,-0.12230880380240765,"{""D"": 5.554816814033741e-09, ""cp"": 3357.0895727888465, ""k"": 0.4748735517762287, ""rho"": 944.4919707890094}","{""D"": 5.6492606839412606e-09, ""cp"": 3415.2957746478887, ""k"": 0.48295774647887346, ""rho"": 976.4000000000009}","[[1.4932566142025312e-06, 0.00015135016365031836], [5.101329999142063e-10, 1.20106254179714e-07], [7.246129653077712e-14, 4.714311729663201e-11]]"
76.5,bdf2,28.7106,0.02016025,3,9.435050527801254e-14,4.708059650199037e-11,6.8098415795248e-11,1.3766765505351941e-14,-15.623008330492421,-15.630733228773863,0.007724898281441739,1.8218931659468958e-06,1.8241404483327751e-06,-2.247282385879356e-09,0.4748602015586695,5.554742337488833e-09,1.4326765578989958e-08,-0.12276349151537726,"{""D"": 5.554742337488833e-09, ""cp"": 3356.99345122242, ""k"": 0.4748602015586695, ""rho"": 944.4429837332441}","{""D"": 5.649305604078035e-09, ""cp"": 3415.2957746478887, ""k"": 0.48295774647887346, ""rho"": 976.4000000000009}","[[1.4965260138398518e-06, 0.00015107268476791997], [5.111893392872252e-10, 1.1990867784533593e-07], [9.435050527801254e-14, 4.708059650199037e-11]]"
76.75,bdf2,28.713366666666666,0.020162375,3,5.793112332684858e-14,4.701703079156085e-11,2.2009771782904863e-10,9.325873406851315e-15,-15.680862255059859,-15.688601337490127,0.007739082430267885,1.821590279520652e-06,1.8238331485881062e-06,-2.24286906745424e-09,0.4748468730793092,5.55466836913368e-09,1.4324352052398922e-08,-0.12321798680092733,"{""D"": 5.55466836913368e-09, ""cp"": 3356.8974861710262, ""k"": 0.4748468730793092, ""rho"": 944.394087774097}","{""D"": 5.649350644195434e-09, ""cp"": 3415.2957746478887, ""k"": 0.48295774647887346, ""rho"": 976.4000000000009}","[[1.4997817576248382e-06, 0.0001507965419937391], [5.122541653607774e-10, 1.1971203566567218e-07], [5.793112332684858e-14, 4.701703079156085e-11]]"
77.0,bdf2,28.71613333333333,0.0201645,3,5.981804066253579e-14,4.694736973903536e-11,7.73070496506989e-11,7.416289804496046e-14,-15.738691840808677,-15.746445003188114,0.0077531623794371285,1.8212879381407687e-06,1.8235264154239576e-06,-2.238477283188823e-09,0.4748335662333235,5.554594906666913e-09,1.4321942975798934e-08,-0.12367228972427725,"{""D"": 5.554594906666913e-09, ""cp"": 3356.801676879929, ""k"": 0.4748335662333235, ""rho"": 944.3452824678332}","{""D"": 5.6493958040711955e-09, ""cp"": 3415.2957746478887, ""k"": 0.48295774647887346, ""rho"": 976.4000000000009}","[[1.503024141866951e-06, 0.00015052172462139447], [5.133061549429996e-10, 1.1951632520258602e-07], [5.981804066253579e-14, 4.694736973903536e-11]]"
77.25,bdf2,28.718899999999998,0.020166625,3,4.094793459037677e-14,4.688746123386342e-11,1.4938450476620346e-10,5.773159728050814e-14,-15.796497137260456,-15.80426432529407,0.007767188033614758,1.8209861392302672e-06,1.8232202460895034e-06,-2.234106859236157e-09,0.4748202809167381,5.5545219478065476e-09,1.431953832744227e-08,-0.12412640179396954,"{""D"": 5.5545219478065476e-09, ""cp"": 3356.7060226005146, ""k"": 0.4748202809167381, ""rho"": 944.2965673743206}","{""D"": 5.64944108348109e-09, ""cp"": 3415.2957746478887, ""k"": 0.48295774647887346, ""rho"": 976.400000000001}","[[1.506253328708134e-06, 0.00015024822206153527], [5.143592719001048e-10, 1.193215245128458e-07], [4.094793459037677e-14, 4.688746123386342e-11]]"
77.5,bdf2,28.721666666666664,0.02016875,3,5.6798662214940025e-14,4.6821805691858144e-11,2.440856405883096e-10,1.1013412404281553e-13,-15.854278288910303,-15.862059400880923,0.007781111970620813,1.8206848802340271e-06,1.8229146378562105e-06,-2.2297576221833988e-09,0.47480701702642114,5.55444949030376e-09,1.431713808600007e-08,-0.12458032316639804,"{""D"": 5.55444949030376e-09, ""cp"": 3356.610522590232, ""k"": 0.47480701702642114, ""rho"": 944.2479420569937}","{""D"": 5.649486482199088e-09, ""cp"": 3415.2957746478887, ""k"": 0.48295774647887346, ""rho"": 976.4000000000009}","[[1.5094695861500742e-06, 0.0001499760238437571], [5.154025716307376e-10, 1.1912764108501474e-07], [5.6798662214940025e-14, 4.6821805691858144e-11]]"
77.75,bdf2,28.724433333333334,0.020170875,3,4.094781079771281e-14,4.675806582879731e-11,2.722799763432704e-10,1.4210854715202004e-14,-15.912035327931207,-15.919830325958628,0.007794998027421229,1.820384158617948e-06,1.8226095880175556e-06,-2.2254293996076745e-09,0.4747937744600713,5.554377531930598e-09,1.4314742230185118e-08,-0.125034055017377,"{""D"": 5.554377531930598e-09, ""cp"": 3356.515176112514, ""k"": 0.4747937744600713, ""rho"": 944.1994060828089}","{""D"": 5.649531999997701e-09, ""cp"": 3415.2957746478887, ""k"": 0.48295774647887346, ""rho"": 976.4000000000009}","[[1.5126731244507988e-06, 0.00014970511961398932], [5.164332236820083e-10, 1.1893466394747702e-07], [4.094781079771281e-14, 4.675806582879731e-11]]"
78.0,bdf2,28.7272,0.020173,3,4.585393057771556e-14,4.669415181310516e-11,2.7125679480377585e-10,7.993605777301127e-14,-15.969768416012984,-15.977577194357195,0.00780877834421112,1.820083971865208e-06,1.822305093888801e-06,-2.221122023592961e-09,0.4747805531162108,5.5543060704904165e-09,1.4312350738853549e-08,-0.12548759782735008,"{""D"": 5.5543060704904165e-09, ""cp"": 3356.4199824367174, ""k"": 0.4747805531162108, ""rho"": 944.1509590222082}","{""D"": 5.64957763664835e-09, ""cp"": 3415.2957746478887, ""k"": 0.48295774647887346, ""rho"": 976.4000000000009}","[[1.5158641366956467e-06, 0.00014943549913153478], [5.174957611433486e-10, 1.187425810837011e-07], [4.585393057771556e-14, 4.669415181310516e-11]]"
78.25,bdf2,28.729966666666666,0.020175125,3,4.132508451468125e-14,4.662849627109988e-11,1.134594640461728e-10,3.019806626980426e-14,-16.027477611164556,-16.0353000988934,0.007822487728844862,1.8197843174773673e-06,1.8220011528067456e-06,-2.2168353293782208e-09,0.4747673528941745,5.554235103806675e-09,1.430996359120349e-08,-0.12594095254356066,"{""D"": 5.554235103806675e-09, ""cp"": 3356.3249408380566, ""k"": 0.4747673528941745, ""rho"": 944.1026004490793}","{""D"": 5.649623391921429e-09, ""cp"": 3415.2957746478887, ""k"": 0.48295774647887346, ""rho"": 976.4000000000009}","[[1.5190428401221847e-06, 0.00014916715226941796], [5.185371594423912e-10, 1.1855138901063435e-07], [4.132508451468125e-14, 4.662849627109988e-11]]"
78.5,bdf2,28.732733333333332,0.02017725,3,7.604558767065277e-14,4.656318903435722e-11,1.127773430198431e-10,5.950795411990839e-14,-16.085162997269453,-16.092999130556507,0.00783613328705357,1.8194851929807822e-06,1.8216977621294652e-06,-2.212569148682995e-09,0.47475417369410133,5.5541646297305926e-09,1.4307580766420947e-08,-0.12639411959411018,"{""D"": 5.5541646297305926e-09, ""cp"": 3356.23005059753, ""k"": 0.47475417369410133, ""rho"": 944.0543299407145}","{""D"": 5.649669265586686e-09, ""cp"": 3415.2957746478887, ""k"": 0.48295774647887346, ""rho"": 976.4000000000009}","[[1.5222094427206234e-06, 0.000148900069010902], [5.195436436646679e-10, 1.183610823295452e-07], [7.604558767065277e-14, 4.656318903435722e-11]]"
78.75,bdf2,28.7355,0.020179375,3,7.227150281827389e-14,4.650119069760954e-11,2.8478552849264815e-10,7.149836278586008e-14,-16.142824649539207,-16.15067437920601,0.007849729666801863,1.8191865959164946e-06,1.8213949192360856e-06,-2.2083233195910063e-09,0.47474101541692504,5.554094646134378e-09,1.4305202243871191e-08,-0.12684709999712956,"{""D"": 5.554094646134378e-09, ""cp"": 3356.13531100186, ""k"": 0.47474101541692504, ""rho"": 944.0061470777737}","{""D"": 5.649715257413393e-09, ""cp"": 3415.2957746478887, ""k"": 0.48295774647887346, ""rho"": 976.4000000000008}","[[1.5253641277604639e-06, 0.00014863423944844368], [5.205597467982954e-10, 1.1817165146203892e-07], [7.227150281827389e-14, 4.650119069760954e-11]]"
79.0,bdf2,28.738266666666664,0.020181499999999998,3,8.378197960052709e-14,4.6439366513493154e-11,2.480646799085662e-10,3.952393967665557e-14,-16.200462720870583,-16.208325932790046,0.007863211919463708,1.818888523847328e-06,1.8210926215265555e-06,-2.20409767922756e-09,0.47472787796436555,5.554025150918514e-09,1.4302828003192354e-08,-0.12729989400472935,"{""D"": 5.554025150918514e-09, ""cp"": 3356.040721343432, ""k"": 0.47472787796436555, ""rho"": 943.9580514442489}","{""D"": 5.649761367170574e-09, ""cp"": 3415.2957746478887, ""k"": 0.48295774647887346, ""rho"": 976.4000000000008}","[[1.5285070656787819e-06, 0.00014836965378439013], [5.216150944056379e-10, 1.1798308874539977e-07], [8.378197960052709e-14, 4.6439366513493154e-11]]"
79.25,bdf2,28.741033333333334,0.020183625,3,6.868602218203515e-14,4.637318851359394e-11,1.9917933968827128e-10,7.416289804496046e-14,-16.258077225951684,-16.265953878610162,0.007876652658477923,1.8185909743508213e-06,1.8207908664214147e-06,-2.199892070593405e-09,0.47471476123892065,5.553956141999726e-09,1.4300458024148796e-08,-0.12775250289612516,"{""D"": 5.553956141999726e-09, ""cp"": 3355.946280920229, ""k"": 0.47471476123892065, ""rho"": 943.9100426274264}","{""D"": 5.6498075946270814e-09, ""cp"": 3415.2957746478887, ""k"": 0.48295774647887346, ""rho"": 976.4000000000008}","[[1.5316384593675754e-06, 0.0001481063023267991], [5.226345845532252e-10, 1.1779539208979614e-07], [6.868602218203515e-14, 4.637318851359394e-11]]"
79.5,bdf2,28.7438,0.02018575,3,4.3966534609887425e-14,4.631676306104828e-11,2.920614861068316e-10,4.3520742565306136e-14,-16.315668257158734,-16.323558302289598,0.00789004513086411,1.8182939450294238e-06,1.8204896513615497e-06,-2.195706332125901e-09,0.4747016651438567,5.553887617320567e-09,1.4298092286599924e-08,-0.12820492721070048,"{""D"": 5.553887617320567e-09, ""cp"": 3355.8519890357684, ""k"": 0.4747016651438567, ""rho"": 943.862120217848}","{""D"": 5.649853939551934e-09, ""cp"": 3415.2957746478887, ""k"": 0.48295774647887346, ""rho"": 976.4000000000008}","[[1.534758483979329e-06, 0.00014784417548787163], [5.236489751067196e-10, 1.1760854599564383e-07], [4.3966534609887425e-14, 4.631676306104828e-11]]"
79.75,bdf2,28.746566666666666,0.020187875,3,4.4721256104690386e-14,4.625128167167432e-11,1.5234036254696548e-11,2.5757174171303632e-14,-16.37323595000618,-16.381139287902613,0.007903337896433271,1.8179974334966388e-06,1.820188973807991e-06,-2.191540311352129e-09,0.4746885895832007,5.5538195748481185e-09,1.4295730770651569e-08,-0.1286571672008339,"{""D"": 5.5538195748481185e-09, ""cp"": 3355.7578449990447, ""k"": 0.4746885895832007, ""rho"": 943.8142838092785}","{""D"": 5.649900401714361e-09, ""cp"": 3415.2957746478887, ""k"": 0.48295774647887346, ""rho"": 976.4000000000008}","[[1.5378672920218273e-06, 0.00014758326378395202], [5.24676381025161e-10, 1.1742255586167443e-07], [4.4721256104690386e-14, 4.625128167167432e-11]]"
80.0,bdf2,28.749333333333333,0.02019,3,6.83083112006636e-14,4.618754180861349e-11,5.161382432561368e-11,4.8405723873656825e-14,-16.430780344987035,-16.438696918504547,0.007916573517512404,1.8177014373903765e-06,1.8198888312416758e-06,-2.187393851299308e-09,0.4746755344617313,5.5537520125688655e-09,1.4293373456415709e-08,-0.12910922367456548,"{""D"": 5.5537520125688655e-09, ""cp"": 3355.6638481244645, ""k"": 0.4746755344617313, ""rho"": 943.7665329986681}","{""D"": 5.649946980884e-09, ""cp"": 3415.2957746478887, ""k"": 0.48295774647887346, ""rho"": 976.4000000000008}","[[1.5409650526072583e-06, 0.0001473235578343088], [5.256854785439694e-10, 1.1723740653660901e-07], [6.83083112006636e-14, 4.618754180861349e-11]]"
80.25,bdf2,28.7521,0.020192125,3,6.944038589796046e-14,4.612798160870418e-11,3.694822225952521e-11,1.509903313490213e-14,-16.48830152573635,-16.496231276215667,0.007929750479316766,1.817405954363935e-06,1.8195892211632358e-06,-2.1832667993007605e-09,0.4746624996849711,5.553684928487814e-09,1.4291020324369095e-08,-0.12956109741977856,"{""D"": 5.553684928487814e-09, ""cp"": 3355.569997731792, ""k"": 0.4746624996849711, ""rho"": 943.7188673861177}","{""D"": 5.649993676831017e-09, ""cp"": 3415.2957746478887, ""k"": 0.48295774647887346, ""rho"": 976.4000000000008}","[[1.544051905598959e-06, 0.00014706504835869648], [5.267064592162716e-10, 1.170530910543423e-07], [6.944038589796046e-14, 4.612798160870418e-11]]"
80.5,bdf2,28.754866666666665,0.02019425,3,7.925249168429211e-14,4.6063196829855466e-11,2.0020252122776583e-10,7.549516567451064e-15,-16.545799584488933,-16.55374244162431,0.007942857135375903,1.8171109820878004e-06,1.8192901410927802e-06,-2.179159004979763e-09,0.4746494851591784,5.553618320633983e-09,1.4288671354966804e-08,-0.13001278899598478,"{""D"": 5.553618320633983e-09, ""cp"": 3355.4762931460837, ""k"": 0.4746494851591784, ""rho"": 943.6712865748448}","{""D"": 5.650040489326169e-09, ""cp"": 3415.2957746478887, ""k"": 0.48295774647887346, ""rho"": 976.4000000000008}","[[1.5471280533179613e-06, 0.0001468077261770075], [5.277087541649815e-10, 1.1686960662843223e-07], [7.925249168429211e-14, 4.6063196829855466e-11]]"
80.75,bdf2,28.75763333333333,0.020196375,3,5.849579600847797e-14,4.600781629309769e-11,2.2464519133791327e-10,1.509903313490213e-14,-16.603274587542774,-16.61123049462958,0.00795590708680649,1.8168165182509626e-06,1.8189915885696784e-06,-2.175070318715781e-09,0.4746364907913386,5.55355218705237e-09,1.4286326528957029e-08,-0.13046429925531114,"{""D"": 5.55355218705237e-09, ""cp"": 3355.3827336976383, ""k"": 0.4746364907913386, ""rho"": 943.6237901711486}","{""D"": 5.650087418141061e-09, ""cp"": 3415.2957746478887, ""k"": 0.48295774647887346, ""rho"": 976.4000000000008}","[[1.5501935948674465e-06, 0.00014655158220422152], [5.287242531168154e-10, 1.1668694960167354e-07], [5.849579600847797e-14, 4.600781629309769e-11]]"
81.0,bdf2,28.7604,0.0201985,3,7.642180830058574e-14,4.594041922477926e-11,2.427213985356502e-10,4.929390229335695e-14,-16.66072661843121,-16.66869551342529,0.007968894994082376,1.8165225605600616e-06,1.8186935611523769e-06,-2.171000592315317e-09,0.4746235164891581,5.553486525813451e-09,1.4283985827134359e-08,-0.13091562834077347,"{""D"": 5.553486525813451e-09, ""cp"": 3355.289318721939, ""k"": 0.4746235164891581, ""rho"": 943.5763777843803}","{""D"": 5.650134463048197e-09, ""cp"": 3415.2957746478887, ""k"": 0.48295774647887346, ""rho"": 976.4000000000008}","[[1.5532487331327052e-06, 0.00014629660745667502], [5.29707291617376e-10, 1.1650511213719778e-07], [7.642180830058574e-14, 4.594041922477926e-11]]"
81.25,bdf2,28.763166666666667,0.020200625,3,5.075909735430541e-14,4.588573529854675e-11,8.822098607197404e-11,2.2648549702353193e-14,-16.71815574338701,-16.726137575676603,0.007981832289594593,1.8162291067388662e-06,1.8183960564181521e-06,-2.1669496792859294e-09,0.474610562161054,5.553421335001943e-09,1.4281649230385337e-08,-0.1313667773446612,"{""D"": 5.553421335001943e-09, ""cp"": 3355.196047559589, ""k"": 0.474610562161054, ""rho"": 943.5290490269044}","{""D"": 5.650181623821014e-09, ""cp"": 3415.2957746478887, ""k"": 0.48295774647887346, ""rho"": 976.4000000000008}","[[1.5562935419301936e-06, 0.00014604279304161226], [5.307365558500567e-10, 1.1632407699389454e-07], [5.075909735430541e-14, 4.588573529854675e-11]]"
81.5,bdf2,28.765933333333333,0.02020275,3,5.90616085110401e-14,4.5824259419693005e-11,4.8771653382573277e-11,3.4638958368304884e-14,-16.775562054511017,-16.783556757641804,0.007994703130787428,1.81593615452699e-06,1.8180990719629402e-06,-2.1629174359502896e-09,0.47459762771614833,5.553356612724999e-09,1.4279316719905721e-08,-0.13181774652712763,"{""D"": 5.553356612724999e-09, ""cp"": 3355.102919556268, ""k"": 0.47459762771614833, ""rho"": 943.4818035140704}","{""D"": 5.6502289002340825e-09, ""cp"": 3415.2957746478887, ""k"": 0.48295774647887346, ""rho"": 976.4000000000008}","[[1.5593282198034696e-06, 0.00014579013016432528], [5.31722792748887e-10, 1.1614385044125847e-07], [5.90616085110401e-14, 4.5824259419693005e-11]]"
81.75,bdf2,28.7687,0.020204875,3,5.321197306603592e-14,4.5764699219783695e-11,6.656364348600619e-11,3.863576125695545e-14,-16.83294561797101,-16.840953134848746,0.008007516877736265,1.815643701682522e-06,1.8178026054011184e-06,-2.1589037185963408e-09,0.4745847130642594,5.553292357105767e-09,1.4276988276951663e-08,-0.1322685366951512,"{""D"": 5.553292357105767e-09, ""cp"": 3355.009934062668, ""k"": 0.4745847130642594, ""rho"": 943.434640864179}","{""D"": 5.650276292063087e-09, ""cp"": 3415.2957746478887, ""k"": 0.48295774647887346, ""rho"": 976.4000000000008}","[[1.5623528477381054e-06, 0.00014553861011979482], [5.327301587911273e-10, 1.1596442777716852e-07], [5.321197306603592e-14, 4.5764699219783695e-11]]"
82.0,bdf2,28.771466666666665,0.020207,3,6.60431255654839e-14,4.570270088303599e-11,4.9681148084346205e-11,1.7319479184152442e-14,-16.890306525801904,-16.89832678143688,0.00802025563497466,1.8153517459808269e-06,1.8175066543653219e-06,-2.154908384495008e-09,0.47457181811589544,5.553228566289402e-09,1.4274663882997002e-08,-0.13271914797972031,"{""D"": 5.553228566289402e-09, ""cp"": 3354.9170904344473, ""k"": 0.47457181811589544, ""rho"": 943.3875606984516}","{""D"": 5.6503237990850695e-09, ""cp"": 3415.2957746478887, ""k"": 0.48295774647887346, ""rho"": 976.4000000000008}","[[1.5653675914430829e-06, 0.00014528822429669573], [5.337443130808515e-10, 1.1578579280543e-07], [6.60431255654839e-14, 4.570270088303599e-11]]"
82.25,bdf2,28.77423333333333,0.020209124999999998,3,7.359079588707336e-14,4.5642966530495383e-11,1.8758328224066645e-10,8.659739592076221e-14,-16.947644818209877,-16.95567777113922,0.008032952929344361,1.815060285211533e-06,1.8172112165062298e-06,-2.150931294696889e-09,0.474558942782246,5.553165238433861e-09,1.4272343519464121e-08,-0.13316958185320707,"{""D"": 5.553165238433861e-09, ""cp"": 3354.8243880321706, ""k"": 0.474558942782246, ""rho"": 943.3405626409967}","{""D"": 5.650371421078243e-09, ""cp"": 3415.2957746478887, ""k"": 0.48295774647887346, ""rho"": 976.4000000000008}","[[1.5683725839822845e-06, 0.00014503896417321734], [5.347107229155144e-10, 1.1560794744172189e-07], [7.359079588707336e-14, 4.5642966530495383e-11]]"
82.5,bdf2,28.777,0.02021125,3,5.868385011572381e-14,4.5584625399005283e-11,6.74162947689183e-11,1.9984014443252818e-14,-17.004960587166902,-17.013006176357237,0.008045589190334823,1.8147693171804885e-06,1.8169162894923885e-06,-2.1469723119000606e-09,0.4745460869751751,5.55310237171837e-09,1.4270027168122499e-08,-0.13361983797352975,"{""D"": 5.55310237171837e-09, ""cp"": 3354.731826221261, ""k"": 0.4745460869751751, ""rho"": 943.2936463187822}","{""D"": 5.6504191578224044e-09, ""cp"": 3415.2957746478887, ""k"": 0.48295774647887346, ""rho"": 976.4000000000008}","[[1.5713679412478348e-06, 0.00014479082131654087], [5.357069417715513e-10, 1.1543088123688626e-07], [5.868385011572381e-14, 4.5584625399005283e-11]]"
82.75,bdf2,28.779766666666667,0.020213375,3,6.396718282518878e-14,4.5524542741202044e-11,1.5279510989785194e-10,4.574118861455645e-14,-17.06225389008355,-17.070312068729265,0.00805817864571523,1.8144788397143348e-06,1.8166218710100167e-06,-2.1430312956819185e-09,0.47453325060721485,5.553039964338082e-09,1.4267714810768475e-08,-0.13406991748386582,"{""D"": 5.553039964338082e-09, ""cp"": 3354.6394043719474, ""k"": 0.47453325060721485, ""rho"": 943.2468113616027}","{""D"": 5.650467009098613e-09, ""cp"": 3415.2957746478887, ""k"": 0.48295774647887346, ""rho"": 976.4000000000008}","[[1.5743537638469715e-06, 0.0001445437873830138], [5.366912681847808e-10, 1.1525459575829683e-07], [6.396718282518878e-14, 4.5524542741202044e-11]]"
83.0,bdf2,28.782533333333333,0.0202155,3,9.812059759462717e-14,4.546446008339879e-11,2.5693225325085223e-11,7.949196856316121e-14,-17.11952482750012,-17.12759551870704,0.008070691206921055,1.8141888506491168e-06,1.816327958762817e-06,-2.139108113700129e-09,0.47452043359155727,5.552978014507911e-09,1.4265406429376014e-08,-0.1345198204708084,"{""D"": 5.552978014507911e-09, ""cp"": 3354.5471218592124, ""k"": 0.47452043359155727, ""rho"": 943.2000574020508}","{""D"": 5.650514974689583e-09, ""cp"": 3415.2957746478887, ""k"": 0.48295774647887346, ""rho"": 976.4000000000008}","[[1.577330189558977e-06, 0.00014429785411431835], [5.376748351215556e-10, 1.1507907916357461e-07], [9.812059759462717e-14, 4.546446008339879e-11]]"
83.25,bdf2,28.7853,0.020217625,3,7.811896766839868e-14,4.540594479927738e-11,1.6484591469634324e-10,2.930988785010413e-14,-17.17677343087061,-17.184856596441023,0.008083165570411666,1.8138993478433335e-06,1.816034550471795e-06,-2.1352026284615518e-09,0.4745076358420479,5.5529165204541566e-09,1.4263102006053694e-08,-0.13496954809041728,"{""D"": 5.5529165204541566e-09, ""cp"": 3354.454978062746, ""k"": 0.4745076358420479, ""rho"": 943.1533840754872}","{""D"": 5.650563054379548e-09, ""cp"": 3415.2957746478887, ""k"": 0.48295774647887346, ""rho"": 976.4000000000008}","[[1.5802973514449737e-06, 0.0001440530133393872], [5.38647641844244e-10, 1.149043253573776e-07], [7.811896766839868e-14, 4.540594479927738e-11]]"
83.5,bdf2,28.788066666666666,0.020219749999999998,3,4.472020776502477e-14,4.534830027831254e-11,2.936531018349342e-10,1.2878587085651816e-14,-17.233999783410965,-17.242095370951915,0.008095587540950078,1.8136103291646424e-06,1.81574164387507e-06,-2.131314710427532e-09,0.47449485727317897,5.5528554804221515e-09,1.4260801523043959e-08,-0.13541910036577484,"{""D"": 5.5528554804221515e-09, ""cp"": 3354.3629723668882, ""k"": 0.47449485727317897, ""rho"": 943.1067910200112}","{""D"": 5.650611247954331e-09, ""cp"": 3415.2957746478883, ""k"": 0.48295774647887335, ""rho"": 976.4000000000007}","[[1.5832553140700552e-06, 0.00014380925696917896], [5.396544086079388e-10, 1.1473032789605836e-07], [4.472020776502477e-14, 4.534830027831254e-11]]"
83.75,bdf2,28.79083333333333,0.020221875,3,5.868338627214739e-14,4.528995914682244e-11,5.616129783447832e-11,2.9753977059954195e-14,-17.291203959674572,-17.29931191021592,0.00810795054134772,1.8133217925029846e-06,1.8154492367277069e-06,-2.1274442247222604e-09,0.4744820978000822,5.5527948926754415e-09,1.4258504962664462e-08,-0.13586847800154542,"{""D"": 5.5527948926754415e-09, ""cp"": 3354.2711041605917, ""k"": 0.4744820978000822, ""rho"": 943.060277876433}","{""D"": 5.6506595552014485e-09, ""cp"": 3415.2957746478883, ""k"": 0.48295774647887335, ""rho"": 976.4000000000005}","[[1.5862042421945324e-06, 0.000143566577001206], [5.406083366694859e-10, 1.1455708294825904e-07], [5.868338627214739e-14, 4.528995914682244e-11]]"
84.0,bdf2,28.793599999999998,0.020224,3,6.943875182672595e-14,4.523005064165051e-11,1.9610979506978765e-10,3.68594044175552e-14,-17.348386034184504,-17.35650628166212,0.00812024747761697,1.8130337357571862e-06,1.8151573268015318e-06,-2.1235910443456407e-09,0.4744693573385229,5.552734755490949e-09,1.4256212307458564e-08,-0.13631768155992124,"{""D"": 5.552734755490949e-09, ""cp"": 3354.179372837365, ""k"": 0.4744693573385229, ""rho"": 943.0138442882451}","{""D"": 5.650707975910072e-09, ""cp"": 3415.2957746478883, ""k"": 0.48295774647887335, ""rho"": 976.4000000000005}","[[1.5891441730219517e-06, 0.0001433249655127427], [5.41595281255263e-10, 1.143845872050796e-07], [6.943875182672595e-14, 4.523005064165051e-11]]"
84.25,bdf2,28.796366666666668,0.020226125,3,6.038142716289237e-14,4.5176237478574564e-11,1.368789526168257e-10,4.884981308350689e-15,-17.405546029649848,-17.41367855188969,0.008132522239840512,1.8127461568468554e-06,1.814865911884945e-06,-2.1197550380895163e-09,0.47445663580489206,5.552675067161603e-09,1.42539235400581e-08,-0.13676671157260695,"{""D"": 5.552675067161603e-09, ""cp"": 3354.0877777952223, ""k"": 0.47445663580489206, ""rho"": 942.9674899015913}","{""D"": 5.650756509871214e-09, ""cp"": 3415.2957746478883, ""k"": 0.48295774647887335, ""rho"": 976.4000000000005}","[[1.5920752920674174e-06, 0.00014308441466413422], [5.425571250802423e-10, 1.1421283631270431e-07], [6.038142716289237e-14, 4.5176237478574564e-11]]"
84.5,bdf2,28.799133333333334,0.02022825,3,8.0193954997749e-14,4.5117373889190515e-11,1.3028511602897197e-10,3.375077994860476e-14,-17.462684072320286,-17.47082878653714,0.008144714216854254,1.8124590537024474e-06,1.8145749897827876e-06,-2.1159360803401718e-09,0.4744439331162016,5.5526158259974554e-09,1.4251638643221255e-08,-0.1372155683635192,"{""D"": 5.5526158259974554e-09, ""cp"": 3353.9963184366516, ""k"": 0.4744439331162016, ""rho"": 942.921214365246}","{""D"": 5.650805156877527e-09, ""cp"": 3415.2957746478883, ""k"": 0.48295774647887335, ""rho"": 976.4000000000005}","[[1.5949976433264158e-06, 0.00014284491669392022], [5.435282101425518e-10, 1.1404181581646473e-07], [8.0193954997749e-14, 4.5117373889190515e-11]]"
84.75,bdf2,28.8019,0.020230375,3,6.283422194857755e-14,4.505938106296303e-11,5.5706550483591855e-11,4.618527782440651e-14,-17.51980017621788,-17.5279570508863,0.008156874668419078,1.8121724242713198e-06,1.8142845583161204e-06,-2.1121340448005477e-09,0.4744312491900764,5.5525570303199046e-09,1.424935759980442e-08,-0.13766425269506957,"{""D"": 5.5525570303199046e-09, ""cp"": 3353.90499416855, ""k"": 0.4744312491900764, ""rho"": 942.8750173305793}","{""D"": 5.6508539167235614e-09, ""cp"": 3415.2957746478883, ""k"": 0.48295774647887335, ""rho"": 976.4000000000005}","[[1.5979113302318895e-06, 0.0001426064639214472], [5.445187257274064e-10, 1.1387153111509246e-07], [6.283422194857755e-14, 4.505938106296303e-11]]"
85.0,bdf2,28.804666666666666,0.0202325,3,6.415495871351922e-14,4.5003129763048695e-11,2.0372681319713593e-10,9.103828801926284e-14,-17.576894424381237,-17.585063409222812,0.008168984841574911,1.8118862665172518e-06,1.8139946153220908e-06,-2.1083488048390067e-09,0.47441858394474845,5.552498678467654e-09,1.4247080392809642e-08,-0.13811276498183658,"{""D"": 5.552498678467654e-09, ""cp"": 3353.813804402189, ""k"": 0.47441858394474845, ""rho"": 942.8288984515345}","{""D"": 5.650902789205636e-09, ""cp"": 3415.2957746478883, ""k"": 0.48295774647887335, ""rho"": 976.4000000000005}","[[1.6008164824443106e-06, 0.00014236904874425624], [5.454754608601267e-10, 1.1370197088866646e-07], [6.415495871351922e-14, 4.5003129763048695e-11]]"
85.25,bdf2,28.807433333333332,0.020234625,3,6.094711300269078e-14,4.494583354734647e-11,3.509512680466287e-10,5.950795411990839e-14,-17.633966891189,-17.64214792513883,0.008181033949828276,1.8116005784139833e-06,1.8137051586537565e-06,-2.104580239773259e-09,0.4744059372990511,5.5524407687937575e-09,1.4244807005447829e-08,-0.13856110580771036,"{""D"": 5.5524407687937575e-09, ""cp"": 3353.7227485531685, ""k"": 0.4744059372990511, ""rho"": 942.7828573846011}","{""D"": 5.6509517741219705e-09, ""cp"": 3415.2957746478883, ""k"": 0.48295774647887335, ""rho"": 976.4000000000005}","[[1.603713173770985e-06, 0.00014213266363494808], [5.46439927664762e-10, 1.1353313182828672e-07], [6.094711300269078e-14, 4.494583354734647e-11]]"
85.5,bdf2,28.8102,0.02023675,3,4.8682135861650497e-14,4.4890453010588696e-11,1.2528289516922086e-10,3.552713678800501e-14,-17.69101761647271,-17.699210661501752,0.008193045029042167,1.811315357953956e-06,1.8134161861799216e-06,-2.1008282259655054e-09,0.4743933091724122,5.552383299665849e-09,1.424253742101015e-08,-0.13900927555156242,"{""D"": 5.552383299665849e-09, ""cp"": 3353.631826041368, ""k"": 0.4743933091724122, ""rho"": 942.7368937887875}","{""D"": 5.651000871272608e-09, ""cp"": 3415.2957746478883, ""k"": 0.48295774647887335, ""rho"": 976.4000000000005}","[[1.6066014885854909e-06, 0.00014189730114449228], [5.474285421693467e-10, 1.1336500766445852e-07], [4.8682135861650497e-14, 4.4890453010588696e-11]]"
85.75,bdf2,28.812966666666664,0.020238875,3,6.830583259095649e-14,4.48335051001491e-11,1.9531398720573634e-10,2.9753977059954195e-14,-17.74804667455569,-17.756251680559387,0.008205006003695559,1.8110306031432126e-06,1.8131276957849755e-06,-2.097092641762968e-09,0.4743806994848483,5.5523262694650864e-09,1.4240271622716976e-08,-0.13945727456551865,"{""D"": 5.5523262694650864e-09, ""cp"": 3353.5410362909074, ""k"": 0.4743806994848483, ""rho"": 942.691007325596}","{""D"": 5.6510500804594874e-09, ""cp"": 3415.2957746478883, ""k"": 0.48295774647887335, ""rho"": 976.4000000000005}","[[1.6094815467346418e-06, 0.0001416629538978732], [5.483628091529965e-10, 1.1319759491412925e-07], [6.830583259095649e-14, 4.48335051001491e-11]]"
86.0,bdf2,28.815733333333334,0.020241,3,5.6040882759187144e-14,4.477934363181052e-11,8.139977580867708e-11,1.4654943925052066e-14,-17.805054131103493,-17.813271043975476,0.00821691287198334,1.8107463120004813e-06,1.8128396853687445e-06,-2.093373368263185e-09,0.47436810815695896,5.552269676585712e-09,1.4238009594234035e-08,-0.13990510363079914,"{""D"": 5.552269676585712e-09, ""cp"": 3353.4503787301046, ""k"": 0.47436810815695896, ""rho"": 942.6451976589991}","{""D"": 5.65109940148645e-09, ""cp"": 3415.2957746478883, ""k"": 0.48295774647887335, ""rho"": 976.4000000000007}","[[1.6123534156088942e-06, 0.00014142961459391587], [5.493166952922429e-10, 1.1303088295398839e-07], [5.6040882759187144e-14, 4.477934363181052e-11]]"
86.25,bdf2,28.8185,0.020243125,3,8.792932380447536e-14,4.472274402663354e-11,3.842615114990622e-11,2.886579864025407e-14,-17.86204003449638,-17.870268812410472,0.008228777914091268,1.8104624825592035e-06,1.8125521528463088e-06,-2.0896702871053726e-09,0.4743555351099201,5.552213519438898e-09,1.4235751319041659e-08,-0.1403527630258497,"{""D"": 5.552213519438898e-09, ""cp"": 3353.3598527914246, ""k"": 0.4743555351099201, ""rho"": 942.5994644554094}","{""D"": 5.651148834159299e-09, ""cp"": 3415.2957746478887, ""k"": 0.48295774647887346, ""rho"": 976.4000000000008}","[[1.6152172058082145e-06, 0.00014119727600528617], [5.50236612660159e-10, 1.1286487822768326e-07], [8.792932380447536e-14, 4.472274402663354e-11]]"
86.5,bdf2,28.821266666666666,0.02024525,3,7.056977226072534e-14,4.466718933724445e-11,1.3369572116062045e-10,6.350475700855895e-14,-17.919004450346154,-17.92724504631593,0.008240595969777331,1.8101791128682489e-06,1.8122650961478776e-06,-2.085983279628685e-09,0.47434298026547894,5.552157796445298e-09,1.4233496780992574e-08,-0.14080025317917474,"{""D"": 5.552157796445298e-09, ""cp"": 3353.2694579114477, ""k"": 0.47434298026547894, ""rho"": 942.5538073836603}","{""D"": 5.651198378285753e-09, ""cp"": 3415.2957746478887, ""k"": 0.48295774647887346, ""rho"": 976.4000000000008}","[[1.6180729407575879e-06, 0.00014096593097709734], [5.512208685070259e-10, 1.1269956331995075e-07], [7.056977226072534e-14, 4.466718933724445e-11]]"
86.75,bdf2,28.824033333333333,0.020247374999999998,3,9.396708449519716e-14,4.461215710574931e-11,1.6859758034115657e-10,2.708944180085382e-14,-17.975947452865658,-17.98419980505912,0.008252352193462542,1.8098962009866435e-06,1.8119785132186159e-06,-2.082312231972412e-09,0.47433044354594744,5.552102506043086e-09,1.423124596394481e-08,-0.14124757485037698,"{""D"": 5.552102506043086e-09, ""cp"": 3353.179193530822, ""k"": 0.47433044354594744, ""rho"": 942.5082261149785}","{""D"": 5.651248033675423e-09, ""cp"": 3415.2957746478887, ""k"": 0.48295774647887346, ""rho"": 976.4000000000008}","[[1.6209207757753762e-06, 0.00014073557242429797], [5.521675704970524e-10, 1.125349385790962e-07], [9.396708449519716e-14, 4.461215710574931e-11]]"
87.0,bdf2,28.8268,0.0202495,3,6.509757327868957e-14,4.455555750057235e-11,2.476099325576797e-10,6.661338147750939e-15,-18.032869073099118,-18.041133148045674,0.008264074946556121,1.8096137449911798e-06,1.8116924020184976e-06,-2.0786570273177934e-09,0.4743179248741972,5.5520476466773645e-09,1.4228998851864483e-08,-0.14169472843384467,"{""D"": 5.5520476466773645e-09, ""cp"": 3353.08905909422, ""k"": 0.4743179248741972, ""rho"": 942.4627203229596}","{""D"": 5.651297800139916e-09, ""cp"": 3415.2957746478883, ""k"": 0.48295774647887335, ""rho"": 976.4000000000007}","[[1.6237607669288756e-06, 0.00014050619333410983], [5.531087958742227e-10, 1.123710043534248e-07], [6.509757327868957e-14, 4.455555750057235e-11]]"
87.25,bdf2,28.829566666666665,0.020251625,3,6.094632450951303e-14,4.449721636908224e-11,1.2505552149377763e-10,3.419486915845482e-14,-18.089769376579042,-18.098045133514518,0.008275756935475442,1.8093317429697931e-06,1.8114067605221635e-06,-2.0750175523703607e-09,0.47430542417365373,5.551993216811446e-09,1.422675542877029e-08,-0.14214171411792906,"{""D"": 5.551993216811446e-09, ""cp"": 3352.999054050307, ""k"": 0.47430542417365373, ""rho"": 942.4172896835462}","{""D"": 5.651347677492728e-09, ""cp"": 3415.2957746478883, ""k"": 0.48295774647887335, ""rho"": 976.4000000000007}","[[1.626592969153121e-06, 0.0001402777867611518], [5.540675646354849e-10, 1.1220774932301551e-07], [6.094632450951303e-14, 4.449721636908224e-11]]"
87.5,bdf2,28.83233333333333,0.02025375,3,4.0379232774293024e-14,4.444514473231943e-11,1.4620127330999821e-10,3.1530333899354446e-14,-18.146648437438834,-18.15493581923988,0.008287381801046934,1.8090501930241392e-06,1.8111215867187666e-06,-2.0713936946274096e-09,0.4742929413682906,5.551939214920185e-09,1.4224515678948875e-08,-0.1425885325194459,"{""D"": 5.551939214920185e-09, ""cp"": 3352.909177851692, ""k"": 0.4742929413682906, ""rho"": 942.3719338750027}","{""D"": 5.651397665549424e-09, ""cp"": 3415.2957746478883, ""k"": 0.48295774647887335, ""rho"": 976.4000000000007}","[[1.6294175285189155e-06, 0.00014005034583161954], [5.55000667138452e-10, 1.1204516390947361e-07], [4.0379232774293024e-14, 4.444514473231943e-11]]"
87.75,bdf2,28.8351,0.020255875,3,7.094657351936471e-14,4.438924173766772e-11,1.4506440493278205e-10,3.952393967665557e-14,-18.203506269392328,-18.211805262443193,0.008298993050864567,1.8087690932690367e-06,1.8108368786118234e-06,-2.067785342786693e-09,0.47428047638262383,5.5518856394906635e-09,1.4222279586680125e-08,-0.1430351840332993,"{""D"": 5.5518856394906635e-09, ""cp"": 3352.819429954892, ""k"": 0.47428047638262383, ""rho"": 942.3266525778918}","{""D"": 5.651447764127439e-09, ""cp"": 3415.2957746478883, ""k"": 0.48295774647887335, ""rho"": 976.4000000000007}","[[1.63223442184364e-06, 0.0001398238637361452], [5.559371614100858e-10, 1.1188325647212543e-07], [7.094657351936471e-14, 4.438924173766772e-11]]"
88.0,bdf2,28.837866666666667,0.020257999999999998,3,6.094602597273488e-14,4.433717010090491e-11,7.435119186993688e-11,5.5067062021407764e-14,-18.260342998286156,-18.268653519918132,0.008310521631976542,1.8084884418336166e-06,1.8105526342190876e-06,-2.0641923854710023e-09,0.4742680291417075,5.551832489021054e-09,1.4220047136489426e-08,-0.1434816693946348,"{""D"": 5.551832489021054e-09, ""cp"": 3352.729809820294, ""k"": 0.4742680291417075, ""rho"": 942.281445475054}","{""D"": 5.651497973046221e-09, ""cp"": 3415.2957746478883, ""k"": 0.48295774647887335, ""rho"": 976.4000000000005}","[[1.6350438140659395e-06, 0.00013959833373502196], [5.56860631627335e-10, 1.1172201046647098e-07], [6.094602597273488e-14, 4.433717010090491e-11]]"
88.25,bdf2,28.840633333333333,0.020260125,3,7.13237153956982e-14,4.428074464835926e-11,1.269881977350451e-10,7.105427357601002e-15,-18.317158620529558,-18.325480647577308,0.008322027047750424,1.808208236857994e-06,1.8102688515723912e-06,-2.060614714397339e-09,0.4742555995711272,5.551779762024699e-09,1.421781831282114e-08,-0.14392798841017518,"{""D"": 5.551779762024699e-09, ""cp"": 3352.640316912116, ""k"": 0.4742555995711272, ""rho"": 942.2363122515826}","{""D"": 5.651548292127159e-09, ""cp"": 3415.2957746478883, ""k"": 0.48295774647887335, ""rho"": 976.4000000000005}","[[1.6378457335142782e-06, 0.00013937374915280526], [5.577988148509191e-10, 1.1156143024632605e-07], [7.13237153956982e-14, 4.428074464835926e-11]]"
88.5,bdf2,28.8434,0.02026225,3,7.566339400542981e-14,4.422797640107119e-11,2.8990143619012088e-11,6.88338275267597e-14,-18.373953227407306,-18.382286701069006,0.008333473661700452,1.8079284764960283e-06,1.809985528717517e-06,-2.057052221488746e-09,0.4742431875969957,5.551727457024316e-09,1.4215593100307826e-08,-0.1443741420766693,"{""D"": 5.551727457024316e-09, ""cp"": 3352.5509506983685, ""k"": 0.4742431875969957, ""rho"": 942.1912525948028}","{""D"": 5.651598721193596e-09, ""cp"": 3415.2957746478883, ""k"": 0.48295774647887335, ""rho"": 976.4000000000005}","[[1.6406402632360252e-06, 0.0001391501033805769], [5.587300120264076e-10, 1.1140150309854853e-07], [7.566339400542981e-14, 4.422797640107119e-11]]"
88.75,bdf2,28.846166666666665,0.020264375,3,7.321034566314785e-14,4.417799459588414e-11,4.865796654485166e-11,1.509903313490213e-14,-18.43072684978977,-18.439071735575396,0.008344885785625422,1.8076491589167572e-06,1.8097026637140386e-06,-2.0535047972814617e-09,0.4742307931459463,5.551675572553822e-09,1.4213371483747012e-08,-0.14482013066420057,"{""D"": 5.551675572553822e-09, ""cp"": 3352.461710650813, ""k"": 0.4742307931459463, ""rho"": 942.1462661942462}","{""D"": 5.6516492600708625e-09, ""cp"": 3415.2957746478883, ""k"": 0.48295774647887335, ""rho"": 976.4000000000007}","[[1.6434274475974936e-06, 0.00013892738987211363], [5.596730918302695e-10, 1.1124223006805421e-07], [7.321034566314785e-14, 4.417799459588414e-11]]"
89.0,bdf2,28.84893333333333,0.0202665,3,9.132409523118581e-14,4.4122614059126374e-11,3.708464646479115e-10,1.3322676295501878e-14,-18.487479553030465,-18.495835805366312,0.008356252335847358,1.8073702822962327e-06,1.8094202546352254e-06,-2.0499723389926965e-09,0.47421841614513016,5.551624107162437e-09,1.4211153447985652e-08,-0.14526595462072872,"{""D"": 5.551624107162437e-09, ""cp"": 3352.372596244937, ""k"": 0.47421841614513016, ""rho"": 942.101352741636}","{""D"": 5.651699908586248e-09, ""cp"": 3415.2957746478883, ""k"": 0.48295774647887335, ""rho"": 976.4000000000005}","[[1.6462074185150363e-06, 0.00013870560214684777], [5.60589373539889e-10, 1.1108360366628e-07], [9.132409523118581e-14, 4.4122614059126374e-11]]"
89.25,bdf2,28.8517,0.020268625,3,8.019148026862945e-14,4.406601445394941e-11,2.1077539713587612e-10,2.531308496145357e-14,-18.544211376579014,-18.552578964683164,0.008367588104150059,1.8070918448290001e-06,1.8091382995678681e-06,-2.046454738868001e-09,0.4742060565222088,5.551573059406307e-09,1.420893897811908e-08,-0.14571161436728564,"{""D"": 5.551573059406307e-09, ""cp"": 3352.2836069599034, ""k"": 0.4742060565222088, ""rho"": 942.056511930859}","{""D"": 5.651750666568979e-09, ""cp"": 3415.2957746478883, ""k"": 0.48295774647887335, ""rho"": 976.4000000000005}","[[1.6489801803527235e-06, 0.00013848473378603576], [5.615282929730337e-10, 1.1092562337076794e-07], [8.019148026862945e-14, 4.406601445394941e-11]]"
89.5,bdf2,28.854466666666667,0.02027075,3,6.188885192415209e-14,4.401463942771185e-11,2.687556843739003e-10,1.0080825063596421e-13,-18.60092238573991,-18.60930126692608,0.008378881186171583,1.8068138447171464e-06,1.808856796612158e-06,-2.042951895011641e-09,0.47419371420535006,5.551522427856102e-09,1.4206728059064627e-08,-0.14615711027714973,"{""D"": 5.551522427856102e-09, ""cp"": 3352.1947422785206, ""k"": 0.47419371420535006, ""rho"": 942.0117434579453}","{""D"": 5.651801533850269e-09, ""cp"": 3415.2957746478883, ""k"": 0.48295774647887335, ""rho"": 976.4000000000005}","[[1.6517458520067152e-06, 0.00013826477843223577], [5.624606037576134e-10, 1.1076828326032859e-07], [6.188885192415209e-14, 4.401463942771185e-11]]"
89.75,bdf2,28.857233333333333,0.020272875,3,7.170038051122496e-14,4.396134872252984e-11,8.003553375601768e-11,1.1546319456101628e-14,-18.657612637166725,-18.666002765102974,0.008390127936248604,1.8065362801799423e-06,1.8085757438815653e-06,-2.0394637016230606e-09,0.4741813891232234,5.551472211092688e-09,1.4204520676036516e-08,-0.14660244293437164,"{""D"": 5.551472211092688e-09, ""cp"": 3352.106001687208, ""k"": 0.4741813891232234, ""rho"": 941.9670470210505}","{""D"": 5.651852510263164e-09, ""cp"": 3415.2957746478883, ""k"": 0.48295774647887335, ""rho"": 976.4000000000005}","[[1.6545044684076171e-06, 0.00013804572979070096], [5.633681921422865e-10, 1.1061157375656722e-07], [7.170038051122496e-14, 4.396134872252984e-11]]"
90.0,bdf2,28.86,0.020275,3,7.585132942430686e-14,4.3908058017347836e-11,9.43600753089413e-11,6.705747068735946e-14,-18.714282187488813,-18.722683511690263,0.008401324201450677,1.8062591494432141e-06,1.8082951395027013e-06,-2.035990059487173e-09,0.47416908120499446,5.5514224077084426e-09,1.420231681443721e-08,-0.14704761226854365,"{""D"": 5.5514224077084426e-09, ""cp"": 3352.01738467596, ""k"": 0.47416908120499446, ""rho"": 941.9224223204321}","{""D"": 5.651903595642787e-09, ""cp"": 3415.2957746478883, ""k"": 0.48295774647887335, ""rho"": 976.4000000000005}","[[1.6572561039209907e-06, 0.00013782758162624465], [5.642810591451475e-10, 1.1045549851668908e-07], [7.585132942430686e-14, 4.3908058017347836e-11]]"
90.25,bdf2,28.862766666666666,0.020277125,3,6.302065163772652e-14,4.385563807532239e-11,2.2566837287740782e-10,1.2079226507921703e-13,-18.770931076061075,-18.779343558774997,0.008412482713922032,1.805982450750698e-06,1.8080149816151877e-06,-2.0325308644896526e-09,0.47415679038032055,5.551373016305789e-09,1.4200116459521479e-08,-0.1474926194011211,"{""D"": 5.551373016305789e-09, ""cp"": 3351.9288907383084, ""k"": 0.47415679038032055, ""rho"": 941.87786905843}","{""D"": 5.651954789826134e-09, ""cp"": 3415.2957746478883, ""k"": 0.48295774647887335, ""rho"": 976.4000000000007}","[[1.6600007976280212e-06, 0.0001376103277637629], [5.652231676786892e-10, 1.1030004691738369e-07], [6.302065163772652e-14, 4.385563807532239e-11]]"
90.5,bdf2,28.86553333333333,0.02027925,3,5.698265011431678e-14,4.380252152277169e-11,2.276010491186753e-10,1.9095836023552692e-14,-18.827559342216325,-18.835982957952524,0.008423615736198542,1.8057061823509362e-06,1.8077352683715484e-06,-2.0290860206121154e-09,0.47414451657934653,5.551324035498135e-09,1.4197919596836218e-08,-0.14793746426562374,"{""D"": 5.551324035498135e-09, ""cp"": 3351.8405193712947, ""k"": 0.47414451657934653, ""rho"": 941.8333869394478}","{""D"": 5.6520060926520465e-09, ""cp"": 3415.2957746478883, ""k"": 0.48295774647887335, ""rho"": 976.4000000000007}","[[1.6627386478565016e-06, 0.00013739396208736356], [5.661377236275216e-10, 1.1014521443068263e-07], [5.698265011431678e-14, 4.380252152277169e-11]]"
90.75,bdf2,28.868299999999998,0.020281375,3,6.868096054702413e-14,4.37544553965291e-11,9.958966984413564e-11,3.552713678800501e-14,-18.884167059764316,-18.892601760293815,0.008434700529498684,1.8054303425115163e-06,1.8074559979370554e-06,-2.0256554255391224e-09,0.47413225973269824,5.551275463910075e-09,1.419572621204047e-08,-0.1483821472949189,"{""D"": 5.551275463910075e-09, ""cp"": 3351.752270075427, ""k"": 0.47413225973269824, ""rho"": 941.788975669929}","{""D"": 5.652057503961395e-09, ""cp"": 3415.2957746478883, ""k"": 0.48295774647887335, ""rho"": 976.4000000000007}","[[1.665469715008238e-06, 0.0001371784785393215], [5.670228402858833e-10, 1.0999100401718062e-07], [6.868096054702413e-14, 4.37544553965291e-11]]"
91.0,bdf2,28.871066666666668,0.0202835,3,6.603927493735024e-14,4.370011977555921e-11,2.1964297047816217e-10,7.416289804496046e-14,-18.940754276615877,-18.949200016379564,0.008445739763686788,1.8051549295071595e-06,1.807177168489636e-06,-2.0222389824766187e-09,0.47412001977148,5.551227300177087e-09,1.4193536290629025e-08,-0.14882666889159218,"{""D"": 5.551227300177087e-09, ""cp"": 3351.664142354656, ""k"": 0.47412001977148, ""rho"": 941.7446349583417}","{""D"": 5.652109023596903e-09, ""cp"": 3415.2957746478883, ""k"": 0.48295774647887335, ""rho"": 976.4000000000007}","[[1.6681940049552215e-06, 0.00013696387111955614], [5.67970406731433e-10, 1.0983740522771977e-07], [6.603927493735024e-14, 4.370011977555921e-11]]"
91.25,bdf2,28.873833333333334,0.020285624999999998,3,6.679389786317271e-14,4.364944135984691e-11,9.345058060716838e-11,7.771561172376096e-14,-18.997321032034954,-19.00577777649204,0.008456744457085108,1.8048799416261764e-06,1.8068987782197288e-06,-2.0188365935524884e-09,0.47410779662726865,5.551179542943589e-09,1.4191349818573482e-08,-0.1492710295830559,"{""D"": 5.551179542943589e-09, ""cp"": 3351.5761357163346, ""k"": 0.47410779662726865, ""rho"": 941.7003645151567}","{""D"": 5.6521606514031596e-09, ""cp"": 3415.2957746478883, ""k"": 0.48295774647887335, ""rho"": 976.4000000000007}","[[1.6709116550815396e-06, 0.0001367501338851089], [5.688643824012957e-10, 1.0968441649492644e-07], [6.679389786317271e-14, 4.364944135984691e-11]]"
91.5,bdf2,28.8766,0.02028775,3,5.6416220410060337e-14,4.359667311255884e-11,6.843947630841285e-11,6.794564910705958e-14,-19.053867373888032,-19.062335090362126,0.008467716474093834,1.8046053771656995e-06,1.8066208253301784e-06,-2.0154481644788354e-09,0.4740955902321098,5.551132190865294e-09,1.4189166781702627e-08,-0.14971522965229572,"{""D"": 5.551132190865294e-09, ""cp"": 3351.4882496711907, ""k"": 0.4740955902321098, ""rho"": 941.6561640528286}","{""D"": 5.652212387226668e-09, ""cp"": 3415.2957746478883, ""k"": 0.48295774647887335, ""rho"": 976.4000000000007}","[[1.6736226559753384e-06, 0.00013653726094822765], [5.698021279945389e-10, 1.0953202945947427e-07], [5.6416220410060337e-14, 4.359667311255884e-11]]"
91.75,bdf2,28.879366666666666,0.020289875,3,6.528421247094981e-14,4.354582054421523e-11,2.920614861068316e-10,4.1300296516055823e-14,-19.110393358643137,-19.118872007422283,0.00847864877914617,1.8043312344395663e-06,1.8063433080361011e-06,-2.0120735965348167e-09,0.4740834005185123,5.551085242606763e-09,1.4186987165912768e-08,-0.15015926961037396,"{""D"": 5.551085242606763e-09, ""cp"": 3351.4004837332886, ""k"": 0.4740834005185123, ""rho"": 941.6120332857762}","{""D"": 5.6522642309158e-09, ""cp"": 3415.2957746478883, ""k"": 0.48295774647887335, ""rho"": 976.4000000000007}","[[1.6763271206797495e-06, 0.00013632524647775983], [5.706798678052e-10, 1.093802446438212e-07], [6.528421247094981e-14, 4.354582054421523e-11]]"
92.0,bdf2,28.882133333333332,0.020292,3,7.37748098339377e-14,4.349427136534636e-11,1.3380940799834207e-10,5.284661597215745e-14,-19.16689904274526,-19.17538857660901,0.008489533863748733,1.804057511767069e-06,1.8060662245647754e-06,-2.0087127977063963e-09,0.47407122741944463,5.551038696843217e-09,1.418481095744654e-08,-0.15060314970459288,"{""D"": 5.551038696843217e-09, ""cp"": 3351.3128374200014, ""k"": 0.47407122741944463, ""rho"": 941.5679719303641}","{""D"": 5.652316182320807e-09, ""cp"": 3415.2957746478883, ""k"": 0.48295774647887335, ""rho"": 976.4000000000007}","[[1.6790250529903428e-06, 0.0001361140846975851], [5.715793016014339e-10, 1.0922905908737247e-07], [7.37748098339377e-14, 4.349427136534636e-11]]"
92.25,bdf2,28.8849,0.020294125,3,4.830260753244289e-14,4.3443941254896676e-11,3.276454663136974e-10,2.930988785010413e-14,-19.223384456746302,-19.23188484639553,0.008500389649228168,1.8037842074823065e-06,1.8057895731555465e-06,-2.005365673240022e-09,0.4740590708683312,5.550992552260162e-09,1.4182638142378374e-08,-0.1510468704133626,"{""D"": 5.550992552260162e-09, ""cp"": 3351.225310251985, ""k"": 0.4740590708683312, ""rho"": 941.5239797048874}","{""D"": 5.6523682412937585e-09, ""cp"": 3415.2957746478887, ""k"": 0.48295774647887346, ""rho"": 976.4000000000008}","[[1.681716551609646e-06, 0.00013590376988504798], [5.72496844311152e-10, 1.0907846408249652e-07], [4.830260753244289e-14, 4.3443941254896676e-11]]"
92.5,bdf2,28.887666666666668,0.02029625,3,5.6604522824710556e-14,4.3393088686553056e-11,2.3067059373715892e-10,5.5067062021407764e-14,-19.27984965704758,-19.288360864948118,0.008511207900536277,1.8035113199273514e-06,1.8055133520596661e-06,-2.002032132314703e-09,0.47404693079904603,5.550946807551865e-09,1.4180468706944756e-08,-0.15149043210471425,"{""D"": 5.550946807551865e-09, ""cp"": 3351.137901753131, ""k"": 0.47404693079904603, ""rho"": 941.4800563295466}","{""D"": 5.6524204076884965e-09, ""cp"": 3415.2957746478887, ""k"": 0.48295774647887346, ""rho"": 976.4000000000008}","[[1.6844016546728548e-06, 0.00013569429637043541], [5.733674006379998e-10, 1.0892846241563544e-07], [5.6604522824710556e-14, 4.3393088686553056e-11]]"
92.75,bdf2,28.890433333333334,0.020298375,3,4.6415630382572615e-14,4.334537086557308e-11,3.7823610909981653e-10,1.2434497875801753e-14,-19.336294691404866,-19.344816679888766,0.008521988483899179,1.803238847459284e-06,1.8052375595402305e-06,-1.998712080946417e-09,0.4740348071459105,5.550901461423538e-09,1.417830263756694e-08,-0.15193383507310967,"{""D"": 5.550901461423538e-09, ""cp"": 3351.0506114505556, ""k"": 0.4740348071459105, ""rho"": 941.4362015264369}","{""D"": 5.652472681360794e-09, ""cp"": 3415.2957746478887, ""k"": 0.48295774647887346, ""rho"": 976.4000000000008}","[[1.687080396352708e-06, 0.00013548565853889247], [5.74281349218317e-10, 1.0877904015457876e-07], [4.6415630382572615e-14, 4.334537086557308e-11]]"
93.0,bdf2,28.8932,0.0203005,3,7.283090667895185e-14,4.3292080160391076e-11,5.184119800105691e-11,8.126832540256146e-14,-19.39271962479783,-19.401252338255404,0.008532713457572783,1.8029667884423875e-06,1.8049621938720402e-06,-1.995405429652697e-09,0.4740226998436885,5.550856512591636e-09,1.417613992066905e-08,-0.152377079468267,"{""D"": 5.550856512591636e-09, ""cp"": 3350.9634388745567, ""k"": 0.4740226998436885, ""rho"": 941.3924150195264}","{""D"": 5.6525250621681835e-09, ""cp"": 3415.2957746478887, ""k"": 0.48295774647887346, ""rho"": 976.4000000000008}","[[1.6897528442182625e-06, 0.000135277850826765], [5.751934063633872e-10, 1.0863020234975277e-07], [7.283090667895185e-14, 4.3292080160391076e-11]]"
93.25,bdf2,28.895966666666666,0.020302625,3,6.113257464769674e-14,4.3243839881517173e-11,2.1020696294726804e-10,3.863576125695545e-14,-19.449124470447718,-19.45766788742418,0.00854341697646177,1.8026951412548057e-06,1.8046872533414848e-06,-1.992112086679123e-09,0.4740106088275813,5.550811959775169e-09,1.4173980542787643e-08,-0.15282016632450154,"{""D"": 5.550811959775169e-09, ""cp"": 3350.876383558585, ""k"": 0.4740106088275813, ""rho"": 941.3486965346376}","{""D"": 5.652577549969924e-09, ""cp"": 3415.2957746478887, ""k"": 0.48295774647887346, ""rho"": 976.4000000000008}","[[1.6924190641400304e-06, 0.00013507086772177396], [5.760681000913014e-10, 1.0848193942276278e-07], [6.113257464769674e-14, 4.3243839881517173e-11]]"
93.5,bdf2,28.898733333333332,0.02030475,3,7.603822780281748e-14,4.319194239738567e-11,5.547917680814862e-11,1.9095836023552692e-14,-19.505509276047214,-19.51406337373811,0.008554097690897322,1.8024239042816266e-06,1.804412736246447e-06,-1.9888319648204766e-09,0.47399853403322456,5.550767801708502e-09,1.4171824490590911e-08,-0.15326309537203414,"{""D"": 5.550767801708502e-09, ""cp"": 3350.7894450392164, ""k"": 0.47399853403322456, ""rho"": 941.3050457994316}","{""D"": 5.652630144627205e-09, ""cp"": 3415.2957746478887, ""k"": 0.48295774647887346, ""rho"": 976.4000000000008}","[[1.6950790740635628e-06, 0.00013486470376249273], [5.769593932016877e-10, 1.0833425642403501e-07], [7.603822780281748e-14, 4.319194239738567e-11]]"
93.75,bdf2,28.9015,0.020306875,3,9.150987060332476e-14,4.314196059219862e-11,1.7701040633255616e-10,7.549516567451064e-15,-19.561874123756176,-19.570438843364002,0.008564719607825566,1.802153075920934e-06,1.804138640896203e-06,-1.985564975268953e-09,0.47398647539668426,5.550724037133254e-09,1.4169671750728333e-08,-0.1537058671280729,"{""D"": 5.550724037133254e-09, ""cp"": 3350.702622856127, ""k"": 0.47398647539668426, ""rho"": 941.2614625433926}","{""D"": 5.652682846002844e-09, ""cp"": 3415.2957746478887, ""k"": 0.48295774647887346, ""rho"": 976.4000000000008}","[[1.697732950236289e-06, 0.00013465935353904404], [5.778406817059845e-10, 1.0818713820229063e-07], [9.150987060332476e-14, 4.314196059219862e-11]]"
94.0,bdf2,28.904266666666665,0.020309,3,6.660397809670964e-14,4.3094591076481285e-11,1.6484591469634324e-10,1.865174681370263e-14,-19.6182190267349,-19.62679434222565,0.008575315490752189,1.801882654581642e-06,1.803864965611287e-06,-1.982311029644923e-09,0.47397443285445184,5.550680664798867e-09,1.4167522310037914e-08,-0.15414848228969558,"{""D"": 5.550680664798867e-09, ""cp"": 3350.615916552053, ""k"": 0.47397443285445184, ""rho"": 941.217946497806}","{""D"": 5.652735653961529e-09, ""cp"": 3415.2957746478887, ""k"": 0.48295774647887346, ""rho"": 976.4000000000008}","[[1.7003807321127393e-06, 0.00013445481169031332], [5.787457393402528e-10, 1.0804058719566644e-07], [6.660397809670964e-14, 4.3094591076481285e-11]]"
94.25,bdf2,28.907033333333334,0.020311125,3,7.698123730609432e-14,4.30491372397084e-11,4.2518877307884395e-11,2.531308496145357e-14,-19.674544032612854,-19.683129915640052,0.008585883027198093,1.801612638681421e-06,1.8035917087234193e-06,-1.979070041998259e-09,0.4739624063434411,5.550637683466041e-09,1.4165376155493003e-08,-0.15459094077106236,"{""D"": 5.550637683466041e-09, ""cp"": 3350.5293256727764, ""k"": 0.4739624063434411, ""rho"": 941.174497395747}","{""D"": 5.652788568369611e-09, ""cp"": 3415.2957746478887, ""k"": 0.48295774647887346, ""rho"": 976.4000000000008}","[[1.7030224627321876e-06, 0.00013425107290534184], [5.796364527198874e-10, 1.0789459521898874e-07], [7.698123730609432e-14, 4.30491372397084e-11]]"
94.5,bdf2,28.9098,0.020313249999999998,3,6.886790116315741e-14,4.299549822926377e-11,9.686118573881686e-11,9.459100169806334e-14,-19.730849197620156,-19.739445608826145,0.008596411205989085,1.8013430266490481e-06,1.803318868575392e-06,-1.975841926343894e-09,0.4739503958009843,5.550595091901795e-09,1.4163233273969275e-08,-0.15503324334272284,"{""D"": 5.550595091901795e-09, ""cp"": 3350.4428497670874, ""k"": 0.4739503958009843, ""rho"": 941.1311149720627}","{""D"": 5.652841589095136e-09, ""cp"": 3415.2957746478887, ""k"": 0.48295774647887346, ""rho"": 976.4000000000008}","[[1.7056582155109332e-06, 0.00013404813192141132], [5.805062181432394e-10, 1.077491655811576e-07], [6.886790116315741e-14, 4.299549822926377e-11]]"
94.75,bdf2,28.912566666666667,0.020315375,3,6.320741771167858e-14,4.2951437613541406e-11,1.3574208423960954e-10,4.3076653355456074e-14,-19.787134560722883,-19.795741466364802,0.008606905641919127,1.801073816924489e-06,1.803046443520933e-06,-1.972626596444133e-09,0.47393840116482666,5.550552888884564e-09,1.416109365255e-08,-0.1554753900735624,"{""D"": 5.550552888884564e-09, ""cp"": 3350.356488386752, ""k"": 0.47393840116482666, ""rho"": 941.0877989633493}","{""D"": 5.652894716007929e-09, ""cp"": 3415.2957746478883, ""k"": 0.48295774647887335, ""rho"": 976.4000000000005}","[[1.7082880117896344e-06, 0.00013384598352282457], [5.813974884573402e-10, 1.076042935800519e-07], [6.320741771167858e-14, 4.2951437613541406e-11]]"
95.0,bdf2,28.915333333333333,0.0203175,3,7.716952119048165e-14,4.289814690835941e-11,5.1727511163335294e-11,6.217248937900877e-15,-19.84340016948848,-19.8520175325541,0.00861736306562122,1.8008050079554024e-06,1.8027744319246756e-06,-1.96942396927323e-09,0.47392642237312554,5.550511073200779e-09,1.4158957278527276e-08,-0.15591738109452072,"{""D"": 5.550511073200779e-09, ""cp"": 3350.2702410865045, ""k"": 0.47392642237312554, ""rho"": 941.0445491079481}","{""D"": 5.65294794897945e-09, ""cp"": 3415.2957746478883, ""k"": 0.48295774647887335, ""rho"": 976.4000000000005}","[[1.7109119119652054e-06, 0.00013364462254438866], [5.822700750201857e-10, 1.0745997033388752e-07], [7.716952119048165e-14, 4.289814690835941e-11]]"
95.25,bdf2,28.9181,0.020319625,3,8.660329953827284e-14,4.284712018738448e-11,5.1159076974727213e-11,4.884981308350689e-14,-19.899646071463934,-19.908273851504532,0.008627780040598054,1.8005365982015883e-06,1.802502832161992e-06,-1.9662339604038114e-09,0.473914459364444,5.550469643643983e-09,1.4156824138963301e-08,-0.15635921712734052,"{""D"": 5.550469643643983e-09, ""cp"": 3350.1841074239965, ""k"": 0.473914459364444, ""rho"": 941.0013651459187}","{""D"": 5.653001287882883e-09, ""cp"": 3415.2957746478883, ""k"": 0.48295774647887335, ""rho"": 976.4000000000005}","[[1.7135299279440208e-06, 0.00013344404386427474], [5.831617135667296e-10, 1.0731619497190119e-07], [8.660329953827284e-14, 4.284712018738448e-11]]"
95.5,bdf2,28.920866666666665,0.02032175,3,8.811257397285585e-14,4.280114389271766e-11,1.497255652793683e-10,4.929390229335695e-14,-19.955872296934764,-19.964510466937213,0.00863817000244893,1.800268586130824e-06,1.8022316426189194e-06,-1.9630564880955034e-09,0.4739025120777477,5.55042859901656e-09,1.4154694221261025e-08,-0.15680089843625547,"{""D"": 5.55042859901656e-09, ""cp"": 3350.0980869597834, ""k"": 0.4739025120777477, ""rho"": 940.9582468190272}","{""D"": 5.653054732593083e-09, ""cp"": 3415.295774647888, ""k"": 0.48295774647887335, ""rho"": 976.4000000000005}","[[1.7161421467261541e-06, 0.00013324424240924247], [5.840399513985376e-10, 1.0717296052798775e-07], [8.811257397285585e-14, 4.280114389271766e-11]]"
95.75,bdf2,28.92363333333333,0.020323874999999998,3,6.471640451806468e-14,4.275151039279324e-11,4.985167834092863e-11,2.3092638912203256e-14,-20.012078902029103,-20.02072742233736,0.008648520308256025,1.8000009702231185e-06,1.8019608616920635e-06,-1.9598914689449953e-09,0.47389058045240195,5.550387938128343e-09,1.4152567512815248e-08,-0.15724242547623968,"{""D"": 5.550387938128343e-09, ""cp"": 3350.0121792572936, ""k"": 0.47389058045240195, ""rho"": 940.9151938707301}","{""D"": 5.653108282986449e-09, ""cp"": 3415.295774647888, ""k"": 0.48295774647887335, ""rho"": 976.4000000000005}","[[1.718748582859086e-06, 0.00013304521315133129], [5.84938750542655e-10, 1.0703026996274189e-07], [6.471640451806468e-14, 4.275151039279324e-11]]"
96.0,bdf2,28.9264,0.020326,3,8.660285283965092e-14,4.270448918233852e-11,9.083578333957121e-11,1.9095836023552692e-14,-20.06826590837361,-20.076924760613224,0.008658852239612713,1.7997337489662299e-06,1.8016904877885016e-06,-1.9567388222717636e-09,0.4738786644281674,5.5503476597997486e-09,1.415044400112536e-08,-0.15768379833899088,"{""D"": 5.5503476597997486e-09, ""cp"": 3349.9263838828047, ""k"": 0.4738786644281674, ""rho"": 940.8722060461603}","{""D"": 5.653161938941132e-09, ""cp"": 3415.295774647888, ""k"": 0.48295774647887335, ""rho"": 976.4000000000005}","[[1.72134931164426e-06, 0.00013284695110838267], [5.857892436970216e-10, 1.0688811839988992e-07], [8.660285283965092e-14, 4.270448918233852e-11]]"
96.25,bdf2,28.929166666666667,0.020328125,3,7.11311965487097e-14,4.265555229293936e-11,1.198259269585833e-10,3.4638958368304884e-14,-20.1244333892971,-20.13310252459064,0.008669135293541075,1.799466920858053e-06,1.801420519325693e-06,-1.9535984676400772e-09,0.473866763945197,5.550307762857081e-09,1.4148323673814401e-08,-0.1581250174783191,"{""D"": 5.550307762857081e-09, ""cp"": 3349.840700405419, ""k"": 0.473866763945197, ""rho"": 940.8292830921109}","{""D"": 5.6532157003368605e-09, ""cp"": 3415.295774647888, ""k"": 0.48295774647887335, ""rho"": 976.4000000000005}","[[1.7239443593267046e-06, 0.00013264945134351785], [5.866587887660882e-10, 1.0674650009239505e-07], [7.11311965487097e-14, 4.265555229293936e-11]]"
96.5,bdf2,28.931933333333333,0.02033025,3,7.641401816202275e-14,4.260905354037859e-11,2.721662895055488e-10,2.353672812205332e-14,-20.18058137500744,-20.189260756509952,0.008679381502513905,1.7992004844065844e-06,1.8011509547313704e-06,-1.9504703247859413e-09,0.4738548789440321,5.550268246137191e-09,1.4146206518453802e-08,-0.15856608312269027,"{""D"": 5.550268246137191e-09, ""cp"": 3349.755128397031, ""k"": 0.4738548789440321, ""rho"": 940.7864247570193}","{""D"": 5.65326956705497e-09, ""cp"": 3415.295774647888, ""k"": 0.48295774647887335, ""rho"": 976.4000000000005}","[[1.7265337538494828e-06, 0.0001324527089614805], [5.875390838779634e-10, 1.0660541155720464e-07], [7.641401816202275e-14, 4.260905354037859e-11]]"
96.75,bdf2,28.9347,0.020332375,3,8.886651926039193e-14,4.2560290803610746e-11,1.2528289516922086e-10,8.260059303211165e-14,-20.236709887075026,-20.245399498621452,0.008689611546426335,1.7989344381272847e-06,1.8008817924434537e-06,-1.947354316168995e-09,0.4738430093655984,5.550229108481852e-09,1.414409252282274e-08,-0.15900699570706556,"{""D"": 5.550229108481852e-09, ""cp"": 3349.6696674323084, ""k"": 0.4738430093655984, ""rho"": 940.7436307909527}","{""D"": 5.653323538978344e-09, ""cp"": 3415.295774647888, ""k"": 0.48295774647887335, ""rho"": 976.4000000000004}","[[1.729117545607913e-06, 0.00013225671911525462], [5.883920163685284e-10, 1.064648522718608e-07], [8.886651926039193e-14, 4.2560290803610746e-11]]"
97.0,bdf2,28.937466666666666,0.0203345,3,8.433814288164388e-14,4.251379205104998e-11,1.4165379980113357e-10,4.884981308350689e-15,-20.292818990149595,-20.301518792656736,0.00869980250714164,1.7986687805493992e-06,1.8006130309099605e-06,-1.94425036056132e-09,0.47383115515120344,5.5501903487426825e-09,1.4141981674628433e-08,-0.15944775567993968,"{""D"": 5.5501903487426825e-09, ""cp"": 3349.5843170886646, ""k"": 0.47383115515120344, ""rho"": 940.7009009455937}","{""D"": 5.653377615991463e-09, ""cp"": 3415.295774647888, ""k"": 0.48295774647887335, ""rho"": 976.4000000000004}","[[1.7316957649974973e-06, 0.00013206147699753096], [5.892800381108384e-10, 1.063248121355109e-07], [8.433814288164388e-14, 4.251379205104998e-11]]"
97.25,bdf2,28.94023333333333,0.020336625,3,7.301746011495285e-14,4.246886067217103e-11,5.03632691106759e-11,6.350475700855895e-14,-20.348908714383448,-20.35761868022945,0.008709965846001921,1.79840351020686e-06,1.800344668588914e-06,-1.941158382053941e-09,0.4738193162425327,5.550151965777372e-09,1.4139873961868348e-08,-0.15988836322467198,"{""D"": 5.550151965777372e-09, ""cp"": 3349.4990769462356, ""k"": 0.4738193162425327, ""rho"": 940.6582349742263}","{""D"": 5.653431797980398e-09, ""cp"": 3415.295774647888, ""k"": 0.48295774647887335, ""rho"": 976.4000000000004}","[[1.7342685063744726e-06, 0.0001318669778448867], [5.901148487346025e-10, 1.0618529341213914e-07], [7.301746011495285e-14, 4.246886067217103e-11]]"
97.5,bdf2,28.942999999999998,0.02033875,3,8.075301972106698e-14,4.2420968698559757e-11,1.4301804185379297e-10,8.43769498715119e-15,-20.4049791071489,-20.413699202276803,0.008720095127902283,1.7981386256438749e-06,1.8000767039482437e-06,-1.938078304368788e-09,0.4738074925816459,5.550113958454809e-09,1.4137769372482492e-08,-0.16032881855929967,"{""D"": 5.550113958454809e-09, ""cp"": 3349.4139465878507, ""k"": 0.4738074925816459, ""rho"": 940.615632631719}","{""D"": 5.653486084832626e-09, ""cp"": 3415.295774647888, ""k"": 0.48295774647887335, ""rho"": 976.4000000000003}","[[1.7368357486254634e-06, 0.00013167321693604404], [5.909809750388512e-10, 1.0604629645005082e-07], [8.075301972106698e-14, 4.2420968698559757e-11]]"
97.75,bdf2,28.945766666666668,0.020340875,3,6.697960775733772e-14,4.2373599182842414e-11,1.049329512170516e-10,1.5987211554602254e-14,-20.461030207180414,-20.46976039983406,0.008730192653644053,1.7978741254157323e-06,1.7998091354657187e-06,-1.935010049986465e-09,0.4737956841109745,5.550076325647792e-09,1.4135667894590288e-08,-0.16076912223313394,"{""D"": 5.550076325647792e-09, ""cp"": 3349.3289255990167, ""k"": 0.4737956841109745, ""rho"": 940.573093674515}","{""D"": 5.653540476437345e-09, ""cp"": 3415.295774647888, ""k"": 0.48295774647887335, ""rho"": 976.4000000000003}","[[1.7393975229000982e-06, 0.00013148018959274085], [5.91875020707753e-10, 1.0590781045178275e-07], [6.697960775733772e-14, 4.2373599182842414e-11]]"
98.0,bdf2,28.948533333333334,0.020343,3,7.018695962736385e-14,4.23265779723877e-11,8.253664418589324e-11,4.440892098500626e-15,-20.51706205319412,-20.52580231351442,0.008740260320298177,1.7976100080856302e-06,1.7995419616288334e-06,-1.9319535432031905e-09,0.4737838907733174,5.5500390662379096e-09,1.413356951619876e-08,-0.16120927446612024,"{""D"": 5.5500390662379096e-09, ""cp"": 3349.2440135678853, ""k"": 0.4737838907733174, ""rho"": 940.5306178606133}","{""D"": 5.653594972685138e-09, ""cp"": 3415.295774647888, ""k"": 0.48295774647887335, ""rho"": 976.4000000000003}","[[1.7419539473267996e-06, 0.00013128789117659596], [5.926964220180327e-10, 1.057698366364034e-07], [7.018695962736385e-14, 4.23265779723877e-11]]"
98.25,bdf2,28.9513,0.020345125,3,6.735672274322259e-14,4.228164659350875e-11,2.476099325576797e-10,3.552713678800501e-15,-20.57307468388799,-20.58182498354455,0.00875029965655827,1.7973462722253316e-06,1.7992751809347346e-06,-1.928908709402985e-09,0.47377211251183815,5.550002179115114e-09,1.4131474225497323e-08,-0.1616492754359272,"{""D"": 5.550002179115114e-09, ""cp"": 3349.159210085235, ""k"": 0.47377211251183815, ""rho"": 940.4882049495575}","{""D"": 5.653649573468028e-09, ""cp"": 3415.295774647888, ""k"": 0.48295774647887335, ""rho"": 976.4000000000004}","[[1.7445049900374057e-06, 0.00013109631709119895], [5.935514029734788e-10, 1.0563236751534955e-07], [6.735672274322259e-14, 4.228164659350875e-11]]"
98.5,bdf2,28.954066666666666,0.02034725,3,6.018699440838974e-14,4.223201309358433e-11,3.382183422218077e-11,3.9968028886505635e-14,-20.629068155177894,-20.637828449937956,0.008760294760062237,1.7970829164146258e-06,1.7990087918901457e-06,-1.925875475519939e-09,0.47376034927006216,5.549965663176075e-09,1.412938201084706e-08,-0.16208912560896518,"{""D"": 5.549965663176075e-09, ""cp"": 3349.0745147444477, ""k"": 0.47376034927006216, ""rho"": 940.4458547024233}","{""D"": 5.653704278679605e-09, ""cp"": 3415.295774647888, ""k"": 0.48295774647887335, ""rho"": 976.4000000000004}","[[1.7470506689738642e-06, 0.0001309054627801945], [5.94448642397226e-10, 1.0549540483014761e-07], [6.018699440838974e-14, 4.223201309358433e-11]]"
98.75,bdf2,28.956833333333332,0.020349375,3,9.28274276564392e-14,4.2185340188392255e-11,3.444711182964966e-11,2.842170943040401e-14,-20.68504249710668,-20.69381275240545,0.008770255298770735,1.7968199392455338e-06,1.7987427930112498e-06,-1.922853765716017e-09,0.4737486009918722,5.549929517324971e-09,1.4127292860542732e-08,-0.16252882525218604,"{""D"": 5.549929517324971e-09, ""cp"": 3348.98992714148, ""k"": 0.4737486009918722, ""rho"": 940.4035668818}","{""D"": 5.653759088214891e-09, ""cp"": 3415.295774647888, ""k"": 0.48295774647887335, ""rho"": 976.4000000000003}","[[1.7495910867923974e-06, 0.00013071532372606342], [5.952815394611206e-10, 1.0535894231130278e-07], [9.28274276564392e-14, 4.2185340188392255e-11]]"
99.0,bdf2,28.9596,0.020351499999999998,3,8.641237266203327e-14,4.214180203056382e-11,2.874003257602453e-10,3.108624468950438e-14,-20.740997731082658,-20.749777930599578,0.008780199516920106,1.79655733931523e-06,1.7984771828236314e-06,-1.9198435084014763e-09,0.47373686762150624,5.549893740471141e-09,1.4125206762967038e-08,-0.16296837467859168,"{""D"": 5.549893740471141e-09, ""cp"": 3348.9054468748454, ""k"": 0.47373686762150624, ""rho"": 940.361341251781}","{""D"": 5.6538147946768845e-09, ""cp"": 3415.295774647888, ""k"": 0.48295774647887335, ""rho"": 976.4000000000003}","[[1.752126254264835e-06, 0.00013052589545256064], [5.961259411674368e-10, 1.0522297786898353e-07], [8.641237266203327e-14, 4.214180203056382e-11]]"
99.25,bdf2,28.962366666666668,0.020353625,3,7.301644000382166e-14,4.209425836221518e-11,1.6484591469634324e-10,3.375077994860476e-14,-20.796933912967457,-20.805724023709615,0.008790110742157964,1.7962951152311996e-06,1.798211959862194e-06,-1.9168446309944873e-09,0.47372514910355445,5.549858331532882e-09,1.4123123706738589e-08,-0.1634077743368407,"{""D"": 5.549858331532882e-09, ""cp"": 3348.821073545592, ""k"": 0.47372514910355445, ""rho"": 940.319177577951}","{""D"": 5.653872089907318e-09, ""cp"": 3415.295774647888, ""k"": 0.48295774647887324, ""rho"": 976.4000000000002}","[[1.7546561932947369e-06, 0.00013033775405084342], [5.969892056982666e-10, 1.0508751150318986e-07], [7.301644000382166e-14, 4.209425836221518e-11]]"
99.5,bdf2,28.965133333333334,0.02035575,3,7.754445501564468e-14,4.204863037281098e-11,6.934897101018578e-11,7.993605777301127e-15,-20.85285107275196,-20.86165107066904,0.008799997917080304,1.7960332656090304e-06,1.7979471226710714e-06,-1.9138570620410446e-09,0.47371344538295546,5.549823289435449e-09,1.4121043680281675e-08,-0.16384702436243925,"{""D"": 5.549823289435449e-09, ""cp"": 3348.7368067572793, ""k"": 0.47371344538295546, ""rho"": 940.2770756273715}","{""D"": 5.653929495937457e-09, ""cp"": 3415.295774647888, ""k"": 0.48295774647887324, ""rho"": 976.4000000000002}","[[1.7571809688028202e-06, 0.00013015167326189595], [5.978160518673231e-10, 1.0495253363552697e-07], [7.754445501564468e-14, 4.204863037281098e-11]]"
99.75,bdf2,28.9679,0.020357875,3,5.848841542432992e-14,4.200247992551284e-11,2.603428583825007e-10,7.105427357601002e-15,-20.90874926626108,-20.91755911005606,0.008809843794981731,1.7957717890734592e-06,1.7976826698035396e-06,-1.9108807300803665e-09,0.47370175640499357,5.549788613111903e-09,1.411896667233786e-08,-0.16428612509702942,"{""D"": 5.549788613111903e-09, ""cp"": 3348.6526461159538, ""k"": 0.47370175640499357, ""rho"": 940.2350351685664}","{""D"": 5.653987012603273e-09, ""cp"": 3415.295774647888, ""k"": 0.48295774647887324, ""rho"": 976.4000000000002}","[[1.7597005959000142e-06, 0.00012996627622595912], [5.986794960465476e-10, 1.048180446143002e-07], [5.848841542432992e-14, 4.200247992551284e-11]]"
100.0,bdf2,28.970666666666666,0.02036,3,8.244965317380749e-14,4.1955458715058133e-11,3.168452167301439e-10,2.4424906541753444e-14,-20.96462852345049,-20.973448180323828,0.008819656873338744,1.7955106842568983e-06,1.7974185998219457e-06,-1.90791556504737e-09,0.47369008211529584,5.549754301500979e-09,1.411689267154982e-08,-0.16472507682031723,"{""D"": 5.549754301500979e-09, ""cp"": 3348.5685912301296, ""k"": 0.47369008211529584, ""rho"": 940.1930559715113}","{""D"": 5.654044639742346e-09, ""cp"": 3415.295774647888, ""k"": 0.48295774647887324, ""rho"": 976.4000000000001}","[[1.7622150855464131e-06, 0.00012978155874804434], [5.995187856632115e-10, 1.0468404339459374e-07], [8.244965317380749e-14, 4.1955458715058133e-11]]"
100.25,bdf2,28.973433333333332,0.020362125,3,9.169441808915535e-14,4.1912268862492324e-11,7.116796041373163e-11,3.064215547965432e-14,-21.02048886564285,-21.02931831958159,0.008829453938741239,1.795249949800857e-06,1.7971549112976215e-06,-1.904961496764528e-09,0.4736784224598284,5.549720353549033e-09,1.4114821666664326e-08,-0.1651638798355166,"{""D"": 5.549720353549033e-09, ""cp"": 3348.4846417107647, ""k"": 0.4736784224598284, ""rho"": 940.1511378076195}","{""D"": 5.6541023771937985e-09, ""cp"": 3415.295774647888, ""k"": 0.48295774647887324, ""rho"": 976.4000000000001}","[[1.7647245292647829e-06, 0.0001295975166692126], [6.003458071551721e-10, 1.0455052631920232e-07], [9.169441808915535e-14, 4.1912268862492324e-11]]"
100.5,bdf2,28.9762,0.02036425,3,8.056264878045449e-14,4.186907900992652e-11,1.2721557141048834e-10,2.7977620220553945e-14,-21.076330348610423,-21.085169565827755,0.008839217217332163,1.7949895843544256e-06,1.7968916028108224e-06,-1.902018456396862e-09,0.47366677738489504,5.549686768207879e-09,1.4112753646664608e-08,-0.1656025344891708,"{""D"": 5.549686768207879e-09, ""cp"": 3348.400797171244, ""k"": 0.47366677738489504, ""rho"": 940.1092804497316}","{""D"": 5.654160224798431e-09, ""cp"": 3415.295774647888, ""k"": 0.48295774647887324, ""rho"": 976.4000000000001}","[[1.7672289089594527e-06, 0.0001294141458657038], [6.01199049531153e-10, 1.044174824165102e-07], [8.056264878045449e-14, 4.186907900992652e-11]]"
100.75,bdf2,28.978966666666665,0.020366375,3,8.433592565012283e-14,4.1820490425789976e-11,5.650235834764317e-11,4.884981308350689e-14,-21.132153010874468,-21.141001956605976,0.00884894573150774,1.7947295865753206e-06,1.7966286729506335e-06,-1.899086375312891e-09,0.47365514683713283,5.549653544437944e-09,1.4110688600417534e-08,-0.16604104096965244,"{""D"": 5.549653544437944e-09, ""cp"": 3348.3170572273566, ""k"": 0.47365514683713283, ""rho"": 940.0674836721014}","{""D"": 5.654218182398509e-09, ""cp"": 3415.295774647888, ""k"": 0.48295774647887324, ""rho"": 976.4000000000001}","[[1.7697282863426613e-06, 0.0001292314422480658], [6.020419104796196e-10, 1.0428492265813309e-07], [8.433592565012283e-14, 4.1820490425789976e-11]]"
101.0,bdf2,28.981733333333334,0.0203685,3,8.67884944588949e-14,4.1779216252168624e-11,2.985416358569637e-10,5.1958437552457326e-14,-21.187956890939187,-21.19681552935475,0.008858638415564002,1.7944699551303724e-06,1.7963661203148834e-06,-1.8961651845109824e-09,0.4736435307635094,5.549620681204961e-09,1.4108626516822398e-08,-0.16647939990356328,"{""D"": 5.549620681204961e-09, ""cp"": 3348.2334214972675, ""k"": 0.4736435307635094, ""rho"": 940.0257472503813}","{""D"": 5.654276249837884e-09, ""cp"": 3415.295774647888, ""k"": 0.48295774647887324, ""rho"": 976.4000000000001}","[[1.7722226787887074e-06, 0.00012904940176376693], [6.028872196558932e-10, 1.0415283137033425e-07], [8.67884944588949e-14, 4.1779216252168624e-11]]"
101.25,bdf2,28.9845,0.020370625,3,7.810950634370828e-14,4.17308018206634e-11,6.17319528828375e-11,4.3520742565306136e-14,-21.24374200144493,-21.252610321343468,0.008868319898539312,1.7942106886917683e-06,1.7961039435100996e-06,-1.8932548183312597e-09,0.4736319291113209,5.549588177480486e-09,1.4106567384981028e-08,-0.16691761105530156,"{""D"": 5.549588177480486e-09, ""cp"": 3348.1498896015105, ""k"": 0.4736319291113209, ""rho"": 939.984070961616}","{""D"": 5.654334426962014e-09, ""cp"": 3415.295774647888, ""k"": 0.48295774647887324, ""rho"": 976.4000000000001}","[[1.7747121406511802e-06, 0.0001288680203921453], [6.037129026178928e-10, 1.0402121534506626e-07], [7.810950634370828e-14, 4.17308018206634e-11]]"
101.5,bdf2,28.987266666666667,0.02037275,3,9.641035454721837e-14,4.1685173831259194e-11,4.490630090003833e-11,7.238654120556021e-14,-21.299508398094844,-21.308386369342713,0.00887797124786971,1.7939517859419737e-06,1.7958421411513992e-06,-1.890355209425498e-09,0.47362034182818813,5.549556032245047e-09,1.4104511194086162e-08,-0.16735567509997404,"{""D"": 5.549556032245047e-09, ""cp"": 3348.0664611629545, ""k"": 0.47362034182818813, ""rho"": 939.9424545842239}","{""D"": 5.6543927136178306e-09, ""cp"": 3415.295774647888, ""k"": 0.48295774647887324, ""rho"": 976.4000000000001}","[[1.7771966772292611e-06, 0.00012868729414789213], [6.045415998633155e-10, 1.0389006796452913e-07], [9.641035454721837e-14, 4.1685173831259194e-11]]"
101.75,bdf2,28.990033333333333,0.020374875,3,8.90520671885321e-14,4.164372550500652e-11,3.8767211663071066e-11,1.199040866595169e-14,-21.355256119343196,-21.364143710114547,0.008887590771351483,1.7936932455722417e-06,1.7955807118624378e-06,-1.887466290196021e-09,0.4736087688620543,5.549524244483446e-09,1.4102457933268782e-08,-0.16779359213716355,"{""D"": 5.549524244483446e-09, ""cp"": 3347.9831358067913, ""k"": 0.4736087688620543, ""rho"": 939.90089789799}","{""D"": 5.654451109653782e-09, ""cp"": 3415.295774647888, ""k"": 0.48295774647887324, ""rho"": 976.4000000000001}","[[1.7796763285372497e-06, 0.00012850721907948427], [6.053876502649954e-10, 1.0375938522321232e-07], [8.90520671885321e-14, 4.164372550500652e-11]]"
102.0,bdf2,28.9928,0.020377,3,6.924163219050804e-14,4.159757505770839e-11,2.1657342585967854e-10,2.6201263381153694e-14,-21.410985195012593,-21.419882380322974,0.008897185310381417,1.7934350662789142e-06,1.7953196542753314e-06,-1.8845879964171906e-09,0.4735972101611826,5.549492813185534e-09,1.4100407591740651e-08,-0.16823136298058677,"{""D"": 5.549492813185534e-09, ""cp"": 3347.899913160515, ""k"": 0.4735972101611826, ""rho"": 939.8594006840531}","{""D"": 5.654509614919879e-09, ""cp"": 3415.295774647888, ""k"": 0.48295774647887324, ""rho"": 976.4000000000001}","[[1.7821511428907132e-06, 0.00012832779126796504], [6.062019997095514e-10, 1.0362916416052118e-07], [6.924163219050804e-14, 4.159757505770839e-11]]"
102.25,bdf2,28.995566666666665,0.020379124999999998,3,7.037352234261465e-14,4.155943563145069e-11,1.2539658200694248e-10,2.220446049250313e-14,-21.466695672139494,-21.47560241582198,0.008906743682487672,1.793177246768733e-06,1.7950589670305742e-06,-1.881720261841078e-09,0.4735856656741526,5.549461737352932e-09,1.4098360158924738e-08,-0.16866898706573658,"{""D"": 5.549461737352932e-09, ""cp"": 3347.8167928538987, ""k"": 0.4735856656741526, ""rho"": 939.8179627248919}","{""D"": 5.654568229267557e-09, ""cp"": 3415.295774647887, ""k"": 0.48295774647887324, ""rho"": 976.4}","[[1.7846211346446199e-06, 0.0001281490068269443], [6.070446450928865e-10, 1.0349940199001354e-07], [7.037352234261465e-14, 4.155943563145069e-11]]"
102.5,bdf2,28.998333333333335,0.02038125,3,8.112750807130395e-14,4.151206611573335e-11,2.55226950685028e-10,4.796163466380676e-14,-21.52238757189928,-21.53130385262756,0.008916280728278991,1.7929197857535096e-06,1.7947986487769887e-06,-1.878863023479137e-09,0.4735741353498586,5.549431015989822e-09,1.4096315624131362e-08,-0.16910646501607832,"{""D"": 5.549431015989822e-09, ""cp"": 3347.733774518982, ""k"": 0.4735741353498586, ""rho"": 939.7765838043182}","{""D"": 5.6546269525497935e-09, ""cp"": 3415.295774647887, ""k"": 0.48295774647887324, ""rho"": 976.3999999999999}","[[1.7870863249458204e-06, 0.00012797086190433998], [6.078842672686145e-10, 1.0337009627355257e-07], [8.112750807130395e-14, 4.151206611573335e-11]]"
102.75,bdf2,29.0011,0.020383375,3,6.773191455748872e-14,4.146748304211704e-11,2.0270363165764138e-10,2.220446049250313e-15,-21.578060932681385,-21.58698672673438,0.008925794052995428,1.7926626819561795e-06,1.7945386981716274e-06,-1.876016215447874e-09,0.47356261913750586,5.549400648104648e-09,1.4094273976864086e-08,-0.16954379737930816,"{""D"": 5.549400648104648e-09, ""cp"": 3347.650857790042, ""k"": 0.47356261913750586, ""rho"": 939.7352637074605}","{""D"": 5.654685784620982e-09, ""cp"": 3415.295774647887, ""k"": 0.48295774647887324, ""rho"": 976.3999999999999}","[[1.789546770410746e-06, 0.00012779335267854678], [6.087008674113364e-10, 1.0324124840435932e-07], [6.773191455748872e-14, 4.146748304211704e-11]]"
103.0,bdf2,29.003866666666667,0.0203855,3,6.961847261510463e-14,4.1424293189551223e-11,2.546585164964199e-10,6.794564910705958e-14,-21.63371580147309,-21.642651073500474,0.008935272027382979,1.7924059341039844e-06,1.7942791138797206e-06,-1.873179775736219e-09,0.47355111698660857,5.549370632715853e-09,1.4092235206594241e-08,-0.16998098405385204,"{""D"": 5.549370632715853e-09, ""cp"": 3347.568042303582, ""k"": 0.47355111698660857, ""rho"": 939.6940022207554}","{""D"": 5.654744725337e-09, ""cp"": 3415.295774647887, ""k"": 0.48295774647887324, ""rho"": 976.3999999999999}","[[1.7920024748286024e-06, 0.0001276164753605258], [6.095357639220338e-10, 1.0311284741081799e-07], [6.961847261510463e-14, 4.1424293189551223e-11]]"
103.25,bdf2,29.006633333333333,0.020387625,3,6.905234481911093e-14,4.138197410014198e-11,2.0759216567967087e-10,4.1300296516055823e-14,-21.689352216630688,-21.698296928317973,0.008944711687284723,1.7921495409343143e-06,1.794019894574593e-06,-1.8703536402786233e-09,0.47353962884698686,5.54934096884554e-09,1.4090199302932535e-08,-0.17041802567235886,"{""D"": 5.54934096884554e-09, ""cp"": 3347.485327698305, ""k"": 0.47353962884698686, ""rho"": 939.6527991319349}","{""D"": 5.6548037745551885e-09, ""cp"": 3415.295774647887, ""k"": 0.48295774647887324, ""rho"": 976.3999999999999}","[[1.7944535046260683e-06, 0.00012744022619188923], [6.10335752433328e-10, 1.0298489938827071e-07], [6.905234481911093e-14, 4.138197410014198e-11]]"
103.5,bdf2,29.0094,0.020389749999999998,3,8.659827677543916e-14,4.1337042721263025e-11,2.764863893389702e-10,6.572520305780927e-14,-21.74497018203934,-21.753924326102947,0.008954144063608283,1.7918935011899372e-06,1.7937610389376146e-06,-1.86753774767748e-09,0.47352815466876474,5.549311655524261e-09,1.408816625551736e-08,-0.17085492204120584,"{""D"": 5.549311655524261e-09, ""cp"": 3347.402713615106, ""k"": 0.47352815466876474, ""rho"": 939.6116542300183}","{""D"": 5.654862932134327e-09, ""cp"": 3415.295774647887, ""k"": 0.48295774647887324, ""rho"": 976.4}","[[1.7968998215193212e-06, 0.00012726460144664144], [6.111817713888441e-10, 1.028573989379859e-07], [8.659827677543916e-14, 4.1337042721263025e-11]]"
103.75,bdf2,29.012166666666666,0.020391875,3,8.131544686057298e-14,4.1294549479222463e-11,1.6541434888495132e-10,6.439293542825908e-14,-21.800569761866328,-21.809533301927786,0.008963540061458275,1.7916378136225622e-06,1.7935025456581172e-06,-1.8647320355549535e-09,0.4735166944023672,5.549282691784992e-09,1.408613605405478e-08,-0.1712916739113326,"{""D"": 5.549282691784992e-09, ""cp"": 3347.320199697044, ""k"": 0.4735166944023672, ""rho"": 939.5705673052987}","{""D"": 5.65492219793456e-09, ""cp"": 3415.295774647888, ""k"": 0.48295774647887324, ""rho"": 976.4000000000001}","[[1.799341528913425e-06, 0.0001270895974289153], [6.11990429753876e-10, 1.0273033874555308e-07], [8.131544686057298e-14, 4.1294549479222463e-11]]"
104.0,bdf2,29.01493333333333,0.020394,3,9.546529454974747e-14,4.1249269795080884e-11,2.304432200617157e-10,3.1086244689504383e-15,-21.85615098580716,-21.865123890417237,0.008972904610075716,1.7913824769907574e-06,1.7932444134333352e-06,-1.8619364425778117e-09,0.4735052479985179,5.549254076668844e-09,1.4084108688292298e-08,-0.17172828144223054,"{""D"": 5.549254076668844e-09, ""cp"": 3347.2377855893283, ""k"": 0.4735052479985179, ""rho"": 939.5295381493336}","{""D"": 5.65498157181749e-09, ""cp"": 3415.295774647888, ""k"": 0.48295774647887324, ""rho"": 976.4000000000001}","[[1.8017785962598124e-06, 0.00012691521047366873], [6.128100263741194e-10, 1.0260372003004059e-07], [9.546529454974747e-14, 4.1249269795080884e-11]]"
104.25,bdf2,29.0177,0.020396125,3,7.829649354628573e-14,4.120607994251507e-11,1.3017142919125035e-10,1.2878587085651816e-14,-21.91171386631605,-21.92069612609515,0.00898225977910272,1.7911274900596348e-06,1.7929866409683296e-06,-1.8591509086948069e-09,0.4734938154082359,5.549225809221696e-09,1.4082084148090852e-08,-0.1721647447577125,"{""D"": 5.549225809221696e-09, ""cp"": 3347.155470939298, ""k"": 0.4734938154082359, ""rho"": 939.4885665549327}","{""D"": 5.655041053646088e-09, ""cp"": 3415.295774647888, ""k"": 0.48295774647887324, ""rho"": 976.4000000000001}","[[1.8042111067756838e-06, 0.00012674143694633628], [6.136209398972599e-10, 1.0247754087576956e-07], [7.829649354628573e-14, 4.120607994251507e-11]]"
104.5,bdf2,29.020466666666668,0.02039825,3,7.999434522154039e-14,4.116358670047451e-11,2.9672264645341784e-11,2.0872192862952943e-14,-21.967258476124385,-21.976250043034895,0.008991566910509619,1.7908728516034843e-06,1.792729226975933e-06,-1.856375372448828e-09,0.4734823965828342,5.549197888497486e-09,1.4080062423334085e-08,-0.17260106419071516,"{""D"": 5.549197888497486e-09, ""cp"": 3347.0732553964062, ""k"": 0.4734823965828342, ""rho"": 939.4476523161493}","{""D"": 5.655100643284699e-09, ""cp"": 3415.295774647888, ""k"": 0.48295774647887324, ""rho"": 976.4000000000002}","[[1.8066390551935766e-06, 0.0001265682732409136], [6.144382636398778e-10, 1.0235179553570315e-07], [7.999434522154039e-14, 4.116358670047451e-11]]"
104.75,bdf2,29.023233333333334,0.020400375,3,8.150352499448581e-14,4.112074515317133e-11,8.640199666842818e-11,3.1530333899354446e-14,-22.022784810430135,-22.031785675441995,0.009000865011859815,1.7906185604032322e-06,1.792472170176678e-06,-1.853609773445791e-09,0.4734709914739167,5.549170313552718e-09,1.4078043503934436e-08,-0.17303724008411056,"{""D"": 5.549170313552718e-09, ""cp"": 3346.9911386122003, ""k"": 0.4734709914739167, ""rho"": 939.4067952282685}","{""D"": 5.65516034059908e-09, ""cp"": 3415.295774647888, ""k"": 0.48295774647887324, ""rho"": 976.4000000000001}","[[1.8090624419060245e-06, 0.0001263957157822213], [6.152631295574402e-10, 1.0222648279077292e-07], [8.150352499448581e-14, 4.112074515317133e-11]]"
105.0,bdf2,29.026,0.0204025,3,8.376736000499017e-14,4.1076684537448965e-11,1.23463905765675e-10,1.4210854715202004e-14,-22.078292924707352,-22.087303057163865,0.009010132456513276,1.790364615243932e-06,1.7922154692987319e-06,-1.85085405479981e-09,0.4734596000333757,5.549143083451007e-09,1.4076027380012077e-08,-0.17347327258678333,"{""D"": 5.549143083451007e-09, ""cp"": 3346.909120240305, ""k"": 0.4734596000333757, ""rho"": 939.365995087797}","{""D"": 5.655220145456298e-09, ""cp"": 3415.295774647888, ""k"": 0.48295774647887324, ""rho"": 976.4000000000001}","[[1.8114813380550326e-06, 0.0001262237610243377], [6.160710111264818e-10, 1.0210160403419996e-07], [8.376736000499017e-14, 4.1076684537448965e-11]]"
105.25,bdf2,29.028766666666666,0.020404625,3,5.754278928480794e-14,4.10402866375044e-11,1.261923898709938e-10,7.149836278586008e-14,-22.133782857188315,-22.14280222168412,0.009019364495806315,1.7901110149226806e-06,1.7919591230778337e-06,-1.8481081551530887e-09,0.4734482222133898,5.54911619726311e-09,1.4074014041442272e-08,-0.17390916207578225,"{""D"": 5.54911619726311e-09, ""cp"": 3346.8271999364065, ""k"": 0.4734482222133898, ""rho"": 939.3252516924533}","{""D"": 5.655280057724794e-09, ""cp"": 3415.295774647887, ""k"": 0.48295774647887324, ""rho"": 976.4}","[[1.8138957740305718e-06, 0.00012605240544868293], [6.169090746569112e-10, 1.0197715142911579e-07], [5.754278928480794e-14, 4.10402866375044e-11]]"
105.5,bdf2,29.031533333333332,0.02040675,3,6.169330461641066e-14,4.099901246388305e-11,1.1004885891452432e-10,1.865174681370263e-14,-22.189254611641545,-22.198283202595803,0.009028590954258675,1.7898577582392907e-06,1.791703130257252e-06,-1.8453720179613076e-09,0.4734368579664219,5.549089654062471e-09,1.4072003478522452e-08,-0.17434490869410996,"{""D"": 5.549089654062471e-09, ""cp"": 3346.7453773582374, ""k"": 0.4734368579664219, ""rho"": 939.2845648411603}","{""D"": 5.655340077274351e-09, ""cp"": 3415.295774647887, ""k"": 0.48295774647887324, ""rho"": 976.3999999999999}","[[1.8163057470175144e-06, 0.00012588164556785064], [6.177067594431414e-10, 1.0185312027339944e-07], [6.169330461641066e-14, 4.099901246388305e-11]]"
105.75,bdf2,29.034299999999998,0.020408875,3,9.508675522162835e-14,4.0953906932372794e-11,1.6643753042444587e-10,2.2648549702353193e-14,-22.244708252106687,-22.253746032920674,0.009037780813986984,1.7896048440030408e-06,1.791447489587688e-06,-1.842645584647268e-09,0.4734255072452159,5.5490634529315464e-09,1.4069995681443358e-08,-0.17478051255873817,"{""D"": 5.5490634529315464e-09, ""cp"": 3346.6636521655546, ""k"": 0.4734255072452159, ""rho"": 939.2439343340302}","{""D"": 5.655400203976071e-09, ""cp"": 3415.295774647887, ""k"": 0.48295774647887324, ""rho"": 976.3999999999999}","[[1.8187113151393112e-06, 0.00012571147792125384], [6.184827434576908e-10, 1.0172952014544555e-07], [9.508675522162835e-14, 4.0953906932372794e-11]]"
106.0,bdf2,29.037066666666668,0.020411,3,7.452222200323083e-14,4.090984631665041e-11,1.3938006304670125e-10,1.0169642905566434e-13,-22.300143808158943,-22.30919074594908,0.009046937790138543,1.7893522710293736e-06,1.7911921998272383e-06,-1.8399287978647217e-09,0.4734141700027952,5.549037592953943e-09,1.4067990640317537e-08,-0.1752159744040997,"{""D"": 5.549037592953943e-09, ""cp"": 3346.582024020125, ""k"": 0.4734141700027952, ""rho"": 939.2033599723582}","{""D"": 5.655460437702345e-09, ""cp"": 3415.295774647887, ""k"": 0.48295774647887324, ""rho"": 976.3999999999999}","[[1.8211124514317166e-06, 0.00012554189907634417], [6.193121150296402e-10, 1.0160633659058579e-07], [7.452222200323083e-14, 4.090984631665041e-11]]"
106.25,bdf2,29.039833333333334,0.020413125,3,5.942900534301746e-14,4.0866656464084596e-11,3.7402969610411674e-10,2.4424906541753444e-14,-22.35556129213619,-22.364617374478257,0.009056082342066674,1.7891000381413659e-06,1.7909372597413159e-06,-1.837221599949995e-09,0.4734028461924594,5.549012073221449e-09,1.4065988345617445e-08,-0.17565129418654357,"{""D"": 5.549012073221449e-09, ""cp"": 3346.500492585708, ""k"": 0.4734028461924594, ""rho"": 939.1628415586106}","{""D"": 5.655520778326925e-09, ""cp"": 3415.295774647887, ""k"": 0.48295774647887324, ""rho"": 976.3999999999999}","[[1.8235092255263915e-06, 0.00012537290562808943], [6.201307282709006e-10, 1.014835741367885e-07], [5.942900534301746e-14, 4.0866656464084596e-11]]"
106.5,bdf2,29.0426,0.02041525,3,6.980537083809297e-14,4.083025856414003e-11,1.1164047464262694e-10,2.7977620220553945e-14,-22.41096075942,-22.420025951055322,0.009065191635322378,1.788848144166632e-06,1.790682668102594e-06,-1.8345239359619898e-09,0.4733915357677827,5.54898689283182e-09,1.4063988787475567e-08,-0.17608647205178193,"{""D"": 5.54898689283182e-09, ""cp"": 3346.4190575280354, ""k"": 0.4733915357677827, ""rho"": 939.1223788964151}","{""D"": 5.6555812257247645e-09, ""cp"": 3415.295774647887, ""k"": 0.48295774647887324, ""rho"": 976.3999999999999}","[[1.8259016683785973e-06, 0.00012520449419967003], [6.209210375628534e-10, 1.0136122372811694e-07], [6.980537083809297e-14, 4.083025856414003e-11]]"
106.75,bdf2,29.045366666666666,0.020417374999999998,3,8.414361744304935e-14,4.078515303262977e-11,1.524540493846871e-10,5.639932965095795e-14,-22.466342230931065,-22.475416508224555,0.00907427729348953,1.7885965879420835e-06,1.790428423690972e-06,-1.8318357488884008e-09,0.47338023868261236,5.548962050886368e-09,1.4061991956562123e-08,-0.17652150842181036,"{""D"": 5.548962050886368e-09, ""cp"": 3346.3377185148092, ""k"": 0.47338023868261236, ""rho"": 939.0819717905556}","{""D"": 5.655641779772139e-09, ""cp"": 3415.295774647887, ""k"": 0.48295774647887324, ""rho"": 976.3999999999999}","[[1.8282897641551185e-06, 0.00012503666144126014], [6.217207756214579e-10, 1.0123928919592895e-07], [8.414361744304935e-14, 4.078515303262977e-11]]"
107.0,bdf2,29.048133333333332,0.0204195,3,7.131441512722041e-14,4.0747884369528626e-11,2.935394149972126e-10,1.3766765505351941e-14,-22.521705727576755,-22.530789078319913,0.009083350743157581,1.7883453683106042e-06,1.7901745252934824e-06,-1.8291569828782048e-09,0.473368954891065,5.54893754649191e-09,1.4059997843214442e-08,-0.17695640357468806,"{""D"": 5.54893754649191e-09, ""cp"": 3346.2564752156677, ""k"": 0.473368954891065, ""rho"": 939.0416200469572}","{""D"": 5.655702440346578e-09, ""cp"": 3415.295774647887, ""k"": 0.48295774647887324, ""rho"": 976.3999999999999}","[[1.830673570978513e-06, 0.00012486940402967926], [6.225308857042642e-10, 1.0111776113598242e-07], [7.131441512722041e-14, 4.0747884369528626e-11]]"
107.25,bdf2,29.0509,0.020421625,3,4.999546390293171e-14,4.0705042822225434e-11,6.366462912410498e-11,3.375077994860476e-14,-22.577051313304487,-22.586143693479244,0.009092380174756443,1.7880944841201925e-06,1.7899209717042547e-06,-1.826487584062224e-09,0.4733576843475257,5.548913378760588e-09,1.405800643801506e-08,-0.1773911577562641,"{""D"": 5.548913378760588e-09, ""cp"": 3346.1753273021845, ""k"": 0.4733576843475257, ""rho"": 939.0013234726807}","{""D"": 5.655763207326845e-09, ""cp"": 3415.295774647887, ""k"": 0.48295774647887324, ""rho"": 976.3999999999999}","[[1.833053120369652e-06, 0.0001247027186685664], [6.233272189987813e-10, 1.0099664860421419e-07], [4.999546390293171e-14, 4.0705042822225434e-11]]"
107.5,bdf2,29.053666666666665,0.02042375,3,7.79173157768471e-14,4.066446525912932e-11,3.5925040720030665e-10,6.705747068735946e-14,-22.63237900038173,-22.641480385470913,0.009101385089184788,1.7878439342268612e-06,1.789667761724437e-06,-1.8238274975758049e-09,0.4733464270066443,5.548889546811479e-09,1.405601773149344e-08,-0.17782577109484365,"{""D"": 5.548889546811479e-09, ""cp"": 3346.09427444784, ""k"": 0.4733464270066443, ""rho"": 938.9610818759099}","{""D"": 5.655824080592968e-09, ""cp"": 3415.295774647888, ""k"": 0.48295774647887324, ""rho"": 976.4000000000001}","[[1.8354283972498563e-06, 0.0001245366020878575], [6.241161900783417e-10, 1.0087593923578745e-07], [7.79173157768471e-14, 4.066446525912932e-11]]"
107.75,bdf2,29.056433333333334,0.020425875,3,6.905008510077612e-14,4.062528091708372e-11,1.141415850725025e-10,1.1102230246251565e-14,-22.687688801063686,-22.69679918622387,0.009110385160184364,1.7875937174930107e-06,1.7894148941621594e-06,-1.8211766691486996e-09,0.4733351828233352,5.548866049765559e-09,1.4054031714276935e-08,-0.1782602440535326,"{""D"": 5.548866049765559e-09, ""cp"": 3346.013316328013, ""k"": 0.4733351828233352, ""rho"": 938.9208950659455}","{""D"": 5.655885060026146e-09, ""cp"": 3415.295774647888, ""k"": 0.48295774647887324, ""rho"": 976.4000000000001}","[[1.8377994427615719e-06, 0.00012437105104378575], [6.249213816597984e-10, 1.0075563024426014e-07], [6.905008510077612e-14, 4.062528091708372e-11]]"
108.0,bdf2,29.0592,0.020427999999999998,3,6.603138059528473e-14,4.058365843819973e-11,2.4851942725945264e-10,2.7533531010703882e-14,-22.742980770643605,-22.752100127225106,0.009119356581500426,1.7873438327884515e-06,1.789162367832468e-06,-1.8185350440164165e-09,0.4733239517527734,5.548842886751392e-09,1.4052048377121119e-08,-0.17869457660591276,"{""D"": 5.548842886751392e-09, ""cp"": 3345.9324526199684, ""k"": 0.4733239517527734, ""rho"": 938.8807628531949}","{""D"": 5.655946145508907e-09, ""cp"": 3415.295774647888, ""k"": 0.48295774647887324, ""rho"": 976.4000000000001}","[[1.840166317101817e-06, 0.00012420606231766223], [6.256984582950536e-10, 1.0063572911819532e-07], [6.603138059528473e-14, 4.058365843819973e-11]]"
108.25,bdf2,29.061966666666667,0.020430125,3,6.772920554632837e-14,4.0540816890896554e-11,4.8544279707130045e-11,4.618527782440651e-14,-22.798254947178858,-22.8073832397385,0.009128292559640983,1.7870942789865818e-06,1.7889101815572711e-06,-1.8159025706893049e-09,0.47331273375039373,5.548820056903019e-09,1.405006771074662e-08,-0.17912876901596952,"{""D"": 5.548820056903019e-09, ""cp"": 3345.8516830028348, ""k"": 0.47331273375039373, ""rho"": 938.8406850491633}","{""D"": 5.656007336924897e-09, ""cp"": 3415.295774647888, ""k"": 0.48295774647887324, ""rho"": 976.4000000000001}","[[1.8425289821750936e-06, 0.00012404163271744335], [6.265168472886435e-10, 1.0051622558258784e-07], [6.772920554632837e-14, 4.0540816890896554e-11]]"
108.5,bdf2,29.064733333333333,0.02043225,3,8.999100674891796e-14,4.049797534359337e-11,3.1172930903267115e-10,1.199040866595169e-14,-22.85351135149306,-22.86264855515867,0.009137203665609661,1.7868450549704032e-06,1.788658334165279e-06,-1.8132791948757293e-09,0.4733015287718879,5.548797559356578e-09,1.4048089705918821e-08,-0.17956282192384712,"{""D"": 5.548797559356578e-09, ""cp"": 3345.7710071575925, ""k"": 0.4733015287718879, ""rho"": 938.8006614664446}","{""D"": 5.65606863415894e-09, ""cp"": 3415.295774647888, ""k"": 0.48295774647887324, ""rho"": 976.4000000000001}","[[1.8448875027059519e-06, 0.0001238777590752927], [6.272780676845802e-10, 1.0039711876667447e-07], [8.999100674891796e-14, 4.049797534359337e-11]]"
108.75,bdf2,29.0675,0.020434375,3,8.734959985680956e-14,4.045983591733565e-11,1.894022716442123e-10,7.149836278586008e-14,-22.908750004397042,-22.91789610441697,0.009146100019925996,1.7865961596279959e-06,1.7884068244919464e-06,-1.8106648639505916e-09,0.4732903367732023,5.54877539325589e-09,1.4046114353606363e-08,-0.17999673499881946,"{""D"": 5.54877539325589e-09, ""cp"": 3345.6904247670564, ""k"": 0.4732903367732023, ""rho"": 938.7606919187115}","{""D"": 5.656130037097088e-09, ""cp"": 3415.295774647888, ""k"": 0.48295774647887324, ""rho"": 976.4000000000001}","[[1.847241883236153e-06, 0.00012371443824932268], [6.28084750859865e-10, 1.0027840483909735e-07], [8.734959985680956e-14, 4.045983591733565e-11]]"
109.0,bdf2,29.070266666666665,0.0204365,3,4.999481886348838e-14,4.041978081213349e-11,2.0963852875865996e-10,7.682743330406083e-14,-22.96397094390739,-22.973125918544213,0.009154974636821578,1.7863475918523795e-06,1.788155651379434e-06,-1.8080595270544337e-09,0.4732791577105371,5.548753557747131e-09,1.4044141644587512e-08,-0.1804305090859232,"{""D"": 5.548753557747131e-09, ""cp"": 3345.6099355158667, ""k"": 0.4732791577105371, ""rho"": 938.7207762207095}","{""D"": 5.6561915456265854e-09, ""cp"": 3415.295774647888, ""k"": 0.48295774647887324, ""rho"": 976.4000000000001}","[[1.8495921832072772e-06, 0.00012355166712237534], [6.288740728813037e-10, 1.0016008623799331e-07], [4.999481886348838e-14, 4.041978081213349e-11]]"
109.25,bdf2,29.073033333333335,0.020438625,3,7.678435313805989e-14,4.0379377401668704e-11,1.9281287677586079e-10,6.350475700855895e-14,-23.019174208026413,-23.028338028152007,0.009163820125593247,1.7860993505438675e-06,1.7879048136765397e-06,-1.805463132672194e-09,0.47326799154034294,5.548732051983699e-09,1.404217156986909e-08,-0.18086414393286088,"{""D"": 5.548732051983699e-09, ""cp"": 3345.5295390904694, ""k"": 0.47326799154034294, ""rho"": 938.6809141882463}","{""D"": 5.656253159635744e-09, ""cp"": 3415.295774647888, ""k"": 0.48295774647887324, ""rho"": 976.4000000000001}","[[1.8519383439600543e-06, 0.00012338944260045505], [6.29661503908542e-10, 1.0004215843539393e-07], [7.678435313805989e-14, 4.0379377401668704e-11]]"
109.5,bdf2,29.0758,0.02044075,3,9.451815618100425e-14,4.033827738067866e-11,2.4442670110147446e-10,1.9984014443252818e-14,-23.074359826133435,-23.083532463596157,0.009172637462722122,1.7858514346095585e-06,1.7876543102386531e-06,-1.8028756290946285e-09,0.47325683821931996,5.548710875124637e-09,1.4040204120493331e-08,-0.18129763980508207,"{""D"": 5.548710875124637e-09, ""cp"": 3345.449235179103, ""k"": 0.47325683821931996, ""rho"": 938.6411056381845}","{""D"": 5.656314879014106e-09, ""cp"": 3415.295774647888, ""k"": 0.48295774647887324, ""rho"": 976.4000000000001}","[[1.8542804841747693e-06, 0.00012322776161551488], [6.304355357503748e-10, 9.992461603256766e-08], [9.451815618100425e-14, 4.033827738067866e-11]]"
109.75,bdf2,29.078566666666667,0.020442875,3,5.5654299975979744e-14,4.029961549652701e-11,2.31239027925767e-10,5.639932965095795e-14,-23.12952781898582,-23.13870925558632,0.009181436600499637,1.7856038429622702e-06,1.7874041399276975e-06,-1.8002969654273394e-09,0.4732456977044147,5.548690026328856e-09,1.4038239287453943e-08,-0.181730997621578,"{""D"": 5.548690026328856e-09, ""cp"": 3345.369023471786, ""k"": 0.4732456977044147, ""rho"": 938.6013503884317}","{""D"": 5.656376703652336e-09, ""cp"": 3415.295774647888, ""k"": 0.48295774647887324, ""rho"": 976.4000000000001}","[[1.8566185410415787e-06, 0.00012306662112319275], [6.312595577828393e-10, 9.980745955197241e-08], [5.5654299975979744e-14, 4.029961549652701e-11]]"
110.0,bdf2,29.081333333333333,0.020444999999999998,3,7.716124190229493e-14,4.025764471238039e-11,2.3715074348729104e-10,2.6645352591003757e-14,-23.18467820732854,-23.193868434178455,0.009190226849916883,1.785356574521214e-06,1.7871543016120835e-06,-1.7977270908695255e-09,0.4732345699528193,5.548669504764605e-09,1.4036277061935878e-08,-0.18216421674207534,"{""D"": 5.548669504764605e-09, ""cp"": 3345.288903660299, ""k"": 0.4732345699528193, ""rho"": 938.5616482579334}","{""D"": 5.656438633442146e-09, ""cp"": 3415.295774647888, ""k"": 0.48295774647887324, ""rho"": 976.4000000000001}","[[1.858952621732095e-06, 0.00012290601810263698], [6.319960378284957e-10, 9.969068916776072e-08], [7.716124190229493e-14, 4.025764471238039e-11]]"
110.25,bdf2,29.0841,0.020447125,3,9.829078772668887e-14,4.0216718844021664e-11,1.2869350030086935e-10,1.021405182655144e-14,-23.23981105493523,-23.24901002931341,0.009198974378179514,1.7851096282103562e-06,1.7869047941666478e-06,-1.7951659562915817e-09,0.4732234549219686,5.5486493096044376e-09,1.4034317435028082e-08,-0.18259729777791373,"{""D"": 5.5486493096044376e-09, ""cp"": 3345.208875438174, ""k"": 0.4732234549219686, ""rho"": 938.5219990666637}","{""D"": 5.656500668276399e-09, ""cp"": 3415.295774647888, ""k"": 0.48295774647887324, ""rho"": 976.4000000000001}","[[1.8612826764539496e-06, 0.000122745949555636], [6.327713771940971e-10, 9.957430052611693e-08], [9.829078772668887e-14, 4.0216718844021664e-11]]"
110.5,bdf2,29.086866666666666,0.02044925,3,7.716095438758843e-14,4.018119170723365e-11,1.020907802740112e-10,8.348877145181177e-14,-23.29492637391515,-23.30413407101446,0.009207697099309797,1.7848630029617418e-06,1.7866556164726104e-06,-1.7926135108685667e-09,0.47321235256953853,5.5486294400231926e-09,1.4032360397983317e-08,-0.18303024103660795,"{""D"": 5.5486294400231926e-09, ""cp"": 3345.1289385006776, ""k"": 0.47321235256953853, ""rho"": 938.4824026356177}","{""D"": 5.656562808049096e-09, ""cp"": 3415.295774647888, ""k"": 0.48295774647887324, ""rho"": 976.4000000000001}","[[1.8636087523850305e-06, 0.00012258641250957844], [6.335687851341276e-10, 9.945828840246199e-08], [7.716095438758843e-14, 4.018119170723365e-11]]"
110.75,bdf2,29.08963333333333,0.020451375,3,8.791427293036351e-14,4.0142529823082e-11,1.4347278920467943e-10,5.3734794391857577e-14,-23.350024184973964,-23.35924058889418,0.00921640392021672,1.784616697709902e-06,1.7864067674175267e-06,-1.7900697076246685e-09,0.47320126285344466,5.548609895202728e-09,1.4030405942038114e-08,-0.1834630465221257,"{""D"": 5.548609895202728e-09, ""cp"": 3345.049092544802, ""k"": 0.47320126285344466, ""rho"": 938.4428587868042}","{""D"": 5.656625052655361e-09, ""cp"": 3415.295774647888, ""k"": 0.48295774647887324, ""rho"": 976.4000000000001}","[[1.865930878214612e-06, 0.00012242740401257728], [6.343401539264283e-10, 9.934265540908545e-08], [8.791427293036351e-14, 4.0142529823082e-11]]"
111.0,bdf2,29.0924,0.0204535,3,7.489678353137065e-14,4.0101778107354584e-11,2.0270363165764138e-10,4.973799150320701e-14,-23.40510451741279,-23.41432961262484,0.009225095212048728,1.7843707113982903e-06,1.786158245895236e-06,-1.7875344969457792e-09,0.47319018573184,5.548590674327435e-09,1.402845405857434e-08,-0.18389571468569724,"{""D"": 5.548590674327435e-09, ""cp"": 3344.969337269248, ""k"": 0.47319018573184, ""rho"": 938.4033673432377}","{""D"": 5.656687401991332e-09, ""cp"": 3415.295774647888, ""k"": 0.48295774647887324, ""rho"": 976.4000000000001}","[[1.868249047918943e-06, 0.00012226892113764923], [6.351392509262518e-10, 9.922739823708728e-08], [7.489678353137065e-14, 4.0101778107354584e-11]]"
111.25,bdf2,29.095166666666668,0.020455624999999998,3,9.244170090285941e-14,4.005998147583929e-11,6.366462912410498e-11,9.281464485866309e-14,-23.460167417734645,-23.469401171598747,0.009233753864101857,1.7841250429763454e-06,1.785910050805803e-06,-1.7850078294575013e-09,0.47317912116311267,5.54857177658737e-09,1.4026504738932112e-08,-0.18432824563949834,"{""D"": 5.54857177658737e-09, ""cp"": 3344.8896723744115, ""k"": 0.47317912116311267, ""rho"": 938.3639281289285}","{""D"": 5.65674985595423e-09, ""cp"": 3415.295774647888, ""k"": 0.48295774647887324, ""rho"": 976.4000000000001}","[[1.8705633294276453e-06, 0.0001221109609785352], [6.358809918789473e-10, 9.91125163640096e-08], [9.244170090285941e-14, 4.005998147583929e-11]]"
111.5,bdf2,29.097933333333334,0.02045775,3,9.168690299634841e-14,4.002079713379369e-11,1.502939994679764e-10,2.531308496145357e-14,-23.51521290660649,-23.524455295118685,0.009242388512195276,1.7838796913989393e-06,1.7856621810554678e-06,-1.782489656528497e-09,0.4731680691058844,5.548553201176494e-09,1.4024557974440041e-08,-0.18476063978360693,"{""D"": 5.548553201176494e-09, ""cp"": 3344.8100975623674, ""k"": 0.4731680691058844, ""rho"": 938.3245409688748}","{""D"": 5.656812414442334e-09, ""cp"": 3415.295774647888, ""k"": 0.48295774647887324, ""rho"": 976.4000000000001}","[[1.8728736870978052e-06, 0.00012195352065266076], [6.366617804112455e-10, 9.899800421696818e-08], [9.168690299634841e-14, 4.002079713379369e-11]]"
111.75,bdf2,29.1007,0.020459875,3,8.244259557754017e-14,3.9983702623323855e-11,1.546140993013978e-10,2.2648549702353193e-14,-23.570241004683346,-23.57949201216769,0.009251007484344598,1.783634655623888e-06,1.7854146355566164e-06,-1.7799799327283657e-09,0.47315702951900884,5.548534947294805e-09,1.4022613756644884e-08,-0.18519289716341752,"{""D"": 5.548534947294805e-09, ""cp"": 3344.7306125368636, ""k"": 0.47315702951900884, ""rho"": 938.2852056890586}","{""D"": 5.656875077355045e-09, ""cp"": 3415.295774647888, ""k"": 0.48295774647887324, ""rho"": 976.4000000000001}","[[1.875180195084329e-06, 0.00012179659729922065], [6.374401120191893e-10, 9.888385988028408e-08], [8.244259557754017e-14, 3.9983702623323855e-11]]"
112.0,bdf2,29.103466666666666,0.020462,3,9.093193692643848e-14,3.994591150232876e-11,4.172306944383308e-11,5.684341886080802e-14,-23.625251741215124,-23.634511351822596,0.009259610607472268,1.7833899346185749e-06,1.7851674132277118e-06,-1.7774786091369315e-09,0.4731460023615697,5.5485170141443795e-09,1.4020672077046916e-08,-0.1856250179853039,"{""D"": 5.5485170141443795e-09, ""cp"": 3344.651217003302, ""k"": 0.4731460023615697, ""rho"": 938.2459221164339}","{""D"": 5.656937844592699e-09, ""cp"": 3415.295774647888, ""k"": 0.48295774647887324, ""rho"": 976.4000000000002}","[[1.8774828237812613e-06, 0.00012164018807970118], [6.382069312510913e-10, 9.877008283149943e-08], [9.093193692643848e-14, 3.994591150232876e-11]]"
112.25,bdf2,29.106233333333332,0.020464125,3,8.979983523984226e-14,3.99032441076569e-11,1.1618794815149158e-10,4.884981308350689e-15,-23.680245162652344,-23.68951334285896,0.009268180206614574,1.7831455273532566e-06,1.784920512993268e-06,-1.7749856400114506e-09,0.4731349875928792,5.548499400933115e-09,1.4018732927098383e-08,-0.18605700269202635,"{""D"": 5.548499400933115e-09, ""cp"": 3344.57191066873, ""k"": 0.4731349875928792, ""rho"": 938.206690078923}","{""D"": 5.657000716056681e-09, ""cp"": 3415.295774647888, ""k"": 0.48295774647887324, ""rho"": 976.4000000000001}","[[1.8797816231952914e-06, 0.00012148429017718356], [6.389794057844933e-10, 9.865667254815635e-08], [8.979983523984226e-14, 3.99032441076569e-11]]"
112.5,bdf2,29.109,0.02046625,3,7.093419008561627e-14,3.9866672055081025e-11,1.5268142306013033e-10,3.241851231905457e-14,-23.73522128100571,-23.74449801398839,0.009276732982680613,1.7829014328058689e-06,1.7846739337837732e-06,-1.7725009779043136e-09,0.4731239851724752,5.548482106872479e-09,1.4016796298525862e-08,-0.18648885141120866,"{""D"": 5.548482106872479e-09, ""cp"": 3344.492693241822, ""k"": 0.4731239851724752, ""rho"": 938.1675094054037}","{""D"": 5.657063691649417e-09, ""cp"": 3415.295774647888, ""k"": 0.48295774647887324, ""rho"": 976.4000000000001}","[[1.8820765967351075e-06, 0.0001213289007954731], [6.397713073821312e-10, 9.854362432813379e-08], [7.093419008561627e-14, 3.9866672055081025e-11]]"
112.75,bdf2,29.111766666666668,0.020468375,3,6.395384337981485e-14,3.9827836018298054e-11,6.411937647499144e-11,6.439293542825908e-14,-23.79018012548746,-23.799465393598496,0.009285268111035805,1.7826576499580473e-06,1.7844276745356715e-06,-1.7700245776241952e-09,0.47311299506012106,5.548465131179875e-09,1.4014862182908625e-08,-0.186920564079894,"{""D"": 5.548465131179875e-09, ""cp"": 3344.4135644328717, ""k"": 0.47311299506012106, ""rho"": 938.1283799257075}","{""D"": 5.657126771274315e-09, ""cp"": 3415.295774647888, ""k"": 0.48295774647887324, ""rho"": 976.4000000000001}","[[1.8843677972368036e-06, 0.00012117401716118914], [6.405426411973362e-10, 9.843093712651591e-08], [6.395384337981485e-14, 3.9827836018298054e-11]]"
113.0,bdf2,29.114533333333334,0.0204705,3,8.187585735426462e-14,3.978899998151509e-11,1.318767317570746e-10,7.505107646466058e-14,-23.845121733903362,-23.854415510011506,0.009293776108144414,1.7824141777990794e-06,1.7841817341913028e-06,-1.7675563922234473e-09,0.47310201721580236,5.5484484730762316e-09,1.4012930571996698e-08,-0.18735214126487407,"{""D"": 5.5484484730762316e-09, ""cp"": 3344.334523953777, ""k"": 0.47310201721580236, ""rho"": 938.0893014706085}","{""D"": 5.6571899548358e-09, ""cp"": 3415.295774647888, ""k"": 0.48295774647887324, ""rho"": 976.4000000000001}","[[1.8866552147144029e-06, 0.00012101963652115274], [6.412992556190523e-10, 9.831860937592906e-08], [8.187585735426462e-14, 3.978899998151509e-11]]"
113.25,bdf2,29.1173,0.020472625,3,9.545876851949166e-14,3.97524279289392e-11,1.0095391189679503e-10,8.43769498715119e-15,-23.900046135440235,-23.909348391667606,0.009302256227371686,1.7821710153229807e-06,1.7839361116988534e-06,-1.765096375872717e-09,0.4730910515997262,5.54843213178427e-09,1.4011001457437045e-08,-0.18778358300618503,"{""D"": 5.54843213178427e-09, ""cp"": 3344.2555715180283, ""k"": 0.4730910515997262, ""rho"": 938.0502738718166}","{""D"": 5.6572532422393306e-09, ""cp"": 3415.295774647888, ""k"": 0.48295774647887324, ""rho"": 976.4000000000001}","[[1.8889388604999e-06, 0.00012086575614325741], [6.420434145721349e-10, 9.820663776747325e-08], [9.545876851949166e-14, 3.97524279289392e-11]]"
113.5,bdf2,29.120066666666666,0.02047475,3,8.678053447700478e-14,3.971115375531784e-11,1.4506440493278205e-10,6.217248937900877e-15,-23.954953333455762,-23.964264066486862,0.009310733031099971,1.781928161527262e-06,1.7836908060123263e-06,-1.7626444850643688e-09,0.4730800981723191,5.548416106534418e-09,1.4009074831094947e-08,-0.18821488979604306,"{""D"": 5.548416106534418e-09, ""cp"": 3344.1767068406975, ""k"": 0.4730800981723191, ""rho"": 938.0112969619722}","{""D"": 5.657316633391271e-09, ""cp"": 3415.295774647888, ""k"": 0.48295774647887324, ""rho"": 976.4000000000001}","[[1.8912187840332216e-06, 0.00012071237331646915], [6.428126601382822e-10, 9.809502665496426e-08], [8.678053447700478e-14, 3.971115375531784e-11]]"
113.75,bdf2,29.122833333333332,0.020476875,3,6.810372523272656e-14,3.967458170274196e-11,6.934897101018578e-11,9.769962616701378e-15,-24.009843391535615,-24.019162562618135,0.009319171082520228,1.7816856154169431e-06,1.7834458160914869e-06,-1.7602006745437615e-09,0.4730691568942257,5.5484003965578224e-09,1.4007150684759799e-08,-0.18864606167234133,"{""D"": 5.5484003965578224e-09, ""cp"": 3344.097929638425, ""k"": 0.4730691568942257, ""rho"": 937.9723705746379}","{""D"": 5.657380128198987e-09, ""cp"": 3415.295774647888, ""k"": 0.48295774647887324, ""rho"": 976.4000000000001}","[[1.8934949523126795e-06, 0.00012055948534873659], [6.435973708703519e-10, 9.798376123542845e-08], [6.810372523272656e-14, 3.967458170274196e-11]]"
114.0,bdf2,29.1256,0.020479,3,7.338586946017903e-14,3.963818380279738e-11,1.5074874681886286e-10,2.6645352591003757e-14,-24.064716313013623,-24.07404390749832,0.009327594484698665,1.7814433760026919e-06,1.7832011409018068e-06,-1.7577648991149112e-09,0.473058227726306,5.548385001095131e-09,1.4005229010293853e-08,-0.18907709857719682,"{""D"": 5.548385001095131e-09, ""cp"": 3344.0192396294033, ""k"": 0.473058227726306, ""rho"": 937.933494544289}","{""D"": 5.6574437265707864e-09, ""cp"": 3415.295774647888, ""k"": 0.48295774647887324, ""rho"": 976.4000000000001}","[[1.8957674670346942e-06, 0.00012040708957099647], [6.443564204061479e-10, 9.787285056480258e-08], [7.338586946017903e-14, 3.963818380279738e-11]]"
114.25,bdf2,29.12836666666667,0.020481125,3,7.998855931230625e-14,3.959865115548916e-11,1.0982148523908108e-10,1.9095836023552692e-14,-24.119572135633923,-24.128908129131332,0.009335993497408879,1.781201442299283e-06,1.7829567794144434e-06,-1.7553371151604916e-09,0.4730473106296351,5.548369919384422e-09,1.4003309799670288e-08,-0.18950800137437396,"{""D"": 5.548369919384422e-09, ""cp"": 3343.940636533373, ""k"": 0.4730473106296351, ""rho"": 937.894668706311}","{""D"": 5.657507428415903e-09, ""cp"": 3415.295774647888, ""k"": 0.48295774647887324, ""rho"": 976.4000000000001}","[[1.8980362657676613e-06, 0.00012025518333212336], [6.450996188065128e-10, 9.776229063757622e-08], [7.998855931230625e-14, 3.959865115548916e-11]]"
114.5,bdf2,29.131133333333334,0.020483249999999998,3,7.6781324891779e-14,3.9560511729231456e-11,5.638867150992155e-11,2.842170943040401e-14,-24.174410879918163,-24.183755254827588,0.009344374909424857,1.7809598133262644e-06,1.7827127306061833e-06,-1.7529172799188913e-09,0.47303640556550075,5.5483551506731e-09,1.4001393044811855e-08,-0.18993876956988626,"{""D"": 5.5483551506731e-09, ""cp"": 3343.8621200716057, ""k"": 0.47303640556550075, ""rho"": 937.8558928969893}","{""D"": 5.657571233644533e-09, ""cp"": 3415.295774647888, ""k"": 0.48295774647887324, ""rho"": 976.4000000000001}","[[1.900301413797775e-06, 0.00012010376400171585], [6.458646965397839e-10, 9.765207727408617e-08], [7.6781324891779e-14, 3.9560511729231456e-11]]"
114.75,bdf2,29.1339,0.020485375,3,7.376275404295464e-14,3.952411382928688e-11,3.89945853385143e-11,6.705747068735946e-14,-24.22923257498141,-24.2385853121462,0.00935273716478946,1.7807184881114108e-06,1.7824689934594008e-06,-1.7505053479899914e-09,0.47302551249540203,5.548340694208977e-09,1.3999478737704615e-08,-0.1903694039242162,"{""D"": 5.548340694208977e-09, ""cp"": 3343.7836899668946, ""k"": 0.47302551249540203, ""rho"": 937.817166953504}","{""D"": 5.6576351421678234e-09, ""cp"": 3415.295774647888, ""k"": 0.48295774647887324, ""rho"": 976.4000000000001}","[[1.9025629064210505e-06, 0.00011995282896940014], [6.466139231693763e-10, 9.754220890695873e-08], [7.376275404295464e-14, 3.952411382928688e-11]]"
115.0,bdf2,29.136666666666667,0.0204875,3,6.829172911384641e-14,3.949102482933726e-11,1.2710188457276672e-10,2.7533531010703882e-14,-24.284037258531153,-24.293398328094895,0.009361069563741609,1.7804774656852264e-06,1.7822255669620073e-06,-1.7481012767809519e-09,0.47301463138104705,5.5483265492477646e-09,1.3997566870522496e-08,-0.1907999042744152,"{""D"": 5.5483265492477646e-09, ""cp"": 3343.7053459435383, ""k"": 0.47301463138104705, ""rho"": 937.7784907139212}","{""D"": 5.6576991538977794e-09, ""cp"": 3415.295774647888, ""k"": 0.48295774647887324, ""rho"": 976.4000000000001}","[[1.9048207723248796e-06, 0.00011980237564308851], [6.473938956258136e-10, 9.743268135653077e-08], [6.829172911384641e-14, 3.949102482933726e-11]]"
115.25,bdf2,29.139433333333333,0.020489625,3,8.149715661734702e-14,3.9450273113609844e-11,8.86757334228605e-11,6.17284001691587e-14,-24.338824933845377,-24.34819433006652,0.009369396221142523,1.7802367450828675e-06,1.7819824501074319e-06,-1.7457050245643887e-09,0.47300376218435247,5.54831271504426e-09,1.3995657435210898e-08,-0.19123027118367822,"{""D"": 5.54831271504426e-09, ""cp"": 3343.627087727338, ""k"": 0.47300376218435247, ""rho"": 937.7398640171891}","{""D"": 5.657763268747311e-09, ""cp"": 3415.295774647888, ""k"": 0.48295774647887324, ""rho"": 976.4000000000001}","[[1.9070750413282821e-06, 0.00011965240145176564], [6.481027422846459e-10, 9.732350298212861e-08], [8.149715661734702e-14, 3.9450273113609844e-11]]"
115.5,bdf2,29.1422,0.02049175,3,8.39494570072467e-14,3.941126292419557e-11,3.3503511076560244e-10,2.042810365310288e-14,-24.39359564721269,-24.402973344837164,0.009377697624476156,1.7799963253455566e-06,1.7817396418945523e-06,-1.7433165489956425e-09,0.4729929048674413,5.548299190861744e-09,1.3993750423952746e-08,-0.19166050445392835,"{""D"": 5.548299190861744e-09, ""cp"": 3343.5489150455774, ""k"": 0.4729929048674413, ""rho"": 937.7012867031284}","{""D"": 5.65782748663035e-09, ""cp"": 3415.295774647888, ""k"": 0.48295774647887324, ""rho"": 976.4000000000001}","[[1.9093256887303483e-06, 0.0001195029038421798], [6.488764805358198e-10, 9.721466594688381e-08], [8.39494570072467e-14, 3.941126292419557e-11]]"
115.75,bdf2,29.144966666666665,0.020493874999999998,3,9.658885347489866e-14,3.9374516718988366e-11,1.651869752095081e-10,1.141309269314661e-13,-24.448349436304518,-24.457735399275293,0.009385962970775097,1.7797562055208147e-06,1.7814971413276712e-06,-1.7409358068565513e-09,0.47298205939264104,5.548285975965304e-09,1.3991845828946095e-08,-0.19209060456068208,"{""D"": 5.548285975965304e-09, ""cp"": 3343.4708276270158, ""k"": 0.47298205939264104, ""rho"": 937.6627586124274}","{""D"": 5.657891807461597e-09, ""cp"": 3415.295774647888, ""k"": 0.48295774647887324, ""rho"": 976.4000000000001}","[[1.9115727601966365e-06, 0.00011935388028093268], [6.496362542609514e-10, 9.710615823426484e-08], [9.658885347489866e-14, 3.9374516718988366e-11]]"
116.0,bdf2,29.147733333333335,0.020496,3,7.319610039217848e-14,3.933480991904883e-11,3.0240698833949864e-11,4.8405723873656825e-14,-24.503086295761666,-24.512480520350266,0.009394224588600508,1.77951638465849e-06,1.78125494741647e-06,-1.7385627579799655e-09,0.47297122572248285,5.54827306962172e-09,1.3989943642389388e-08,-0.19252057190487187,"{""D"": 5.54827306962172e-09, ""cp"": 3343.392825201877, ""k"": 0.47297122572248285, ""rho"": 937.6242795866352}","{""D"": 5.6579562311566604e-09, ""cp"": 3415.295774647888, ""k"": 0.48295774647887324, ""rho"": 976.4000000000001}","[[1.913816290450795e-06, 0.00011920532825273781], [6.503801770398839e-10, 9.699799534385587e-08], [7.319610039217848e-14, 3.933480991904883e-11]]"
116.25,bdf2,29.1505,0.020498125,3,7.810084402066842e-14,3.930224337699316e-11,7.878497854107991e-11,5.329070518200751e-15,-24.557806280440424,-24.567208734404744,0.009402453964320046,1.77927686181687e-06,1.7810130591759633e-06,-1.7361973590933014e-09,0.4729604038196993,5.548260471106294e-09,1.3988043856592824e-08,-0.19295040620642084,"{""D"": 5.548260471106294e-09, ""cp"": 3343.3149075018346, ""k"": 0.4729604038196993, ""rho"": 937.5858494681542}","{""D"": 5.6580207576320565e-09, ""cp"": 3415.295774647888, ""k"": 0.48295774647887324, ""rho"": 976.4000000000001}","[[1.9160562749773165e-06, 0.00011905724526216215], [6.511316414842876e-10, 9.68901595120885e-08], [7.810084402066842e-14, 3.930224337699316e-11]]"
116.5,bdf2,29.153266666666667,0.02050025,3,7.998718434631543e-14,3.9266716240205154e-11,9.299583325628191e-11,3.9968028886505635e-14,-24.612509393563744,-24.62192006795192,0.009410674388174556,1.77903763605634e-06,1.7807714756264697e-06,-1.7338395701297828e-09,0.47294959364722333,5.548248179695322e-09,1.398614646384492e-08,-0.19338010801811442,"{""D"": 5.548248179695322e-09, ""cp"": 3343.2370742600087, ""k"": 0.47294959364722333, ""rho"": 937.5474681002352}","{""D"": 5.658085386805138e-09, ""cp"": 3415.295774647888, ""k"": 0.48295774647887324, ""rho"": 976.4000000000001}","[[1.918292720768215e-06, 0.00011890962883049128], [6.518923453891883e-10, 9.678265962074694e-08], [7.998718434631543e-14, 3.9266716240205154e-11]]"
116.75,bdf2,29.156033333333333,0.020502375,3,6.602703003970124e-14,3.92292734244727e-11,3.1604940886609256e-11,6.88338275267597e-14,-24.667195672757526,-24.676614547453823,0.009418874696297763,1.7787987064439795e-06,1.7805301957935654e-06,-1.7314893495858542e-09,0.47293879516818693,5.548236194668169e-09,1.3984251456444383e-08,-0.1938096775728814,"{""D"": 5.548236194668169e-09, ""cp"": 3343.159325210946, ""k"": 0.47293879516818693, ""rho"": 937.5091353269704}","{""D"": 5.6581501185940805e-09, ""cp"": 3415.295774647888, ""k"": 0.48295774647887324, ""rho"": 976.4000000000001}","[[1.9205256719792884e-06, 0.00011876247649903837], [6.52637575724466e-10, 9.66754946249154e-08], [6.602703003970124e-14, 3.92292734244727e-11]]"
117.0,bdf2,29.1588,0.0205045,3,8.791010519405457e-14,3.9191133998214994e-11,1.8690116121433675e-10,2.1760371282653068e-14,-24.721865164238242,-24.731292198973165,0.009427034734923012,1.7785600720514526e-06,1.780289218708043e-06,-1.7291466565904818e-09,0.47292800834591897,5.548224515310547e-09,1.3982358826858412e-08,-0.19423911473417918,"{""D"": 5.548224515310547e-09, ""cp"": 3343.0816600906173, ""k"": 0.47292800834591897, ""rho"": 937.4708509932868}","{""D"": 5.658214952917933e-09, ""cp"": 3415.295774647888, ""k"": 0.48295774647887324, ""rho"": 976.4000000000001}","[[1.922755111078187e-06, 0.00011861578582548693], [6.53386763350919e-10, 9.656865651357284e-08], [8.791010519405457e-14, 3.9191133998214994e-11]]"
117.25,bdf2,29.161566666666666,0.020506625,3,8.866452763581287e-14,3.915508440353305e-11,1.1687006917782128e-10,7.860379014346108e-14,-24.776517845388188,-24.785953048736076,0.009435203347887722,1.778321731954105e-06,1.7800485434058725e-06,-1.7268114517674333e-09,0.47291723314394407,5.548213140909138e-09,1.3980468567475095e-08,-0.19466842000930523,"{""D"": 5.548213140909138e-09, ""cp"": 3343.0040786363975, ""k"": 0.47291723314394407, ""rho"": 937.4326149449396}","{""D"": 5.6582798896965605e-09, ""cp"": 3415.295774647887, ""k"": 0.48295774647887324, ""rho"": 976.4}","[[1.9249810876912055e-06, 0.00011846955438685137], [6.541250050563723e-10, 9.646214929222977e-08], [8.866452763581287e-14, 3.915508440353305e-11]]"
117.5,bdf2,29.16433333333333,0.02050875,3,7.564767454885418e-14,3.911868650358848e-11,9.345058060716838e-11,1.9984014443252818e-14,-24.83115377960751,-24.840597122803842,0.009443343196331,1.7780836852327028e-06,1.7798081689281716e-06,-1.7244836954687904e-09,0.4729064695259815,5.548202070754731e-09,1.3978580670704437e-08,-0.1950975936926553,"{""D"": 5.548202070754731e-09, ""cp"": 3342.9265805870664, ""k"": 0.4729064695259815, ""rho"": 937.3944270285074}","{""D"": 5.658344928850698e-09, ""cp"": 3415.295774647887, ""k"": 0.48295774647887324, ""rho"": 976.4}","[[1.9272036142808763e-06, 0.0001183237797772131], [6.548545646721994e-10, 9.635596512401778e-08], [7.564767454885418e-14, 3.911868650358848e-11]]"
117.75,bdf2,29.1671,0.020510875,3,8.470259430366165e-14,3.9079502161542886e-11,2.4067503545666113e-10,1.9095836023552692e-14,-24.885772978668363,-24.895224446821373,0.009451468153010012,1.7778459309734292e-06,1.7795680943211629e-06,-1.7221633477336562e-09,0.4728957174559433,5.548191304144543e-09,1.3976695129191944e-08,-0.19552663572875917,"{""D"": 5.548191304144543e-09, ""cp"": 3342.849165682792, ""k"": 0.4728957174559433, ""rho"": 937.3562870913861}","{""D"": 5.658410070301882e-09, ""cp"": 3415.295774647887, ""k"": 0.48295774647887324, ""rho"": 976.4}","[[1.9294227055734335e-06, 0.00011817845960841707], [6.555801584260785e-10, 9.62501073178369e-08], [8.470259430366165e-14, 3.9079502161542886e-11]]"
118.0,bdf2,29.169866666666667,0.020513,3,9.036183579808824e-14,3.904362671949225e-11,1.554099071654491e-10,5.639932965095795e-14,-24.94037548874139,-24.94983504643784,0.009459557696448684,1.7776084682681558e-06,1.7793283186361167e-06,-1.7198503679609888e-09,0.4728849768979324,5.5481808403782145e-09,1.3974811935383386e-08,-0.1959555461392111,"{""D"": 5.5481808403782145e-09, ""cp"": 3342.7718336651137, ""k"": 0.4728849768979324, ""rho"": 937.3181949817787}","{""D"": 5.658475313972477e-09, ""cp"": 3415.295774647887, ""k"": 0.48295774647887324, ""rho"": 976.4}","[[1.931638351016338e-06, 0.00011803359150972353], [6.563372519440502e-10, 9.614457151987127e-08], [9.036183579808824e-14, 3.904362671949225e-11]]"
118.25,bdf2,29.172633333333334,0.020515125,3,1.0432150006013861e-13,3.901071187217395e-11,2.2032509150449187e-10,2.9753977059954195e-14,-24.994961312975192,-25.00442894744026,0.009467634465067931,1.7773712962101239e-06,1.7790888409293425e-06,-1.7175447192186694e-09,0.4728742478162423,5.54817067875659e-09,1.3972931081841349e-08,-0.19638432576581172,"{""D"": 5.54817067875659e-09, ""cp"": 3342.694584276945, ""k"": 0.4728742478162423, ""rho"": 937.2801505486948}","{""D"": 5.658540659785585e-09, ""cp"": 3415.295774647887, ""k"": 0.48295774647887324, ""rho"": 976.4}","[[1.9338506034423044e-06, 0.00011788917312815626], [6.57043029238692e-10, 9.603935389876308e-08], [1.0432150006013861e-13, 3.901071187217395e-11]]"
118.5,bdf2,29.1754,0.02051725,3,7.82881350412955e-14,3.89720499880223e-11,5.5933924159035087e-11,1.3766765505351941e-14,-25.049530488916226,-25.05900617537975,0.009475686463524369,1.7771344139005535e-06,1.7788496602621516e-06,-1.7152463615981053e-09,0.47286353017535554,5.54816081858517e-09,1.3971052561290847e-08,-0.19681297433195913,"{""D"": 5.54816081858517e-09, ""cp"": 3342.6174172625597, ""k"": 0.47286353017535554, ""rho"": 937.2421536419442}","{""D"": 5.658606107665126e-09, ""cp"": 3415.295774647887, ""k"": 0.48295774647887324, ""rho"": 976.4}","[[1.936059437773055e-06, 0.00011774520212728358], [6.578021891955597e-10, 9.593445758925965e-08], [7.82881350412955e-14, 3.89720499880223e-11]]"
118.75,bdf2,29.178166666666666,0.020519375,3,8.545652147157765e-14,3.893948344596664e-11,9.049472282640636e-11,6.88338275267597e-14,-25.104083019693118,-25.11356675547063,0.00948373577751127,1.7768978204442241e-06,1.7786107757007836e-06,-1.7129552565595092e-09,0.47285282393994055,5.5481512591750606e-09,1.3969176366329995e-08,-0.19724149206256814,"{""D"": 5.5481512591750606e-09, ""cp"": 3342.540332367572, ""k"": 0.47285282393994055, ""rho"": 937.2042041121254}","{""D"": 5.6586716575358776e-09, ""cp"": 3415.295774647887, ""k"": 0.48295774647887324, ""rho"": 976.3999999999999}","[[1.9382649015589924e-06, 0.00011760167618704417], [6.585385186216283e-10, 9.582987562525578e-08], [8.545652147157765e-14, 3.893948344596664e-11]]"
119.0,bdf2,29.180933333333332,0.020521499999999998,3,9.07384261338441e-14,3.890430461444127e-11,9.390532795805484e-11,9.725553695716371e-14,-25.158618960033472,-25.1681107129329,0.009491752899428718,1.7766615149515856e-06,1.7783721863164088e-06,-1.7106713648232104e-09,0.4728421290748527,5.5481419998397495e-09,1.3967302489658592e-08,-0.19766987923741688,"{""D"": 5.5481419998397495e-09, ""cp"": 3342.4633293389397, ""k"": 0.4728421290748527, ""rho"": 937.1663018106254}","{""D"": 5.6587373093232315e-09, ""cp"": 3415.295774647887, ""k"": 0.48295774647887324, ""rho"": 976.3999999999999}","[[1.940466999150431e-06, 0.00011745859300514016], [6.592825781980052e-10, 9.572561479870402e-08], [9.07384261338441e-14, 3.890430461444127e-11]]"
119.25,bdf2,29.1837,0.020523625,3,9.941592025851153e-14,3.886616518818355e-11,2.4226665118476376e-10,5.5067062021407764e-14,-25.213138321646166,-25.222638072983727,0.00949975133756098,1.776425496534047e-06,1.7781338911850837e-06,-1.708394651036595e-09,0.4728314455451317,5.548133039895148e-09,1.3965430924117306e-08,-0.1980981361368575,"{""D"": 5.548133039895148e-09, ""cp"": 3342.3864079249483, ""k"": 0.4728314455451317, ""rho"": 937.1284465896134}","{""D"": 5.6588030629535e-09, ""cp"": 3415.295774647887, ""k"": 0.48295774647887324, ""rho"": 976.3999999999999}","[[1.9426657505552315e-06, 0.0001173159502961666], [6.600089008006152e-10, 9.562166605366756e-08], [9.941592025851153e-14, 3.886616518818355e-11]]"
119.5,bdf2,29.186466666666668,0.02052575,3,7.791023754462152e-14,3.882994144087029e-11,5.1954884838778526e-11,1.9984014443252818e-14,-25.26764112483151,-25.2771488608019,0.009507735970391451,1.7761897643111721e-06,1.777895889387693e-06,-1.706125076520962e-09,0.4728207733159998,5.54812437865989e-09,1.3963561662323549e-08,-0.19852626300450346,"{""D"": 5.54812437865989e-09, ""cp"": 3342.309567875199, ""k"": 0.4728207733159998, ""rho"": 937.0906383020309}","{""D"": 5.658868918353649e-09, ""cp"": 3415.295774647887, ""k"": 0.48295774647887324, ""rho"": 976.3999999999999}","[[1.9448611605009856e-06, 0.0001171737457898698], [6.607516312106265e-10, 9.551803113167274e-08], [7.791023754462152e-14, 3.882994144087029e-11]]"
119.75,bdf2,29.189233333333334,0.020527875,3,8.52672125437259e-14,3.879319523566309e-11,1.9963408703915775e-10,2.4868995751603507e-14,-25.32212740708112,-25.33164310107452,0.00951569399340002,1.7759543174073005e-06,1.7776581800099428e-06,-1.703862602642292e-09,0.47281011235286163,5.548116015459607e-09,1.3961694697276018e-08,-0.19895425972064068,"{""D"": 5.548116015459607e-09, ""cp"": 3342.2328089406037, ""k"": 0.47281011235286163, ""rho"": 937.0528768015909}","{""D"": 5.658934875451485e-09, ""cp"": 3415.295774647887, ""k"": 0.48295774647887324, ""rho"": 976.3999999999999}","[[1.9470532767261244e-06, 0.00011703197723341134], [6.614692675889604e-10, 9.541470863949849e-08], [8.52672125437259e-14, 3.879319523566309e-11]]"
120.0,bdf2,29.192,0.02053,3,9.394466603505868e-14,3.87590613199256e-11,2.787601260934025e-10,3.064215547965432e-14,-25.37659717147295,-25.386120818642155,0.009523647169203286,1.775719154948832e-06,1.7774207621423052e-06,-1.7016071934732586e-09,0.4727994626213017,5.548107949620846e-09,1.3959830021652977e-08,-0.19938212666361385,"{""D"": 5.548107949620846e-09, ""cp"": 3342.1561308733726, ""k"": 0.4727994626213017, ""rho"": 937.0151619427688}","{""D"": 5.65900093417548e-09, ""cp"": 3415.295774647887, ""k"": 0.48295774647887324, ""rho"": 976.3999999999999}","[[1.949242070379373e-06, 0.00011689064238997479], [6.621978410660516e-10, 9.531169370087118e-08], [9.394466603505868e-14, 3.87590613199256e-11]]"
120.25,bdf2,29.19405,0.020531958333333333,3,8.017350584595057e-14,3.8723534183137595e-11,1.049329512170516e-10,2.930988785010413e-14,-25.413455073251065,-25.422813764879493,0.009358691628428062,1.7754843822561346e-06,1.777183766078362e-06,-1.6993838222274887e-09,0.47278882399060007,5.548098782770679e-09,1.3957968658929056e-08,-0.19967031232229165,"{""D"": 5.548098782770679e-09, ""cp"": 3342.0795327323203, ""k"": 0.47278882399060007, ""rho"": 936.9774932392046}","{""D"": 5.659067094454009e-09, ""cp"": 3415.295774647887, ""k"": 0.48295774647887324, ""rho"": 976.3999999999999}","[[1.9317298048214134e-06, 0.00011674967427610437], [6.621186516569024e-10, 9.520940724270062e-08], [8.017350584595057e-14, 3.8723534183137595e-11]]"
120.5,bdf2,29.1961,0.020533916666666666,3,8.055063815580139e-14,3.868957442003141e-11,9.447376214666292e-11,1.3322676295501878e-14,-25.450278706492476,-25.45958890916893,0.009310202676452661,1.7752498940998441e-06,1.7769470572400873e-06,-1.6971631402431401e-09,0.4727781964110692,5.548088981929421e-09,1.3956109552081382e-08,-0.19995914368760928,"{""D"": 5.548088981929421e-09, ""cp"": 3342.003014159698, ""k"": 0.4727781964110692, ""rho"": 936.9398704917473}","{""D"": 5.659133356209096e-09, ""cp"": 3415.295774647887, ""k"": 0.48295774647887324, ""rho"": 976.3999999999999}","[[1.920814599653211e-06, 0.00011660908781284918], [6.621611446291689e-10, 9.510762896190824e-08], [8.055063815580139e-14, 3.868957442003141e-11]]"
120.75,bdf2,29.198150000000002,0.020535875,3,7.866405579379093e-14,3.8655962962187857e-11,1.9258550310041755e-10,5.3734794391857577e-14,-25.48714937769263,-25.496421136367076,0.009271758674444186,1.7750156859147636e-06,1.7767106346731291e-06,-1.6949487583655512e-09,0.47276757984610196,5.54807878297192e-09,1.3954252693570558e-08,-0.20024842331390696,"{""D"": 5.54807878297192e-09, ""cp"": 3341.9265748919343, ""k"": 0.47276757984610196, ""rho"": 936.9022935477008}","{""D"": 5.659199719335707e-09, ""cp"": 3415.295774647887, ""k"": 0.48295774647887324, ""rho"": 976.3999999999999}","[[1.913233332628137e-06, 0.00011646892951097837], [6.622485394470628e-10, 9.500625680505209e-08], [7.866405579379093e-14, 3.8655962962187857e-11]]"
121.0,bdf2,29.2002,0.02053783333333333,3,9.073702311024825e-14,3.86199133675059e-11,1.4006218407303095e-10,3.1086244689504383e-15,-25.524056738952975,-25.53329654283516,0.009239803882184816,1.7747817566557776e-06,1.7764744975051448e-06,-1.6927408493672084e-09,0.4727569742627631,5.548068316319887e-09,1.3952398076635092e-08,-0.20053804206363937,"{""D"": 5.548068316319887e-09, ""cp"": 3341.850214691894, ""k"": 0.4727569742627631, ""rho"": 936.8647622674898}","{""D"": 5.659266183654399e-09, ""cp"": 3415.295774647887, ""k"": 0.48295774647887324, ""rho"": 976.3999999999999}","[[1.9074977196111396e-06, 0.00011632923339225325], [6.623510291236206e-10, 9.490523835219011e-08], [9.073702311024825e-14, 3.86199133675059e-11]]"
121.25,bdf2,29.20225,0.020539791666666668,3,8.998228198458759e-14,3.858351546756133e-11,1.7962520360015333e-10,2.220446049250313e-14,-25.560994123959954,-25.570206583797983,0.009212459838028764,1.7745481054075692e-06,1.7762386448856073e-06,-1.6905394780380856e-09,0.4727463796290705,5.548057661979384e-09,1.3950545694491491e-08,-0.20082793285482547,"{""D"": 5.548057661979384e-09, ""cp"": 3341.7739333293075, ""k"": 0.4727463796290705, ""rho"": 936.8272765150305}","{""D"": 5.659332748833287e-09, ""cp"": 3415.295774647887, ""k"": 0.48295774647887324, ""rho"": 976.3999999999999}","[[1.9028963567233754e-06, 0.00011619001391029746], [6.625236963161279e-10, 9.480454382322239e-08], [8.998228198458759e-14, 3.858351546756133e-11]]"
121.5,bdf2,29.2043,0.02054175,3,6.791102720247756e-14,3.8552516299187476e-11,1.0470557754160836e-10,1.4654943925052066e-14,-25.59795698244496,-25.60714550369596,0.009188521251001447,1.7743147312979943e-06,1.7760030759688897e-06,-1.688344670895396e-09,0.472735795913231,5.548046873711377e-09,1.3948695540530345e-08,-0.20111805050382947,"{""D"": 5.548046873711377e-09, ""cp"": 3341.6977305752634, ""k"": 0.472735795913231, ""rho"": 936.7898361550224}","{""D"": 5.6593994142883485e-09, ""cp"": 3415.295774647887, ""k"": 0.48295774647887324, ""rho"": 976.4}","[[1.8990590625839014e-06, 0.00011605127186464565], [6.626944789743016e-10, 9.470416451051732e-08], [6.791102720247756e-14, 3.8552516299187476e-11]]"
121.75,bdf2,29.20635,0.020543708333333334,3,9.262291978050067e-14,3.851507348345502e-11,3.3082869776990265e-11,3.4638958368304884e-14,-25.634941916830005,-25.644109131789605,0.009167214959600045,1.7740816334724325e-06,1.7757677899103679e-06,-1.6861564379353991e-09,0.47272522308346454,5.5480359903629846e-09,1.3946847608159014e-08,-0.2014083620832815,"{""D"": 5.5480359903629846e-09, ""cp"": 3341.621606200945, ""k"": 0.47272522308346454, ""rho"": 936.7524410523256}","{""D"": 5.659466179084643e-09, ""cp"": 3415.295774647887, ""k"": 0.48295774647887324, ""rho"": 976.4}","[[1.8957754028458374e-06, 0.00011591300122143163], [6.62847908150374e-10, 9.460409414458025e-08], [9.262291978050067e-14, 3.851507348345502e-11]]"
122.0,bdf2,29.2084,0.020545666666666667,3,9.828197520994305e-14,3.8480242957192276e-11,1.0959411156363785e-10,4.8405723873656825e-14,-25.671946234950287,-25.681094275273608,0.009148040323321283,1.773848811092779e-06,1.7755327858661016e-06,-1.6839747733226731e-09,0.4727146611079893,5.5480250415783e-09,1.3945001890656286e-08,-0.20169884271872154,"{""D"": 5.5480250415783e-09, ""cp"": 3341.5455599775228, ""k"": 0.4727146611079893, ""rho"": 936.7150910719096}","{""D"": 5.6595330418644114e-09, ""cp"": 3415.295774647887, ""k"": 0.48295774647887324, ""rho"": 976.3999999999999}","[[1.892915561899513e-06, 0.00011577519367235583], [6.630462352025505e-10, 9.450433168049532e-08], [9.828197520994305e-14, 3.8480242957192276e-11]]"
122.25,bdf2,29.21045,0.020547625,3,8.564286442672226e-14,3.8448373025661874e-11,3.61524143954739e-11,1.2878587085651816e-14,-25.708967778000215,-25.718098389059207,0.0091306110589926,1.7736162633275638e-06,1.7752980629933822e-06,-1.6817996658183614e-09,0.4727041099550471,5.54801405090613e-09,1.394315838156208e-08,-0.20198947241814183,"{""D"": 5.54801405090613e-09, ""cp"": 3341.4695916763385, ""k"": 0.4727041099550471, ""rho"": 936.6777860789412}","{""D"": 5.659600000820422e-09, ""cp"": 3415.295774647887, ""k"": 0.48295774647887313, ""rho"": 976.3999999999999}","[[1.8903936034915713e-06, 0.00011563784090459072], [6.632413562824002e-10, 9.44048666691047e-08], [8.564286442672226e-14, 3.8448373025661874e-11]]"
122.5,bdf2,29.2125,0.020549583333333333,3,7.507884506613904e-14,3.841789631518198e-11,2.986553226946853e-10,1.2434497875801753e-14,-25.746004739904475,-25.75511938174344,0.009114641838966264,1.7733839893527575e-06,1.7750636204513454e-06,-1.6796310985878958e-09,0.47269356959293085,5.548003037626336e-09,1.3941317074136316e-08,-0.20228023469528125,"{""D"": 5.548003037626336e-09, ""cp"": 3341.3937010691025, ""k"": 0.47269356959293085, ""rho"": 936.6405259388819}","{""D"": 5.659667053718632e-09, ""cp"": 3415.295774647887, ""k"": 0.48295774647887313, ""rho"": 976.3999999999996}","[[1.8881492738228176e-06, 0.00011550093541407346], [6.63440250917043e-10, 9.430569823964522e-08], [7.507884506613904e-14, 3.841789631518198e-11]]"
122.75,bdf2,29.21455,0.020551541666666666,3,8.168110194805602e-14,3.8379234431030335e-11,1.4028955774847418e-10,2.7533531010703882e-14,-25.78305559849225,-25.792155495098257,0.009099896606006297,1.7731519883493487e-06,1.7748294574014555e-06,-1.6774690521067435e-09,0.47268303999000705,5.547992017884179e-09,1.3939477961836714e-08,-0.20257111555617952,"{""D"": 5.547992017884179e-09, ""cp"": 3341.317887928051, ""k"": 0.47268303999000705, ""rho"": 936.6033105175662}","{""D"": 5.659734197960494e-09, ""cp"": 3415.295774647887, ""k"": 0.48295774647887313, ""rho"": 976.3999999999996}","[[1.8861383083850007e-06, 0.00011536447062584576], [6.636634806870088e-10, 9.420683004932212e-08], [8.168110194805602e-14, 3.8379234431030335e-11]]"
123.0,bdf2,29.2166,0.0205535,3,8.451054202078428e-14,3.83419657679292e-11,4.411049303598702e-11,8.304468224196171e-14,-25.820118969296697,-25.829205224539464,0.009086255242767294,1.7729202595035601e-06,1.77459557300785e-06,-1.6753135042897909e-09,0.4726725211147311,5.5479810054389375e-09,1.3937641038089257e-08,-0.20286210352763953,"{""D"": 5.5479810054389375e-09, ""cp"": 3341.242152026064, ""k"": 0.4726725211147311, ""rho"": 936.566139681256}","{""D"": 5.659801430668831e-09, ""cp"": 3415.295774647887, ""k"": 0.48295774647887313, ""rho"": 976.3999999999996}","[[1.8843271193191194e-06, 0.00011522844077371385], [6.638486056147809e-10, 9.410825530618277e-08], [8.451054202078428e-14, 3.83419657679292e-11]]"
123.25,bdf2,29.21865,0.020555458333333332,3,7.771936994936245e-14,3.831201151534323e-11,2.651177055668086e-10,8.881784197001252e-15,-25.85719372591192,-25.86626726348271,0.009073537570792212,1.7726888020075314e-06,1.774361966437599e-06,-1.6731644300676155e-09,0.47266201293565946,5.54797001218781e-09,1.3935806296424956e-08,-0.20315318808308866,"{""D"": 5.54797001218781e-09, ""cp"": 3341.1664931367477, ""k"": 0.47266201293565946, ""rho"": 936.5290132966825}","{""D"": 5.659868748780451e-09, ""cp"": 3415.295774647887, ""k"": 0.48295774647887313, ""rho"": 976.3999999999996}","[[1.8826893362220262e-06, 0.00011509284073968027], [6.640874931151852e-10, 9.400996599920613e-08], [7.771936994936245e-14, 3.831201151534323e-11]]"
123.5,bdf2,29.2207,0.020557416666666665,3,7.526691808981895e-14,3.828153480486333e-11,2.446540747769177e-10,8.482103908136196e-14,-25.894278785019285,-25.903340464185476,0.009061679166190828,1.7724576150568663e-06,1.774128636860919e-06,-1.6710218040527342e-09,0.47265151542145933,5.547959048534392e-09,1.3933973730138138e-08,-0.2034443603482768,"{""D"": 5.547959048534392e-09, ""cp"": 3341.090911034507, ""k"": 0.47265151542145933, ""rho"": 936.4919312310803}","{""D"": 5.659936149132884e-09, ""cp"": 3415.295774647887, ""k"": 0.48295774647887313, ""rho"": 976.3999999999996}","[[1.8812039383533199e-06, 0.00011495766591984606], [6.64299971255126e-10, 9.391196804958169e-08], [7.526691808981895e-14, 3.828153480486333e-11]]"
123.75,bdf2,29.22275,0.020559375,3,7.639860777530056e-14,3.8247226736494526e-11,1.0254552762489766e-10,2.842170943040401e-14,-25.931373252542254,-25.940423808152957,0.00905055561070256,1.7722266978484588e-06,1.7738955834513091e-06,-1.6688856028503087e-09,0.47264102854091516,5.5479481236674285e-09,1.3932143332992588e-08,-0.20373561209847912,"{""D"": 5.5479481236674285e-09, ""cp"": 3341.0154054945892, ""k"": 0.47264102854091516, ""rho"": 936.4548933522094}","{""D"": 5.660003628537502e-09, ""cp"": 3415.295774647887, ""k"": 0.48295774647887313, ""rho"": 976.3999999999995}","[[1.8798537243415023e-06, 0.00011482291211887432], [6.645309360667832e-10, 9.381426076069891e-08], [7.639860777530056e-14, 3.8247226736494526e-11]]"
124.0,bdf2,29.224800000000002,0.020561333333333334,3,8.677356427678344e-14,3.8212396210231775e-11,2.646629582159221e-10,1.687538997430238e-14,-25.968476294663983,-25.977516383977672,0.009040089313689492,1.7719960495890423e-06,1.7736628053856424e-06,-1.6667557966000983e-09,0.47263055226293305,5.5479372457693386e-09,1.3930315098338493e-08,-0.20402693655214008,"{""D"": 5.5479372457693386e-09, ""cp"": 3340.939976293118, ""k"": 0.47263055226293305, ""rho"": 936.4178995283694}","{""D"": 5.660071183837249e-09, ""cp"": 3415.295774647887, ""k"": 0.48295774647887313, ""rho"": 976.3999999999995}","[[1.8786244870382258e-06, 0.00011468857547057664], [6.647656735880833e-10, 9.371683786306304e-08], [8.677356427678344e-14, 3.8212396210231775e-11]]"
124.25,bdf2,29.22685,0.020563291666666667,3,8.884841741940774e-14,3.817739153133772e-11,1.2391865311656147e-10,4.75175454539567e-14,-26.005587112029016,-26.014617370346116,0.009030258317100248,1.7717656694849916e-06,1.7734303018442574e-06,-1.6646323592657925e-09,0.47262008655654497,5.547926422176197e-09,1.3928489019809317e-08,-0.2043183269980905,"{""D"": 5.547926422176197e-09, ""cp"": 3340.8646232071237, ""k"": 0.47262008655654497, ""rho"": 936.3809496284146}","{""D"": 5.660138811949058e-09, ""cp"": 3415.2957746478864, ""k"": 0.48295774647887313, ""rho"": 976.3999999999994}","[[1.8775042970390527e-06, 0.00011455465238061687], [6.649909790780826e-10, 9.361969970497941e-08], [8.884841741940774e-14, 3.817739153133772e-11]]"
124.5,bdf2,29.2289,0.02056525,3,8.318912639330752e-14,3.814761143138308e-11,1.1300471669528633e-10,5.684341886080802e-14,-26.042705051501056,-26.051726022193122,0.009020970692066754,1.7715355567470355e-06,1.773198072011004e-06,-1.6625152639684947e-09,0.4726096313909107,5.547915659508099e-09,1.3926665090943807e-08,-0.2046097777482041,"{""D"": 5.547915659508099e-09, ""cp"": 3340.7893460145574, ""k"": 0.4726096313909107, ""rho"": 936.3440435217607}","{""D"": 5.660206509893565e-09, ""cp"": 3415.2957746478864, ""k"": 0.48295774647887313, ""rho"": 976.3999999999994}","[[1.8764830289896678e-06, 0.00011442113947861915], [6.652094934495386e-10, 9.352284802797431e-08], [8.318912639330752e-14, 3.814761143138308e-11]]"
124.75,bdf2,29.23095,0.020567208333333333,3,8.526397864220103e-14,3.811173598933245e-11,4.1666226024972275e-11,4.529709940470639e-14,-26.079829468597126,-26.0888416597993,0.009012191202174336,1.7713057105916625e-06,1.7729661150733139e-06,-1.660404481651375e-09,0.4725991867353221,5.54790496377179e-09,1.3924843305434456e-08,-0.20490128319503748,"{""D"": 5.54790496377179e-09, ""cp"": 3340.7141444943186, ""k"": 0.4725991867353221, ""rho"": 936.307181078397}","{""D"": 5.6602742748143104e-09, ""cp"": 3415.2957746478864, ""k"": 0.48295774647887313, ""rho"": 976.3999999999994}","[[1.8755519565620818e-06, 0.0001142880335840339], [6.654572463714233e-10, 9.342627516933189e-08], [8.526397864220103e-14, 3.811173598933245e-11]]"
125.0,bdf2,29.233,0.020569166666666666,3,1.0186385424779578e-13,3.807934359990809e-11,6.980371836107224e-11,6.17284001691587e-14,-26.116959787663212,-26.12596366026594,0.009003872602725949,1.7710761302392585e-06,1.7727344302222104e-06,-1.6582999829518245e-09,0.4725887525592024,5.547894340440898e-09,1.3923023656798328e-08,-0.20519283864467114,"{""D"": 5.547894340440898e-09, ""cp"": 3340.639018426258, ""k"": 0.4725887525592024, ""rho"": 936.270362168887}","{""D"": 5.660342103989417e-09, ""cp"": 3415.2957746478864, ""k"": 0.48295774647887313, ""rho"": 976.3999999999994}","[[1.8747035575771567e-06, 0.00011415533167618377], [6.657065080200437e-10, 9.332997869091535e-08], [1.0186385424779578e-13, 3.807934359990809e-11]]"
125.25,bdf2,29.23505,0.020571125,3,8.639547738646603e-14,3.804573214206453e-11,1.9122126104775816e-10,3.197442310920451e-14,-26.154095458884257,-26.16309145034279,0.008995991458533581,1.770846814908962e-06,1.7725030166523243e-06,-1.6562017433624272e-09,0.47257832883210893,5.547883794523454e-09,1.3921206138908426e-08,-0.20548443974811967,"{""D"": 5.547883794523454e-09, ""cp"": 3340.563967591184, ""k"": 0.47257832883210893, ""rho"": 936.2335866643718}","{""D"": 5.660409994837259e-09, ""cp"": 3415.2957746478864, ""k"": 0.48295774647887313, ""rho"": 976.3999999999994}","[[1.8739312859300179e-06, 0.00011402303087284272], [6.659589760645585e-10, 9.323396886772996e-08], [8.639547738646603e-14, 3.804573214206453e-11]]"
125.5,bdf2,29.2371,0.020573083333333332,3,8.299986640994591e-14,3.8014732973690685e-11,2.745537130977027e-10,3.241851231905457e-14,-26.191235992666453,-26.20022449969923,0.00898850703277887,1.7706177638310964e-06,1.7722718735619313e-06,-1.6541097308348445e-09,0.472567915523733,5.547873330625281e-09,1.3919390745316005e-08,-0.20577608200065217,"{""D"": 5.547873330625281e-09, ""cp"": 3340.488991770878, ""k"": 0.472567915523733, ""rho"": 936.1968544365757}","{""D"": 5.660477944918099e-09, ""cp"": 3415.2957746478864, ""k"": 0.48295774647887313, ""rho"": 976.3999999999994}","[[1.8732294125590761e-06, 0.00011389112840916362], [6.662018231885665e-10, 9.313823141925998e-08], [8.299986640994591e-14, 3.8014732973690685e-11]]"
125.75,bdf2,29.23915,0.020575041666666665,3,8.752696788947153e-14,3.798234058426632e-11,1.6325429896824062e-10,3.774758283725532e-14,-26.2283809338423,-26.23736231662548,0.008981382783179725,1.7703889762349227e-06,1.772041000152955e-06,-1.6520239180323585e-09,0.472557512603902,5.5478629529903675e-09,1.3917577469818272e-08,-0.20606776170237626,"{""D"": 5.5478629529903675e-09, ""cp"": 3340.4140907480946, ""k"": 0.472557512603902, ""rho"": 936.1601653578061}","{""D"": 5.660545951932813e-09, ""cp"": 3415.2957746478864, ""k"": 0.48295774647887313, ""rho"": 976.3999999999994}","[[1.872592812089996e-06, 0.00011375962162600988], [6.664375016673476e-10, 9.304277313745795e-08], [8.752696788947153e-14, 3.798234058426632e-11]]"
126.0,bdf2,29.2412,0.020576999999999998,3,8.507454438490156e-14,3.7951515568523785e-11,3.341256160638295e-10,5.5067062021407764e-14,-26.265529844474916,-26.274504443627222,0.008974599152306695,1.7701604513532915e-06,1.7718103956309672e-06,-1.649944277675638e-09,0.4725471200425784,5.547852665542443e-09,1.3915766306130074e-08,-0.2063594752495082,"{""D"": 5.547852665542443e-09, ""cp"": 3340.3392643065645, ""k"": 0.4725471200425784, ""rho"": 936.1235193009547}","{""D"": 5.660614013719607e-09, ""cp"": 3415.2957746478864, ""k"": 0.48295774647887313, ""rho"": 976.3999999999994}","[[1.8720169298177495e-06, 0.00011362850795341115], [6.666933636273836e-10, 9.294758514053974e-08], [8.507454438490156e-14, 3.7951515568523785e-11]]"
126.25,bdf2,29.24325,0.020578958333333335,3,9.111070511923665e-14,3.7916685042261035e-11,3.3026026358129457e-11,8.881784197001252e-14,-26.302682295260418,-26.311650453654067,0.008968158393649617,1.7699321884261434e-06,1.7715800592051883e-06,-1.6478707790449155e-09,0.4725367378098605,5.54784247192039e-09,1.3913957248082405e-08,-0.20665121930978347,"{""D"": 5.54784247192039e-09, ""cp"": 3340.264512230996, ""k"": 0.4725367378098605, ""rho"": 936.0869161394968}","{""D"": 5.660682128249386e-09, ""cp"": 3415.2957746478864, ""k"": 0.48295774647887313, ""rho"": 976.3999999999994}","[[1.8714977377482233e-06, 0.00011349778490290047], [6.669403591278861e-10, 9.285267317554217e-08], [9.111070511923665e-14, 3.7916685042261035e-11]]"
126.5,bdf2,29.2453,0.020580916666666667,3,5.86653752726527e-14,3.7883770194942735e-11,1.4529177860822529e-10,2.220446049250313e-14,-26.339837925695637,-26.34879994704704,0.008962021351404559,1.7697041866923682e-06,1.7713499900884924e-06,-1.6458033961242094e-09,0.47252636587598296,5.5478323755070206e-09,1.3912150289442695e-08,-0.20694299080508946,"{""D"": 5.5478323755070206e-09, ""cp"": 3340.189834307077, ""k"": 0.47252636587598296, ""rho"": 936.0503557474922}","{""D"": 5.660750293620152e-09, ""cp"": 3415.2957746478864, ""k"": 0.48295774647887313, ""rho"": 976.3999999999994}","[[1.8710316180162894e-06, 0.00011336745005706517], [6.672069720153338e-10, 9.275803219203893e-08], [5.86653752726527e-14, 3.7883770194942735e-11]]"
126.75,bdf2,29.24735,0.020582875,3,8.07354779133964e-14,3.785015873709918e-11,7.366907084360719e-11,7.993605777301127e-15,-26.37699639249848,-26.385952548696423,0.008956156197942988,1.7694764453984078e-06,1.7711201874973891e-06,-1.643742098981281e-09,0.47251600421131557,5.547822379455799e-09,1.3910345424165942e-08,-0.20723478667425482,"{""D"": 5.547822379455799e-09, ""cp"": 3340.115230321472, ""k"": 0.47251600421131557, ""rho"": 936.0138379995823}","{""D"": 5.660818508051122e-09, ""cp"": 3415.2957746478864, ""k"": 0.48295774647887313, ""rho"": 976.3999999999994}","[[1.870615254793903e-06, 0.00011323750106258074], [6.674569843622849e-10, 9.266366097096157e-08], [8.07354779133964e-14, 3.785015873709918e-11]]"
127.0,bdf2,29.2494,0.020584833333333333,3,7.790581774522474e-14,3.781776634767483e-11,3.3082869776990265e-10,4.707345624410664e-14,-26.414157335225394,-26.42310790603517,0.008950570809776792,1.7692489637925075e-06,1.7708906506520282e-06,-1.6416868595206828e-09,0.47250565278636447,5.547812486709765e-09,1.3908542646003266e-08,-0.20752660425988803,"{""D"": 5.547812486709765e-09, ""cp"": 3340.0407000618243, ""k"": 0.47250565278636447, ""rho"": 935.9773627709912}","{""D"": 5.66088676987651e-09, ""cp"": 3415.2957746478864, ""k"": 0.48295774647887313, ""rho"": 976.3999999999994}","[[1.870245714455798e-06, 0.00011310793562516044], [6.677107686965985e-10, 9.256956055722594e-08], [7.790581774522474e-14, 3.781776634767483e-11]]"
127.25,bdf2,29.251450000000002,0.020586791666666666,3,7.884883995758895e-14,3.7786593026669664e-11,1.3346834748517722e-10,1.9095836023552692e-14,-26.45132047081783,-26.46026568684192,0.008945216024091707,1.7690217411265837e-06,1.770661378776187e-06,-1.639637649603345e-09,0.47249531157177116,5.547802700022142e-09,1.3906741948862587e-08,-0.20781844091909407,"{""D"": 5.547802700022142e-09, ""cp"": 3339.966243316752, ""k"": 0.47249531157177116, ""rho"": 935.9409299375233}","{""D"": 5.6609550775391834e-09, ""cp"": 3415.2957746478864, ""k"": 0.48295774647887313, ""rho"": 976.3999999999994}","[[1.869920286746188e-06, 0.0001129787515020666], [6.679488957083375e-10, 9.247572293981093e-08], [7.884883995758895e-14, 3.7786593026669664e-11]]"
127.5,bdf2,29.2535,0.02058875,3,6.753069834944864e-14,3.7755768010927134e-11,5.002220859751105e-12,3.2862601528904634e-14,-26.48848545607728,-26.497425577416323,0.008940121339040985,1.768794776655491e-06,1.7704323710972561e-06,-1.6375944417650713e-09,0.4724849805383121,5.547793021973601e-09,1.390494332674556e-08,-0.2081102938046764,"{""D"": 5.547793021973601e-09, ""cp"": 3339.8918598758473, ""k"": 0.4724849805383121, ""rho"": 935.904539375561}","{""D"": 5.661023429584398e-09, ""cp"": 3415.2957746478864, ""k"": 0.48295774647887313, ""rho"": 976.3999999999994}","[[1.8696364806261725e-06, 0.00011284994649758296], [6.682196555660804e-10, 9.238215560727973e-08], [6.753069834944864e-14, 3.7755768010927134e-11]]"
127.75,bdf2,29.25555,0.020590708333333332,3,6.375791440580099e-14,3.7723027316240146e-11,1.2721557141048834e-10,2.398081733190338e-14,-26.525652033779927,-26.534587280940514,0.008935247160586357,1.7685680696395427e-06,1.7702036268462452e-06,-1.6355572067025453e-09,0.4724746596568997,5.547783454987598e-09,1.3903146773604805e-08,-0.20840216123253488,"{""D"": 5.547783454987598e-09, ""cp"": 3339.817549529678, ""k"": 0.4724746596568997, ""rho"": 935.8681909620659}","{""D"": 5.661091824653832e-09, ""cp"": 3415.2957746478864, ""k"": 0.48295774647887313, ""rho"": 976.3999999999994}","[[1.8693920806723334e-06, 0.00011272151846144689], [6.684773989029774e-10, 9.228885037445865e-08], [6.375791440580099e-14, 3.7723027316240146e-11]]"
128.0,bdf2,29.2576,0.020592666666666665,3,8.092335543069784e-14,3.768662941629557e-11,1.4915713109076023e-10,2.3092638912203256e-14,-26.562819929534253,-26.571750516239945,0.008930586705691468,1.7683416193404147e-06,1.7699751452577394e-06,-1.6335259173246885e-09,0.4724643488985799,5.547774001342067e-09,1.3901352283422855e-08,-0.20869404051967075,"{""D"": 5.547774001342067e-09, ""cp"": 3339.743312069775, ""k"": 0.4724643488985799, ""rho"": 935.8318845745716}","{""D"": 5.661160261479768e-09, ""cp"": 3415.2957746478864, ""k"": 0.48295774647887313, ""rho"": 976.3999999999994}","[[1.869184984472786e-06, 0.0001125934652827544], [6.68734575514279e-10, 9.219581403330032e-08], [8.092335543069784e-14, 3.768662941629557e-11]]"
128.25,bdf2,29.25965,0.020594625,3,8.148910066210185e-14,3.7655804400553045e-11,9.936229616869241e-11,8.881784197001252e-15,-26.599988894754077,-26.60891501661382,0.008926121859744285,1.76811542502466e-06,1.769746925569908e-06,-1.6315005452478505e-09,0.47245404823453296,5.547764663180405e-09,1.3899559850168157e-08,-0.20898592990502915,"{""D"": 5.547764663180405e-09, ""cp"": 3339.6691472886373, ""k"": 0.47245404823453296, ""rho"": 935.7956200911854}","{""D"": 5.661228738879336e-09, ""cp"": 3415.2957746478864, ""k"": 0.48295774647887313, ""rho"": 976.3999999999994}","[[1.8690133141072037e-06, 0.00011246578488769594], [6.689845832534022e-10, 9.210303648295214e-08], [8.148910066210185e-14, 3.7655804400553045e-11]]"
128.5,bdf2,29.2617,0.020596583333333335,3,8.62047439346491e-14,3.762672091112365e-11,1.6848389350343496e-10,6.705747068735946e-14,-26.637158672279522,-26.64608052844386,0.008921856164338493,1.767889485961624e-06,1.7695189670244772e-06,-1.6294810628532514e-09,0.4724437576360724,5.547755442524584e-09,1.3897769467941516e-08,-0.2092778269676254,"{""D"": 5.547755442524584e-09, ""cp"": 3339.5950549797217, ""k"": 0.4724437576360724, ""rho"": 935.759397390583}","{""D"": 5.6612972557493294e-09, ""cp"": 3415.2957746478864, ""k"": 0.48295774647887313, ""rho"": 976.3999999999994}","[[1.8688752756139642e-06, 0.00011233847523798909], [6.69264393975829e-10, 9.201051685265093e-08], [8.62047439346491e-14, 3.762672091112365e-11]]"
128.75,bdf2,29.26375,0.020598541666666668,3,6.92277502851532e-14,3.7593283605911406e-11,1.6393641999457031e-10,2.398081733190338e-14,-26.674329039347185,-26.683246810655703,0.008917771308517786,1.7676638014234787e-06,1.7692912688667295e-06,-1.6274674432507716e-09,0.47243347707464545,5.54774634128019e-09,1.3895981130839396e-08,-0.2095697305475943,"{""D"": 5.54774634128019e-09, ""cp"": 3339.5210349374474, ""k"": 0.47243347707464545, ""rho"": 935.72321635201}","{""D"": 5.661365811061163e-09, ""cp"": 3415.2957746478864, ""k"": 0.48295774647887313, ""rho"": 976.3999999999994}","[[1.8687692917853102e-06, 0.00011221153432635068], [6.695115704757878e-10, 9.191826193434932e-08], [6.92277502851532e-14, 3.7593283605911406e-11]]"
129.0,bdf2,29.2658,0.0206005,3,6.526636736284946e-14,3.756507087963858e-11,9.85664883046411e-11,2.1760371282653068e-14,-26.711499764618043,-26.720413633033502,0.008913868415458381,1.7674383706863824e-06,1.7690638303454694e-06,-1.6254596590869643e-09,0.47242320652183123,5.5477373612523224e-09,1.3894194832809123e-08,-0.20986163795850207,"{""D"": 5.5477373612523224e-09, ""cp"": 3339.447086957185, ""k"": 0.47242320652183123, ""rho"": 935.6870768552751}","{""D"": 5.661434403856193e-09, ""cp"": 3415.2957746478864, ""k"": 0.48295774647887313, ""rho"": 976.3999999999994}","[[1.8686938178729178e-06, 0.00011208496017667074], [6.697945860123299e-10, 9.182626058227888e-08], [6.526636736284946e-14, 3.756507087963858e-11]]"
129.25,bdf2,29.26785,0.020602458333333334,3,8.186575284950323e-14,3.7531459421795034e-11,1.4574652595911175e-10,3.064215547965432e-14,-26.748670633958785,-26.757580776340717,0.008910142381932218,1.7672131930316853e-06,1.7688366507130218e-06,-1.6234576813365515e-09,0.47241294594934113,5.547728504144376e-09,1.3892410568153437e-08,-0.2101535481171908,"{""D"": 5.547728504144376e-09, ""cp"": 3339.3732108352565, ""k"": 0.47241294594934113, ""rho"": 935.6509787807502}","{""D"": 5.661503033241115e-09, ""cp"": 3415.2957746478864, ""k"": 0.48295774647887313, ""rho"": 976.3999999999994}","[[1.8686474706103665e-06, 0.00011195875084070382], [6.700315746121826e-10, 9.173452376805543e-08], [8.186575284950323e-14, 3.7531459421795034e-11]]"
129.5,bdf2,29.2699,0.020604416666666667,3,8.526094727579152e-14,3.7500286100789874e-11,1.921307557495311e-10,1.0658141036401503e-14,-26.785841467626494,-26.7947480308095,0.008906563183007421,1.766988267741031e-06,1.7686097292252073e-06,-1.6214614841762516e-09,0.4724026953290178,5.547719771572333e-09,1.38906283309898e-08,-0.2104454589177737,"{""D"": 5.547719771572333e-09, ""cp"": 3339.2994063689284, ""k"": 0.4724026953290178, ""rho"": 935.6149220093665}","{""D"": 5.6615716983838575e-09, ""cp"": 3415.2957746478864, ""k"": 0.48295774647887313, ""rho"": 976.3999999999994}","[[1.8686289404986707e-06, 0.00011183290439702389], [6.703087406141559e-10, 9.164303651455264e-08], [8.526094727579152e-14, 3.7500286100789874e-11]]"
129.75,bdf2,29.27195,0.020606375,3,8.7524348637474e-14,3.746824201662815e-11,1.354010237264447e-10,2.0872192862952943e-14,-26.823012060113186,-26.8319151962217,0.008903136108514786,1.7667635941008637e-06,1.768383065141324e-06,-1.6194710404603526e-09,0.4723924546328345,5.547711165063933e-09,1.3888848115381954e-08,-0.21073736917043506,"{""D"": 5.547711165063933e-09, ""cp"": 3339.225673356409, ""k"": 0.4723924546328345, ""rho"": 935.5789064226119}","{""D"": 5.6616403985097225e-09, ""cp"": 3415.295774647886, ""k"": 0.48295774647887313, ""rho"": 976.3999999999993}","[[1.8686370040661395e-06, 0.00011170741894945718], [6.705696833866829e-10, 9.155180979338633e-08], [8.7524348637474e-14, 3.746824201662815e-11]]"
130.0,bdf2,29.274,0.020608333333333333,3,8.469473938801043e-14,3.743532716930986e-11,1.8985701899509877e-10,2.7977620220553945e-14,-26.86018221452024,-26.86908208071941,0.008899866199168827,1.7665391714012686e-06,1.7681566577241336e-06,-1.617486322865054e-09,0.47238222383289474,5.547702686069883e-09,1.388706991576676e-08,-0.21102927716095532,"{""D"": 5.547702686069883e-09, ""cp"": 3339.1520115968424, ""k"": 0.47238222383289474, ""rho"": 935.542931902528}","{""D"": 5.6617091328977e-09, ""cp"": 3415.295774647886, ""k"": 0.482957746478873, ""rho"": 976.3999999999992}","[[1.8686705208495133e-06, 0.00011158229262603703], [6.708489222404134e-10, 9.146083245878804e-08], [8.469473938801043e-14, 3.743532716930986e-11]]"
130.25,bdf2,29.27605,0.020610291666666666,3,9.582371309203765e-14,3.7405547069355215e-11,4.604316927725449e-11,1.056932319443149e-13,-26.897351776928303,-26.906248500489482,0.008896723561178987,1.76631499893535e-06,1.7679305062398327e-06,-1.61550730448266e-09,0.4723720029014309,5.547694335966822e-09,1.3885293726119188e-08,-0.211321181509913,"{""D"": 5.547694335966822e-09, ""cp"": 3339.0784208903024, ""k"": 0.4723720029014309, ""rho"": 935.5069983317067}","{""D"": 5.66177790087698e-09, ""cp"": 3415.295774647886, ""k"": 0.482957746478873, ""rho"": 976.3999999999992}","[[1.868728456028369e-06, 0.00011145752357639169], [6.710942067246038e-10, 9.137010747135252e-08], [9.582371309203765e-14, 3.7405547069355215e-11]]"
130.5,bdf2,29.278100000000002,0.02061225,3,8.827837379775035e-14,3.7373677137824794e-11,1.2232703738845885e-10,1.4210854715202004e-14,-26.934520550467283,-26.943414279254796,0.0088937287875126,1.7660910759976331e-06,1.76770460995805e-06,-1.6135339604169666e-09,0.4723617918108046,5.5476861160621116e-09,1.3883519540870385e-08,-0.21161308086120462,"{""D"": 5.5476861160621116e-09, ""cp"": 3339.0049010377934, ""k"": 0.4723617918108046, ""rho"": 935.471105593288}","{""D"": 5.661846701823831e-09, ""cp"": 3415.295774647886, ""k"": 0.482957746478873, ""rho"": 976.3999999999992}","[[1.8688097715853165e-06, 0.00011133352683340938], [6.71375707003331e-10, 9.12796343086219e-08], [8.827837379775035e-14, 3.7373677137824794e-11]]"
130.75,bdf2,29.28015,0.02061420833333333,3,8.393974977658568e-14,3.7344767801026715e-11,8.503775461576879e-11,8.659739592076221e-14,-26.971688389836842,-26.980579247859282,0.00889085802243983,1.7658674018908158e-06,1.7674789681518209e-06,-1.6115662610050918e-09,0.4723515905335056,5.547678027597707e-09,1.3881747354245504e-08,-0.2119049738430794,"{""D"": 5.547678027597707e-09, ""cp"": 3338.9314518412402, ""k"": 0.4723515905335056, ""rho"": 935.435253570958}","{""D"": 5.661915535158609e-09, ""cp"": 3415.295774647886, ""k"": 0.482957746478873, ""rho"": 976.3999999999992}","[[1.8689135460848668e-06, 0.00011121086135685315], [6.716475860961048e-10, 9.118941157737504e-08], [8.393974977658568e-14, 3.7344767801026715e-11]]"
131.0,bdf2,29.2822,0.020616166666666668,3,8.24305664455021e-14,3.730941481687002e-11,1.5870682545937598e-10,4.3076653355456074e-14,-27.008855132563433,-27.017743243693815,0.008888111130382015,1.7656439759141042e-06,1.7672535800975712e-06,-1.6096041834669314e-09,0.4723413990421511,5.547670071755553e-09,1.3879977160665377e-08,-0.21219685919661324,"{""D"": 5.547670071755553e-09, ""cp"": 3338.8580731034886, ""k"": 0.4723413990421511, ""rho"": 935.3994421489447}","{""D"": 5.661984400342935e-09, ""cp"": 3415.295774647886, ""k"": 0.482957746478873, ""rho"": 976.3999999999992}","[[1.869038883376311e-06, 0.00011108854086446888], [6.719371951455805e-10, 9.109943771023837e-08], [8.24305664455021e-14, 3.730941481687002e-11]]"
131.25,bdf2,29.28425,0.020618125,3,8.582571533640549e-14,3.7282769464279025e-11,1.3426415534922853e-10,4.574118861455645e-14,-27.046020616186112,-27.05490611047736,0.008885494291249074,1.7654207973757138e-06,1.7670284450750816e-06,-1.6076476993678012e-09,0.4723312173094847,5.5476622496596716e-09,1.3878208954291327e-08,-0.21248873561460924,"{""D"": 5.5476622496596716e-09, ""cp"": 3338.78476462829, ""k"": 0.4723312173094847, ""rho"": 935.3636712120131}","{""D"": 5.662053296877188e-09, ""cp"": 3415.295774647886, ""k"": 0.482957746478873, ""rho"": 976.3999999999992}","[[1.8691849916282985e-06, 0.0001109665636138595], [6.721941703767257e-10, 9.100971026907502e-08], [8.582571533640549e-14, 3.7282769464279025e-11]]"
131.5,bdf2,29.2863,0.020620083333333334,3,7.507378203612468e-14,3.7250551227485986e-11,2.0804691303055733e-10,7.904787935331115e-14,-27.08318470403191,-27.092067697905975,0.008882993874063772,1.765197865584452e-06,1.7668035623674977e-06,-1.6056967830457792e-09,0.47232104530837615,5.547654562379427e-09,1.3876442729649216e-08,-0.212780602247255,"{""D"": 5.547654562379427e-09, ""cp"": 3338.7115262203088, ""k"": 0.47232104530837615, ""rho"": 935.3279406454662}","{""D"": 5.662122224297948e-09, ""cp"": 3415.295774647886, ""k"": 0.482957746478873, ""rho"": 976.3999999999991}","[[1.8693510565702992e-06, 0.00011084492788126226], [6.724583123811928e-10, 9.092023186617445e-08], [7.507378203612468e-14, 3.7250551227485986e-11]]"
131.75,bdf2,29.28835,0.020622041666666667,3,8.261873124375245e-14,3.721937790648082e-11,1.9099388737231493e-10,7.105427357601002e-15,-27.120347268029825,-27.129227861026095,0.008880592996270309,1.7649751798531874e-06,1.766578931261286e-06,-1.6037514080986367e-09,0.4723108830118209,5.54764701093542e-09,1.3874678481062064e-08,-0.21307245748733214,"{""D"": 5.54764701093542e-09, ""cp"": 3338.6383576851103, ""k"": 0.4723108830118209, ""rho"": 935.2922503351391}","{""D"": 5.662191182175891e-09, ""cp"": 3415.295774647886, ""k"": 0.482957746478873, ""rho"": 976.3999999999992}","[[1.8695363222250333e-06, 0.00011072363196241945], [6.727428250125396e-10, 9.083099692865242e-08], [8.261873124375245e-14, 3.721937790648082e-11]]"
132.0,bdf2,29.2904,0.020624,3,8.601386068707477e-14,3.7187507974950404e-11,1.3528733688872308e-10,8.038014698286133e-14,-27.157508154344168,-27.16638646030276,0.008878305958592847,1.764752739495505e-06,1.7663545510462411e-06,-1.6018115507361828e-09,0.4723007303929392,5.547639596298829e-09,1.3872916202966415e-08,-0.21336430028408293,"{""D"": 5.547639596298829e-09, ""cp"": 3338.565258829162, ""k"": 0.4723007303929392, ""rho"": 935.2566001673986}","{""D"": 5.6622601701135425e-09, ""cp"": 3415.295774647886, ""k"": 0.482957746478873, ""rho"": 976.3999999999992}","[[1.8697401386302802e-06, 0.00011060267416944383], [6.730007400488516e-10, 9.07420071980353e-08], [8.601386068707477e-14, 3.7187507974950404e-11]]"
132.25,bdf2,29.29245,0.020625958333333333,3,8.054353028255574e-14,3.715999185920282e-11,4.718003765447065e-11,3.019806626980426e-14,-27.194667243515966,-27.20354336123023,0.008876117714265774,1.7645305438331752e-06,1.766130421015427e-06,-1.5998771822518358e-09,0.4722905874249743,5.5476323193950996e-09,1.387115588985317e-08,-0.21365612986478566,"{""D"": 5.5476323193950996e-09, ""cp"": 3338.4922294598155, ""k"": 0.4722905874249743, ""rho"": 935.220990029135}","{""D"": 5.662329187743457e-09, ""cp"": 3415.295774647886, ""k"": 0.482957746478873, ""rho"": 976.3999999999992}","[[1.86996178320891e-06, 0.00011048205283203748], [6.732916636121306e-10, 9.065325797220201e-08], [8.054353028255574e-14, 3.715999185920282e-11]]"
132.5,bdf2,29.2945,0.020627916666666666,3,8.507040795708645e-14,3.712777362240979e-11,1.3369572116062045e-10,7.993605777301127e-15,-27.23182440750405,-27.240698433988086,0.00887402648403679,1.7643085921853715e-06,1.7659065404652035e-06,-1.5979482798320336e-09,0.47228045408129427,5.547625181107144e-09,1.3869397536105454e-08,-0.21394794522274713,"{""D"": 5.547625181107144e-09, ""cp"": 3338.419269385319, ""k"": 0.47228045408129427, ""rho"": 935.1854198077659}","{""D"": 5.662398234726345e-09, ""cp"": 3415.295774647886, ""k"": 0.482957746478873, ""rho"": 976.3999999999991}","[[1.870200664862611e-06, 0.00011036176629592463], [6.735657981933697e-10, 9.05647536049684e-08], [8.507040795708645e-14, 3.712777362240979e-11]]"
132.75,bdf2,29.29655,0.020629875,3,7.431857653888759e-14,3.709747106456121e-11,4.3087311496492475e-11,5.240252676230739e-14,-27.268979509685856,-27.277851553273536,0.008872043587679457,1.764086883878642e-06,1.7656829086951713e-06,-1.59602481652927e-09,0.47227033033538846,5.547618182276914e-09,1.3867641136282944e-08,-0.21423974503608442,"{""D"": 5.547618182276914e-09, ""cp"": 3338.346378414797, ""k"": 0.47227033033538846, ""rho"": 935.1498893912274}","{""D"": 5.6624673107492515e-09, ""cp"": 3415.295774647886, ""k"": 0.482957746478873, ""rho"": 976.399999999999}","[[1.8704561857080993e-06, 0.0001102418129231997], [6.738467221039726e-10, 9.047648834929756e-08], [7.431857653888759e-14, 3.709747106456121e-11]]"
133.0,bdf2,29.2986,0.020631833333333332,3,7.186630627376482e-14,3.706803926986919e-11,1.7246293282369152e-10,6.439293542825908e-14,-27.30613244781188,-27.315002598163574,0.008870150351693695,1.7638654182394175e-06,1.7654595250081725e-06,-1.5941067687549483e-09,0.4722602161608688,5.547611323706673e-09,1.386588668491815e-08,-0.21453152882090976,"{""D"": 5.547611323706673e-09, ""cp"": 3338.2735563582546, ""k"": 0.4722602161608688, ""rho"": 935.1143986679742}","{""D"": 5.662536415524043e-09, ""cp"": 3415.2957746478855, ""k"": 0.482957746478873, ""rho"": 976.399999999999}","[[1.8707277842722941e-06, 0.00011012219109128266], [6.740902969334724e-10, 9.038846412086844e-08], [7.186630627376482e-14, 3.706803926986919e-11]]"
133.25,bdf2,29.30065,0.02063379166666667,3,1.0506419336387665e-13,3.703582103307615e-11,3.310560714453459e-10,4.085620730620576e-14,-27.343283102458866,-27.352151451351858,0.008868348892992373,1.7636441945994951e-06,1.7652363887102733e-06,-1.592194110778113e-09,0.47225011153146834,5.54760460616623e-09,1.3864134176515169e-08,-0.21482329510544493,"{""D"": 5.54760460616623e-09, ""cp"": 3338.200803026572, ""k"": 0.47225011153146834, ""rho"": 935.0789475269771}","{""D"": 5.6626055487859255e-09, ""cp"": 3415.2957746478855, ""k"": 0.482957746478873, ""rho"": 976.399999999999}","[[1.8710148962579906e-06, 0.00011000289919257056], [6.743538649181836e-10, 9.030067604340742e-08], [1.0506419336387665e-13, 3.703582103307615e-11]]"
133.5,bdf2,29.3027,0.02063575,3,9.186026281038935e-14,3.700482186470231e-11,7.037215254968032e-11,2.6645352591003757e-14,-27.380431379983303,-27.389297999853568,0.008866619870264714,1.763423212292318e-06,1.765013499110726e-06,-1.5902868184081387e-09,0.4722400164210405,5.547598030386226e-09,1.3862383605756252e-08,-0.21511504338122886,"{""D"": 5.547598030386226e-09, ""cp"": 3338.1281182314924, ""k"": 0.4722400164210405, ""rho"": 935.0435358577162}","{""D"": 5.6626747102920456e-09, ""cp"": 3415.2957746478855, ""k"": 0.4829577464788729, ""rho"": 976.3999999999988}","[[1.8713170054722877e-06, 0.00010988393563374097], [6.746617585307232e-10, 9.021312934149338e-08], [9.186026281038935e-14, 3.700482186470231e-11]]"
133.75,bdf2,29.304750000000002,0.020637708333333334,3,9.544395473250255e-14,3.697835066474262e-11,4.0245140553452075e-11,1.554312234475219e-14,-27.417577135207313,-27.42644213428207,0.008864999074756241,1.7632024706575472e-06,1.7647908555219597e-06,-1.5883848644124924e-09,0.47222993080355835,5.547591597064985e-09,1.386063496702412e-08,-0.21540677286075183,"{""D"": 5.547591597064985e-09, ""cp"": 3338.0555017856204, ""k"": 0.47222993080355835, ""rho"": 935.0081635501801}","{""D"": 5.6627438998200976e-09, ""cp"": 3415.2957746478855, ""k"": 0.4829577464788729, ""rho"": 976.3999999999988}","[[1.8716336560868784e-06, 0.00010976529883662273], [6.749289079002928e-10, 9.012581408842634e-08], [9.544395473250255e-14, 3.697835066474262e-11]]"
134.0,bdf2,29.3068,0.020639666666666667,3,8.073109906750313e-14,3.694909302268191e-11,6.980371836107224e-11,1.9095836023552692e-14,-27.454720300273614,-27.46358374856044,0.008863448286824394,1.7629819690324238e-06,1.7645684572595782e-06,-1.5864882271543528e-09,0.47221985465311456,5.547585306871192e-09,1.3858888255104338e-08,-0.2156984823590271,"{""D"": 5.547585306871192e-09, ""cp"": 3337.9829535024246, ""k"": 0.47221985465311456, ""rho"": 934.9728304948659}","{""D"": 5.6628131171672146e-09, ""cp"": 3415.2957746478855, ""k"": 0.4829577464788729, ""rho"": 976.3999999999988}","[[1.871964392089093e-06, 0.00010964698723558372], [6.752069962392908e-10, 9.003873672785368e-08], [8.073109906750313e-14, 3.694909302268191e-11]]"
134.25,bdf2,29.30885,0.020641625,3,9.110525190677913e-14,3.691443664905048e-11,2.0099832909181714e-10,6.217248937900877e-15,-27.491860755790558,-27.500722740165884,0.008861984375325704,1.7627617067613294e-06,1.7643463036423255e-06,-1.5845968809961503e-09,0.47220978794392,5.547579160441602e-09,1.3857143464767975e-08,-0.21599017126183623,"{""D"": 5.547579160441602e-09, ""cp"": 3337.9104731962243, ""k"": 0.47220978794392, ""rho"": 934.937536582772}","{""D"": 5.6628823621488055e-09, ""cp"": 3415.295774647885, ""k"": 0.4829577464788729, ""rho"": 976.3999999999987}","[[1.8723087286110807e-06, 0.00010952899927979475], [6.754656550595192e-10, 8.995189516994383e-08], [9.110525190677913e-14, 3.691443664905048e-11]]"
134.5,bdf2,29.3109,0.020643583333333333,3,8.99733410959048e-14,3.688622392277766e-11,1.0481926437932998e-10,4.3076653355456074e-14,-27.528998416733522,-27.53785900961674,0.008860592883216611,1.7625416831901949e-06,1.7641243939920472e-06,-1.5827108018522911e-09,0.47219973065030274,5.5475731583858155e-09,1.385540059041057e-08,-0.2162818389604692,"{""D"": 5.5475731583858155e-09, ""cp"": 3337.83806068218, ""k"": 0.47219973065030274, ""rho"": 934.9022817053942}","{""D"": 5.66295163459741e-09, ""cp"": 3415.295774647885, ""k"": 0.4829577464788729, ""rho"": 976.3999999999987}","[[1.8726662739692224e-06, 0.00010941133343131392], [6.757294054972913e-10, 8.986528662825468e-08], [8.99733410959048e-14, 3.688622392277766e-11]]"
134.75,bdf2,29.31295,0.020645541666666666,3,8.506897442931386e-14,3.685487644914118e-11,3.8971847970969975e-10,6.661338147750939e-15,-27.566133198083676,-27.574992460496617,0.008859262412940438,1.7623218976688278e-06,1.7639027276337223e-06,-1.5808299648945456e-09,0.4721896827467089,5.547567301286134e-09,1.3853659626929727e-08,-0.21657348431693174,"{""D"": 5.547567301286134e-09, ""cp"": 3337.765715776304, ""k"": 0.4721896827467089, ""rho"": 934.8670657547289}","{""D"": 5.663020934361829e-09, ""cp"": 3415.295774647885, ""k"": 0.4829577464788729, ""rho"": 976.3999999999987}","[[1.8730365753698043e-06, 0.00010929398816369341], [6.760363493617007e-10, 8.97789037883757e-08], [8.506897442931386e-14, 3.685487644914118e-11]]"
135.0,bdf2,29.315,0.0206475,3,1.1204185390495964e-13,3.682857940181281e-11,3.808509063674137e-11,2.2648549702353193e-14,-27.603264980470975,-27.612122999282462,0.008858018811487511,1.7621023495482526e-06,1.7636813038953898e-06,-1.5789543471371924e-09,0.47217964420769987,5.5475615896990515e-09,1.3851920568964486e-08,-0.21686510686684063,"{""D"": 5.5475615896990515e-09, ""cp"": 3337.6934382954387, ""k"": 0.47217964420769987, ""rho"": 934.8318886232623}","{""D"": 5.663090261306044e-09, ""cp"": 3415.295774647885, ""k"": 0.4829577464788729, ""rho"": 976.3999999999987}","[[1.8734193058342931e-06, 0.00010917696196494009], [6.762936840575965e-10, 8.969275500963319e-08], [1.1204185390495964e-13, 3.682857940181281e-11]]"
135.25,bdf2,29.317050000000002,0.020649458333333332,3,7.37513177751946e-14,3.6796012859757134e-11,2.4863311409717426e-10,3.597122599785507e-14,-27.640393687479275,-27.649250535552028,0.00885684807275311,1.7618830381840424e-06,1.7634601221081715e-06,-1.5770839241291431e-09,0.4721696150079533,5.547556024153397e-09,1.3850183411233765e-08,-0.21715670591597977,"{""D"": 5.547556024153397e-09, ""cp"": 3337.6212280572636, ""k"": 0.4721696150079533, ""rho"": 934.7967502039742}","{""D"": 5.663159615308366e-09, ""cp"": 3415.295774647885, ""k"": 0.4829577464788729, ""rho"": 976.3999999999987}","[[1.8738140616181473e-06, 0.00010906025333472904], [6.76590628201467e-10, 8.96068430784693e-08], [7.37513177751946e-14, 3.6796012859757134e-11]]"
135.5,bdf2,29.3191,0.020651416666666665,3,9.242475180186221e-14,3.676745182822167e-11,6.838263288955204e-11,1.127986593019159e-13,-27.677519234108544,-27.68637498106017,0.00885574695162461,1.7616639629327801e-06,1.7632391816062361e-06,-1.5752186734560002e-09,0.4721595951222619,5.547550605158971e-09,1.3848448148605273e-08,-0.21744828070251415,"{""D"": 5.547550605158971e-09, ""cp"": 3337.5490848802856, ""k"": 0.4721595951222619, ""rho"": 934.7616503903312}","{""D"": 5.6632289962607195e-09, ""cp"": 3415.295774647885, ""k"": 0.4829577464788729, ""rho"": 976.3999999999987}","[[1.874220512354374e-06, 0.00010894386078440354], [6.768462627490571e-10, 8.952114970885766e-08], [9.242475180186221e-14, 3.676745182822167e-11]]"
135.75,bdf2,29.32115,0.020653375,3,9.261320006501794e-14,3.673575604932256e-11,2.255546860396862e-10,2.7533531010703882e-14,-27.71464155254181,-27.72349625032149,0.008854697779678844,1.7614451231581865e-06,1.7630184817267796e-06,-1.5733585685931387e-09,0.47214958452553246,5.547545333201045e-09,1.3846714775824133e-08,-0.2177398302081224,"{""D"": 5.547545333201045e-09, ""cp"": 3337.4770085838336, ""k"": 0.47214958452553246, ""rho"": 934.7265890762848}","{""D"": 5.663298404067766e-09, ""cp"": 3415.2957746478855, ""k"": 0.4829577464788729, ""rho"": 976.3999999999988}","[[1.874638281089508e-06, 0.00010882778283767177], [6.771465993691314e-10, 8.943569336097726e-08], [9.261320006501794e-14, 3.673575604932256e-11]]"
136.0,bdf2,29.3232,0.020655333333333335,3,9.185854140662587e-14,3.670876239146893e-11,4.604316927725449e-11,2.398081733190338e-14,-27.75176054061233,-27.76061426057055,0.00885371995821771,1.7612265182210132e-06,1.7627980218100055e-06,-1.5715035889923863e-09,0.47213958319278504,5.547540208740756e-09,1.3844983287685521e-08,-0.21803135453211836,"{""D"": 5.547540208740756e-09, ""cp"": 3337.4049989880527, ""k"": 0.47213958319278504, ""rho"": 934.6915661562675}","{""D"": 5.663367838646132e-09, ""cp"": 3415.2957746478855, ""k"": 0.482957746478873, ""rho"": 976.399999999999}","[[1.8750670629267263e-06, 0.00010871201802956178], [6.774178868995342e-10, 8.935045452973335e-08], [9.185854140662587e-14, 3.670876239146893e-11]]"
136.25,bdf2,29.32525,0.020657291666666668,3,9.864872078025556e-14,3.667793737572639e-11,7.02584657119587e-11,9.14823772291129e-14,-27.78887613051382,-27.79772893095469,0.008852800440870112,1.761008147487747e-06,1.7625778011991232e-06,-1.5696537113762189e-09,0.47212959109915353,5.547535232222671e-09,1.3843253679008684e-08,-0.21832285236142462,"{""D"": 5.547535232222671e-09, ""cp"": 3337.3330559139054, ""k"": 0.47212959109915353, ""rho"": 934.6565815251931}","{""D"": 5.663439106926678e-09, ""cp"": 3415.2957746478855, ""k"": 0.482957746478873, ""rho"": 976.399999999999}","[[1.875506564100735e-06, 0.00010859656490642161], [6.776914365623641e-10, 8.926544941132072e-08], [9.864872078025556e-14, 3.667793737572639e-11]]"
136.5,bdf2,29.3273,0.02065925,3,6.90351129041598e-14,3.665146617576671e-11,2.0668267097789794e-10,1.4210854715202004e-14,-27.82598822867972,-27.83484018357001,0.008851954890289448,1.7607900103298953e-06,1.7623578192403007e-06,-1.567808910405434e-09,0.47211960821988286,5.54753040406506e-09,1.384152594478512e-08,-0.21861432372999465,"{""D"": 5.54753040406506e-09, ""cp"": 3337.2611791831564, ""k"": 0.47211960821988286, ""rho"": 934.6216350784482}","{""D"": 5.663510918734221e-09, ""cp"": 3415.2957746478855, ""k"": 0.4829577464788729, ""rho"": 976.3999999999988}","[[1.8759564248318128e-06, 0.0001084814220262674], [6.779795086717436e-10, 8.918066337691823e-08], [6.90351129041598e-14, 3.665146617576671e-11]]"
136.75,bdf2,29.32935,0.020661208333333334,3,6.13015562256313e-14,3.6622208533706005e-11,3.115019353572279e-11,9.992007221626409e-14,-27.86309677590175,-27.871947941765995,0.008851165864246724,1.7605721061187788e-06,1.762138075282678e-06,-1.5659691638992034e-09,0.4721096345303304,5.547525724675793e-09,1.3839800079794377e-08,-0.2189057672529013,"{""D"": 5.547525724675793e-09, ""cp"": 3337.189368618379, ""k"": 0.4721096345303304, ""rho"": 934.5867267118952}","{""D"": 5.66358276467208e-09, ""cp"": 3415.295774647885, ""k"": 0.4829577464788729, ""rho"": 976.3999999999987}","[[1.8764164217157559e-06, 0.0001083665879570421], [6.782807827974488e-10, 8.909610496000491e-08], [6.13015562256313e-14, 3.6622208533706005e-11]]"
137.0,bdf2,29.331400000000002,0.020663166666666666,3,8.091790228893661e-14,3.659138351796348e-11,3.490185918053612e-11,7.549516567451064e-15,-27.900201704387328,-27.909052131491308,0.008850427103979541,1.7603544342270629e-06,1.7619185686783354e-06,-1.5641344512725088e-09,0.47209967000596464,5.547521194439729e-09,1.3838076078904422e-08,-0.2191971827542139,"{""D"": 5.547521194439729e-09, ""cp"": 3337.117624042945, ""k"": 0.47209967000596464, ""rho"": 934.551856321867}","{""D"": 5.663654644584561e-09, ""cp"": 3415.295774647885, ""k"": 0.4829577464788729, ""rho"": 976.3999999999987}","[[1.876886242887774e-06, 0.00010825206127835685], [6.785567804150032e-10, 8.901176545294915e-08], [8.091790228893661e-14, 3.659138351796348e-11]]"
137.25,bdf2,29.33345,0.020665125,3,8.827390944164906e-14,3.656473816537247e-11,8.185452315956354e-11,1.4654943925052066e-14,-27.93730293776043,-27.946152680779335,0.008849743018906508,1.760136994034987e-06,1.7616992987822629e-06,-1.5623047472759335e-09,0.4720897146223634,5.54751681372346e-09,1.3836353937193467e-08,-0.21948856984408385,"{""D"": 5.54751681372346e-09, ""cp"": 3337.045945281016, ""k"": 0.4720897146223634, ""rho"": 934.5170238051621}","{""D"": 5.663726558326961e-09, ""cp"": 3415.295774647885, ""k"": 0.4829577464788729, ""rho"": 976.3999999999987}","[[1.877365635335183e-06, 0.00010813784058079435], [6.788225912170488e-10, 8.892765077694038e-08], [8.827390944164906e-14, 3.656473816537247e-11]]"
137.5,bdf2,29.3355,0.020667083333333332,3,8.58216951823694e-14,3.653513221804913e-11,6.070877134334296e-11,5.062616992290714e-14,-27.97440039964999,-27.98324951948956,0.008849119839570818,1.759919784923315e-06,1.7614802649523716e-06,-1.5604800290565284e-09,0.4720797683552149,5.547512582877894e-09,1.3834633649522999e-08,-0.21977992778260377,"{""D"": 5.547512582877894e-09, ""cp"": 3336.974332157548, ""k"": 0.4720797683552149, ""rho"": 934.4822290590462}","{""D"": 5.663798505764757e-09, ""cp"": 3415.295774647885, ""k"": 0.4829577464788729, ""rho"": 976.3999999999987}","[[1.8778543256768478e-06, 0.00010802392446468996], [6.791080170736988e-10, 8.884375431417866e-08], [8.58216951823694e-14, 3.653513221804913e-11]]"
137.75,bdf2,29.33755,0.020669041666666665,3,7.56361211037353e-14,3.65069194917763e-11,1.9667822925839573e-11,2.3092638912203256e-14,-28.01149403086429,-28.020342579408464,0.008848548544172274,1.7597028062729512e-06,1.7612614665494404e-06,-1.5586602764892144e-09,0.472069831180316,5.54750850223707e-09,1.383291521088987e-08,-0.22007125604969568,"{""D"": 5.54750850223707e-09, ""cp"": 3336.9027844982747, ""k"": 0.472069831180316, ""rho"": 934.4474719812438}","{""D"": 5.663870486773438e-09, ""cp"": 3415.295774647885, ""k"": 0.4829577464788729, ""rho"": 976.3999999999987}","[[1.878352065431724e-06, 0.00010791031154030567], [6.794023065987551e-10, 8.876007885110608e-08], [7.56361211037353e-14, 3.65069194917763e-11]]"
138.0,bdf2,29.3396,0.020671000000000002,3,8.280347819417174e-14,3.647661693392771e-11,1.3801582099404186e-10,6.217248937900877e-15,-28.04858378080212,-28.057431793835974,0.008848013033855295,1.7594860574717596e-06,1.7610429029371407e-06,-1.5568454653810362e-09,0.47205990307357193,5.547504572122258e-09,1.3831198616285112e-08,-0.2203625539462462,"{""D"": 5.547504572122258e-09, ""cp"": 3336.831302129718, ""k"": 0.47205990307357193, ""rho"": 934.4127524699425}","{""D"": 5.663942501237744e-09, ""cp"": 3415.295774647885, ""k"": 0.4829577464788729, ""rho"": 976.3999999999987}","[[1.8788586655357574e-06, 0.00010779700042817849], [6.796692450027493e-10, 8.867662351695948e-08], [8.280347819417174e-14, 3.647661693392771e-11]]"
138.25,bdf2,29.34165,0.020672958333333335,3,8.374641275287688e-14,3.644701098660437e-11,2.604565452202223e-10,4.4853010194856324e-14,-28.08566953875689,-28.094517098219285,0.008847559462395793,1.7592695379079346e-06,1.7608245734819728e-06,-1.5550355740382097e-09,0.4720499840109954,5.547500792835877e-09,1.3829483860756685e-08,-0.22065382127030067,"{""D"": 5.547500792835877e-09, ""cp"": 3336.7598848791667, ""k"": 0.4720499840109954, ""rho"": 934.3780704237823}","{""D"": 5.664014549051403e-09, ""cp"": 3415.295774647885, ""k"": 0.4829577464788729, ""rho"": 976.3999999999987}","[[1.8793738233787954e-06, 0.00010768398975964286], [6.799497625497959e-10, 8.859338552529676e-08], [8.374641275287688e-14, 3.644701098660437e-11]]"
138.5,bdf2,29.343700000000002,0.020674916666666668,3,7.601292988801996e-14,3.641775334454367e-11,4.240519047016278e-11,4.529709940470639e-14,-28.122751297070042,-28.131598429411042,0.008847132340999764,1.7590532469721675e-06,1.7606064775532832e-06,-1.5532305811157162e-09,0.47204007396870606,5.547497164668461e-09,1.3827770939337316e-08,-0.22094505747166754,"{""D"": 5.547497164668461e-09, ""cp"": 3336.6885325746834, ""k"": 0.47204007396870606, ""rho"": 934.3434257418587}","{""D"": 5.664086630116624e-09, ""cp"": 3415.295774647885, ""k"": 0.4829577464788729, ""rho"": 976.3999999999987}","[[1.8798973598978086e-06, 0.00010757127817508925], [6.802387664794821e-10, 8.851036505027056e-08], [7.601292988801996e-14, 3.641775334454367e-11]]"
138.75,bdf2,29.34575,0.020676875,3,7.356076151551408e-14,3.639302367089712e-11,1.3233147910796106e-10,3.552713678800501e-14,-28.159828962217052,-28.168675725970616,0.008846763753563636,1.758837184059963e-06,1.7603886145232323e-06,-1.5514304632693278e-09,0.4720301729229299,5.54749368789587e-09,1.3826059847109359e-08,-0.22123626186757386,"{""D"": 5.54749368789587e-09, ""cp"": 3336.617245045096, ""k"": 0.4720301729229299, ""rho"": 934.3088183237171}","{""D"": 5.664158744343683e-09, ""cp"": 3415.295774647885, ""k"": 0.4829577464788729, ""rho"": 976.3999999999987}","[[1.8804290583080248e-06, 0.00010745886432466055], [6.805124909534429e-10, 8.842755808637035e-08], [7.356076151551408e-14, 3.639302367089712e-11]]"
139.0,bdf2,29.3478,0.020678833333333334,3,1.1618806110143918e-13,3.6358715602528316e-11,2.346496330574155e-10,3.197442310920451e-14,-28.196902500784038,-28.205748927753405,0.00884642696936666,1.7586213485665159e-06,1.7601709837667967e-06,-1.5496352002807916e-09,0.4720202808499996,5.547490362783119e-09,1.3824350579125298e-08,-0.22152743404509712,"{""D"": 5.547490362783119e-09, ""cp"": 3336.546022119997, ""k"": 0.4720202808499996, ""rho"": 934.2742480693541}","{""D"": 5.664230891650457e-09, ""cp"": 3415.295774647885, ""k"": 0.4829577464788729, ""rho"": 976.3999999999987}","[[1.8809687138981497e-06, 0.00010734674686825231], [6.807637686067305e-10, 8.834496515605402e-08], [1.1618806110143918e-13, 3.6358715602528316e-11]]"
139.25,bdf2,29.34985,0.020680791666666667,3,1.0185297873830762e-13,3.633468253940702e-11,2.2851054382044822e-11,7.993605777301127e-15,-28.233971827841412,-28.242817976524748,0.008846148683335997,1.7584057398912099e-06,1.7599535846617126e-06,-1.5478447705026982e-09,0.47201039772635134,5.547487189578566e-09,1.382264313053625e-08,-0.22181857366598046,"{""D"": 5.547487189578566e-09, ""cp"": 3336.47486362973, ""k"": 0.47201039772635134, ""rho"": 934.2397148792073}","{""D"": 5.664303071962211e-09, ""cp"": 3415.295774647885, ""k"": 0.4829577464788729, ""rho"": 976.3999999999987}","[[1.8815161002678389e-06, 0.00010723492447481594], [6.810674803613481e-10, 8.826258591101631e-08], [1.0185297873830762e-13, 3.633468253940702e-11]]"
139.5,bdf2,29.3519,0.02068275,3,9.864631034738662e-14,3.630229014998267e-11,1.7053025658242404e-10,2.5757174171303632e-14,-28.271036901395064,-28.279882815321855,0.008845913926791127,1.758190357437924e-06,1.759736416588501e-06,-1.5460591505768436e-09,0.47200052352852695,5.547484168519968e-09,1.382093749648598e-08,-0.22210968009236487,"{""D"": 5.547484168519968e-09, ""cp"": 3336.403769405394, ""k"": 0.47200052352852695, ""rho"": 934.2052186541603}","{""D"": 5.664375285211235e-09, ""cp"": 3415.295774647885, ""k"": 0.4829577464788729, ""rho"": 976.3999999999986}","[[1.8820710509987484e-06, 0.00010712339582288128], [6.813530834298214e-10, 8.818042470507302e-08], [9.864631034738662e-14, 3.630229014998267e-11]]"
139.75,bdf2,29.35395,0.020684708333333333,3,7.827560553460865e-14,3.627947615528057e-11,7.73070496506989e-11,1.3766765505351941e-14,-28.308097662281217,-28.31694338871955,0.008845726438334367,1.7579752006095253e-06,1.7595194789304193e-06,-1.5442783208939915e-09,0.4719906582331711,5.547481299831916e-09,1.3819233672123247e-08,-0.22240075348442453,"{""D"": 5.547481299831916e-09, ""cp"": 3336.3327392788324, ""k"": 0.4719906582331711, ""rho"": 934.1707592955338}","{""D"": 5.6644475313364064e-09, ""cp"": 3415.295774647885, ""k"": 0.4829577464788729, ""rho"": 976.3999999999985}","[[1.882633380058045e-06, 0.00010701215959985995], [6.816307631684357e-10, 8.80984679543189e-08], [7.827560553460865e-14, 3.627947615528057e-11]]"
140.0,bdf2,29.356,0.020686666666666666,3,7.695514914103564e-14,3.625039266585118e-11,3.012701199622825e-10,7.682743330406083e-14,-28.345154077096414,-28.353999642212102,0.008845565115688458,1.757760268814432e-06,1.7593027710734744e-06,-1.5425022590424972e-09,0.47198080181703284,5.5474785837316895e-09,1.3817531652602154e-08,-0.22269179241290984,"{""D"": 5.5474785837316895e-09, ""cp"": 3336.261773082637, ""k"": 0.47198080181703284, ""rho"": 934.1363367050892}","{""D"": 5.664519810282862e-09, ""cp"": 3415.295774647885, ""k"": 0.4829577464788729, ""rho"": 976.3999999999985}","[[1.883202892172494e-06, 0.00010690121450221952], [6.819374882666548e-10, 8.801672715282758e-08], [7.695514914103564e-14, 3.625039266585118e-11]]"
140.25,bdf2,29.358050000000002,0.020688625,3,7.506885206018953e-14,3.621625875011368e-11,1.6348167264368385e-10,7.949196856316121e-14,-28.382206060925817,-28.391051523097133,0.008845462171315432,1.7575455614600538e-06,1.7590862924063866e-06,-1.5407309463327905e-09,0.47197095425696334,5.547476020420897e-09,1.3815831433091776e-08,-0.2229827973871849,"{""D"": 5.547476020420897e-09, ""cp"": 3336.190870650136, ""k"": 0.47197095425696334, ""rho"": 934.1019507850219}","{""D"": 5.664592122001861e-09, ""cp"": 3415.295774647885, ""k"": 0.4829577464788729, ""rho"": 976.3999999999985}","[[1.8837794258325797e-06, 0.00010679055923565756], [6.822149764563013e-10, 8.793520003661489e-08], [7.506885206018953e-14, 3.621625875011368e-11]]"
140.5,bdf2,29.3601,0.020690583333333335,3,8.468806793428641e-14,3.6193444755411577e-11,2.0577317627612501e-10,3.4638958368304884e-14,-28.41925358037159,-28.428098979568972,0.008845399197383585,1.7573310779625588e-06,1.7588700423205598e-06,-1.5389643580010161e-09,0.4719611155299148,5.547473610094e-09,1.3814133008929765e-08,-0.2232737672714832,"{""D"": 5.547473610094e-09, ""cp"": 3336.120031815387, ""k"": 0.4719611155299148, ""rho"": 934.0676014379562}","{""D"": 5.6646644664503786e-09, ""cp"": 3415.295774647885, ""k"": 0.4829577464788729, ""rho"": 976.3999999999985}","[[1.8843628263205352e-06, 0.00010668019251423115], [6.824868047538238e-10, 8.785387511160716e-08], [8.468806793428641e-14, 3.6193444755411577e-11]]"
140.75,bdf2,29.36215,0.020692541666666668,3,8.148146182887609e-14,3.616819262387109e-11,2.8421709430404007e-11,6.838973831690964e-14,-28.45629660203722,-28.465141961375195,0.008845359337975367,1.7571168177346916e-06,1.7586540202101e-06,-1.5372024754084258e-09,0.4719512856129421,5.547471352932184e-09,1.3812436375235253e-08,-0.22356470209725668,"{""D"": 5.547471352932184e-09, ""cp"": 3336.0492564131832, ""k"": 0.4719512856129421, ""rho"": 934.0332885669493}","{""D"": 5.66473684359091e-09, ""cp"": 3415.295774647885, ""k"": 0.4829577464788729, ""rho"": 976.3999999999985}","[[1.884952917040705e-06, 0.0001065701130607048], [6.827476919803215e-10, 8.777276213035172e-08], [8.148146182887609e-14, 3.616819262387109e-11]]"
141.0,bdf2,29.3642,0.0206945,3,7.280505773252564e-14,3.6135626081815426e-11,6.59383658785373e-11,1.7763568394002505e-14,-28.49333504960296,-28.502180419201295,0.008845369598336816,1.7569027801939144e-06,1.7584382254717883e-06,-1.5354452778738631e-09,0.47194146448320073,5.547469249109045e-09,1.3810741527328495e-08,-0.22385560162251958,"{""D"": 5.547469249109045e-09, ""cp"": 3335.9785442790453, ""k"": 0.47194146448320073, ""rho"": 933.9990120754861}","{""D"": 5.664809253391087e-09, ""cp"": 3415.2957746478846, ""k"": 0.4829577464788729, ""rho"": 976.3999999999985}","[[1.885549520267431e-06, 0.00010646031960707325], [6.830434714285827e-10, 8.769185534581178e-08], [7.280505773252564e-14, 3.6135626081815426e-11]]"
141.25,bdf2,29.36625,0.020696458333333334,3,9.77019397595034e-14,3.610967733974969e-11,2.4078872229438275e-10,1.2434497875801753e-14,-28.530368889677366,-28.53921430497195,0.008845415294583603,1.7566889647599165e-06,1.7582226575050342e-06,-1.5336927451176652e-09,0.4719316521179453,5.547467298787843e-09,1.3809048460437158e-08,-0.22414646494529816,"{""D"": 5.547467298787843e-09, ""cp"": 3335.9078952492064, ""k"": 0.4719316521179453, ""rho"": 933.9647718674721}","{""D"": 5.664881695823603e-09, ""cp"": 3415.2957746478846, ""k"": 0.4829577464788729, ""rho"": 976.3999999999983}","[[1.886152479401296e-06, 0.00010635081089299397], [6.833271780642502e-10, 8.761115371307153e-08], [9.77019397595034e-14, 3.610967733974969e-11]]"
141.5,bdf2,29.3683,0.020698416666666667,3,8.261268116672417e-14,3.607850401874452e-11,3.681179805425927e-10,2.3092638912203256e-14,-28.567398063116723,-28.576243571771442,0.008845508654719225,1.7564753708572243e-06,1.7580073157119074e-06,-1.531944854683083e-09,0.4719218484945312,5.54746550212217e-09,1.3807357169972898e-08,-0.224437292215012,"{""D"": 5.54746550212217e-09, ""cp"": 3335.8373091606254, ""k"": 0.4719218484945312, ""rho"": 933.9305678472385}","{""D"": 5.664954170865793e-09, ""cp"": 3415.2957746478846, ""k"": 0.4829577464788729, ""rho"": 976.3999999999984}","[[1.8867617066881074e-06, 0.00010624158566718015], [6.836061678745045e-10, 8.753066141179411e-08], [8.261268116672417e-14, 3.607850401874452e-11]]"
141.75,bdf2,29.370350000000002,0.020700375,3,8.845953039638312e-14,3.6051684513522207e-11,5.763922672485933e-11,1.4654943925052066e-14,-28.60442255370241,-28.613268173828033,0.008845620125622844,1.7562619979081541e-06,1.7577921994970833e-06,-1.5302015889291727e-09,0.4719120535904122,5.547463859256159e-09,1.380566765117e-08,-0.22472808271605388,"{""D"": 5.547463859256159e-09, ""cp"": 3335.7667858509676, ""k"": 0.4719120535904122, ""rho"": 933.8963999195333}","{""D"": 5.665026678499574e-09, ""cp"": 3415.2957746478846, ""k"": 0.4829577464788729, ""rho"": 976.3999999999983}","[[1.8873769849862645e-06, 0.00010613264268583381], [6.838849675951362e-10, 8.745037252079007e-08], [8.845953039638312e-14, 3.6051684513522207e-11]]"
142.0,bdf2,29.3724,0.020702333333333333,3,9.581525920853687e-14,3.60262582293504e-11,2.1509549696929753e-10,2.220446049250313e-14,-28.641442293710533,-28.650288066124574,0.008845772414041164,1.7560488453426285e-06,1.7575773082678426e-06,-1.5284629252141087e-09,0.4719022673831401,5.5474623703280265e-09,1.3803979899416481e-08,-0.2250188362848946,"{""D"": 5.5474623703280265e-09, ""cp"": 3335.6963251586085, ""k"": 0.4719022673831401, ""rho"": 933.8622679895216}","{""D"": 5.6650992187111795e-09, ""cp"": 3415.2957746478846, ""k"": 0.4829577464788729, ""rho"": 976.3999999999983}","[[1.8879982284302575e-06, 0.00010602398071386445], [6.841679153150482e-10, 8.73702837311594e-08], [9.581525920853687e-14, 3.60262582293504e-11]]"
142.25,bdf2,29.37445,0.020704291666666666,3,7.204992099650056e-14,3.599647812939574e-11,8.139977580867708e-11,9.947598300641403e-14,-28.67845724117333,-28.687303205072112,0.008845963898782117,1.7558359125891148e-06,1.7573626414340697e-06,-1.526728844954835e-09,0.47189248985036547,5.547461035463901e-09,1.3802293910044963e-08,-0.2253095525219676,"{""D"": 5.547461035463901e-09, ""cp"": 3335.625926922631, ""k"": 0.47189248985036547, ""rho"": 933.8281719627845}","{""D"": 5.6651717914910155e-09, ""cp"": 3415.2957746478846, ""k"": 0.4829577464788728, ""rho"": 976.3999999999984}","[[1.888625273070009e-06, 0.00010591559852436675], [6.844633099500042e-10, 8.729040322807579e-08], [7.204992099650056e-14, 3.599647812939574e-11]]"
142.5,bdf2,29.3765,0.02070625,3,6.846615678517279e-14,3.597418659258758e-11,9.731593308970332e-11,4.085620730620576e-14,-28.715467362708733,-28.724313547749603,0.00884618504086987,1.7556231990815525e-06,1.7571481984082002e-06,-1.5249993266477262e-09,0.47188272096983497,5.547459854784782e-09,1.380060967842445e-08,-0.2256002311826377,"{""D"": 5.547459854784782e-09, ""cp"": 3335.5555909828117, ""k"": 0.47188272096983497, ""rho"": 933.794111745312}","{""D"": 5.665244396833361e-09, ""cp"": 3415.2957746478846, ""k"": 0.4829577464788728, ""rho"": 976.3999999999984}","[[1.8892579857006983e-06, 0.00010580749489809822], [6.847630411089385e-10, 8.721071916916026e-08], [6.846615678517279e-14, 3.597418659258758e-11]]"
142.75,bdf2,29.37855,0.020708208333333332,3,8.449801721834712e-14,3.594353572947637e-11,2.1441337594296783e-10,1.865174681370263e-14,-28.752472616352307,-28.76131905213839,0.008846435786082907,1.7554107042532002e-06,1.7569339786052526e-06,-1.5232743520523513e-09,0.4718729607193928,5.547458828404473e-09,1.3798927200030578e-08,-0.22589087161093127,"{""D"": 5.547458828404473e-09, ""cp"": 3335.4853171796285, ""k"": 0.4718729607193928, ""rho"": 933.7600872435071}","{""D"": 5.665317034736283e-09, ""cp"": 3415.2957746478846, ""k"": 0.4829577464788729, ""rho"": 976.3999999999983}","[[1.8898962685775675e-06, 0.00010569966862382725], [6.850463614818571e-10, 8.713124130696023e-08], [8.449801721834712e-14, 3.594353572947637e-11]]"
143.0,bdf2,29.3806,0.02071016666666667,3,8.619535901337846e-14,3.5916019613728794e-11,1.5825207810848951e-10,3.4638958368304884e-14,-28.78947295155805,-28.798319677547113,0.008846725989062776,1.7551984275424273e-06,1.7567199814427759e-06,-1.5215539003486405e-09,0.471863209076979,5.547457956425489e-09,1.3797246470240624e-08,-0.22618147378667966,"{""D"": 5.547457956425489e-09, ""cp"": 3335.415105354249, ""k"": 0.471863209076979, ""rho"": 933.7260983641775}","{""D"": 5.665389705201419e-09, ""cp"": 3415.2957746478846, ""k"": 0.4829577464788729, ""rho"": 976.3999999999983}","[[1.8905399751065561e-06, 0.00010559211849902997], [6.853174206059223e-10, 8.705196250121782e-08], [8.619535901337846e-14, 3.5916019613728794e-11]]"
143.25,bdf2,29.38265,0.020712125,3,9.543713161255192e-14,3.5890767482188306e-11,8.503775461576879e-11,2.042810365310288e-14,-28.826468343532483,-28.835315383884108,0.008847040351625424,1.7549863683885857e-06,1.756506206340843e-06,-1.5198379522572768e-09,0.4718534660206287,5.547457238945947e-09,1.3795567484492204e-08,-0.22647203746365135,"{""D"": 5.547457238945947e-09, ""cp"": 3335.3449553485266, ""k"": 0.4718534660206287, ""rho"": 933.6921450145348}","{""D"": 5.665462408233755e-09, ""cp"": 3415.2957746478846, ""k"": 0.4829577464788729, ""rho"": 976.3999999999983}","[[1.8911889894385348e-06, 0.00010548484332692944], [6.85590552977376e-10, 8.697287961718561e-08], [9.543713161255192e-14, 3.5890767482188306e-11]]"
143.5,bdf2,29.384700000000002,0.020714083333333334,3,8.355448476439479e-14,3.58564594138195e-11,2.248725650133565e-10,4.440892098500626e-14,-28.863458741733293,-28.87230613200984,0.008847390276546463,1.754774526233317e-06,1.7562926527220582e-06,-1.5181264887411948e-09,0.4718437315284727,5.547456676056197e-09,1.37938902383334e-08,-0.2267625620790088,"{""D"": 5.547456676056197e-09, ""cp"": 3335.274867005004, ""k"": 0.4718437315284727, ""rho"": 933.658227102196}","{""D"": 5.6655351438416056e-09, ""cp"": 3415.2957746478846, ""k"": 0.4829577464788729, ""rho"": 976.3999999999983}","[[1.8918431913873311e-06, 0.00010537784192015305], [6.858882032387692e-10, 8.689400449724256e-08], [8.355448476439479e-14, 3.58564594138195e-11]]"
143.75,bdf2,29.38675,0.020716041666666667,3,1.031697892533897e-13,3.583399372438002e-11,3.9540282159578055e-10,3.730349362740526e-14,-28.90044412136961,-28.909291883510946,0.00884776214133609,1.7545629005220181e-06,1.7560793200114972e-06,-1.5164194894790152e-09,0.4718340055787352,5.547456267840977e-09,1.3792214727098077e-08,-0.2270530474105123,"{""D"": 5.547456267840977e-09, ""cp"": 3335.2048401668935, ""k"": 0.4718340055787352, ""rho"": 933.6243445351729}","{""D"": 5.66560791203642e-09, ""cp"": 3415.2957746478846, ""k"": 0.4829577464788729, ""rho"": 976.3999999999983}","[[1.892502476045287e-06, 0.00010527111309899087], [6.861662364558346e-10, 8.681531484985186e-08], [1.031697892533897e-13, 3.583399372438002e-11]]"
144.0,bdf2,29.3888,0.020718,3,8.883524444312761e-14,3.580943820336478e-11,2.0031620806548744e-10,2.4424906541753444e-14,-28.93742442332,-28.946272601233147,0.008848177913147737,1.7543514907014713e-06,1.7558662076367347e-06,-1.514716935263419e-09,0.47182428814973476,5.547456014374378e-09,1.3790540946473927e-08,-0.22734349351145702,"{""D"": 5.547456014374378e-09, ""cp"": 3335.1348746780905, ""k"": 0.47182428814973476, ""rho"": 933.5904972218775}","{""D"": 5.665680712832503e-09, ""cp"": 3415.2957746478846, ""k"": 0.4829577464788729, ""rho"": 976.3999999999983}","[[1.8931667283207736e-06, 0.00010516465568965417], [6.86438044036123e-10, 8.673682861273454e-08], [8.883524444312761e-14, 3.580943820336478e-11]]"
144.25,bdf2,29.39085,0.020719958333333333,3,1.0354661741479028e-13,3.5778264882359625e-11,8.776623872108757e-11,5.773159728050814e-14,-28.97439963996193,-28.983248248219695,0.008848608257764567,1.7541402962198333e-06,1.755653315027821e-06,-1.5130188079875946e-09,0.47181457921988346,5.547455915729837e-09,1.3788868891832114e-08,-0.2276338994236552,"{""D"": 5.547455915729837e-09, ""cp"": 3335.064970383161, ""k"": 0.47181457921988346, ""rho"": 933.556685071118}","{""D"": 5.665753546247115e-09, ""cp"": 3415.295774647884, ""k"": 0.4829577464788728, ""rho"": 976.3999999999983}","[[1.8938358580197255e-06, 0.00010505846852706186], [6.867045690586534e-10, 8.665853829732745e-08], [1.0354661741479028e-13, 3.5778264882359625e-11]]"
144.5,bdf2,29.3929,0.020721916666666666,3,7.148286634751102e-14,3.575214198766256e-11,5.67297320230864e-11,4.218847493575595e-14,-29.011369703595044,-29.020218788778607,0.008849085183562977,1.7539293165297809e-06,1.755440641617244e-06,-1.511325087463147e-09,0.4718048787676854,5.547455971970057e-09,1.3787198558774212e-08,-0.22792426539729854,"{""D"": 5.547455971970057e-09, ""cp"": 3334.995127127335, ""k"": 0.4718048787676854, ""rho"": 933.5229079920923}","{""D"": 5.665826412300207e-09, ""cp"": 3415.2957746478846, ""k"": 0.4829577464788729, ""rho"": 976.3999999999983}","[[1.8945097330776254e-06, 0.00010495255045344718], [6.870057966885645e-10, 8.658044251040952e-08], [7.148286634751102e-14, 3.575214198766256e-11]]"
144.75,bdf2,29.39495,0.020723875,3,8.543978117064308e-14,3.572654155085943e-11,2.0236257114447653e-11,1.1146639167236572e-13,-29.048334606598672,-29.05718418765133,0.008849581052658095,1.7537185510846617e-06,1.7552281868399375e-06,-1.5096357552757915e-09,0.47179518677173726,5.547456183154856e-09,1.3785529942847507e-08,-0.22821459105020828,"{""D"": 5.547456183154856e-09, ""cp"": 3334.925344756508, ""k"": 0.47179518677173726, ""rho"": 933.48916589439}","{""D"": 5.665899311014214e-09, ""cp"": 3415.2957746478846, ""k"": 0.4829577464788728, ""rho"": 976.3999999999984}","[[1.8951882484022494e-06, 0.00010484690031818375], [6.872964606155574e-10, 8.650254281935445e-08], [8.543978117064308e-14, 3.572654155085943e-11]]"
145.0,bdf2,29.397000000000002,0.020725833333333332,3,8.845735402103308e-14,3.569815467195529e-11,3.7562131183221936e-10,1.687538997430238e-14,-29.08529431560508,-29.094144410552758,0.008850094947678855,1.7535079993416284e-06,1.7550159501332713e-06,-1.5079507916428621e-09,0.47178550321072754,5.547456549336069e-09,1.3783863039638084e-08,-0.2285048757392141,"{""D"": 5.547456549336069e-09, ""cp"": 3334.855623117239, ""k"": 0.47178550321072754, ""rho"": 933.4554586879901}","{""D"": 5.665972242414149e-09, ""cp"": 3415.2957746478846, ""k"": 0.4829577464788728, ""rho"": 976.3999999999984}","[[1.8958713356808222e-06, 0.0001047415169767405], [6.875726001189055e-10, 8.642483608941488e-08], [8.845735402103308e-14, 3.569815467195529e-11]]"
145.25,bdf2,29.39905,0.02072779166666667,3,8.940022656015704e-14,3.567255423515217e-11,1.6837020666571334e-10,2.9753977059954195e-14,-29.122248780083954,-29.131099423774742,0.008850643690788473,1.7532976607580892e-06,1.7548039309370043e-06,-1.5062701789151567e-09,0.4717758280634353,5.547457070561256e-09,1.378219784480844e-08,-0.22879511979186232,"{""D"": 5.547457070561256e-09, ""cp"": 3334.785962056734, ""k"": 0.4717758280634353, ""rho"": 933.421786283254}","{""D"": 5.6660452065273356e-09, ""cp"": 3415.2957746478846, ""k"": 0.4829577464788729, ""rho"": 976.3999999999984}","[[1.8965588843531716e-06, 0.00010463639929433884], [6.878593001513052e-10, 8.634731988245398e-08], [8.940022656015704e-14, 3.567255423515217e-11]]"
145.5,bdf2,29.4011,0.02072975,3,8.77025874494728e-14,3.564486396677328e-11,1.4915713109076023e-10,2.2648549702353193e-14,-29.159197983834428,-29.16804919450442,0.008851210669991616,1.7530875347954748e-06,1.7545921286933093e-06,-1.5045938978345343e-09,0.4717661613087304,5.547457746870744e-09,1.378053435383715e-08,-0.22908532262798204,"{""D"": 5.547457746870744e-09, ""cp"": 3334.716361422859, ""k"": 0.4717661613087304, ""rho"": 933.3881485909295}","{""D"": 5.666118203383285e-09, ""cp"": 3415.2957746478846, ""k"": 0.4829577464788728, ""rho"": 976.3999999999984}","[[1.8972507804651469e-06, 0.00010453154614037993], [6.881522226716131e-10, 8.626999646245593e-08], [8.77025874494728e-14, 3.564486396677328e-11]]"
145.75,bdf2,29.40315,0.020731708333333335,3,8.4118881154121e-14,3.561821861418227e-11,4.3428372009657323e-11,4.973799150320701e-14,-29.19614187632932,-29.204993690572678,0.008851814243357126,1.7528776209160595e-06,1.754380542846736e-06,-1.5029219306766186e-09,0.4717565029255728,5.54745857829991e-09,1.3778872562504518e-08,-0.2293754841971315,"{""D"": 5.54745857829991e-09, ""cp"": 3334.646821064124, ""k"": 0.4717565029255728, ""rho"": 933.3545455221445}","{""D"": 5.6661912330136904e-09, ""cp"": 3415.2957746478846, ""k"": 0.4829577464788729, ""rho"": 976.3999999999985}","[[1.8979469707951113e-06, 0.00010442695639314661], [6.884183613534007e-10, 8.61928616497576e-08], [8.4118881154121e-14, 3.561821861418227e-11]]"
146.0,bdf2,29.4052,0.020733666666666668,3,9.16630013288496e-14,3.559035419317207e-11,2.3362645151792094e-10,1.0746958878371515e-13,-29.233080441369466,-29.241932880042043,0.008852438672576568,1.7526679185865344e-06,1.754169172844196e-06,-1.501254257661708e-09,0.47174685289301166,5.547459564883134e-09,1.3777212466364872e-08,-0.2296656037240053,"{""D"": 5.547459564883134e-09, ""cp"": 3334.5773408296836, ""k"": 0.47174685289301166, ""rho"": 933.3209769884047}","{""D"": 5.666264295452362e-09, ""cp"": 3415.2957746478846, ""k"": 0.4829577464788729, ""rho"": 976.3999999999985}","[[1.8986473495007113e-06, 0.00010432262893684302], [6.887197680483028e-10, 8.611592223631159e-08], [9.16630013288496e-14, 3.559035419317207e-11]]"
146.25,bdf2,29.40725,0.020735625,3,1.0184758573932856e-13,3.556475375636896e-11,8.276401786133647e-11,1.3766765505351941e-14,-29.270013654174324,-29.27886673215312,0.008853077978795199,1.752458427272057e-06,1.7539580181349667e-06,-1.4995908629096288e-09,0.4717372111901853,5.547460706644857e-09,1.3775554061158168e-08,-0.22995568155972898,"{""D"": 5.547460706644857e-09, ""cp"": 3334.507920569334, ""k"": 0.4717372111901853, ""rho"": 933.2874429015947}","{""D"": 5.666337390734939e-09, ""cp"": 3415.2957746478846, ""k"": 0.4829577464788728, ""rho"": 976.3999999999984}","[[1.8993518412946447e-06, 0.00010421856266351013], [6.889838289954073e-10, 8.60391702110969e-08], [1.0184758573932856e-13, 3.556475375636896e-11]]"
146.5,bdf2,29.4093,0.020737583333333334,3,9.071962152848432e-14,3.553810840377795e-11,1.922444425872527e-10,2.042810365310288e-14,-29.306941472801856,-29.315795216663787,0.008853743861930496,1.7522491464445105e-06,1.7537470781706586e-06,-1.4979317261481297e-09,0.4717275777963206,5.547462003605758e-09,1.3773897342541676e-08,-0.2302457171970851,"{""D"": 5.547462003605758e-09, ""cp"": 3334.438560133508, ""k"": 0.4717275777963206, ""rho"": 933.2539431739721}","{""D"": 5.666410518898976e-09, ""cp"": 3415.2957746478846, ""k"": 0.4829577464788729, ""rho"": 976.3999999999985}","[[1.9000603284541159e-06, 0.00010411475647163249], [6.892837236415693e-10, 8.596260522580822e-08], [9.071962152848432e-14, 3.553810840377795e-11]]"
146.75,bdf2,29.411350000000002,0.020739541666666667,3,1.0637374064884131e-13,3.55121596617122e-11,2.97859514830634e-11,6.350475700855895e-14,-29.343863863892743,-29.352718303825043,0.00885443993229984,1.7520400755762601e-06,1.7535363524052046e-06,-1.4962768289445033e-09,0.4717179526907318,5.547463455783002e-09,1.3772242306277967e-08,-0.23053571036998327,"{""D"": 5.547463455783002e-09, ""cp"": 3334.369259373269, ""k"": 0.4717179526907318, ""rho"": 933.2204777181661}","{""D"": 5.666483679983826e-09, ""cp"": 3415.2957746478846, ""k"": 0.4829577464788729, ""rho"": 976.3999999999985}","[[1.900772763229991e-06, 0.00010401120926544181], [6.895530624941825e-10, 8.588623267917717e-08], [1.0637374064884131e-13, 3.55121596617122e-11]]"
147.0,bdf2,29.4134,0.0207415,3,7.789409808647177e-14,3.548795244595959e-11,2.828528522513807e-10,2.708944180085382e-14,-29.380780794088878,-29.389635964790273,0.008855170701394854,1.7518312141397482e-06,1.7533258402948646e-06,-1.494626155116397e-09,0.47170833585282124,5.547465063186426e-09,1.3770588948090621e-08,-0.2308256611446345,"{""D"": 5.547465063186426e-09, ""cp"": 3334.300018140313, ""k"": 0.47170833585282124, ""rho"": 933.1870464471783}","{""D"": 5.6665568740305495e-09, ""cp"": 3415.2957746478846, ""k"": 0.4829577464788729, ""rho"": 976.3999999999984}","[[1.9014890414806396e-06, 0.000103907919957529], [6.898476729713345e-10, 8.581004142543528e-08], [7.789409808647177e-14, 3.548795244595959e-11]]"
147.25,bdf2,29.41545,0.020743458333333332,3,9.543423397116899e-14,3.545921726179282e-11,7.401013135677204e-11,4.75175454539567e-14,-29.417692272935746,-29.426548170626177,0.008855897690430936,1.751622561612756e-06,1.7531155412981862e-06,-1.4929796854302333e-09,0.47169872726207784,5.5474668258277475e-09,1.3768937263593927e-08,-0.23111556883310988,"{""D"": 5.5474668258277475e-09, ""cp"": 3334.2308362869608, ""k"": 0.47169872726207784, ""rho"": 933.1536492743764}","{""D"": 5.6666301010817594e-09, ""cp"": 3415.2957746478846, ""k"": 0.4829577464788729, ""rho"": 976.3999999999984}","[[1.9022091062166348e-06, 0.0001038048874658838], [6.901456767217523e-10, 8.573404156543524e-08], [9.543423397116899e-14, 3.545921726179282e-11]]"
147.5,bdf2,29.4175,0.020745416666666665,3,9.46796329145564e-14,3.54336168249897e-11,6.17319528828375e-11,9.725553695716371e-14,-29.454598232753796,-29.46345489375659,0.008856661002795363,1.7514141174725935e-06,1.7529054548760096e-06,-1.491337403416092e-09,0.47168912689807696,5.547468743707061e-09,1.3767287248682751e-08,-0.23140543351081308,"{""D"": 5.547468743707061e-09, ""cp"": 3334.161713666154, ""k"": 0.47168912689807696, ""rho"": 933.1202861134949}","{""D"": 5.666703361181693e-09, ""cp"": 3415.2957746478846, ""k"": 0.4829577464788729, ""rho"": 976.3999999999984}","[[1.9029328797024406e-06, 0.000103702110715462], [6.904089755438646e-10, 8.565822143095069e-08], [9.46796329145564e-14, 3.54336168249897e-11]]"
147.75,bdf2,29.41955,0.020747375000000002,3,7.563039939667392e-14,3.540697147239869e-11,4.206412995699793e-11,2.1316282072803006e-14,-29.49149865734823,-29.500356106743197,0.008857449394966466,1.7512058812020325e-06,1.752695580491436e-06,-1.489699289403539e-09,0.4716795347404793,5.547470816824243e-09,1.376563889914101e-08,-0.23169525513372638,"{""D"": 5.547470816824243e-09, ""cp"": 3334.0926501314507, ""k"": 0.4716795347404793, ""rho"": 933.0869568786297}","{""D"": 5.666776654375937e-09, ""cp"": 3415.2957746478846, ""k"": 0.4829577464788729, ""rho"": 976.3999999999985}","[[1.9036602917475938e-06, 0.00010359958863783723], [6.906894358667768e-10, 8.558259495419217e-08], [7.563039939667392e-14, 3.540697147239869e-11]]"
148.0,bdf2,29.4216,0.020749333333333335,3,7.374421403487415e-14,3.538084857770163e-11,7.685230229981244e-11,4.75175454539567e-14,-29.52839353052411,-29.53725178262374,0.00885825209963187,1.7509978522820157e-06,1.752485917609848e-06,-1.4880653278323669e-09,0.47166995076903206,5.547473045175803e-09,1.3763992210631616e-08,-0.23198503309559876,"{""D"": 5.547473045175803e-09, ""cp"": 3334.0236455370314, ""k"": 0.47166995076903206, ""rho"": 933.0536614842424}","{""D"": 5.666849980711576e-09, ""cp"": 3415.2957746478846, ""k"": 0.4829577464788728, ""rho"": 976.3999999999984}","[[1.9043912340642128e-06, 0.00010349732017067838], [6.909966763999073e-10, 8.5507140714386e-08], [7.374421403487415e-14, 3.538084857770163e-11]]"
148.25,bdf2,29.423650000000002,0.020751291666666668,3,8.317426191796944e-14,3.53550739882672e-11,1.2096279533579946e-10,1.4210854715202004e-14,-29.565282818926683,-29.574141895216144,0.008859076289461143,1.7507900301994276e-06,1.7522764656988528e-06,-1.4864354994251648e-09,0.4716603749635665,5.54747542875197e-09,1.376234717923889e-08,-0.23227476723565668,"{""D"": 5.54747542875197e-09, ""cp"": 3333.9546997376783, ""k"": 0.4716603749635665, ""rho"": 933.0203998451498}","{""D"": 5.666923340236962e-09, ""cp"": 3415.2957746478846, ""k"": 0.4829577464788728, ""rho"": 976.3999999999984}","[[1.905125666451167e-06, 0.00010339530425844642], [6.912731728377183e-10, 8.543187821662694e-08], [8.317426191796944e-14, 3.53550739882672e-11]]"
148.5,bdf2,29.4257,0.02075325,3,8.996382606341843e-14,3.532895109357014e-11,4.615685611497611e-11,1.4654943925052066e-14,-29.60216649778204,-29.611026418700703,0.008859920918663278,1.7505824144396581e-06,1.7520672242283076e-06,-1.484809788649466e-09,0.47165080730399855,5.547477967540684e-09,1.376070380050295e-08,-0.2325644576509687,"{""D"": 5.547477967540684e-09, ""cp"": 3333.88581258879, ""k"": 0.47165080730399855, ""rho"": 932.9871718765291}","{""D"": 5.666996733001788e-09, ""cp"": 3415.2957746478846, ""k"": 0.4829577464788728, ""rho"": 976.3999999999984}","[[1.9058635249438184e-06, 0.00010329353985239418], [6.915487246916077e-10, 8.535679509607811e-08], [8.996382606341843e-14, 3.532895109357014e-11]]"
148.75,bdf2,29.42775,0.020755208333333334,3,7.33665861447665e-14,3.53043955725549e-11,4.0813574742060155e-11,5.3734794391857577e-14,-29.63904454231673,-29.647905327986734,0.00886078567000581,1.7503750044933888e-06,1.7518581926702714e-06,-1.4831881768826159e-09,0.4716412477703278,5.547480661524069e-09,1.3759062070510494e-08,-0.2328541041040214,"{""D"": 5.547480661524069e-09, ""cp"": 3333.81698394636, ""k"": 0.4716412477703278, ""rho"": 932.9539774939101}","{""D"": 5.667070159056879e-09, ""cp"": 3415.2957746478846, ""k"": 0.4829577464788728, ""rho"": 976.3999999999984}","[[1.9066047255861987e-06, 0.00010319202590865078], [6.918312532921141e-10, 8.528189535825007e-08], [7.33665861447665e-14, 3.53043955725549e-11]]"
149.0,bdf2,29.4298,0.020757166666666667,3,7.827011608145693e-14,3.5276182846282074e-11,2.1873347577638924e-10,1.5987211554602254e-14,-29.675916927757854,-29.6847785979935,0.008861670235646102,1.7501677998508583e-06,1.7516493704990352e-06,-1.4815706481768899e-09,0.4716316963426378,5.54748351068526e-09,1.3757421985044718e-08,-0.23314370584275915,"{""D"": 5.54748351068526e-09, ""cp"": 3333.7482136669923, ""k"": 0.4716316963426378, ""rho"": 932.920816613179}","{""D"": 5.6671436184542934e-09, ""cp"": 3415.2957746478846, ""k"": 0.4829577464788729, ""rho"": 976.3999999999983}","[[1.9073491964936886e-06, 0.00010309076139065978], [6.921464085621648e-10, 8.520717255949546e-08], [7.827011608145693e-14, 3.5276182846282074e-11]]"
149.25,bdf2,29.43185,0.020759125,3,8.619126451299239e-14,3.525180147789816e-11,2.3021584638627246e-10,2.042810365310288e-14,-29.712783620753886,-29.721646204609442,0.008862583855556494,1.7499608000068763e-06,1.7514407571910595e-06,-1.479957184183225e-09,0.47162215300109445,5.5474865149992896e-09,1.3755783539928018e-08,-0.23343326348685833,"{""D"": 5.5474865149992896e-09, ""cp"": 3333.6795016078795, ""k"": 0.47162215300109445, ""rho"": 932.8876891505695}","{""D"": 5.6672171112471724e-09, ""cp"": 3415.295774647884, ""k"": 0.4829577464788728, ""rho"": 976.3999999999983}","[[1.908096901239366e-06, 0.00010298974526796004], [6.92420446801289e-10, 8.513263453668265e-08], [8.619126451299239e-14, 3.525180147789816e-11]]"
149.5,bdf2,29.4339,0.020761083333333333,3,7.638379752855098e-14,3.522498197267585e-11,7.560174708487466e-11,2.0872192862952943e-14,-29.749644622270193,-29.75850812408396,0.008863501813767272,1.7497540044555548e-06,1.751232352225008e-06,-1.4783477694532226e-09,0.47161261772594654,5.547489674438919e-09,1.375414673115781e-08,-0.23372277630987204,"{""D"": 5.547489674438919e-09, ""cp"": 3333.6108476268155, ""k"": 0.47161261772594654, ""rho"": 932.854595022668}","{""D"": 5.667290637489666e-09, ""cp"": 3415.295774647884, ""k"": 0.4829577464788728, ""rho"": 976.3999999999983}","[[1.9088477758609726e-06, 0.00010288897651566334], [6.92690145626117e-10, 8.505827380124853e-08], [7.638379752855098e-14, 3.522498197267585e-11]]"
149.75,bdf2,29.435950000000002,0.020763041666666666,3,9.95816495102563e-14,3.519885907797878e-11,2.000888343900442e-10,1.021405182655144e-14,-29.7864998817981,-29.795364332933616,0.008864451135515594,1.7495474126960861e-06,1.7510241550817024e-06,-1.4767423856162204e-09,0.4716030904975249,5.5474929889753814e-09,1.3752511554618386e-08,-0.23401224412311813,"{""D"": 5.5474929889753814e-09, ""cp"": 3333.5422515821792, ""k"": 0.4716030904975249, ""rho"": 932.8215341464057}","{""D"": 5.667364197236975e-09, ""cp"": 3415.295774647884, ""k"": 0.4829577464788728, ""rho"": 976.3999999999983}","[[1.9096017216941766e-06, 0.00010278845411549921], [6.929679527649613e-10, 8.498409244302465e-08], [9.95816495102563e-14, 3.519885907797878e-11]]"
150.0,bdf2,29.438000000000002,0.020765,3,9.392342174973603e-14,3.517308448854435e-11,5.88897819397971e-11,6.217248937900877e-14,-29.823349400302913,-29.832214808295987,0.008865407993074115,1.749341024226965e-06,1.7508161652441226e-06,-1.4751410171575393e-09,0.47159357129624135,5.547496458575154e-09,1.3750878006253207e-08,-0.23430166706798164,"{""D"": 5.547496458575154e-09, ""cp"": 3333.473713332938, ""k"": 0.47159357129624135, ""rho"": 932.7885064390596}","{""D"": 5.667437790545227e-09, ""cp"": 3415.295774647884, ""k"": 0.4829577464788728, ""rho"": 976.3999999999983}","[[1.9103587151385985e-06, 0.00010268817705459596], [6.93256885788552e-10, 8.491008784972154e-08], [9.392342174973603e-14, 3.517308448854435e-11]]"
150.25,bdf2,29.44005,0.020766958333333335,3,7.449735072968757e-14,3.51497480359483e-11,3.051354724448174e-10,1.865174681370263e-14,-29.86019314443479,-29.869059527864295,0.008866383429506186,1.7491348385524987e-06,1.7506083821973908e-06,-1.473543644892095e-09,0.47158406010258924,5.547500083200514e-09,1.3749246082054484e-08,-0.2345910449635267,"{""D"": 5.547500083200514e-09, ""cp"": 3333.4052327386426, ""k"": 0.47158406010258924, ""rho"": 932.7555118182493}","{""D"": 5.667511417471417e-09, ""cp"": 3415.295774647884, ""k"": 0.4829577464788728, ""rho"": 976.3999999999983}","[[1.9111186901590546e-06, 0.00010258814432722214], [6.935341239229617e-10, 8.48362626336287e-08], [7.449735072968757e-14, 3.51497480359483e-11]]"
150.5,bdf2,29.4421,0.020768916666666668,3,1.0731369998238947e-13,3.512223192020072e-11,3.632294465205632e-10,2.6645352591003757e-14,-29.897031098001538,-29.905898469276337,0.008867371274799751,1.7489288551727795e-06,1.75040080542877e-06,-1.4719502559905145e-09,0.47157455689714245,5.547503862815295e-09,1.3747615777871327e-08,-0.23488037723689636,"{""D"": 5.547503862815295e-09, ""cp"": 3333.3368096594254, ""k"": 0.47157455689714245, ""rho"": 932.7225502019365}","{""D"": 5.667585078073414e-09, ""cp"": 3415.2957746478846, ""k"": 0.4829577464788729, ""rho"": 976.3999999999983}","[[1.911881581286784e-06, 0.0001024883549321743], [6.938064568515964e-10, 8.476261191847243e-08], [1.0731369998238947e-13, 3.512223192020072e-11]]"
150.75,bdf2,29.44415,0.020770875,3,8.581307569043478e-14,3.510063699391781e-11,1.23463905765675e-10,7.993605777301127e-15,-29.93386322765467,-29.942731611174622,0.008868383519953227,1.7487230735963131e-06,1.750193434427632e-06,-1.470360831318959e-09,0.4715650616605547,5.547507797374904e-09,1.3745987089848299e-08,-0.23516966403245432,"{""D"": 5.547507797374904e-09, ""cp"": 3333.2684439559935, ""k"": 0.4715650616605547, ""rho"": 932.6896215084212}","{""D"": 5.667658772409908e-09, ""cp"": 3415.2957746478846, ""k"": 0.4829577464788729, ""rho"": 976.3999999999984}","[[1.912647310040105e-06, 0.00010238880787521505], [6.941255610455138e-10, 8.468913709747376e-08], [8.581307569043478e-14, 3.510063699391781e-11]]"
151.0,bdf2,29.4462,0.020772833333333334,3,7.940051805280211e-14,3.5071553504488414e-11,3.367404133314267e-10,6.217248937900877e-15,-29.970689500046923,-29.97955893241766,0.008869432370737229,1.7485174933297473e-06,1.7499862686854685e-06,-1.468775355721256e-09,0.4715555743735599,5.547511886833747e-09,1.3744360013954414e-08,-0.23545890531545002,"{""D"": 5.547511886833747e-09, ""cp"": 3333.200135489631, ""k"": 0.4715555743735599, ""rho"": 932.6567256563417}","{""D"": 5.6677325005403365e-09, ""cp"": 3415.2957746478846, ""k"": 0.4829577464788728, ""rho"": 976.3999999999984}","[[1.9134158822421205e-06, 0.0001022895021669833], [6.943875177408604e-10, 8.461584095707483e-08], [7.940051805280211e-14, 3.5071553504488414e-11]]"
151.25,bdf2,29.44825,0.020774791666666667,3,9.41111226581486e-14,3.5046997983473174e-11,1.1641532182693481e-10,2.9753977059954195e-14,-30.007509950453834,-30.01638041189949,0.00887046144565673,1.748312113883902e-06,1.7497793076958604e-06,-1.4671938119583795e-09,0.47154609501697076,5.547516131146921e-09,1.3742734546143871e-08,-0.23574810035685206,"{""D"": 5.547516131146921e-09, ""cp"": 3333.131884122189, ""k"": 0.47154609501697076, ""rho"": 932.6238625646711}","{""D"": 5.66780626252493e-09, ""cp"": 3415.2957746478846, ""k"": 0.4829577464788728, ""rho"": 976.3999999999984}","[[1.914187202438214e-06, 0.0001021904368245616], [6.946771970131389e-10, 8.454271496379673e-08], [9.41111226581486e-14, 3.5046997983473174e-11]]"
151.5,bdf2,29.450300000000002,0.02077675,3,9.147055521280562e-14,3.502087508877611e-11,1.737134880386293e-10,6.572520305780927e-14,-30.044324494061183,-30.053196029541596,0.008871535480412973,1.7481069347700686e-06,1.7495725509544711e-06,-1.4656161844025713e-09,0.4715366235716789,5.547520530260822e-09,1.3741110682503076e-08,-0.23603724958715125,"{""D"": 5.547520530260822e-09, ""cp"": 3333.0636897160884, ""k"": 0.4715366235716789, ""rho"": 932.5910321527153}","{""D"": 5.667880058424529e-09, ""cp"": 3415.2957746478846, ""k"": 0.4829577464788729, ""rho"": 976.3999999999984}","[[1.91496120742487e-06, 0.00010209161087095367], [6.949593306720363e-10, 8.44697641680657e-08], [9.147055521280562e-14, 3.502087508877611e-11]]"
151.75,bdf2,29.45235,0.020778708333333333,3,7.336490265395199e-14,3.499388143092248e-11,1.333546606474556e-10,4.574118861455645e-14,-30.081133148988393,-30.09000576518588,0.008872616197486138,1.74790195550169e-06,1.749365997959035e-06,-1.4640424573449703e-09,0.47152716001865425,5.547525084123655e-09,1.3739488419068495e-08,-0.2363263527536977,"{""D"": 5.547525084123655e-09, ""cp"": 3332.99555213431, ""k"": 0.47152716001865425, ""rho"": 932.5582343401122}","{""D"": 5.66795388830074e-09, ""cp"": 3415.2957746478846, ""k"": 0.4829577464788729, ""rho"": 976.3999999999984}","[[1.9157378843550596e-06, 0.00010199302333386541], [6.952559848088124e-10, 8.439699031140812e-08], [7.336490265395199e-14, 3.499388143092248e-11]]"
152.0,bdf2,29.4544,0.020780666666666666,3,6.808400792086004e-14,3.497367972569008e-11,2.0293100533308461e-10,1.8207657603852567e-14,-30.11793588188883,-30.126809599244098,0.008873717355267985,1.7476971755948183e-06,1.7491596482093519e-06,-1.4624726145335553e-09,0.47151770433894435,5.5475297926792325e-09,1.3737867751900607e-08,-0.23661540939337683,"{""D"": 5.5475297926792325e-09, ""cp"": 3332.9274712403994, ""k"": 0.47151770433894435, ""rho"": 932.5254690468296}","{""D"": 5.668027752215664e-09, ""cp"": 3415.2957746478846, ""k"": 0.4829577464788729, ""rho"": 976.3999999999984}","[[1.9165171741753007e-06, 0.00010189467324744629], [6.955220843294875e-10, 8.432437980991868e-08], [6.808400792086004e-14, 3.497367972569008e-11]]"
152.25,bdf2,29.45645,0.020782625,3,8.222872719814731e-14,3.49472085257304e-11,2.1668711269740015e-10,3.197442310920451e-14,-30.154732693725144,-30.163607512261592,0.008874818536448004,1.7474925945678103e-06,1.7489535012072684e-06,-1.4609066394581719e-09,0.4715082565136749,5.547534655871116e-09,1.373624867711945e-08,-0.2369044195484282,"{""D"": 5.547534655871116e-09, ""cp"": 3332.8594468984593, ""k"": 0.4715082565136749, ""rho"": 932.492736193163}","{""D"": 5.668101650232114e-09, ""cp"": 3415.2957746478846, ""k"": 0.4829577464788729, ""rho"": 976.3999999999984}","[[1.917299015192323e-06, 0.00010179655965141871], [6.957949718110188e-10, 8.425194764072371e-08], [8.222872719814731e-14, 3.49472085257304e-11]]"
152.5,bdf2,29.4585,0.020784583333333335,3,9.411022050517216e-14,3.491916995208888e-11,2.3180746211437508e-10,3.1530333899354446e-14,-30.19152355115105,-30.200399485288187,0.008875934137137165,1.7472882119402433e-06,1.7487475564566704e-06,-1.4593445164271111e-09,0.471498816524048,5.547539673639119e-09,1.3734631190832839e-08,-0.23719338287966862,"{""D"": 5.547539673639119e-09, ""cp"": 3332.791478973145, ""k"": 0.471498816524048, ""rho"": 932.4600356997339}","{""D"": 5.668175582413371e-09, ""cp"": 3415.2957746478846, ""k"": 0.4829577464788729, ""rho"": 976.3999999999984}","[[1.9180833308141573e-06, 0.00010169868159038133], [6.96105954419563e-10, 8.417968143898639e-08], [9.411022050517216e-14, 3.491916995208888e-11]]"
152.75,bdf2,29.46055,0.02078654166666667,3,8.78863298038497e-14,3.489687841528071e-11,6.195932655828074e-11,3.863576125695545e-14,-30.228308420821413,-30.237185500024566,0.008877079203152505,1.7470840272324728e-06,1.748541813463455e-06,-1.457786230982156e-09,0.471489384351342,5.547544845917885e-09,1.3733015289149324e-08,-0.2374822995679758,"{""D"": 5.547544845917885e-09, ""cp"": 3332.723567329662, ""k"": 0.471489384351342, ""rho"": 932.4273674874862}","{""D"": 5.668249548823255e-09, ""cp"": 3415.2957746478846, ""k"": 0.4829577464788729, ""rho"": 976.3999999999985}","[[1.9188701266777862e-06, 0.00010160103811572479], [6.96378838634594e-10, 8.410759095725407e-08], [8.78863298038497e-14, 3.489687841528071e-11]]"
153.0,bdf2,29.462600000000002,0.0207885,3,9.82589911953801e-14,3.487058136795233e-11,2.0042989490320906e-10,1.021405182655144e-14,-30.265087312274883,-30.273965538050618,0.00887822577573516,1.7468800399702795e-06,1.748336271735556e-06,-1.4562317652765339e-09,0.4714799599769124,5.547550172644196e-09,1.3731400968198088e-08,-0.2377711690992447,"{""D"": 5.547550172644196e-09, ""cp"": 3332.6557118337687, ""k"": 0.4714799599769124, ""rho"": 932.394731477689}","{""D"": 5.668323549526182e-09, ""cp"": 3415.295774647885, ""k"": 0.4829577464788729, ""rho"": 976.3999999999985}","[[1.919659331661499e-06, 0.00010150362828267101], [6.966660546147417e-10, 8.403566818450567e-08], [9.82589911953801e-14, 3.487058136795233e-11]]"
153.25,bdf2,29.46465,0.020790458333333334,3,7.75131819516455e-14,3.484637415219972e-11,4.865796654485166e-11,4.440892098500626e-15,-30.301860175013505,-30.310739581705093,0.008879406691587377,1.746676249677542e-06,1.7481309307828922e-06,-1.454681105350295e-09,0.4714705433821895,5.547555653748672e-09,1.372978822411602e-08,-0.23805999193474786,"{""D"": 5.547555653748672e-09, ""cp"": 3332.5879123517648, ""k"": 0.4714705433821895, ""rho"": 932.3621275919295}","{""D"": 5.668397584586971e-09, ""cp"": 3415.295774647885, ""k"": 0.4829577464788729, ""rho"": 976.3999999999985}","[[1.9204509038764898e-06, 0.00010140645115253736], [6.969564750786538e-10, 8.396391190167284e-08], [7.75131819516455e-14, 3.484637415219972e-11]]"
153.5,bdf2,29.4667,0.020792416666666667,3,9.128055464789518e-14,3.4818858036452146e-11,1.3653789210366085e-10,3.9968028886505635e-14,-30.338627027151208,-30.347507613214475,0.008880586063266804,1.7464726558819484e-06,1.747925790117378e-06,-1.453134235429568e-09,0.47146113454867933,5.547561289163932e-09,1.3728177053073356e-08,-0.2383487674800967,"{""D"": 5.547561289163932e-09, ""cp"": 3332.5201687504914, ""k"": 0.47146113454867933, ""rho"": 932.3295557521138}","{""D"": 5.6684716540708425e-09, ""cp"": 3415.295774647885, ""k"": 0.4829577464788729, ""rho"": 976.3999999999985}","[[1.9212448191624575e-06, 0.00010130950579308477], [6.972235079431617e-10, 8.389232628841866e-08], [9.128055464789518e-14, 3.4818858036452146e-11]]"
153.75,bdf2,29.46875,0.020794375,3,9.203476243792169e-14,3.4795173278593484e-11,2.2964741219766438e-10,7.238654120556021e-14,-30.37538782676706,-30.384269615503,0.008881788735941143,1.7462692581126253e-06,1.7477208492529058e-06,-1.4515911402804656e-09,0.47145173345796243,5.547567078816996e-09,1.372656745131803e-08,-0.2386374955183415,"{""D"": 5.547567078816996e-09, ""cp"": 3332.452480897329, ""k"": 0.47145173345796243, ""rho"": 932.2970158804649}","{""D"": 5.6685457580434415e-09, ""cp"": 3415.2957746478846, ""k"": 0.4829577464788729, ""rho"": 976.3999999999985}","[[1.9220409958376234e-06, 0.00010121279127573143], [6.975037409308465e-10, 8.38209061201643e-08], [9.203476243792169e-14, 3.4795173278593484e-11]]"
154.0,bdf2,29.4708,0.020796333333333333,3,1.1749497276168456e-13,3.476939868915905e-11,6.8098415795248e-11,2.3092638912203256e-14,-30.41214259197277,-30.42102557140538,0.008882979432609517,1.7460660559016502e-06,1.7475161077053445e-06,-1.450051803694377e-09,0.47144234009169406,5.547573022636715e-09,1.3724959414964835e-08,-0.23892617590525167,"{""D"": 5.547573022636715e-09, ""cp"": 3332.3848486601973, ""k"": 0.47144234009169406, ""rho"": 932.2645078995217}","{""D"": 5.668619896570852e-09, ""cp"": 3415.2957746478846, ""k"": 0.4829577464788729, ""rho"": 976.3999999999985}","[[1.922839428790607e-06, 0.00010111630667781677], [6.977764284625229e-10, 8.374965679564121e-08], [1.1749497276168456e-13, 3.476939868915905e-11]]"
154.25,bdf2,29.47285,0.020798291666666666,3,7.543803959012652e-14,3.4749719441820593e-11,1.4483703125733882e-10,2.2648549702353193e-14,-30.448891255120657,-30.457775464826398,0.008884209705740886,1.745863048780647e-06,1.7473115649925058e-06,-1.4485162118587358e-09,0.47143295443160316,5.5475791205427775e-09,1.3723352940225757e-08,-0.23921480916871535,"{""D"": 5.5475791205427775e-09, ""cp"": 3332.317271907543, ""k"": 0.47143295443160316, ""rho"": 932.2320317321343}","{""D"": 5.668694069719517e-09, ""cp"": 3415.2957746478846, ""k"": 0.4829577464788729, ""rho"": 976.3999999999985}","[[1.9236400270994206e-06, 0.00010102005108190458], [6.980826843110972e-10, 8.367856751738633e-08], [7.543803959012652e-14, 3.4749719441820593e-11]]"
154.5,bdf2,29.4749,0.02080025,3,9.5051746895166e-14,3.472098425765382e-11,8.662937034387141e-11,2.220446049250313e-14,-30.485633825746273,-30.494519278944665,0.008885453198391957,1.7456602362860744e-06,1.7471072206341678e-06,-1.4469843480933458e-09,0.47142357645949273,5.547585372462692e-09,1.3721748023441918e-08,-0.23950339422621159,"{""D"": 5.547585372462692e-09, ""cp"": 3332.2497505083484, ""k"": 0.47142357645949273, ""rho"": 932.1995873014669}","{""D"": 5.668768277556208e-09, ""cp"": 3415.295774647885, ""k"": 0.4829577464788729, ""rho"": 976.3999999999985}","[[1.9244428233723474e-06, 0.00010092402357630592], [6.983570659072129e-10, 8.360764768964167e-08], [9.5051746895166e-14, 3.472098425765382e-11]]"
154.75,bdf2,29.476950000000002,0.020802208333333332,3,7.97754196435339e-14,3.469834441558304e-11,2.651177055668086e-10,1.2434497875801753e-14,-30.522370287657054,-30.531256998173717,0.008886710516662788,1.7454576179534285e-06,1.7469030741520281e-06,-1.4454561985996168e-09,0.4714142061572387,5.547591778313244e-09,1.3720144660709465e-08,-0.23979193181641462,"{""D"": 5.547591778313244e-09, ""cp"": 3332.182284332119, ""k"": 0.4714142061572387, ""rho"": 932.1671745309911}","{""D"": 5.668842520147992e-09, ""cp"": 3415.2957746478846, ""k"": 0.4829577464788729, ""rho"": 976.3999999999985}","[[1.9252477264995456e-06, 0.00010082822325385974], [6.98623336323738e-10, 8.353688912723364e-08], [7.97754196435339e-14, 3.469834441558304e-11]]"
155.0,bdf2,29.479,0.02080416666666667,3,9.071371847562973e-14,3.46737888945678e-11,2.894466888392344e-10,1.8207657603852567e-14,-30.559100641810495,-30.56798860651071,0.008887964700214468,1.7452551933221311e-06,1.7466991250697123e-06,-1.4439317475812314e-09,0.4714048435067896,5.547598338016115e-09,1.3718542848335967e-08,-0.24008042119807582,"{""D"": 5.547598338016115e-09, ""cp"": 3332.1148732488846, ""k"": 0.4714048435067896, ""rho"": 932.1347933444873}","{""D"": 5.668916797562275e-09, ""cp"": 3415.2957746478846, ""k"": 0.4829577464788728, ""rho"": 976.3999999999984}","[[1.926054700818706e-06, 0.00010073264921262958], [6.989112934589202e-10, 8.346629705474115e-08], [9.071371847562973e-14, 3.46737888945678e-11]]"
155.25,bdf2,29.48105,0.020806125,3,7.958651851832009e-14,3.465027828934045e-11,1.6825651982799172e-11,3.730349362740526e-14,-30.595824854862766,-30.604714088680396,0.008889233817630071,1.745052961932153e-06,1.7464953729127624e-06,-1.4424109806094067e-09,0.4713954884901663,5.547605051487044e-09,1.3716942582673749e-08,-0.2403688623219565,"{""D"": 5.547605051487044e-09, ""cp"": 3332.0475171291973, ""k"": 0.4713954884901663, ""rho"": 932.1024436660421}","{""D"": 5.6689911098667524e-09, ""cp"": 3415.2957746478846, ""k"": 0.4829577464788728, ""rho"": 976.3999999999984}","[[1.9268637165140624e-06, 0.00010063730055590348], [6.992024550079666e-10, 8.339586903402734e-08], [7.958651851832009e-14, 3.465027828934045e-11]]"
155.5,bdf2,29.4831,0.020808083333333335,3,9.109055525375325e-14,3.462223971569893e-11,2.871729520848021e-10,1.2878587085651816e-14,-30.632542910620828,-30.641433429444476,0.008890518823648108,1.7448509233252522e-06,1.746291817208635e-06,-1.4408938833828385e-09,0.47138614108946253,5.547611918642365e-09,1.3715343859895977e-08,-0.2406572553141605,"{""D"": 5.547611918642365e-09, ""cp"": 3331.9802158441303, ""k"": 0.47138614108946253, ""rho"": 932.0701254200483}","{""D"": 5.669065457129383e-09, ""cp"": 3415.2957746478846, ""k"": 0.4829577464788729, ""rho"": 976.3999999999985}","[[1.927674731511708e-06, 0.00010054217639167167], [6.994892772189696e-10, 8.33256043684817e-08], [9.109055525375325e-14, 3.462223971569893e-11]]"
155.75,bdf2,29.48515,0.020810041666666668,3,7.449420271548578e-14,3.460047063678471e-11,2.6147972675971687e-11,3.597122599785507e-14,-30.669254792891437,-30.678146614110346,0.008891821218909968,1.7446490770458326e-06,1.7460884574866554e-06,-1.4393804408228581e-09,0.47137680128684223,5.547618939394178e-09,1.3713746676318815e-08,-0.2409456000887229,"{""D"": 5.547618939394178e-09, ""cp"": 3331.912969265264, ""k"": 0.47137680128684223, ""rho"": 932.0378385311982}","{""D"": 5.669139839418314e-09, ""cp"": 3415.2957746478846, ""k"": 0.4829577464788729, ""rho"": 976.3999999999985}","[[1.9284877124133116e-06, 0.00010044727583349729], [6.997834528758642e-10, 8.325549748522002e-08], [7.449420271548578e-14, 3.460047063678471e-11]]"
156.0,bdf2,29.4872,0.020812,3,8.505524198127112e-14,3.457452189471897e-11,3.956301952712238e-11,5.0182080713057076e-14,-30.705960502630163,-30.71485362799251,0.008893125362348542,1.744447422640973e-06,1.7458852932780491e-06,-1.437870637076185e-09,0.4713674690645415,5.547626113655454e-09,1.3712151028377484e-08,-0.24123389629006253,"{""D"": 5.547626113655454e-09, ""cp"": 3331.845777264699, ""k"": 0.4713674690645415, ""rho"": 932.0055829244878}","{""D"": 5.669214256801929e-09, ""cp"": 3415.2957746478846, ""k"": 0.4829577464788728, ""rho"": 976.3999999999984}","[[1.929302632044466e-06, 0.00010035259799964556], [7.000561272732398e-10, 8.318555813678969e-08], [8.505524198127112e-14, 3.457452189471897e-11]]"
156.25,bdf2,29.489250000000002,0.020813958333333334,3,9.693638573398706e-14,3.455205620527949e-11,7.389644451905042e-11,1.2434497875801753e-14,-30.742660006493868,-30.751554456661268,0.008894450167399981,1.7442459596565155e-06,1.7456823241159018e-06,-1.4363644593862913e-09,0.47135814440486645,5.547633441337626e-09,1.3710556912298919e-08,-0.2415221437850572,"{""D"": 5.547633441337626e-09, ""cp"": 3331.7786397150385, ""k"": 0.47135814440486645, ""rho"": 931.973358525211}","{""D"": 5.6692887093488445e-09, ""cp"": 3415.2957746478846, ""k"": 0.4829577464788728, ""rho"": 976.3999999999984}","[[1.9301194360737356e-06, 0.00010025814201325799], [7.003529398435749e-10, 8.311577848632228e-08], [9.693638573398706e-14, 3.455205620527949e-11]]"
156.5,bdf2,29.4913,0.020815916666666667,3,8.279181154900559e-14,3.452610746321374e-11,2.353317540837452e-10,4.707345624410664e-14,-30.77935329686303,-30.788249086383246,0.008895789520217079,1.744044687642885e-06,1.7454795495351782e-06,-1.4348618922931317e-09,0.47134882729019445,5.547640922346538e-09,1.3708964324526832e-08,-0.24181034286088351,"{""D"": 5.547640922346538e-09, ""cp"": 3331.7115564894, ""k"": 0.47134882729019445, ""rho"": 931.9411652589619}","{""D"": 5.669363197127927e-09, ""cp"": 3415.2957746478846, ""k"": 0.4829577464788729, ""rho"": 976.3999999999985}","[[1.9309381224099906e-06, 0.000100163907002004], [7.00611466550666e-10, 8.304615313508619e-08], [8.279181154900559e-14, 3.452610746321374e-11]]"
156.75,bdf2,29.49335,0.020817875,3,8.354601740279754e-14,3.450433838429952e-11,4.1177372622769326e-10,2.4424906541753444e-14,-30.8160403575433,-30.824937503109595,0.008897145566294284,1.7438436061509569e-06,1.7452769690726704e-06,-1.4333629217135128e-09,0.471339517702972,5.547648556591852e-09,1.3707373261256018e-08,-0.2420984931444303,"{""D"": 5.547648556591852e-09, ""cp"": 3331.644527461399, ""k"": 0.471339517702972, ""rho"": 931.9090030516272}","{""D"": 5.669437720208043e-09, ""cp"": 3415.2957746478846, ""k"": 0.4829577464788729, ""rho"": 976.3999999999985}","[[1.931758632762133e-06, 0.00010006989209947431], [7.0089073674188e-10, 8.29766946220709e-08], [8.354601740279754e-14, 3.450433838429952e-11]]"
157.0,bdf2,29.4954,0.020819833333333333,3,9.637005046753222e-14,3.447786718433983e-11,1.0231815394945443e-10,2.398081733190338e-14,-30.85272121520911,-30.861619693159525,0.008898477950413763,1.7436427147339833e-06,1.7450745822670309e-06,-1.4318675330475512e-09,0.47133021562571586,5.54765634398069e-09,1.370578371895192e-08,-0.24238659421409456,"{""D"": 5.54765634398069e-09, ""cp"": 3331.5775525051545, ""k"": 0.47133021562571586, ""rho"": 931.8768718293916}","{""D"": 5.669512278658375e-09, ""cp"": 3415.2957746478846, ""k"": 0.4829577464788729, ""rho"": 976.3999999999985}","[[1.932580932790441e-06, 9.997609644326506e-05], [7.011790576469918e-10, 8.290739249811855e-08], [9.637005046753222e-14, 3.447786718433983e-11]]"
157.25,bdf2,29.49745,0.02082179166666667,3,7.487052062388025e-14,3.4455575647531674e-11,9.85664883046411e-11,7.993605777301127e-15,-30.889395785074427,-30.898295643568474,0.008899858494046953,1.7434420129458044e-06,1.7448723886587316e-06,-1.4303757129271613e-09,0.47132092104101153,5.547664284414326e-09,1.370419569410375e-08,-0.2426746466001754,"{""D"": 5.547664284414326e-09, ""cp"": 3331.5106314952827, ""k"": 0.47132092104101153, ""rho"": 931.8447715187303}","{""D"": 5.669586872548168e-09, ""cp"": 3415.2957746478846, ""k"": 0.4829577464788728, ""rho"": 976.3999999999984}","[[1.933404985515276e-06, 9.988251917497796e-05], [7.014647365861673e-10, 8.283824920136596e-08], [7.487052062388025e-14, 3.4455575647531674e-11]]"
157.5,bdf2,29.4995,0.020823750000000002,3,9.01461954927847e-14,3.44292786002033e-11,4.75210981676355e-11,2.220446049250313e-14,-30.926064119533542,-30.934965340894394,0.008901221360851252,1.7432415003443198e-06,1.7446703877900772e-06,-1.4288874457574076e-09,0.4713116339315139,5.547672377799403e-09,1.3702609183017027e-08,-0.24296264963109104,"{""D"": 5.547672377799403e-09, ""cp"": 3331.4437643069004, ""k"": 0.4713116339315139, ""rho"": 931.8127020464124}","{""D"": 5.6696615019467655e-09, ""cp"": 3415.2957746478846, ""k"": 0.4829577464788728, ""rho"": 976.3999999999984}","[[1.934230796390202e-06, 9.978915944318076e-05], [7.017345722471244e-10, 8.27692607263026e-08], [9.01461954927847e-14, 3.44292786002033e-11]]"
157.75,bdf2,29.50155,0.020825708333333335,3,9.16547410079421e-14,3.4406290452869893e-11,1.8849277694243938e-10,7.105427357601002e-15,-30.96272615094938,-30.97162877251094,0.008902621561560409,1.7430411764861407e-06,1.744468579205164e-06,-1.4274027190231667e-09,0.4713023542799456,5.547680624035758e-09,1.3701024182086632e-08,-0.24325060352862585,"{""D"": 5.547680624035758e-09, ""cp"": 3331.3769508156083, ""k"": 0.4713023542799456, ""rho"": 931.7806633394929}","{""D"": 5.669736166923744e-09, ""cp"": 3415.295774647884, ""k"": 0.4829577464788728, ""rho"": 976.3999999999983}","[[1.9350582695959707e-06, 9.969601639940183e-05], [7.020266599003658e-10, 8.270043299411793e-08], [9.16547410079421e-14, 3.4406290452869893e-11]]"
158.0,bdf2,29.503600000000002,0.020827666666666668,3,8.128213348341762e-14,3.438434722132437e-11,2.637534635141492e-11,3.8191672047105385e-14,-30.999381914566015,-31.0082859258344,0.008904011268384693,1.742841040932772e-06,1.7442669624499007e-06,-1.425921517128656e-09,0.4712930820690978,5.547689023023722e-09,1.3699440687811668e-08,-0.2435385082104488,"{""D"": 5.547689023023722e-09, ""cp"": 3331.310190897504, ""k"": 0.4712930820690978, ""rho"": 931.7486553253175}","{""D"": 5.669810867548688e-09, ""cp"": 3415.295774647884, ""k"": 0.4829577464788728, ""rho"": 976.3999999999983}","[[1.935887432085886e-06, 9.960308919987175e-05], [7.023064875112237e-10, 8.263175973531726e-08], [8.128213348341762e-14, 3.438434722132437e-11]]"
158.25,bdf2,29.50565,0.020829625,3,1.056099920259827e-13,3.435822432662731e-11,5.13409759150818e-10,2.7533531010703882e-14,-31.036031359894032,-31.04493678823843,0.008905428344398558,1.742641093243813e-06,1.7440655370719944e-06,-1.4244438281813214e-09,0.47128381728182955,5.5476975746648945e-09,1.3697858696581111e-08,-0.2438263633109704,"{""D"": 5.5476975746648945e-09, ""cp"": 3331.243484429173, ""k"": 0.47128381728182955, ""rho"": 931.7166779315191}","{""D"": 5.669885603891293e-09, ""cp"": 3415.295774647884, ""k"": 0.4829577464788728, ""rho"": 976.3999999999982}","[[1.9367182410351443e-06, 9.951037700621966e-05], [7.025759410417968e-10, 8.256324356219003e-08], [1.056099920259827e-13, 3.435822432662731e-11]]"
158.5,bdf2,29.5077,0.020831583333333334,3,7.958451830715979e-14,3.433628109508178e-11,5.843503458891064e-11,3.108624468950438e-14,-31.072674513601402,-31.08158134789818,0.008906834296777077,1.7424413329846627e-06,1.7438643026209127e-06,-1.4229696362499553e-09,0.4712745599010667,5.547706278854197e-09,1.3696278204908303e-08,-0.24411416909642322,"{""D"": 5.547706278854197e-09, ""cp"": 3331.17683128768, ""k"": 0.4712745599010667, ""rho"": 931.6847310860128}","{""D"": 5.669960376021292e-09, ""cp"": 3415.295774647884, ""k"": 0.4829577464788728, ""rho"": 976.3999999999982}","[[1.9375506324973345e-06, 9.941787898442862e-05], [7.028776416432872e-10, 8.249488133998888e-08], [7.958451830715979e-14, 3.433628109508178e-11]]"
158.75,bdf2,29.50975,0.020833541666666667,3,9.580297844734423e-14,3.4311377268803916e-11,2.4442670110147446e-10,3.197442310920451e-14,-31.10931133377188,-31.118219592634944,0.008908258863062457,1.7422417597181446e-06,1.7436632586479131e-06,-1.4214989297685347e-09,0.47126530990980253,5.5477151354907355e-09,1.369469920927432e-08,-0.24440192516514891,"{""D"": 5.5477151354907355e-09, ""cp"": 3331.110231350579, ""k"": 0.47126530990980253, ""rho"": 931.6528147169995}","{""D"": 5.67003518400853e-09, ""cp"": 3415.295774647884, ""k"": 0.4829577464788728, ""rho"": 976.3999999999982}","[[1.9383846211680017e-06, 9.932559430466138e-05], [7.031512407934773e-10, 8.242667446193485e-08], [9.580297844734423e-14, 3.4311377268803916e-11]]"
159.0,bdf2,29.5118,0.0208355,3,8.128150316782322e-14,3.4287518358313924e-11,1.709850039333105e-10,1.9095836023552692e-14,-31.14594181278078,-31.15485151082993,0.008909698049148318,1.7420423730136134e-06,1.7434624047060033e-06,-1.4200316923899589e-09,0.4712560672910967,5.547724144469216e-09,1.3693121706073932e-08,-0.24468963157886545,"{""D"": 5.547724144469216e-09, ""cp"": 3331.0436844958967, ""k"": 0.4712560672910967, ""rho"": 931.6209287529605}","{""D"": 5.670110027922878e-09, ""cp"": 3415.295774647884, ""k"": 0.4829577464788728, ""rho"": 976.3999999999983}","[[1.939220181196093e-06, 9.923352214282765e-05], [7.034212551166892e-10, 8.23586227538753e-08], [8.128150316782322e-14, 3.4287518358313924e-11]]"
159.25,bdf2,29.51385,0.020837458333333333,3,9.863142379253134e-14,3.4262962837298677e-11,2.2737367544323206e-10,2.3092638912203256e-14,-31.182565943002633,-31.191477090858655,0.008911147856021984,1.7418431724375856e-06,1.743261740349944e-06,-1.4185679123584693e-09,0.47124683202807505,5.547733305685236e-09,1.3691545691937722e-08,-0.24497728815523967,"{""D"": 5.547733305685236e-09, ""cp"": 3330.9771906021406, ""k"": 0.47124683202807505, ""rho"": 931.5890731226577}","{""D"": 5.67018490783432e-09, ""cp"": 3415.295774647884, ""k"": 0.4829577464788728, ""rho"": 976.3999999999983}","[[1.9400572109187367e-06, 9.914166167710119e-05], [7.037274766596362e-10, 8.229072447428395e-08], [9.863142379253134e-14, 3.4262962837298677e-11]]"
159.5,bdf2,29.515900000000002,0.020839416666666666,3,9.655677042516905e-14,3.423945223207132e-11,1.9804247131105512e-10,1.1102230246251565e-14,-31.219183725383264,-31.228096321567023,0.008912596183758836,1.7416441575602233e-06,1.7430612651362413e-06,-1.4171075760179892e-09,0.47123760410392945,5.547742619030831e-09,1.368997116321781e-08,-0.24526489486116412,"{""D"": 5.547742619030831e-09, ""cp"": 3330.9107495482926, ""k"": 0.47123760410392945, ""rho"": 931.5572477551319}","{""D"": 5.670259823812738e-09, ""cp"": 3415.295774647884, ""k"": 0.4829577464788728, ""rho"": 976.3999999999983}","[[1.9408957899060154e-06, 9.905001209279601e-05], [7.039791946499431e-10, 8.222297857824501e-08], [9.655677042516905e-14, 3.423945223207132e-11]]"
159.75,bdf2,29.51795,0.020841375000000002,3,8.410983585891012e-14,3.421628993210659e-11,4.331468517193571e-11,4.04121180963557e-14,-31.25579512657933,-31.26470919194304,0.008914065363711643,1.7414453279539393e-06,1.7428609786231333e-06,-1.4156506691940573e-09,0.4712283835019174,5.547752084397537e-09,1.3688398116639363e-08,-0.2455524518281351,"{""D"": 5.547752084397537e-09, ""cp"": 3330.8443612138053, ""k"": 0.4712283835019174, ""rho"": 931.5254525797013}","{""D"": 5.6703347759281794e-09, ""cp"": 3415.2957746478846, ""k"": 0.4829577464788729, ""rho"": 976.3999999999983}","[[1.9417357980141772e-06, 9.895857257749004e-05], [7.042686284835461e-10, 8.215538523991109e-08], [8.410983585891012e-14, 3.421628993210659e-11]]"
160.0,bdf2,29.52,0.020843333333333335,3,9.749932877995566e-14,3.419173441109134e-11,3.524291969370097e-11,7.016609515630989e-14,-31.29240014753573,-31.30131569083403,0.008915543298300577,1.7412466831918523e-06,1.7426608803705797e-06,-1.4141971787273816e-09,0.4712191702053612,5.547761701679043e-09,1.3686826548677018e-08,-0.24583995847077075,"{""D"": 5.547761701679043e-09, ""cp"": 3330.7780254786003, ""k"": 0.4712191702053612, ""rho"": 931.4936875259594}","{""D"": 5.6704097642505886e-09, ""cp"": 3415.2957746478846, ""k"": 0.4829577464788728, ""rho"": 976.3999999999984}","[[1.942577267666779e-06, 9.886734232398585e-05], [7.045458024609118e-10, 8.208794149868744e-08], [9.749932877995566e-14, 3.419173441109134e-11]]"
160.25,bdf2,29.52205,0.020845291666666668,3,7.50573644355294e-14,3.417205516375289e-11,1.3278622645884752e-10,5.861977570020827e-14,-31.328998789195882,-31.337915807715433,0.008917018519550624,1.7410482228486789e-06,1.7424609699402509e-06,-1.4127470915719606e-09,0.47120996419764805,5.5477714707639616e-09,1.368525645583964e-08,-0.2461274151849674,"{""D"": 5.5477714707639616e-09, ""cp"": 3330.711742223066, ""k"": 0.47120996419764805, ""rho"": 931.4619525237736}","{""D"": 5.670484788849981e-09, ""cp"": 3415.2957746478846, ""k"": 0.4829577464788729, ""rho"": 976.3999999999984}","[[1.943420156041273e-06, 9.877632053083307e-05], [7.048318383221759e-10, 8.202064927025308e-08], [7.50573644355294e-14, 3.417205516375289e-11]]"
160.5,bdf2,29.5241,0.02084725,3,8.712672091575499e-14,3.4146977184843705e-11,5.4001247917767614e-11,1.0080825063596421e-13,-31.365591026787538,-31.374509531850947,0.008918505063409299,1.7408499465000633e-06,1.742261246895536e-06,-1.4113003954727098e-09,0.4712007654622301,5.5477813915437525e-09,1.3683687834660398e-08,-0.24641482158103872,"{""D"": 5.5477813915437525e-09, ""cp"": 3330.645511328057, ""k"": 0.4712007654622301, ""rho"": 931.4302475032857}","{""D"": 5.670559849796302e-09, ""cp"": 3415.2957746478846, ""k"": 0.4829577464788729, ""rho"": 976.3999999999985}","[[1.944264422012865e-06, 9.868550639797445e-05], [7.05125604498115e-10, 8.195350925121846e-08], [8.712672091575499e-14, 3.4146977184843705e-11]]"
160.75,bdf2,29.52615,0.020849208333333334,3,8.335483920213627e-14,3.412364073224767e-11,3.021796146640554e-10,2.3092638912203256e-14,-31.402176852681446,-31.411096853226184,0.008920000544737405,1.7406518537269079e-06,1.7420617108014997e-06,-1.4098570745918073e-09,0.471191573982623,5.547791463903891e-09,1.368212068186429e-08,-0.24670217782242726,"{""D"": 5.547791463903891e-09, ""cp"": 3330.5793326748862, ""k"": 0.471191573982623, ""rho"": 931.3985723949066}","{""D"": 5.670634947159552e-09, ""cp"": 3415.2957746478846, ""k"": 0.4829577464788728, ""rho"": 976.3999999999984}","[[1.9451100772608813e-06, 9.859489913231896e-05], [7.053701480879681e-10, 8.188652161573627e-08], [8.335483920213627e-14, 3.412364073224767e-11]]"
161.0,bdf2,29.528200000000002,0.020851166666666667,3,1.0221320113257293e-13,3.4097866142813224e-11,9.890754881780595e-11,6.128431095930864e-14,-31.438756250676544,-31.44767776141464,0.00892151073809444,1.7404539441076769e-06,1.7418623612249113e-06,-1.4084171172344808e-09,0.4711823897424068,5.547801687734536e-09,1.3680554993945621e-08,-0.24698948365657053,"{""D"": 5.547801687734536e-09, ""cp"": 3330.5132061453287, ""k"": 0.4711823897424068, ""rho"": 931.3669271293192}","{""D"": 5.670710081009599e-09, ""cp"": 3415.2957746478846, ""k"": 0.4829577464788729, ""rho"": 976.3999999999985}","[[1.9459570387951254e-06, 9.850449794391023e-05], [7.056640994590325e-10, 8.181968061676961e-08], [1.0221320113257293e-13, 3.4097866142813224e-11]]"
161.25,bdf2,29.530250000000002,0.020853125,3,1.0485319031658072e-13,3.407435553758586e-11,7.554490366601385e-11,7.682743330406083e-14,-31.47532921314252,-31.484252246470135,0.00892303332761557,1.7402562172228639e-06,1.7416631977342056e-06,-1.4069805113417341e-09,0.4711732127252243,5.547812062922158e-09,1.367899076756566e-08,-0.2472767388058444,"{""D"": 5.547812062922158e-09, ""cp"": 3330.447131621615, ""k"": 0.4711732127252243, ""rho"": 931.3353116374728}","{""D"": 5.670785251416396e-09, ""cp"": 3415.295774647885, ""k"": 0.4829577464788729, ""rho"": 976.3999999999985}","[[1.9468053330049445e-06, 9.841430204679744e-05], [7.059567289897717e-10, 8.17529893890659e-08], [1.0485319031658072e-13, 3.407435553758586e-11]]"
161.5,bdf2,29.5323,0.020855083333333333,3,1.0994476772012975e-13,3.405241230604034e-11,3.171862772433087e-11,5.46229728115577e-14,-31.51189574958982,-31.52082029870371,0.00892454911389251,1.740058672655646e-06,1.74146421989949e-06,-1.4055472438440606e-09,0.47116404291478187,5.54782258935162e-09,1.3677427999304632e-08,-0.2475639436122243,"{""D"": 5.54782258935162e-09, ""cp"": 3330.38110898643, ""k"": 0.47116404291478187, ""rho"": 931.3037258505851}","{""D"": 5.670860458449785e-09, ""cp"": 3415.2957746478846, ""k"": 0.4829577464788729, ""rho"": 976.3999999999985}","[[1.9476549293271808e-06, 9.832431066060269e-05], [7.062255951299037e-10, 8.168644201143566e-08], [1.0994476772012975e-13, 3.405241230604034e-11]]"
161.75,bdf2,29.53435,0.020857041666666666,3,8.844596149462497e-14,3.403064322712612e-11,2.135038812411949e-10,2.1760371282653068e-14,-31.548455826673823,-31.557381908673676,0.008926081999852897,1.7398613099927135e-06,1.7412654272925222e-06,-1.4041172998086928e-09,0.4711548802948481,5.547833266906271e-09,1.3675866685766422e-08,-0.24785109787242285,"{""D"": 5.547833266906271e-09, ""cp"": 3330.3151381229063, ""k"": 0.4711548802948481, ""rho"": 931.2721697001368}","{""D"": 5.670935702179595e-09, ""cp"": 3415.2957746478846, ""k"": 0.4829577464788729, ""rho"": 976.3999999999984}","[[1.9485057594822166e-06, 9.8234523007212e-05], [7.065351937924928e-10, 8.162004405676313e-08], [8.844596149462497e-14, 3.403064322712612e-11]]"
162.0,bdf2,29.5364,0.020859000000000003,3,7.373625481137564e-14,3.4008699995580594e-11,4.3291947804391384e-10,1.1546319456101628e-14,-31.585009453903258,-31.59393706678344,0.008927612880182068,1.7396641288183303e-06,1.7410668194867189e-06,-1.402690668388527e-09,0.47114572484925443,5.547844095471701e-09,1.3674306823731238e-08,-0.24813820143875867,"{""D"": 5.547844095471701e-09, ""cp"": 3330.2492189146315, ""k"": 0.47114572484925443, ""rho"": 931.240643117875}","{""D"": 5.671010982675605e-09, ""cp"": 3415.2957746478846, ""k"": 0.4829577464788729, ""rho"": 976.3999999999984}","[[1.9493578860679035e-06, 9.814493831408423e-05], [7.068100912289211e-10, 8.155379918225346e-08], [7.373625481137564e-14, 3.4008699995580594e-11]]"
162.25,bdf2,29.53845,0.020860958333333336,3,9.976062070782859e-14,3.398501523772192e-11,4.007461029686965e-11,5.551115123125783e-14,-31.62155659793349,-31.630485763706417,0.00892916577292624,1.739467128721789e-06,1.7408683960571437e-06,-1.40126733535468e-09,0.47113657656189445,5.547855074931787e-09,1.3672748409767362e-08,-0.24842525421072553,"{""D"": 5.547855074931787e-09, ""cp"": 3330.1833512456406, ""k"": 0.47113657656189445, ""rho"": 931.2091460358097}","{""D"": 5.671086300007499e-09, ""cp"": 3415.2957746478846, ""k"": 0.4829577464788728, ""rho"": 976.3999999999984}","[[1.9502112051627306e-06, 9.805555581233558e-05], [7.070844212367612e-10, 8.148769241078045e-08], [9.976062070782859e-14, 3.398501523772192e-11]]"
162.5,bdf2,29.5405,0.02086291666666667,3,9.108560634574787e-14,3.395924064828749e-11,1.141415850725025e-10,7.549516567451064e-15,-31.658097268271526,-31.667027990506824,0.00893072223529856,1.7392703092907061e-06,1.7406701565804802e-06,-1.3998472897740742e-09,0.4711274354167233,5.5478662051674906e-09,1.3671191440514896e-08,-0.2487122562618577,"{""D"": 5.5478662051674906e-09, ""cp"": 3330.1175350004078, ""k"": 0.4711274354167233, ""rho"": 931.1776783862101}","{""D"": 5.6711616542449124e-09, ""cp"": 3415.2957746478846, ""k"": 0.4829577464788728, ""rho"": 976.3999999999984}","[[1.9510657412708565e-06, 9.796637473743599e-05], [7.073572409025567e-10, 8.142174063514929e-08], [9.108560634574787e-14, 3.395924064828749e-11]]"
162.75,bdf2,29.542550000000002,0.020864875,3,8.278779111142545e-14,3.394130292726217e-11,1.5995738067431375e-10,1.9539925233402755e-14,-31.694631448712503,-31.70356373824461,0.008932289532108229,1.7390736701169503e-06,1.740472100635036e-06,-1.398430518085712e-09,0.4711183013977571,5.547877486060634e-09,1.3669635912789323e-08,-0.24899920729717545,"{""D"": 5.547877486060634e-09, ""cp"": 3330.051770063851, ""k"": 0.4711183013977571, ""rho"": 931.1462401016058}","{""D"": 5.671237045457376e-09, ""cp"": 3415.2957746478846, ""k"": 0.4829577464788728, ""rho"": 976.3999999999984}","[[1.9519214423319246e-06, 9.78773943285126e-05], [7.07646088421728e-10, 8.135592556933375e-08], [8.278779111142545e-14, 3.394130292726217e-11]]"
163.0,bdf2,29.5446,0.020866833333333334,3,7.637583121087912e-14,3.39176181694035e-11,6.116351869422942e-11,1.9095836023552692e-14,-31.731159148760764,-31.740092998002467,0.008933849241703484,1.7388772107941738e-06,1.740274227800744e-06,-1.397017006570201e-09,0.47110917448907386,5.5478889174935916e-09,1.3668081823186308e-08,-0.24928610740861684,"{""D"": 5.5478889174935916e-09, ""cp"": 3329.9860563213315, ""k"": 0.47110917448907386, ""rho"": 931.1148311147857}","{""D"": 5.6713124737144e-09, ""cp"": 3415.2957746478846, ""k"": 0.4829577464788728, ""rho"": 976.3999999999984}","[[1.952778323232559e-06, 9.778861382852396e-05], [7.079315397219776e-10, 8.129026236461267e-08], [7.637583121087912e-14, 3.39176181694035e-11]]"
163.25,bdf2,29.54665,0.020868791666666667,3,9.202798219688428e-14,3.389166942733775e-11,1.0265921446261927e-10,1.5987211554602254e-14,-31.767680335070587,-31.776615761265248,0.008935426194661034,1.738680930914344e-06,1.7400765376591384e-06,-1.3956067447944243e-09,0.471100054674812,5.547900499345749e-09,1.3666529168457411e-08,-0.24957295649590017,"{""D"": 5.547900499345749e-09, ""cp"": 3329.9203936586464, ""k"": 0.471100054674812, ""rho"": 931.0834513587954}","{""D"": 5.671387939085391e-09, ""cp"": 3415.2957746478846, ""k"": 0.4829577464788728, ""rho"": 976.3999999999984}","[[1.9536363347415326e-06, 9.770003248600143e-05], [7.081892677526214e-10, 8.122474126843873e-08], [9.202798219688428e-14, 3.389166942733775e-11]]"
163.5,bdf2,29.5487,0.02087075,3,7.467829855800862e-14,3.387007450105484e-11,5.697984306607395e-10,2.042810365310288e-14,-31.80419501714462,-31.81313201963576,0.008937002491137491,1.7384848300740849e-06,1.739879029793352e-06,-1.394199719267053e-09,0.4710909419391702,5.5479122314961554e-09,1.3664977945294427e-08,-0.24985975467741983,"{""D"": 5.5479122314961554e-09, ""cp"": 3329.854781962026, ""k"": 0.4710909419391702, ""rho"": 931.0521007669363}","{""D"": 5.671463441639579e-09, ""cp"": 3415.2957746478846, ""k"": 0.4829577464788729, ""rho"": 976.3999999999985}","[[1.954495435171345e-06, 9.761164955174037e-05], [7.085003627463728e-10, 8.115936106174356e-08], [7.467829855800862e-14, 3.387007450105484e-11]]"
163.75,bdf2,29.55075,0.020872708333333333,3,1.1107432275796985e-13,3.384604143793354e-11,1.687112671788782e-10,4.884981308350689e-15,-31.840703161637123,-31.849641764631542,0.008938602994419398,1.7382889078697654e-06,1.7396817037881034e-06,-1.392795918337996e-09,0.47108183626640765,5.54792411382542e-09,1.3663428150463476e-08,-0.2501465014047373,"{""D"": 5.54792411382542e-09, ""cp"": 3329.789221118135, ""k"": 0.47108183626640765, ""rho"": 931.0207792727633}","{""D"": 5.671538981446196e-09, ""cp"": 3415.2957746478846, ""k"": 0.4829577464788729, ""rho"": 976.3999999999985}","[[1.9553556665647303e-06, 9.752346428089003e-05], [7.087473383053363e-10, 8.109412731741133e-08], [1.1107432275796985e-13, 3.384604143793354e-11]]"
164.0,bdf2,29.5528,0.020874666666666666,3,8.35413050754203e-14,3.382705880112034e-11,6.957634468562901e-11,1.0658141036401503e-14,-31.87720479518724,-31.88614498833573,0.008940193148490039,1.738093163901089e-06,1.7394845592296942e-06,-1.3913953286052863e-09,0.4710727376408427,5.54793614620964e-09,1.3661879780764504e-08,-0.2504331970528769,"{""D"": 5.54793614620964e-09, ""cp"": 3329.7237110140677, ""k"": 0.4710727376408427, ""rho"": 930.9894868100844}","{""D"": 5.671614558574352e-09, ""cp"": 3415.2957746478846, ""k"": 0.4829577464788729, ""rho"": 976.3999999999985}","[[1.956216953478436e-06, 9.743547593312755e-05], [7.090482464001927e-10, 8.102903289518414e-08], [8.35413050754203e-14, 3.382705880112034e-11]]"
164.25,bdf2,29.554850000000002,0.020876625,3,1.0428499155782169e-13,3.380163251694854e-11,3.2878233469091356e-10,5.46229728115577e-14,-31.913699893017156,-31.9226416825785,0.008941789561344393,1.7378975977679976e-06,1.7392875957060013e-06,-1.3899979380037864e-09,0.4710636460468539,5.5479483285280104e-09,1.3660332832850718e-08,-0.2507198415254881,"{""D"": 5.5479483285280104e-09, ""cp"": 3329.658251537348, ""k"": 0.4710636460468539, ""rho"": 930.9582233129602}","{""D"": 5.671690173093072e-09, ""cp"": 3415.2957746478846, ""k"": 0.4829577464788728, ""rho"": 976.3999999999984}","[[1.9570793143828216e-06, 9.734768377178731e-05], [7.093059677785742e-10, 8.096408458701461e-08], [1.0428499155782169e-13, 3.380163251694854e-11]]"
164.5,bdf2,29.556900000000002,0.020878583333333336,3,7.88264757528132e-14,3.378073420119089e-11,4.0245140553452075e-11,8.215650382226158e-14,-31.95018843034964,-31.95913183962915,0.008943409279510206,1.7377022090709915e-06,1.7390908128064615e-06,-1.3886037354699756e-09,0.4710545614688785,5.547960660656393e-09,1.3658787303559651e-08,-0.25100643457233746,"{""D"": 5.547960660656393e-09, ""cp"": 3329.592842575925, ""k"": 0.4710545614688785, ""rho"": 930.9269887157005}","{""D"": 5.671765825071163e-09, ""cp"": 3415.2957746478846, ""k"": 0.4829577464788729, ""rho"": 976.3999999999984}","[[1.957942696276315e-06, 9.726008706386084e-05], [7.096097010731244e-10, 8.089927647171332e-08], [7.88264757528132e-14, 3.378073420119089e-11]]"
164.75,bdf2,29.55895,0.02088054166666667,3,7.826058214296788e-14,3.3757571901226165e-11,6.633626981056295e-11,2.2648549702353193e-14,-31.98667042525101,-31.99561545180387,0.00894502655286189,1.7375069974138543e-06,1.7388942101220693e-06,-1.387212708214927e-09,0.47104548389141254,5.547973142470946e-09,1.3657243189694163e-08,-0.2512929761572201,"{""D"": 5.547973142470946e-09, ""cp"": 3329.52748401817, ""k"": 0.47104548389141254, ""rho"": 930.8957829528645}","{""D"": 5.6718415145774265e-09, ""cp"": 3415.2957746478846, ""k"": 0.4829577464788729, ""rho"": 976.3999999999984}","[[1.958807107446152e-06, 9.717268507999697e-05], [7.098738308209482e-10, 8.083461063911179e-08], [7.826058214296788e-14, 3.3757571901226165e-11]]"
165.0,bdf2,29.561,0.020882500000000002,3,7.486600048853505e-14,3.3735976974943254e-11,5.297806637827307e-11,1.7319479184152442e-14,-32.02314586151113,-32.03209251135206,0.00894664984092941,1.7373119624008404e-06,1.7386977872453694e-06,-1.3858248445290452e-09,0.471036413299011,5.547985773849226e-09,1.3655700487998887e-08,-0.25157946627150113,"{""D"": 5.547985773849226e-09, ""cp"": 3329.4621757528794, ""k"": 0.471036413299011, ""rho"": 930.864605959259}","{""D"": 5.671917241680532e-09, ""cp"": 3415.2957746478846, ""k"": 0.4829577464788729, ""rho"": 976.3999999999984}","[[1.959672531098502e-06, 9.708547709502411e-05], [7.101517252084268e-10, 8.077008587014161e-08], [7.486600048853505e-14, 3.3735976974943254e-11]]"
165.25,bdf2,29.56305,0.020884458333333335,3,8.882069791623618e-14,3.370985408024619e-11,1.971329766092822e-10,6.306066779870889e-14,-32.05961474005635,-32.06856301088976,0.00894827083341454,1.7371171036393368e-06,1.7385015437704452e-06,-1.3844401311084073e-09,0.4710273496762871,5.547998554666069e-09,1.3654159195380382e-08,-0.2518659049473658,"{""D"": 5.547998554666069e-09, ""cp"": 3329.396917669267, ""k"": 0.4710273496762871, ""rho"": 930.8334576699378}","{""D"": 5.671993006448982e-09, ""cp"": 3415.2957746478846, ""k"": 0.4829577464788729, ""rho"": 976.3999999999984}","[[1.9605389178155417e-06, 9.699846238812457e-05], [7.104239605186255e-10, 8.070570059742912e-08], [8.882069791623618e-14, 3.370985408024619e-11]]"
165.5,bdf2,29.5651,0.020886416666666668,3,8.768905200090855e-14,3.3689478222382484e-11,1.3801582099404186e-10,5.0182080713057076e-14,-32.096077027539174,-32.105026943197856,0.008949915658682528,1.7369224207349473e-06,1.7383054792929055e-06,-1.3830585579582364e-09,0.4710182930079113,5.5480114847955375e-09,1.3652619308571817e-08,-0.2521522919110666,"{""D"": 5.5480114847955375e-09, ""cp"": 3329.3317096569617, ""k"": 0.4710182930079113, ""rho"": 930.8023380201982}","{""D"": 5.672068808951164e-09, ""cp"": 3415.2957746478846, ""k"": 0.4829577464788729, ""rho"": 976.3999999999984}","[[1.961406258535665e-06, 9.691164024109283e-05], [7.107103375371034e-10, 8.064145255699014e-08], [8.768905200090855e-14, 3.3689478222382484e-11]]"
165.75,bdf2,29.56715,0.020888375,3,9.542058755589494e-14,3.366736083820564e-11,8.753886504564434e-11,2.6201263381153694e-14,-32.13253274202097,-32.141484301085654,0.008951559064684034,1.736727913297375e-06,1.7381095934098844e-06,-1.3816801125094104e-09,0.47100924327861227,5.5480245641121105e-09,1.3651080824475755e-08,-0.252438627393567,"{""D"": 5.5480245641121105e-09, ""cp"": 3329.2665516060083, ""k"": 0.47100924327861227, ""rho"": 930.7712469455815}","{""D"": 5.672144649255319e-09, ""cp"": 3415.2957746478846, ""k"": 0.4829577464788729, ""rho"": 976.3999999999984}","[[1.9622745543805754e-06, 9.682500994059974e-05], [7.109814379743489e-10, 8.05773488890825e-08], [9.542058755589494e-14, 3.366736083820564e-11]]"
166.0,bdf2,29.569200000000002,0.020890333333333334,3,1.0107773614176831e-13,3.3644895148766166e-11,1.581383912707679e-10,4.707345624410664e-14,-32.16898188442492,-32.17793507751878,0.008953193093859113,1.7365335809369437e-06,1.7379138857200447e-06,-1.3803047831010386e-09,0.47100020047317614,5.548037792489598e-09,1.3649543739841432e-08,-0.25272491102956723,"{""D"": 5.548037792489598e-09, ""cp"": 3329.2014434068687, ""k"": 0.47100020047317614, ""rho"": 930.7401843818739}","{""D"": 5.672220527429593e-09, ""cp"": 3415.2957746478846, ""k"": 0.4829577464788728, ""rho"": 976.3999999999984}","[[1.9631437772424566e-06, 9.673857077627674e-05], [7.11256119705537e-10, 8.051337461657991e-08], [1.0107773614176831e-13, 3.3644895148766166e-11]]"
166.25,bdf2,29.57125,0.020892291666666667,3,1.0371762248781098e-13,3.3623648527745885e-11,5.2864379540551454e-11,2.708944180085382e-14,-32.2054244214023,-32.21437926557513,0.008954844172833987,1.7363394232670627e-06,1.7377183558235376e-06,-1.3789325564749377e-09,0.4709911645764455,5.5480511698014565e-09,1.3648008051615516e-08,-0.2530111430368728,"{""D"": 5.5480511698014565e-09, ""cp"": 3329.136384950408, ""k"": 0.4709911645764455, ""rho"": 930.7091502650994}","{""D"": 5.672296443541921e-09, ""cp"": 3415.2957746478846, ""k"": 0.4829577464788728, ""rho"": 976.3999999999984}","[[1.964013910516949e-06, 9.665232204123829e-05], [7.115368342156351e-10, 8.0449546458135e-08], [1.0371762248781098e-13, 3.3623648527745885e-11]]"
166.5,bdf2,29.5733,0.02089425,3,9.674006500447136e-14,3.3601531143569045e-11,4.865796654485166e-11,3.1530333899354446e-14,-32.24186034530801,-32.25081685850739,0.008956513199379401,1.7361454398985202e-06,1.7375230033220265e-06,-1.3775634235062336e-09,0.47098213557332025,5.548064695920243e-09,1.3646473756703836e-08,-0.2532973232037524,"{""D"": 5.548064695920243e-09, ""cp"": 3329.0713761279058, ""k"": 0.47098213557332025, ""rho"": 930.6781445315243}","{""D"": 5.672372397660109e-09, ""cp"": 3415.2957746478846, ""k"": 0.4829577464788729, ""rho"": 976.3999999999983}","[[1.9648849389198814e-06, 9.656651212485446e-05], [7.118222614278331e-10, 8.038584908831622e-08], [9.674006500447136e-14, 3.3601531143569045e-11]]"
166.75,bdf2,29.57535,0.020896208333333333,3,7.901365989833606e-14,3.357645316465987e-11,5.911715561524034e-11,1.5987211554602254e-14,-32.27828967419807,-32.28724784976578,0.00895817556770595,1.7359516304472978e-06,1.737327827818659e-06,-1.3761973713611066e-09,0.47097311344875603,5.548078370717351e-09,1.3644940851815603e-08,-0.25358345158513385,"{""D"": 5.548078370717351e-09, ""cp"": 3329.0064168310437, ""k"": 0.47097311344875603, ""rho"": 930.6471671176521}","{""D"": 5.67244838985186e-09, ""cp"": 3415.2957746478846, ""k"": 0.4829577464788729, ""rho"": 976.3999999999983}","[[1.9657568334011666e-06, 9.648179211345603e-05], [7.121163614248049e-10, 8.032229765840248e-08], [7.901365989833606e-14, 3.357645316465987e-11]]"
167.0,bdf2,29.5774,0.02089816666666667,3,7.807062253674443e-14,3.355781883310929e-11,5.877609510207549e-11,5.773159728050814e-15,-32.31471239185732,-32.32367223279766,0.00895984094034219,1.7357579945304494e-06,1.7371328289180687e-06,-1.3748343876193008e-09,0.4709640981877652,5.548092194064973e-09,1.3643409334068423e-08,-0.25386952810798374,"{""D"": 5.548092194064973e-09, ""cp"": 3328.941506951909, ""k"": 0.4709640981877652, ""rho"": 930.6162179602243}","{""D"": 5.672524420184727e-09, ""cp"": 3415.2957746478846, ""k"": 0.4829577464788729, ""rho"": 976.3999999999983}","[[1.966629626386768e-06, 9.639725559553948e-05], [7.123595440170049e-10, 8.025887440482537e-08], [7.807062253674443e-14, 3.355781883310929e-11]]"
167.25,bdf2,29.57945,0.020900125000000002,3,8.089910905359809e-14,3.353395992261932e-11,3.851710062008351e-10,2.220446049250313e-14,-32.35112848207056,-32.360090001039055,0.008961518968497728,1.7355645317637388e-06,1.7369380062263686e-06,-1.3734744626297228e-09,0.47095508977541567,5.548106165836076e-09,1.3641879200264913e-08,-0.25415555256961736,"{""D"": 5.548106165836076e-09, ""cp"": 3328.8766463829934, ""k"": 0.47095508977541567, ""rho"": 930.585296996219}","{""D"": 5.672600488726062e-09, ""cp"": 3415.295774647884, ""k"": 0.4829577464788728, ""rho"": 976.3999999999983}","[[1.9675032192423155e-06, 9.631290190531928e-05], [7.126649551107464e-10, 8.019559169242174e-08], [8.089910905359809e-14, 3.353395992261932e-11]]"
167.5,bdf2,29.581500000000002,0.020902083333333335,3,9.202491254286019e-14,3.351393237001824e-11,2.3646862246096134e-11,8.43769498715119e-15,-32.38753795432288,-32.39650114826986,0.008963193946982528,1.735371241767693e-06,1.7367433593511374e-06,-1.3721175834444152e-09,0.47094608819683115,5.548120285901144e-09,1.3640350447224262e-08,-0.25444152491187527,"{""D"": 5.548120285901144e-09, ""cp"": 3328.811835017184, ""k"": 0.47094608819683115, ""rho"": 930.5544041628486}","{""D"": 5.6726765955431096e-09, ""cp"": 3415.295774647884, ""k"": 0.4829577464788728, ""rho"": 976.3999999999983}","[[1.9683776453368944e-06, 9.622873038049296e-05], [7.129490553284812e-10, 8.013244046525476e-08], [9.202491254286019e-14, 3.351393237001824e-11]]"
167.75,bdf2,29.583550000000002,0.020904041666666668,3,8.88189516844204e-14,3.348763532268987e-11,1.9815615814877674e-10,1.3766765505351941e-14,-32.423940783830865,-32.43290566857269,0.008964884741821777,1.7351781241614311e-06,1.7365488879014186e-06,-1.3707637399874976e-09,0.47093709343719037,5.548134554128521e-09,1.363882307203724e-08,-0.25472744552522686,"{""D"": 5.548134554128521e-09, ""cp"": 3328.7470727477707, ""k"": 0.47093709343719037, ""rho"": 930.5235393975604}","{""D"": 5.672752740702954e-09, ""cp"": 3415.295774647884, ""k"": 0.4829577464788728, ""rho"": 976.3999999999982}","[[1.9692528907071094e-06, 9.614474036224111e-05], [7.132082618646626e-10, 8.006942821188757e-08], [8.88189516844204e-14, 3.348763532268987e-11]]"
168.0,bdf2,29.5856,0.020906,3,8.976165112283896e-14,3.3466040396406964e-11,1.2221335055073723e-11,2.4424906541753444e-14,-32.46033698007751,-32.46930355569333,0.008966575615822592,1.7349851785676674e-06,1.7363545914876982e-06,-1.3694129200307789e-09,0.4709281054817269,5.548148970390394e-09,1.3637297071618376e-08,-0.2550133138970106,"{""D"": 5.548148970390394e-09, ""cp"": 3328.682359468434, ""k"": 0.4709281054817269, ""rho"": 930.4927026380317}","{""D"": 5.672828924272499e-09, ""cp"": 3415.295774647884, ""k"": 0.4829577464788728, ""rho"": 976.3999999999982}","[[1.970128943464068e-06, 9.606093119470488e-05], [7.134806669944046e-10, 8.000655249418333e-08], [8.976165112283896e-14, 3.3466040396406964e-11]]"
168.25,bdf2,29.58765,0.020907958333333334,3,9.447583727553044e-14,3.344670945433114e-11,2.944489096989855e-10,2.708944180085382e-14,-32.49672653541123,-32.50569480358649,0.008968268175266303,1.7347924046095595e-06,1.7361604697219193e-06,-1.3680651123597545e-09,0.47091912431572946,5.548163534557734e-09,1.363577244278921e-08,-0.2552991298823881,"{""D"": 5.548163534557734e-09, ""cp"": 3328.617695073252, ""k"": 0.47091912431572946, ""rho"": 930.4618938221738}","{""D"": 5.672905146318468e-09, ""cp"": 3415.295774647884, ""k"": 0.4829577464788728, ""rho"": 976.3999999999982}","[[1.9710057826673157e-06, 9.597730222516028e-05], [7.137598591045114e-10, 7.994380286298414e-08], [9.447583727553044e-14, 3.344670945433114e-11]]"
168.5,bdf2,29.5897,0.020909916666666667,3,9.390992845217462e-14,3.3424766222785605e-11,2.071374183287844e-10,1.554312234475219e-14,-32.53310944217973,-32.54207940661615,0.008969964436424505,1.7345998019108858e-06,1.7359665222174595e-06,-1.366720306573707e-09,0.4709101499245407,5.548178246498337e-09,1.3634249182703352e-08,-0.2555848939463645,"{""D"": 5.548178246498337e-09, ""cp"": 3328.553079456693, ""k"": 0.4709101499245407, ""rho"": 930.4311128881268}","{""D"": 5.672981406907421e-09, ""cp"": 3415.295774647884, ""k"": 0.4829577464788728, ""rho"": 976.3999999999982}","[[1.9718833704049713e-06, 9.589385280523704e-05], [7.140384837615712e-10, 7.98811902899058e-08], [9.390992845217462e-14, 3.3424766222785605e-11]]"
168.75,bdf2,29.59175,0.020911875,3,9.598405471826336e-14,3.340125561755824e-11,1.3073986337985843e-10,2.5757174171303632e-14,-32.56948569273001,-32.578457359053914,0.008971666323901673,1.73440737009832e-06,1.7357727485891273e-06,-1.3653784908073988e-09,0.47090118229355793,5.5481931060815715e-09,1.363272728815724e-08,-0.2558706058534425,"{""D"": 5.5481931060815715e-09, ""cp"": 3328.488512513617, ""k"": 0.47090118229355793, ""rho"": 930.4003597742603}","{""D"": 5.673057706105782e-09, ""cp"": 3415.295774647884, ""k"": 0.4829577464788728, ""rho"": 976.3999999999983}","[[1.972761720623241e-06, 9.581058228882888e-05], [7.143069237048178e-10, 7.981871407833779e-08], [9.598405471826336e-14, 3.340125561755824e-11]]"
169.0,bdf2,29.5938,0.020913833333333333,3,1.0635540270992583e-13,3.337948653864402e-11,3.126388037344441e-11,2.2648549702353193e-14,-32.60585527940835,-32.614828655189854,0.008973375781501147,1.7342151087995148e-06,1.7355791484531505e-06,-1.364039653635626e-09,0.4708922214082316,5.54820811317732e-09,1.3631206756218139e-08,-0.25615626518441253,"{""D"": 5.54820811317732e-09, ""cp"": 3328.423994139267, ""k"": 0.4708922214082316, ""rho"": 930.3696344191708}","{""D"": 5.67313404397975e-09, ""cp"": 3415.295774647884, ""k"": 0.4829577464788728, ""rho"": 976.3999999999983}","[[1.9736407927705812e-06, 9.572749003313846e-05], [7.145976136196592e-10, 7.975636708802217e-08], [1.0635540270992583e-13, 3.337948653864402e-11]]"
169.25,bdf2,29.595850000000002,0.02091579166666667,3,9.202364185262566e-14,3.335841407025506e-11,1.5018031263025478e-10,9.325873406851315e-15,-32.64221818599471,-32.651193289788694,0.00897510379398625,1.734023017641775e-06,1.7353857214271768e-06,-1.3627037854017894e-09,0.47088326725406615,5.548223267651689e-09,1.362968758390478e-08,-0.2564418724267295,"{""D"": 5.548223267651689e-09, ""cp"": 3328.3595242292768, ""k"": 0.47088326725406615, ""rho"": 930.3389367616817}","{""D"": 5.673210420595417e-09, ""cp"": 3415.295774647884, ""k"": 0.4829577464788728, ""rho"": 976.3999999999983}","[[1.97452060795903e-06, 9.564457540024471e-05], [7.148594500801031e-10, 7.969415576260637e-08], [9.202364185262566e-14, 3.335841407025506e-11]]"
169.5,bdf2,29.5979,0.020917750000000002,3,9.390918664261102e-14,3.333525177029033e-11,1.3164935808163136e-10,6.661338147750939e-14,-32.67857444766192,-32.68755125721299,0.008976809551064946,1.7338310962554033e-06,1.7351924671302654e-06,-1.361370874862162e-09,0.47087431981661954,5.548238569375282e-09,1.3628169768206163e-08,-0.25672742716031977,"{""D"": 5.548238569375282e-09, ""cp"": 3328.295102679661, ""k"": 0.47087431981661954, ""rho"": 930.3082667408426}","{""D"": 5.673286836018682e-09, ""cp"": 3415.295774647884, ""k"": 0.4829577464788728, ""rho"": 976.3999999999983}","[[1.9754011188488323e-06, 9.556183775292309e-05], [7.151522107903955e-10, 7.963207122030619e-08], [9.390918664261102e-14, 3.333525177029033e-11]]"
169.75,bdf2,29.59995,0.020919708333333335,3,1.0428047699667818e-13,3.331435345453268e-11,1.9053914002142847e-10,1.4210854715202004e-14,-32.714924013925604,-32.72390255224451,0.008978538318906715,1.7336393442736747e-06,1.7349993851828705e-06,-1.3600409091958414e-09,0.47086537908150217,5.548254018215394e-09,1.3626653306139661e-08,-0.2570129295514063,"{""D"": 5.548254018215394e-09, ""cp"": 3328.230729386816, ""k"": 0.47086537908150217, ""rho"": 930.277624295926}","{""D"": 5.673363290315263e-09, ""cp"": 3415.295774647884, ""k"": 0.4829577464788728, ""rho"": 976.3999999999983}","[[1.976282328637772e-06, 9.547927645899963e-05], [7.154247924750319e-10, 7.957011955646369e-08], [1.0428047699667818e-13, 3.331435345453268e-11]]"
170.0,bdf2,29.602,0.02092166666666667,3,8.297164399034172e-14,3.329328098614371e-11,9.799805411603302e-11,8.393286066166183e-14,-32.751266902825265,-32.760247169822776,0.008980266997511421,1.7334477613264824e-06,1.7348064752068452e-06,-1.3587138803627907e-09,0.47085644503437774,5.548269614038549e-09,1.3625138194803556e-08,-0.25729837954627166,"{""D"": 5.548269614038549e-09, ""cp"": 3328.1664042475195, ""k"": 0.47085644503437774, ""rho"": 930.2470093664285}","{""D"": 5.673439783550701e-09, ""cp"": 3415.295774647884, ""k"": 0.4829577464788728, ""rho"": 976.3999999999983}","[[1.97716423562085e-06, 9.539689088856418e-05], [7.156981267353761e-10, 7.950830233845255e-08], [8.297164399034172e-14, 3.329328098614371e-11]]"
170.25,bdf2,29.60405,0.020923625,3,1.018286343112095e-13,3.326802885460322e-11,1.20508047984913e-10,1.3322676295501878e-14,-32.78760311526778,-32.796585104698295,0.008981989430516535,1.7332563470500498e-06,1.7346137368254346e-06,-1.3573897753847713e-09,0.4708475176609622,5.548285356713744e-09,1.3623624431074588e-08,-0.25758377702878155,"{""D"": 5.548285356713744e-09, ""cp"": 3328.102127158928, ""k"": 0.4708475176609622, ""rho"": 930.2164218920695}","{""D"": 5.6735163157903135e-09, ""cp"": 3415.295774647884, ""k"": 0.4829577464788728, ""rho"": 976.3999999999983}","[[1.9780467888760407e-06, 9.531468041536393e-05], [7.159765507113241e-10, 7.944661120694648e-08], [1.018286343112095e-13, 3.326802885460322e-11]]"
170.5,bdf2,29.6061,0.020925583333333334,3,9.089130476700993e-14,3.325340003357287e-11,7.344169716816396e-11,1.5987211554602254e-14,-32.82393260933444,-32.83291635208201,0.008983742747567192,1.7330651010786946e-06,1.734421169663245e-06,-1.3560685845503385e-09,0.47083859694702335,5.54830124610624e-09,1.3622112012054657e-08,-0.25786912205725954,"{""D"": 5.54830124610624e-09, ""cp"": 3328.0378980185683, ""k"": 0.47083859694702335, ""rho"": 930.1858618127858}","{""D"": 5.6735928870992905e-09, ""cp"": 3415.295774647884, ""k"": 0.4829577464788728, ""rho"": 976.3999999999983}","[[1.9789299936757625e-06, 9.523264441628077e-05], [7.162630815101637e-10, 7.938504563948762e-08], [9.089130476700993e-14, 3.325340003357287e-11]]"
170.75,bdf2,29.608150000000002,0.020927541666666667,3,8.429114681544084e-14,3.323041188623946e-11,2.2089352569309995e-10,5.728750807065808e-14,-32.86025542875528,-32.86924090697596,0.008985478220679965,1.7328740230491708e-06,1.7342287733462742e-06,-1.3547502971034445e-09,0.47082968287838145,5.548317282084013e-09,1.3620600934903727e-08,-0.2581544144861104,"{""D"": 5.548317282084013e-09, ""cp"": 3327.9737167243466, ""k"": 0.47082968287838145, ""rho"": 930.1553290687373}","{""D"": 5.67366949754258e-09, ""cp"": 3415.295774647884, ""k"": 0.4829577464788728, ""rho"": 976.3999999999982}","[[1.9798138664181647e-06, 9.515078227046055e-05], [7.165354677283425e-10, 7.932361678184434e-08], [8.429114681544084e-14, 3.323041188623946e-11]]"
171.0,bdf2,29.610200000000003,0.0209295,3,7.467388814468009e-14,3.320864280732524e-11,1.440412233932875e-10,3.6415315207705135e-14,-32.89657154017513,-32.90555876458683,0.008987224411697525,1.732683112599457e-06,1.7340365475018873e-06,-1.353434902430343e-09,0.4708207754409085,5.548333464513741e-09,1.3619091196697272e-08,-0.2584396541117587,"{""D"": 5.548333464513741e-09, ""cp"": 3327.9095831745412, ""k"": 0.4708207754409085, ""rho"": 930.124823600302}","{""D"": 5.673746147184984e-09, ""cp"": 3415.295774647884, ""k"": 0.4829577464788728, ""rho"": 976.3999999999983}","[[1.9806983642902087e-06, 9.506909336157708e-05], [7.168165264700922e-10, 7.926231192087452e-08], [7.467388814468009e-14, 3.320864280732524e-11]]"
171.25,bdf2,29.61225,0.020931458333333333,3,1.0126211728201854e-13,3.318600296525445e-11,9.276845958083868e-11,3.2862601528904634e-14,-32.93288094449748,-32.94186992019519,0.00898897569771151,1.7324923693683442e-06,1.7338444917587987e-06,-1.3521223904545181e-09,0.47081187462052765,5.548349793262086e-09,1.3617582794426934e-08,-0.25872484123905,"{""D"": 5.548349793262086e-09, ""cp"": 3327.845497267799, ""k"": 0.47081187462052765, ""rho"": 930.0943453480745}","{""D"": 5.673822836091173e-09, ""cp"": 3415.295774647884, ""k"": 0.4829577464788728, ""rho"": 976.3999999999983}","[[1.9815834635247797e-06, 9.498757707521992e-05], [7.170809892958833e-10, 7.920113750022557e-08], [1.0126211728201854e-13, 3.318600296525445e-11]]"
171.5,bdf2,29.6143,0.020933416666666666,3,8.938202681974297e-14,3.3166149565284684e-11,3.119566827081144e-10,5.329070518200751e-15,-32.96918365118865,-32.97817436929762,0.008990718108968565,1.732301792997372e-06,1.7336526057470716e-06,-1.3508127496995207e-09,0.4708029804032129,5.548366268194319e-09,1.3616075725198759e-08,-0.2590099757718348,"{""D"": 5.548366268194319e-09, ""cp"": 3327.7814589031327, ""k"": 0.4708029804032129, ""rho"": 930.0638942528649}","{""D"": 5.673899564325514e-09, ""cp"": 3415.295774647884, ""k"": 0.4829577464788728, ""rho"": 976.3999999999982}","[[1.9824691788231054e-06, 9.490623280098405e-05], [7.173601588695767e-10, 7.914009230082905e-08], [8.938202681974297e-14, 3.3166149565284684e-11]]"
171.75,bdf2,29.61635,0.020935375000000003,3,1.0484453230056451e-13,3.314281311268864e-11,2.6204816094832495e-10,5.773159728050814e-14,-33.00547961832889,-33.01447210733954,0.008992489010651639,1.7321113831284892e-06,1.7334608890981253e-06,-1.3495059696360958e-09,0.4707940927749896,5.548382889176855e-09,1.3614569986165141e-08,-0.25929505753577664,"{""D"": 5.548382889176855e-09, ""cp"": 3327.7174679799255, ""k"": 0.4707940927749896, ""rho"": 930.0334702557001}","{""D"": 5.673976331952246e-09, ""cp"": 3415.295774647884, ""k"": 0.4829577464788728, ""rho"": 976.3999999999983}","[[1.983355496601007e-06, 9.482505993038025e-05], [7.176085899005917e-10, 7.907917597437973e-08], [1.0484453230056451e-13, 3.314281311268864e-11]]"
172.0,bdf2,29.6184,0.020937333333333336,3,1.0654144454388909e-13,3.312156649166836e-11,4.084768079337664e-10,1.021405182655144e-14,-33.041768889639016,-33.05076312989996,0.00899424026094664,1.7319211394034691e-06,1.7332693414447146e-06,-1.3482020412454602e-09,0.4707852117219339,5.5483996560755145e-09,1.3613065574404455e-08,-0.2595800865202698,"{""D"": 5.5483996560755145e-09, ""cp"": 3327.6535243979242, ""k"": 0.4707852117219339, ""rho"": 930.003073297821}","{""D"": 5.674053139035412e-09, ""cp"": 3415.295774647884, ""k"": 0.4829577464788728, ""rho"": 976.3999999999983}","[[1.9842423634864307e-06, 9.474405785892468e-05], [7.179030301246334e-10, 7.901838033570387e-08], [1.0654144454388909e-13, 3.312156649166836e-11]]"
172.25,bdf2,29.62045,0.02093929166666667,3,8.825008323784411e-14,3.309962326012283e-11,2.547722033341415e-10,2.7977620220553945e-14,-33.07805142319823,-33.08704743274404,0.008996009545811035,1.7317310614677333e-06,1.73307796242092e-06,-1.3469009531866896e-09,0.47077633723017176,5.548416568755006e-09,1.3611562487039682e-08,-0.2598650628273817,"{""D"": 5.548416568755006e-09, ""cp"": 3327.589628057237, ""k"": 0.47077633723017176, ""rho"": 929.9727033206805}","{""D"": 5.6741299856388675e-09, ""cp"": 3415.295774647884, ""k"": 0.4829577464788728, ""rho"": 976.3999999999983}","[[1.9851298171862074e-06, 9.466322598422341e-05], [7.181872858374576e-10, 7.895771287336467e-08], [8.825008323784411e-14, 3.309962326012283e-11]]"
172.5,bdf2,29.622500000000002,0.02094125,3,9.635833961770756e-14,3.307855079173386e-11,8.878942026058212e-11,1.0746958878371515e-13,-33.11432721990539,-33.12332501161137,0.008997791705979807,1.7315411489662224e-06,1.7328867516621535e-06,-1.345602695931087e-09,0.47076746928587965,5.548433627080921e-09,1.3610060721269448e-08,-0.26014998630888,"{""D"": 5.548433627080921e-09, ""cp"": 3327.525778858333, ""k"": 0.47076746928587965, ""rho"": 929.9423602659446}","{""D"": 5.6742068718262795e-09, ""cp"": 3415.295774647884, ""k"": 0.4829577464788728, ""rho"": 976.3999999999983}","[[1.9860178297853155e-06, 9.458256370806215e-05], [7.184462716442625e-10, 7.889717428397263e-08], [9.635833961770756e-14, 3.307855079173386e-11]]"
172.75,bdf2,29.62455,0.020943208333333335,3,1.0220375003257594e-13,3.305939400228935e-11,1.3585577107733116e-10,2.0872192862952943e-14,-33.15059630634819,-33.159595862312585,0.008999555964393835,1.7313514015486256e-06,1.7326957088051415e-06,-1.344307256515872e-09,0.4707586078752837,5.548450830918842e-09,1.3608560274208656e-08,-0.26043485692543733,"{""D"": 5.548450830918842e-09, ""cp"": 3327.461976702042, ""k"": 0.4707586078752837, ""rho"": 929.9120440754893}","{""D"": 5.6742837976610835e-09, ""cp"": 3415.295774647884, ""k"": 0.4829577464788728, ""rho"": 976.3999999999983}","[[1.986906399014115e-06, 9.450207043431643e-05], [7.187014844242598e-10, 7.883675777557518e-08], [1.0220375003257594e-13, 3.305939400228935e-11]]"
173.0,bdf2,29.6266,0.020945166666666667,3,9.71122262019347e-14,3.303692831284988e-11,8.600409273640253e-11,2.3092638912203256e-14,-33.186858649168535,-33.195859980708065,0.009001331539529644,1.7311618188600032e-06,1.732504833487925e-06,-1.343014627921894e-09,0.4707497529846598,5.548468180134503e-09,1.3607061142953008e-08,-0.260719674544867,"{""D"": 5.548468180134503e-09, ""cp"": 3327.3982214895505, ""k"": 0.4707497529846598, ""rho"": 929.8817546914013}","{""D"": 5.674360763206574e-09, ""cp"": 3415.295774647884, ""k"": 0.4829577464788728, ""rho"": 976.3999999999983}","[[1.987795477535471e-06, 9.442174556999654e-05], [7.190023288653967e-10, 7.877646996597225e-08], [9.71122262019347e-14, 3.303692831284988e-11]]"
173.25,bdf2,29.62865,0.020947125,3,1.0540898339922164e-13,3.301481092867303e-11,1.5415935195051134e-10,1.9095836023552692e-14,-33.22311425782492,-33.23211736289551,0.009003105070590323,1.7309724005504563e-06,1.7323141253498488e-06,-1.3417247993924702e-09,0.47074090460033335,5.548485674592044e-09,1.3605563324749073e-08,-0.2610044393189363,"{""D"": 5.548485674592044e-09, ""cp"": 3327.3345131224005, ""k"": 0.47074090460033335, ""rho"": 929.8514920559758}","{""D"": 5.674437768525826e-09, ""cp"": 3415.295774647884, ""k"": 0.4829577464788728, ""rho"": 976.3999999999983}","[[1.9886850855195053e-06, 9.434158852455092e-05], [7.192728121713792e-10, 7.871630354075334e-08], [1.0540898339922164e-13, 3.301481092867303e-11]]"
173.5,bdf2,29.6307,0.020949083333333333,3,1.1012294058119948e-13,3.299878888659217e-11,1.8053469830192626e-10,2.6645352591003757e-14,-33.25936310752226,-33.26836800504083,0.009004897518565258,1.7307831462717105e-06,1.7321235840315466e-06,-1.3404377598361276e-09,0.4707320627086782,5.548503314155609e-09,1.3604066816705317e-08,-0.2612891512534755,"{""D"": 5.548503314155609e-09, ""cp"": 3327.2708515024833, ""k"": 0.4707320627086782, ""rho"": 929.8212561117141}","{""D"": 5.674514813681723e-09, ""cp"": 3415.295774647884, ""k"": 0.4829577464788728, ""rho"": 976.3999999999983}","[[1.9895752093828675e-06, 9.426159871160766e-05], [7.195344311237201e-10, 7.86562598931395e-08], [1.1012294058119948e-13, 3.299878888659217e-11]]"
173.75,bdf2,29.63275,0.020951041666666666,3,8.579766814078243e-14,3.297806472346583e-11,1.808757588150911e-10,4.04121180963557e-14,-33.29560521627989,-33.30461190340657,0.009006687126678514,1.7305940556754246e-06,1.7319332091749625e-06,-1.3391534995378217e-09,0.47072322729611804,5.548521098689065e-09,1.3602571616078558e-08,-0.2615738102535179,"{""D"": 5.548521098689065e-09, ""cp"": 3327.20723653205, ""k"": 0.47072322729611804, ""rho"": 929.7910468013274}","{""D"": 5.6745918987369425e-09, ""cp"": 3415.295774647884, ""k"": 0.4829577464788728, ""rho"": 976.3999999999983}","[[1.9904658115944575e-06, 9.418177554636222e-05], [7.198373444110289e-10, 7.859634268033601e-08], [8.579766814078243e-14, 3.297806472346583e-11]]"
174.0,bdf2,29.634800000000002,0.020953,3,8.20261786658597e-14,3.2952812591925336e-11,1.8803802959155291e-10,3.9968028886505635e-15,-33.33184057642675,-33.340849054035004,0.00900847760825485,1.7304051284141391e-06,1.7317430004233187e-06,-1.3378720091795548e-09,0.4707143983491249,5.548539028058956e-09,1.360107772005736e-08,-0.2618584161541474,"{""D"": 5.548539028058956e-09, ""cp"": 3327.1436681136993, ""k"": 0.4707143983491249, ""rho"": 929.7608640677311}","{""D"": 5.674669023753955e-09, ""cp"": 3415.295774647884, ""k"": 0.4829577464788728, ""rho"": 976.3999999999983}","[[1.9913569308039774e-06, 9.410211844766727e-05], [7.201225306500229e-10, 7.853655172819022e-08], [8.20261786658597e-14, 3.2952812591925336e-11]]"
174.25,bdf2,29.636850000000003,0.020954958333333336,3,7.693474528187032e-14,3.2933307497218194e-11,2.3590018827235326e-11,1.509903313490213e-14,-33.368069188853596,-33.377079453464376,0.009010264610779473,1.730216364143107e-06,1.7315529574211096e-06,-1.3365932780025263e-09,0.4707055758542187,5.548557102127793e-09,1.3599585125841866e-08,-0.2621429690890052,"{""D"": 5.548557102127793e-09, ""cp"": 3327.0801461503743, ""k"": 0.4707055758542187, ""rho"": 929.7307078540442}","{""D"": 5.674746188795046e-09, ""cp"": 3415.295774647884, ""k"": 0.4829577464788728, ""rho"": 976.3999999999983}","[[1.9922485368344694e-06, 9.402262683716192e-05], [7.203762246602222e-10, 7.847687937398635e-08], [7.693474528187032e-14, 3.2933307497218194e-11]]"
174.5,bdf2,29.6389,0.02095691666666667,3,9.975097820338974e-14,3.291293163935449e-11,3.035438567167148e-10,4.39648317751562e-14,-33.404291028763076,-33.41330309790891,0.009012069145832413,1.7300277625171923e-06,1.7313630798141002e-06,-1.3353172969079082e-09,0.47069675979796755,5.548575320761775e-09,1.3598093830595405e-08,-0.26242746879427686,"{""D"": 5.548575320761775e-09, ""cp"": 3327.0166705453667, ""k"": 0.47069675979796755, ""rho"": 929.7005781035894}","{""D"": 5.674823393922312e-09, ""cp"": 3415.295774647884, ""k"": 0.4829577464788728, ""rho"": 976.3999999999982}","[[1.9931405898925383e-06, 9.394330013822682e-05], [7.206519791389301e-10, 7.841733206137177e-08], [9.975097820338974e-14, 3.291293163935449e-11]]"
174.75,bdf2,29.64095,0.020958875000000002,3,1.046534640259283e-13,3.2894123155172605e-11,4.331468517193571e-11,2.398081733190338e-14,-33.44050612273114,-33.44951998399921,0.009013861268066137,1.7298393231941884e-06,1.7311733672493348e-06,-1.3340440551464288e-09,0.47068795016698817,5.548593683823766e-09,1.3596603831541744e-08,-0.2627119155067473,"{""D"": 5.548593683823766e-09, ""cp"": 3326.953241202315, ""k"": 0.47068795016698817, ""rho"": 929.6704747598935}","{""D"": 5.674900639197624e-09, ""cp"": 3415.295774647884, ""k"": 0.4829577464788728, ""rho"": 976.3999999999982}","[[1.994033119765289e-06, 9.386413777911885e-05], [7.209105724746838e-10, 7.835790177932544e-08], [1.046534640259283e-13, 3.2894123155172605e-11]]"
175.0,bdf2,29.643,0.020960833333333335,3,1.012590955472368e-13,3.2872702381521025e-11,1.2937562132719904e-10,3.9968028886505635e-15,-33.476714445958876,-33.48573010838862,0.009015662429746385,1.7296510458312814e-06,1.7309838193751103e-06,-1.332773543828901e-09,0.47067914694794444,5.5486121911770776e-09,1.3595115126040303e-08,-0.26299630923250883,"{""D"": 5.5486121911770776e-09, ""cp"": 3326.8898580252003, ""k"": 0.47067914694794444, ""rho"": 929.6403977666844}","{""D"": 5.674977924682668e-09, ""cp"": 3415.295774647884, ""k"": 0.4829577464788728, ""rho"": 976.399999999998}","[[1.9949260798712547e-06, 9.378513918931404e-05], [7.211861349298674e-10, 7.82985988028526e-08], [1.012590955472368e-13, 3.2872702381521025e-11]]"
175.25,bdf2,29.64505,0.020962791666666668,3,1.0012750909572909e-13,3.284988838681893e-11,6.116351869422942e-11,6.616929226765933e-14,-33.512915990771575,-33.52193346768644,0.00901747691486321,1.729462930088357e-06,1.730794435840977e-06,-1.3315057526198286e-09,0.47067035012754777,5.548630842685993e-09,1.359362771122807e-08,-0.2632806497522788,"{""D"": 5.548630842685993e-09, ""cp"": 3326.826520918344, ""k"": 0.47067035012754777, ""rho"": 929.6103470678897}","{""D"": 5.6750552504389465e-09, ""cp"": 3415.295774647884, ""k"": 0.4829577464788728, ""rho"": 976.399999999998}","[[1.9958194805755715e-06, 9.370630380107479e-05], [7.214630155859067e-10, 7.823941581754274e-08], [1.0012750909572909e-13, 3.284988838681893e-11]]"
175.5,bdf2,29.647100000000002,0.02096475,3,9.48475263202509e-14,3.282951252895522e-11,2.368096829741262e-10,2.842170943040401e-14,-33.54911078374036,-33.55813005848205,0.009019274741689287,1.7292749756263756e-06,1.7306052162977351e-06,-1.330240671359475e-09,0.47066155969255685,5.548649638215627e-09,1.3592141584413016e-08,-0.2635649371188388,"{""D"": 5.548649638215627e-09, ""cp"": 3326.7632297864093, ""k"": 0.47066155969255685, ""rho"": 929.5803226076376}","{""D"": 5.675132616527738e-09, ""cp"": 3415.295774647884, ""k"": 0.4829577464788728, ""rho"": 976.399999999998}","[[1.996713320740918e-06, 9.36276310503207e-05], [7.217519625630544e-10, 7.818035247509057e-08], [9.48475263202509e-14, 3.282951252895522e-11]]"
175.75,bdf2,29.649150000000002,0.020966708333333334,3,7.900802010405401e-14,3.281174896056122e-11,4.440607881406322e-10,2.6201263381153694e-14,-33.58529877438002,-33.594319877931866,0.009021103551845044,1.729087182105657e-06,1.7304161603974136e-06,-1.3289782917566584e-09,0.4706527756297766,5.5486685776263485e-09,1.3590656742862076e-08,-0.2638491713709181,"{""D"": 5.5486685776263485e-09, ""cp"": 3326.6999845343917, ""k"": 0.4706527756297766, ""rho"": 929.5503243302528}","{""D"": 5.6752100230100895e-09, ""cp"": 3415.295774647884, ""k"": 0.4829577464788728, ""rho"": 976.399999999998}","[[1.9976075754710416e-06, 9.354912037506122e-05], [7.220088519771997e-10, 7.812141103948034e-08], [7.900802010405401e-14, 3.281174896056122e-11]]"
176.0,bdf2,29.6512,0.020968666666666667,3,8.277912048575667e-14,3.2786670981652043e-11,8.259348760475405e-11,1.6431300764452317e-14,-33.621480014943586,-33.630502922576966,0.009022907633379873,1.728899549190103e-06,1.7302272677933015e-06,-1.3277186031984791e-09,0.47064399792606015,5.54868766078493e-09,1.3589173183772032e-08,-0.2641333523890775,"{""D"": 5.54868766078493e-09, ""cp"": 3326.6367850676334, ""k"": 0.47064399792606015, ""rho"": 929.5203521802616}","{""D"": 5.675287469946861e-09, ""cp"": 3415.2957746478837, ""k"": 0.4829577464788728, ""rho"": 976.3999999999979}","[[1.9985022545655456e-06, 9.3470771215744e-05], [7.22275356424143e-10, 7.80625880276594e-08], [8.277912048575667e-14, 3.2786670981652043e-11]]"
176.25,bdf2,29.65325,0.020970625,3,1.0993196063086862e-13,3.276472775010652e-11,2.403339749434963e-10,1.0658141036401503e-14,-33.657654480628665,-33.666679189205695,0.009024708577030083,1.7287120765439197e-06,1.730038538139898e-06,-1.3264615959783633e-09,0.47063522656830603,5.548706887556425e-09,1.3587690904592126e-08,-0.2644174798733199,"{""D"": 5.548706887556425e-09, ""cp"": 3326.5736312918034, ""k"": 0.47063522656830603, ""rho"": 929.4904061023838}","{""D"": 5.675364957398743e-09, ""cp"": 3415.2957746478837, ""k"": 0.4829577464788728, ""rho"": 976.3999999999978}","[[1.9993973065410834e-06, 9.339258301699628e-05], [7.225663722858271e-10, 7.800388692268037e-08], [1.0993196063086862e-13, 3.276472775010652e-11]]"
176.5,bdf2,29.6553,0.020972583333333336,3,8.598434603570031e-14,3.274748663960646e-11,2.3999291443033144e-10,4.973799150320701e-14,-33.69382213807253,-33.702848675345365,0.009026537272838198,1.7285247638317228e-06,1.7298499710929198e-06,-1.3252072611969593e-09,0.4706264615434588,5.548726257799487e-09,1.3586209902450264e-08,-0.26470155451507194,"{""D"": 5.548726257799487e-09, ""cp"": 3326.5105231129037, ""k"": 0.4706264615434588, ""rho"": 929.4604860415338}","{""D"": 5.6754424854262315e-09, ""cp"": 3415.2957746478837, ""k"": 0.4829577464788727, ""rho"": 976.3999999999978}","[[2.0002927643904633e-06, 9.331455522431606e-05], [7.228253307653909e-10, 7.794530162920119e-08], [8.598434603570031e-14, 3.274748663960646e-11]]"
176.75,bdf2,29.65735,0.02097454166666667,3,1.1068576772114052e-13,3.2725717560692244e-11,1.0470557754160836e-10,4.884981308350689e-14,-33.72998300527871,-33.73901137771611,0.009028372437398957,1.7283376107191355e-06,1.729661566309317e-06,-1.3239555901814967e-09,0.47061770283851,5.5487457713810155e-09,1.3584730174756799e-08,-0.264985575667686,"{""D"": 5.5487457713810155e-09, ""cp"": 3326.4474604372717, ""k"": 0.47061770283851, ""rho"": 929.4305919428241}","{""D"": 5.6755200540895775e-09, ""cp"": 3415.2957746478837, ""k"": 0.4829577464788727, ""rho"": 976.3999999999978}","[[2.0011885985040337e-06, 9.323668728703273e-05], [7.2308919016417e-10, 7.788683423705337e-08], [1.1068576772114052e-13, 3.2725717560692244e-11]]"
177.0,bdf2,29.6594,0.020976500000000002,3,9.446926501775735e-14,3.270586416072248e-11,2.519300323911011e-10,4.529709940470639e-14,-33.766137091687554,-33.775167293639186,0.009030201951631511,1.7281506168757512e-06,1.7294733234472427e-06,-1.322706571491525e-09,0.47060895044049644,5.548765428162806e-09,1.3583251718753438e-08,-0.2652695436281142,"{""D"": 5.548765428162806e-09, ""cp"": 3326.3844431715743, ""k"": 0.47060895044049644, ""rho"": 929.4007237515589}","{""D"": 5.675597663448843e-09, ""cp"": 3415.2957746478837, ""k"": 0.4829577464788727, ""rho"": 976.3999999999978}","[[2.0020848158530028e-06, 9.31589786565655e-05], [7.233607788728046e-10, 7.782848648776328e-08], [9.446926501775735e-14, 3.270586416072248e-11]]"
177.25,bdf2,29.661450000000002,0.020978458333333335,3,1.0823403087537932e-13,3.268740398180323e-11,2.1873347577638924e-10,2.4424906541753444e-14,-33.80228439817696,-33.81131642023121,0.009032022054249467,1.7279637819688253e-06,1.729285242166049e-06,-1.3214601972238034e-09,0.4706002043365002,5.548785228009172e-09,1.3581774531878186e-08,-0.2655534580809446,"{""D"": 5.548785228009172e-09, ""cp"": 3326.321471222802, ""k"": 0.4706002043365002, ""rho"": 929.3708814132345}","{""D"": 5.675675313563911e-09, ""cp"": 3415.2957746478833, ""k"": 0.4829577464788727, ""rho"": 976.3999999999978}","[[2.0029813636349524e-06, 9.308142878694589e-05], [7.236491477733059e-10, 7.77702555948888e-08], [1.0823403087537932e-13, 3.268740398180323e-11]]"
177.5,bdf2,29.663500000000003,0.020980416666666668,3,9.032055202526516e-14,3.266284846078799e-11,8.276401786133647e-11,5.10702591327572e-14,-33.83842489994263,-33.84745875484185,0.009033854899222149,1.7277771056683129e-06,1.7290973221263016e-06,-1.3202164579887597e-09,0.47059146451364975,5.5488051707828315e-09,1.3580298611296097e-08,-0.2658373194232205,"{""D"": 5.5488051707828315e-09, ""cp"": 3326.258544498278, ""k"": 0.47059146451364975, ""rho"": 929.3410648735417}","{""D"": 5.675753004494442e-09, ""cp"": 3415.2957746478833, ""k"": 0.4829577464788727, ""rho"": 976.3999999999978}","[[2.003878296150066e-06, 9.300403713586257e-05], [7.239307266823016e-10, 7.771214486732993e-08], [9.032055202526516e-14, 3.266284846078799e-11]]"
177.75,bdf2,29.66555,0.020982375,3,9.314877498618083e-14,3.264734887660106e-11,3.3446667657699436e-10,3.197442310920451e-14,-33.87455861498177,-33.88359429476111,0.009035679779337613,1.7275905876461185e-06,1.7289095629897398e-06,-1.3189753436213635e-09,0.4705827309591174,5.548825256347639e-09,1.3578823954561942e-08,-0.26612112729873827,"{""D"": 5.548825256347639e-09, ""cp"": 3326.195662905645, ""k"": 0.4705827309591174, ""rho"": 929.3112740783583}","{""D"": 5.6758307362998075e-09, ""cp"": 3415.2957746478833, ""k"": 0.4829577464788727, ""rho"": 976.3999999999978}","[[2.004775583411875e-06, 9.292680316222336e-05], [7.241909964986011e-10, 7.76541478614393e-08], [9.314877498618083e-14, 3.264734887660106e-11]]"
178.0,bdf2,29.6676,0.020984333333333334,3,8.334347355661728e-14,3.262836623978787e-11,1.693933882052079e-11,4.4853010194856324e-14,-33.91068551848901,-33.91972303756461,0.0090375190755978,1.7274042275743266e-06,1.7287219644193039e-06,-1.3177368449772587e-09,0.47057400366012125,5.548845484565343e-09,1.3577350558778873e-08,-0.2664048818372086,"{""D"": 5.548845484565343e-09, ""cp"": 3326.132826352873, ""k"": 0.47057400366012125, ""rho"": 929.2815089737553}","{""D"": 5.675908509039321e-09, ""cp"": 3415.2957746478833, ""k"": 0.4829577464788727, ""rho"": 976.3999999999977}","[[2.0056731907201475e-06, 9.284972632841906e-05], [7.244601269326372e-10, 7.759626910518534e-08], [8.334347355661728e-14, 3.262836623978787e-11]]"
178.25,bdf2,29.66965,0.020986291666666667,3,9.258272256661955e-14,3.260520393982314e-11,6.912159733474255e-11,1.0791367799356522e-13,-33.94680561133923,-33.95584498058213,0.009039369242898943,1.727218025125154e-06,1.7285345260791145e-06,-1.3165009539605044e-09,0.47056528260392394,5.548865855300582e-09,1.357587842147322e-08,-0.26668858291620035,"{""D"": 5.548865855300582e-09, ""cp"": 3326.0700347482525, ""k"": 0.47056528260392394, ""rho"": 929.2517695059917}","{""D"": 5.6759863227719915e-09, ""cp"": 3415.2957746478833, ""k"": 0.4829577464788727, ""rho"": 976.3999999999977}","[[2.006571148427903e-06, 9.277280609840786e-05], [7.247087026455513e-10, 7.753851016594172e-08], [9.258272256661955e-14, 3.260520393982314e-11]]"
178.5,bdf2,29.6717,0.02098825,3,9.522236457121297e-14,3.258622130300994e-11,3.1093350116861984e-10,2.1760371282653068e-14,-33.98291891152547,-33.99196012130261,0.009041209777137738,1.7270319799729275e-06,1.7283472476344656e-06,-1.3152676615381296e-09,0.4705565677778327,5.548886368417053e-09,1.3574407540042027e-08,-0.26697223048372837,"{""D"": 5.548886368417053e-09, ""cp"": 3326.0072880003954, ""k"": 0.4705565677778327, ""rho"": 929.2220556215145}","{""D"": 5.676064177556702e-09, ""cp"": 3415.2957746478833, ""k"": 0.4829577464788727, ""rho"": 976.3999999999977}","[[2.0074694095787595e-06, 9.26960419405018e-05], [7.249882004047981e-10, 7.748086233607687e-08], [9.522236457121297e-14, 3.258622130300994e-11]]"
178.75,bdf2,29.673750000000002,0.020990208333333333,3,1.1709498929668926e-13,3.256706451356543e-11,1.5791101759532467e-10,8.215650382226158e-14,-34.019025419919195,-34.02806845724484,0.009043037325646708,1.7268460917936776e-06,1.7281601287518178e-06,-1.3140369581401442e-09,0.4705478591691986,5.5489070237787765e-09,1.357293791176914e-08,-0.2672558246015235,"{""D"": 5.5489070237787765e-09, ""cp"": 3325.9445860182304, ""k"": 0.4705478591691986, ""rho"": 929.1923672669575}","{""D"": 5.676142073452054e-09, ""cp"": 3415.2957746478833, ""k"": 0.4829577464788727, ""rho"": 976.3999999999976}","[[2.008367983972823e-06, 9.261943332370949e-05], [7.252590226837331e-10, 7.74233299694066e-08], [1.1709498929668926e-13, 3.256706451356543e-11]]"
179.0,bdf2,29.675800000000002,0.02099216666666667,3,9.805035756369241e-14,3.254459882412596e-11,2.864908310584724e-10,2.1760371282653068e-14,-34.055125103153074,-34.06416998638946,0.009044883236384749,1.726660360265456e-06,1.7279731690988038e-06,-1.3128088333478312e-09,0.47053915676541735,5.548927821245966e-09,1.3571469534086557e-08,-0.26753936539593653,"{""D"": 5.548927821245966e-09, ""cp"": 3325.881928711005, ""k"": 0.47053915676541735, ""rho"": 929.1627043891419}","{""D"": 5.676220010516468e-09, ""cp"": 3415.2957746478833, ""k"": 0.4829577464788727, ""rho"": 976.3999999999976}","[[2.0092668410587136e-06, 9.254297972069678e-05], [7.255505846409432e-10, 7.736591289177825e-08], [9.805035756369241e-14, 3.254459882412596e-11]]"
179.25,bdf2,29.67785,0.020994125000000002,3,7.297194629398548e-14,3.2525442034681436e-11,1.4313172869151458e-10,3.419486915845482e-14,-34.09121797065721,-34.10026470631209,0.009046735654877125,1.7264747850645388e-06,1.7277863683442002e-06,-1.3115832796613492e-09,0.47053046055392767,5.548948760683227e-09,1.3570002404396348e-08,-0.2678228527392635,"{""D"": 5.548948760683227e-09, ""cp"": 3325.8193159882794, ""k"": 0.47053046055392767, ""rho"": 929.1330669350721}","{""D"": 5.6762979888081625e-09, ""cp"": 3415.2957746478833, ""k"": 0.4829577464788727, ""rho"": 976.3999999999978}","[[2.0101660204288534e-06, 9.246668060621926e-05], [7.258421447702871e-10, 7.730861092903915e-08], [7.297194629398548e-14, 3.2525442034681436e-11]]"
179.5,bdf2,29.6799,0.020996083333333335,3,7.297179948963121e-14,3.2506981855762186e-11,1.6484591469634324e-10,5.1958437552457326e-14,-34.127304023300816,-34.136352614726206,0.009048591425390384,1.7262893658701662e-06,1.7275997261579505e-06,-1.3103602877842998e-09,0.47052177052221256,5.5489698419544154e-09,1.356853652009101e-08,-0.2681062864270087,"{""D"": 5.5489698419544154e-09, ""cp"": 3325.7567477599305, ""k"": 0.47052177052221256, ""rho"": 929.1034548519387}","{""D"": 5.67637617178744e-09, ""cp"": 3415.2957746478833, ""k"": 0.4829577464788727, ""rho"": 976.3999999999977}","[[2.0110654947374143e-06, 9.239053545712256e-05], [7.261116418290817e-10, 7.725142059813679e-08], [7.297179948963121e-14, 3.2506981855762186e-11]]"
179.75,bdf2,29.68195,0.02099804166666667,3,9.710697958461653e-14,3.2481381418959054e-11,2.4272139853565022e-11,7.993605777301127e-15,-34.16338327051081,-34.1724337095215,0.009050439010685807,1.7261041023620633e-06,1.7274132422111439e-06,-1.3091398490805468e-09,0.47051308665779856,5.548991064922334e-09,1.3567071878627742e-08,-0.2683896667047751,"{""D"": 5.548991064922334e-09, ""cp"": 3325.6942239361497, ""k"": 0.47051308665779856, ""rho"": 929.0738680871164}","{""D"": 5.67645638163512e-09, ""cp"": 3415.2957746478837, ""k"": 0.4829577464788727, ""rho"": 976.3999999999978}","[[2.0119652470094484e-06, 9.231454375408342e-05], [7.263537963467771e-10, 7.71943509550079e-08], [9.710697958461653e-14, 3.2481381418959054e-11]]"
180.0,bdf2,29.684,0.021,3,7.59884154805143e-14,3.246379200319636e-11,2.1964297047816217e-10,3.1086244689504383e-15,-34.19945568747716,-34.20850798866155,0.009052301184389933,1.7259189942215043e-06,1.727226916175996e-06,-1.3079219544917082e-09,0.4705044089482545,5.549012429449559e-09,1.3565608477345338e-08,-0.2686729934607212,"{""D"": 5.549012429449559e-09, ""cp"": 3325.6317444274327, ""k"": 0.4705044089482545, ""rho"": 929.0443065881593}","{""D"": 5.676536634121473e-09, ""cp"": 3415.2957746478837, ""k"": 0.4829577464788728, ""rho"": 976.3999999999978}","[[2.0128652749775957e-06, 9.223870497882367e-05], [7.266298894677925e-10, 7.713739067973144e-08], [7.59884154805143e-14, 3.246379200319636e-11]]"
180.25,bdf2,29.685470833333333,0.021002125,3,9.578669459123882e-14,3.244376445059528e-11,2.545448296586983e-10,7.904787935331115e-14,-34.22130224650176,-34.2302173009827,0.008915054480944207,1.7257338991753207e-06,1.7270406137154097e-06,-1.30671454008906e-09,0.47049573734938277,5.5490327970417965e-09,1.3564145261241445e-08,-0.26884349800890106,"{""D"": 5.5490327970417965e-09, ""cp"": 3325.5693089155566, ""k"": 0.47049573734938277, ""rho"": 929.0147701944655}","{""D"": 5.6766169292838435e-09, ""cp"": 3415.2957746478837, ""k"": 0.4829577464788728, ""rho"": 976.3999999999978}","[[1.997708929016589e-06, 9.216298903463387e-05], [7.263444712779002e-10, 7.708065767363888e-08], [9.578669459123882e-14, 3.244376445059528e-11]]"
180.5,bdf2,29.68694166666667,0.021004250000000002,3,9.39009429995433e-14,3.2426697492726525e-11,3.9813130570109934e-10,6.572520305780927e-14,-34.243128691751735,-34.25200024772863,0.008871555976895706,1.7255489531677e-06,1.7268544672348315e-06,-1.3055140671313671e-09,0.4704870718205222,5.5490525485799625e-09,1.3562683270186313e-08,-0.26901458082297214,"{""D"": 5.5490525485799625e-09, ""cp"": 3325.5069171077603, ""k"": 0.4704870718205222, ""rho"": 928.9852587575731}","{""D"": 5.6766972671587406e-09, ""cp"": 3415.2957746478837, ""k"": 0.4829577464788728, ""rho"": 976.3999999999979}","[[1.987934995671404e-06, 9.208738289907683e-05], [7.26153716489918e-10, 7.702420679480905e-08], [9.39009429995433e-14, 3.2426697492726525e-11]]"
180.75,bdf2,29.688412500000002,0.021006375,3,9.314653397743827e-14,3.2402141971711284e-11,3.651621227618307e-10,6.217248937900877e-15,-34.265000160581344,-34.273836318077144,0.008836157495800023,1.7253641597951157e-06,1.7266684761854182e-06,-1.3043163903024898e-09,0.4704784123387966,5.54907187662243e-09,1.3561222499909786e-08,-0.2691860808867465,"{""D"": 5.54907187662243e-09, ""cp"": 3325.4445688393353, ""k"": 0.4704784123387966, ""rho"": 928.955772189667}","{""D"": 5.67677764777881e-09, ""cp"": 3415.2957746478837, ""k"": 0.4829577464788728, ""rho"": 976.3999999999979}","[[1.9808825291586573e-06, 9.201189404051401e-05], [7.260121806250042e-10, 7.696797569659994e-08], [9.314653397743827e-14, 3.2402141971711284e-11]]"
181.0,bdf2,29.689883333333334,0.021008500000000003,3,9.46547928275122e-14,3.238664238752436e-11,8.526512829121202e-11,2.4868995751603507e-14,-34.28690813480171,-34.29571414720414,0.008806012402423846,1.7251795188158059e-06,1.7264826401586726e-06,-1.303121342866745e-09,0.47046975888790943,5.5490908878206834e-09,1.3559762947175906e-08,-0.26935790900751755,"{""D"": 5.5490908878206834e-09, ""cp"": 3325.382263992948, ""k"": 0.47046975888790943, ""rho"": 928.9263104253877}","{""D"": 5.676858071164837e-09, ""cp"": 3415.2957746478837, ""k"": 0.4829577464788728, ""rho"": 976.3999999999979}","[[1.9753379995225035e-06, 9.193653537114395e-05], [7.259008182011487e-10, 7.691192693619581e-08], [9.46547928275122e-14, 3.238664238752436e-11]]"
181.25,bdf2,29.691354166666667,0.021010625,3,1.037052458591988e-13,3.236591822439803e-11,1.2869350030086935e-10,5.595524044110789e-14,-34.3088471607924,-34.31762674178742,0.008779580995017966,1.7249950299383408e-06,1.726296958798636e-06,-1.3019288602952573e-09,0.47046111145402136,5.5491096477557605e-09,1.3558304609156826e-08,-0.2695300100855325,"{""D"": 5.5491096477557605e-09, ""cp"": 3325.320002468954, ""k"": 0.47046111145402136, ""rho"": 928.8968734077819}","{""D"": 5.676938537309157e-09, ""cp"": 3415.2957746478837, ""k"": 0.4829577464788728, ""rho"": 976.3999999999978}","[[1.970721403196171e-06, 9.186131788452568e-05], [7.257802203707157e-10, 7.685602707629148e-08], [1.037052458591988e-13, 3.236591822439803e-11]]"
181.5,bdf2,29.692825000000003,0.02101275,3,9.936828552918984e-14,3.234554236653432e-11,2.793285602820106e-10,2.0872192862952943e-14,-34.33081348841509,-34.33956938417566,0.00875589576057223,1.7248106928709456e-06,1.7261114317704592e-06,-1.3007388995136483e-09,0.47045247002427437,5.549128200624466e-09,1.355684748327812e-08,-0.2697023472352718,"{""D"": 5.549128200624466e-09, ""cp"": 3325.2577841747757, ""k"": 0.47045247002427437, ""rho"": 928.8674610832735}","{""D"": 5.677019046149215e-09, ""cp"": 3415.2957746478837, ""k"": 0.4829577464788727, ""rho"": 976.3999999999978}","[[1.966730798052436e-06, 9.178624960944377e-05], [7.256626427828153e-10, 7.680026706095008e-08], [9.936828552918984e-14, 3.234554236653432e-11]]"
181.75,bdf2,29.694295833333335,0.021014875000000002,3,8.843194380870808e-14,3.23274304928777e-11,2.715978553169407e-10,2.6201263381153694e-14,-34.352804257837754,-34.36153864972766,0.008734391889909432,1.7246265073193747e-06,1.725926058748881e-06,-1.2995514295063242e-09,0.47044383458625083,5.549146578471607e-09,1.3555391566984403e-08,-0.2698748935446869,"{""D"": 5.549146578471607e-09, ""cp"": 3325.1956090210065, ""k"": 0.47044383458625083, ""rho"": 928.838073399821}","{""D"": 5.67709959753218e-09, ""cp"": 3415.2957746478833, ""k"": 0.4829577464788727, ""rho"": 976.3999999999978}","[[1.9631945792494174e-06, 9.171133615082652e-05], [7.25580139311239e-10, 7.674463800838744e-08], [8.843194380870808e-14, 3.23274304928777e-11]]"
182.0,bdf2,29.695766666666668,0.021017,3,8.164383068379744e-14,3.230740294027662e-11,4.488356353249401e-10,3.1530333899354446e-14,-34.37481734540124,-34.38353191166783,0.008714566266590396,1.724442472983929e-06,1.7257408394137373e-06,-1.298366429808334e-09,0.4704352051277626,5.549164805842907e-09,1.3553936857726367e-08,-0.27004762815930156,"{""D"": 5.549164805842907e-09, ""cp"": 3325.133476919891, ""k"": 0.4704352051277626, ""rho"": 928.808710306198}","{""D"": 5.677180191176108e-09, ""cp"": 3415.2957746478833, ""k"": 0.4829577464788727, ""rho"": 976.3999999999978}","[[1.960006912809383e-06, 9.163658122213048e-05], [7.254899077645056e-10, 7.668912912114039e-08], [8.164383068379744e-14, 3.230740294027662e-11]]"
182.25,bdf2,29.6972375,0.021019125,3,8.786593674656073e-14,3.22880719982008e-11,6.957634468562901e-11,5.861977570020827e-14,-34.3968508928905,-34.405547071645515,0.008696178755016604,1.7242585895669492e-06,1.7255557734480468e-06,-1.2971838810975853e-09,0.4704265816367611,5.549182902317257e-09,1.3552483353058784e-08,-0.2702205348019556,"{""D"": 5.549182902317257e-09, ""cp"": 3325.07138778468, ""k"": 0.4704265816367611, ""rho"": 928.7793717516874}","{""D"": 5.677260826635113e-09, ""cp"": 3415.2957746478833, ""k"": 0.4829577464788727, ""rho"": 976.3999999999976}","[[1.957097643264067e-06, 9.156198705407674e-05], [7.254230593147925e-10, 7.663374492717739e-08], [8.786593674656073e-14, 3.22880719982008e-11]]"
182.5,bdf2,29.698708333333336,0.021021250000000002,3,9.031695582395564e-14,3.226908936138761e-11,8.810729923425242e-11,5.995204332975845e-14,-34.418903427307384,-34.42758240188084,0.008678974573456344,1.7240748567669707e-06,1.7253708605371504e-06,-1.2960037701796344e-09,0.4704179641012972,5.5492008839903925e-09,1.3551031050432414e-08,-0.27039359988356815,"{""D"": 5.5492008839903925e-09, ""cp"": 3325.00934152934, ""k"": 0.4704179641012972, ""rho"": 928.7500576859441}","{""D"": 5.677341503274383e-09, ""cp"": 3415.2957746478833, ""k"": 0.4829577464788727, ""rho"": 976.3999999999976}","[[1.9544176654950623e-06, 9.148755474939971e-05], [7.253305698405175e-10, 7.657847532564578e-08], [9.031695582395564e-14, 3.226908936138761e-11]]"
182.75,bdf2,29.70017916666667,0.021023375,3,1.146400875058961e-13,3.2248887656155213e-11,3.071818355238065e-10,1.0613732115416497e-13,-34.440973655464624,-34.449636446669274,0.008662791204649523,1.7238912742823104e-06,1.7251861003682357e-06,-1.2948260859253152e-09,0.47040935250949867,5.5492187644007694e-09,1.3549579947428175e-08,-0.2705668119070246,"{""D"": 5.5492187644007694e-09, ""cp"": 3324.9473380683903, ""k"": 0.47040935250949867, ""rho"": 928.7207680589177}","{""D"": 5.677422220260456e-09, ""cp"": 3415.2957746478833, ""k"": 0.4829577464788727, ""rho"": 976.3999999999976}","[[1.951930816164991e-06, 9.141328460346227e-05], [7.252493956952784e-10, 7.65233244962087e-08], [1.146400875058961e-13, 3.2248887656155213e-11]]"
183.0,bdf2,29.70165,0.021025500000000003,3,1.0106409056045653e-13,3.22297308667107e-11,3.292370820418e-10,1.3766765505351941e-14,-34.463060455411274,-34.471707957244746,0.008647501833472404,1.7237078418171685e-06,1.7250014926300743e-06,-1.293650812905711e-09,0.4704007468495579,5.549236555141871e-09,1.3548130041663494e-08,-0.270740161041961,"{""D"": 5.549236555141871e-09, ""cp"": 3324.8853773168175, ""k"": 0.4704007468495579, ""rho"": 928.6915028208118}","{""D"": 5.6775029765662545e-09, ""cp"": 3415.2957746478833, ""k"": 0.4829577464788727, ""rho"": 976.3999999999976}","[[1.9496096975130752e-06, 9.133917636478802e-05], [7.251784053775419e-10, 7.646828791089778e-08], [1.0106409056045653e-13, 3.22297308667107e-11]]"
183.25,bdf2,29.703120833333333,0.021027625,3,8.145448146669528e-14,3.221353467199852e-11,5.786660040030256e-11,4.6629367034256575e-14,-34.48516285930291,-34.49379584672272,0.008632987419808558,1.7235245590692078e-06,1.724817037012858e-06,-1.2924779436502029e-09,0.47039214710972477,5.549254266285757e-09,1.3546681330620646e-08,-0.2709136391127104,"{""D"": 5.549254266285757e-09, ""cp"": 3324.823459190018, ""k"": 0.47039214710972477, ""rho"": 928.6622619220573}","{""D"": 5.677583770988843e-09, ""cp"": 3415.2957746478833, ""k"": 0.4829577464788727, ""rho"": 976.3999999999976}","[[1.947432781663373e-06, 9.126522943272453e-05], [7.251338141981602e-10, 7.641336313157613e-08], [8.145448146669528e-14, 3.221353467199852e-11]]"
183.5,bdf2,29.70459166666667,0.02102975,3,9.144756164241626e-14,3.219124313519036e-11,4.354205884737894e-11,2.4424906541753444e-14,-34.50728000204754,-34.51589915762554,0.008619155578003301,1.7233414257410256e-06,1.7246327332080866e-06,-1.291307467060965e-09,0.4703835532783006,5.549271906688304e-09,1.35452338119839e-08,-0.27108723805005647,"{""D"": 5.549271906688304e-09, ""cp"": 3324.761583603764, ""k"": 0.4703835532783006, ""rho"": 928.6330453132939}","{""D"": 5.677664602176203e-09, ""cp"": 3415.2957746478833, ""k"": 0.4829577464788727, ""rho"": 976.3999999999976}","[[1.9453829204339654e-06, 9.119144299432734e-05], [7.25056605236659e-10, 7.635855538282275e-08], [9.144756164241626e-14, 3.219124313519036e-11]]"
183.75,bdf2,29.7060625,0.021031875000000002,3,8.503663941767073e-14,3.217191219311453e-11,1.156195139628835e-10,1.9095836023552692e-14,-34.52941108707018,-34.53801703834216,0.008605951271981382,1.7231584415334107e-06,1.7244485809084763e-06,-1.290139375065562e-09,0.47037496534363443,5.549289484210594e-09,1.3543787483202985e-08,-0.2712609515661035,"{""D"": 5.549289484210594e-09, ""cp"": 3324.699750474168, ""k"": 0.47037496534363443, ""rho"": 928.6038529453563}","{""D"": 5.677745468657953e-09, ""cp"": 3415.2957746478833, ""k"": 0.4829577464788727, ""rho"": 976.3999999999976}","[[1.9434460463577675e-06, 9.111781611579003e-05], [7.250135257636973e-10, 7.630385613115868e-08], [8.503663941767073e-14, 3.217191219311453e-11]]"
184.0,bdf2,29.707533333333334,0.021034,3,9.37098175193901e-14,3.215275540367003e-11,5.661604518536478e-11,8.79296635503124e-14,-34.55155542908756,-34.560148724780504,0.008593295692946867,1.7229756061501426e-06,1.7242645798079124e-06,-1.2889736577698017e-09,0.47036638329412084,5.549307005891307e-09,1.35423423418909e-08,-0.27143477341235067,"{""D"": 5.549307005891307e-09, ""cp"": 3324.63795971767, ""k"": 0.47036638329412084, ""rho"": 928.574684769266}","{""D"": 5.67782636887708e-09, ""cp"": 3415.2957746478833, ""k"": 0.4829577464788727, ""rho"": 976.3999999999976}","[[1.9416105685298813e-06, 9.104434779765066e-05], [7.2495027283557e-10, 7.624926502827866e-08], [9.37098175193901e-14, 3.215275540367003e-11]]"
184.25,bdf2,29.709004166666666,0.021036125000000003,3,9.540659083993695e-14,3.213481768264471e-11,1.261923898709938e-10,5.10702591327572e-14,-34.573712394204996,-34.582293526366925,0.008581132161928906,1.722792919292492e-06,1.7240807296014e-06,-1.2878103089079697e-09,0.4703578071181975,5.549324478078375e-09,1.3540898385771432e-08,-0.2716086980607051,"{""D"": 5.549324478078375e-09, ""cp"": 3324.576211251022, ""k"": 0.4703578071181975, ""rho"": 928.545540736224}","{""D"": 5.677907301219512e-09, ""cp"": 3415.2957746478833, ""k"": 0.4829577464788727, ""rho"": 976.3999999999976}","[[1.939866733393152e-06, 9.09710370141502e-05], [7.248877756168483e-10, 7.6194787124609e-08], [9.540659083993695e-14, 3.213481768264471e-11]]"
184.5,bdf2,29.710475000000002,0.02103825,3,7.692848535192758e-14,3.211409351951839e-11,6.343725544866174e-11,7.460698725481052e-14,-34.59588136568786,-34.6044508151067,0.008569449418843078,1.7226103806684079e-06,1.7238970299850411e-06,-1.2866493166332514e-09,0.47034923680434415,5.5493419065318635e-09,1.3539455612340445e-08,-0.27178272120628655,"{""D"": 5.5493419065318635e-09, ""cp"": 3324.514504991278, ""k"": 0.47034923680434415, ""rho"": 928.5164207976065}","{""D"": 5.677988264039839e-09, ""cp"": 3415.295774647883, ""k"": 0.4829577464788726, ""rho"": 976.3999999999974}","[[1.9382062089639616e-06, 9.08978827322153e-05], [7.248673265382165e-10, 7.61404178921813e-08], [7.692848535192758e-14, 3.211409351951839e-11]]"
184.75,bdf2,29.711945833333335,0.021040375,3,1.0653066180844147e-13,3.209563334059913e-11,1.36196831590496e-10,3.375077994860476e-14,-34.61806183807331,-34.62662001625034,0.008558178177032971,1.7224279899803974e-06,1.723713480655989e-06,-1.2854906755915517e-09,0.4703406723410807,5.549359296511671e-09,1.3538014019298744e-08,-0.27195683760455724,"{""D"": 5.549359296511671e-09, ""cp"": 3324.452840855781, ""k"": 0.4703406723410807, ""rho"": 928.4873249049583}","{""D"": 5.678069255683472e-09, ""cp"": 3415.295774647883, ""k"": 0.4829577464788726, ""rho"": 976.3999999999974}","[[1.9366219667833654e-06, 9.08248839288733e-05], [7.247840915865454e-10, 7.608615820175866e-08], [1.0653066180844147e-13, 3.209563334059913e-11]]"
185.0,bdf2,29.713416666666667,0.021042500000000002,3,8.805260664994707e-14,3.207647655115463e-11,8.401457307627425e-11,3.1530333899354446e-14,-34.64025328882576,-34.648800601904384,0.008547313078622665,1.7222457469363817e-06,1.723530081312448e-06,-1.2843343760663438e-09,0.4703321137169668,5.5493766528375685e-09,1.3536573604205415e-08,-0.27213104362461576,"{""D"": 5.5493766528375685e-09, ""cp"": 3324.3912187621613, ""k"": 0.4703321137169668, ""rho"": 928.4582530099917}","{""D"": 5.6781502745047884e-09, ""cp"": 3415.2957746478824, ""k"": 0.4829577464788726, ""rho"": 976.3999999999974}","[[1.935107762260464e-06, 9.075203959578058e-05], [7.247608167862992e-10, 7.603200631181483e-08], [8.805260664994707e-14, 3.207647655115463e-11]]"
185.25,bdf2,29.7148875,0.021044625,3,9.747989203151422e-14,3.205923544065458e-11,2.681872501852922e-10,2.4424906541753444e-14,-34.66245528955935,-34.67099208399986,0.00853679444051636,1.7220636512426931e-06,1.7233468316536446e-06,-1.2831804109514447e-09,0.47032356092060135,5.549393979955394e-09,1.3535134364745587e-08,-0.27230533486725567,"{""D"": 5.549393979955394e-09, ""cp"": 3324.32963862833, ""k"": 0.47032356092060135, ""rho"": 928.4292050645831}","{""D"": 5.678231318881161e-09, ""cp"": 3415.2957746478824, ""k"": 0.4829577464788726, ""rho"": 976.3999999999972}","[[1.93365832226898e-06, 9.067934874862643e-05], [7.247107691497508e-10, 7.597796152573925e-08], [9.747989203151422e-14, 3.205923544065458e-11]]"
185.5,bdf2,29.716358333333336,0.021046750000000003,3,1.0445600734302235e-13,3.203833712489693e-11,2.0258994481991976e-10,1.0658141036401503e-14,-34.68466738625486,-34.69319401071971,0.00852662446484942,1.7218817026082595e-06,1.7231637313798173e-06,-1.2820287715577789e-09,0.47031501394062114,5.54941128197058e-09,1.3533696298550477e-08,-0.2724797085976231,"{""D"": 5.54941128197058e-09, ""cp"": 3324.268100372472, ""k"": 0.47031501394062114, ""rho"": 928.4001810207708}","{""D"": 5.67831238722394e-09, ""cp"": 3415.2957746478824, ""k"": 0.4829577464788726, ""rho"": 976.3999999999972}","[[1.932268856795574e-06, 9.060681042608826e-05], [7.246439418723228e-10, 7.59240221020056e-08], [1.0445600734302235e-13, 3.203833712489693e-11]]"
185.75,bdf2,29.717829166666668,0.021048875,3,1.1011225713467762e-13,3.2020051098608976e-11,5.047695594839752e-10,2.5757174171303632e-14,-34.70688921903423,-34.71540596128051,0.008516742246278852,1.7216999007409163e-06,1.7229807801921988e-06,-1.2808794512825126e-09,0.4703064727657006,5.549428562697178e-09,1.3532259403269777e-08,-0.2726541607555608,"{""D"": 5.549428562697178e-09, ""cp"": 3324.206603913044, ""k"": 0.4703064727657006, ""rho"": 928.3711808307519}","{""D"": 5.678393477986816e-09, ""cp"": 3415.2957746478824, ""k"": 0.4829577464788726, ""rho"": 976.3999999999974}","[[1.9309352095839807e-06, 9.053442369279234e-05], [7.245969133973794e-10, 7.587019065290336e-08], [1.1011225713467762e-13, 3.2020051098608976e-11]]"
186.0,bdf2,29.7193,0.021051,3,9.446255878896742e-14,3.200159091968971e-11,1.6143530956469476e-10,2.6645352591003757e-15,-34.72912035960686,-34.737627542945404,0.008507183338544166,1.7215182453507214e-06,1.7227979777930183e-06,-1.2797324422969439e-09,0.47029793738455183,5.549445825686049e-09,1.3530823676591095e-08,-0.27282868864826415,"{""D"": 5.549445825686049e-09, ""cp"": 3324.1451491687735, ""k"": 0.47029793738455183, ""rho"": 928.342204446883}","{""D"": 5.678474589671718e-09, ""cp"": 3415.295774647883, ""k"": 0.4829577464788726, ""rho"": 976.3999999999974}","[[1.9296536739163735e-06, 9.046218764018437e-05], [7.245753400128753e-10, 7.581646265046409e-08], [9.446255878896742e-14, 3.200159091968971e-11]]"
186.25,bdf2,29.720770833333333,0.021053125000000002,3,9.917606800189953e-14,3.198313074077045e-11,5.1159076974727213e-11,1.0658141036401503e-14,-34.75136050803721,-34.75985838809805,0.008497880060843954,1.7213367361490003e-06,1.7226153238854798e-06,-1.278587736479509e-09,0.47028940778592376,5.549463074252271e-09,1.3529389116121422e-08,-0.2730032893064317,"{""D"": 5.549463074252271e-09, ""cp"": 3324.083736058651, ""k"": 0.47028940778592376, ""rho"": 928.3132518216768}","{""D"": 5.678555720832965e-09, ""cp"": 3415.295774647883, ""k"": 0.4829577464788726, ""rho"": 976.3999999999974}","[[1.928420915680859e-06, 9.039010138443979e-05], [7.245383066942608e-10, 7.576284401587732e-08], [9.917606800189953e-14, 3.198313074077045e-11]]"
186.5,bdf2,29.72224166666667,0.02105525,3,9.20110796116711e-14,3.1963451493431996e-11,2.835349732777104e-10,4.6629367034256575e-14,-34.77360931308458,-34.78209815136353,0.008488838278950084,1.721155372848141e-06,1.7224328181737619e-06,-1.2774453256209766e-09,0.4702808839586019,5.549480311502226e-09,1.3527955719664753e-08,-0.2731779600592662,"{""D"": 5.549480311502226e-09, ""cp"": 3324.022364501933, ""k"": 0.4702808839586019, ""rho"": 928.2843229078019}","{""D"": 5.678636870079976e-09, ""cp"": 3415.295774647883, ""k"": 0.4829577464788726, ""rho"": 976.3999999999974}","[[1.927234003157457e-06, 9.031816406803102e-05], [7.244978805244849e-10, 7.570933126609037e-08], [9.20110796116711e-14, 3.1963451493431996e-11]]"
186.75,bdf2,29.7237125,0.021057375,3,8.955979222049101e-14,3.1942727330305664e-11,1.979287844733335e-10,5.861977570020827e-14,-34.795866457753085,-34.80434650796127,0.008480050208184764,1.7209741551585562e-06,1.722250460363015e-06,-1.2763052044587308e-09,0.4702723658914083,5.54949754034915e-09,1.352652348472616e-08,-0.27335269830913855,"{""D"": 5.54949754034915e-09, ""cp"": 3323.9610344181397, ""k"": 0.4702723658914083, ""rho"": 928.2554176580824}","{""D"": 5.678718036078763e-09, ""cp"": 3415.295774647883, ""k"": 0.4829577464788726, ""rho"": 976.3999999999974}","[[1.926090173592762e-06, 9.024637485659283e-05], [7.244680139647157e-10, 7.565591917652435e-08], [8.955979222049101e-14, 3.1942727330305664e-11]]"
187.0,bdf2,29.725183333333334,0.021059500000000002,3,9.521601679126734e-14,3.192444130401772e-11,1.8326318240724504e-10,3.5083047578154947e-14,-34.8181316849516,-34.82660315112014,0.008471466168536779,1.720793082796224e-06,1.722068250159333e-06,-1.275167363108956e-09,0.47026385357320055,5.549514763537355e-09,1.3525092409165611e-08,-0.2735275013236585,"{""D"": 5.549514763537355e-09, ""cp"": 3323.8997457270434, ""k"": 0.47026385357320055, ""rho"": 928.2265360254933}","{""D"": 5.678799217552751e-09, ""cp"": 3415.295774647883, ""k"": 0.4829577464788726, ""rho"": 976.3999999999974}","[[1.9249870447466644e-06, 9.017473293892221e-05], [7.244377712233894e-10, 7.560261210099501e-08], [9.521601679126734e-14, 3.192444130401772e-11]]"
187.25,bdf2,29.726654166666666,0.021061625,3,8.78625315383624e-14,3.190615527772978e-11,1.1027623258996755e-10,2.398081733190338e-14,-34.8404046606207,-34.848867791392024,0.008463130771325211,1.720612155473709e-06,1.721886187269773e-06,-1.274031796064032e-09,0.4702553469928724,5.549531983648711e-09,1.35236624906221e-08,-0.27370236770152984,"{""D"": 5.549531983648711e-09, ""cp"": 3323.8384983486812, ""k"": 0.4702553469928724, ""rho"": 928.1976779631636}","{""D"": 5.6788804132822946e-09, ""cp"": 3415.2957746478824, ""k"": 0.4829577464788726, ""rho"": 976.3999999999974}","[[1.923922331126475e-06, 9.01032375268044e-05], [7.244145055767405e-10, 7.554940899458654e-08], [8.78625315383624e-14, 3.190615527772978e-11]]"
187.5,bdf2,29.728125000000002,0.021063750000000003,3,9.012491263228944e-14,3.18861277251287e-11,2.1827872842550278e-11,3.9968028886505635e-15,-34.862685170483246,-34.87114015391768,0.008454983434432961,1.7204313729081281e-06,1.7217042714023437e-06,-1.272898494215602e-09,0.4702468461393535,5.549549203128365e-09,1.3522233726689924e-08,-0.27387729444288955,"{""D"": 5.549549203128365e-09, ""cp"": 3323.7772922033455, ""k"": 0.4702468461393535, ""rho"": 928.168843424375}","{""D"": 5.678961622104295e-09, ""cp"": 3415.2957746478824, ""k"": 0.4829577464788726, ""rho"": 976.3999999999972}","[[1.9228940913574374e-06, 9.003188785222627e-05], [7.243816249238842e-10, 7.549631107636744e-08], [9.012491263228944e-14, 3.18861277251287e-11]]"
187.75,bdf2,29.729595833333335,0.021065875,3,8.465692044099469e-14,3.187115059883573e-11,1.8826540326699615e-10,1.0969003483296547e-13,-34.8849729404012,-34.89341997819366,0.008447037792464585,1.7202507348132085e-06,1.7215225022659904e-06,-1.2717674527819532e-09,0.4702383510016087,5.54956642428692e-09,1.3520806115281558e-08,-0.2740522796164094,"{""D"": 5.54956642428692e-09, ""cp"": 3323.7161272115827, ""k"": 0.4702383510016087, ""rho"": 928.1400323625585}","{""D"": 5.679042842911219e-09, ""cp"": 3415.2957746478824, ""k"": 0.4829577464788726, ""rho"": 976.3999999999971}","[[1.921900426506485e-06, 8.99606831659832e-05], [7.243504420239478e-10, 7.544330981285868e-08], [8.465692044099469e-14, 3.187115059883573e-11]]"
188.0,bdf2,29.731066666666667,0.021068,3,9.012456616641967e-14,3.184972982518414e-11,2.7853275241795927e-11,5.1514348342607263e-14,-34.90726774757996,-34.91570701630593,0.008439268725972227,1.7200702409091648e-06,1.721340879570601e-06,-1.2706386614362716e-09,0.4702298615686382,5.549583649317034e-09,1.3519379653955369e-08,-0.2742273215895546,"{""D"": 5.549583649317034e-09, ""cp"": 3323.655003294195, ""k"": 0.4702298615686382, ""rho"": 928.1112447312962}","{""D"": 5.679124074649444e-09, ""cp"": 3415.2957746478824, ""k"": 0.4829577464788726, ""rho"": 976.3999999999971}","[[1.920939641476043e-06, 8.988962273924642e-05], [7.243262361065251e-10, 7.539041704643922e-08], [9.012456616641967e-14, 3.184972982518414e-11]]"
188.25,bdf2,29.7325375,0.021070125000000002,3,1.0087144411645203e-13,3.1830921341002245e-11,2.034994395216927e-10,3.1530333899354446e-14,-34.92956935213479,-34.938001032631405,0.00843168049661358,1.7198898909125709e-06,1.7211594030269953e-06,-1.2695121144244507e-09,0.47022137782947715,5.549600880296247e-09,1.3517954340490952e-08,-0.27440241837785295,"{""D"": 5.549600880296247e-09, ""cp"": 3323.5939203722355, ""k"": 0.47022137782947715, ""rho"": 928.0824804843193}","{""D"": 5.679205316317875e-09, ""cp"": 3415.2957746478824, ""k"": 0.4829577464788726, ""rho"": 976.3999999999972}","[[1.9200101465814106e-06, 8.981870585955752e-05], [7.242739377841808e-10, 7.533762598515644e-08], [1.0087144411645203e-13, 3.1830921341002245e-11]]"
188.5,bdf2,29.734008333333335,0.02107225,3,9.01242200371033e-14,3.1812287009451676e-11,2.1475443645613268e-10,1.2878587085651816e-14,-34.951877531306145,-34.96030180207015,0.008424270764002983,1.7197096845423082e-06,1.7209780723469148e-06,-1.268387804606638e-09,0.47021289977319536,5.549618119203569e-09,1.3516530172680576e-08,-0.27457756830481256,"{""D"": 5.549618119203569e-09, ""cp"": 3323.5328783670066, ""k"": 0.47021289977319536, ""rho"": 928.0537395755064}","{""D"": 5.6792865669661356e-09, ""cp"": 3415.2957746478824, ""k"": 0.4829577464788726, ""rho"": 976.3999999999972}","[[1.9191105103419677e-06, 8.97479318310026e-05], [7.242553897580252e-10, 7.528493749977351e-08], [9.01242200371033e-14, 3.1812287009451676e-11]]"
188.75,bdf2,29.735479166666668,0.021074375000000003,3,1.0049396882852097e-13,3.1794871746320304e-11,7.605649443576112e-11,2.220446049250313e-14,-34.974192088011414,-34.98260910958635,0.00841702157493529,1.7195296215185404e-06,1.7207968872430342e-06,-1.2672657244937917e-09,0.4702044273888979,5.5496353679238e-09,1.3515107148163594e-08,-0.2747527694089003,"{""D"": 5.5496353679238e-09, ""cp"": 3323.4718772000647, ""k"": 0.4702044273888979, ""rho"": 928.0250219588854}","{""D"": 5.67936782569278e-09, ""cp"": 3415.2957746478824, ""k"": 0.4829577464788726, ""rho"": 976.3999999999971}","[[1.9182393970712204e-06, 8.967729997351563e-05], [7.242276037737928e-10, 7.523234497249046e-08], [1.0049396882852097e-13, 3.1794871746320304e-11]]"
189.0,bdf2,29.73695,0.0210765,3,7.937688503765145e-14,3.1776411567401047e-11,1.2289547157706693e-10,2.3092638912203256e-14,-34.99651282518314,-35.00492274986158,0.00840992467843904,1.7193497015614003e-06,1.7206158474289515e-06,-1.2661458675512644e-09,0.4701959606657242,5.5496526282508394e-09,1.3513685264767433e-08,-0.27492802046496984,"{""D"": 5.5496526282508394e-09, ""cp"": 3323.4109167932147, ""k"": 0.4701959606657242, ""rho"": 927.9963275886323}","{""D"": 5.6794490916433566e-09, ""cp"": 3415.2957746478824, ""k"": 0.4829577464788726, ""rho"": 976.3999999999971}","[[1.917395531618144e-06, 8.960680962148525e-05], [7.242294198608315e-10, 7.517985589187039e-08], [7.937688503765145e-14, 3.1776411567401047e-11]]"
189.25,bdf2,29.738420833333333,0.021078625,3,8.635283526002034e-14,3.1754990793749454e-11,3.575451046344824e-10,1.6431300764452317e-14,-35.018839554321964,-35.02724252601581,0.008402971693847405,1.719169924393141e-06,1.7204349526191737e-06,-1.265028226032728e-09,0.4701874995928482,5.54966990189966e-09,1.3512264520313612e-08,-0.27510331952989486,"{""D"": 5.54966990189966e-09, ""cp"": 3323.3499970685075, ""k"": 0.4701874995928482, ""rho"": 927.9676564190678}","{""D"": 5.679530364008607e-09, ""cp"": 3415.2957746478824, ""k"": 0.4829577464788726, ""rho"": 976.3999999999971}","[[1.916577816640198e-06, 8.953646012375476e-05], [7.241788214907634e-10, 7.512747147698173e-08], [8.635283526002034e-14, 3.1754990793749454e-11]]"
189.5,bdf2,29.73989166666667,0.021080750000000002,3,7.767969419818623e-14,3.174140688850698e-11,1.6279955161735415e-10,3.863576125695545e-14,-35.04117207839012,-35.049568249350216,0.008396170960097038,1.7189902897365254e-06,1.7202542025291196e-06,-1.263912792594195e-09,0.47017904415947787,5.549687190508708e-09,1.3510844912361623e-08,-0.2752786653367404,"{""D"": 5.549687190508708e-09, ""cp"": 3323.289117948241, ""k"": 0.47017904415947787, ""rho"": 927.9390084046591}","{""D"": 5.679611642022475e-09, ""cp"": 3415.2957746478824, ""k"": 0.4829577464788726, ""rho"": 976.3999999999972}","[[1.915785113891879e-06, 8.946625084188063e-05], [7.241715887639065e-10, 7.507518075620873e-08], [7.767969419818623e-14, 3.174140688850698e-11]]"
189.75,bdf2,29.7413625,0.021082875,3,1.0200153896301877e-13,3.1722075946431154e-11,3.26281224261038e-10,2.5757174171303632e-14,-35.0635102431284,-35.071899738770185,0.008389495641786482,1.7188107973141608e-06,1.7200735968751246e-06,-1.26279956096381e-09,0.47017059435485564,5.549704495645373e-09,1.3509426438918035e-08,-0.275454056383624,"{""D"": 5.549704495645373e-09, ""cp"": 3323.2282793549603, ""k"": 0.47017059435485564, ""rho"": 927.9103835000199}","{""D"": 5.6796929249601e-09, ""cp"": 3415.2957746478824, ""k"": 0.4829577464788726, ""rho"": 976.3999999999972}","[[1.915016436726639e-06, 8.939618114960998e-05], [7.241372064864266e-10, 7.502299383040397e-08], [1.0200153896301877e-13, 3.1722075946431154e-11]]"
190.0,bdf2,29.742833333333333,0.021085,3,1.0294405475470333e-13,3.170396407277452e-11,1.3801582099404186e-10,2.5757174171303632e-14,-35.08585385152683,-35.09423682044144,0.00838296891460999,1.7186314468511032e-06,1.7198931353744273e-06,-1.2616885233240944e-09,0.470162150168258,5.549721818809228e-09,1.350800909762008e-08,-0.2756294913327051,"{""D"": 5.549721818809228e-09, ""cp"": 3323.1674812114575, ""k"": 0.470162150168258, ""rho"": 927.8817816599084}","{""D"": 5.679774212136155e-09, ""cp"": 3415.2957746478824, ""k"": 0.4829577464788726, ""rho"": 976.3999999999972}","[[1.9142708424378605e-06, 8.93262504327065e-05], [7.241113092780302e-10, 7.497090477837804e-08], [1.0294405475470333e-13, 3.170396407277452e-11]]"
190.25,bdf2,29.744304166666666,0.021087125,3,1.0162406464448698e-13,3.1686026351749214e-11,1.5711520973127335e-10,1.9984014443252818e-14,-35.10820277500948,-35.11657932697574,0.00837655196625775,1.7184522380716775e-06,1.7197128177451635e-06,-1.26057967348599e-09,0.470153711588995,5.549739161439611e-09,1.3506592886230155e-08,-0.2758049691625638,"{""D"": 5.549739161439611e-09, ""cp"": 3323.106723440764, ""k"": 0.470153711588995, ""rho"": 927.8532028392262}","{""D"": 5.679855502902883e-09, ""cp"": 3415.2957746478824, ""k"": 0.4829577464788726, ""rho"": 976.3999999999971}","[[1.9135474492270714e-06, 8.925645808807965e-05], [7.240986106204456e-10, 7.491891621242038e-08], [1.0162406464448698e-13, 3.1686026351749214e-11]]"
190.5,bdf2,29.745775000000002,0.02108925,3,9.464783456445593e-14,3.1664257272834984e-11,1.5552359400317073e-10,3.197442310920451e-14,-35.13055682514496,-35.13892709728168,0.008370272136723145,1.7182731707023455e-06,1.7195326437063759e-06,-1.259473004030335e-09,0.4701452786064111,5.549756524917103e-09,1.3505177802654153e-08,-0.2759804879586717,"{""D"": 5.549756524917103e-09, ""cp"": 3323.04600596616, ""k"": 0.4701452786064111, ""rho"": 927.8246469930202}","{""D"": 5.679936796648411e-09, ""cp"": 3415.2957746478824, ""k"": 0.4829577464788726, ""rho"": 976.3999999999972}","[[1.9128454241365063e-06, 8.91868035225655e-05], [7.241004302128919e-10, 7.486702569439412e-08], [9.464783456445593e-14, 3.1664257272834984e-11]]"
190.75,bdf2,29.747245833333334,0.021091375000000002,3,9.106537180703938e-14,3.164823523075412e-11,1.0413714335300028e-10,3.552713678800501e-15,-35.152915864828564,-35.16127997638563,0.008364111557064291,1.7180942444698263e-06,1.7193526129779832e-06,-1.2583685081569376e-09,0.47013685120988324,5.549773910565201e-09,1.3503763844594733e-08,-0.27615604718534326,"{""D"": 5.549773910565201e-09, ""cp"": 3322.985328711159, ""k"": 0.47013685120988324, ""rho"": 927.7961140764774}","{""D"": 5.680018092795127e-09, ""cp"": 3415.2957746478824, ""k"": 0.4829577464788726, ""rho"": 976.3999999999972}","[[1.9121639958693595e-06, 8.911728615362355e-05], [7.240671816366796e-10, 7.481523426921509e-08], [9.106537180703938e-14, 3.164823523075412e-11]]"
191.0,bdf2,29.748716666666667,0.0210935,3,8.427772952014249e-14,3.1633780562355084e-11,9.731593308970332e-11,2.4868995751603507e-14,-35.175279765518184,-35.18363781444691,0.008358048928727158,1.7179154591023995e-06,1.7191727252808074e-06,-1.2572661784078842e-09,0.4701284293888226,5.5497913196594955e-09,1.3502351009948958e-08,-0.27633164534590016,"{""D"": 5.5497913196594955e-09, ""cp"": 3322.9246915995227, ""k"": 0.4701284293888226, ""rho"": 927.7676040449292}","{""D"": 5.6800993907978536e-09, ""cp"": 3415.2957746478824, ""k"": 0.4829577464788726, ""rho"": 976.3999999999971}","[[1.9115024532808144e-06, 8.904790540759502e-05], [7.240348763679352e-10, 7.476354054366224e-08], [8.427772952014249e-14, 3.1633780562355084e-11]]"
191.25,bdf2,29.7501875,0.021095625,3,1.0124620635231023e-13,3.161131487291562e-11,6.673417374258861e-11,2.1760371282653068e-14,-35.197648364474674,-35.20600046692408,0.008352102449407539,1.7177368143286708e-06,1.718992980336559e-06,-1.2561660078881149e-09,0.4701200131326738,5.549808753426213e-09,1.3500939296488547e-08,-0.2765072811743825,"{""D"": 5.549808753426213e-09, ""cp"": 3322.8640945552515, ""k"": 0.4701200131326738, ""rho"": 927.7391168538495}","{""D"": 5.680180690142403e-09, ""cp"": 3415.2957746478824, ""k"": 0.4829577464788726, ""rho"": 976.3999999999971}","[[1.910860040737475e-06, 8.897866072005125e-05], [7.240295329654874e-10, 7.471194504019345e-08], [1.0124620635231023e-13, 3.161131487291562e-11]]"
191.5,bdf2,29.751658333333335,0.021097750000000002,3,1.0973031562970592e-13,3.159581528872869e-11,9.15179043659009e-11,2.353672812205332e-14,-35.220021533177764,-35.22836779435181,0.008346261174047243,1.71755830987742e-06,1.7188133778678288e-06,-1.2550679904087834e-09,0.47011160243091443,5.54982621304429e-09,1.3499528701950104e-08,-0.27668295370833496,"{""D"": 5.54982621304429e-09, ""cp"": 3322.8035375025843, ""k"": 0.47011160243091443, ""rho"": 927.7106524588526}","{""D"": 5.680261990344112e-09, ""cp"": 3415.2957746478824, ""k"": 0.4829577464788726, ""rho"": 976.3999999999971}","[[1.910236183611302e-06, 8.890955153561946e-05], [7.239844080796142e-10, 7.466044340499294e-08], [1.0973031562970592e-13, 3.159581528872869e-11]]"
191.75,bdf2,29.753129166666668,0.021099875,3,8.691680217995441e-14,3.157752926244075e-11,4.6270542952697724e-11,4.39648317751562e-14,-35.242399143117126,-35.250739661967145,0.008340518850019407,1.7173799454786749e-06,1.7186339175980832e-06,-1.253972119408349e-09,0.4701031972730553,5.549843699648787e-09,1.349811922432642e-08,-0.27685866191838354,"{""D"": 5.549843699648787e-09, ""cp"": 3322.743020365998, ""k"": 0.4701031972730553, ""rho"": 927.6822108156933}","{""D"": 5.680343290946374e-09, ""cp"": 3415.2957746478824, ""k"": 0.4829577464788726, ""rho"": 976.3999999999971}","[[1.9096301860492553e-06, 8.884057730571888e-05], [7.239935832361541e-10, 7.460904190755542e-08], [8.691680217995441e-14, 3.157752926244075e-11]]"
192.0,bdf2,29.7546,0.021102000000000003,3,9.747483928380767e-14,3.155959154141544e-11,1.0663825378287584e-10,7.105427357601002e-15,-35.26478104868978,-35.27311593914817,0.008334890458392863,1.7172017208646118e-06,1.7184545992516657e-06,-1.2528783870538746e-09,0.4700947976486396,5.549861214336298e-09,1.349671086132652e-08,-0.2770344048537196,"{""D"": 5.549861214336298e-09, ""cp"": 3322.682543070205, ""k"": 0.4700947976486396, ""rho"": 927.6537918802665}","{""D"": 5.680424591519212e-09, ""cp"": 3415.2957746478824, ""k"": 0.4829577464788726, ""rho"": 976.3999999999971}","[[1.9090415254722374e-06, 8.877173749117297e-05], [7.239659936097354e-10, 7.45577388063546e-08], [9.747483928380767e-14, 3.155959154141544e-11]]"
192.25,bdf2,29.756070833333332,0.021104125,3,1.0954114797050959e-13,3.1537996615132535e-11,4.843059286940843e-11,2.0872192862952943e-14,-35.287167155610824,-35.2954964996357,0.008329344024879504,1.7170236357665107e-06,1.7182754225537979e-06,-1.2517867872871688e-09,0.4700864035472442,5.549878758162809e-09,1.3495303610838316e-08,-0.2772101812511322,"{""D"": 5.549878758162809e-09, ""cp"": 3322.6221055401584, ""k"": 0.4700864035472442, ""rho"": 927.6253956086077}","{""D"": 5.680505891658028e-09, ""cp"": 3415.2957746478824, ""k"": 0.4829577464788726, ""rho"": 976.3999999999971}","[[1.9084696012513034e-06, 8.870303155924882e-05], [7.23955184469405e-10, 7.450653462384837e-08], [1.0954114797050959e-13, 3.1537996615132535e-11]]"
192.5,bdf2,29.75754166666667,0.02110625,3,8.107160710039574e-14,3.1522671183576926e-11,1.064108801074326e-10,9.814371537686384e-14,-35.309557318296804,-35.317881221187974,0.008323902891170576,1.7168456899165708e-06,1.7180963872305639e-06,-1.2506973139930771e-09,0.4700780149584781,5.549896332146899e-09,1.3493897470704752e-08,-0.27738599052114987,"{""D"": 5.549896332146899e-09, ""cp"": 3322.561707701043, ""k"": 0.4700780149584781, ""rho"": 927.5970219568902}","{""D"": 5.680587190982329e-09, ""cp"": 3415.2957746478824, ""k"": 0.4829577464788726, ""rho"": 976.3999999999971}","[[1.9079139264518682e-06, 8.863445898400548e-05], [7.239564422417324e-10, 7.445541943333673e-08], [8.107160710039574e-14, 3.1522671183576926e-11]]"
192.75,bdf2,29.7590125,0.021108375000000002,3,9.030982721708598e-14,3.1507519904652635e-11,2.3214852262753993e-10,2.398081733190338e-14,-35.331951442480474,-35.34026998502071,0.008318542540237672,1.7166678830511162e-06,1.7179174930089124e-06,-1.2496099577962155e-09,0.4700696318719829,5.549913937275074e-09,1.3492492438742674e-08,-0.277561831420849,"{""D"": 5.549913937275074e-09, ""cp"": 3322.5013494782775, ""k"": 0.4700696318719829, ""rho"": 927.568670881426}","{""D"": 5.6806684891345235e-09, ""cp"": 3415.2957746478824, ""k"": 0.4829577464788726, ""rho"": 976.399999999997}","[[1.9073739967986863e-06, 8.856601924699059e-05], [7.239375268035712e-10, 7.440440246490917e-08], [9.030982721708598e-14, 3.1507519904652635e-11]]"
193.0,bdf2,29.760483333333333,0.0211105,3,8.616182110568246e-14,3.1486273283632354e-11,2.8467184165492654e-10,3.9968028886505635e-14,-35.35434940824998,-35.36266267623489,0.008313267984910055,1.7164902149022807e-06,1.7177387396166693e-06,-1.2485247143885743e-09,0.4700612542774334,5.549931574497742e-09,1.3491088512905265e-08,-0.27773770329968656,"{""D"": 5.549931574497742e-09, ""cp"": 3322.4410307975204, ""k"": 0.4700612542774334, ""rho"": 927.5403423386671}","{""D"": 5.680749785778763e-09, ""cp"": 3415.2957746478824, ""k"": 0.4829577464788726, ""rho"": 976.399999999997}","[[1.9068493095296196e-06, 8.849771183619539e-05], [7.239367114533541e-10, 7.435348249949723e-08], [8.616182110568246e-14, 3.1486273283632354e-11]]"
193.25,bdf2,29.761954166666666,0.021112625000000003,3,9.408023356241118e-14,3.146711649418784e-11,1.857642928371206e-10,3.597122599785507e-14,-35.376751104253195,-35.3850591832483,0.008308078995106882,1.7163126852051488e-06,1.7175601267824993e-06,-1.2474415773504909e-09,0.47005288216453556,5.5499492447344706e-09,1.3489685691001355e-08,-0.2779136051223113,"{""D"": 5.5499492447344706e-09, ""cp"": 3322.3807515846565, ""k"": 0.47005288216453556, ""rho"": 927.5120362851999}","{""D"": 5.680831080599943e-09, ""cp"": 3415.2957746478824, ""k"": 0.4829577464788726, ""rho"": 976.399999999997}","[[1.9063394371137666e-06, 8.842953624500988e-05], [7.239153458806465e-10, 7.430265640235358e-08], [9.408023356241118e-14, 3.146711649418784e-11]]"
193.5,bdf2,29.763425,0.02111475,3,8.484173223732308e-14,3.1453184283682736e-11,1.5450041246367618e-10,6.572520305780927e-14,-35.39915641914664,-35.40745939766907,0.008302978522429783,1.716135293697373e-06,1.7173816542359283e-06,-1.2463605385553193e-09,0.47004451552302806,5.5499669488752696e-09,1.3488283970885637e-08,-0.27808953580941215,"{""D"": 5.5499669488752696e-09, ""cp"": 3322.320511765802, ""k"": 0.47004451552302806, ""rho"": 927.4837526777485}","{""D"": 5.6809123733028184e-09, ""cp"": 3415.2957746478824, ""k"": 0.4829577464788726, ""rho"": 976.3999999999971}","[[1.9058439439173192e-06, 8.836149197379015e-05], [7.239154739843101e-10, 7.42519231285624e-08], [8.484173223732308e-14, 3.1453184283682736e-11]]"
193.75,bdf2,29.764895833333334,0.021116875,3,1.0331817921302986e-13,3.143193766266246e-11,2.1259438653942198e-10,9.325873406851315e-14,-35.421565250145704,-35.42986321407824,0.008297963932534458,1.7159580401166466e-06,1.7172033217073393e-06,-1.2452815906927418e-09,0.47003615434268176,5.5499846877826e-09,1.3486883350441007e-08,-0.2782654949976197,"{""D"": 5.5499846877826e-09, ""cp"": 3322.2603112673087, ""k"": 0.47003615434268176, ""rho"": 927.4554914731743}","{""D"": 5.68099366361084e-09, ""cp"": 3415.2957746478824, ""k"": 0.4829577464788726, ""rho"": 976.399999999997}","[[1.9053624418218577e-06, 8.829357852794277e-05], [7.238858136153551e-10, 7.420129364973951e-08], [1.0331817921302986e-13, 3.143193766266246e-11]]"
194.0,bdf2,29.766366666666666,0.021119000000000002,3,1.003013989023642e-13,3.141608977321291e-11,3.894911060342565e-10,1.865174681370263e-14,-35.44397752012399,-35.4522705303296,0.008293010205612461,1.7157809241974514e-06,1.717025128927956e-06,-1.244204730504646e-09,0.47002779861329913,5.550002462288541e-09,1.3485483827608955e-08,-0.27844148166448407,"{""D"": 5.550002462288541e-09, ""cp"": 3322.200150015754, ""k"": 0.47002779861329913, ""rho"": 927.4272526284731}","{""D"": 5.681074951265121e-09, ""cp"": 3415.2957746478824, ""k"": 0.4829577464788726, ""rho"": 976.399999999997}","[[1.9048944821926507e-06, 8.822579541879542e-05], [7.238893361132427e-10, 7.415074967985858e-08], [1.003013989023642e-13, 3.141608977321291e-11]]"
194.25,bdf2,29.7678375,0.021121125,3,8.125906121593356e-14,3.1399545273238105e-11,1.3778844731859863e-10,2.220446049250313e-14,-35.46639310066166,-35.47468124694717,0.008288146285508446,1.7156039456815269e-06,1.716847075629856e-06,-1.243129948329139e-09,0.470019448324715,5.550020273200453e-09,1.3484085400270391e-08,-0.2786174950677875,"{""D"": 5.550020273200453e-09, ""cp"": 3322.1400279379477, ""k"": 0.470019448324715, ""rho"": 927.399036100777}","{""D"": 5.681156236023868e-09, ""cp"": 3415.2957746478824, ""k"": 0.4829577464788726, ""rho"": 976.399999999997}","[[1.904439756481338e-06, 8.815814216237796e-05], [7.238753250665056e-10, 7.410029870748279e-08], [8.125906121593356e-14, 3.1399545273238105e-11]]"
194.5,bdf2,29.769308333333335,0.02112325,3,1.0331758869868688e-13,3.13791694153744e-11,4.4565240386873484e-10,4.39648317751562e-14,-35.488811923197176,-35.49709526687792,0.008283343680744792,1.7154271043075183e-06,1.7166691615459547e-06,-1.2420572384364664e-09,0.47001110346679553,5.55003812130336e-09,1.3482688066392106e-08,-0.2787935342387786,"{""D"": 5.55003812130336e-09, ""cp"": 3322.0799449609276, ""k"": 0.47001110346679553, ""rho"": 927.3708418473527}","{""D"": 5.681237517661454e-09, ""cp"": 3415.2957746478824, ""k"": 0.4829577464788726, ""rho"": 976.399999999997}","[[1.9039978590469206e-06, 8.809061828098967e-05], [7.238707411777078e-10, 7.404994735041208e-08], [1.0331758869868688e-13, 3.13791694153744e-11]]"
194.75,bdf2,29.770779166666667,0.021125375000000002,3,9.087405642474588e-14,3.136192830487433e-11,9.970335668185726e-11,2.6201263381153694e-14,-35.51123387642628,-35.51951249615115,0.00827861972486943,1.715250399814595e-06,1.7164913864100017e-06,-1.240986595406676e-09,0.4700027640294384,5.550056007353635e-09,1.3481291823682353e-08,-0.27896959879002087,"{""D"": 5.550056007353635e-09, ""cp"": 3322.0199010119563, ""k"": 0.4700027640294384, ""rho"": 927.3426698256003}","{""D"": 5.6813187959675495e-09, ""cp"": 3415.2957746478824, ""k"": 0.4829577464788726, ""rho"": 976.3999999999971}","[[1.9035684462801824e-06, 8.802322330041297e-05], [7.238851996886215e-10, 7.399968498533598e-08], [9.087405642474588e-14, 3.136192830487433e-11]]"
195.0,bdf2,29.77225,0.0211275,3,1.0765350088835109e-13,3.1346951178581345e-11,2.412434696452692e-10,1.0658141036401503e-14,-35.53365886615222,-35.541932842866686,0.00827397671446306,1.7150738319446147e-06,1.716313749956578e-06,-1.2399180119633314e-09,0.46999443000257246,5.550073932088618e-09,1.3479896670264843e-08,-0.27914568775167514,"{""D"": 5.550073932088618e-09, ""cp"": 3321.959896018522, ""k"": 0.46999443000257246, ""rho"": 927.3145199930525}","{""D"": 5.6814000707464564e-09, ""cp"": 3415.2957746478824, ""k"": 0.4829577464788726, ""rho"": 976.3999999999971}","[[1.9031512626210493e-06, 8.795595675235146e-05], [7.238363106745386e-10, 7.394951683683341e-08], [1.0765350088835109e-13, 3.1346951178581345e-11]]"
195.25,bdf2,29.773720833333336,0.021129625000000003,3,8.201258099531272e-14,3.1328490999662095e-11,1.0686562745831907e-11,8.79296635503124e-14,-35.55608682383361,-35.56435621762404,0.008269393790428126,1.7148974004392937e-06,1.7161362519211084e-06,-1.2388514818146718e-09,0.4699861013761586,5.550091896222549e-09,1.3478502603958269e-08,-0.27932180053889843,"{""D"": 5.550091896222549e-09, ""cp"": 3321.8999299083416, ""k"": 0.4699861013761586, ""rho"": 927.2863923073774}","{""D"": 5.6814813418163e-09, ""cp"": 3415.2957746478824, ""k"": 0.4829577464788726, ""rho"": 976.399999999997}","[[1.9027458986679683e-06, 8.788881817234007e-05], [7.238733939463911e-10, 7.389944029261496e-08], [8.201258099531272e-14, 3.1328490999662095e-11]]"
195.5,bdf2,29.775191666666668,0.02113175,3,8.465190526135805e-14,3.130863759969233e-11,2.7114310796605423e-10,3.6415315207705135e-14,-35.57851765528696,-35.586782533293615,0.008264878006656318,1.7147211050424453e-06,1.7159588920398397e-06,-1.2377869973943637e-09,0.4699777781401885,5.550109900448669e-09,1.3477109622714999e-08,-0.27949793636386827,"{""D"": 5.550109900448669e-09, ""cp"": 3321.8400026093573, ""k"": 0.4699777781401885, ""rho"": 927.2582867263743}","{""D"": 5.681562609008512e-09, ""cp"": 3415.2957746478824, ""k"": 0.4829577464788726, ""rho"": 976.399999999997}","[[1.9023521312947277e-06, 8.78218071002675e-05], [7.238469412970143e-10, 7.384945866158053e-08], [8.465190526135805e-14, 3.130863759969233e-11]]"
195.75,bdf2,29.7766625,0.021133875,3,7.974986145739117e-14,3.129400877866198e-11,2.617071004351601e-10,5.329070518200751e-15,-35.60095129198311,-35.609211704959876,0.008260412976767384,1.7145449454970107e-06,1.7157816700498368e-06,-1.236724552826116e-09,0.46996946028468467,5.5501279454398305e-09,1.347571772442379e-08,-0.2796740947644052,"{""D"": 5.5501279454398305e-09, ""cp"": 3321.78011404973, ""k"": 0.46996946028468467, ""rho"": 927.2302032079739}","{""D"": 5.681643872167063e-09, ""cp"": 3415.2957746478824, ""k"": 0.48295774647887246, ""rho"": 976.3999999999969}","[[1.9019696097401911e-06, 8.775492308124715e-05], [7.238502773868986e-10, 7.3799566370846e-08], [7.974986145739117e-14, 3.129400877866198e-11]]"
196.0,bdf2,29.778133333333333,0.021136000000000002,3,1.0652147992274764e-13,3.1272762157641707e-11,5.775291356258094e-11,6.750155989720952e-14,-35.62338761410517,-35.63164364963427,0.008256035529100814,1.7143689215466872e-06,1.7156045856889956e-06,-1.2356641423083882e-09,0.4699611477997011,5.550146031851147e-09,1.347432690711477e-08,-0.2798502747283532,"{""D"": 5.550146031851147e-09, ""cp"": 3321.720264157848, ""k"": 0.4699611477997011, ""rho"": 927.2021417102393}","{""D"": 5.681725131147996e-09, ""cp"": 3415.2957746478824, ""k"": 0.48295774647887246, ""rho"": 976.3999999999969}","[[1.9015980724227126e-06, 8.768816566370116e-05], [7.238500315921474e-10, 7.374976899329553e-08], [1.0652147992274764e-13, 3.1272762157641707e-11]]"
196.25,bdf2,29.77960416666667,0.021138125,3,7.711009278781623e-14,3.1257959183980034e-11,3.1036506698001176e-11,3.064215547965432e-14,-35.64582657878379,-35.654078286560775,0.008251707776985029,1.7141930329357884e-06,1.7154276386960216e-06,-1.234605760233187e-09,0.46995284067532195,5.550164160317097e-09,1.3472937168674597e-08,-0.28002647603544445,"{""D"": 5.550164160317097e-09, ""cp"": 3321.6604528623175, ""k"": 0.46995284067532195, ""rho"": 927.1741021913634}","{""D"": 5.681806385818714e-09, ""cp"": 3415.2957746478824, ""k"": 0.48295774647887246, ""rho"": 976.3999999999969}","[[1.9012372730343268e-06, 8.762153440075391e-05], [7.23883533505755e-10, 7.370005747299226e-08], [7.711009278781623e-14, 3.1257959183980034e-11]]"
196.5,bdf2,29.781075,0.021140250000000003,3,8.52168598087997e-14,3.12410663787426e-11,3.68913788406644e-11,1.2878587085651816e-14,-35.668268100410394,-35.67651553683646,0.008247436426067623,1.7140172794119902e-06,1.7152508288104393e-06,-1.233549398449091e-09,0.46994453890166255,5.550182331455168e-09,1.3471548507076429e-08,-0.2802026978833564,"{""D"": 5.550182331455168e-09, ""cp"": 3321.6006800919704, ""k"": 0.46994453890166255, ""rho"": 927.1460846096703}","{""D"": 5.681887636057494e-09, ""cp"": 3415.2957746478824, ""k"": 0.48295774647887246, ""rho"": 976.3999999999969}","[[1.90088696640074e-06, 8.755502884849037e-05], [7.238568935555965e-10, 7.365044278155202e-08], [8.52168598087997e-14, 3.12410663787426e-11]]"
196.75,bdf2,29.782545833333334,0.021142375,3,9.916810406357237e-14,3.121999391035363e-11,6.639311322942376e-11,1.4654943925052066e-14,-35.69071209338307,-35.69895532315286,0.008243229769789195,1.7138416607207365e-06,1.7150741557725936e-06,-1.2324950518571732e-09,0.4699362424688692,5.550200545868231e-09,1.3470160920302067e-08,-0.2803789393086646,"{""D"": 5.550200545868231e-09, ""cp"": 3321.5409457758583, ""k"": 0.4699362424688692, ""rho"": 927.118088923615}","{""D"": 5.681968881753055e-09, ""cp"": 3415.2957746478824, ""k"": 0.4829577464788726, ""rho"": 976.399999999997}","[[1.9005468937757115e-06, 8.748864856769757e-05], [7.238489186694991e-10, 7.360091934609059e-08], [9.916810406357237e-14, 3.121999391035363e-11]]"
197.0,bdf2,29.784016666666666,0.0211445,3,1.102913129225608e-13,3.120327525774751e-11,1.6143530956469476e-11,8.881784197001252e-15,-35.713158489202975,-35.721397570436864,0.008239081233888612,1.7136661766096843e-06,1.7148976193236168e-06,-1.2314427139325274e-09,0.4699279513671175,5.550218804138486e-09,1.3468774406287316e-08,-0.28055520039106896,"{""D"": 5.550218804138486e-09, ""cp"": 3321.4812498432466, ""k"": 0.4699279513671175, ""rho"": 927.0901150917787}","{""D"": 5.682050122803979e-09, ""cp"": 3415.2957746478824, ""k"": 0.4829577464788726, ""rho"": 976.399999999997}","[[1.9002167843493697e-06, 8.74223931224715e-05], [7.238418867108464e-10, 7.355148385770797e-08], [1.102913129225608e-13, 3.120327525774751e-11]]"
197.25,bdf2,29.785487500000002,0.021146625000000002,3,8.766728723897294e-14,3.118533753672219e-11,1.2028067430946976e-10,5.240252676230739e-14,-35.73560721937676,-35.74384220518709,0.008234985810332773,1.713490826826716e-06,1.7147212192054608e-06,-1.230392378744864e-09,0.46991966558661447,5.550237106833781e-09,1.3467388963006164e-08,-0.28073148015209587,"{""D"": 5.550237106833781e-09, ""cp"": 3321.421592223624, ""k"": 0.46991966558661447, ""rho"": 927.0621630728738}","{""D"": 5.682131359118263e-09, ""cp"": 3415.2957746478824, ""k"": 0.4829577464788726, ""rho"": 976.399999999997}","[[1.899896453850432e-06, 8.735626208004287e-05], [7.238429618755927e-10, 7.350214084437259e-08], [8.766728723897294e-14, 3.118533753672219e-11]]"
197.5,bdf2,29.786958333333335,0.02114875,3,9.671662987175166e-14,3.1167225663065564e-11,2.0406787371030077e-10,1.509903313490213e-14,-35.75805819832046,-35.76628915529341,0.008230956972944625,1.7133156111228187e-06,1.7145449551608733e-06,-1.2293440380546702e-09,0.46991138511759656,5.5502554545092515e-09,1.3466004588414963e-08,-0.28090777809505263,"{""D"": 5.5502554545092515e-09, ""cp"": 3321.361972846695, ""k"": 0.46991138511759656, ""rho"": 927.0342328257398}","{""D"": 5.682212590612811e-09, ""cp"": 3415.2957746478824, ""k"": 0.4829577464788726, ""rho"": 976.399999999997}","[[1.899585668048706e-06, 8.729025501217034e-05], [7.238363074694872e-10, 7.345288856455811e-08], [9.671662987175166e-14, 3.1167225663065564e-11]]"
197.75,bdf2,29.788429166666667,0.021150875000000003,3,8.144542830262642e-14,3.1153467605191775e-11,4.217781679471955e-11,5.5067062021407764e-14,-35.78051139174366,-35.788738350584026,0.008226958840367615,1.713140529244171e-06,1.714368826933405e-06,-1.228297689234026e-09,0.4699031099503309,5.550273847702156e-09,1.3464621280591466e-08,-0.2810840938096004,"{""D"": 5.550273847702156e-09, ""cp"": 3321.3023916423826, ""k"": 0.4699031099503309, ""rho"": 927.0063243093448}","{""D"": 5.682293817213068e-09, ""cp"": 3415.2957746478824, ""k"": 0.4829577464788726, ""rho"": 976.399999999997}","[[1.8992841921505673e-06, 8.722437149305075e-05], [7.238549164695168e-10, 7.340371900724351e-08], [8.144542830262642e-14, 3.1153467605191775e-11]]"
198.0,bdf2,29.7899,0.021153,3,9.124887132513599e-14,3.113587818942909e-11,2.128217602148652e-10,2.398081733190338e-14,-35.80296668842984,-35.8111897222102,0.008223033780360822,1.7129655809450167e-06,1.7141928342673938e-06,-1.227253322377093e-09,0.4698948400751143,5.5502922869377426e-09,1.3463239037352449e-08,-0.2812604263071744,"{""D"": 5.5502922869377426e-09, ""cp"": 3321.2428485408227, ""k"": 0.4698948400751143, ""rho"": 926.978437482783}","{""D"": 5.682375038852698e-09, ""cp"": 3415.2957746478824, ""k"": 0.48295774647887246, ""rho"": 976.3999999999969}","[[1.8989918565962013e-06, 8.715861110123473e-05], [7.238439262838893e-10, 7.335464749786036e-08], [9.124887132513599e-14, 3.113587818942909e-11]]"
198.25,bdf2,29.791370833333335,0.021155125,3,8.219924035077946e-14,3.111846292629772e-11,7.258904588525183e-11,1.2256862191861728e-13,-35.82542405409855,-35.8336432029958,0.008219148897254058,1.7127907659747784e-06,1.7140169769079808e-06,-1.2262109332023316e-09,0.4698865754822735,5.550310772725887e-09,1.3461857856915258e-08,-0.2814367755625645,"{""D"": 5.550310772725887e-09, ""cp"": 3321.1833434723694, ""k"": 0.4698865754822735, ""rho"": 926.9505723052769}","{""D"": 5.682456255473168e-09, ""cp"": 3415.2957746478824, ""k"": 0.48295774647887246, ""rho"": 976.3999999999969}","[[1.8987084448834683e-06, 8.709297341718857e-05], [7.238417972698291e-10, 7.330566254233495e-08], [8.219924035077946e-14, 3.111846292629772e-11]]"
198.5,bdf2,29.792841666666668,0.021157250000000002,3,1.0670798550611417e-13,3.110157012106029e-11,1.4438228390645236e-10,9.192646643896296e-14,-35.84788340318808,-35.85609872693141,0.008215323743328895,1.7126160840850633e-06,1.713841254601087e-06,-1.2251705160236093e-09,0.46987831616216524,5.550329305565845e-09,1.346047773718188e-08,-0.28161314081229205,"{""D"": 5.550329305565845e-09, ""cp"": 3321.12387636759, ""k"": 0.46987831616216524, ""rho"": 926.9227287361739}","{""D"": 5.682537467023249e-09, ""cp"": 3415.2957746478824, ""k"": 0.48295774647887246, ""rho"": 976.3999999999969}","[[1.898433758988226e-06, 8.702745802520996e-05], [7.238387258100342e-10, 7.325676170253048e-08], [1.0670798550611417e-13, 3.110157012106029e-11]]"
198.75,bdf2,29.7943125,0.021159375,3,1.0557660496884011e-13,3.1084677315822866e-11,1.2778400559909642e-10,2.6645352591003757e-15,-35.870344692879314,-35.878556229758374,0.008211536879059622,1.7124415350287662e-06,1.7136656670934198e-06,-1.2241320646535623e-09,0.46987006210517546,5.550347885940817e-09,1.3459098676081302e-08,-0.2817895216072811,"{""D"": 5.550347885940817e-09, ""cp"": 3321.064447157263, ""k"": 0.46987006210517546, ""rho"": 926.8949067349472}","{""D"": 5.68261867345887e-09, ""cp"": 3415.2957746478814, ""k"": 0.48295774647887246, ""rho"": 976.3999999999968}","[[1.8981676212493196e-06, 8.696206451325377e-05], [7.238398022042548e-10, 7.320795420853641e-08], [1.0557660496884011e-13, 3.1084677315822866e-11]]"
199.0,bdf2,29.795783333333333,0.0211615,3,8.747759231452423e-14,3.106970018952988e-11,9.185896487906575e-11,2.6645352591003757e-15,-35.892807837621326,-35.9010156483663,0.008207810744970345,1.7122671185602452e-06,1.713490214132467e-06,-1.2230955722216946e-09,0.4698618133017194,5.5503665143235805e-09,1.3457720671766505e-08,-0.28196591761643663,"{""D"": 5.5503665143235805e-09, ""cp"": 3321.00505577238, ""k"": 0.4698618133017194, ""rho"": 926.8671062611947}","{""D"": 5.6826998747426445e-09, ""cp"": 3415.2957746478814, ""k"": 0.48295774647887246, ""rho"": 976.3999999999968}","[[1.8979098672044305e-06, 8.689679247066808e-05], [7.238484199500966e-10, 7.315923379085796e-08], [8.747759231452423e-14, 3.106970018952988e-11]]"
199.25,bdf2,29.79725416666667,0.021163625000000002,3,8.78544841202002e-14,3.104897602640354e-11,2.7762325771618634e-10,7.860379014346108e-14,-35.91527280315128,-35.92347692077169,0.008204117620408624,1.7120928344329894e-06,1.7133148954665058e-06,-1.2220610335164242e-09,0.4698535697422428,5.550385191176668e-09,1.345634372218389e-08,-0.28214232788277027,"{""D"": 5.550385191176668e-09, ""cp"": 3320.945702144148, ""k"": 0.4698535697422428, ""rho"": 926.8393272746409}","{""D"": 5.68278107084361e-09, ""cp"": 3415.2957746478814, ""k"": 0.48295774647887246, ""rho"": 976.3999999999968}","[[1.897660304490572e-06, 8.683164149185142e-05], [7.238713660403767e-10, 7.311060132025833e-08], [8.78544841202002e-14, 3.104897602640354e-11]]"
199.5,bdf2,29.798725,0.02116575,3,8.823137451590154e-14,3.1033824747479246e-11,8.094502845779061e-11,1.199040866595169e-14,-35.93773949538179,-35.94593998670064,0.008200491318845593,1.7119186824034957e-06,1.7131397108445713e-06,-1.2210284410756028e-09,0.4698453314172192,5.550403916946912e-09,1.3454967825355873e-08,-0.2823187525054676,"{""D"": 5.550403916946912e-09, ""cp"": 3320.886386203978, ""k"": 0.4698453314172192, ""rho"": 926.8115697351315}","{""D"": 5.682862261737046e-09, ""cp"": 3415.2957746478824, ""k"": 0.48295774647887246, ""rho"": 976.3999999999969}","[[1.8974187716651498e-06, 8.676661117242135e-05], [7.238622623575137e-10, 7.30620573191954e-08], [8.823137451590154e-14, 3.1033824747479246e-11]]"
199.75,bdf2,29.800195833333333,0.021167875000000003,3,9.671497697046462e-14,3.1014493805403416e-11,6.108393790782429e-10,8.704148513061227e-14,-35.96020790569881,-35.968404786612496,0.008196880913686755,1.7117446622269566e-06,1.7129646600164874e-06,-1.2199977895307353e-09,0.46983709831715226,5.550422692074627e-09,1.3453592979387667e-08,-0.28249519065971423,"{""D"": 5.550422692074627e-09, ""cp"": 3320.827107883496, ""k"": 0.46983709831715226, ""rho"": 926.783833602638}","{""D"": 5.6829434474039884e-09, ""cp"": 3415.2957746478824, ""k"": 0.48295774647887246, ""rho"": 976.3999999999969}","[[1.8971851421648999e-06, 8.670170111095611e-05], [7.238420357107382e-10, 7.301360318089024e-08], [9.671497697046462e-14, 3.1014493805403416e-11]]"
200.0,bdf2,29.801666666666666,0.02117,3,9.878859992301638e-14,3.099986498437306e-11,3.7061909097246826e-11,6.17284001691587e-14,-35.98267791438526,-35.990871262417556,0.008193348032293102,1.7115707736583909e-06,1.7127897427328376e-06,-1.2189690744467573e-09,0.4698288704325744,5.550441516986873e-09,1.3452219182276799e-08,-0.28267164184720267,"{""D"": 5.550441516986873e-09, ""cp"": 3320.767867114535, ""k"": 0.4698288704325744, ""rho"": 926.756118837254}","{""D"": 5.683024627831139e-09, ""cp"": 3415.2957746478824, ""k"": 0.48295774647887246, ""rho"": 976.3999999999969}","[[1.8969591970492443e-06, 8.663691090934276e-05], [7.238517852317925e-10, 7.296523072016916e-08], [9.878859992301638e-14, 3.099986498437306e-11]]"
200.25,bdf2,29.803137500000002,0.021172125,3,8.672265217282344e-14,3.098227556861037e-11,1.6279955161735415e-10,4.3076653355456074e-14,-36.00514951283513,-36.01333935723261,0.008189844397477941,1.711397016457228e-06,1.7126149587449777e-06,-1.2179422877497508e-09,0.46982064775404686,5.550460392099669e-09,1.3450846431998277e-08,-0.2828481058229333,"{""D"": 5.550460392099669e-09, ""cp"": 3320.7086638291375, ""k"": 0.46982064775404686, ""rho"": 926.7284253991965}","{""D"": 5.6831058030104975e-09, ""cp"": 3415.2957746478824, ""k"": 0.48295774647887246, ""rho"": 976.3999999999969}","[[1.8967408238974879e-06, 8.657224017208068e-05], [7.238509773310438e-10, 7.291694812220585e-08], [8.672265217282344e-14, 3.098227556861037e-11]]"
200.5,bdf2,29.804608333333334,0.021174250000000002,3,8.823070481425292e-14,3.096642767916082e-11,1.6075318853836507e-10,3.552713678800501e-14,-36.02762263262027,-36.03580901499441,0.008186382374141488,1.7112233903806098e-06,1.7124403078050192e-06,-1.2169174244093988e-09,0.4698124302721597,5.550479317821749e-09,1.3449474726754877e-08,-0.2830245821298681,"{""D"": 5.550479317821749e-09, ""cp"": 3320.64949795955, ""k"": 0.4698124302721597, ""rho"": 926.700753248803}","{""D"": 5.683186972939156e-09, ""cp"": 3415.2957746478824, ""k"": 0.48295774647887246, ""rho"": 976.3999999999969}","[[1.896529863912519e-06, 8.650768850645567e-05], [7.238626123751635e-10, 7.286875503869502e-08], [8.823070481425292e-14, 3.096642767916082e-11]]"
200.75,bdf2,29.806079166666667,0.021176375,3,8.615674275285375e-14,3.094761919497894e-11,2.34194885706529e-10,1.2434497875801753e-14,-36.050097222409846,-36.05828018095423,0.008182958544381336,1.7110498951874285e-06,1.712265789665843e-06,-1.2158944784145203e-09,0.4698042179775319,5.550498294549813e-09,1.3448104064467212e-08,-0.2832010703260255,"{""D"": 5.550498294549813e-09, ""cp"": 3320.5903694382305, ""k"": 0.4698042179775319, ""rho"": 926.673102346535}","{""D"": 5.683268137618995e-09, ""cp"": 3415.2957746478824, ""k"": 0.48295774647887246, ""rho"": 976.3999999999969}","[[1.8963261650856038e-06, 8.644325552166925e-05], [7.238806574308063e-10, 7.282064293615775e-08], [8.615674275285375e-14, 3.094761919497894e-11]]"
201.0,bdf2,29.80755,0.021178500000000003,3,9.482879518827551e-14,3.093142300026676e-11,7.139533408917487e-11,4.884981308350689e-14,-36.072573222331215,-36.080752801292704,0.008179578961488687,1.7108765306379039e-06,1.7120914040810795e-06,-1.2148734431756225e-09,0.4697960108608108,5.550517322672196e-09,1.3446734443307727e-08,-0.2833775697688814,"{""D"": 5.550517322672196e-09, ""cp"": 3320.531278197838, ""k"": 0.4697960108608108, ""rho"": 926.6454726529728}","{""D"": 5.683349297056577e-09, ""cp"": 3415.2957746478824, ""k"": 0.48295774647887246, ""rho"": 976.3999999999969}","[[1.8961296033113673e-06, 8.637894082988349e-05], [7.23892104132551e-10, 7.277262313451509e-08], [9.482879518827551e-14, 3.093142300026676e-11]]"
201.25,bdf2,29.809020833333335,0.021180625,3,9.124661991983419e-14,3.091540095818589e-11,1.2107648217352107e-10,2.2648549702353193e-14,-36.09505058106211,-36.10322682335578,0.008176242293671976,1.7107032964905167e-06,1.711917150805117e-06,-1.2138543146002656e-09,0.46978780891267213,5.5505364025666544e-09,1.344536586130309e-08,-0.2835540804018495,"{""D"": 5.5505364025666544e-09, ""cp"": 3320.4722241712398, ""k"": 0.46978780891267213, ""rho"": 926.6178641288187}","{""D"": 5.68343045126294e-09, ""cp"": 3415.2957746478824, ""k"": 0.48295774647887246, ""rho"": 976.3999999999969}","[[1.8959400573135092e-06, 8.631474404569862e-05], [7.238863950527234e-10, 7.272468518460913e-08], [9.124661991983419e-14, 3.091540095818589e-11]]"
201.5,bdf2,29.810491666666667,0.02118275,3,9.105792115564172e-14,3.0896940779266637e-11,7.980816008057445e-11,6.350475700855895e-14,-36.11752924728429,-36.12570219525537,0.008172947971083033,1.7105301925071072e-06,1.7117430295930908e-06,-1.2128370859835486e-09,0.46977961212382,5.5505555346040745e-09,1.3443998316491717e-08,-0.2837306015620158,"{""D"": 5.5505555346040745e-09, ""cp"": 3320.4132072915045, ""k"": 0.46977961212382, ""rho"": 926.5902767348946}","{""D"": 5.683511600253398e-09, ""cp"": 3415.2957746478824, ""k"": 0.48295774647887246, ""rho"": 976.3999999999969}","[[1.8957573718823908e-06, 8.625066478632715e-05], [7.239016124787337e-10, 7.267683518178201e-08], [9.105792115564172e-14, 3.0896940779266637e-11]]"
201.75,bdf2,29.8119625,0.021184875000000002,3,9.501678102470681e-14,3.0881441195079716e-11,9.822542779147625e-11,4.75175454539567e-14,-36.14000917822901,-36.14817886615498,0.008169687925970948,1.710357218449688e-06,1.711569040200889e-06,-1.2118217512009999e-09,0.469771420484987,5.5505747191458245e-09,1.344263180698812e-08,-0.2839071329075937,"{""D"": 5.5505747191458245e-09, ""cp"": 3320.3542274919064, ""k"": 0.469771420484987, ""rho"": 926.5627104321422}","{""D"": 5.683592744047136e-09, ""cp"": 3415.2957746478814, ""k"": 0.48295774647887246, ""rho"": 976.3999999999968}","[[1.8955814459164312e-06, 8.61867026707232e-05], [7.238979774358625e-10, 7.262906859806528e-08], [9.501678102470681e-14, 3.0881441195079716e-11]]"
202.0,bdf2,29.813433333333332,0.021187,3,1.1933632608006178e-13,3.086298101616045e-11,2.639808371895924e-10,1.7763568394002505e-14,-36.162490322585654,-36.17065678610061,0.008166463514953648,1.710184374080937e-06,1.7113951823851416e-06,-1.2108083042045923e-09,0.4697632339869334,5.5505939565453205e-09,1.344126633089529e-08,-0.28408367400455925,"{""D"": 5.5505939565453205e-09, ""cp"": 3320.2952847059205, ""k"": 0.4697632339869334, ""rho"": 926.5351651816227}","{""D"": 5.683673882667401e-09, ""cp"": 3415.2957746478824, ""k"": 0.48295774647887246, ""rho"": 976.3999999999969}","[[1.895412137028197e-06, 8.612285732114956e-05], [7.238851048016592e-10, 7.258138978727472e-08], [1.1933632608006178e-13, 3.086298101616045e-11]]"
202.25,bdf2,29.81490416666667,0.021189125,3,1.0312298041453217e-13,3.0847133126710894e-11,1.1857537174364552e-10,7.105427357601002e-15,-36.18497262904763,-36.19313590619413,0.008163277146501002,1.7100116591636995e-06,1.7112214559032196e-06,-1.2097967395201637e-09,0.4697550526204478,5.550613247146431e-09,1.3439901886308521e-08,-0.2842602245574046,"{""D"": 5.550613247146431e-09, ""cp"": 3320.2363788672246, ""k"": 0.4697550526204478, ""rho"": 926.5076409445151}","{""D"": 5.683755016141015e-09, ""cp"": 3415.2957746478824, ""k"": 0.48295774647887246, ""rho"": 976.3999999999969}","[[1.895249304528285e-06, 8.605912836161081e-05], [7.239244536579561e-10, 7.253379247991561e-08], [1.0312298041453217e-13, 3.0847133126710894e-11]]"
202.5,bdf2,29.816375,0.021191250000000002,3,8.596707480801258e-14,3.083128523726135e-11,7.224798537208699e-11,2.3092638912203256e-14,-36.20745603776739,-36.21561617836022,0.008160140592828213,1.7098390734616502e-06,1.7110478605132327e-06,-1.208787051582496e-09,0.4697468763763466,5.550632591285595e-09,1.3438538471309646e-08,-0.2844367844388811,"{""D"": 5.550632591285595e-09, ""cp"": 3320.177509909696, ""k"": 0.4697468763763466, ""rho"": 926.4801376821173}","{""D"": 5.683836144498248e-09, ""cp"": 3415.2957746478824, ""k"": 0.48295774647887246, ""rho"": 976.3999999999969}","[[1.8950928769169173e-06, 8.59955154180271e-05], [7.239381631726791e-10, 7.248627911412481e-08], [8.596707480801258e-14, 3.083128523726135e-11]]"
202.75,bdf2,29.817845833333333,0.021193375,3,1.1386845340619136e-13,3.0812128447816845e-11,1.7007550923153758e-10,1.2434497875801753e-14,-36.22994051453649,-36.23809755504794,0.00815704051145616,1.7096666167385947e-06,1.7108743959740284e-06,-1.2077792354336934e-09,0.4697387052454739,5.550651989294721e-09,1.3437176083955488e-08,-0.2846133526090869,"{""D"": 5.550651989294721e-09, ""cp"": 3320.118677767412, ""k"": 0.4697387052454739, ""rho"": 926.4526553558446}","{""D"": 5.683917267772795e-09, ""cp"": 3415.2957746478814, ""k"": 0.48295774647887246, ""rho"": 976.3999999999968}","[[1.8949427278347162e-06, 8.593201811962745e-05], [7.239375449228921e-10, 7.243885421787074e-08], [1.1386845340619136e-13, 3.0812128447816845e-11]]"
203.0,bdf2,29.819316666666666,0.021195500000000003,3,1.0481910610374828e-13,3.079453903205416e-11,1.5347723092418164e-10,9.192646643896296e-14,-36.25242603369392,-36.26057998999528,0.008153956301356402,1.7094942887617701e-06,1.7107010620451827e-06,-1.2067732834125548e-09,0.46973053921870134,5.5506714414939345e-09,1.3435814722465253e-08,-0.28478992917658186,"{""D"": 5.5506714414939345e-09, ""cp"": 3320.0598823746495, ""k"": 0.46973053921870134, ""rho"": 926.4251939272292}","{""D"": 5.683998386001632e-09, ""cp"": 3415.2957746478814, ""k"": 0.48295774647887246, ""rho"": 976.3999999999967}","[[1.8947987639149655e-06, 8.586863609685997e-05], [7.239269350277332e-10, 7.23915136114902e-08], [1.0481910610374828e-13, 3.079453903205416e-11]]"
203.25,bdf2,29.8207875,0.021197625,3,8.295021451389949e-14,3.0779039447867233e-11,2.298747858731076e-10,4.04121180963557e-14,-36.274912501224684,-36.28306343751433,0.008150936289645472,1.7093220892944567e-06,1.7105278584870027e-06,-1.2057691925459945e-09,0.4697223782869284,5.5506909481982835e-09,1.3434454384940666e-08,-0.28496651384246763,"{""D"": 5.5506909481982835e-09, ""cp"": 3320.0011236658843, ""k"": 0.4697223782869284, ""rho"": 926.3977533579205}","{""D"": 5.684079499224769e-09, ""cp"": 3415.2957746478814, ""k"": 0.48295774647887246, ""rho"": 976.3999999999967}","[[1.8946608241122836e-06, 8.580536898261091e-05], [7.239664724451687e-10, 7.23442527670148e-08], [8.295021451389949e-14, 3.0779039447867233e-11]]"
203.5,bdf2,29.822258333333334,0.02119975,3,1.1556451165065158e-13,3.0763017405786376e-11,3.490185918053612e-11,1.4210854715202004e-14,-36.29739993419769,-36.30554785251405,0.008147918316360858,1.70915001810615e-06,1.7103547850605228e-06,-1.2047669543727886e-09,0.46971422244108163,5.550710509717579e-09,1.3433095069401718e-08,-0.2851431059726834,"{""D"": 5.550710509717579e-09, ""cp"": 3319.9424015757877, ""k"": 0.46971422244108163, ""rho"": 926.3703336096837}","{""D"": 5.68416060748494e-09, ""cp"": 3415.2957746478814, ""k"": 0.48295774647887246, ""rho"": 976.3999999999967}","[[1.8945288493733359e-06, 8.574221641185639e-05], [7.239692478484773e-10, 7.229707621241297e-08], [1.1556451165065158e-13, 3.0763017405786376e-11]]"
203.75,bdf2,29.823729166666666,0.021201875000000002,3,1.0840043763249102e-13,3.074925934791258e-11,1.914486347232014e-10,7.993605777301127e-15,-36.319888238606026,-36.32803319113407,0.008144952528041927,1.7089780749620922e-06,1.7101818415275004e-06,-1.2037665654082436e-09,0.4697060716721154,5.55073012635042e-09,1.3431736774089732e-08,-0.2853197054202289,"{""D"": 5.55073012635042e-09, ""cp"": 3319.883716039231, ""k"": 0.4697060716721154, ""rho"": 926.3429346444001}","{""D"": 5.68424171082781e-09, ""cp"": 3415.2957746478814, ""k"": 0.48295774647887246, ""rho"": 976.3999999999967}","[[1.89440272936737e-06, 8.567917802253303e-05], [7.239765478699493e-10, 7.224998586336361e-08], [1.0840043763249102e-13, 3.074925934791258e-11]]"
204.0,bdf2,29.8252,0.021204,3,1.0180195720869578e-13,3.0729231795311504e-11,8.628830983070657e-11,2.2648549702353193e-14,-36.34237738880245,-36.35051941002132,0.008142021218873197,1.7088062596316153e-06,1.71000902765042e-06,-1.2027680188047334e-09,0.469697925971011,5.55074979839093e-09,1.343037949709082e-08,-0.28549631185084345,"{""D"": 5.55074979839093e-09, ""cp"": 3319.8250669912795, ""k"": 0.469697925971011, ""rho"": 926.3155564240672}","{""D"": 5.684322809301782e-09, ""cp"": 3415.2957746478814, ""k"": 0.48295774647887246, ""rho"": 976.3999999999967}","[[1.8942823677153978e-06, 8.561625345310001e-05], [7.239764955847214e-10, 7.220297719189836e-08], [1.0180195720869578e-13, 3.0729231795311504e-11]]"
204.25,bdf2,29.826670833333335,0.021206125000000003,3,1.004821118047567e-13,3.0714602974281156e-11,6.366462912410498e-11,3.2862601528904634e-14,-36.364867350597876,-36.37300646640398,0.008139115806102382,1.7086345718832472e-06,1.7098363431924695e-06,-1.2017713092223505e-09,0.4696897853287767,5.550769526128158e-09,1.3429023236501842e-08,-0.28567292480416673,"{""D"": 5.550769526128158e-09, ""cp"": 3319.7664543671917, ""k"": 0.4696897853287767, ""rho"": 926.2881989107951}","{""D"": 5.684403902957719e-09, ""cp"": 3415.2957746478814, ""k"": 0.48295774647887246, ""rho"": 976.3999999999967}","[[1.8941676721867693e-06, 8.555344234480292e-05], [7.239800252940604e-10, 7.215604793403298e-08], [1.004821118047567e-13, 3.0714602974281156e-11]]"
204.5,bdf2,29.828141666666667,0.02120825,3,9.614592855652539e-14,3.069980000061948e-11,2.6852831069845706e-10,2.9753977059954195e-14,-36.38735808126229,-36.39549431824918,0.008136236986885592,1.7084630114858158e-06,1.7096637879175634e-06,-1.2007764317476685e-09,0.4696816497364479,5.550789309844546e-09,1.3427667990566824e-08,-0.2858495439365736,"{""D"": 5.550789309844546e-09, ""cp"": 3319.7078781024247, ""k"": 0.4696816497364479, ""rho"": 926.2608620668102}","{""D"": 5.684484991848908e-09, ""cp"": 3415.2957746478814, ""k"": 0.48295774647887246, ""rho"": 976.3999999999967}","[[1.8940585330192251e-06, 8.549074434132544e-05], [7.240071202449871e-10, 7.210920610078852e-08], [9.614592855652539e-14, 3.069980000061948e-11]]"
204.75,bdf2,29.8296125,0.021210375,3,1.1066186888516137e-13,3.0683081348013365e-11,8.65156835061498e-11,5.861977570020827e-14,-36.409849512438036,-36.41798292440228,0.008133411964244885,1.7082915782111892e-06,1.7094913615903242e-06,-1.199783379134956e-09,0.4696735191850868,5.550809149814571e-09,1.3426313757350412e-08,-0.28602616908952466,"{""D"": 5.550809149814571e-09, ""cp"": 3319.6493381326254, ""k"": 0.4696735191850868, ""rho"": 926.2335458544519}","{""D"": 5.684566076030994e-09, ""cp"": 3415.2957746478814, ""k"": 0.48295774647887246, ""rho"": 976.3999999999967}","[[1.8939548402630089e-06, 8.542815908774453e-05], [7.24028748054632e-10, 7.20624445519071e-08], [1.1066186888516137e-13, 3.0683081348013365e-11]]"
205.0,bdf2,29.831083333333332,0.021212500000000002,3,1.1216982494080835e-13,3.066357625330621e-11,1.3915268937125802e-10,8.126832540256146e-14,-36.43234164412063,-36.44047224420035,0.008130600079716999,1.7081202718283116e-06,1.7093190639760893e-06,-1.1987921477777582e-09,0.4696653936657831,5.550829046308491e-09,1.3424960535054404e-08,-0.2862027995999638,"{""D"": 5.550829046308491e-09, ""cp"": 3319.590834393638, ""k"": 0.4696653936657831, ""rho"": 926.2062502361744}","{""D"": 5.684647155561847e-09, ""cp"": 3415.2957746478814, ""k"": 0.48295774647887246, ""rho"": 976.3999999999968}","[[1.8938565695576667e-06, 8.536568623140107e-05], [7.240364253180096e-10, 7.201576433230448e-08], [1.1216982494080835e-13, 3.066357625330621e-11]]"
205.25,bdf2,29.832554166666668,0.021214625,3,1.1254665315052129e-13,3.064772836385666e-11,9.640643838793039e-11,1.9984014443252818e-14,-36.45483441650244,-36.46296223774357,0.008127821241124877,1.7079490921079412e-06,1.7091468948408866e-06,-1.1978027329453963e-09,0.4696572731696518,5.550848999589683e-09,1.3423608321824235e-08,-0.2863794356657653,"{""D"": 5.550848999589683e-09, ""cp"": 3319.5323668214924, ""k"": 0.4696572731696518, ""rho"": 926.1789751745418}","{""D"": 5.684728230501398e-09, ""cp"": 3415.2957746478814, ""k"": 0.48295774647887246, ""rho"": 976.3999999999968}","[[1.8937635843736572e-06, 8.530332542085513e-05], [7.240535286348618e-10, 7.196916875088069e-08], [1.1254665315052129e-13, 3.064772836385666e-11]]"
205.5,bdf2,29.834025,0.021216750000000003,3,9.803039994960462e-14,3.063222877966974e-11,2.1611867850879207e-10,7.860379014346108e-14,-36.47732780395323,-36.48545286573892,0.008125061785690946,1.7077780388246632e-06,1.7089748539514668e-06,-1.1968151268036625e-09,0.46964915768783555,5.550869009916168e-09,1.3422257115809665e-08,-0.2865560766411832,"{""D"": 5.550869009916168e-09, ""cp"": 3319.4739353524164, ""k"": 0.46964915768783555, ""rho"": 926.1517206322346}","{""D"": 5.684809300911529e-09, ""cp"": 3415.2957746478814, ""k"": 0.48295774647887246, ""rho"": 976.3999999999968}","[[1.8936758211397721e-06, 8.524107630780139e-05], [7.240762875478384e-10, 7.192265275720943e-08], [9.803039994960462e-14, 3.063222877966974e-11]]"
205.75,bdf2,29.835495833333333,0.021218875,3,7.46537785434058e-14,3.061359444811917e-11,1.213038558489643e-10,3.1530333899354446e-14,-36.499821721043524,-36.50794408962952,0.008122368585993911,1.7076071117510237e-06,1.708802941075271e-06,-1.1958293242472774e-09,0.46964104721150335,5.550889077539379e-09,1.3420906915267129e-08,-0.28673272251885923,"{""D"": 5.550889077539379e-09, ""cp"": 3319.4155399228243, ""k"": 0.46964104721150335, ""rho"": 926.1244865720435}","{""D"": 5.684890366856149e-09, ""cp"": 3415.2957746478814, ""k"": 0.48295774647887246, ""rho"": 976.3999999999968}","[[1.8935931983761106e-06, 8.517893854515368e-05], [7.240830222621837e-10, 7.187622000849592e-08], [7.46537785434058e-14, 3.061359444811917e-11]]"
206.0,bdf2,29.836966666666665,0.021221,3,8.539923641529127e-14,3.0600010542876687e-11,2.530669007683173e-10,9.325873406851315e-15,-36.522316184864934,-36.53043587116542,0.008119686300489093,1.707436310659526e-06,1.7086311559804293e-06,-1.1948453209032218e-09,0.4696329417318498,5.5509092027082054e-09,1.3419557718301977e-08,-0.2869093724667308,"{""D"": 5.5509092027082054e-09, ""cp"": 3319.357180469319, ""k"": 0.4696329417318498, ""rho"": 926.0972729568687}","{""D"": 5.684971428401024e-09, ""cp"": 3415.2957746478824, ""k"": 0.48295774647887246, ""rho"": 976.3999999999969}","[[1.8935156042520296e-06, 8.511691178687069e-05], [7.241018222388877e-10, 7.182986371278755e-08], [8.539923641529127e-14, 3.0600010542876687e-11]]"
206.25,bdf2,29.8384375,0.021223125000000002,3,9.293983179877403e-14,3.0582769432376626e-11,6.411937647499144e-11,5.417888360170764e-14,-36.5448111612518,-36.55292817271771,0.008117011465913038,1.7072656353256794e-06,1.708459498435781e-06,-1.1938631101015346e-09,0.4696248412400965,5.550929385666007e-09,1.3418209523086059e-08,-0.2870860265687299,"{""D"": 5.550929385666007e-09, ""cp"": 3319.2988569286954, ""k"": 0.4696248412400965, ""rho"": 926.070079749725}","{""D"": 5.6850524856135725e-09, ""cp"": 3415.2957746478824, ""k"": 0.48295774647887246, ""rho"": 976.3999999999969}","[[1.8934430291148806e-06, 8.505499569056838e-05], [7.240966802903874e-10, 7.17835948417001e-08], [9.293983179877403e-14, 3.0582769432376626e-11]]"
206.5,bdf2,29.839908333333334,0.02122525,3,8.78496543303265e-14,3.056483171135132e-11,2.526121534174308e-10,1.554312234475219e-14,-36.56730656478547,-36.57542095750159,0.008114392716123575,1.7070950855218667e-06,1.7082879682108525e-06,-1.192882688985809e-09,0.469616745727491,5.550949626648581e-09,1.3416862327879364e-08,-0.28726268441553704,"{""D"": 5.550949626648581e-09, ""cp"": 3319.2405692379352, ""k"": 0.469616745727491, ""rho"": 926.0429069137365}","{""D"": 5.685133538562941e-09, ""cp"": 3415.2957746478814, ""k"": 0.48295774647887246, ""rho"": 976.3999999999968}","[[1.8933753141943409e-06, 8.499318991368854e-05], [7.241243406392203e-10, 7.173740416514415e-08], [8.78496543303265e-14, 3.056483171135132e-11]]"
206.75,bdf2,29.841379166666666,0.021227375,3,8.634134222415543e-14,3.055177026400278e-11,1.127773430198431e-10,3.597122599785507e-14,-36.589802395478195,-36.597914189181324,0.008111793703129422,1.706924661026319e-06,1.708116565075859e-06,-1.1919040495401488e-09,0.4696086551853069,5.550969925887805e-09,1.341551613076841e-08,-0.2874393458631918,"{""D"": 5.550969925887805e-09, ""cp"": 3319.18231733421, ""k"": 0.4696086551853069, ""rho"": 926.0157544121375}","{""D"": 5.685214587319762e-09, ""cp"": 3415.2957746478824, ""k"": 0.48295774647887246, ""rho"": 976.3999999999969}","[[1.8933124319299336e-06, 8.493149411715593e-05], [7.241365424326178e-10, 7.16912876776091e-08], [8.634134222415543e-14, 3.055177026400278e-11]]"
207.0,bdf2,29.84285,0.021229500000000002,3,8.294785726205924e-14,3.05331359324522e-11,5.6843418860808015e-12,6.306066779870889e-14,-36.612298619173295,-36.62040783197398,0.008109212800682997,1.7067543616141663e-06,1.7079452888017012e-06,-1.190927187534895e-09,0.46960056960484364,5.550990283610658e-09,1.3414170930057308e-08,-0.2876160106418429,"{""D"": 5.550990283610658e-09, ""cp"": 3319.124101154874, ""k"": 0.46960056960484364, ""rho"": 925.9886222082722}","{""D"": 5.6852956319562155e-09, ""cp"": 3415.2957746478824, ""k"": 0.48295774647887246, ""rho"": 976.3999999999969}","[[1.8932542808626462e-06, 8.486990796224372e-05], [7.241662763800254e-10, 7.164525460918444e-08], [8.294785726205924e-14, 3.05331359324522e-11]]"
207.25,bdf2,29.844320833333335,0.021231625,3,8.898026017703275e-14,3.05179846535279e-11,1.211901690112427e-10,9.325873406851315e-14,-36.63479518463248,-36.64290185049737,0.008106665864886509,1.7065841870618383e-06,1.7077741391599606e-06,-1.189952098122266e-09,0.4695924889774262,5.551010700040743e-09,1.3412826723906843e-08,-0.28779267808018183,"{""D"": 5.551010700040743e-09, ""cp"": 3319.0659206374694, ""k"": 0.4695924889774262, ""rho"": 925.9615102655937}","{""D"": 5.685376672545983e-09, ""cp"": 3415.2957746478824, ""k"": 0.48295774647887246, ""rho"": 976.3999999999969}","[[1.8932008392771296e-06, 8.480843111318564e-05], [7.241713144583564e-10, 7.159930739800702e-08], [8.898026017703275e-14, 3.05179846535279e-11]]"
207.5,bdf2,29.845791666666667,0.021233750000000003,3,1.0670070313397738e-13,3.050440074828542e-11,1.3073986337985843e-10,4.707345624410664e-14,-36.65729205770537,-36.66539621009548,0.008104152390110642,1.7064141371492527e-06,1.7076031159229004e-06,-1.1889787736476252e-09,0.4695844132944058,5.551031175395121e-09,1.3411483510485808e-08,-0.28796934841483707,"{""D"": 5.551031175395121e-09, ""cp"": 3319.0077757197223, ""k"": 0.4695844132944058, ""rho"": 925.9344185476641}","{""D"": 5.685457709164108e-09, ""cp"": 3415.2957746478824, ""k"": 0.4829577464788726, ""rho"": 976.399999999997}","[[1.8931519836592361e-06, 8.474706323491202e-05], [7.241765410675217e-10, 7.15534340275453e-08], [1.0670070313397738e-13, 3.050440074828542e-11]]"
207.75,bdf2,29.8472625,0.021235875,3,9.256174208629025e-14,3.0485069806209593e-11,1.3392309483606368e-10,4.1300296516055823e-14,-36.67978922132807,-36.68789087656137,0.008101655233296867,1.7062442116511539e-06,1.707432218863476e-06,-1.1880072123220392e-09,0.4695763425471595,5.551051709886959e-09,1.3410141288193995e-08,-0.28814602116888577,"{""D"": 5.551051709886959e-09, ""cp"": 3318.9496663395485, ""k"": 0.4695763425471595, ""rho"": 925.9073470181561}","{""D"": 5.6855387418869205e-09, ""cp"": 3415.2957746478824, ""k"": 0.4829577464788726, ""rho"": 976.399999999997}","[[1.8931076785331107e-06, 8.468580399479138e-05], [7.242008078817661e-10, 7.150764163805714e-08], [9.256174208629025e-14, 3.0485069806209593e-11]]"
208.0,bdf2,29.848733333333332,0.021238,3,8.822568891934775e-14,3.046591301676508e-11,4.979483492206782e-11,1.2434497875801753e-14,-36.702286632812985,-36.7103858161272,0.008099183314214997,1.70607441034899e-06,1.7072614477553016e-06,-1.1870374063115118e-09,0.46956827672708923,5.551072303725638e-09,1.3408800055048124e-08,-0.2883226959474184,"{""D"": 5.551072303725638e-09, ""cp"": 3318.891592435043, ""k"": 0.46956827672708923, ""rho"": 925.8802956408483}","{""D"": 5.685619770792014e-09, ""cp"": 3415.2957746478824, ""k"": 0.4829577464788726, ""rho"": 976.399999999997}","[[1.8930678441220064e-06, 8.462504551889381e-05], [7.242245090810528e-10, 7.146192848801622e-08], [8.822568891934775e-14, 3.046591301676508e-11]]"
208.25,bdf2,29.850204166666668,0.021240125000000002,3,9.783984152919451e-14,3.045354817994181e-11,1.2448708730516955e-10,9.237055564881302e-14,-36.724784240934135,-36.732880995620576,0.008096754686441443,1.7059047330217795e-06,1.7070908023726572e-06,-1.1860693508777408e-09,0.46956021582562213,5.551092957115234e-09,1.3407459809350641e-08,-0.28849937274824544,"{""D"": 5.551092957115234e-09, ""cp"": 3318.8335539444797, ""k"": 0.46956021582562213, ""rho"": 925.8532643796252}","{""D"": 5.685700795958161e-09, ""cp"": 3415.2957746478824, ""k"": 0.4829577464788726, ""rho"": 976.399999999997}","[[1.8930324300583426e-06, 8.45648647997494e-05], [7.242148428688318e-10, 7.141629527403307e-08], [9.783984152919451e-14, 3.045354817994181e-11]]"
208.5,bdf2,29.851675,0.02124225,3,1.0066739197706517e-13,3.043613291681043e-11,2.56704879575409e-10,1.9095836023552692e-14,-36.74728204571814,-36.75537638209221,0.008094336374071531,1.70573517944795e-06,1.706920282490513e-06,-1.185103042562926e-09,0.4695521598342115,5.551113670258062e-09,1.3406120549336875e-08,-0.28867605111018896,"{""D"": 5.551113670258062e-09, ""cp"": 3318.775550806323, ""k"": 0.4695521598342115, ""rho"": 925.826253198482}","{""D"": 5.685781817465149e-09, ""cp"": 3415.2957746478824, ""k"": 0.4829577464788726, ""rho"": 976.399999999997}","[[1.893001349403092e-06, 8.45047888786924e-05], [7.242492893904845e-10, 7.137073955797086e-08], [1.0066739197706517e-13, 3.043613291681043e-11]]"
208.75,bdf2,29.853145833333333,0.021244375000000003,3,1.0160977813493868e-13,3.041819519578511e-11,2.75349520961754e-10,4.085620730620576e-14,-36.76977999594411,-36.77787194344546,0.008091947501348784,1.7055657494106644e-06,1.7067498878844944e-06,-1.1841384738299563e-09,0.4695441087443353,5.551134443348746e-09,1.3404782273204197e-08,-0.2888527307310333,"{""D"": 5.551134443348746e-09, ""cp"": 3318.7175829592143, ""k"": 0.4695441087443353, ""rho"": 925.7992620615191}","{""D"": 5.685862835394013e-09, ""cp"": 3415.2957746478824, ""k"": 0.4829577464788726, ""rho"": 976.3999999999971}","[[1.8929745576338198e-06, 8.444481744015823e-05], [7.242548929486512e-10, 7.132526168813484e-08], [1.0160977813493868e-13, 3.041819519578511e-11]]"
209.0,bdf2,29.854616666666665,0.0212465,3,9.576562067755667e-14,3.0407746037906275e-11,1.7644197214394808e-10,3.419486915845482e-14,-36.79227806601846,-36.80036764775849,0.008089581740030383,1.705396442689494e-06,1.706579618330888e-06,-1.183175641394038e-09,0.46953606254749647,5.551155276580583e-09,1.3403444979243907e-08,-0.2890294116276168,"{""D"": 5.551155276580583e-09, ""cp"": 3318.659650341974, ""k"": 0.46953606254749647, ""rho"": 925.772290932942}","{""D"": 5.685943849826684e-09, ""cp"": 3415.2957746478824, ""k"": 0.4829577464788726, ""rho"": 976.3999999999971}","[[1.8929519736568007e-06, 8.438495017084631e-05], [7.242944291995652e-10, 7.127986009715133e-08], [9.576562067755667e-14, 3.0407746037906275e-11]]"
209.25,bdf2,29.8560875,0.021248625,3,7.144705020896774e-14,3.0386151111623363e-11,7.935341272968799e-11,4.39648317751562e-14,-36.814776230349736,-36.8228634636921,0.008087233342365607,1.7052272590679182e-06,1.7064094736066603e-06,-1.1822145387421231e-09,0.46952802123522375,5.5511761701416985e-09,1.3402108665711019e-08,-0.2892060933394266,"{""D"": 5.5511761701416985e-09, ""cp"": 3318.6017528936113, ""k"": 0.46952802123522375, ""rho"": 925.7453397770657}","{""D"": 5.686024860846167e-09, ""cp"": 3415.2957746478824, ""k"": 0.4829577464788726, ""rho"": 976.3999999999972}","[[1.89293357048257e-06, 8.432518675902346e-05], [7.243286869014119e-10, 7.123454279604137e-08], [7.144705020896774e-14, 3.0386151111623363e-11]]"
209.5,bdf2,29.857558333333333,0.021250750000000002,3,1.0330582947945661e-13,3.037169644322433e-11,1.36196831590496e-10,5.1514348342607263e-14,-36.8372744548076,-36.84535936021831,0.00808490541071194,1.7050581983278125e-06,1.706239453489411e-06,-1.1812551615983893e-09,0.46951998479906987,5.551197124217613e-09,1.340077333085273e-08,-0.2893827757629152,"{""D"": 5.551197124217613e-09, ""cp"": 3318.5438905533033, ""k"": 0.46951998479906987, ""rho"": 925.7184085583058}","{""D"": 5.686105868536231e-09, ""cp"": 3415.2957746478824, ""k"": 0.4829577464788726, ""rho"": 976.3999999999971}","[[1.892919255519167e-06, 8.42655268936531e-05], [7.243348558524808e-10, 7.118929776827344e-08], [1.0330582947945661e-13, 3.037169644322433e-11]]"
209.75,bdf2,29.859029166666666,0.021252875,3,9.557656270991589e-14,3.03586349958758e-11,1.48929757415317e-10,6.616929226765933e-14,-36.85977268818302,-36.86785530694863,0.008082618765605787,1.7048892602540222e-06,1.706069557757414e-06,-1.1802975033917666e-09,0.4695119532306128,5.551218138988178e-09,1.3399438972895843e-08,-0.28955945832944635,"{""D"": 5.551218138988178e-09, ""cp"": 3318.4860632604123, ""k"": 0.4695119532306128, ""rho"": 925.6914972411862}","{""D"": 5.6861868729816595e-09, ""cp"": 3415.2957746478824, ""k"": 0.4829577464788726, ""rho"": 976.3999999999971}","[[1.892908996876781e-06, 8.420597026613673e-05], [7.24355728871552e-10, 7.114412814859485e-08], [9.557656270991589e-14, 3.03586349958758e-11]]"
210.0,bdf2,29.860500000000002,0.021255000000000003,3,1.1216557618442583e-13,3.034278710642625e-11,1.2494183465605602e-10,2.2648549702353193e-14,-36.88227092197358,-36.89035127364946,0.008080351675879172,1.7047204446278458e-06,1.7058997861895924e-06,-1.1793415617465394e-09,0.46950392652145523,5.551239214632038e-09,1.3398105590095863e-08,-0.28973614126984193,"{""D"": 5.551239214632038e-09, ""cp"": 3318.4282709544777, ""k"": 0.46950392652145523, ""rho"": 925.6646057903348}","{""D"": 5.686267874267989e-09, ""cp"": 3415.2957746478824, ""k"": 0.4829577464788726, ""rho"": 976.3999999999971}","[[1.8929027396673912e-06, 8.414651656926911e-05], [7.24361143700488e-10, 7.109904125141614e-08], [1.1216557618442583e-13, 3.034278710642625e-11]]"
210.25,bdf2,29.861970833333334,0.021257125,3,9.63302536034999e-14,3.032815828539589e-11,2.7557689463719726e-10,2.220446049250313e-14,-36.90476913913733,-36.912847230698276,0.008078091560946632,1.704551751236792e-06,1.7057301385655197e-06,-1.1783873287277032e-09,0.46949590466322433,5.551260351322449e-09,1.3396773180767579e-08,-0.2899128241180763,"{""D"": 5.551260351322449e-09, ""cp"": 3318.370513575215, ""k"": 0.46949590466322433, ""rho"": 925.6377341704831}","{""D"": 5.686348872481483e-09, ""cp"": 3415.2957746478824, ""k"": 0.4829577464788726, ""rho"": 976.3999999999971}","[[1.8929004114717368e-06, 8.408716549671576e-05], [7.243997368340602e-10, 7.105402854325838e-08], [9.63302536034999e-14, 3.032815828539589e-11]]"
210.5,bdf2,29.863441666666667,0.02125925,3,1.0537868844461778e-13,3.0312658701208966e-11,5.047695594839752e-11,9.903189379656396e-14,-36.92726727993244,-36.93534314890741,0.008075868974970035,1.7043831798648422e-06,1.7055606146654167e-06,-1.1774348005744315e-09,0.469487887647572,5.551281549228924e-09,1.3395441743178575e-08,-0.29008950677068907,"{""D"": 5.551281549228924e-09, ""cp"": 3318.312791062518, ""k"": 0.469487887647572, ""rho"": 925.6108823464667}","{""D"": 5.686429867709095e-09, ""cp"": 3415.2957746478824, ""k"": 0.4829577464788726, ""rho"": 976.3999999999971}","[[1.892901978893346e-06, 8.402791674440619e-05], [7.24389882012872e-10, 7.100909402963207e-08], [1.0537868844461778e-13, 3.0312658701208966e-11]]"
210.75,bdf2,29.8649125,0.021261375000000002,3,9.953460131874823e-14,3.0294546827552333e-11,1.837179297581315e-10,1.5987211554602254e-14,-36.94976532732209,-36.95783899938334,0.008073672061250647,1.7042147302967548e-06,1.7053912142701573e-06,-1.176483973402443e-09,0.4694798754661744,5.551302808518431e-09,1.3394111275598024e-08,-0.2902661887347875,"{""D"": 5.551302808518431e-09, ""cp"": 3318.255103356456, ""k"": 0.4694798754661744, ""rho"": 925.5840502832252}","{""D"": 5.686510860038626e-09, ""cp"": 3415.2957746478824, ""k"": 0.4829577464788726, ""rho"": 976.3999999999971}","[[1.8929073519824653e-06, 8.396877000844406e-05], [7.244216884855391e-10, 7.096423910375826e-08], [9.953460131874823e-14, 3.0294546827552333e-11]]"
211.0,bdf2,29.866383333333335,0.0212635,3,1.055668014926646e-13,3.0278350632840165e-11,1.0112444215337746e-10,7.016609515630989e-14,-36.972263255730944,-36.98033475361058,0.008071497879633682,1.7040464023202347e-06,1.7052219371612482e-06,-1.1755348410135742e-09,0.46947186811073216,5.551324129354764e-09,1.3392781776312179e-08,-0.29044286997668467,"{""D"": 5.551324129354764e-09, ""cp"": 3318.1974503972715, ""k"": 0.46947186811073216, ""rho"": 925.5572379457997}","{""D"": 5.6865918495585805e-09, ""cp"": 3415.2957746478824, ""k"": 0.4829577464788726, ""rho"": 976.3999999999971}","[[1.8929165218501666e-06, 8.390972498824195e-05], [7.244276686645693e-10, 7.091945592876857e-08], [1.055668014926646e-13, 3.0278350632840165e-11]]"
211.25,bdf2,29.867854166666667,0.021265625,3,1.0632064873985348e-13,3.0260935369708786e-11,3.999502951046452e-10,4.1744385725905886e-14,-36.994761065205196,-37.0028303833152,0.00806931811000311,1.7038781957239382e-06,1.7050527831208427e-06,-1.1745873969045179e-09,0.4694638655729697,5.551345511899739e-09,1.3391453243572613e-08,-0.2906195502118427,"{""D"": 5.551345511899739e-09, ""cp"": 3318.139832125382, ""k"": 0.4694638655729697, ""rho"": 925.5304452993348}","{""D"": 5.686672836357942e-09, ""cp"": 3415.2957746478824, ""k"": 0.4829577464788726, ""rho"": 976.3999999999971}","[[1.8929294047686435e-06, 8.385078138303822e-05], [7.24476629496769e-10, 7.087475007754717e-08], [1.0632064873985348e-13, 3.0260935369708786e-11]]"
211.5,bdf2,29.869325,0.021267750000000002,3,1.2215540765516406e-13,3.024857053288552e-11,1.3710632629226893e-10,4.973799150320701e-14,-37.017258678934105,-37.02532586088125,0.008067181947147617,1.7037101102931284e-06,1.7048837519317216e-06,-1.1736416385932557e-09,0.46945586784463567,5.551366956309268e-09,1.3390125675692709e-08,-0.2907962291535688,"{""D"": 5.551366956309268e-09, ""cp"": 3318.082248481377, ""k"": 0.46945586784463567, ""rho"": 925.5036723090755}","{""D"": 5.686753820526393e-09, ""cp"": 3415.2957746478824, ""k"": 0.4829577464788726, ""rho"": 976.3999999999971}","[[1.8929459735641073e-06, 8.379193889433531e-05], [7.244875108197518e-10, 7.083011963441515e-08], [1.2215540765516406e-13, 3.024857053288552e-11]]"
211.75,bdf2,29.870795833333332,0.021269875,3,1.0782833466219089e-13,3.0231677727648096e-11,2.801243681460619e-10,6.306066779870889e-14,-37.03975608842889,-37.04782115909069,0.008065070661800178,1.7035421458167244e-06,1.7047148433773234e-06,-1.172697560599061e-09,0.4694478749175035,5.551388462735844e-09,1.3388799070987094e-08,-0.29097290682282917,"{""D"": 5.551388462735844e-09, ""cp"": 3318.0246994060253, ""k"": 0.4694478749175035, ""rho"": 925.4769189403718}","{""D"": 5.686834802154117e-09, ""cp"": 3415.2957746478824, ""k"": 0.48295774647887246, ""rho"": 976.3999999999969}","[[1.8929661914490935e-06, 8.373319722468051e-05], [7.244900975969824e-10, 7.078556843073039e-08], [1.0782833466219089e-13, 3.0231677727648096e-11]]"
212.0,bdf2,29.87226666666667,0.021272000000000003,3,9.500940166942983e-14,3.0213914159254107e-11,3.142304194625467e-10,1.554312234475219e-14,-37.06225327666215,-37.070316250739666,0.008062974077517993,1.703374302083686e-06,1.7045460572417039e-06,-1.1717551580178247e-09,0.4694398867833698,5.551410031332153e-09,1.3387473427814107e-08,-0.2911495829356398,"{""D"": 5.551410031332153e-09, ""cp"": 3317.9671848402622, ""k"": 0.4694398867833698, ""rho"": 925.4501851586726}","{""D"": 5.6869157813317706e-09, ""cp"": 3415.2957746478814, ""k"": 0.48295774647887246, ""rho"": 976.3999999999968}","[[1.8929899582970332e-06, 8.367455607836264e-05], [7.24550934156303e-10, 7.074109071945604e-08], [9.500940166942983e-14, 3.0213914159254107e-11]]"
212.25,bdf2,29.8737375,0.021274125,3,7.710073748843587e-14,3.0199633643486376e-11,1.5120349416974932e-11,2.353672812205332e-14,-37.084750200990186,-37.09281110925815,0.00806090826796435,1.7032065788843733e-06,1.704377393309547e-06,-1.170814425173579e-09,0.46943190343405494,5.551431662245169e-09,1.3386148744432611e-08,-0.29132625712847887,"{""D"": 5.551431662245169e-09, ""cp"": 3317.9097047251953, ""k"": 0.46943190343405494, ""rho"": 925.4234709295275}","{""D"": 5.686996758150534e-09, ""cp"": 3415.2957746478814, ""k"": 0.48295774647887246, ""rho"": 976.3999999999968}","[[1.8930173049965713e-06, 8.361601516054126e-05], [7.245610611757941e-10, 7.069668667474471e-08], [7.710073748843587e-14, 3.0199633643486376e-11]]"
212.5,bdf2,29.875208333333333,0.02127625,3,1.2894084247035496e-13,3.018291499088026e-11,5.88329385209363e-11,6.261657858885883e-14,-37.107246852928924,-37.11530570814858,0.008058855219658767,1.7030389760090122e-06,1.7042088513661706e-06,-1.1698753571584035e-09,0.4694239248614035,5.551453355621538e-09,1.338482501905865e-08,-0.29150292933058447,"{""D"": 5.551453355621538e-09, ""cp"": 3317.852259002105, ""k"": 0.4694239248614035, ""rho"": 925.3967762185873}","{""D"": 5.687077732702031e-09, ""cp"": 3415.2957746478814, ""k"": 0.48295774647887246, ""rho"": 976.3999999999968}","[[1.8930481069158196e-06, 8.355757417811754e-05], [7.245611971018342e-10, 7.065236082456484e-08], [1.2894084247035496e-13, 3.018291499088026e-11]]"
212.75,bdf2,29.876679166666666,0.021278375000000002,3,1.0820453715417085e-13,3.0168982780375164e-11,1.3858425518264994e-10,4.618527782440651e-14,-37.12974319837824,-37.13780002167795,0.008056823299703808,1.7028714932472886e-06,1.7040404311975187e-06,-1.1689379502301064e-09,0.4694159510572834,5.551475111601006e-09,1.338350225016917e-08,-0.29167959930814125,"{""D"": 5.551475111601006e-09, ""cp"": 3317.79484761244, ""k"": 0.4694159510572834, ""rho"": 925.3701009916031}","{""D"": 5.687158705078284e-09, ""cp"": 3415.2957746478814, ""k"": 0.48295774647887246, ""rho"": 976.3999999999967}","[[1.893082379674761e-06, 8.349923283921166e-05], [7.245766022812547e-10, 7.06081056803533e-08], [1.0820453715417085e-13, 3.0168982780375164e-11]]"
213.0,bdf2,29.87815,0.0212805,3,1.1008942512759514e-13,3.0154528111976135e-11,1.5290879673557356e-10,5.595524044110789e-14,-37.15223922031826,-37.16029402395549,0.008054803637229213,1.7027041303917713e-06,1.7038721325901552e-06,-1.1680021983838595e-09,0.46940798201358624,5.551496930325077e-09,1.3382180436007356e-08,-0.29185626666612574,"{""D"": 5.551496930325077e-09, ""cp"": 3317.737470497821, ""k"": 0.46940798201358624, ""rho"": 925.3434452144248}","{""D"": 5.687239675371809e-09, ""cp"": 3415.2957746478814, ""k"": 0.48295774647887246, ""rho"": 976.3999999999967}","[[1.8931200448274938e-06, 8.344099085316289e-05], [7.246108583013862e-10, 7.05639257700785e-08], [1.1008942512759514e-13, 3.0154528111976135e-11]]"
213.25,bdf2,29.879620833333334,0.021282625000000003,3,8.822218045070663e-14,3.014077005410235e-11,7.264588930411264e-11,3.730349362740526e-14,-37.17473487611448,-37.18278768985499,0.008052813740512477,1.702536887232919e-06,1.7037039553312652e-06,-1.1670680983463038e-09,0.46940001772222717,5.551518811928384e-09,1.3380859574892296e-08,-0.2920329315266141,"{""D"": 5.551518811928384e-09, ""cp"": 3317.680127600035, ""k"": 0.46940001772222717, ""rho"": 925.3168088530024}","{""D"": 5.687320643675477e-09, ""cp"": 3415.2957746478814, ""k"": 0.48295774647887246, ""rho"": 976.3999999999966}","[[1.8931610535245171e-06, 8.3382847931052e-05], [7.246583097846963e-10, 7.051982074543514e-08], [8.822218045070663e-14, 3.014077005410235e-11]]"
213.5,bdf2,29.881091666666666,0.02128475,3,1.0782690522273672e-13,3.011987173834471e-11,1.0186340659856796e-10,2.9753977059954195e-14,-37.19723015728971,-37.205280994211876,0.008050836922166127,1.7023697635661065e-06,1.703535899208658e-06,-1.1661356425515295e-09,0.46939205817514473,5.551540756546249e-09,1.337953966519676e-08,-0.29220959346733344,"{""D"": 5.551540756546249e-09, ""cp"": 3317.6228188610417, ""k"": 0.46939205817514473, ""rho"": 925.2901918733853}","{""D"": 5.687401610082494e-09, ""cp"": 3415.2957746478814, ""k"": 0.48295774647887246, ""rho"": 976.3999999999965}","[[1.893205389340303e-06, 8.332480378517884e-05], [7.246752226643036e-10, 7.047579426362853e-08], [1.0782690522273672e-13, 3.011987173834471e-11]]"
213.75,bdf2,29.8825625,0.021286875,3,1.0462206128590856e-13,3.0106810290996175e-11,7.79891706770286e-11,1.0658141036401503e-14,-37.21972502975242,-37.22777391250105,0.008048882748632025,1.7022027591809831e-06,1.7033679640107454e-06,-1.165204829762233e-09,0.46938410336430014,5.5515627643082016e-09,1.3378220705212644e-08,-0.29238625258552636,"{""D"": 5.5515627643082016e-09, ""cp"": 3317.5655442229613, ""k"": 0.46938410336430014, ""rho"": 925.2635942417193}","{""D"": 5.6874825746863284e-09, ""cp"": 3415.2957746478814, ""k"": 0.48295774647887246, ""rho"": 976.3999999999965}","[[1.8932530005984668e-06, 8.326685812853985e-05], [7.24692135442718e-10, 7.043183831363756e-08], [1.0462206128590856e-13, 3.0106810290996175e-11]]"
214.0,bdf2,29.884033333333335,0.021289000000000002,3,1.027367845137925e-13,3.009148485944056e-11,2.0168045011814684e-10,4.440892098500626e-14,-37.24221946795189,-37.25026642019316,0.008046952241265615,1.7020358738744097e-06,1.7032001495265653e-06,-1.1642756521556417e-09,0.4693761532816789,5.551584835344179e-09,1.3376902693339542e-08,-0.2925629082652134,"{""D"": 5.551584835344179e-09, ""cp"": 3317.508303628088, ""k"": 0.4693761532816789, ""rho"": 925.2370159242505}","{""D"": 5.687563537580801e-09, ""cp"": 3415.2957746478814, ""k"": 0.48295774647887246, ""rho"": 976.3999999999966}","[[1.8933038622027335e-06, 8.320901067604719e-05], [7.24711121704073e-10, 7.038795376622542e-08], [1.027367845137925e-13, 3.009148485944056e-11]]"
214.25,bdf2,29.885504166666667,0.021291125,3,1.0349061993959598e-13,3.0076159427884944e-11,1.4028955774847418e-10,1.021405182655144e-14,-37.26471347195368,-37.27275849318801,0.008045021234330818,1.7018691074389143e-06,1.7030324555457553e-06,-1.1633481068410437e-09,0.46936820791928846,5.5516069697803405e-09,1.3375585627902237e-08,-0.29273956058898043,"{""D"": 5.5516069697803405e-09, ""cp"": 3317.4510970188767, ""k"": 0.46936820791928846, ""rho"": 925.2104568873208}","{""D"": 5.687644498860023e-09, ""cp"": 3415.2957746478814, ""k"": 0.48295774647887246, ""rho"": 976.3999999999967}","[[1.893357920215421e-06, 8.315126114330963e-05], [7.247278457616657e-10, 7.034414689088686e-08], [1.0349061993959598e-13, 3.0076159427884944e-11]]"
214.5,bdf2,29.886975,0.02129325,3,9.953177381881007e-14,3.005926662264751e-11,3.9904080040287226e-11,1.3766765505351941e-14,-37.28720697352001,-37.29525010778758,0.008043134267573748,1.7017024596698987e-06,1.7028648818585679e-06,-1.1624221886691142e-09,0.4693602672691599,5.5516291677393555e-09,1.3374269507235525e-08,-0.2929162094283414,"{""D"": 5.5516291677393555e-09, ""cp"": 3317.3939243379514, ""k"": 0.4693602672691599, ""rho"": 925.1839170973708}","{""D"": 5.687725458618331e-09, ""cp"": 3415.2957746478814, ""k"": 0.48295774647887246, ""rho"": 976.3999999999967}","[[1.893415117683253e-06, 8.309360924872237e-05], [7.247526755191703e-10, 7.030041577194292e-08], [9.953177381881007e-14, 3.005926662264751e-11]]"
214.75,bdf2,29.888445833333332,0.021295375000000002,3,8.991773897968877e-14,3.0043941191091905e-11,1.6143530956469476e-10,3.3306690738754696e-14,-37.309699989795995,-37.31774124044449,0.008041250648496145,1.7015359303639752e-06,1.7026974282558596e-06,-1.161497891884476e-09,0.4693523313233472,5.55165142934278e-09,1.337295432970118e-08,-0.29309285428648235,"{""D"": 5.55165142934278e-09, ""cp"": 3317.3367855281003, ""k"": 0.4693523313233472, ""rho"": 925.1573965209375}","{""D"": 5.687806416950288e-09, ""cp"": 3415.2957746478814, ""k"": 0.48295774647887246, ""rho"": 976.3999999999966}","[[1.8934754231018532e-06, 8.303605470963568e-05], [7.247986178967892e-10, 7.025675274667784e-08], [8.991773897968877e-14, 3.0043941191091905e-11]]"
215.0,bdf2,29.889916666666668,0.0212975,3,9.199113941733204e-14,3.00286157595363e-11,2.518163455533795e-10,5.81756864903582e-14,-37.332192478162234,-37.34023186797799,0.008039389815756692,1.7013695193160024e-06,1.7025300945290878e-06,-1.1605752130854446e-09,0.46934440007392686,5.551673754709028e-09,1.3371640093685292e-08,-0.2932694953021335,"{""D"": 5.551673754709028e-09, ""cp"": 3317.2796805322737, ""k"": 0.46934440007392686, ""rho"": 925.1308951246541}","{""D"": 5.687887373950721e-09, ""cp"": 3415.2957746478814, ""k"": 0.48295774647887246, ""rho"": 976.3999999999965}","[[1.8935388113763262e-06, 8.297859724670874e-05], [7.248247668763116e-10, 7.021316478119686e-08], [9.199113941733204e-14, 3.00286157595363e-11]]"
215.25,bdf2,29.8913875,0.021299625000000003,3,1.0499788440931565e-13,3.0013464480612006e-11,1.646185410209e-10,2.6201263381153694e-14,-37.354684430152545,-37.3627219672926,0.008037537140054951,1.7012032263230156e-06,1.70236288047032e-06,-1.1596541473043837e-09,0.4693364735129987,5.551696143955963e-09,1.3370326797586676e-08,-0.2934461319787297,"{""D"": 5.551696143955963e-09, ""cp"": 3317.2226092935907, ""k"": 0.4693364735129987, ""rho"": 925.1044128752512}","{""D"": 5.687968329714668e-09, ""cp"": 3415.2957746478814, ""k"": 0.48295774647887246, ""rho"": 976.3999999999965}","[[1.8936052766396393e-06, 8.292123658025243e-05], [7.248258443978608e-10, 7.016964560600524e-08], [1.0499788440931565e-13, 3.0013464480612006e-11]]"
215.5,bdf2,29.892858333333333,0.02130175,3,1.0254711115393004e-13,2.999918396484428e-11,2.503384166629985e-10,5.0182080713057076e-14,-37.377175811689376,-37.385211515918115,0.008035704228738894,1.7010370511819244e-06,1.7021957858722085e-06,-1.1587346902841057e-09,0.4693285516326843,5.551718597195878e-09,1.3369014439631727e-08,-0.2936227646241588,"{""D"": 5.551718597195878e-09, ""cp"": 3317.1655717553267, ""k"": 0.4693285516326843, ""rho"": 925.0779497395533}","{""D"": 5.688049284337247e-09, ""cp"": 3415.2957746478814, ""k"": 0.48295774647887246, ""rho"": 976.3999999999965}","[[1.8936746955859848e-06, 8.28639724331899e-05], [7.248691471434324e-10, 7.012620079398719e-08], [1.0254711115393004e-13, 2.999918396484428e-11]]"
215.75,bdf2,29.894329166666665,0.021303875,3,1.1291471178656516e-13,2.9983336075394724e-11,4.638422979041934e-11,3.197442310920451e-14,-37.399666597235026,-37.407700491347384,0.008033894112358553,1.7008709936921841e-06,1.7020288105280144e-06,-1.1578168358302587e-09,0.4693206344251286,5.551741114541723e-09,1.3367703018358556e-08,-0.29379939256847376,"{""D"": 5.551741114541723e-09, ""cp"": 3317.108567860926, ""k"": 0.4693206344251286, ""rho"": 925.0515056844823}","{""D"": 5.688130237913779e-09, ""cp"": 3415.2957746478814, ""k"": 0.48295774647887246, ""rho"": 976.3999999999965}","[[1.8937471139996322e-06, 8.280680452896674e-05], [7.248854934030764e-10, 7.00828308676006e-08], [1.1291471178656516e-13, 2.9983336075394724e-11]]"
216.0,bdf2,29.8958,0.021306000000000002,3,7.106638680273009e-14,2.9968358949101745e-11,1.6484591469634324e-10,1.554312234475219e-14,-37.422156761253696,-37.43018887167864,0.008032110424942118,1.7007050536507806e-06,1.7018619542315843e-06,-1.1569005808037384e-09,0.4693127218824986,5.551763696100985e-09,1.3366392532040095e-08,-0.29397601596711415,"{""D"": 5.551763696100985e-09, ""cp"": 3317.05159755399, ""k"": 0.4693127218824986, ""rho"": 925.0250806770534}","{""D"": 5.68821119053973e-09, ""cp"": 3415.2957746478814, ""k"": 0.48295774647887246, ""rho"": 976.3999999999965}","[[1.893822476437497e-06, 8.274973259207357e-05], [7.249144693788451e-10, 7.003953321455601e-08], [7.106638680273009e-14, 2.9968358949101745e-11]]"
216.25,bdf2,29.897270833333334,0.021308125,3,8.708914720752785e-14,2.995477504385927e-11,1.5234036254696548e-11,9.769962616701378e-15,-37.444646303822374,-37.452676634759996,0.008030330937621954,1.7005392308570848e-06,1.7016952167773596e-06,-1.1559859202748133e-09,0.46930481399698365,5.551786341983838e-09,1.3365082979177789e-08,-0.2941526343480581,"{""D"": 5.551786341983838e-09, ""cp"": 3316.994660778283, ""k"": 0.46930481399698365, ""rho"": 924.9986746843775}","{""D"": 5.688292142310734e-09, ""cp"": 3415.2957746478814, ""k"": 0.48295774647887246, ""rho"": 976.3999999999965}","[[1.893900707852619e-06, 8.269275634839406e-05], [7.249547554643652e-10, 6.999630539671656e-08], [8.708914720752785e-14, 2.995477504385927e-11]]"
216.5,bdf2,29.898741666666666,0.021310250000000003,3,8.727748648959562e-14,2.99373597807279e-11,9.129053069045767e-11,6.084022174945858e-14,-37.46713519087112,-37.47516375913733,0.008028568266212233,1.700373525111695e-06,1.7015285979603717e-06,-1.1550728486767826e-09,0.4692969107607957,5.551809052294167e-09,1.336377435801505e-08,-0.2943292479218115,"{""D"": 5.551809052294167e-09, ""cp"": 3316.9377574777295, ""k"": 0.4692969107607957, ""rho"": 924.9722876736595}","{""D"": 5.688373093322396e-09, ""cp"": 3415.2957746478814, ""k"": 0.48295774647887246, ""rho"": 976.3999999999965}","[[1.893981814255233e-06, 8.263587552520526e-05], [7.249812805225916e-10, 6.995314985221912e-08], [8.727748648959562e-14, 2.99373597807279e-11]]"
216.75,bdf2,29.9002125,0.021312375,3,8.69003132504172e-14,2.992290511232886e-11,1.3938006304670125e-10,1.2434497875801753e-14,-37.48962338833248,-37.49765022348157,0.00802683514908864,1.7002079362125598e-06,1.7013620975762375e-06,-1.1541613636777649e-09,0.4692890121661687,5.551831827134973e-09,1.3362466667084486e-08,-0.2945058563607519,"{""D"": 5.551831827134973e-09, ""cp"": 3316.8808875964146, ""k"": 0.4692890121661687, ""rho"": 924.9459196121979}","{""D"": 5.688454043670454e-09, ""cp"": 3415.2957746478814, ""k"": 0.48295774647887246, ""rho"": 976.3999999999965}","[[1.894065756037835e-06, 8.257908985082903e-05], [7.250019617948952e-10, 6.991006414292685e-08], [8.69003132504172e-14, 2.992290511232886e-11]]"
217.0,bdf2,29.901683333333335,0.0213145,3,8.199905560619716e-14,2.990879874919245e-11,7.736389306955971e-11,1.2434497875801753e-14,-37.51211090482409,-37.5201360065617,0.008025101737608509,1.7000424639621329e-06,1.7011957154211568e-06,-1.153251459023904e-09,0.46928111820535845,5.551854666608566e-09,1.3361159904689152e-08,-0.2946824590868774,"{""D"": 5.551854666608566e-09, ""cp"": 3316.824051078581, ""k"": 0.46928111820535845, ""rho"": 924.919570467385}","{""D"": 5.688534993450836e-09, ""cp"": 3415.2957746478814, ""k"": 0.48295774647887235, ""rho"": 976.3999999999965}","[[1.8941525131975848e-06, 8.25223990546322e-05], [7.2502716700913e-10, 6.986704844299237e-08], [8.199905560619716e-14, 2.990879874919245e-11]]"
217.25,bdf2,29.903154166666667,0.021316625000000002,3,1.0650431867743402e-13,2.989155763869239e-11,1.5506884665228426e-10,1.9984014443252818e-14,-37.534597697745035,-37.54262108752613,0.008023389781094181,1.6998771081610963e-06,1.7010294512919137e-06,-1.152343130817366e-09,0.46927322887064316,5.5518775708140344e-09,1.3359854069267428e-08,-0.29485905656440786,"{""D"": 5.5518775708140344e-09, ""cp"": 3316.767247868631, ""k"": 0.46927322887064316, ""rho"": 924.8932402067062}","{""D"": 5.688615942759459e-09, ""cp"": 3415.2957746478814, ""k"": 0.48295774647887235, ""rho"": 976.3999999999965}","[[1.8942420120085018e-06, 8.246580286702647e-05], [7.250470939702086e-10, 6.982411058928407e-08], [1.0650431867743402e-13, 2.989155763869239e-11]]"
217.5,bdf2,29.904625,0.02131875,3,9.839849379346734e-14,2.9875187291348895e-11,8.185452315956354e-12,1.509903313490213e-14,-37.55708375010616,-37.565105445776226,0.00802169567006672,1.6997118686126143e-06,1.7008633049858758e-06,-1.151436373261481e-09,0.4692653441543231,5.551900539848331e-09,1.335854915926197e-08,-0.2950356482505082,"{""D"": 5.551900539848331e-09, ""cp"": 3316.710477911126, ""k"": 0.4692653441543231, ""rho"": 924.8669287977401}","{""D"": 5.6886968916922726e-09, ""cp"": 3415.2957746478814, ""k"": 0.48295774647887235, ""rho"": 976.3999999999965}","[[1.8943342696034628e-06, 8.240930102103587e-05], [7.250722988663596e-10, 6.97812418741704e-08], [9.839849379346734e-14, 2.9875187291348895e-11]]"
217.75,bdf2,29.90609583333333,0.021320875000000003,3,9.689028727767738e-14,2.9861777538737737e-11,4.022240318590775e-10,6.705747068735946e-14,-37.57956905345573,-37.587589060960624,0.008020007504896398,1.6995467451176375e-06,1.7006972763009812e-06,-1.1505311833437763e-09,0.4692574640487197,5.551923573806356e-09,1.33572451729551e-08,-0.29521223418169884,"{""D"": 5.551923573806356e-09, ""cp"": 3316.6537411507825, ""k"": 0.4692574640487197, ""rho"": 924.840636208157}","{""D"": 5.6887778403453075e-09, ""cp"": 3415.2957746478814, ""k"": 0.48295774647887235, ""rho"": 976.3999999999965}","[[1.8944292035861432e-06, 8.235289324846535e-05], [7.251137148108976e-10, 6.973843776968295e-08], [9.689028727767738e-14, 2.9861777538737737e-11]]"
218.0,bdf2,29.907566666666668,0.021323,3,1.112162668311961e-13,2.984349151244979e-11,8.003553375601768e-11,1.6431300764452317e-14,-37.60205355666314,-37.61007191290986,0.008018356246722647,1.6993817374790578e-06,1.7005313650357514e-06,-1.149627556693562e-09,0.46924958854617715,5.551946672781613e-09,1.335594210895762e-08,-0.2953888139728825,"{""D"": 5.551946672781613e-09, ""cp"": 3316.597037532476, ""k"": 0.46924958854617715, ""rho"": 924.8143624057202}","{""D"": 5.6888587888146e-09, ""cp"": 3415.2957746478814, ""k"": 0.48295774647887235, ""rho"": 976.3999999999965}","[[1.8945268341058748e-06, 8.229657928408043e-05], [7.251176185977659e-10, 6.969570907328486e-08], [1.112162668311961e-13, 2.984349151244979e-11]]"
218.25,bdf2,29.9090375,0.021325125,3,7.992475891485909e-14,2.983304235457097e-11,7.79891706770286e-11,6.972200594645983e-14,-37.624537259816115,-37.63255398189642,0.008016722080306238,1.6992168455017054e-06,1.7003655709892598e-06,-1.148725487554402e-09,0.46924171763906,5.551969836863705e-09,1.3354639965500205e-08,-0.2955653879724312,"{""D"": 5.551969836863705e-09, ""cp"": 3316.540367001232, ""k"": 0.46924171763906, ""rho"": 924.7881073582816}","{""D"": 5.688939737196171e-09, ""cp"": 3415.2957746478814, ""k"": 0.48295774647887235, ""rho"": 976.3999999999963}","[[1.8946270812176203e-06, 8.224035886264671e-05], [7.25166951225859e-10, 6.965305090870246e-08], [7.992475891485909e-14, 2.983304235457097e-11]]"
218.5,bdf2,29.910508333333333,0.021327250000000002,3,1.0442979365864311e-13,2.981388556512646e-11,8.549250196665525e-11,1.8207657603852567e-14,-37.64702016300271,-37.65503524789153,0.008015084888825186,1.699052068988192e-06,1.7001998939611848e-06,-1.1478249729928096e-09,0.4692338513197557,5.551993066145309e-09,1.3353338741211563e-08,-0.2957419552637268,"{""D"": 5.551993066145309e-09, ""cp"": 3316.483729502241, ""k"": 0.4692338513197557, ""rho"": 924.7618710337896}","{""D"": 5.689020685586089e-09, ""cp"": 3415.2957746478814, ""k"": 0.48295774647887235, ""rho"": 976.3999999999963}","[[1.8947299611126041e-06, 8.21842317203229e-05], [7.251834843404704e-10, 6.961046101195152e-08], [1.0442979365864311e-13, 2.981388556512646e-11]]"
218.75,bdf2,29.911979166666665,0.021329375,3,1.0367559140450235e-13,2.979890843883348e-11,1.1868905858136714e-10,1.199040866595169e-14,-37.669502232169094,-37.677515691494534,0.008013459325439953,1.6988874077441558e-06,1.7000343337517555e-06,-1.1469260075996324e-09,0.46922598958067296,5.552016360713538e-09,1.3352038434396195e-08,-0.29591851619461534,"{""D"": 5.552016360713538e-09, ""cp"": 3316.4271249808453, ""k"": 0.46922598958067296, ""rho"": 924.7356534002809}","{""D"": 5.689101634080341e-09, ""cp"": 3415.2957746478814, ""k"": 0.48295774647887235, ""rho"": 976.3999999999963}","[[1.8948354202365852e-06, 8.212819759535761e-05], [7.252190559218816e-10, 6.956794042794786e-08], [1.0367559140450235e-13, 2.979890843883348e-11]]"
219.0,bdf2,29.91345,0.0213315,3,9.670086830594399e-14,2.97865436020102e-11,1.2505552149377763e-10,1.9984014443252818e-14,-37.69198343326388,-37.69999529351793,0.008011860254050873,1.698722861574689e-06,1.6998688901617541e-06,-1.1460285870651666e-09,0.46921813241424093,5.552039720653729e-09,1.3350739043438167e-08,-0.2960950706189559,"{""D"": 5.552039720653729e-09, ""cp"": 3316.3705533825346, ""k"": 0.46921813241424093, ""rho"": 924.7094544258807}","{""D"": 5.689182582774906e-09, ""cp"": 3415.2957746478814, ""k"": 0.48295774647887235, ""rho"": 976.3999999999963}","[[1.8949434417934526e-06, 8.207225622599943e-05], [7.252431287436759e-10, 6.952548898253881e-08], [9.670086830594399e-14, 2.97865436020102e-11]]"
219.25,bdf2,29.914920833333333,0.021333625000000002,3,9.217667632828613e-14,2.976895418624751e-11,2.1509549696929753e-10,4.085620730620576e-14,-37.71446375784389,-37.72247403490496,0.008010277061075044,1.698558430285361e-06,1.6997035629925492e-06,-1.145132707188129e-09,0.4692102798129112,5.552063146050256e-09,1.3349440566933876e-08,-0.2962716182841576,"{""D"": 5.552063146050256e-09, ""cp"": 3316.3140146529604, ""k"": 0.4692102798129112, ""rho"": 924.6832740788079}","{""D"": 5.689263531765708e-09, ""cp"": 3415.2957746478814, ""k"": 0.48295774647887235, ""rho"": 976.3999999999963}","[[1.895053999562274e-06, 8.201640735206433e-05], [7.25255325868691e-10, 6.948311294521912e-08], [9.217667632828613e-14, 2.976895418624751e-11]]"
219.5,bdf2,29.916391666666666,0.02133575,3,1.1121500189575127e-13,2.9756241044161606e-11,2.248725650133565e-10,6.394884621840902e-14,-37.73694318893162,-37.744951896752355,0.008008707820735594,1.6983941136821745e-06,1.699538352046062e-06,-1.1442383638875147e-09,0.4692024317691562,5.5520866369863415e-09,1.3348143003158242e-08,-0.29644815884667836,"{""D"": 5.5520866369863415e-09, ""cp"": 3316.2575087379246, ""k"": 0.4692024317691562, ""rho"": 924.65711232737}","{""D"": 5.6893444811487155e-09, ""cp"": 3415.2957746478814, ""k"": 0.48295774647887235, ""rho"": 976.3999999999963}","[[1.895167008887456e-06, 8.196065071458736e-05], [7.252993793634057e-10, 6.94407978613204e-08], [1.1121500189575127e-13, 2.9756241044161606e-11]]"
219.75,bdf2,29.9178625,0.021337875000000003,3,6.936786966015384e-14,2.9744398665232276e-11,1.9031176634598523e-10,4.929390229335695e-14,-37.7594217095509,-37.76742886061015,0.008007151059253204,1.698229911572273e-06,1.6993732571247712e-06,-1.1433455524982898e-09,0.46919458827546956,5.552110193541229e-09,1.33468463507216e-08,-0.29662469269583536,"{""D"": 5.552110193541229e-09, ""cp"": 3316.201035583381, ""k"": 0.46919458827546956, ""rho"": 924.6309691399633}","{""D"": 5.689425431019781e-09, ""cp"": 3415.2957746478814, ""k"": 0.48295774647887235, ""rho"": 976.3999999999963}","[[1.8952825338400211e-06, 8.190498605477771e-05], [7.253355156195124e-10, 6.939855330923737e-08], [6.936786966015384e-14, 2.9744398665232276e-11]]"
220.0,bdf2,29.919333333333334,0.02134,3,8.76521691044061e-14,2.972698340210089e-11,9.254108590539545e-11,9.103828801926284e-14,-37.781899294192094,-37.78990490794456,0.008005613752466445,1.6980658237646868e-06,1.6992082780317175e-06,-1.1424542670306608e-09,0.469186749324366,5.552133815795175e-09,1.3345550607879021e-08,-0.2968012191128731,"{""D"": 5.552133815795175e-09, ""cp"": 3316.1445951354353, ""k"": 0.469186749324366, ""rho"": 924.6048444850749}","{""D"": 5.689506381474739e-09, ""cp"": 3415.2957746478814, ""k"": 0.48295774647887235, ""rho"": 976.3999999999965}","[[1.8954004692185764e-06, 8.184941311610852e-05], [7.253584567002614e-10, 6.935638468770157e-08], [8.76521691044061e-14, 2.972698340210089e-11]]"
220.25,bdf2,29.920804166666667,0.021342125,3,9.669995158016562e-14,2.971148381791397e-11,1.211901690112427e-10,6.838973831690964e-14,-37.80437593441678,-37.81238002036531,0.008004085948527973,1.6979018500641653e-06,1.6990434145704984e-06,-1.1415645063330864e-09,0.4691789149083814,5.5521575038273825e-09,1.3344255773334998e-08,-0.296977738179422,"{""D"": 5.5521575038273825e-09, ""cp"": 3316.088187340346, ""k"": 0.4691789149083814, ""rho"": 924.5787383312797}","{""D"": 5.6895873326092936e-09, ""cp"": 3415.2957746478814, ""k"": 0.48295774647887235, ""rho"": 976.3999999999965}","[[1.895520833854566e-06, 8.179393164309793e-05], [7.254002474971457e-10, 6.931427806450254e-08], [9.669995158016562e-14, 2.971148381791397e-11]]"
220.5,bdf2,29.922275,0.021344250000000002,3,9.51917796134273e-14,2.969807406530281e-11,3.956301952712238e-11,1.509903313490213e-14,-37.826851621787284,-37.8348541799042,0.00800255811691386,1.6977379902798493e-06,1.6988786665452604e-06,-1.1406762654110368e-09,0.46917108502007254,5.552181257713372e-09,1.334296184530669e-08,-0.297154249912422,"{""D"": 5.552181257713372e-09, ""cp"": 3316.0318121445225, ""k"": 0.46917108502007254, ""rho"": 924.5526506472416}","{""D"": 5.689668284518961e-09, ""cp"": 3415.2957746478814, ""k"": 0.48295774647887235, ""rho"": 976.3999999999963}","[[1.8956436075601914e-06, 8.173854137974157e-05], [7.254263926622398e-10, 6.927224162481392e-08], [9.51917796134273e-14, 2.969807406530281e-11]]"
220.75,bdf2,29.92374583333333,0.021346375,3,8.859416152257161e-14,2.968118126006539e-11,5.95719029661268e-11,3.241851231905457e-14,-37.849326305194886,-37.857327368914184,0.008001063719298429,1.6975742442223942e-06,1.6987140337607069e-06,-1.1397895383126234e-09,0.4691632596520171,5.552205077525856e-09,1.3341668822508097e-08,-0.2973307540057686,"{""D"": 5.552205077525856e-09, ""cp"": 3315.975469494523, ""k"": 0.4691632596520171, ""rho"": 924.5265814017131}","{""D"": 5.689749237299352e-09, ""cp"": 3415.295774647881, ""k"": 0.48295774647887235, ""rho"": 976.3999999999962}","[[1.8957687222694555e-06, 8.168324207299562e-05], [7.25456307599098e-10, 6.923027467202521e-08], [8.859416152257161e-14, 2.968118126006539e-11]]"
221.0,bdf2,29.925216666666667,0.021348500000000003,3,9.896137571021647e-14,2.9666378286403716e-11,1.1937117960769683e-10,1.7319479184152442e-14,-37.87179999327396,-37.87979956951233,0.007999576238368888,1.697410611700838e-06,1.6985495160220791e-06,-1.1389043212412326e-09,0.4691554387968132,5.552228963340084e-09,1.3340376703218778e-08,-0.2975072501225887,"{""D"": 5.552228963340084e-09, ""cp"": 3315.919159337055, ""k"": 0.4691554387968132, ""rho"": 924.5005305635327}","{""D"": 5.689830191045983e-09, ""cp"": 3415.295774647881, ""k"": 0.48295774647887235, ""rho"": 976.3999999999962}","[[1.8958962043542037e-06, 8.162803347016464e-05], [7.25473404473008e-10, 6.918837650952585e-08], [9.896137571021647e-14, 2.9666378286403716e-11]]"
221.25,bdf2,29.9266875,0.021350625,3,8.991330795889245e-14,2.965262022852993e-11,1.8053469830192626e-10,1.7319479184152442e-14,-37.894272669056306,-37.90227076435855,0.007998095302241381,1.6972470925243189e-06,1.6983851131351744e-06,-1.1380206108555312e-09,0.46914762244707975,5.5522529152264415e-09,1.3339085485942244e-08,-0.29768373856529173,"{""D"": 5.5522529152264415e-09, ""cp"": 3315.862881618975, ""k"": 0.46914762244707975, ""rho"": 924.4744981016279}","{""D"": 5.6899111458541515e-09, ""cp"": 3415.295774647881, ""k"": 0.48295774647887235, ""rho"": 976.3999999999962}","[[1.8960259768895834e-06, 8.157291531924977e-05], [7.255189643079117e-10, 6.914654208688956e-08], [8.991330795889245e-14, 2.965262022852993e-11]]"
221.5,bdf2,29.928158333333332,0.02135275,3,8.614319453572129e-14,2.96383397127622e-11,3.6834535421803594e-11,5.1958437552457326e-14,-37.9167442899732,-37.92474093615681,0.007996646183606515,1.6970836865042827e-06,1.6982208249063308e-06,-1.1371384020481223e-09,0.4691398105954566,5.552276933255141e-09,1.3337795169264509e-08,-0.2978602187573858,"{""D"": 5.552276933255141e-09, ""cp"": 3315.806636287288, ""k"": 0.4691398105954566, ""rho"": 924.4484839850129}","{""D"": 5.689992101819137e-09, ""cp"": 3415.295774647881, ""k"": 0.48295774647887235, ""rho"": 976.3999999999962}","[[1.8961580568228587e-06, 8.151788736964537e-05], [7.255449201686148e-10, 6.910477941513736e-08], [8.614319453572129e-14, 2.96383397127622e-11]]"
221.75,bdf2,29.929629166666665,0.021354875000000002,3,1.0932813577659711e-13,2.962144690752477e-11,2.582964953035116e-10,3.8191672047105385e-14,-37.93921486466173,-37.94721006779156,0.007995203129830486,1.6969203934509438e-06,1.6980566511424363e-06,-1.1362576914924958e-09,0.46913200323460413,5.552301017494999e-09,1.333650575151269e-08,-0.2980366908815706,"{""D"": 5.552301017494999e-09, ""cp"": 3315.7504232891497, ""k"": 0.46913200323460413, ""rho"": 924.4224881827898}","{""D"": 5.690073059036127e-09, ""cp"": 3415.295774647881, ""k"": 0.48295774647887235, ""rho"": 976.3999999999962}","[[1.896292372319356e-06, 8.146294937161657e-05], [7.255780387086214e-10, 6.906308326969034e-08], [1.0932813577659711e-13, 2.962144690752477e-11]]"
222.0,bdf2,29.9311,0.021357,3,1.0480401408707372e-13,2.9606992239125724e-11,1.4506440493278205e-10,1.3322676295501878e-14,-37.961684376157606,-37.96967814236041,0.007993766202801567,1.6967572131763539e-06,1.6978925916509086e-06,-1.1353784745547462e-09,0.4691242003572027,5.5523251680130946e-09,1.3335217231229932e-08,-0.2982131546742118,"{""D"": 5.5523251680130946e-09, ""cp"": 3315.694242571859, ""k"": 0.4691242003572027, ""rho"": 924.3965106641454}","{""D"": 5.690154017600033e-09, ""cp"": 3415.295774647881, ""k"": 0.48295774647887235, ""rho"": 976.3999999999962}","[[1.89642897237097e-06, 8.140810107682172e-05], [7.255957003141021e-10, 6.902145365054846e-08], [1.0480401408707372e-13, 2.9606992239125724e-11]]"
222.25,bdf2,29.932570833333333,0.021359125,3,9.462502743171942e-14,2.959097019704486e-11,6.343725544866174e-11,1.865174681370263e-14,-37.98415279896433,-37.99214514319402,0.00799234422969164,1.69659414549353e-06,1.6977286462397103e-06,-1.1345007461804162e-09,0.4691164019559534,5.552349384874506e-09,1.3333929606996053e-08,-0.2983896101655401,"{""D"": 5.552349384874506e-09, ""cp"": 3315.638094082864, ""k"": 0.4691164019559534, ""rho"": 924.3705513983537}","{""D"": 5.690234977605658e-09, ""cp"": 3415.295774647881, ""k"": 0.48295774647887235, ""rho"": 976.3999999999962}","[[1.8965677649744802e-06, 8.135334223726748e-05], [7.256363582698323e-10, 6.897989456322228e-08], [9.462502743171942e-14, 2.959097019704486e-11]]"
222.5,bdf2,29.934041666666666,0.021361250000000002,3,7.106288377165676e-14,2.958034688653472e-11,2.5715962692629546e-10,6.705747068735946e-14,-38.006620116120665,-38.01461105381634,0.007990937695673495,1.6964311902134468e-06,1.6975648147173352e-06,-1.1336245038883344e-09,0.46910860802357734,5.5523736681428186e-09,1.3332642877266833e-08,-0.298566057156568,"{""D"": 5.5523736681428186e-09, ""cp"": 3315.5819777697566, ""k"": 0.46910860802357734, ""rho"": 924.3446103547736}","{""D"": 5.6903159391477235e-09, ""cp"": 3415.2957746478814, ""k"": 0.48295774647887235, ""rho"": 976.3999999999963}","[[1.8967087359760028e-06, 8.129867260705029e-05], [7.256968080161913e-10, 6.893839764838545e-08], [7.106288377165676e-14, 2.958034688653472e-11]]"
222.75,bdf2,29.935512499999998,0.021363375,3,7.652911422618366e-14,2.9565021454979105e-11,1.085140866052825e-10,2.6645352591003757e-14,-38.029086302133436,-38.03707585773424,0.007989555600801168,1.6962683471519382e-06,1.6974010968928208e-06,-1.1327497408825437e-09,0.4691008185528164,5.55239801788204e-09,1.3331357040480606e-08,-0.2987424953966982,"{""D"": 5.55239801788204e-09, ""cp"": 3315.5258935802776, ""k"": 0.4691008185528164, ""rho"": 924.3186875028514}","{""D"": 5.690396902320791e-09, ""cp"": 3415.2957746478814, ""k"": 0.48295774647887235, ""rho"": 976.3999999999963}","[[1.896851913821676e-06, 8.124409194009254e-05], [7.257084371296286e-10, 6.889696673739591e-08], [7.652911422618366e-14, 2.9565021454979105e-11]]"
223.0,bdf2,29.936983333333334,0.021365500000000003,3,9.462448875751153e-14,2.95472578865851e-11,2.2873791749589145e-10,1.687538997430238e-14,-38.05155137417677,-38.05953953860097,0.007988164424205024,1.6961056161189406e-06,1.6972374925757271e-06,-1.1318764567865381e-09,0.46909303353643195,5.552422434154994e-09,1.3330072095164832e-08,-0.29891892453439783,"{""D"": 5.552422434154994e-09, ""cp"": 3315.4698414623103, ""k"": 0.46909303353643195, ""rho"": 924.2927828121163}","{""D"": 5.6904778672193304e-09, ""cp"": 3415.2957746478814, ""k"": 0.48295774647887235, ""rho"": 976.3999999999963}","[[1.8969972281862218e-06, 8.118959999136146e-05], [7.257379731156004e-10, 6.88556110603431e-08], [9.462448875751153e-14, 2.95472578865851e-11]]"
223.25,bdf2,29.938454166666666,0.021367625,3,1.0159861084455637e-13,2.9531758302398195e-11,2.8057911549694836e-10,2.3092638912203256e-14,-38.07401528969318,-38.08200208036965,0.007986790676469013,1.6959429969315252e-06,1.697074001576147e-06,-1.1310046446218248e-09,0.46908525296720593,5.552446917021997e-09,1.3328788039813196e-08,-0.29909534486807965,"{""D"": 5.552446917021997e-09, ""cp"": 3315.4138213638826, ""k"": 0.46908525296720593, ""rho"": 924.2668962521835}","{""D"": 5.690558833937638e-09, ""cp"": 3415.295774647881, ""k"": 0.48295774647887235, ""rho"": 976.3999999999962}","[[1.8971446724559996e-06, 8.113519651791414e-05], [7.257765566225144e-10, 6.881431494349018e-08], [1.0159861084455637e-13, 2.9531758302398195e-11]]"
223.5,bdf2,29.939925,0.02136975,3,9.914799234209863e-14,2.952078668662543e-11,2.53749021794647e-10,1.4210854715202004e-14,-38.096478031726626,-38.10446346730174,0.007985435575115218,1.6957804894035775e-06,1.6969106237047067e-06,-1.1301343011292329e-09,0.46907747683794,5.552471466540733e-09,1.332750487300748e-08,-0.29927175620584784,"{""D"": 5.552471466540733e-09, ""cp"": 3315.357833233168, ""k"": 0.46907747683794, ""rho"": 924.2410277927531}","{""D"": 5.6906398025697876e-09, ""cp"": 3415.295774647881, ""k"": 0.48295774647887235, ""rho"": 976.3999999999962}","[[1.8972942238070123e-06, 8.108088127750425e-05], [7.258043956977142e-10, 6.877308395972143e-08], [9.914799234209863e-14, 2.952078668662543e-11]]"
223.75,bdf2,29.94139583333333,0.021371875000000002,3,9.68858770514808e-14,2.950615786559508e-11,2.845581548172049e-10,1.9984014443252818e-14,-38.11893958332233,-38.126923683675784,0.007984100353453982,1.6956180933505713e-06,1.6967473587725521e-06,-1.1292654219808474e-09,0.46906970514145585,5.552496082768912e-09,1.332622259326558e-08,-0.2994481583679331,"{""D"": 5.552496082768912e-09, ""cp"": 3315.3018770184817, ""k"": 0.46906970514145585, ""rho"": 924.2151774036083}","{""D"": 5.690720773209722e-09, ""cp"": 3415.2957746478805, ""k"": 0.48295774647887235, ""rho"": 976.3999999999961}","[[1.8974458592270163e-06, 8.102665402771135e-05], [7.258320460606164e-10, 6.873192281115781e-08], [9.68858770514808e-14, 2.950615786559508e-11]]"
224.0,bdf2,29.942866666666667,0.021374,3,1.0404844865381809e-13,2.949448963929706e-11,1.6075318853836507e-10,2.7533531010703882e-14,-38.14139994459183,-38.149382713872626,0.007982769280793889,1.6954558085869764e-06,1.6965842065913513e-06,-1.1283980043748951e-09,0.4690619378705947,5.552520765763581e-09,1.3324941199049288e-08,-0.29962455115138464,"{""D"": 5.552520765763581e-09, ""cp"": 3315.245952668282, ""k"": 0.4690619378705947, ""rho"": 924.1893450546162}","{""D"": 5.690801745951188e-09, ""cp"": 3415.2957746478805, ""k"": 0.48295774647887235, ""rho"": 976.3999999999961}","[[1.8975995632436743e-06, 8.097251452785642e-05], [7.258527219423954e-10, 6.869082522830459e-08], [1.0404844865381809e-13, 2.949448963929706e-11]]"
224.25,bdf2,29.9443375,0.021376125000000003,3,1.0272879865993245e-13,2.947742268142831e-11,9.083578333957121e-11,5.10702591327572e-14,-38.16385909858213,-38.171840542491964,0.00798144390983424,1.6952936349314564e-06,1.6964211669733102e-06,-1.1275320418538087e-09,0.46905417501821833,5.552545515580011e-09,1.3323660688832456e-08,-0.2998009344780359,"{""D"": 5.552545515580011e-09, ""cp"": 3315.1900601311727, ""k"": 0.46905417501821833, ""rho"": 924.1635307157296}","{""D"": 5.690882720887771e-09, ""cp"": 3415.2957746478805, ""k"": 0.48295774647887235, ""rho"": 976.3999999999961}","[[1.8977552811782741e-06, 8.091846253935046e-05], [7.259099653124398e-10, 6.864979225607762e-08], [1.0272879865993245e-13, 2.947742268142831e-11]]"
224.5,bdf2,29.945808333333332,0.02137825,3,9.009958262014755e-14,2.9463316318291896e-11,2.2612312022829428e-10,6.794564910705958e-14,-38.186317019809174,-38.19429715442482,0.007980134615642953,1.6951315721979464e-06,1.6962582397311347e-06,-1.1266675331883314e-09,0.46904641657720736,5.552570332270911e-09,1.332238106127047e-08,-0.29997730848184523,"{""D"": 5.552570332270911e-09, ""cp"": 3315.134199355893, ""k"": 0.46904641657720736, ""rho"": 924.1377343569816}","{""D"": 5.690963698112884e-09, ""cp"": 3415.2957746478805, ""k"": 0.48295774647887235, ""rho"": 976.3999999999961}","[[1.897913051656355e-06, 8.086449782203695e-05], [7.259287558064315e-10, 6.860882789998737e-08], [9.009958262014755e-14, 2.9463316318291896e-11]]"
224.75,bdf2,29.947279166666668,0.021380375,3,1.0932564580065394e-13,2.944799088673629e-11,2.780780050670728e-10,4.39648317751562e-14,-38.20877368279082,-38.21675253421546,0.007978851424638833,1.6949696202061991e-06,1.6960954246780605e-06,-1.125804471861392e-09,0.46903866254046234,5.552595215892552e-09,1.3321102314882574e-08,-0.30015367241739555,"{""D"": 5.552595215892552e-09, ""cp"": 3315.078370291329, ""k"": 0.46903866254046234, ""rho"": 924.1119559484897}","{""D"": 5.691044677719687e-09, ""cp"": 3415.2957746478805, ""k"": 0.48295774647887235, ""rho"": 976.3999999999961}","[[1.8980728052972406e-06, 8.081062013924246e-05], [7.259818517441337e-10, 6.85679312892707e-08], [1.0932564580065394e-13, 2.944799088673629e-11]]"
225.0,bdf2,29.94875,0.021382500000000002,3,1.0385916628577611e-13,2.943301376044331e-11,9.089262675843202e-11,5.1514348342607263e-14,-38.231229113238484,-38.23920666726508,0.007977554026595612,1.6948077787727798e-06,1.6959327216278381e-06,-1.1249428550582997e-09,0.4690309129009035,5.552620166493391e-09,1.3319824448116636e-08,-0.3003300268553221,"{""D"": 5.552620166493391e-09, ""cp"": 3315.0225728865053, ""k"": 0.4690309129009035, ""rho"": 924.0861954604541}","{""D"": 5.691125659801222e-09, ""cp"": 3415.2957746478805, ""k"": 0.48295774647887235, ""rho"": 976.399999999996}","[[1.898234553018187e-06, 8.075682925342279e-05], [7.260012072679859e-10, 6.852709406460128e-08], [1.0385916628577611e-13, 2.943301376044331e-11]]"
225.25,bdf2,29.950220833333333,0.021384625,3,1.208232289607896e-13,2.941786248151901e-11,1.659827830735594e-11,2.842170943040401e-14,-38.2536832600757,-38.261659538538595,0.007976278462898279,1.694646047716374e-06,1.6957701303947277e-06,-1.1240826783537311e-09,0.46902316765147034,5.552645184126212e-09,1.3318547459539903e-08,-0.30050637121360313,"{""D"": 5.552645184126212e-09, ""cp"": 3314.9668070905864, ""k"": 0.46902316765147034, ""rho"": 924.0604528631565}","{""D"": 5.691206644450365e-09, ""cp"": 3415.2957746478805, ""k"": 0.48295774647887235, ""rho"": 976.399999999996}","[[1.8983982578597597e-06, 8.070312492912364e-05], [7.260339455129927e-10, 6.848632423700023e-08], [1.208232289607896e-13, 2.941786248151901e-11]]"
225.5,bdf2,29.951691666666665,0.021386750000000003,3,8.99104067911382e-14,2.9406890865746254e-11,3.927880243281834e-10,3.9968028886505635e-14,-38.27613611488784,-38.28411113369725,0.007975018809410983,1.6944844268553206e-06,1.6956076507934966e-06,-1.12322393817596e-09,0.4690154267851212,5.55267026883752e-09,1.331727134775633e-08,-0.30068270565876815,"{""D"": 5.55267026883752e-09, ""cp"": 3314.911072852873, ""k"": 0.4690154267851212, ""rho"": 924.0347281269594}","{""D"": 5.691287631759795e-09, ""cp"": 3415.2957746478805, ""k"": 0.48295774647887224, ""rho"": 976.399999999996}","[[1.898563891721772e-06, 8.06495069315872e-05], [7.260866636011191e-10, 6.844561710434644e-08], [8.99104067911382e-14, 2.9406890865746254e-11]]"
225.75,bdf2,29.9531625,0.021388875,3,9.44340214697544e-14,2.939017221314013e-11,3.0024693842278793e-10,1.4654943925052066e-14,-38.29858766072958,-38.30656143797313,0.007973777243549307,1.6943229160084777e-06,1.6954452826394415e-06,-1.122366630963848e-09,0.46900769029483513,5.552695420678112e-09,1.3315996111231846e-08,-0.3008590300295514,"{""D"": 5.552695420678112e-09, ""cp"": 3314.855370122813, ""k"": 0.46900769029483513, ""rho"": 924.0090212223106}","{""D"": 5.691368621821937e-09, ""cp"": 3415.2957746478805, ""k"": 0.48295774647887224, ""rho"": 976.399999999996}","[[1.8987314753235148e-06, 8.059597502640404e-05], [7.261122386519294e-10, 6.840497719460833e-08], [9.44340214697544e-14, 2.939017221314013e-11]]"
226.0,bdf2,29.954633333333334,0.021391,3,1.0065403527123881e-13,2.9373801865796636e-11,2.398792275926098e-10,5.728750807065808e-14,-38.32103790625092,-38.329010437064426,0.007972530813503909,1.6941615149957844e-06,1.6952830257483498e-06,-1.1215107525654515e-09,0.4689999581736092,5.552720639694612e-09,1.3314721748559384e-08,-0.30103534395164655,"{""D"": 5.552720639694612e-09, ""cp"": 3314.7996988499863, ""k"": 0.4689999581736092, ""rho"": 923.9833321197359}","{""D"": 5.691449614729008e-09, ""cp"": 3415.2957746478805, ""k"": 0.48295774647887224, ""rho"": 976.399999999996}","[[1.898900938531663e-06, 8.054252898090625e-05], [7.261521387732858e-10, 6.83644017213438e-08], [1.0065403527123881e-13, 2.9373801865796636e-11]]"
226.25,bdf2,29.956104166666666,0.021393125000000002,3,8.896744267987806e-14,2.935899889213497e-11,4.888534022029489e-11,5.81756864903582e-14,-38.34348680038271,-38.35145811675318,0.007971316370465331,1.6940002236386144e-06,1.695120879936519e-06,-1.120656297904502e-09,0.4689922304144599,5.552745925933116e-09,1.3313448258372991e-08,-0.301211647633893,"{""D"": 5.552745925933116e-09, ""cp"": 3314.7440589841117, ""k"": 0.4689922304144599, ""rho"": 923.957660789843}","{""D"": 5.691530610573022e-09, ""cp"": 3415.2957746478805, ""k"": 0.48295774647887224, ""rho"": 976.399999999996}","[[1.8990723086628637e-06, 8.048916856260008e-05], [7.261880803187149e-10, 6.832389242607917e-08], [8.896744267987806e-14, 2.935899889213497e-11]]"
226.5,bdf2,29.957575,0.02139525,3,9.839177297096269e-14,2.934785312373089e-11,5.968558980384842e-11,4.4853010194856324e-14,-38.36593436883933,-38.373904462986275,0.007970094146941165,1.6938390417563507e-06,1.6949588450207531e-06,-1.1198032644024193e-09,0.46898450701042305,5.552771279438446e-09,1.3312175639094639e-08,-0.30138794084872306,"{""D"": 5.552771279438446e-09, ""cp"": 3314.6884504750465, ""k"": 0.46898450701042305, ""rho"": 923.9320072033205}","{""D"": 5.691611609445846e-09, ""cp"": 3415.2957746478805, ""k"": 0.48295774647887224, ""rho"": 976.399999999996}","[[1.899245537260742e-06, 8.043589354038499e-05], [7.262076229703225e-10, 6.828344182025129e-08], [9.839177297096269e-14, 2.934785312373089e-11]]"
226.75,bdf2,29.959045833333334,0.021397375,3,1.031038267215289e-13,2.933200523428134e-11,3.54702933691442e-11,1.4210854715202004e-14,-38.38838056908581,-38.39634946180723,0.007968892721422094,1.693677969171325e-06,1.6947969208183589e-06,-1.1189516470339688e-09,0.46897678795455344,5.552796700254691e-09,1.3310903889371952e-08,-0.30156422350582684,"{""D"": 5.552796700254691e-09, ""cp"": 3314.632873272785, ""k"": 0.46897678795455344, ""rho"": 923.9063713309374}","{""D"": 5.691692611439005e-09, ""cp"": 3415.2957746478805, ""k"": 0.48295774647887224, ""rho"": 976.399999999996}","[[1.8994206024463164e-06, 8.038270368403117e-05], [7.262450719325721e-10, 6.82430617462391e-08], [1.031038267215289e-13, 2.933200523428134e-11]]"
227.0,bdf2,29.960516666666667,0.021399500000000002,3,9.481010290274952e-14,2.9320337007983317e-11,2.0156676328042522e-10,9.769962616701378e-15,-38.41082539271348,-38.41879309931073,0.007967706597256097,1.6935170057042218e-06,1.6946351071471451e-06,-1.118101442923262e-09,0.46896907323992487,5.552822188425767e-09,1.3309633007795997e-08,-0.3017404953394682,"{""D"": 5.552822188425767e-09, ""cp"": 3314.577327327459, ""k"": 0.46896907323992487, ""rho"": 923.8807531435432}","{""D"": 5.691773616643905e-09, ""cp"": 3415.2957746478805, ""k"": 0.48295774647887224, ""rho"": 976.399999999996}","[[1.899597508540753e-06, 8.032959876365718e-05], [7.262981652307818e-10, 6.820273896844261e-08], [9.481010290274952e-14, 2.9320337007983317e-11]]"
227.25,bdf2,29.9619875,0.021401625,3,9.367898924413801e-14,2.9304837423796396e-11,6.861000656499527e-11,1.687538997430238e-14,-38.433268848375725,-38.44123536196946,0.007966513593736124,1.6933561511778687e-06,1.6944734038254177e-06,-1.1172526475490486e-09,0.46896136285962997,5.5528477439922646e-09,1.3308362992862238e-08,-0.30191675653852923,"{""D"": 5.5528477439922646e-09, ""cp"": 3314.5218125893357, ""k"": 0.46896136285962997, ""rho"": 923.8551526120668}","{""D"": 5.691854625151683e-09, ""cp"": 3415.2957746478805, ""k"": 0.48295774647887224, ""rho"": 976.399999999996}","[[1.8997762187746893e-06, 8.027657855147137e-05], [7.263333517481175e-10, 6.81624811495776e-08], [9.367898924413801e-14, 2.9304837423796396e-11]]"
227.5,bdf2,29.96345833333333,0.021403750000000003,3,9.612916238818836e-14,2.9288989534346844e-11,9.276845958083868e-11,2.886579864025407e-14,-38.4557108935422,-38.46367623620495,0.007965342662750174,1.6931954054145145e-06,1.6943118106719786e-06,-1.1164052574641164e-09,0.4689536568067799,5.55287336699543e-09,1.3307093843211973e-08,-0.3020930067301674,"{""D"": 5.55287336699543e-09, ""cp"": 3314.4663290088156, ""k"": 0.4689536568067799, ""rho"": 923.8295697075166}","{""D"": 5.691935637053339e-09, ""cp"": 3415.2957746478805, ""k"": 0.48295774647887224, ""rho"": 976.399999999996}","[[1.8999567548104736e-06, 8.02236428196821e-05], [7.263387568064619e-10, 6.812229212100196e-08], [9.612916238818836e-14, 2.9288989534346844e-11]]"
227.75,bdf2,29.964929166666668,0.021405875,3,8.557364071656595e-14,2.927470901857912e-11,4.695266397902742e-10,1.5987211554602254e-14,-38.47815154539832,-38.48611570856235,0.007964163164032811,1.69303476823692e-06,1.6941503275061233e-06,-1.1155592692032535e-09,0.468945955074505,5.5528990574756814e-09,1.3305825557434931e-08,-0.3022692460103405,"{""D"": 5.5528990574756814e-09, ""cp"": 3314.410876536436, ""k"": 0.468945955074505, ""rho"": 923.8040044009797}","{""D"": 5.6920166524395485e-09, ""cp"": 3415.2957746478805, ""k"": 0.48295774647887224, ""rho"": 976.399999999996}","[[1.9001390435008937e-06, 8.017079134136848e-05], [7.263882679469194e-10, 6.808216038864202e-08], [8.557364071656595e-14, 2.927470901857912e-11]]"
228.0,bdf2,29.9664,0.021408,3,9.103962531231024e-14,2.926217002912452e-11,1.6393641999457031e-10,5.861977570020827e-14,-38.500590735825845,-38.50855376574174,0.00796302991589215,1.692874239470644e-06,1.6939889541476367e-06,-1.11471467699266e-09,0.46893825765595365,5.552924815472158e-09,1.3304558134018812e-08,-0.3024454741251632,"{""D"": 5.552924815472158e-09, ""cp"": 3314.355455122866, ""k"": 0.46893825765595365, ""rho"": 923.7784566636219}","{""D"": 5.692097671400811e-09, ""cp"": 3415.2957746478805, ""k"": 0.48295774647887224, ""rho"": 976.399999999996}","[[1.9003230801202741e-06, 8.011802389048038e-05], [7.26437024811457e-10, 6.804209326690829e-08], [9.103962531231024e-14, 2.926217002912452e-11]]"
228.25,bdf2,29.967870833333333,0.021410125000000002,3,1.078148378311411e-13,2.924754120809417e-11,5.263700586510822e-11,7.105427357601002e-15,-38.52302850760285,-38.5309903945398,0.007961886936946883,1.692713818937055e-06,1.6938276904168087e-06,-1.1138714797536391e-09,0.4689305645442936,5.552950641023323e-09,1.3303291571647986e-08,-0.3026216907430376,"{""D"": 5.552950641023323e-09, ""cp"": 3314.300064718914, ""k"": 0.4689305645442936, ""rho"": 923.7529264666894}","{""D"": 5.692178694027484e-09, ""cp"": 3415.2957746478805, ""k"": 0.48295774647887224, ""rho"": 976.399999999996}","[[1.9005088818075178e-06, 8.006534024270925e-05], [7.264592046184879e-10, 6.800209145241131e-08], [1.078148378311411e-13, 2.924754120809417e-11]]"
228.5,bdf2,29.969341666666665,0.02141225,3,9.273566320302092e-14,2.9231519166013304e-11,2.9240254661999643e-10,4.973799150320701e-14,-38.54546482673478,-38.553425582020395,0.007960755285616017,1.6925535064623868e-06,1.6936665361344048e-06,-1.1130296720179582e-09,0.46892287573271074,5.552976534165412e-09,1.330202586888329e-08,-0.30279789646801636,"{""D"": 5.552976534165412e-09, ""cp"": 3314.244705275517, ""k"": 0.46892287573271074, ""rho"": 923.7274137815048}","{""D"": 5.692259720409577e-09, ""cp"": 3415.2957746478805, ""k"": 0.48295774647887224, ""rho"": 976.399999999996}","[[1.9006964134905861e-06, 8.001274017357233e-05], [7.264981595559855e-10, 6.796215128794581e-08], [9.273566320302092e-14, 2.9231519166013304e-11]]"
228.75,bdf2,29.9708125,0.021414375000000003,3,8.689239723678627e-14,2.921863187129609e-11,8.65156835061498e-11,6.394884621840902e-14,-38.56789968481899,-38.57585931527012,0.007959630451132682,1.6923933018712871e-06,1.6935054911216812e-06,-1.1121892503940972e-09,0.46891519121440917,5.553002494934656e-09,1.3300761024239758e-08,-0.30297409055753277,"{""D"": 5.553002494934656e-09, ""cp"": 3314.189376743746, ""k"": 0.46891519121440917, ""rho"": 923.7019185794691}","{""D"": 5.692340750636879e-09, ""cp"": 3415.2957746478805, ""k"": 0.48295774647887224, ""rho"": 976.399999999996}","[[1.9008856472602536e-06, 7.996022345980596e-05], [7.265376796654993e-10, 6.792227225105392e-08], [8.689239723678627e-14, 2.921863187129609e-11]]"
229.0,bdf2,29.972283333333333,0.0214165,3,8.915406882578924e-14,2.9204351355528364e-11,5.974243322270922e-11,5.1514348342607263e-14,-38.590333056394115,-38.598291581386945,0.007958524992830007,1.6922332049900136e-06,1.6933445552003842e-06,-1.111350210370547e-09,0.46890751098261174,5.553028523367385e-09,1.3299497036480713e-08,-0.3031502731619529,"{""D"": 5.553028523367385e-09, ""cp"": 3314.1340790748045, ""k"": 0.46890751098261174, ""rho"": 923.6764408320614}","{""D"": 5.6924217847989096e-09, ""cp"": 3415.2957746478805, ""k"": 0.48295774647887224, ""rho"": 976.399999999996}","[[1.901076587250137e-06, 7.99077898793655e-05], [7.265726758096456e-10, 6.788245660571981e-08], [8.915406882578924e-14, 2.9204351355528364e-11]]"
229.25,bdf2,29.973754166666666,0.021418625,3,9.028481552473895e-14,2.919024499239195e-11,1.0231815394945443e-10,8.837375276016246e-14,-38.612764941589276,-38.62072236791505,0.007957426325774009,1.6920732156444114e-06,1.6931837281927347e-06,-1.1105125483232769e-09,0.46889983503055943,5.553054619495998e-09,1.3298233904123935e-08,-0.30332644426587213,"{""D"": 5.553054619495998e-09, ""cp"": 3314.0788122200274, ""k"": 0.46889983503055943, ""rho"": 923.6509805108376}","{""D"": 5.692505089816277e-09, ""cp"": 3415.2957746478805, ""k"": 0.48295774647887224, ""rho"": 976.399999999996}","[[1.9012691883990583e-06, 7.985543921038052e-05], [7.265988128339741e-10, 6.784270452609614e-08], [9.028481552473895e-14, 2.919024499239195e-11]]"
229.5,bdf2,29.975225,0.021420750000000002,3,1.0517501301148835e-13,2.917282972926057e-11,1.7644197214394808e-10,9.681144774731365e-14,-38.63519532347489,-38.64315166205472,0.007956338579830913,1.691913333658232e-06,1.6930230099214557e-06,-1.1096762632235656e-09,0.46889216335151196,5.553080783356404e-09,1.3296971625781293e-08,-0.3035026033327834,"{""D"": 5.553080783356404e-09, ""cp"": 3314.023576130887, ""k"": 0.46889216335151196, ""rho"": 923.625537587433}","{""D"": 5.692588438369271e-09, ""cp"": 3415.2957746478805, ""k"": 0.48295774647887224, ""rho"": 976.399999999996}","[[1.9014634412700173e-06, 7.980317123237377e-05], [7.266562382389998e-10, 6.780301322574077e-08], [1.0517501301148835e-13, 2.917282972926057e-11]]"
229.75,bdf2,29.976695833333334,0.021422875,3,9.235781063569815e-14,2.9162032266119115e-11,1.4165379980113357e-10,1.8207657603852567e-14,-38.65762420218112,-38.66557945147093,0.007955249289814503,1.6917535588618324e-06,1.6928624002097208e-06,-1.1088413478883618e-09,0.46888449593874626,5.55310701498026e-09,1.3295710200084912e-08,-0.30367875071834877,"{""D"": 5.55310701498026e-09, ""cp"": 3313.9683707589734, ""k"": 0.46888449593874626, ""rho"": 923.6001120335553}","{""D"": 5.692671792249283e-09, ""cp"": 3415.2957746478805, ""k"": 0.48295774647887224, ""rho"": 976.399999999996}","[[1.901659373557535e-06, 7.975098572556468e-05], [7.26696511115669e-10, 6.776338026651692e-08], [9.235781063569815e-14, 2.9162032266119115e-11]]"
230.0,bdf2,29.978166666666667,0.021425,3,9.57503643631676e-14,2.914548776614431e-11,2.8421709430404007e-11,2.708944180085382e-14,-38.68005154372166,-38.68800572388551,0.007954180163849855,1.6915938910815597e-06,1.692701898881208e-06,-1.1080077996482413e-09,0.4688768327855585,5.5531333143990295e-09,1.3294449625591584e-08,-0.30385488640634156,"{""D"": 5.5531333143990295e-09, ""cp"": 3313.9131960560208, ""k"": 0.4688768327855585, ""rho"": 923.5747038209932}","{""D"": 5.692755151528096e-09, ""cp"": 3415.2957746478805, ""k"": 0.48295774647887224, ""rho"": 976.399999999996}","[[1.9018569317191688e-06, 7.969888247104335e-05], [7.26722270350267e-10, 6.772381174376664e-08], [9.57503643631676e-14, 2.914548776614431e-11]]"
230.25,bdf2,29.9796375,0.021427125,3,9.895442055074473e-14,2.913242631879578e-11,1.1596057447604835e-10,6.661338147750939e-14,-38.702477348228605,-38.71043046707996,0.00795311885135419,1.6914343301452221e-06,1.692541505760053e-06,-1.1071756148308928e-09,0.4688691738852617,5.553159681643803e-09,1.3293189900990545e-08,-0.30403100987007137,"{""D"": 5.553159681643803e-09, ""cp"": 3313.8580519738844, ""k"": 0.4688691738852617, ""rho"": 923.5493129216086}","{""D"": 5.6928385162775975e-09, ""cp"": 3415.2957746478805, ""k"": 0.48295774647887224, ""rho"": 976.399999999996}","[[1.9020561031139768e-06, 7.964686125111901e-05], [7.267546263008126e-10, 6.768430556765839e-08], [9.895442055074473e-14, 2.913242631879578e-11]]"
230.5,bdf2,29.98110833333333,0.02142925,3,9.933120074586716e-14,2.912023563460382e-11,2.4647306418046355e-10,1.7319479184152442e-14,-38.72490160730525,-38.73285366886989,0.007952061564644453,1.6912748758798043e-06,1.6923812206708748e-06,-1.106344791070553e-09,0.4688615192311876,5.553186116745553e-09,1.3291931024770956e-08,-0.3042071213118215,"{""D"": 5.553186116745553e-09, ""cp"": 3313.8029384645506, ""k"": 0.4688615192311876, ""rho"": 923.52393930734}","{""D"": 5.6929218865694696e-09, ""cp"": 3415.2957746478805, ""k"": 0.48295774647887224, ""rho"": 976.399999999996}","[[1.9022568690696404e-06, 7.959492184810085e-05], [7.268097885741162e-10, 6.764486034497108e-08], [9.933120074586716e-14, 2.912023563460382e-11]]"
230.75,bdf2,29.982579166666667,0.021431375000000003,3,9.631526940939492e-14,2.910804495041185e-11,5.7980287238024175e-11,5.3734794391857577e-14,-38.74732429549814,-38.75527531742762,0.00795102192947894,1.691115528116876e-06,1.6922210434387667e-06,-1.1055153218908083e-09,0.4688538688166858,5.553212619732159e-09,1.3290672995755208e-08,-0.3043832205282096,"{""D"": 5.553212619732159e-09, ""cp"": 3313.7478554801382, ""k"": 0.4688538688166858, ""rho"": 923.4985829502027}","{""D"": 5.693005262475553e-09, ""cp"": 3415.2957746478805, ""k"": 0.48295774647887224, ""rho"": 976.399999999996}","[[1.9024592324011122e-06, 7.954306404551715e-05], [7.268387512265792e-10, 6.760547642401e-08], [9.631526940939492e-14, 2.910804495041185e-11]]"
231.0,bdf2,29.98405,0.0214335,3,9.518418487739682e-14,2.9092371213593617e-11,2.029310053330846e-11,4.75175454539567e-14,-38.769745412941354,-38.77769540081033,0.007949987868975938,1.6909562866820928e-06,1.6920609738892942e-06,-1.1046872072014495e-09,0.4688462226351239,5.553239190632836e-09,1.328941581247085e-08,-0.30455930748475785,"{""D"": 5.553239190632836e-09, ""cp"": 3313.692802972892, ""k"": 0.4688462226351239, ""rho"": 923.473243822287}","{""D"": 5.693088644067269e-09, ""cp"": 3415.2957746478805, ""k"": 0.48295774647887224, ""rho"": 976.399999999996}","[[1.902663180279306e-06, 7.949128762776697e-05], [7.268643209142878e-10, 6.756615572045408e-08], [9.518418487739682e-14, 2.9092371213593617e-11]]"
231.25,bdf2,29.985520833333332,0.021435625,3,9.857670084624989e-14,2.9077916545194568e-11,2.82170731225051e-10,5.861977570020827e-14,-38.79216495124061,-38.80011390715907,0.007948955918465117,1.6907971514080254e-06,1.6919010118484854e-06,-1.1038604404599942e-09,0.4688385806798867,5.553265829476174e-09,1.3288159473540366e-08,-0.30473538197820005,"{""D"": 5.553265829476174e-09, ""cp"": 3313.6377808951843, ""k"": 0.4688385806798867, ""rho"": 923.4479218957576}","{""D"": 5.693172031415893e-09, ""cp"": 3415.2957746478805, ""k"": 0.48295774647887235, ""rho"": 976.399999999996}","[[1.9028686574665666e-06, 7.943959238064255e-05], [7.269273985045677e-10, 6.752689335802966e-08], [9.857670084624989e-14, 2.9077916545194568e-11]]"
231.5,bdf2,29.986991666666665,0.021437750000000002,3,1.0008437570989158e-13,2.9064680945214725e-11,2.1475443645613268e-10,6.084022174945858e-14,-38.814582876417326,-38.82253082498863,0.00794794857130654,1.6906381221246815e-06,1.6917411571428417e-06,-1.1030350181601494e-09,0.4688309429443771,5.553292536287513e-09,1.3286903977605171e-08,-0.3049114440146634,"{""D"": 5.553292536287513e-09, ""cp"": 3313.582789199516, ""k"": 0.4688309429443771, ""rho"": 923.4226171428547}","{""D"": 5.693255424592849e-09, ""cp"": 3415.2957746478805, ""k"": 0.48295774647887235, ""rho"": 976.399999999996}","[[1.9030757059826274e-06, 7.938797808906542e-05], [7.269433549973336e-10, 6.748769281978935e-08], [1.0008437570989158e-13, 2.9064680945214725e-11]]"
231.75,bdf2,29.9884625,0.021439875,3,9.028309733699115e-14,2.9051445345234873e-11,7.310063665499911e-11,9.281464485866309e-14,-38.836999188607955,-38.8449461427669,0.007946954158946085,1.6904791986606917e-06,1.6915814095993243e-06,-1.102210938632625e-09,0.46882330942201556,5.553319311092868e-09,1.3285649323291323e-08,-0.30508749358818377,"{""D"": 5.553319311092868e-09, ""cp"": 3313.5278278385126, ""k"": 0.46882330942201556, ""rho"": 923.3973295358919}","{""D"": 5.6933388236692634e-09, ""cp"": 3415.2957746478805, ""k"": 0.48295774647887235, ""rho"": 976.3999999999961}","[[1.903284253249875e-06, 7.933644454091768e-05], [7.27000400450884e-10, 6.744855044852788e-08], [9.028309733699115e-14, 2.9051445345234873e-11]]"
232.0,bdf2,29.989933333333333,0.021442000000000003,3,8.613631924011724e-14,2.9035945761047948e-11,7.133849067031406e-11,2.398081733190338e-14,-38.85941389647714,-38.86735984889356,0.007945952416413604,1.6903203808480877e-06,1.6914217690453689e-06,-1.1013881972812086e-09,0.4688156801062404,5.553346153919094e-09,1.3284395509354776e-08,-0.30526353038686904,"{""D"": 5.553346153919094e-09, ""cp"": 3313.4728967649307, ""k"": 0.4688156801062404, ""rho"": 923.372059047259}","{""D"": 5.693422228716187e-09, ""cp"": 3415.2957746478805, ""k"": 0.48295774647887235, ""rho"": 976.3999999999961}","[[1.9034943689949475e-06, 7.928499152355892e-05], [7.270203145582931e-10, 6.740947024975583e-08], [8.613631924011724e-14, 2.9035945761047948e-11]]"
232.25,bdf2,29.991404166666666,0.021444125,3,9.084819870031352e-14,2.9024625840012557e-11,1.1743850336642936e-10,9.14823772291129e-14,-38.88182696604948,-38.8897719321065,0.007944966057017666,1.6901616685188115e-06,1.6912622353088601e-06,-1.1005667900486122e-09,0.4688080549905067,5.553373064790087e-09,1.3283142534308902e-08,-0.30543955461760935,"{""D"": 5.553373064790087e-09, ""cp"": 3313.417995931649, ""k"": 0.4688080549905067, ""rho"": 923.3468056494175}","{""D"": 5.6935056398043504e-09, ""cp"": 3415.2957746478805, ""k"": 0.48295774647887235, ""rho"": 976.3999999999961}","[[1.903705952745246e-06, 7.923361882539374e-05], [7.270560608995347e-10, 6.737045117855733e-08], [9.084819870031352e-14, 2.9024625840012557e-11]]"
232.5,bdf2,29.992874999999998,0.02144625,3,1.1930871420535124e-13,2.900860379793169e-11,1.3528733688872308e-10,4.574118861455645e-14,-38.9042384059908,-38.91218238099867,0.007943975007869142,1.6900030615037065e-06,1.691102808218165e-06,-1.099746714458535e-09,0.4688004340682883,5.5534000437313824e-09,1.3281890396902474e-08,-0.3056155656965389,"{""D"": 5.5534000437313824e-09, ""cp"": 3313.3631252916757, ""k"": 0.4688004340682883, ""rho"": 923.3215693149064}","{""D"": 5.693589057004725e-09, ""cp"": 3415.2957746478805, ""k"": 0.48295774647887235, ""rho"": 976.3999999999961}","[[1.9039190329500365e-06, 7.918232623587158e-05], [7.270835137662676e-10, 6.733149010018508e-08], [1.1930871420535124e-13, 2.900860379793169e-11]]"
232.75,bdf2,29.994345833333334,0.021448375000000002,3,9.838709349460251e-14,2.8994845740057908e-11,5.695710569852963e-10,5.3290705182007514e-14,-38.926648182328265,-38.93459118469167,0.007943002363404617,1.689844559636897e-06,1.6909434876020853e-06,-1.098927965188222e-09,0.4687928173330751,5.5534270907636945e-09,1.3280639095672681e-08,-0.30579156415324016,"{""D"": 5.5534270907636945e-09, ""cp"": 3313.3082847981404, ""k"": 0.4687928173330751, ""rho"": 923.2963500163337}","{""D"": 5.6936724803879665e-09, ""cp"": 3415.2957746478805, ""k"": 0.48295774647887235, ""rho"": 976.399999999996}","[[1.9041335743518646e-06, 7.91311135449644e-05], [7.271403694091645e-10, 6.729258962692855e-08], [9.838709349460251e-14, 2.8994845740057908e-11]]"
233.0,bdf2,29.995816666666666,0.0214505,3,8.557022097906188e-14,2.898230675060332e-11,8.458300726488233e-11,1.9095836023552692e-14,-38.94905627814629,-38.956998331998705,0.00794205385241753,1.6896861627495218e-06,1.6907842732898873e-06,-1.0981105403655187e-09,0.4687852047783746,5.553454205910889e-09,1.3279388629402878e-08,-0.305967549425572,"{""D"": 5.553454205910889e-09, ""cp"": 3313.253474404297, ""k"": 0.4687852047783746, ""rho"": 923.271147726382}","{""D"": 5.6937559100245765e-09, ""cp"": 3415.2957746478805, ""k"": 0.48295774647887235, ""rho"": 976.399999999996}","[[1.9043495927718385e-06, 7.907998054368902e-05], [7.271947744270879e-10, 6.725374819141401e-08], [8.557022097906188e-14, 2.898230675060332e-11]]"
233.25,bdf2,29.9972875,0.021452625000000003,3,8.971662462704424e-14,2.8966981319047708e-11,6.116351869422942e-11,3.8191672047105385e-14,-38.971462719167334,-38.97940381201437,0.007941092847033815,1.6895278706751267e-06,1.690625165111303e-06,-1.0972944361762356e-09,0.4687775963977122,5.553481389194426e-09,1.327813899669508e-08,-0.306143521575909,"{""D"": 5.553481389194426e-09, ""cp"": 3313.198694063528, ""k"": 0.4687775963977122, ""rho"": 923.2459624178085}","{""D"": 5.693839345985047e-09, ""cp"": 3415.2957746478805, ""k"": 0.48295774647887235, ""rho"": 976.399999999996}","[[1.90456704767536e-06, 7.902892702323642e-05], [7.272408859435436e-10, 6.721496927669413e-08], [8.971662462704424e-14, 2.8966981319047708e-11]]"
233.5,bdf2,29.99875833333333,0.02145475,3,8.99049336155083e-14,2.895426817696181e-11,3.9813130570109934e-10,5.1514348342607263e-14,-38.99386744584011,-39.00180761394836,0.007940168108248713,1.6893696832485943e-06,1.6904661628965058e-06,-1.0964796479115048e-09,0.4687699921846298,5.5535086406348896e-09,1.3276890196231359e-08,-0.30631948079754995,"{""D"": 5.5535086406348896e-09, ""cp"": 3313.1439437293343, ""k"": 0.4687699921846298, ""rho"": 923.220794063441}","{""D"": 5.693922788339473e-09, ""cp"": 3415.2957746478805, ""k"": 0.48295774647887224, ""rho"": 976.399999999996}","[[1.9047859599725528e-06, 7.897795277619084e-05], [7.272636256092743e-10, 6.717624835480045e-08], [8.99049336155083e-14, 2.895426817696181e-11]]"
233.75,bdf2,30.000229166666667,0.021456875,3,1.1459558798036254e-13,2.8942251645401162e-11,3.071818355238065e-10,3.8191672047105385e-14,-39.01627050946924,-39.024209726815684,0.00793921734644698,1.6892116003030277e-06,1.6903072664761264e-06,-1.0956661730986255e-09,0.46876239213268667,5.553535960254879e-09,1.3275642226647442e-08,-0.3064954263711846,"{""D"": 5.553535960254879e-09, ""cp"": 3313.089223355344, ""k"": 0.46876239213268667, ""rho"": 923.1956426361803}","{""D"": 5.694006237157995e-09, ""cp"": 3415.2957746478805, ""k"": 0.48295774647887224, ""rho"": 976.399999999996}","[[1.9050063040190383e-06, 7.892705759618139e-05], [7.27285422627506e-10, 6.713758525158038e-08], [1.1459558798036254e-13, 2.8942251645401162e-11]]"
234.0,bdf2,30.0017,0.021459000000000002,3,1.0253269908561398e-13,2.8924313924375844e-11,3.0945557227823883e-10,1.3322676295501878e-14,-39.03867184197907,-39.046610140206894,0.007938298227827545,1.6890536216731518e-06,1.6901484756812503e-06,-1.0948540080985323e-09,0.46875479623545935,5.553563348071865e-09,1.327439508668213e-08,-0.30667135883515567,"{""D"": 5.553563348071865e-09, ""cp"": 3313.034532895308, ""k"": 0.46875479623545935, ""rho"": 923.1705081090001}","{""D"": 5.694089692510679e-09, ""cp"": 3415.2957746478805, ""k"": 0.48295774647887224, ""rho"": 976.399999999996}","[[1.905228033814864e-06, 7.887624127701137e-05], [7.273379415125761e-10, 6.709898728144442e-08], [1.0253269908561398e-13, 2.8924313924375844e-11]]"
234.25,bdf2,30.003170833333332,0.021461125,3,8.368461694144976e-14,2.891456137702228e-11,2.2919266484677792e-10,4.218847493575595e-14,-39.061071460566374,-39.06900884367985,0.007937383113478802,1.688895747194606e-06,1.689989790343405e-06,-1.094043148799092e-09,0.4687472044865413,5.553590804103781e-09,1.3273148774967687e-08,-0.30684727802737555,"{""D"": 5.553590804103781e-09, ""cp"": 3312.979872303097, ""k"": 0.4687472044865413, ""rho"": 923.1453904549448}","{""D"": 5.694173154467342e-09, ""cp"": 3415.2957746478805, ""k"": 0.48295774647887224, ""rho"": 976.399999999996}","[[1.9054511506686745e-06, 7.882550361335484e-05], [7.273934756943536e-10, 6.706043911896104e-08], [8.368461694144976e-14, 2.891456137702228e-11]]"
234.5,bdf2,30.004641666666664,0.02146325,3,9.989360906432045e-14,2.8899061792835352e-11,2.1304913389030844e-10,1.6431300764452317e-14,-39.08346935684695,-39.09140582640447,0.007936469557520809,1.688737976701851e-06,1.689831210294569e-06,-1.0932335927180746e-09,0.46873961687954246,5.553618328372459e-09,1.3271903290159155e-08,-0.30702318335549983,"{""D"": 5.553618328372459e-09, ""cp"": 3312.925241532706, ""k"": 0.46873961687954246, ""rho"": 923.1202896471311}","{""D"": 5.694256623097757e-09, ""cp"": 3415.2957746478805, ""k"": 0.48295774647887224, ""rho"": 976.399999999996}","[[1.9056756986736345e-06, 7.877484440040827e-05], [7.274180990231628e-10, 6.702195678617226e-08], [9.989360906432045e-14, 2.8899061792835352e-11]]"
234.75,bdf2,30.0061125,0.021465375000000002,3,9.536994304481489e-14,2.8886174498118133e-11,1.502939994679764e-10,5.773159728050814e-14,-39.105865522437234,-39.11380107816598,0.007935555728742827,1.6885803100316032e-06,1.6896727353671657e-06,-1.0924253355625053e-09,0.46873203340809033,5.553645920894147e-09,1.327065863097445e-08,-0.3071990752765811,"{""D"": 5.553645920894147e-09, ""cp"": 3312.870640538251, ""k"": 0.46873203340809033, ""rho"": 923.0952056587465}","{""D"": 5.694340098471355e-09, ""cp"": 3415.2957746478805, ""k"": 0.48295774647887224, ""rho"": 976.399999999996}","[[1.905901597527129e-06, 7.872426343528387e-05], [7.274660933814594e-10, 6.69835296597676e-08], [9.536994304481489e-14, 2.8886174498118133e-11]]"
235.0,bdf2,30.007583333333333,0.0214675,3,9.423889445456957e-14,2.8872764745506976e-11,2.9547209123848006e-10,4.929390229335695e-14,-39.12825991484875,-39.13619458881925,0.00793467397050307,1.6884227470188751e-06,1.6895143653940628e-06,-1.0916183751876967e-09,0.46872445406582885,5.553673581684691e-09,1.3269414796111708e-08,-0.30737495364917145,"{""D"": 5.553673581684691e-09, ""cp"": 3312.816069273968, ""k"": 0.46872445406582885, ""rho"": 923.0701384630501}","{""D"": 5.694423580657542e-09, ""cp"": 3415.2957746478805, ""k"": 0.48295774647887224, ""rho"": 976.399999999996}","[[1.9061288547577903e-06, 7.867376051439721e-05], [7.274967474321648e-10, 6.694516035203656e-08], [9.423889445456957e-14, 2.8872764745506976e-11]]"
235.25,bdf2,30.009054166666665,0.021469625000000003,3,8.500332068914531e-14,2.8860225756052387e-11,3.552713678800501e-10,9.370282327836321e-14,-39.15065255980581,-39.15858634794631,0.007933788140498166,1.6882652875026554e-06,1.6893561002085675e-06,-1.0908127059121753e-09,0.46871687884641866,5.553701310762633e-09,1.3268171784266383e-08,-0.3075508179885053,"{""D"": 5.553701310762633e-09, ""cp"": 3312.7615276942147, ""k"": 0.46871687884641866, ""rho"": 923.0450880333708}","{""D"": 5.6945070697258e-09, ""cp"": 3415.2957746478805, ""k"": 0.48295774647887224, ""rho"": 976.399999999996}","[[1.9063574782711621e-06, 7.862333543573126e-05], [7.2754926457877e-10, 6.690685234603175e-08], [8.500332068914531e-14, 2.8860225756052387e-11]]"
235.5,bdf2,30.010524999999998,0.02147175,3,6.917108468270115e-14,2.8847338461335172e-11,4.7407411329913884e-11,2.7533531010703882e-14,-39.17304344040064,-39.18097634578004,0.007932905379398392,1.6881079313177928e-06,1.6891979396444295e-06,-1.0900083266367042e-09,0.46870930774353714,5.553729108140695e-09,1.326692959406614e-08,-0.30772666886683053,"{""D"": 5.553729108140695e-09, ""cp"": 3312.707015753467, ""k"": 0.46870930774353714, ""rho"": 923.0200543431088}","{""D"": 5.6945905657451076e-09, ""cp"": 3415.2957746478805, ""k"": 0.48295774647887224, ""rho"": 976.399999999996}","[[1.9065874150946789e-06, 7.857298799761722e-05], [7.27589341868476e-10, 6.686859937225842e-08], [6.917108468270115e-14, 2.8847338461335172e-11]]"
235.75,bdf2,30.011995833333334,0.021473875,3,1.155362235066768e-13,2.883079396136037e-11,1.0516032489249483e-10,3.9968028886505635e-15,-39.195432539726674,-39.20336457172624,0.007932031999565936,1.687950678303146e-06,1.6890398835358457e-06,-1.0892052326996374e-09,0.4687017407508788,5.553756973839561e-09,1.3265688224330887e-08,-0.30790250536797015,"{""D"": 5.553756973839561e-09, ""cp"": 3312.652533406327, ""k"": 0.4687017407508788, ""rho"": 922.9950373657352}","{""D"": 5.6946740687844505e-09, ""cp"": 3415.2957746478805, ""k"": 0.48295774647887224, ""rho"": 976.3999999999959}","[[1.9068187112064237e-06, 7.852271799977962e-05], [7.276118905002802e-10, 6.683040857097449e-08], [1.155362235066768e-13, 2.883079396136037e-11]]"
236.0,bdf2,30.013466666666666,0.021476000000000002,3,9.499208084323128e-14,2.8819822345587615e-11,8.822098607197404e-11,3.2862601528904634e-14,-39.217819849404265,-39.22575101628354,0.007931166879274087,1.6877935282960757e-06,1.6888819317174342e-06,-1.088403421358494e-09,0.46869417786215384,5.553784907869802e-09,1.3264447673643052e-08,-0.3080783279941643,"{""D"": 5.553784907869802e-09, ""cp"": 3312.5980806075077, ""k"": 0.46869417786215384, ""rho"": 922.9700370747894}","{""D"": 5.694757578912885e-09, ""cp"": 3415.29577464788, ""k"": 0.48295774647887224, ""rho"": 976.3999999999958}","[[1.907051284797195e-06, 7.84725252419429e-05], [7.276823118672212e-10, 6.679227262776943e-08], [9.499208084323128e-14, 2.8819822345587615e-11]]"
236.25,bdf2,30.0149375,0.021478125,3,1.1647816260121285e-13,2.8803626150875436e-11,5.127276381244883e-11,4.1300296516055823e-14,-39.24020535252872,-39.2481356694816,0.007930316952879934,1.6876364811369445e-06,1.688724084024258e-06,-1.087602887313389e-09,0.4686866190710893,5.553812910246684e-09,1.3263207940772483e-08,-0.30825413668570073,"{""D"": 5.553812910246684e-09, ""cp"": 3312.543657311843, ""k"": 0.4686866190710893, ""rho"": 922.9450534438813}","{""D"": 5.694841096198859e-09, ""cp"": 3415.29577464788, ""k"": 0.48295774647887224, ""rho"": 976.3999999999958}","[[1.907285169782727e-06, 7.842240952505062e-05], [7.277205033980875e-10, 6.67541971155274e-08], [1.1647816260121285e-13, 2.8803626150875436e-11]]"
236.5,bdf2,30.01640833333333,0.021480250000000003,3,9.913818222429497e-14,2.878951978773902e-11,2.141860022675246e-10,6.661338147750939e-14,-39.262589040722176,-39.270518521732356,0.007929481010179984,1.68747953666193e-06,1.6885663402918197e-06,-1.0868036298896606e-09,0.46867906437142937,5.553840980982065e-09,1.3261969024361083e-08,-0.3084299312419073,"{""D"": 5.553840980982065e-09, ""cp"": 3312.489263474291, ""k"": 0.46867906437142937, ""rho"": 922.9200864466911}","{""D"": 5.694924620710911e-09, ""cp"": 3415.29577464788, ""k"": 0.48295774647887224, ""rho"": 976.3999999999958}","[[1.9075203949895408e-06, 7.837237065126535e-05], [7.277277846057731e-10, 6.671617855119582e-08], [9.913818222429497e-14, 2.878951978773902e-11]]"
236.75,bdf2,30.017879166666667,0.021482375,3,9.4803061766834e-14,2.877750325617837e-11,2.568185664131306e-10,9.370282327836321e-14,-39.2849709311835,-39.29289956309674,0.007928631913237894,1.6873226947121983e-06,1.688408700356042e-06,-1.0860056438437512e-09,0.4686715137569334,5.553869120091265e-09,1.3260730923209172e-08,-0.3086057114960941,"{""D"": 5.553869120091265e-09, ""cp"": 3312.43489904992, ""k"": 0.4686715137569334, ""rho"": 922.8951360569667}","{""D"": 5.695008152517474e-09, ""cp"": 3415.29577464788, ""k"": 0.48295774647887224, ""rho"": 976.3999999999958}","[[1.9077568424220737e-06, 7.832240842153067e-05], [7.278162984530868e-10, 6.667821728307995e-08], [9.4803061766834e-14, 2.877750325617837e-11]]"
237.0,bdf2,30.01935,0.0214845,3,9.612220519918108e-14,2.8762874435148017e-11,9.993073035730049e-11,7.105427357601002e-15,-39.307350972908395,-39.315278784184216,0.007927811275820318,1.6871659551258729e-06,1.6882511640532914e-06,-1.0852089274184911e-09,0.46866396722137815,5.553897327584711e-09,1.3259493635961652e-08,-0.30878147761271646,"{""D"": 5.553897327584711e-09, ""cp"": 3312.380563993923, ""k"": 0.46866396722137815, ""rho"": 922.8702022485267}","{""D"": 5.695091691686631e-09, ""cp"": 3415.29577464788, ""k"": 0.48295774647887224, ""rho"": 976.3999999999958}","[[1.9079945919838535e-06, 7.827252263940242e-05], [7.278412957414243e-10, 6.664031104719556e-08], [9.612220519918108e-14, 2.8762874435148017e-11]]"
237.25,bdf2,30.02082083333333,0.021486625000000002,3,1.0403795290486704e-13,2.8747200698329777e-11,6.207301339600235e-11,2.9753977059954195e-14,-39.329729200147305,-39.33765617531009,0.007926975162781957,1.6870093177443233e-06,1.6880937312203563e-06,-1.0844134760329143e-09,0.46865642475855607,5.553925603475815e-09,1.325825716137576e-08,-0.3089572290992648,"{""D"": 5.553925603475815e-09, ""cp"": 3312.326258261604, ""k"": 0.46865642475855607, ""rho"": 922.8452849952571}","{""D"": 5.69517523828658e-09, ""cp"": 3415.29577464788, ""k"": 0.48295774647887224, ""rho"": 976.3999999999958}","[[1.9082336022005528e-06, 7.822271310895886e-05], [7.278823130946369e-10, 6.660246245583214e-08], [1.0403795290486704e-13, 2.8747200698329777e-11]]"
237.5,bdf2,30.022291666666664,0.02148875,3,8.933676725823284e-14,2.8736403235188325e-11,5.03632691106759e-10,4.973799150320701e-14,-39.35210557894851,-39.360031727061084,0.007926148112574083,1.6868527824082141e-06,1.6879364016944505e-06,-1.0836192862364204e-09,0.46864888636227586,5.553953947775565e-09,1.3257021498190975e-08,-0.30913296625702663,"{""D"": 5.553953947775565e-09, ""cp"": 3312.271981808386, ""k"": 0.46864888636227586, ""rho"": 922.8203842711121}","{""D"": 5.695258792385178e-09, ""cp"": 3415.29577464788, ""k"": 0.48295774647887224, ""rho"": 976.3999999999958}","[[1.9084738762663806e-06, 7.81729796342783e-05], [7.279287958652382e-10, 6.656467342466864e-08], [8.933676725823284e-14, 2.8736403235188325e-11]]"
237.75,bdf2,30.0237625,0.021490875000000003,3,8.8205753678849e-14,2.872403839836505e-11,3.2173375075217336e-10,9.015010959956271e-14,-39.37448006683765,-39.38240543032521,0.007925363487558457,1.6866963489582164e-06,1.687779175313217e-06,-1.0828263550006548e-09,0.46864135202636226,5.553982360492392e-09,1.3255786645052499e-08,-0.3093086889586298,"{""D"": 5.553982360492392e-09, ""cp"": 3312.217734589808, ""k"": 0.46864135202636226, ""rho"": 922.7955000501147}","{""D"": 5.695342354050344e-09, ""cp"": 3415.29577464788, ""k"": 0.48295774647887224, ""rho"": 976.3999999999958}","[[1.9087153623413357e-06, 7.812332202083224e-05], [7.279569963181236e-10, 6.65269397740419e-08], [8.8205753678849e-14, 2.872403839836505e-11]]"
238.0,bdf2,30.025233333333333,0.021493,3,9.348284246973377e-14,2.8710976951016518e-11,1.9633716874523088e-10,2.6201263381153694e-14,-39.39685272364003,-39.404777275494496,0.007924551854465278,1.6865400172340922e-06,1.6876220519147331e-06,-1.082034680640869e-09,0.46863382174465673,5.554010841639599e-09,1.3254552600799286e-08,-0.3094843970917942,"{""D"": 5.554010841639599e-09, ""cp"": 3312.1635165615285, ""k"": 0.46863382174465673, ""rho"": 922.7706323063574}","{""D"": 5.695425923349314e-09, ""cp"": 3415.29577464788, ""k"": 0.48295774647887224, ""rho"": 976.3999999999958}","[[1.908958093021839e-06, 7.80737400737439e-05], [7.280072478802285e-10, 6.648926080734136e-08], [9.348284246973377e-14, 2.8710976951016518e-11]]"
238.25,bdf2,30.026704166666665,0.021495125,3,1.0196395399778539e-13,2.8696870587880106e-11,6.434675015043467e-11,1.1102230246251565e-14,-39.419223498357404,-39.42714725356353,0.007923755206128646,1.6863837870802723e-06,1.6874650313374878e-06,-1.0812442572155502e-09,0.4686262955110162,5.554039391224977e-09,1.3253319364081181e-08,-0.3096600904640813,"{""D"": 5.554039391224977e-09, ""cp"": 3312.109327679317, ""k"": 0.4686262955110162, ""rho"": 922.7457810139981}","{""D"": 5.695509500349595e-09, ""cp"": 3415.29577464788, ""k"": 0.48295774647887224, ""rho"": 976.3999999999958}","[[1.909202031357487e-06, 7.802423360040045e-05], [7.280392171781839e-10, 6.64516400076197e-08], [1.0196395399778539e-13, 2.8696870587880106e-11]]"
238.5,bdf2,30.028174999999997,0.021497250000000002,3,1.0083292271235102e-13,2.8681371003693182e-11,4.0733993955655023e-10,4.884981308350689e-15,-39.44159239114161,-39.44951535527821,0.007922964136596988,1.6862276583372305e-06,1.6873081134203986e-06,-1.080455083168064e-09,0.468618773319314,5.554068009258912e-09,1.3252086933620157e-08,-0.3098357689294011,"{""D"": 5.554068009258912e-09, ""cp"": 3312.0551678990605, ""k"": 0.468618773319314, ""rho"": 922.7209461472637}","{""D"": 5.695593085118759e-09, ""cp"": 3415.29577464788, ""k"": 0.48295774647887224, ""rho"": 976.3999999999958}","[[1.9094471910973847e-06, 7.797480240766663e-05], [7.280855101020392e-10, 6.641407772318218e-08], [1.0083292271235102e-13, 2.8681371003693182e-11]]"
238.75,bdf2,30.029645833333333,0.021499375,3,1.0441370553968835e-13,2.8669528624763845e-11,8.469669410260394e-11,3.375077994860476e-14,-39.463959385095926,-39.471881571707,0.007922186611075688,1.6860716308485242e-06,1.6871512980027934e-06,-1.0796671542691744e-09,0.4686112551634386,5.554096695748922e-09,1.3250855308244712e-08,-0.3100114329274375,"{""D"": 5.554096695748922e-09, ""cp"": 3312.0010371767576, ""k"": 0.4686112551634386, ""rho"": 922.6961276804469}","{""D"": 5.695676677723587e-09, ""cp"": 3415.29577464788, ""k"": 0.48295774647887224, ""rho"": 976.3999999999958}","[[1.909693532652878e-06, 7.792544630380043e-05], [7.281285986363074e-10, 6.637656942606034e-08], [1.0441370553968835e-13, 2.8669528624763845e-11]]"
239.0,bdf2,30.031116666666666,0.0215015,3,9.291671205330993e-14,2.8656989635309256e-11,2.1009327610954642e-10,5.329070518200751e-15,-39.48632447184893,-39.49424589385444,0.007921422005509271,1.6859157044563733e-06,1.686994584924427e-06,-1.0788804680535924e-09,0.46860374103729496,5.5541254507033425e-09,1.3249624486549453e-08,-0.3101870818361475,"{""D"": 5.5541254507033425e-09, ""cp"": 3311.9469354685243, ""k"": 0.46860374103729496, ""rho"": 922.6713255879083}","{""D"": 5.695760278231158e-09, ""cp"": 3415.29577464788, ""k"": 0.48295774647887224, ""rho"": 976.3999999999958}","[[1.909941072411782e-06, 7.787616509705972e-05], [7.281797911203922e-10, 6.633911738023842e-08], [9.291671205330993e-14, 2.8656989635309256e-11]]"
239.25,bdf2,30.032587499999998,0.021503625000000002,3,9.291653449708354e-14,2.864462479848598e-11,2.339675120310858e-10,2.842170943040401e-14,-39.508687668602015,-39.51660831287569,0.007920644273674782,1.685759879005004e-06,1.686837974025473e-06,-1.0780950204691123e-09,0.46859623093480407,5.5541542741292985e-09,1.3248394467471439e-08,-0.3103627159973605,"{""D"": 5.5541542741292985e-09, ""cp"": 3311.892862730589, ""k"": 0.46859623093480407, ""rho"": 922.6465398440757}","{""D"": 5.695843886708145e-09, ""cp"": 3415.29577464788, ""k"": 0.48295774647887224, ""rho"": 976.3999999999958}","[[1.9101897702203746e-06, 7.78269585972699e-05], [7.282332448851237e-10, 6.63017181026638e-08], [9.291653449708354e-14, 2.864462479848598e-11]]"
239.5,bdf2,30.034058333333334,0.02150575,3,1.0535546352362486e-13,2.8625990466935408e-11,1.687112671788782e-10,2.886579864025407e-14,-39.5310489243642,-39.53896881982928,0.007919895465079207,1.685604154337413e-06,1.6866814651465165e-06,-1.0773108091033842e-09,0.468588724849902,5.554183166035047e-09,1.3247165249620964e-08,-0.310538334871406,"{""D"": 5.554183166035047e-09, ""cp"": 3311.8388189192947, ""k"": 0.468588724849902, ""rho"": 922.6217704234427}","{""D"": 5.695927503221286e-09, ""cp"": 3415.29577464788, ""k"": 0.48295774647887224, ""rho"": 976.3999999999958}","[[1.9104396618790675e-06, 7.777782661425628e-05], [7.282650240599845e-10, 6.62643856996996e-08], [1.0535546352362486e-13, 2.8625990466935408e-11]]"
239.75,bdf2,30.035529166666667,0.021507875000000003,3,8.047709648656843e-14,2.861693453010709e-11,1.8906121113104746e-10,3.2862601528904634e-14,-39.55340825633803,-39.56132740616738,0.007919149829348271,1.6854485302978802e-06,1.6865250581285528e-06,-1.076527830672673e-09,0.4685812227765407,5.5542121264252775e-09,1.3245936831761366e-08,-0.31071393892365023,"{""D"": 5.5542121264252775e-09, ""cp"": 3311.784803991093, ""k"": 0.4685812227765407, ""rho"": 922.5970173005685}","{""D"": 5.696011127837011e-09, ""cp"": 3415.29577464788, ""k"": 0.48295774647887224, ""rho"": 976.3999999999958}","[[1.910690692156676e-06, 7.772876895888908e-05], [7.283273352220527e-10, 6.622709700904584e-08], [8.047709648656843e-14, 2.861693453010709e-11]]"
240.0,bdf2,30.037,0.02151,3,9.913553121561037e-14,2.860753028801615e-11,5.3432813729159534e-11,2.4868995751603507e-14,-39.57576566467773,-39.58368406299684,0.00791839831910579,1.6852930067317476e-06,1.68636875281299e-06,-1.075746081242511e-09,0.46857372470868763,5.5542411553081756e-09,1.3244709212603895e-08,-0.3108895276367442,"{""D"": 5.5542411553081756e-09, ""cp"": 3311.7308179025513, ""k"": 0.46857372470868763, ""rho"": 922.5722804500784}","{""D"": 5.696094760621476e-09, ""cp"": 3415.29577464788, ""k"": 0.48295774647887224, ""rho"": 976.3999999999958}","[[1.9109429028847058e-06, 7.767978544203856e-05], [7.283438476057783e-10, 6.618987049088148e-08], [9.913553121561037e-14, 2.860753028801615e-11]]"
240.25,bdf2,30.040320833333332,0.02151166666666667,3,9.027723614027074e-14,2.8588547651202955e-11,8.094502845779061e-11,4.440892098500626e-14,-39.64353893396884,-39.651899279947145,0.008360345978303485,1.6851379801462098e-06,1.6862129180644146e-06,-1.0749379182047958e-09,0.46856623075461346,5.5542739168534395e-09,1.3243485289445856e-08,-0.31142528860542495,"{""D"": 5.5542739168534395e-09, ""cp"": 3311.6768614332177, ""k"": 0.46856623075461346, ""rho"": 922.5475602236397}","{""D"": 5.696178401641094e-09, ""cp"": 3415.29577464788, ""k"": 0.48295774647887224, ""rho"": 976.3999999999958}","[[1.9628519561388644e-06, 7.763093933056925e-05], [7.299185939060634e-10, 6.615227407252821e-08], [9.027723614027074e-14, 2.8588547651202955e-11]]"
240.5,bdf2,30.043641666666666,0.021513333333333336,3,1.0422382427993982e-13,2.8577227730167567e-11,1.502939994679764e-10,1.2390088954816747e-13,-39.711349722706025,-39.7198536368478,0.008503914141776647,1.6849830701266108e-06,1.6860571888863454e-06,-1.07411875973456e-09,0.4685587409970391,5.554309184404566e-09,1.3242262195342672e-08,-0.3119590007736424,"{""D"": 5.554309184404566e-09, ""cp"": 3311.622935178681, ""k"": 0.4685587409970391, ""rho"": 922.522856888482}","{""D"": 5.696262050962824e-09, ""cp"": 3415.29577464788, ""k"": 0.48295774647887224, ""rho"": 976.3999999999957}","[[1.9974429862215262e-06, 7.758227294478958e-05], [7.312183312113097e-10, 6.611419873443885e-08], [1.0422382427993982e-13, 2.8577227730167567e-11]]"
240.75,bdf2,30.0469625,0.021515000000000003,3,9.66848347887151e-14,2.856399213018772e-11,1.5552359400317073e-10,7.105427357601002e-15,-39.77899142159951,-39.78761314907757,0.008621727478065111,1.6848282657214903e-06,1.6859015657944037e-06,-1.0733000729134452e-09,0.4685512554627058,5.554346337614377e-09,1.3241039934435384e-08,-0.31249118291092887,"{""D"": 5.554346337614377e-09, ""cp"": 3311.569039331482, ""k"": 0.4685512554627058, ""rho"": 922.4981705271045}","{""D"": 5.696345708658078e-09, ""cp"": 3415.29577464788, ""k"": 0.48295774647887224, ""rho"": 976.3999999999957}","[[2.023278731056017e-06, 7.753378080759935e-05], [7.324375679324221e-10, 6.607583047162359e-08], [9.66848347887151e-14, 2.856399213018772e-11]]"
241.0,bdf2,30.050283333333333,0.021516666666666667,3,9.725004430277429e-14,2.8548318393369485e-11,3.922195901395753e-11,3.774758283725532e-14,-39.846491545172746,-39.85521438960973,0.008722844436981347,1.6846735665957693e-06,1.685746048883049e-06,-1.0724822872796938e-09,0.46854377415793036,5.554385032694429e-09,1.3239818507411234e-08,-0.31302212172758165,"{""D"": 5.554385032694429e-09, ""cp"": 3311.5151739370986, ""k"": 0.46854377415793036, ""rho"": 922.4735011546212}","{""D"": 5.696429374814176e-09, ""cp"": 3415.29577464788, ""k"": 0.48295774647887224, ""rho"": 976.3999999999957}","[[2.0442639755469283e-06, 7.748543659251939e-05], [7.335717847639901e-10, 6.603730529728753e-08], [9.725004430277429e-14, 2.8548318393369485e-11]]"
241.25,bdf2,30.053604166666666,0.021518333333333334,3,9.216118906500066e-14,2.8536650167071463e-11,5.547917680814862e-11,4.973799150320701e-14,-39.913867684791306,-39.92267985899929,0.008812174207982082,1.6845189725382858e-06,1.6855906380930668e-06,-1.071665554781064e-09,0.46853629708157274,5.554425058074098e-09,1.323859791398305e-08,-0.31355199445218995,"{""D"": 5.554425058074098e-09, ""cp"": 3311.461338987324, ""k"": 0.46853629708157274, ""rho"": 922.4488487615574}","{""D"": 5.696513049559088e-09, ""cp"": 3415.29577464788, ""k"": 0.48295774647887224, ""rho"": 976.3999999999957}","[[2.062265042105986e-06, 7.743721414060543e-05], [7.346746979248014e-10, 6.599870454070946e-08], [9.216118906500066e-14, 2.8536650167071463e-11]]"
241.5,bdf2,30.056925,0.02152,3,8.914550470336054e-14,2.8523588719722935e-11,9.57243173616007e-11,5.773159728050814e-14,-39.981132044003125,-39.99002473296258,0.008892688959456052,1.6843644833395327e-06,1.6854353333064023e-06,-1.0708499668695854e-09,0.46852882422963515,5.554466271017927e-09,1.3237378153019616e-08,-0.3140809199190367,"{""D"": 5.554466271017927e-09, ""cp"": 3311.407534453373, ""k"": 0.46852882422963515, ""rho"": 922.4242133290244}","{""D"": 5.696596733105812e-09, ""cp"": 3415.2957746478796, ""k"": 0.48295774647887224, ""rho"": 976.3999999999955}","[[2.078253366075993e-06, 7.738909292588006e-05], [7.357645904546728e-10, 6.596007400403143e-08], [8.914550470336054e-14, 2.8523588719722935e-11]]"
241.75,bdf2,30.060245833333333,0.021521666666666668,3,1.0497662191994178e-13,2.8510004814480462e-11,1.5415935195051134e-10,2.353672812205332e-14,-40.04829362092721,-40.05726002420005,0.008966403272836487,1.6842100988035176e-06,1.6852801343807527e-06,-1.0700355772350768e-09,0.4685213555969391,5.554508567918666e-09,1.3236159223462733e-08,-0.3146089845655799,"{""D"": 5.554508567918666e-09, ""cp"": 3311.353760297961, ""k"": 0.4685213555969391, ""rho"": 922.3995948342538}","{""D"": 5.6966804258176514e-09, ""cp"": 3415.2957746478796, ""k"": 0.48295774647887224, ""rho"": 976.3999999999955}","[[2.0927811018254896e-06, 7.734105726764031e-05], [7.367954772904019e-10, 6.59214445122692e-08], [1.0497662191994178e-13, 2.8510004814480462e-11]]"
242.0,bdf2,30.063566666666667,0.021523333333333335,3,1.0761494582336906e-13,2.8494679382924853e-11,4.473577064345591e-11,6.084022174945858e-14,-40.11535954660917,-40.12439417707441,0.009034630465237115,1.6840558187440254e-06,1.6851250411628618e-06,-1.069222418836437e-09,0.4685138911777702,5.554551869311501e-09,1.3234941124261269e-08,-0.31513625488867547,"{""D"": 5.554551869311501e-09, ""cp"": 3311.300016479946, ""k"": 0.4685138911777702, ""rho"": 922.3749932527246}","{""D"": 5.696764128289479e-09, ""cp"": 3415.2957746478796, ""k"": 0.48295774647887224, ""rho"": 976.3999999999955}","[[2.1061888459137626e-06, 7.729309492156301e-05], [7.378316270033252e-10, 6.588282773364908e-08], [1.0761494582336906e-13, 2.8494679382924853e-11]]"
242.25,bdf2,30.0668875,0.021525000000000002,3,1.123263953991878e-13,2.8483185309258146e-11,2.369233698118478e-10,3.064215547965432e-14,-40.18233555392823,-40.191433935164866,0.009098381236633202,1.6839016429797168e-06,1.684970053494012e-06,-1.0684105142951635e-09,0.46850643096614497,5.554596111720289e-09,1.3233723853884733e-08,-0.31566278393095354,"{""D"": 5.554596111720289e-09, ""cp"": 3311.246302956244, ""k"": 0.46850643096614497, ""rho"": 922.3504085590419}","{""D"": 5.696847841433251e-09, ""cp"": 3415.2957746478796, ""k"": 0.48295774647887224, ""rho"": 976.3999999999955}","[[2.118702183997234e-06, 7.724519625352458e-05], [7.388425085080699e-10, 6.584422436478154e-08], [1.123263953991878e-13, 2.8483185309258146e-11]]"
242.5,bdf2,30.070208333333333,0.021526666666666666,3,1.143992897588159e-13,2.8466989114545968e-11,2.4692781153135e-10,2.5757174171303632e-14,-40.24922651462443,-40.25838484911901,0.009158334494578924,1.6837475713361916e-06,1.684815171212532e-06,-1.0675998763404671e-09,0.46849897495593185,5.554641242883816e-09,1.3232507411311913e-08,-0.31618861511625324,"{""D"": 5.554641242883816e-09, ""cp"": 3311.192619682709, ""k"": 0.46849897495593185, ""rho"": 922.3258407273385}","{""D"": 5.696931566555019e-09, ""cp"": 3415.2957746478796, ""k"": 0.48295774647887224, ""rho"": 976.3999999999955}","[[2.130479298820243e-06, 7.719735379725342e-05], [7.398646850126585e-10, 6.58056537366087e-08], [1.143992897588159e-13, 2.8466989114545968e-11]]"
242.75,bdf2,30.073529166666667,0.021528333333333333,3,9.310235266582014e-14,2.845497258298532e-11,3.035438567167148e-10,7.194245199571014e-14,-40.31603651607287,-40.32525159419862,0.009215078125748732,1.68359360364259e-06,1.6846603941550643e-06,-1.066790512474307e-09,0.4684915231409126,5.554687218770914e-09,1.323129179514405e-08,-0.31671378551006735,"{""D"": 5.554687218770914e-09, ""cp"": 3311.1389666145706, ""k"": 0.4684915231409126, ""rho"": 922.301289731477}","{""D"": 5.6970153054095184e-09, ""cp"": 3415.2957746478796, ""k"": 0.48295774647887224, ""rho"": 976.3999999999955}","[[2.1416363489134993e-06, 7.714956192779367e-05], [7.408615944057309e-10, 6.576710957963581e-08], [9.310235266582014e-14, 2.845497258298532e-11]]"
243.0,bdf2,30.07685,0.02153,3,9.555220885338674e-14,2.8438776388273137e-11,4.3439740693429485e-10,1.0969003483296547e-13,-40.38276919370841,-40.39203817930144,0.009268985593024581,1.6834397397283286e-06,1.6845057221572982e-06,-1.0659824289695976e-09,0.46848407551481863,5.554734001615366e-09,1.3230077004116335e-08,-0.3172383259555976,"{""D"": 5.554734001615366e-09, ""cp"": 3311.0853437066944, ""k"": 0.46848407551481863, ""rho"": 922.2767555451677}","{""D"": 5.697099060226803e-09, ""cp"": 3415.2957746478796, ""k"": 0.48295774647887224, ""rho"": 976.3999999999955}","[[2.152261631912581e-06, 7.710181655308099e-05], [7.418664072082896e-10, 6.57286025171734e-08], [9.555220885338674e-14, 2.8438776388273137e-11]]"
243.25,bdf2,30.080170833333334,0.021531666666666668,3,9.668279508292976e-14,2.8426934009343803e-11,2.7557689463719726e-10,4.1300296516055823e-14,-40.44942763732349,-40.45874809272618,0.009320455402693995,1.6832859794292641e-06,1.6843511550544029e-06,-1.0651756251387596e-09,0.46847663207135126,5.554781558545753e-09,1.322886303694917e-08,-0.3177622645005998,"{""D"": 5.554781558545753e-09, ""cp"": 3311.031750913729, ""k"": 0.46847663207135126, ""rho"": 922.2522381420379}","{""D"": 5.697182833706886e-09, ""cp"": 3415.2957746478796, ""k"": 0.48295774647887224, ""rho"": 976.3999999999955}","[[2.162424284635165e-06, 7.705411480917533e-05], [7.428144800186836e-10, 6.569013603227408e-08], [9.668279508292976e-14, 2.8426934009343803e-11]]"
243.5,bdf2,30.083491666666667,0.021533333333333335,3,9.498639929688435e-14,2.8410041204106373e-11,3.7334757507778704e-10,1.5987211554602254e-14,-40.51601469789594,-40.5253844052865,0.009369707390561643,1.6831323225764931e-06,1.6841966926813486e-06,-1.0643701048554867e-09,0.46846919280419763,5.55482986061593e-09,1.3227649892309188e-08,-0.3182856248767557,"{""D"": 5.55482986061593e-09, ""cp"": 3310.9781881902227, ""k"": 0.46846919280419763, ""rho"": 922.2277374956825}","{""D"": 5.69726662898848e-09, ""cp"": 3415.2957746478796, ""k"": 0.48295774647887213, ""rho"": 976.3999999999955}","[[2.172179578796306e-06, 7.700645478771218e-05], [7.438055115053273e-10, 6.565170786095365e-08], [9.498639929688435e-14, 2.8410041204106373e-11]]"
243.75,bdf2,30.0868125,0.021535000000000002,3,1.1326726467430037e-13,2.8400114504121494e-11,1.007265382213518e-10,1.8207657603852567e-14,-40.58253280865538,-40.59194984797898,0.009417039323601273,1.682978769007473e-06,1.6840423348730645e-06,-1.063565865591597e-09,0.46846175770703824,5.554878882074969e-09,1.3226437568882729e-08,-0.3188084285287907,"{""D"": 5.554878882074969e-09, ""cp"": 3310.924655490676, ""k"": 0.46846175770703824, ""rho"": 922.2032535796903}","{""D"": 5.697350449598381e-09, ""cp"": 3415.2957746478796, ""k"": 0.48295774647887213, ""rho"": 976.3999999999955}","[[2.1815726576704433e-06, 7.69588353013189e-05], [7.447439500429435e-10, 6.561332044134897e-08], [1.1326726467430037e-13, 2.8400114504121494e-11]]"
244.0,bdf2,30.090133333333334,0.02153666666666667,3,9.498598385492595e-14,2.8384789072565885e-11,1.3574208423960954e-10,1.0036416142611415e-13,-40.648984274847514,-40.65844686998474,0.009462595137229357,1.682825318558112e-06,1.683888081464628e-06,-1.0627629065159398e-09,0.4684543267735566,5.554928599821785e-09,1.3225226065439196e-08,-0.31933069497191635,"{""D"": 5.554928599821785e-09, ""cp"": 3310.871152769607, ""k"": 0.4684543267735566, ""rho"": 922.1787863676739}","{""D"": 5.697434299388753e-09, ""cp"": 3415.2957746478796, ""k"": 0.48295774647887213, ""rho"": 976.3999999999955}","[[2.1906408731676767e-06, 7.691125569727138e-05], [7.457108358206233e-10, 6.557497725651262e-08], [9.498598385492595e-14, 2.8384789072565885e-11]]"
244.25,bdf2,30.093454166666668,0.021538333333333333,3,1.0535128601690712e-13,2.8374688219949687e-11,1.658690962358378e-10,2.6201263381153694e-14,-40.715371120360764,-40.72487768401345,0.00950656365268543,1.6826719710667086e-06,1.6837339322913214e-06,-1.0619612246128657e-09,0.46844689999744105,5.5549789929789115e-09,1.3224015380646774e-08,-0.31985244136010166,"{""D"": 5.5549789929789115e-09, ""cp"": 3310.8176799815756, ""k"": 0.46844689999744105, ""rho"": 922.1543358332781}","{""D"": 5.697518182470681e-09, ""cp"": 3415.2957746478796, ""k"": 0.48295774647887213, ""rho"": 976.3999999999955}","[[2.199415619301562e-06, 7.686371571590809e-05], [7.466109946054894e-10, 6.553667726152884e-08], [1.0535128601690712e-13, 2.8374688219949687e-11]]"
244.5,bdf2,30.096774999999997,0.02154,3,8.537393051653706e-14,2.8359885246288017e-11,5.5933924159035087e-11,1.3766765505351941e-14,-40.781695232609785,-40.791244301716745,0.009549069106959962,1.6825187263705777e-06,1.6835798871887412e-06,-1.0611608181635333e-09,0.4684394773723912,5.555030042559482e-09,1.3222805513308988e-08,-0.3203736836334862,"{""D"": 5.555030042559482e-09, ""cp"": 3310.7642370812164, ""k"": 0.4684394773723912, ""rho"": 922.1299019501986}","{""D"": 5.697602103148575e-09, ""cp"": 3415.2957746478796, ""k"": 0.48295774647887213, ""rho"": 976.3999999999955}","[[2.2079234843368787e-06, 7.681621537864977e-05], [7.475808745317103e-10, 6.549842306868709e-08], [8.537393051653706e-14, 2.8359885246288017e-11]]"
244.75,bdf2,30.10009583333333,0.021541666666666667,3,8.933146435221266e-14,2.8345953035782913e-11,1.8758328224066645e-11,5.329070518200751e-15,-40.847958311420165,-40.85754856258319,0.009590251163025698,1.6823655843087864e-06,1.6834259459928296e-06,-1.060361684043238e-09,0.4684320588921187,5.555081731195654e-09,1.3221596461934112e-08,-0.3208944360864319,"{""D"": 5.555081731195654e-09, ""cp"": 3310.7108240232546, ""k"": 0.4684320588921187, ""rho"": 922.1054846921861}","{""D"": 5.6976860658596215e-09, ""cp"": 3415.2957746478796, ""k"": 0.48295774647887213, ""rho"": 976.3999999999955}","[[2.2161873833203743e-06, 7.676875491259148e-05], [7.484861011726712e-10, 6.546021520044526e-08], [8.933146435221266e-14, 2.8345953035782913e-11]]"
245.0,bdf2,30.103416666666664,0.021543333333333334,3,1.0252364658636468e-13,2.8330105146333362e-11,1.9895196601282805e-10,3.6415315207705135e-14,-40.914161988336915,-40.92379215657047,0.009630168233556446,1.6822125447213571e-06,1.683272108539934e-06,-1.0595638185769156e-09,0.46842464455035027,5.555134042925761e-09,1.3220388225412449e-08,-0.3214147120148931,"{""D"": 5.555134042925761e-09, ""cp"": 3310.6574407625217, ""k"": 0.46842464455035027, ""rho"": 922.0810840330562}","{""D"": 5.697770075119538e-09, ""cp"": 3415.2957746478796, ""k"": 0.48295774647887213, ""rho"": 976.3999999999955}","[[2.2242270665972416e-06, 7.672133468711095e-05], [7.49422791022513e-10, 6.542205539832969e-08], [1.0252364658636468e-13, 2.8330105146333362e-11]]"
245.25,bdf2,30.106737499999998,0.021545,3,9.743493921996016e-14,2.831739200424746e-11,2.0520474208751693e-10,3.774758283725532e-14,-40.98030766473492,-40.989976644189596,0.009668979454673376,1.6820596074479803e-06,1.6831183746668195e-06,-1.0587672188391261e-09,0.4684172343408286,5.555186963005536e-09,1.3219180802406544e-08,-0.32193452374518394,"{""D"": 5.555186963005536e-09, ""cp"": 3310.6040872539656, ""k"": 0.4684172343408286, ""rho"": 922.0566999466912}","{""D"": 5.6978541354770144e-09, ""cp"": 3415.2957746478796, ""k"": 0.48295774647887213, ""rho"": 976.3999999999955}","[[2.232059777016053e-06, 7.667395517154952e-05], [7.503451476978325e-10, 6.538393774115089e-08], [9.743493921996016e-14, 2.831739200424746e-11]]"
245.5,bdf2,30.11005833333333,0.02154666666666667,3,1.1552704821077507e-13,2.8302763183217097e-11,1.0800249583553523e-10,3.68594044175552e-14,-41.046396750415965,-41.056103471109395,0.009706720693429816,1.6819067723295877e-06,1.6829647442106974e-06,-1.0579718811097008e-09,0.4684098282573136,5.555240477770737e-09,1.3217974191649673e-08,-0.3224538826817546,"{""D"": 5.555240477770737e-09, ""cp"": 3310.550763452658, ""k"": 0.4684098282573136, ""rho"": 922.0323324070449}","{""D"": 5.6979382514737365e-09, ""cp"": 3415.2957746478796, ""k"": 0.48295774647887224, ""rho"": 976.3999999999955}","[[2.239700733928769e-06, 7.662661690281974e-05], [7.512233944616823e-10, 6.534587285221936e-08], [1.1552704821077507e-13, 2.8302763183217097e-11]]"
245.75,bdf2,30.113379166666665,0.021548333333333336,3,1.0497295465458561e-13,2.8290224193762503e-11,6.752998160663992e-11,5.1958437552457326e-14,-41.112430518759375,-41.12217398210021,0.009743463340832648,1.6817540392064511e-06,1.6828112170092413e-06,-1.0571778027901542e-09,0.4684024262935832,5.555294574506123e-09,1.3216768391814066e-08,-0.322972799219979,"{""D"": 5.555294574506123e-09, ""cp"": 3310.4974693137992, ""k"": 0.4684024262935832, ""rho"": 922.0079813881453}","{""D"": 5.698022427613122e-09, ""cp"": 3415.29577464788, ""k"": 0.48295774647887224, ""rho"": 976.3999999999957}","[[2.247163286057318e-06, 7.657932045910835e-05], [7.521438470085545e-10, 6.530785080483516e-08], [1.0497295465458561e-13, 2.8290224193762503e-11]]"
246.0,bdf2,30.116699999999998,0.02155,3,9.988427378218866e-14,2.8275421220100833e-11,7.79891706770286e-11,4.4853010194856324e-14,-41.1784101408146,-41.18818943197056,0.009779291155957992,1.6816014079231957e-06,1.6826577929006084e-06,-1.0563849774127547e-09,0.46839502844343417,5.555349241342581e-09,1.321556340168999e-08,-0.32349128333418137,"{""D"": 5.555349241342581e-09, ""cp"": 3310.444204792727, ""k"": 0.46839502844343417, ""rho"": 921.9836468640974}","{""D"": 5.698106668334087e-09, ""cp"": 3415.29577464788, ""k"": 0.48295774647887224, ""rho"": 976.3999999999957}","[[2.254459387944928e-06, 7.653206644280932e-05], [7.530490245859035e-10, 6.526988169985087e-08], [9.988427378218866e-14, 2.8275421220100833e-11]]"
246.25,bdf2,30.12002083333333,0.021551666666666667,3,1.1081475492730685e-13,2.8263752993802817e-11,3.387867764104158e-11,1.7763568394002505e-14,-41.24433674495122,-41.25415099503584,0.009814250084623666,1.6814488783198729e-06,1.6825044717234316e-06,-1.055593403558722e-09,0.46838763470068245,5.555404467168106e-09,1.3214359219976826e-08,-0.32400934418242067,"{""D"": 5.555404467168106e-09, ""cp"": 3310.3909698449133, ""k"": 0.46838763470068245, ""rho"": 921.9593288090824}","{""D"": 5.698190977990545e-09, ""cp"": 3415.2957746478796, ""k"": 0.48295774647887224, ""rho"": 976.3999999999955}","[[2.261599675922859e-06, 7.648485546920389e-05], [7.539688926090094e-10, 6.523195561056651e-08], [1.1081475492730685e-13, 2.8263752993802817e-11]]"
246.5,bdf2,30.123341666666665,0.021553333333333334,3,9.291079966129663e-14,2.825138815697954e-11,1.8189894035458565e-10,3.8191672047105385e-14,-41.31021136574179,-41.32005977375144,0.009848408009645482,1.6812964502404334e-06,1.6823512533168387e-06,-1.0548030764052623e-09,0.468380245059163,5.555460241546639e-09,1.3213155845396642e-08,-0.32452699052313017,"{""D"": 5.555460241546639e-09, ""cp"": 3310.3377644259735, ""k"": 0.468380245059163, ""rho"": 921.9350271973608}","{""D"": 5.698275360836087e-09, ""cp"": 3415.2957746478796, ""k"": 0.48295774647887224, ""rho"": 976.3999999999955}","[[2.2685937692851667e-06, 7.643768815113516e-05], [7.54859351419451e-10, 6.519408176707157e-08], [9.291079966129663e-14, 2.825138815697954e-11]]"
246.75,bdf2,30.1266625,0.021555,3,1.2061415098049607e-13,2.8237107641211814e-11,1.2528289516922086e-10,4.8405723873656825e-14,-41.376035020649255,-41.38591680488446,0.009881784235204805,1.6811441235284841e-06,1.6821981375204483e-06,-1.0540139919641209e-09,0.4683728595127308,5.555516554660036e-09,1.3211953276752863e-08,-0.32504423030524554,"{""D"": 5.555516554660036e-09, ""cp"": 3310.284588491662, ""k"": 0.4683728595127308, ""rho"": 921.9107420032717}","{""D"": 5.698359821011545e-09, ""cp"": 3415.2957746478796, ""k"": 0.48295774647887224, ""rho"": 976.3999999999955}","[[2.2754502840590858e-06, 7.63905650970924e-05], [7.55743204915629e-10, 6.51562573829239e-08], [1.2061415098049607e-13, 2.8237107641211814e-11]]"
247.0,bdf2,30.129983333333332,0.02155666666666667,3,9.781031476576526e-14,2.8218995767555187e-11,6.605205271625891e-11,7.638334409421077e-14,-41.441808616310034,-41.45172306683378,0.009914450523744733,1.6809918980260962e-06,1.682045124174385e-06,-1.0532261482888161e-09,0.46836547805526074,5.555573397239213e-09,1.3210751512744235e-08,-0.32556107156852954,"{""D"": 5.555573397239213e-09, ""cp"": 3310.2314419978775, ""k"": 0.46836547805526074, ""rho"": 921.8864732012349}","{""D"": 5.698444362536731e-09, ""cp"": 3415.2957746478796, ""k"": 0.48295774647887213, ""rho"": 976.3999999999955}","[[2.2821770395679794e-06, 7.634348690267769e-05], [7.566381683855348e-10, 6.511848367719196e-08], [9.781031476576526e-14, 2.8218995767555187e-11]]"
247.25,bdf2,30.133304166666665,0.021558333333333336,3,1.0120234831052314e-13,2.8210288135989504e-11,1.950866135302931e-10,6.039613253960852e-14,-41.507533042259745,-41.517479483712805,0.009946441453060118,1.680839773581059e-06,1.6818922131192478e-06,-1.0524395381888853e-09,0.46835810068064654,5.55563076052583e-09,1.320955055212796e-08,-0.3260775213192744,"{""D"": 5.55563076052583e-09, ""cp"": 3310.178324900655, ""k"": 0.46835810068064654, ""rho"": 921.8622207657463}","{""D"": 5.698528989303965e-09, ""cp"": 3415.2957746478796, ""k"": 0.48295774647887213, ""rho"": 976.3999999999955}","[[2.288781204119933e-06, 7.62964541474709e-05], [7.575001424805899e-10, 6.508075472868626e-08], [1.0120234831052314e-13, 2.8210288135989504e-11]]"
247.5,bdf2,30.136625,0.021560000000000003,3,1.253247804559389e-13,2.8196007620221777e-11,2.5409008230781183e-10,3.952393967665557e-14,-41.57320916241518,-41.58318693078087,0.009977768365686757,1.680687750035269e-06,1.6817394041961598e-06,-1.0516541608907756e-09,0.46835072738280303,5.555688636221109e-09,1.3208350393689475e-08,-0.32659358622726087,"{""D"": 5.555688636221109e-09, ""cp"": 3310.1252371561823, ""k"": 0.46835072738280303, ""rho"": 921.8379846713856}","{""D"": 5.698613705074748e-09, ""cp"": 3415.2957746478796, ""k"": 0.48295774647887213, ""rho"": 976.3999999999955}","[[2.2952691975828296e-06, 7.624946739346259e-05], [7.583937687008603e-10, 6.504307523952784e-08], [1.253247804559389e-13, 2.8196007620221777e-11]]"
247.75,bdf2,30.139945833333332,0.021561666666666666,3,9.008286786724726e-14,2.8182423714979304e-11,7.366907084360719e-11,2.7977620220553945e-14,-41.638837755440186,-41.64884623890828,0.010008483468091356,1.6805358272364794e-06,1.6815866972467272e-06,-1.0508700102477807e-09,0.4683433581556643,5.555747016443979e-09,1.320715103607324e-08,-0.32710927355121866,"{""D"": 5.555747016443979e-09, ""cp"": 3310.072178720783, ""k"": 0.4683433581556643, ""rho"": 921.8137648928097}","{""D"": 5.6986985134772654e-09, ""cp"": 3415.2957746478796, ""k"": 0.48295774647887213, ""rho"": 976.3999999999955}","[[2.3016470294864645e-06, 7.62025271810484e-05], [7.592779630761197e-10, 6.500544695124305e-08], [9.008286786724726e-14, 2.8182423714979304e-11]]"
248.0,bdf2,30.143266666666666,0.021563333333333334,3,8.631351094512728e-14,2.8167098283423688e-11,2.488604877726175e-10,2.6645352591003757e-15,-41.704419574387664,-41.71445819711437,0.01003862272670375,1.6803840050293816e-06,1.6814340921130498e-06,-1.0500870836681914e-09,0.46833599299318385,5.555805893707093e-09,1.3205952478160647e-08,-0.3276245886571154,"{""D"": 5.555805893707093e-09, ""cp"": 3310.0191495509243, ""k"": 0.46833599299318385, ""rho"": 921.7895614047546}","{""D"": 5.698783418006385e-09, ""cp"": 3415.2957746478796, ""k"": 0.48295774647887213, ""rho"": 976.3999999999955}","[[2.3079201744578303e-06, 7.615563402972559e-05], [7.601374606809446e-10, 6.49678702121371e-08], [8.631351094512728e-14, 2.8167098283423688e-11]]"
248.25,bdf2,30.1465875,0.021565,3,8.197879988367344e-14,2.8153166072918588e-11,1.411990524502471e-10,1.554312234475219e-14,-41.7699553637401,-41.78002355684356,0.01006819310345719,1.6802322832607948e-06,1.6812815886377332e-06,-1.0493053769384425e-09,0.46832863188933593,5.555865260876721e-09,1.3204754718684654e-08,-0.32813953779154614,"{""D"": 5.555865260876721e-09, ""cp"": 3309.966149603219, ""k"": 0.46832863188933593, ""rho"": 921.7653741820372}","{""D"": 5.698868422023822e-09, ""cp"": 3415.2957746478796, ""k"": 0.48295774647887213, ""rho"": 976.3999999999955}","[[2.3140936044534973e-06, 7.61087884380932e-05], [7.610169260576633e-10, 6.493033979763109e-08], [8.197879988367344e-14, 2.8153166072918588e-11]]"
248.5,bdf2,30.149908333333332,0.021566666666666668,3,9.762050524423037e-14,2.8140627083464003e-11,1.737134880386293e-10,1.2878587085651816e-14,-41.83544579977693,-41.84554303458157,0.010097234804639754,1.680080661777661e-06,1.6811291866638586e-06,-1.048524886197546e-09,0.46832127483811337,5.555925111148038e-09,1.3203557756353133e-08,-0.3286541265001216,"{""D"": 5.555925111148038e-09, ""cp"": 3309.9131788344166, ""k"": 0.46832127483811337, ""rho"": 921.7412031995507}","{""D"": 5.698953528759773e-09, ""cp"": 3415.2957746478796, ""k"": 0.48295774647887213, ""rho"": 976.3999999999955}","[[2.3201719877758398e-06, 7.606199088036882e-05], [7.618635912830424e-10, 6.489285936493028e-08], [9.762050524423037e-14, 2.8140627083464003e-11]]"
248.75,bdf2,30.153229166666666,0.021568333333333335,3,9.121276948845569e-14,2.813052623084781e-11,1.5336354408646002e-10,3.197442310920451e-14,-41.90089154169346,-41.91101731421725,0.01012577252378577,1.6799291404274228e-06,1.6809768860350067e-06,-1.0477456075838785e-09,0.46831392183352905,5.5559854380230465e-09,1.3202361590021271e-08,-0.3291683602567625,"{""D"": 5.5559854380230465e-09, ""cp"": 3309.8602372014093, ""k"": 0.46831392183352905, ""rho"": 921.7170484322678}","{""D"": 5.699038741314849e-09, ""cp"": 3415.2957746478796, ""k"": 0.48295774647887213, ""rho"": 976.3999999999954}","[[2.3261596174636737e-06, 7.601524181056838e-05], [7.627507660757792e-10, 6.485542665005044e-08], [9.121276948845569e-14, 2.813052623084781e-11]]"
249.0,bdf2,30.15655,0.021570000000000002,3,1.0478136679346254e-13,2.8117116478236654e-11,4.3303316488163546e-10,6.261657858885883e-14,-41.96629323160231,-41.9764470497924,0.010153818190090647,1.679777719058003e-06,1.680824686595244e-06,-1.0469675372408993e-09,0.4683065728696152,5.556046235284601e-09,1.3201166218438794e-08,-0.32968224419070624,"{""D"": 5.556046235284601e-09, ""cp"": 3309.8073246612294, ""k"": 0.4683065728696152, ""rho"": 921.6929098552391}","{""D"": 5.699124062662954e-09, ""cp"": 3415.2957746478796, ""k"": 0.48295774647887213, ""rho"": 976.3999999999954}","[[2.332060505336036e-06, 7.596854165902295e-05], [7.635827147100023e-10, 6.481804809663895e-08], [1.0478136679346254e-13, 2.8117116478236654e-11]]"
249.25,bdf2,30.159870833333333,0.021571666666666666,3,8.36741331938602e-14,2.8104403336150747e-11,9.339373718830757e-11,7.860379014346108e-14,-42.03165147749749,-42.041832867302276,0.010181389804785113,1.6796263975174244e-06,1.6806725881891204e-06,-1.046190671695985e-09,0.46829922794042345,5.55610749697956e-09,1.3199971640317048e-08,-0.33019578322108684,"{""D"": 5.55610749697956e-09, ""cp"": 3309.754441171049, ""k"": 0.46829922794042345, ""rho"": 921.6687874435926}","{""D"": 5.699209495654624e-09, ""cp"": 3415.2957746478796, ""k"": 0.48295774647887213, ""rho"": 976.3999999999954}","[[2.337878329982348e-06, 7.592189083621036e-05], [7.644563036219178e-10, 6.478071534536948e-08], [8.36741331938602e-14, 2.8104403336150747e-11]]"
249.5,bdf2,30.163191666666666,0.021573333333333333,3,9.46043161912749e-14,2.8089252057226456e-11,2.751221472863108e-11,2.2648549702353193e-14,-42.09696683622014,-42.1071753666908,0.010208530470656285,1.6794751756535941e-06,1.6805205906616665e-06,-1.0454150080723997e-09,0.46829188704002467,5.556169217399951e-09,1.3198777854527738e-08,-0.33070898203483257,"{""D"": 5.556169217399951e-09, ""cp"": 3309.701586688178, ""k"": 0.46829188704002467, ""rho"": 921.6446811725334}","{""D"": 5.699295043020129e-09, ""cp"": 3415.2957746478796, ""k"": 0.48295774647887213, ""rho"": 976.3999999999953}","[[2.343616545316183e-06, 7.587528973014267e-05], [7.653055733804664e-10, 6.474343483988941e-08], [9.46043161912749e-14, 2.8089252057226456e-11]]"
249.75,bdf2,30.1665125,0.021575,3,9.55463657181725e-14,2.807601645724661e-11,6.889422365929931e-11,4.884981308350689e-15,-42.162239890128006,-42.17247512359421,0.010235233466204363,1.6793240533172148e-06,1.6803686938583907e-06,-1.044640541175926e-09,0.4682845501625087,5.556231391066662e-09,1.3197584859850945e-08,-0.3312218451414659,"{""D"": 5.556231391066662e-09, ""cp"": 3309.6487611700622, ""k"": 0.4682845501625087, ""rho"": 921.6205910173426}","{""D"": 5.699380707373435e-09, ""cp"": 3415.2957746478796, ""k"": 0.48295774647887213, ""rho"": 976.3999999999953}","[[2.349278390377757e-06, 7.582873870967513e-05], [7.661584154473012e-10, 6.470620344545138e-08], [9.55463657181725e-14, 2.807601645724661e-11]]"
250.0,bdf2,30.169833333333333,0.021576666666666668,3,1.0138821236192838e-13,2.8060691025691008e-11,8.43556335894391e-11,6.084022174945858e-14,-42.22747117042927,-42.23773269088866,0.010261520459394546,1.6791730303581297e-06,1.6802168976252789e-06,-1.0438672671491754e-09,0.46827721730198424,5.5562940127147906e-09,1.3196392655006648e-08,-0.33173437685808305,"{""D"": 5.5562940127147906e-09, ""cp"": 3309.595964574287, ""k"": 0.46827721730198424, ""rho"": 921.596516953378}","{""D"": 5.699466491215739e-09, ""cp"": 3415.2957746478796, ""k"": 0.48295774647887213, ""rho"": 976.3999999999953}","[[2.354866884059951e-06, 7.578223812363546e-05], [7.669991881630974e-10, 6.466902063959748e-08], [1.0138821236192838e-13, 2.8060691025691008e-11]]"
250.25,bdf2,30.173154166666666,0.021578333333333335,3,9.818426378583928e-14,2.8049371104655613e-11,2.000888343900442e-10,3.375077994860476e-14,-42.29266118274093,-42.3029486003486,0.010287417607671046,1.679022106624541e-06,1.6800652018087834e-06,-1.04309518424239e-09,0.4682698884525789,5.5563570772781434e-09,1.3195201238875818e-08,-0.3322465814002366,"{""D"": 5.5563570772781434e-09, ""cp"": 3309.543196858568, ""k"": 0.4682698884525789, ""rho"": 921.5724589560721}","{""D"": 5.699552396939674e-09, ""cp"": 3415.2957746478796, ""k"": 0.48295774647887213, ""rho"": 976.3999999999953}","[[2.3603848224727364e-06, 7.573578830134627e-05], [7.678454178269383e-10, 6.46318846808014e-08], [9.818426378583928e-14, 2.8049371104655613e-11]]"
250.5,bdf2,30.176475,0.021580000000000002,3,9.837248445796344e-14,2.803578719941314e-11,2.02817318495363e-10,3.774758283725532e-14,-42.357810424126846,-42.368123363750954,0.010312939624107287,1.678871281968505e-06,1.6799136062558239e-06,-1.0423242873189501e-09,0.46826256360843854,5.556420579878762e-09,1.3194010610195187e-08,-0.33275846285151045,"{""D"": 5.556420579878762e-09, ""cp"": 3309.490457980758, ""k"": 0.46826256360843854, ""rho"": 921.5484170009319}","{""D"": 5.6996384268330975e-09, ""cp"": 3415.2957746478796, ""k"": 0.48295774647887213, ""rho"": 976.3999999999953}","[[2.3658348601690954e-06, 7.568938955506328e-05], [7.686818397424604e-10, 6.459480044533682e-08], [9.837248445796344e-14, 2.803578719941314e-11]]"
250.75,bdf2,30.179795833333333,0.02158166666666667,3,1.117523848924584e-13,2.802028761522622e-11,2.4215296434704214e-10,8.615330671091215e-14,-42.42291939161629,-42.433257473850006,0.010338082233715795,1.6787205562407714e-06,1.679762110813786e-06,-1.0415545730146526e-09,0.4682552427637279,5.5564845158178175e-09,1.3192820767773929e-08,-0.33327002481428986,"{""D"": 5.5564845158178175e-09, ""cp"": 3309.437747898841, ""k"": 0.4682552427637279, ""rho"": 921.524391063539}","{""D"": 5.699724583082934e-09, ""cp"": 3415.295774647879, ""k"": 0.48295774647887213, ""rho"": 976.3999999999953}","[[2.3712194935629886e-06, 7.56430421780595e-05], [7.695261685592012e-10, 6.455776793320374e-08], [1.117523848924584e-13, 2.802028761522622e-11]]"
251.0,bdf2,30.183116666666667,0.021583333333333333,3,9.742975655630702e-14,2.800652955735243e-11,5.1159076974727213e-11,2.1760371282653068e-14,-42.487988531097756,-42.49835140605711,0.010362874959355395,1.6785699292938838e-06,1.6796107153305228e-06,-1.0407860366390525e-09,0.4682479259126301,5.556548880559794e-09,1.3191631710404926e-08,-0.33378127148114817,"{""D"": 5.556548880559794e-09, ""cp"": 3309.385066570937, ""k"": 0.4682479259126301, ""rho"": 921.5003811195504}","{""D"": 5.699810867778812e-09, ""cp"": 3415.2957746478796, ""k"": 0.48295774647887213, ""rho"": 976.3999999999953}","[[2.3765410616850898e-06, 7.55967464482825e-05], [7.703799118728998e-10, 6.452078279058638e-08], [9.742975655630702e-14, 2.800652955735243e-11]]"
251.25,bdf2,30.1864375,0.021585,3,9.686416934877085e-14,2.7993642262635212e-11,1.7496404325356707e-10,2.4424906541753444e-14,-42.553018288428426,-42.563405618987815,0.01038733055938934,1.6784194009766518e-06,1.6794594196543436e-06,-1.0400186776917651e-09,0.4682406130493465,5.556613669727353e-09,1.319044343695625e-08,-0.3342922059890233,"{""D"": 5.556613669727353e-09, ""cp"": 3309.332413955294, ""k"": 0.4682406130493465, ""rho"": 921.476387144695}","{""D"": 5.699897282917373e-09, ""cp"": 3415.2957746478796, ""k"": 0.48295774647887213, ""rho"": 976.3999999999953}","[[2.381801781613792e-06, 7.555056151702181e-05], [7.712131058307801e-10, 6.44838471073163e-08], [9.686416934877085e-14, 2.7993642262635212e-11]]"
251.5,bdf2,30.189758333333334,0.021586666666666667,3,1.1363609853984957e-13,2.7980929120549312e-11,6.752998160663992e-11,1.0658141036401503e-14,-42.618009109434205,-42.628420555470825,0.010411446036620475,1.6782689711446585e-06,1.6793082236340101e-06,-1.0392524893516342e-09,0.46823330416809616,5.556678879091809e-09,1.3189255946190808e-08,-0.33480283199581734,"{""D"": 5.556678879091809e-09, ""cp"": 3309.2797900102923, ""k"": 0.46823330416809616, ""rho"": 921.452409114775}","{""D"": 5.6999838304055144e-09, ""cp"": 3415.295774647879, ""k"": 0.48295774647887213, ""rho"": 976.3999999999953}","[[2.3870037407501288e-06, 7.550539234961761e-05], [7.720280120267929e-10, 6.444695861940933e-08], [1.1363609853984957e-13, 2.7980929120549312e-11]]"
251.75,bdf2,30.193079166666667,0.021588333333333334,3,1.006327220792205e-13,2.7967345215306835e-11,6.8098415795248e-11,1.554312234475219e-14,-42.68296139732324,-42.693396643733195,0.010435246409954857,1.678118639649017e-06,1.6791571271187385e-06,-1.0384874697215175e-09,0.4682259992631167,5.556744504562047e-09,1.3188069236914828e-08,-0.3353131531474268,"{""D"": 5.556744504562047e-09, ""cp"": 3309.22719469444, ""k"": 0.4682259992631167, ""rho"": 921.4284470056648}","{""D"": 5.70007051206423e-09, ""cp"": 3415.2957746478796, ""k"": 0.48295774647887213, ""rho"": 976.3999999999953}","[[2.392148870059496e-06, 7.546027343116872e-05], [7.728783390983227e-10, 6.441012185483384e-08], [1.006327220792205e-13, 2.7967345215306835e-11]]"
252.0,bdf2,30.1964,0.02159,3,1.051552888847313e-13,2.795689605742801e-11,7.51469997339882e-11,3.019806626980426e-14,-42.74787556379236,-42.75833429774707,0.010458733954706645,1.6779684063424224e-06,1.6790061299581885e-06,-1.0377236157660727e-09,0.4682186983286627,5.556810542181184e-09,1.3186883307952172e-08,-0.33582317232937564,"{""D"": 5.556810542181184e-09, ""cp"": 3309.174627966371, ""k"": 0.4682186983286627, ""rho"": 921.4045007933103}","{""D"": 5.700157329632347e-09, ""cp"": 3415.2957746478796, ""k"": 0.48295774647887213, ""rho"": 976.3999999999953}","[[2.3972390982257168e-06, 7.541520490813753e-05], [7.736781534661069e-10, 6.437333420130038e-08], [1.051552888847313e-13, 2.795689605742801e-11]]"
252.25,bdf2,30.199720833333334,0.02159166666666667,3,9.516719225192528e-14,2.7943486304816856e-11,4.3451109377201647e-10,1.5987211554602254e-14,-42.81275198644127,-42.82323391818608,0.010481931744806161,1.6778182710796204e-06,1.6788552320024845e-06,-1.0369609228640997e-09,0.46821140135900763,5.556876988117652e-09,1.3185698158184987e-08,-0.33633289271296163,"{""D"": 5.556876988117652e-09, ""cp"": 3309.1220897848552, ""k"": 0.46821140135900763, ""rho"": 921.3805704537308}","{""D"": 5.70024428476972e-09, ""cp"": 3415.295774647879, ""k"": 0.48295774647887213, ""rho"": 976.3999999999953}","[[2.402276121742696e-06, 7.537018692054276e-05], [7.745277108615928e-10, 6.433659356897738e-08], [9.516719225192528e-14, 2.7943486304816856e-11]]"
252.5,bdf2,30.203041666666667,0.021593333333333332,3,9.365936763097254e-14,2.7930773162730952e-11,8.458300726488233e-11,5.906386491005833e-14,-42.87759106839347,-42.888095893287925,0.010504824894454146,1.6776682337133029e-06,1.6787044331021725e-06,-1.0361993888696405e-09,0.4682041083484415,5.55694383865699e-09,1.318451378641032e-08,-0.3368423174729596,"{""D"": 5.55694383865699e-09, ""cp"": 3309.069580108779, ""k"": 0.4682041083484415, ""rho"": 921.3566559630142}","{""D"": 5.700331379060654e-09, ""cp"": 3415.295774647879, ""k"": 0.48295774647887213, ""rho"": 976.3999999999953}","[[2.407261657815875e-06, 7.532521960091452e-05], [7.75335612978813e-10, 6.429990222184905e-08], [9.365936763097254e-14, 2.7930773162730952e-11]]"
252.75,bdf2,30.2063625,0.021595,3,1.2437632490551581e-13,2.7911616373286438e-11,3.0809133022557944e-10,7.327471962526033e-14,-42.94239314460994,-42.952920598931144,0.010527454321206164,1.6775182941002554e-06,1.6785537331082547e-06,-1.035439007999366e-09,0.46819681929127244,5.557011090201269e-09,1.3183330191448255e-08,-0.33735144946442,"{""D"": 5.557011090201269e-09, ""cp"": 3309.0170988971613, ""k"": 0.46819681929127244, ""rho"": 921.3327572973208}","{""D"": 5.7004186140167906e-09, ""cp"": 3415.295774647879, ""k"": 0.48295774647887213, ""rho"": 976.3999999999953}","[[2.412197260059454e-06, 7.528030307568766e-05], [7.761646136546769e-10, 6.426326242389958e-08], [1.2437632490551581e-13, 2.7911616373286438e-11]]"
253.0,bdf2,30.20968333333333,0.021596666666666667,3,1.1061928211230119e-13,2.7903953657508633e-11,5.991296347929165e-11,6.084022174945858e-14,-43.00715860112733,-43.01770840024233,0.010549799114997427,1.677368452092755e-06,1.6784031318721516e-06,-1.0346797793967139e-09,0.46818953418182496,5.557078739253776e-09,1.3182147372124373e-08,-0.33786029177470095,"{""D"": 5.557078739253776e-09, ""cp"": 3308.9646461091397, ""k"": 0.46818953418182496, ""rho"": 921.3088744328776}","{""D"": 5.700505991080526e-09, ""cp"": 3415.295774647879, ""k"": 0.48295774647887213, ""rho"": 976.3999999999953}","[[2.4170844630379036e-06, 7.523543746467915e-05], [7.7698229961603e-10, 6.4226667557329e-08], [1.1061928211230119e-13, 2.7903953657508633e-11]]"
253.25,bdf2,30.213004166666664,0.021598333333333334,3,1.262602035039732e-13,2.7887060852271194e-11,3.326476871734485e-10,2.3092638912203256e-14,-43.071887772856044,-43.082459650831595,0.010571877975550592,1.6772187075463123e-06,1.678252629245741e-06,-1.03392169942876e-09,0.4681822530144417,5.557146782426407e-09,1.3180965327183707e-08,-0.33836884675029466,"{""D"": 5.557146782426407e-09, ""cp"": 3308.9122217039803, ""k"": 0.4681822530144417, ""rho"": 921.2850073459853}","{""D"": 5.700593511628115e-09, ""cp"": 3415.2957746478796, ""k"": 0.48295774647887213, ""rho"": 976.3999999999953}","[[2.4219247212095566e-06, 7.519062288091411e-05], [7.777886709694686e-10, 6.419012685222677e-08], [1.262602035039732e-13, 2.7887060852271194e-11]]"
253.5,bdf2,30.216324999999998,0.0216,3,9.591983220426005e-14,2.787835322070551e-11,5.311449058353901e-10,7.815970093361102e-14,-43.13658100319879,-43.147174694594526,0.010593691395733629,1.6770690603184478e-06,1.6781022250813147e-06,-1.0331647628669818e-09,0.4681749757834819,5.5572152164225615e-09,1.317978405566644e-08,-0.3388771175889941,"{""D"": 5.5572152164225615e-09, ""cp"": 3308.8598256410696, ""k"": 0.4681749757834819, ""rho"": 921.2611560130103}","{""D"": 5.700681176972146e-09, ""cp"": 3415.295774647879, ""k"": 0.48295774647887213, ""rho"": 976.3999999999953}","[[2.4267193537121796e-06, 7.514585943114803e-05], [7.786278245610996e-10, 6.41536256797718e-08], [9.591983220426005e-14, 2.787835322070551e-11]]"
253.75,bdf2,30.21964583333333,0.02160166666666667,3,9.799251754366812e-14,2.786233117862464e-11,1.1164047464262694e-10,1.0746958878371515e-13,-43.20123858443626,-43.21185386518209,0.010615280745831512,1.6769195102638984e-06,1.6779519192316045e-06,-1.0324089677060287e-09,0.46816770248332185,5.557284038042238e-09,1.3178603556344438e-08,-0.3393851066726096,"{""D"": 5.557284038042238e-09, ""cp"": 3308.8074578799174, ""k"": 0.46816770248332185, ""rho"": 921.2373204103901}","{""D"": 5.7007689883641405e-09, ""cp"": 3415.2957746478796, ""k"": 0.48295774647887213, ""rho"": 976.3999999999953}","[[2.4314697118941914e-06, 7.510114721638947e-05], [7.794296578351757e-10, 6.411717797217465e-08], [9.799251754366812e-14, 2.786233117862464e-11]]"
254.0,bdf2,30.222966666666665,0.021603333333333335,3,9.026596445480797e-14,2.7850662952326616e-11,6.230038707144558e-11,2.3092638912203256e-14,-43.26586086844062,-43.27649748709064,0.010636618650018193,1.6767700572385654e-06,1.6778017115497536e-06,-1.0316543111881732e-09,0.4681604331083542,5.557353244171692e-09,1.3177423827910563e-08,-0.3398928165264527,"{""D"": 5.557353244171692e-09, ""cp"": 3308.75511838015, ""k"": 0.4681604331083542, ""rho"": 921.2135005146272}","{""D"": 5.700856946997629e-09, ""cp"": 3415.2957746478796, ""k"": 0.48295774647887213, ""rho"": 976.3999999999953}","[[2.436176981068543e-06, 7.505648633033255e-05], [7.80264650148127e-10, 6.408078042053533e-08], [9.026596445480797e-14, 2.7850662952326616e-11]]"
254.25,bdf2,30.226287499999998,0.021605,3,8.875817422114998e-14,2.7835163368139692e-11,2.105480234604329e-10,2.886579864025407e-14,-43.33044816447917,-43.34110587570024,0.010657711221064403,1.6766207011002362e-06,1.6776516018893445e-06,-1.0309007891083202e-09,0.468153167652989,5.55742283178317e-09,1.3176244869391523e-08,-0.34040024953985887,"{""D"": 5.55742283178317e-09, ""cp"": 3308.7028071015206, ""k"": 0.468153167652989, ""rho"": 921.1896963022951}","{""D"": 5.70094505401046e-09, ""cp"": 3415.2957746478796, ""k"": 0.48295774647887213, ""rho"": 976.3999999999953}","[[2.4408424149415295e-06, 7.501187686284003e-05], [7.810730638235678e-10, 6.404443285070122e-08], [8.875817422114998e-14, 2.7835163368139692e-11]]"
254.5,bdf2,30.22960833333333,0.021606666666666666,3,1.1212523242557482e-13,2.7822972683947734e-11,2.0293100533308461e-10,2.398081733190338e-14,-43.39500076476513,-43.40567933789998,0.010678573134853764,1.676471441705962e-06,1.6775015901043694e-06,-1.0301483984074103e-09,0.4681459061116523,5.557492797928897e-09,1.3175066679605477e-08,-0.3409074083038613,"{""D"": 5.557492797928897e-09, ""cp"": 3308.6505240038964, ""k"": 0.4681459061116523, ""rho"": 921.1659077500324}","{""D"": 5.701033310487105e-09, ""cp"": 3415.2957746478796, ""k"": 0.48295774647887213, ""rho"": 976.3999999999953}","[[2.445467113623285e-06, 7.496731889576367e-05], [7.818616831243605e-10, 6.400812951563545e-08], [1.1212523242557482e-13, 2.7822972683947734e-11]]"
254.75,bdf2,30.232929166666665,0.021608333333333334,3,9.384576285263721e-14,2.780956293133658e-11,3.9108272176235914e-11,6.261657858885883e-14,-43.45951895297478,-43.470218172576836,0.010699219602052779,1.6763222789138641e-06,1.6773516760492383e-06,-1.0293971353741685e-09,0.4681386484787866,5.557563139736658e-09,1.3173889257402687e-08,-0.34141429512604815,"{""D"": 5.557563139736658e-09, ""cp"": 3308.598269047264, ""k"": 0.4681386484787866, ""rho"": 921.1421348345448}","{""D"": 5.701121717461081e-09, ""cp"": 3415.295774647879, ""k"": 0.48295774647887213, ""rho"": 976.3999999999953}","[[2.4500521892727914e-06, 7.492281250660136e-05], [7.826470914027903e-10, 6.397187651068013e-08], [9.384576285263721e-14, 2.780956293133658e-11]]"
255.0,bdf2,30.23625,0.02161,3,1.2173536937113042e-13,2.7794585805043597e-11,1.8212631403002888e-10,9.237055564881302e-14,-43.52400303831057,-43.53472267042093,0.010719632110365751,1.6761732125796595e-06,1.6772018595787851e-06,-1.028646999125563e-09,0.46813139474885146,5.55763385441144e-09,1.3172712601552882e-08,-0.3419209122561332,"{""D"": 5.55763385441144e-09, ""cp"": 3308.5460421917305, ""k"": 0.46813139474885146, ""rho"": 921.1183775326056}","{""D"": 5.701210275917006e-09, ""cp"": 3415.295774647879, ""k"": 0.48295774647887213, ""rho"": 976.3999999999953}","[[2.454598607427623e-06, 7.487835776675564e-05], [7.834624549944989e-10, 6.393567087524054e-08], [1.2173536937113042e-13, 2.7794585805043597e-11]]"
255.25,bdf2,30.23957083333333,0.021611666666666668,3,9.704885604702197e-14,2.778518156295265e-11,1.7985257727559656e-10,1.7763568394002505e-14,-43.58845326182891,-43.599193115117885,0.010739853288974643,1.6760242425659774e-06,1.6770521405482387e-06,-1.0278979822612788e-09,0.46812414491632126,5.557704939224352e-09,1.317153671105033e-08,-0.3424272620319876,"{""D"": 5.557704939224352e-09, ""cp"": 3308.493843397513, ""k"": 0.46812414491632126, ""rho"": 921.0946358210515}","{""D"": 5.701298986792794e-09, ""cp"": 3415.2957746478796, ""k"": 0.48295774647887213, ""rho"": 976.3999999999953}","[[2.459107444608439e-06, 7.48339547427529e-05], [7.842599088244297e-10, 6.389951365423242e-08], [9.704885604702197e-14, 2.778518156295265e-11]]"
255.5,bdf2,30.242891666666665,0.021613333333333335,3,8.329221099493727e-14,2.777107519981624e-11,2.9740476747974753e-10,1.6431300764452317e-14,-43.65286991566037,-43.66362978281444,0.0107598671540714,1.6758753687279983e-06,1.6769025188132569e-06,-1.0271500852586188e-09,0.4681168989756881,5.557776391517579e-09,1.3170361584675888e-08,-0.342933346439901,"{""D"": 5.557776391517579e-09, ""cp"": 3308.4416726249538, ""k"": 0.4681168989756881, ""rho"": 921.0709096767878}","{""D"": 5.701387850981634e-09, ""cp"": 3415.295774647879, ""k"": 0.48295774647887213, ""rho"": 976.3999999999953}","[[2.4635795934039127e-06, 7.47896034962431e-05], [7.850826066995722e-10, 6.38634034544348e-08], [8.329221099493727e-14, 2.777107519981624e-11]]"
255.75,bdf2,30.2462125,0.021615000000000002,3,1.1363140098159702e-13,2.7757142989311135e-11,6.468781066359952e-11,1.7319479184152442e-14,-43.717253283399124,-43.7280329427324,0.010779659333273628,1.6757265909267595e-06,1.676752994229897e-06,-1.026403303137453e-09,0.468109656921459,5.5578482086986665e-09,1.3169187221344516e-08,-0.3434391676119901,"{""D"": 5.5578482086986665e-09, ""cp"": 3308.389529834505, ""k"": 0.468109656921459, ""rho"": 921.0471990767835}","{""D"": 5.701476869334005e-09, ""cp"": 3415.2957746478796, ""k"": 0.48295774647887213, ""rho"": 976.3999999999953}","[[2.468016016493898e-06, 7.474530408243266e-05], [7.85854040409199e-10, 6.382733836016864e-08], [1.1363140098159702e-13, 2.7757142989311135e-11]]"
256.0,bdf2,30.249533333333332,0.021616666666666666,3,1.3040254561188027e-13,2.7743733236699977e-11,1.971329766092822e-10,5.728750807065808e-14,-43.78160358901334,-43.79240285766883,0.010799268655489414,1.6755779090205885e-06,1.6766035666546175e-06,-1.0256576340290147e-09,0.4681024187481573,5.5579203882357375e-09,1.3168013619904255e-08,-0.34394472757360484,"{""D"": 5.5579203882357375e-09, ""cp"": 3308.3374149867323, ""k"": 0.4681024187481573, ""rho"": 921.0235039980721}","{""D"": 5.701566042659455e-09, ""cp"": 3415.2957746478796, ""k"": 0.48295774647887213, ""rho"": 976.3999999999953}","[[2.47241755406043e-06, 7.470105655374152e-05], [7.86643180482581e-10, 6.379132533753929e-08], [1.3040254561188027e-13, 2.7743733236699977e-11]]"
256.25,bdf2,30.252854166666665,0.021618333333333333,3,1.2154542417906992e-13,2.7730845941982758e-11,1.368789526168257e-10,1.4654943925052066e-14,-43.84592109902904,-43.856739784108356,0.010818685079314605,1.6754293228711094e-06,1.6764542359442798e-06,-1.0249130731704379e-09,0.4680951844503217,5.557992927656511e-09,1.3166840779251893e-08,-0.3444500287635597,"{""D"": 5.557992927656511e-09, ""cp"": 3308.285328042317, ""k"": 0.4680951844503217, ""rho"": 920.9998244177515}","{""D"": 5.701655371727915e-09, ""cp"": 3415.2957746478796, ""k"": 0.48295774647887213, ""rho"": 976.3999999999953}","[[2.476785056640981e-06, 7.465686095597182e-05], [7.874496499196432e-10, 6.375535811705194e-08], [1.2154542417906992e-13, 2.7730845941982758e-11]]"
256.5,bdf2,30.256175,0.02162,3,1.0439689592722101e-13,2.7719874326209994e-11,4.774847184307873e-12,6.394884621840902e-14,-43.91020605440837,-43.92104397227996,0.010837917871590719,1.6752808323367335e-06,1.676305001956149e-06,-1.024169619415475e-09,0.46808795402250725,5.558065824547699e-09,1.3165668698264715e-08,-0.3449550727164147,"{""D"": 5.558065824547699e-09, ""cp"": 3308.2332689620525, ""k"": 0.46808795402250725, ""rho"": 920.9761603129839}","{""D"": 5.701744857271985e-09, ""cp"": 3415.2957746478796, ""k"": 0.48295774647887213, ""rho"": 976.3999999999953}","[[2.4811193604424538e-06, 7.461271733196509e-05], [7.882489511406149e-10, 6.371943722116454e-08], [1.0439689592722101e-13, 2.7719874326209994e-11]]"
256.75,bdf2,30.259495833333332,0.021621666666666668,3,1.0703481852122729e-13,2.7707857794649338e-11,1.4006218407303095e-10,2.4868995751603507e-14,-43.974458713124996,-43.98531566660182,0.010856953476825026,1.6751324372800986e-06,1.6761558645478841e-06,-1.0234272677854784e-09,0.468080727459284,5.558139076550906e-09,1.3164497375801052e-08,-0.34545986132247486,"{""D"": 5.558139076550906e-09, ""cp"": 3308.181237706845, ""k"": 0.468080727459284, ""rho"": 920.9525116609948}","{""D"": 5.701834499988439e-09, ""cp"": 3415.2957746478796, ""k"": 0.48295774647887213, ""rho"": 976.3999999999953}","[[2.4854212104573394e-06, 7.456862571916417e-05], [7.890395766813987e-10, 6.368356630708231e-08], [1.0703481852122729e-13, 2.7707857794649338e-11]]"
257.0,bdf2,30.262816666666666,0.021623333333333335,3,1.0270040636336575e-13,2.7694796347300808e-11,1.0129497240995988e-10,2.220446049250313e-14,-44.03867929056103,-44.04955510581061,0.010875815249583809,1.6749841375613597e-06,1.6760068235775441e-06,-1.0226860161844648e-09,0.4680735047552379,5.558212681361304e-09,1.3163326810761665e-08,-0.34596439676803126,"{""D"": 5.558212681361304e-09, ""cp"": 3308.129234237713, ""k"": 0.4680735047552379, ""rho"": 920.9288784390737}","{""D"": 5.701924300539433e-09, ""cp"": 3415.2957746478796, ""k"": 0.48295774647887213, ""rho"": 976.3999999999953}","[[2.4896913765443713e-06, 7.45245861508322e-05], [7.898313255593211e-10, 6.364774241421054e-08], [1.0270040636336575e-13, 2.7694796347300808e-11]]"
257.25,bdf2,30.2661375,0.021625000000000002,3,1.16267876413415e-13,2.767685862627549e-11,1.8280843505635858e-10,2.3092638912203256e-14,-44.102868010596765,-44.11376252321304,0.010894512616275165,1.6748359330422219e-06,1.6758578789035815e-06,-1.021945861359616e-09,0.46806628590497024,5.558286636725397e-09,1.3162157002073956e-08,-0.3464686806725127,"{""D"": 5.558286636725397e-09, ""cp"": 3308.077258515786, ""k"": 0.46806628590497024, ""rho"": 920.905260624573}","{""D"": 5.702014259553962e-09, ""cp"": 3415.2957746478796, ""k"": 0.48295774647887213, ""rho"": 976.3999999999953}","[[2.493930573718008e-06, 7.448059865674927e-05], [7.906053537160602e-10, 6.361196623915976e-08], [1.16267876413415e-13, 2.767685862627549e-11]]"
257.5,bdf2,30.269458333333333,0.02162666666666667,3,1.0514961574449399e-13,2.7666583621027983e-11,3.296918293926865e-11,1.554312234475219e-14,-44.16702510561004,-44.177938146997064,0.010913041387027533,1.6746878235842262e-06,1.6757090303848253e-06,-1.0212068005991561e-09,0.4680590709030972,5.5583609404379345e-09,1.3160987948459976e-08,-0.3469727148484565,"{""D"": 5.5583609404379345e-09, ""cp"": 3308.0253105022994, ""k"": 0.4680590709030972, ""rho"": 920.8816581949054}","{""D"": 5.702104377629634e-09, ""cp"": 3415.2957746478796, ""k"": 0.48295774647887213, ""rho"": 976.3999999999953}","[[2.4981395045480735e-06, 7.44366632619934e-05], [7.913799399949364e-10, 6.357623586625102e-08], [1.0514961574449399e-13, 2.7666583621027983e-11]]"
257.75,bdf2,30.272779166666666,0.021628333333333333,3,8.61169428535836e-14,2.765456708946733e-11,4.135927156312391e-10,2.7977620220553945e-14,-44.231150799447335,-44.24208220012957,0.010931400682238746,1.6745398090498692e-06,1.675560277880508e-06,-1.0204688306388318e-09,0.46805185974425034,5.558435590343044e-09,1.3159819649045433e-08,-0.3474765011802958,"{""D"": 5.558435590343044e-09, ""cp"": 3307.9733901586023, ""k"": 0.46805185974425034, ""rho"": 920.8580711275479}","{""D"": 5.702194655333573e-09, ""cp"": 3415.2957746478796, ""k"": 0.48295774647887213, ""rho"": 976.3999999999953}","[[2.5023188139345523e-06, 7.439277998868192e-05], [7.921867422749853e-10, 6.354055321116324e-08], [8.61169428535836e-14, 2.765456708946733e-11]]"
258.0,bdf2,30.2761,0.02163,3,1.0288781817715712e-13,2.7644117931588506e-11,1.6143530956469476e-11,1.2878587085651816e-14,-44.29524531593852,-44.30619490072871,0.010949584790189704,1.6743918893014935e-06,1.675411621250243e-06,-1.019731948749503e-09,0.4680446524230766,5.558510584330587e-09,1.3158652102634387e-08,-0.3479800410045506,"{""D"": 5.558510584330587e-09, ""cp"": 3307.921497446151, ""k"": 0.4680446524230766, ""rho"": 920.8344994000389}","{""D"": 5.702285093204094e-09, ""cp"": 3415.2957746478796, ""k"": 0.48295774647887213, ""rho"": 976.3999999999953}","[[2.5064691703253236e-06, 7.434894885388182e-05], [7.929560378129767e-10, 6.350491409423329e-08], [1.0288781817715712e-13, 2.7644117931588506e-11]]"
258.25,bdf2,30.279420833333333,0.021631666666666667,3,1.1287481375815506e-13,2.762792173687633e-11,1.241460267920047e-10,3.552713678800501e-14,-44.35930885335513,-44.37027646233389,0.010967608978759813,1.6742440642029217e-06,1.6752630603540332e-06,-1.0189961511114746e-09,0.46803744893423793,5.558585920333701e-09,1.3157485308084082e-08,-0.34848333644546986,"{""D"": 5.558585920333701e-09, ""cp"": 3307.869632326513, ""k"": 0.46803744893423793, ""rho"": 920.8109429899787}","{""D"": 5.702375691751425e-09, ""cp"": 3415.2957746478796, ""k"": 0.48295774647887213, ""rho"": 976.3999999999953}","[[2.5105911922250172e-06, 7.430516987239608e-05], [7.937200499308384e-10, 6.346932722309276e-08], [1.1287481375815506e-13, 2.762792173687633e-11]]"
258.5,bdf2,30.282741666666666,0.021633333333333334,3,8.649317059954787e-14,2.76148602895278e-11,1.1732481652870774e-10,2.7533531010703882e-14,-44.423341609953624,-44.4343270939882,0.010985484034577553,1.6740963336168246e-06,1.675114595052256e-06,-1.018261435431405e-09,0.468030249272411,5.558661596327997e-09,1.3156319264326583e-08,-0.3489863889956954,"{""D"": 5.558661596327997e-09, ""cp"": 3307.817794761359, ""k"": 0.468030249272411, ""rho"": 920.7874018750276}","{""D"": 5.702466451459231e-09, ""cp"": 3415.2957746478796, ""k"": 0.48295774647887213, ""rho"": 976.3999999999953}","[[2.514685452718183e-06, 7.426144305449969e-05], [7.945309760845199e-10, 6.343378389011004e-08], [8.649317059954787e-14, 2.76148602895278e-11]]"
258.75,bdf2,30.2860625,0.021635,3,1.1909269300902004e-13,2.7603888673755032e-11,2.9626789910253137e-10,3.774758283725532e-14,-44.48734379248908,-44.49834700009632,0.011003207607238608,1.6739486974066977e-06,1.6749662252056651e-06,-1.0175277989674482e-09,0.4680230534322869,5.558737610332887e-09,1.315515397027423e-08,-0.3494892000450322,"{""D"": 5.558737610332887e-09, ""cp"": 3307.7659847124655, ""k"": 0.4680230534322869, ""rho"": 920.7638760329064}","{""D"": 5.702557372785702e-09, ""cp"": 3415.2957746478796, ""k"": 0.48295774647887213, ""rho"": 976.3999999999953}","[[2.518752569166023e-06, 7.421776840837782e-05], [7.952921473374771e-10, 6.33982870558799e-08], [1.1909269300902004e-13, 2.7603888673755032e-11]]"
259.0,bdf2,30.289383333333333,0.02163666666666667,3,1.0307521943035342e-13,2.7589608157987305e-11,8.36735125631094e-11,9.015010959956271e-14,-44.551315607701085,-44.562336381106604,0.011020773405519435,1.6738011554365064e-06,1.6748179506754045e-06,-1.0167952388981379e-09,0.46801586140857243,5.5588139604051725e-09,1.3153989424811671e-08,-0.34999177143829824,"{""D"": 5.5588139604051725e-09, ""cp"": 3307.714202141721, ""k"": 0.46801586140857243, ""rho"": 920.7403654413981}","{""D"": 5.702648456164348e-09, ""cp"": 3415.2957746478796, ""k"": 0.48295774647887213, ""rho"": 976.3999999999953}","[[2.5227930969273484e-06, 7.417414593786182e-05], [7.960798811961483e-10, 6.336283811362335e-08], [1.0307521943035342e-13, 2.7589608157987305e-11]]"
259.25,bdf2,30.292704166666667,0.021638333333333332,3,1.177730334745919e-13,2.7575327642219577e-11,2.2953372535994276e-10,9.281464485866309e-14,-44.61525723677359,-44.62629543329655,0.011038196522960675,1.6736537075728766e-06,1.6746697713229863e-06,-1.0160637501097241e-09,0.46800867319598827,5.558890644641114e-09,1.3152825626938855e-08,-0.35049410463008596,"{""D"": 5.558890644641114e-09, ""cp"": 3307.6624470111155, ""k"": 0.46800867319598827, ""rho"": 920.7168700783445}","{""D"": 5.702739702005193e-09, ""cp"": 3415.2957746478796, ""k"": 0.48295774647887213, ""rho"": 976.3999999999953}","[[2.526807567612139e-06, 7.413057564417078e-05], [7.968372695408979e-10, 6.332743723749304e-08], [1.177730334745919e-13, 2.7575327642219577e-11]]"
259.5,bdf2,30.296025,0.02164,3,1.1626524430895114e-13,2.7564181873815498e-11,9.094947017729282e-11,8.038014698286133e-14,-44.679168877903095,-44.69022434904559,0.011055471142498163,1.6735063536763855e-06,1.6745216870102936e-06,-1.01533333390812e-09,0.46800148878926995,5.558967661173735e-09,1.3151662575398475e-08,-0.35099620113148283,"{""D"": 5.558967661173735e-09, ""cp"": 3307.610719282744, ""k"": 0.46800148878926995, ""rho"": 920.6933899216469}","{""D"": 5.702831110695784e-09, ""cp"": 3415.2957746478796, ""k"": 0.48295774647887213, ""rho"": 976.3999999999953}","[[2.53079651188247e-06, 7.408705752521487e-05], [7.975969121061368e-10, 6.329208042197845e-08], [1.1626524430895114e-13, 2.7564181873815498e-11]]"
259.75,bdf2,30.299345833333334,0.021641666666666667,3,1.030744366010243e-13,2.7549901358047773e-11,1.7553247744217515e-10,6.705747068735946e-14,-44.743050712245015,-44.75412331683657,0.011072604591554125,1.673359093615814e-06,1.67437369759959e-06,-1.0146039837760424e-09,0.4679943081831678,5.559045008172966e-09,1.3150500269341978e-08,-0.3514980625644605,"{""D"": 5.559045008172966e-09, ""cp"": 3307.559018918808, ""k"": 0.4679943081831678, ""rho"": 920.6699249492677}","{""D"": 5.7029226826019e-09, ""cp"": 3415.295774647879, ""k"": 0.48295774647887213, ""rho"": 976.3999999999953}","[[2.534760414416518e-06, 7.404359157646613e-05], [7.983872627063018e-10, 6.325677027936908e-08], [1.030744366010243e-13, 2.7549901358047773e-11]]"
260.0,bdf2,30.302666666666667,0.021643333333333334,3,1.1061159165116545e-13,2.7535620842280046e-11,2.4783730623312294e-11,6.972200594645983e-14,-44.80690291242786,-44.81799252143759,0.011089609009729884,1.6732119272565274e-06,1.6742258029535018e-06,-1.0138756969743984e-09,0.46798713137244596,5.559122683843821e-09,1.3149338707476022e-08,-0.35199969006269394,"{""D"": 5.559122683843821e-09, ""cp"": 3307.5073458816105, ""k"": 0.46798713137244596, ""rho"": 920.646475139227}","{""D"": 5.7030144180686565e-09, ""cp"": 3415.295774647879, ""k"": 0.48295774647887213, ""rho"": 976.3999999999953}","[[2.538699785325944e-06, 7.400017778991348e-05], [7.991578204253877e-10, 6.322150768042803e-08], [1.1061159165116545e-13, 2.7535620842280046e-11]]"
260.25,bdf2,30.3059875,0.021645,3,1.0024738856937584e-13,2.752308185282546e-11,2.6773250283440575e-11,7.815970093361102e-14,-44.8707256680925,-44.88183214412231,0.011106476029816292,1.6730648544606545e-06,1.6740780029350208e-06,-1.0131484743663146e-09,0.4679799583518831,5.559200686424356e-09,1.314817788884985e-08,-0.3525010854733353,"{""D"": 5.559200686424356e-09, ""cp"": 3307.455700133558, ""k"": 0.4679799583518831, ""rho"": 920.6230404696033}","{""D"": 5.703106317421124e-09, ""cp"": 3415.295774647879, ""k"": 0.48295774647887213, ""rho"": 976.3999999999952}","[[2.5426151028715274e-06, 7.395681615545615e-05], [7.999332704015198e-10, 6.31862872264238e-08], [1.0024738856937584e-13, 2.752308185282546e-11]]"
260.5,bdf2,30.309308333333334,0.021646666666666668,3,8.102681819479101e-14,2.7515070831785032e-11,1.4244960766518489e-10,1.1102230246251565e-14,-44.93451915184003,-44.94564236262448,0.01112321078445433,1.6729178750990542e-06,1.6739302974075087e-06,-1.0124223084544906e-09,0.46797278911627216,5.559279014186114e-09,1.3147017812358164e-08,-0.3530022496276147,"{""D"": 5.559279014186114e-09, ""cp"": 3307.40408163716, ""k"": 0.46797278911627216, ""rho"": 920.5996209185348}","{""D"": 5.703198380965586e-09, ""cp"": 3415.295774647879, ""k"": 0.48295774647887213, ""rho"": 976.3999999999951}","[[2.5465068424824345e-06, 7.391350666038094e-05], [8.006979725468655e-10, 6.315110996227213e-08], [8.102681819479101e-14, 2.7515070831785032e-11]]"
260.75,bdf2,30.312629166666667,0.021648333333333335,3,1.27946672547963e-13,2.7498352179178924e-11,1.0152234608540311e-10,6.705747068735946e-14,-44.99828355328347,-45.009423351051225,0.01113979776775409,1.6727709890357615e-06,1.6737826862346987e-06,-1.011697198937171e-09,0.4679656236604208,5.559357665434942e-09,1.3145858476931485e-08,-0.35350318421476906,"{""D"": 5.559357665434942e-09, ""cp"": 3307.3524903550306, ""k"": 0.4679656236604208, ""rho"": 920.5762164642185}","{""D"": 5.703290608989634e-09, ""cp"": 3415.2957746478787, ""k"": 0.48295774647887213, ""rho"": 976.3999999999951}","[[2.5503754173996626e-06, 7.38702492891883e-05], [8.014455201978504e-10, 6.311598685958876e-08], [1.27946672547963e-13, 2.7498352179178924e-11]]"
261.0,bdf2,30.31595,0.02165,3,1.2003213869431665e-13,2.7487554716037475e-11,4.6554760047001764e-11,1.021405182655144e-14,-45.06201901094675,-45.07317528078403,0.011156269837279353,1.6726241961380663e-06,1.6736351692806717e-06,-1.0109731426053714e-09,0.46795846197915003,5.559436638502447e-09,1.3144699881458705e-08,-0.3540038905464985,"{""D"": 5.559436638502447e-09, ""cp"": 3307.30092624988, ""k"": 0.46795846197915003, ""rho"": 920.5528270849074}","{""D"": 5.703383001763428e-09, ""cp"": 3415.2957746478787, ""k"": 0.482957746478872, ""rho"": 976.399999999995}","[[2.5542212753429046e-06, 7.382704402324387e-05], [8.02210019958478e-10, 6.308090468277378e-08], [1.2003213869431665e-13, 2.7487554716037475e-11]]"
261.25,bdf2,30.319270833333334,0.021651666666666666,3,1.0514562324189034e-13,2.7473622505532375e-11,1.389253156958148e-10,3.019806626980426e-14,-45.12572568887963,-45.136898319877616,0.011172630997982935,1.6724774962734821e-06,1.6734877464098765e-06,-1.0102501363943149e-09,0.4679513040672949,5.5595159317517656e-09,1.3143542024989588e-08,-0.35450437040586275,"{""D"": 5.5595159317517656e-09, ""cp"": 3307.249389284523, ""k"": 0.4679513040672949, ""rho"": 920.5294527589135}","{""D"": 5.7034755595398526e-09, ""cp"": 3415.2957746478787, ""k"": 0.482957746478872, ""rho"": 976.399999999995}","[[2.558044824456401e-06, 7.37838908428684e-05], [8.029775276646785e-10, 6.304587179115345e-08], [1.0514562324189034e-13, 2.7473622505532375e-11]]"
261.5,bdf2,30.322591666666668,0.021653333333333333,3,1.0665281405982097e-13,2.746230258449698e-11,7.150902092689648e-11,1.9095836023552692e-14,-45.1894037851679,-45.20059263309122,0.011188847923321532,1.672330889309612e-06,1.6733404174871171e-06,-1.0095281775051928e-09,0.4679441499197048,5.559595543577144e-09,1.3142384906280273e-08,-0.35500462432808216,"{""D"": 5.559595543577144e-09, ""cp"": 3307.1978794218744, ""k"": 0.4679441499197048, ""rho"": 920.5060934646054}","{""D"": 5.7035682825560586e-09, ""cp"": 3415.2957746478787, ""k"": 0.482957746478872, ""rho"": 976.399999999995}","[[2.5618464951149224e-06, 7.374078972577037e-05], [8.037307075090209e-10, 6.301088313430146e-08], [1.0665281405982097e-13, 2.746230258449698e-11]]"
261.75,bdf2,30.325912499999998,0.021655,3,1.1890062359761096e-13,2.7450808510830277e-11,2.99337443721015e-10,5.861977570020827e-14,-45.25305343829815,-45.26425838242716,0.011204944129005412,1.6721843751142667e-06,1.6731931823775585e-06,-1.0088072632918742e-09,0.4679369995312427,5.559675472399017e-09,1.3141228524449697e-08,-0.3555046541125998,"{""D"": 5.559675472399017e-09, ""cp"": 3307.1463966249476, ""k"": 0.4679369995312427, ""rho"": 920.4827491804094}","{""D"": 5.703661171033216e-09, ""cp"": 3415.2957746478787, ""k"": 0.482957746478872, ""rho"": 976.3999999999949}","[[2.565626646272982e-06, 7.369774064669764e-05], [8.044827498538319e-10, 6.297593818975995e-08], [1.1890062359761096e-13, 2.7450808510830277e-11]]"
262.0,bdf2,30.32923333333333,0.021656666666666668,3,1.140010972902957e-13,2.7436702147693865e-11,1.6621015674900264e-10,4.929390229335695e-14,-45.31667479525785,-45.327895726848055,0.011220931590202099,1.6720379535546183e-06,1.6730460409467243e-06,-1.008087392106033e-09,0.4679298528967859,5.559755716666482e-09,1.314007287835982e-08,-0.35600446049348267,"{""D"": 5.559755716666482e-09, ""cp"": 3307.094940856859, ""k"": 0.4679298528967859, ""rho"": 920.4594198848092}","{""D"": 5.703754225177934e-09, ""cp"": 3415.2957746478787, ""k"": 0.482957746478872, ""rho"": 976.3999999999949}","[[2.569385692091592e-06, 7.365474357917902e-05], [8.052498598309307e-10, 6.294103887320783e-08], [1.140010972902957e-13, 2.7436702147693865e-11]]"
262.25,bdf2,30.332554166666664,0.021658333333333335,3,1.0834787143665748e-13,2.7423989005607955e-11,1.5120349416974932e-10,8.748557434046234e-14,-45.38026802004638,-45.39150482269463,0.011236802648248556,1.6718916245007887e-06,1.6728989930604785e-06,-1.0073685596898464e-09,0.46792271001122465,5.559836274853558e-09,1.3138917966921871e-08,-0.35650404532657304,"{""D"": 5.559836274853558e-09, ""cp"": 3307.043512080818, ""k"": 0.46792271001122465, ""rho"": 920.4361055563433}","{""D"": 5.703847445182282e-09, ""cp"": 3415.2957746478787, ""k"": 0.482957746478872, ""rho"": 976.399999999995}","[[2.573123990009658e-06, 7.361179849378269e-05], [8.060067875673703e-10, 6.290618640371354e-08], [1.0834787143665748e-13, 2.7423989005607955e-11]]"
262.5,bdf2,30.335874999999998,0.02166,3,1.0269467430239046e-13,2.7411798321415997e-11,4.661160346586257e-11,1.3322676295501878e-14,-45.44383327665049,-45.45508582334179,0.011252546691302712,1.6717453878220544e-06,1.6727520385850465e-06,-1.0066507629920898e-09,0.46791557086946334,5.559917145462272e-09,1.3137763789226888e-08,-0.3570034091949097,"{""D"": 5.559917145462272e-09, ""cp"": 3306.992110260136, ""k"": 0.46791557086946334, ""rho"": 920.4128061736074}","{""D"": 5.7039408312245936e-09, ""cp"": 3415.2957746478787, ""k"": 0.482957746478872, ""rho"": 976.3999999999949}","[[2.57684191668216e-06, 7.356890536020614e-05], [8.067687960278772e-10, 6.287137607915602e-08], [1.0269467430239046e-13, 2.7411798321415997e-11]]"
262.75,bdf2,30.33919583333333,0.021661666666666666,3,9.760679627833224e-14,2.7400478400380595e-11,3.461764208623208e-10,4.440892098500626e-15,-45.507370694998166,-45.51863887984808,0.011268184849917873,1.6715992433866158e-06,1.6726051773869989e-06,-1.005934000383072e-09,0.4679084354664198,5.559998327016656e-09,1.313661034403118e-08,-0.35750255381323065,"{""D"": 5.559998327016656e-09, ""cp"": 3306.9407353582224, ""k"": 0.4679084354664198, ""rho"": 920.3895217152532}","{""D"": 5.7040343834696586e-09, ""cp"": 3415.2957746478787, ""k"": 0.48295774647887213, ""rho"": 976.3999999999951}","[[2.580539804667412e-06, 7.352606414553447e-05], [8.07510823976371e-10, 6.283661225335105e-08], [9.760679627833224e-14, 2.7400478400380595e-11]]"
263.0,bdf2,30.342516666666665,0.021663333333333333,3,1.1456520990156574e-13,2.7383237289880532e-11,1.2306600183364935e-10,4.04121180963557e-14,-45.570880439052495,-45.582164140252246,0.011283701199751306,1.6714531910643348e-06,1.6724584093332597e-06,-1.005218268924859e-09,0.4679013037970253,5.560079818069275e-09,1.313545763045391e-08,-0.358001479964783,"{""D"": 5.560079818069275e-09, ""cp"": 3306.8893873385823, ""k"": 0.4679013037970253, ""rho"": 920.3662521599882}","{""D"": 5.704128102069562e-09, ""cp"": 3415.2957746478787, ""k"": 0.48295774647887213, ""rho"": 976.3999999999951}","[[2.5842180042325807e-06, 7.348327481458888e-05], [8.082609475888267e-10, 6.280189631951969e-08], [1.1456520990156574e-13, 2.7383237289880532e-11]]"
263.25,bdf2,30.3458375,0.021665,3,1.1550705899703362e-13,2.7373658895158276e-11,7.139533408917487e-11,1.865174681370263e-14,-45.63436263020758,-45.645661750579336,0.011299120371752736,1.6713072307247177e-06,1.6723117342910874e-06,-1.0045035663696374e-09,0.4678941758562245,5.560161617191846e-09,1.3134305647373464e-08,-0.35850018913328646,"{""D"": 5.560161617191846e-09, ""cp"": 3306.8380661648166, ""k"": 0.4678941758562245, ""rho"": 920.342997486574}","{""D"": 5.704221987164185e-09, ""cp"": 3415.2957746478787, ""k"": 0.48295774647887213, ""rho"": 976.3999999999951}","[[2.587876837376609e-06, 7.34405373320164e-05], [8.090031503334313e-10, 6.276722044079356e-08], [1.1550705899703362e-13, 2.7373658895158276e-11]]"
263.5,bdf2,30.34915833333333,0.021666666666666667,3,1.1286875853091024e-13,2.7362164821491573e-11,5.525180313270539e-11,7.993605777301127e-15,-45.697817423892175,-45.709131854005136,0.01131443011296085,1.6711613622392246e-06,1.6721651521281007e-06,-1.0037898888761126e-09,0.4678870516389758,5.560243722982994e-09,1.3133154393747516e-08,-0.3589986820700816,"{""D"": 5.560243722982994e-09, ""cp"": 3306.786771800626, ""k"": 0.4678870516389758, ""rho"": 920.3197576738294}","{""D"": 5.704316038881855e-09, ""cp"": 3415.2957746478787, ""k"": 0.482957746478872, ""rho"": 976.399999999995}","[[2.591516644937938e-06, 7.339785165845851e-05], [8.097613627168702e-10, 6.273258914514103e-08], [1.1286875853091024e-13, 2.7362164821491573e-11]]"
263.75,bdf2,30.352479166666665,0.021668333333333335,3,1.0947675871887592e-13,2.7349103374143052e-11,6.519940143334679e-11,3.730349362740526e-14,-45.761244958500924,-45.7725745916278,0.01132963312687707,1.6710155854775528e-06,1.6720186627122518e-06,-1.0030772346989733e-09,0.4678799311402506,5.560326134061136e-09,1.3132003868593528e-08,-0.3594969601916521,"{""D"": 5.560326134061136e-09, ""cp"": 3306.7355042098043, ""k"": 0.4678799311402506, ""rho"": 920.296532700627}","{""D"": 5.704410257339401e-09, ""cp"": 3415.2957746478787, ""k"": 0.482957746478872, ""rho"": 976.3999999999949}","[[2.595137747777862e-06, 7.335521775542748e-05], [8.104882891543152e-10, 6.269800504485161e-08], [1.0947675871887592e-13, 2.7349103374143052e-11]]"
264.0,bdf2,30.3558,0.021670000000000002,3,9.817081414954213e-14,2.7335519468900582e-11,6.923528417246416e-11,3.108624468950438e-14,-45.8246453639066,-45.835990102146695,0.01134473824009774,1.670869900310872e-06,1.6718722659118324e-06,-1.002365600960425e-09,0.46787281435503325,5.560408849067341e-09,1.3130854070836158e-08,-0.3599950244685368,"{""D"": 5.560408849067341e-09, ""cp"": 3306.6842633562396, ""k"": 0.46787281435503325, ""rho"": 920.2733225458932}","{""D"": 5.704504642642721e-09, ""cp"": 3415.2957746478787, ""k"": 0.482957746478872, ""rho"": 976.3999999999949}","[[2.598740404196481e-06, 7.331263558043008e-05], [8.112502564349583e-10, 6.266346918484104e-08], [9.817081414954213e-14, 2.7335519468900582e-11]]"
264.25,bdf2,30.359120833333332,0.021671666666666665,3,1.1249102395908441e-13,2.7321935563658112e-11,7.08837433194276e-11,1.3322676295501878e-14,-45.888018795503854,-45.89937852194339,0.011359726439536644,1.6707243066100401e-06,1.6717259615954854e-06,-1.0016549854452646e-09,0.46786570127832217,5.560491866664718e-09,1.3129704999397415e-08,-0.3604928758993977,"{""D"": 5.560491866664718e-09, ""cp"": 3306.6330492039197, ""k"": 0.46786570127832217, ""rho"": 920.250127188611}","{""D"": 5.704599194887407e-09, ""cp"": 3415.2957746478787, ""k"": 0.482957746478872, ""rho"": 976.3999999999949}","[[2.6023249412667936e-06, 7.327010509132135e-05], [8.119948815371118e-10, 6.262897216086728e-08], [1.1249102395908441e-13, 2.7321935563658112e-11]]"
264.5,bdf2,30.362441666666665,0.021673333333333333,3,1.1814353126733183e-13,2.7312357168935853e-11,1.6711965145077556e-10,2.842170943040401e-14,-45.9513653576115,-45.96273998530194,0.011374627690436512,1.6705788042473202e-06,1.6715797496321756e-06,-1.000945384855358e-09,0.4678585919051278,5.560575185536185e-09,1.312855665330419e-08,-0.360990515700502,"{""D"": 5.560575185536185e-09, ""cp"": 3306.58186171692, ""k"": 0.4678585919051278, ""rho"": 920.2269466078147}","{""D"": 5.704693914158704e-09, ""cp"": 3415.2957746478787, ""k"": 0.482957746478872, ""rho"": 976.3999999999949}","[[2.6058916583595904e-06, 7.322762624369238e-05], [8.12734600763813e-10, 6.259452041657762e-08], [1.1814353126733183e-13, 2.7312357168935853e-11]]"
264.75,bdf2,30.3657625,0.021675,3,1.0627237273655266e-13,2.729877326369338e-11,1.1448264558566734e-10,2.4424906541753444e-14,-46.01468519709205,-46.02607462437334,0.011389427281287112,1.670433393094931e-06,1.6714336298912185e-06,-1.0002367962874993e-09,0.46785148623047423,5.560658804384996e-09,1.312740903155452e-08,-0.3614879447749462,"{""D"": 5.560658804384996e-09, ""cp"": 3306.530700859415, ""k"": 0.46785148623047423, ""rho"": 920.203780782595}","{""D"": 5.7047888005324886e-09, ""cp"": 3415.2957746478787, ""k"": 0.482957746478872, ""rho"": 976.3999999999949}","[[2.6094408239406423e-06, 7.318519899121857e-05], [8.134935327124185e-10, 6.256011308120896e-08], [1.0627237273655266e-13, 2.729877326369338e-11]]"
265.0,bdf2,30.369083333333332,0.021676666666666667,3,9.440127584497148e-14,2.728658257950142e-11,1.3289991329656914e-10,3.1530333899354446e-14,-46.07797843526545,-46.08938256932902,0.011404134063567994,1.6702880730237787e-06,1.6712876022422573e-06,-9.99529218478551e-10,0.46784438424939856,5.560742721933077e-09,1.312626213306495e-08,-0.3619851643342866,"{""D"": 5.560742721933077e-09, ""cp"": 3306.47956659567, ""k"": 0.46784438424939856, ""rho"": 920.1806296920945}","{""D"": 5.704883854075248e-09, ""cp"": 3415.2957746478787, ""k"": 0.482957746478872, ""rho"": 976.3999999999949}","[[2.6129727349250068e-06, 7.314282328705288e-05], [8.142191064680683e-10, 6.252575137382972e-08], [9.440127584497148e-14, 2.728658257950142e-11]]"
265.25,bdf2,30.372404166666666,0.021678333333333334,3,9.02556742115686e-14,2.7274566047940764e-11,1.830358087318018e-10,2.842170943040401e-14,-46.1412452189725,-46.15266394805815,0.011418729085647783,1.6701428439082959e-06,1.671141666555268e-06,-9.988226469720608e-10,0.4678372859569504,5.560826936924086e-09,1.312511595683453e-08,-0.36248217508453406,"{""D"": 5.560826936924086e-09, ""cp"": 3306.428458890043, ""k"": 0.4678372859569504, ""rho"": 920.1574933155096}","{""D"": 5.704979074844553e-09, ""cp"": 3415.2957746478787, ""k"": 0.482957746478872, ""rho"": 976.3999999999949}","[[2.6164876311318775e-06, 7.310049908243254e-05], [8.149672845849711e-10, 6.249143320460828e-08], [9.02556742115686e-14, 2.7274566047940764e-11]]"
265.5,bdf2,30.375725,0.02168,3,9.515448021508235e-14,2.7261678753223548e-11,2.2464519133791327e-10,1.509903313490213e-14,-46.204485643981954,-46.21591888667922,0.0114332426972652,1.6699977056202296e-06,1.6709958227005696e-06,-9.981170803399312e-10,0.4678301913481929,5.560911448118416e-09,1.3123970501915033e-08,-0.362978978215674,"{""D"": 5.560911448118416e-09, ""cp"": 3306.377377706989, ""k"": 0.4678301913481929, ""rho"": 920.1343716320912}","{""D"": 5.705074462889391e-09, ""cp"": 3415.2957746478787, ""k"": 0.482957746478872, ""rho"": 976.3999999999949}","[[2.619985774046528e-06, 7.305822632754993e-05], [8.157094263349548e-10, 6.245715613540784e-08], [9.515448021508235e-14, 2.7261678753223548e-11]]"
265.75,bdf2,30.379045833333333,0.02168166666666667,3,1.1870725785485826e-13,2.7248443153243702e-11,9.595169103704393e-11,5.284661597215745e-14,-46.26769984860416,-46.27914750929136,0.011447660687203154,1.669852658031729e-06,1.670850070548801e-06,-9.974125170721142e-10,0.4678231004182015,5.560996254295695e-09,1.3122825767213603e-08,-0.36347557456643304,"{""D"": 5.560996254295695e-09, ""cp"": 3306.326323011051, ""k"": 0.4678231004182015, ""rho"": 920.1112646211416}","{""D"": 5.705170018250482e-09, ""cp"": 3415.2957746478787, ""k"": 0.482957746478872, ""rho"": 976.3999999999949}","[[2.623467447762314e-06, 7.301600497120416e-05], [8.164204713500135e-10, 6.242292660987575e-08], [1.1870725785485826e-13, 2.7248443153243702e-11]]"
266.0,bdf2,30.382366666666666,0.021683333333333332,3,1.4056409786935526e-13,2.7235555858526484e-11,5.022684490540996e-10,2.2648549702353193e-14,-46.330887962628765,-46.34234993805961,0.011461975430847815,1.6697077010190205e-06,1.6707044099709345e-06,-9.96708951914041e-10,0.46781601316206445,5.561081354253838e-09,1.31216817517231e-08,-0.36397196511701835,"{""D"": 5.561081354253838e-09, ""cp"": 3306.275294766864, ""k"": 0.46781601316206445, ""rho"": 920.0881722620162}","{""D"": 5.705265740960534e-09, ""cp"": 3415.2957746478787, ""k"": 0.482957746478872, ""rho"": 976.3999999999949}","[[2.626932852332718e-06, 7.29738349613236e-05], [8.171765430651116e-10, 6.238873696529624e-08], [1.4056409786935526e-13, 2.7235555858526484e-11]]"
266.25,bdf2,30.3856875,0.021685,3,1.2888148788695362e-13,2.7222494411177953e-11,2.2873791749589145e-10,7.638334409421077e-14,-46.39405007328645,-46.405526293764865,0.011476220478414234,1.6695628344537868e-06,1.6705588408382644e-06,-9.960063844775586e-10,0.4678089295748825,5.5611667468039755e-09,1.3120538454395052e-08,-0.36446815101818214,"{""D"": 5.5611667468039755e-09, ""cp"": 3306.224292939154, ""k"": 0.4678089295748825, ""rho"": 920.0650945341224}","{""D"": 5.705361631044748e-09, ""cp"": 3415.2957746478787, ""k"": 0.482957746478872, ""rho"": 976.3999999999949}","[[2.6303822714687065e-06, 7.293171624444338e-05], [8.179101856148988e-10, 6.23545955609956e-08], [1.2888148788695362e-13, 2.7222494411177953e-11]]"
266.5,bdf2,30.389008333333333,0.021686666666666667,3,8.780499286899665e-14,2.7210129574354677e-11,1.2823875294998288e-10,5.595524044110789e-14,-46.457186318857765,-46.46867669518855,0.011490376330783647,1.6694180582095908e-06,1.670413363022417e-06,-9.95304812826138e-10,0.4678018496517692,5.561252430776188e-09,1.311939587430756e-08,-0.36496413343671164,"{""D"": 5.561252430776188e-09, ""cp"": 3306.1733174927385, ""k"": 0.4678018496517692, ""rho"": 920.04203141692}","{""D"": 5.705457688520686e-09, ""cp"": 3415.2957746478787, ""k"": 0.482957746478872, ""rho"": 976.3999999999949}","[[2.6338159434685714e-06, 7.288964876605374e-05], [8.186434446412919e-10, 6.232049577917384e-08], [8.780499286899665e-14, 2.7210129574354677e-11]]"
266.75,bdf2,30.392329166666666,0.021688333333333334,3,1.004290509401429e-13,2.719863550068797e-11,5.2523319027386606e-11,1.6431300764452317e-14,-46.52029682910296,-46.53180125876304,0.011504429660078586,1.669273372163693e-06,1.670267976395337e-06,-9.946042316440122e-10,0.46779477338785047,5.561338405022835e-09,1.3118254010425365e-08,-0.36545991243675024,"{""D"": 5.561338405022835e-09, ""cp"": 3306.1223683925236, ""k"": 0.46779477338785047, ""rho"": 920.0189828899206}","{""D"": 5.705553913399015e-09, ""cp"": 3415.2957746478787, ""k"": 0.482957746478872, ""rho"": 976.3999999999949}","[[2.637234076857304e-06, 7.284763246990338e-05], [8.193970465982544e-10, 6.22864367490678e-08], [1.004290509401429e-13, 2.719863550068797e-11]]"
267.0,bdf2,30.39565,0.02169,3,1.0457406386851186e-13,2.7188012190177826e-11,5.10453901370056e-11,1.2745360322696797e-13,-46.58338169122535,-46.594900100076586,0.011518408851237893,1.669128776189615e-06,1.6701226808292993e-06,-9.939046396843487e-10,0.46778770077826504,5.5614246684043474e-09,1.3117112861702438e-08,-0.36595548964647495,"{""D"": 5.5614246684043474e-09, ""cp"": 3306.0714456035084, ""k"": 0.46778770077826504, ""rho"": 919.995948932688}","{""D"": 5.7056503056836665e-09, ""cp"": 3415.2957746478787, ""k"": 0.482957746478872, ""rho"": 976.3999999999949}","[[2.640636900318478e-06, 7.280566729974097e-05], [8.201157837607106e-10, 6.225242247618804e-08], [1.0457406386851186e-13, 2.7188012190177826e-11]]"
267.25,bdf2,30.398970833333333,0.021691666666666668,3,1.0815379081498013e-13,2.7174602437566662e-11,4.6202330850064754e-10,1.4210854715202004e-14,-46.646441026457374,-46.65797333270092,0.011532306243545065,1.668984270160459e-06,1.669977476196902e-06,-9.932060364429512e-10,0.467780631818164,5.5615112198003275e-09,1.3115972427200305e-08,-0.36645086573466107,"{""D"": 5.5615112198003275e-09, ""cp"": 3306.020549090781, ""k"": 0.467780631818164, ""rho"": 919.9729295248377}","{""D"": 5.705746865371833e-09, ""cp"": 3415.2957746478787, ""k"": 0.482957746478872, ""rho"": 976.399999999995}","[[2.6440246487513628e-06, 7.276375319792202e-05], [8.208250932771312e-10, 6.221845435375552e-08], [1.0815379081498013e-13, 2.7174602437566662e-11]]"
267.5,bdf2,30.402291666666667,0.021693333333333335,3,1.1267560214498436e-13,2.715962531127369e-11,1.1499423635541461e-10,2.398081733190338e-14,-46.709474973039946,-46.72102106839304,0.01154609535309703,1.6688398539538405e-06,1.6698323623710605e-06,-9.925084172200572e-10,0.46777356650271085,5.561598058107529e-09,1.3114832705840681e-08,-0.3669460413685839,"{""D"": 5.561598058107529e-09, ""cp"": 3305.969678819518, ""k"": 0.46777356650271085, ""rho"": 919.9499246460364}","{""D"": 5.705843592454642e-09, ""cp"": 3415.2957746478787, ""k"": 0.482957746478872, ""rho"": 976.3999999999949}","[[2.6473975321810755e-06, 7.272189010558296e-05], [8.21553426758915e-10, 6.218452855041246e-08], [1.1267560214498436e-13, 2.715962531127369e-11]]"
267.75,bdf2,30.4056125,0.021695,3,1.22284735604611e-13,2.7146563863925162e-11,1.4290435501607135e-10,6.217248937900877e-15,-46.77248360113152,-46.78404341768356,0.011559816552043856,1.6686955274455387e-06,1.6696873392250082e-06,-9.918117794694858e-10,0.46776650482708115,5.561685182234499e-09,1.3113693696731393e-08,-0.3674410177025428,"{""D"": 5.561685182234499e-09, ""cp"": 3305.9188347549843, ""k"": 0.46776650482708115, ""rho"": 919.9269342760012}","{""D"": 5.705940486917157e-09, ""cp"": 3415.2957746478787, ""k"": 0.482957746478872, ""rho"": 976.3999999999949}","[[2.6507557282221814e-06, 7.268007796333773e-05], [8.222825072963341e-10, 6.215064436954828e-08], [1.22284735604611e-13, 2.7146563863925162e-11]]"
268.0,bdf2,30.408933333333334,0.021696666666666666,3,8.799201835556974e-14,2.7140816827091812e-11,7.30437932361383e-11,3.019806626980426e-14,-46.835467023428045,-46.847040489569736,0.011573466141690858,1.6685512905102903e-06,1.6695424066322857e-06,-9.911161219954383e-10,0.4677594467864624,5.561772591104253e-09,1.3112555398778046e-08,-0.36793579562901646,"{""D"": 5.561772591104253e-09, ""cp"": 3305.8680168625297, ""k"": 0.4677594467864624, ""rho"": 919.9039583944991}","{""D"": 5.7060375487385234e-09, ""cp"": 3415.2957746478783, ""k"": 0.482957746478872, ""rho"": 976.3999999999947}","[[2.6540994734626437e-06, 7.263831671023289e-05], [8.230274084670991e-10, 6.211680111455245e-08], [8.799201835556974e-14, 2.7140816827091812e-11]]"
268.25,bdf2,30.412254166666667,0.021698333333333333,3,1.072105467930554e-13,2.7127232921849336e-11,6.252776074688882e-11,3.1530333899354446e-14,-46.89842536963382,-46.91001239116588,0.011587021532058372,1.6684071430267797e-06,1.6693975644667741e-06,-9.904214399943907e-10,0.4677523923760555,5.561860283657768e-09,1.3111417811062067e-08,-0.3684303758389665,"{""D"": 5.561860283657768e-09, ""cp"": 3305.8172251075994, ""k"": 0.4677523923760555, ""rho"": 919.8809969813506}","{""D"": 5.706134777892145e-09, ""cp"": 3415.2957746478787, ""k"": 0.482957746478872, ""rho"": 976.3999999999949}","[[2.657428969253558e-06, 7.259660628496668e-05], [8.237398948243979e-10, 6.208300122356182e-08], [1.072105467930554e-13, 2.7127232921849336e-11]]"
268.5,bdf2,30.415575,0.0217,3,1.0928286755356553e-13,2.7109991811349273e-11,5.5706550483591855e-11,4.707345624410664e-14,-46.9613587269,-46.97295922841391,0.011600501513910899,1.6682630848677024e-06,1.6692528126026552e-06,-9.897277349528859e-10,0.4677453415910725,5.5619482588471595e-09,1.3110280932583896e-08,-0.3689247591016305,"{""D"": 5.5619482588471595e-09, ""cp"": 3305.7664594557223, ""k"": 0.4677453415910725, ""rho"": 919.8580500164248}","{""D"": 5.70623217434632e-09, ""cp"": 3415.2957746478787, ""k"": 0.482957746478872, ""rho"": 976.3999999999949}","[[2.6607443935798277e-06, 7.255494662536667e-05], [8.244674481528835e-10, 6.204925061776585e-08], [1.0928286755356553e-13, 2.7109991811349273e-11]]"
268.75,bdf2,30.418895833333334,0.021701666666666668,3,1.1644246926067873e-13,2.7099194348207827e-11,2.34194885706529e-10,9.769962616701378e-15,-47.024267190878554,-47.035881105651356,0.011613914772802048,1.6681191159136366e-06,1.6691081509144218e-06,-9.890350007852039e-10,0.46773829442673787,5.562036515639799e-09,1.3109144762363772e-08,-0.3694189463271938,"{""D"": 5.562036515639799e-09, ""cp"": 3305.7157198725126, ""k"": 0.46773829442673787, ""rho"": 919.8351174796408}","{""D"": 5.7063297380639384e-09, ""cp"": 3415.2957746478783, ""k"": 0.482957746478872, ""rho"": 976.3999999999947}","[[2.66404596323857e-06, 7.25133376683896e-05], [8.251846318747e-10, 6.20155346683435e-08], [1.1644246926067873e-13, 2.7099194348207827e-11]]"
269.0,bdf2,30.422216666666667,0.021703333333333335,3,9.854247400318869e-14,2.7090486716642147e-11,3.83124643121846e-11,7.105427357601002e-15,-47.08715089124664,-47.09877812606038,0.01162723481374428,1.6679752360398994e-06,1.6689635792768804e-06,-9.883432369810074e-10,0.4677312508782878,5.56212505301406e-09,1.3108009299376869e-08,-0.3699129384874635,"{""D"": 5.56212505301406e-09, ""cp"": 3305.6650063236725, ""k"": 0.4677312508782878, ""rho"": 919.8121993509676}","{""D"": 5.7064274690029994e-09, ""cp"": 3415.2957746478783, ""k"": 0.482957746478872, ""rho"": 976.3999999999946}","[[2.6673338539495258e-06, 7.247177935046976e-05], [8.258984175329975e-10, 6.198186452106322e-08], [9.854247400318869e-14, 2.7090486716642147e-11]]"
269.25,bdf2,30.4255375,0.021705,3,1.0532523099644174e-13,2.7073593911404717e-11,6.696154741803184e-11,3.2862601528904634e-14,-47.15000989811398,-47.16165039113349,0.011640493019513087,1.6678314451252094e-06,1.6688190975651626e-06,-9.876524399531118e-10,0.4677242109409715,5.56221386996442e-09,1.3106874542717682e-08,-0.3704067360950453,"{""D"": 5.56221386996442e-09, ""cp"": 3305.6143187749944, ""k"": 0.4677242109409715, ""rho"": 919.789295610426}","{""D"": 5.706525367116603e-09, ""cp"": 3415.295774647878, ""k"": 0.4829577464788719, ""rho"": 976.3999999999946}","[[2.670608229937184e-06, 7.243027160629989e-05], [8.266197333583631e-10, 6.194823617041444e-08], [1.0532523099644174e-13, 2.7073593911404717e-11]]"
269.5,bdf2,30.428858333333334,0.021706666666666666,3,1.0268711513317765e-13,2.7062273990369326e-11,1.5552359400317073e-10,1.509903313490213e-14,-47.2128443411401,-47.22449800096342,0.011653659823323892,1.667687743046059e-06,1.6686747056546881e-06,-9.869626086291735e-10,0.4677171746100487,5.5623029654985955e-09,1.3105740491299503e-08,-0.3709003398601985,"{""D"": 5.5623029654985955e-09, ""cp"": 3305.5636571923505, ""k"": 0.4677171746100487, ""rho"": 919.7664062380834}","{""D"": 5.706623432353346e-09, ""cp"": 3415.295774647878, ""k"": 0.4829577464788719, ""rho"": 976.3999999999946}","[[2.673869302528178e-06, 7.238881437126937e-05], [8.273563043800229e-10, 6.191465135792349e-08], [1.0268711513317765e-13, 2.7062273990369326e-11]]"
269.75,bdf2,30.432179166666668,0.021708333333333333,3,1.0004901305645941e-13,2.7051998985121813e-11,1.268745108973235e-10,5.950795411990839e-14,-47.275654281910946,-47.2873210549281,0.011666773017154242,1.6675441296811718e-06,1.6685304034211944e-06,-9.862737400225542e-10,0.46771014188079174,5.562392338631247e-09,1.310460714419679e-08,-0.3713937510570868,"{""D"": 5.562392338631247e-09, ""cp"": 3305.5130215417003, ""k"": 0.46771014188079174, ""rho"": 919.7435312140578}","{""D"": 5.706721664657468e-09, ""cp"": 3415.295774647878, ""k"": 0.4829577464788719, ""rho"": 976.3999999999946}","[[2.6771171944914355e-06, 7.23474075788519e-05], [8.280715777324969e-10, 6.188110712299562e-08], [1.0004901305645941e-13, 2.7051998985121813e-11]]"
270.0,bdf2,30.435499999999998,0.02171,3,9.8164587654271e-14,2.703562863777832e-11,1.8485479813534766e-10,2.4868995751603507e-14,-47.33843985857676,-47.350119650458566,0.01167979188180368,1.6674006049093805e-06,1.6683861907407344e-06,-9.85585831353927e-10,0.4677031127484852,5.562481988395449e-09,1.3103474500442918e-08,-0.37188697008371424,"{""D"": 5.562481988395449e-09, ""cp"": 3305.4624117890935, ""k"": 0.4677031127484852, ""rho"": 919.7206705185175}","{""D"": 5.706820063968749e-09, ""cp"": 3415.295774647878, ""k"": 0.4829577464788719, ""rho"": 976.3999999999946}","[[2.6803521493688906e-06, 7.230605116286945e-05], [8.28778742690676e-10, 6.184761025758346e-08], [9.8164587654271e-14, 2.703562863777832e-11]]"
270.25,bdf2,30.43882083333333,0.021711666666666667,3,1.2887600328667033e-13,2.7022915495692412e-11,1.3915268937125802e-10,2.7533531010703882e-14,-47.40120113270806,-47.412893883875995,0.011692751167935,1.6672571686096977e-06,1.6682420674896577e-06,-9.848988799600089e-10,0.4676960872084248,5.562571913834932e-09,1.3102342559046229e-08,-0.3723799977419613,"{""D"": 5.562571913834932e-09, ""cp"": 3305.411827900659, ""k"": 0.4676960872084248, ""rho"": 919.6978241316785}","{""D"": 5.706918630222744e-09, ""cp"": 3415.2957746478783, ""k"": 0.482957746478872, ""rho"": 976.3999999999946}","[[2.6835742767367424e-06, 7.226474505540254e-05], [8.294843938558519e-10, 6.181415083498703e-08], [1.2887600328667033e-13, 2.7022915495692412e-11]]"
270.5,bdf2,30.442141666666664,0.021713333333333334,3,1.0438174551522184e-13,2.701420786412673e-11,1.4983925211708993e-10,3.197442310920451e-14,-47.463938208407036,-47.47564385063612,0.011705642229081548,1.6671138206597652e-06,1.6680980335446093e-06,-9.842128848440535e-10,0.4676890652559179,5.562662114001625e-09,1.3101211319062722e-08,-0.37287283489098544,"{""D"": 5.562662114001625e-09, ""cp"": 3305.3612698426086, ""k"": 0.4676890652559179, ""rho"": 919.6749920338042}","{""D"": 5.70701736335137e-09, ""cp"": 3415.295774647878, ""k"": 0.4829577464788719, ""rho"": 976.3999999999946}","[[2.6867837709564184e-06, 7.222348918853165e-05], [8.301960678319355e-10, 6.178073286071688e-08], [1.0438174551522184e-13, 2.701420786412673e-11]]"
270.75,bdf2,30.445462499999998,0.021715,3,1.1493265962561194e-13,2.7002713790460016e-11,4.721414370578714e-10,1.199040866595169e-14,-47.52665119827486,-47.538369644398415,0.01171844612355244,1.6669705609393278e-06,1.6679540887825602e-06,-9.835278432324515e-10,0.4676820468862841,5.562752587964592e-09,1.31000807796099e-08,-0.37336548204736547,"{""D"": 5.562752587964592e-09, ""cp"": 3305.310737581246, ""k"": 0.4676820468862841, ""rho"": 919.6521742052096}","{""D"": 5.7071162632826314e-09, ""cp"": 3415.2957746478783, ""k"": 0.482957746478872, ""rho"": 976.3999999999946}","[[2.689980778907108e-06, 7.218228349416303e-05], [8.309156487158508e-10, 6.174735668307822e-08], [1.1493265962561194e-13, 2.7002713790460016e-11]]"
271.0,bdf2,30.44878333333333,0.021716666666666665,3,9.98592549157306e-14,2.6990871411530676e-11,2.4726887204451486e-10,8.43769498715119e-15,-47.589340155352595,-47.60107135818288,0.011731202830283394,1.6668273893293122e-06,1.667810233080768e-06,-9.828437514558563e-10,0.4676750320948545,5.562843334799006e-09,1.3098950939568492e-08,-0.3738579402491545,"{""D"": 5.562843334799006e-09, ""cp"": 3305.2602310829525, ""k"": 0.4676750320948545, ""rho"": 919.6293706262563}","{""D"": 5.707215329940876e-09, ""cp"": 3415.2957746478783, ""k"": 0.482957746478872, ""rho"": 976.3999999999946}","[[2.693165458959382e-06, 7.214112790246154e-05], [8.316295706614842e-10, 6.171402561097108e-08], [9.98592549157306e-14, 2.6990871411530676e-11]]"
271.25,bdf2,30.452104166666665,0.021718333333333333,3,1.1775823771026143e-13,2.6976590895762948e-11,1.23463905765675e-10,2.4424906541753444e-14,-47.652005209240336,-47.66374908337099,0.011743874130651477,1.6666843057083146e-06,1.667666466316799e-06,-9.821606084844875e-10,0.4676680208769717,5.562934353595647e-09,1.3097821798038608e-08,-0.3743502098155304,"{""D"": 5.562934353595647e-09, ""cp"": 3305.209750314196, ""k"": 0.4676680208769717, ""rho"": 919.6065812773545}","{""D"": 5.707314563247025e-09, ""cp"": 3415.2957746478783, ""k"": 0.482957746478872, ""rho"": 976.3999999999946}","[[2.696337963076239e-06, 7.210002234446275e-05], [8.323453702450796e-10, 6.168073372320597e-08], [1.1775823771026143e-13, 2.6976590895762948e-11]]"
271.5,bdf2,30.455424999999998,0.02172,3,1.154969676652686e-13,2.696509682209624e-11,3.7061909097246826e-11,1.554312234475219e-14,-47.714646421471826,-47.726402910600996,0.011756489129169267,1.6665413099564064e-06,1.6675227883685089e-06,-9.81478412102507e-10,0.4676610132279895,5.563025643452372e-09,1.3096693354034063e-08,-0.37484229192035956,"{""D"": 5.563025643452372e-09, ""cp"": 3305.159295241524, ""k"": 0.4676610132279895, ""rho"": 919.5838061389614}","{""D"": 5.707413963118278e-09, ""cp"": 3415.2957746478783, ""k"": 0.482957746478872, ""rho"": 976.3999999999946}","[[2.6994984677124214e-06, 7.205896674928649e-05], [8.330376117439211e-10, 6.164748189054608e-08], [1.154969676652686e-13, 2.696509682209624e-11]]"
271.75,bdf2,30.45874583333333,0.021721666666666667,3,1.1342412163734676e-13,2.6955170122111355e-11,1.1789325071731582e-10,1.0658141036401503e-14,-47.77726389610943,-47.78903292923502,0.011769033125588635,1.66639840195506e-06,1.6673791991140589e-06,-9.807971589988628e-10,0.4676540091432736,5.5631172034792565e-09,1.3095565606685301e-08,-0.375334186930692,"{""D"": 5.5631172034792565e-09, ""cp"": 3305.1088658315693, ""k"": 0.4676540091432736, ""rho"": 919.5610451915827}","{""D"": 5.707513529469018e-09, ""cp"": 3415.2957746478783, ""k"": 0.482957746478872, ""rho"": 976.3999999999946}","[[2.7026470794201567e-06, 7.201796104622681e-05], [8.337494417373073e-10, 6.161427533757033e-08], [1.1342412163734676e-13, 2.6955170122111355e-11]]"
272.0,bdf2,30.462066666666665,0.021723333333333334,3,1.0890193498803431e-13,2.6942108674762825e-11,5.974243322270922e-11,2.042810365310288e-14,-47.839857711686754,-47.851639227516785,0.011781515830030287,1.6662555815843144e-06,1.6672356984319118e-06,-9.801168475974386e-10,0.4676470086182012,5.5632090327969895e-09,1.309443855496451e-08,-0.37582589565557206,"{""D"": 5.5632090327969895e-09, ""cp"": 3305.058462051048, ""k"": 0.4676470086182012, ""rho"": 919.5382984157726}","{""D"": 5.707613262210314e-09, ""cp"": 3415.2957746478783, ""k"": 0.482957746478872, ""rho"": 976.3999999999946}","[[2.7057839722016268e-06, 7.197700516422946e-05], [8.34457120201207e-10, 6.158110762063137e-08], [1.0890193498803431e-13, 2.6942108674762825e-11]]"
272.25,bdf2,30.4653875,0.021725,3,1.1417715185867564e-13,2.6929221380045606e-11,1.0220446711173281e-10,1.1546319456101628e-14,-47.90242796374366,-47.91422189251762,0.011793928773954576,1.6661128487253137e-06,1.6670922862008172e-06,-9.794374755034603e-10,0.4676400116481605,5.563301130537477e-09,1.3093312197942634e-08,-0.3763174187954123,"{""D"": 5.563301130537477e-09, ""cp"": 3305.008083866756, ""k"": 0.4676400116481605, ""rho"": 919.5155657921307}","{""D"": 5.7077131612501e-09, ""cp"": 3415.2957746478783, ""k"": 0.482957746478872, ""rho"": 976.3999999999946}","[[2.708909288027291e-06, 7.193609903136935e-05], [8.351627196948626e-10, 6.154798396430812e-08], [1.1417715185867564e-13, 2.6929221380045606e-11]]"
272.5,bdf2,30.468708333333332,0.021726666666666665,3,1.1888710787584925e-13,2.6915289169540512e-11,2.814886101987213e-10,3.375077994860476e-14,-47.96497473079912,-47.97678101047751,0.011806279678388876,1.6659702032601166e-06,1.666948962299823e-06,-9.787590397063611e-10,0.4676330182285514,5.563393495840541e-09,1.309218653466221e-08,-0.3768087568092646,"{""D"": 5.563393495840541e-09, ""cp"": 3304.95773124557, ""k"": 0.4676330182285514, ""rho"": 919.492847301305}","{""D"": 5.707813226493755e-09, ""cp"": 3415.2957746478783, ""k"": 0.482957746478872, ""rho"": 976.3999999999946}","[[2.71202315435843e-06, 7.189524257537319e-05], [8.35858703812869e-10, 6.15149003630901e-08], [1.1888710787584925e-13, 2.6915289169540512e-11]]"
272.75,bdf2,30.472029166666665,0.021728333333333332,3,1.0211828440689573e-13,2.690518831692431e-11,1.0822986951097846e-10,7.993605777301127e-15,-48.02749810837796,-48.03931666650243,0.011818558124467415,1.6658276450694097e-06,1.6668057266082733e-06,-9.780815388635939e-10,0.46762602835478484,5.563486127856885e-09,1.3091061564164586e-08,-0.3772999107525605,"{""D"": 5.563486127856885e-09, ""cp"": 3304.9074041544513, ""k"": 0.46762602835478484, ""rho"": 919.4701429239904}","{""D"": 5.7079134578436205e-09, ""cp"": 3415.2957746478783, ""k"": 0.482957746478872, ""rho"": 976.3999999999946}","[[2.715125689799752e-06, 7.185443572379347e-05], [8.365985811101326e-10, 6.148185733943513e-08], [1.0211828440689573e-13, 2.690518831692431e-11]]"
273.0,bdf2,30.47535,0.02173,3,1.2849535165655413e-13,2.6893171785363665e-11,1.9474555301712826e-10,2.7533531010703882e-14,-48.08999816647826,-48.101828944768954,0.0118307782906939,1.6656851740350631e-06,1.666662579005804e-06,-9.774049707408974e-10,0.46761904202228344,5.563579025746023e-09,1.3089937285537726e-08,-0.37779088100674496,"{""D"": 5.563579025746023e-09, ""cp"": 3304.8571025604406, ""k"": 0.46761904202228344, ""rho"": 919.4474526409286}","{""D"": 5.7080138551994845e-09, ""cp"": 3415.2957746478783, ""k"": 0.482957746478872, ""rho"": 976.3999999999946}","[[2.7182170741875725e-06, 7.181367840313777e-05], [8.37260450216085e-10, 6.144885471919067e-08], [1.2849535165655413e-13, 2.6893171785363665e-11]]"
273.25,bdf2,30.478670833333332,0.021731666666666666,3,1.2265431997139713e-13,2.6878020506439375e-11,9.15179043659009e-11,8.171241461241152e-14,-48.15247498359786,-48.16431792838074,0.011842944782877396,1.6655427900405623e-06,1.6665195193723413e-06,-9.767293317790392e-10,0.4676120592264804,5.563672188677773e-09,1.3088813697789756e-08,-0.3782816683800639,"{""D"": 5.563672188677773e-09, ""cp"": 3304.806826430659, ""k"": 0.4676120592264804, ""rho"": 919.424776432908}","{""D"": 5.7081144184586055e-09, ""cp"": 3415.295774647878, ""k"": 0.4829577464788719, ""rho"": 976.3999999999946}","[[2.721297395224469e-06, 7.1772970540262e-05], [8.379750676810627e-10, 6.141589598540928e-08], [1.2265431997139713e-13, 2.6878020506439375e-11]]"
273.5,bdf2,30.481991666666666,0.021733333333333334,3,1.0984220225924728e-13,2.6869312874873685e-11,1.0504663805477321e-10,3.019806626980426e-14,-48.21492865523977,-48.22678369942537,0.011855044185601571,1.6654004929660682e-06,1.6663765475881003e-06,-9.760546220320176e-10,0.4676050799628205,5.563765615831599e-09,1.3087690800016757e-08,-0.3787722734497142,"{""D"": 5.563765615831599e-09, ""cp"": 3304.756575732308, ""k"": 0.4676050799628205, ""rho"": 919.4021142807627}","{""D"": 5.708215147515513e-09, ""cp"": 3415.295774647878, ""k"": 0.4829577464788719, ""rho"": 976.3999999999946}","[[2.724366828786992e-06, 7.173231206115126e-05], [8.386753596222779e-10, 6.138297330122258e-08], [1.0984220225924728e-13, 2.6869312874873685e-11]]"
273.75,bdf2,30.4853125,0.021735,3,1.2340728334529034e-13,2.6855206511737273e-11,2.1304913389030844e-10,3.375077994860476e-14,-48.27735925988734,-48.2892263390724,0.011867079185059026,1.6652582826960864e-06,1.6662336635335878e-06,-9.753808375014137e-10,0.46759810422675974,5.563859306395799e-09,1.3086568591316378e-08,-0.3792626966642276,"{""D"": 5.563859306395799e-09, ""cp"": 3304.7063504326698, ""k"": 0.46759810422675974, ""rho"": 919.3794661653741}","{""D"": 5.708316042262748e-09, ""cp"": 3415.295774647878, ""k"": 0.4829577464788719, ""rho"": 976.3999999999946}","[[2.7274254448646994e-06, 7.169170289144243e-05], [8.393805437821951e-10, 6.13500941551937e-08], [1.2340728334529034e-13, 2.6855206511737273e-11]]"
274.0,bdf2,30.488633333333333,0.021736666666666668,3,1.1794312728563919e-13,2.6845279811752393e-11,3.0036062526050955e-10,2.7533531010703882e-14,-48.33976686751127,-48.35164592774248,0.011879060231208882,1.6651161591134103e-06,1.666090867089594e-06,-9.747079761837827e-10,0.46759113201376445,5.563953259565786e-09,1.3085447070610084e-08,-0.37975293908643937,"{""D"": 5.563953259565786e-09, ""cp"": 3304.656150499104, ""k"": 0.46759113201376445, ""rho"": 919.3568320676684}","{""D"": 5.708417102590384e-09, ""cp"": 3415.295774647878, ""k"": 0.4829577464788719, ""rho"": 976.3999999999945}","[[2.7304734050122044e-06, 7.165114295694642e-05], [8.400730982209078e-10, 6.131725401935424e-08], [1.1794312728563919e-13, 2.6845279811752393e-11]]"
274.25,bdf2,30.491954166666666,0.02173833333333333,3,1.2227616662489374e-13,2.683030268545941e-11,6.843947630841285e-11,2.7533531010703882e-14,-48.40215156508726,-48.41404254471229,0.011890979625029274,1.6649741221018622e-06,1.6659481581372062e-06,-9.740360353440553e-10,0.4675841633193131,5.564047474547965e-09,1.3084326237140578e-08,-0.3802430009552713,"{""D"": 5.564047474547965e-09, ""cp"": 3304.605975899054, ""k"": 0.4675841633193131, ""rho"": 919.3342119686197}","{""D"": 5.7085183283864286e-09, ""cp"": 3415.295774647878, ""k"": 0.4829577464788719, ""rho"": 976.3999999999945}","[[2.733510827825724e-06, 7.161063218208103e-05], [8.407581100343968e-10, 6.12844579441305e-08], [1.2227616662489374e-13, 2.683030268545941e-11]]"
274.5,bdf2,30.495275,0.02174,3,1.1266709935495138e-13,2.6819679374949265e-11,2.1600499167107046e-11,3.3306690738754696e-14,-48.46451343107806,-48.476416268397315,0.0119028373192549,1.664832171543858e-06,1.6658055365577862e-06,-9.73365013928099e-10,0.4675771981388941,5.564141950556897e-09,1.3083206089864594e-08,-0.38073288306455416,"{""D"": 5.564141950556897e-09, ""cp"": 3304.555826600038, ""k"": 0.4675771981388941, ""rho"": 919.3116058492458}","{""D"": 5.708619719536684e-09, ""cp"": 3415.295774647878, ""k"": 0.4829577464788719, ""rho"": 976.3999999999946}","[[2.7365377998710616e-06, 7.157017049178647e-05], [8.414862606410615e-10, 6.125169913756986e-08], [1.1266709935495138e-13, 2.6819679374949265e-11]]"
274.75,bdf2,30.498595833333333,0.021741666666666666,3,1.3131898503322595e-13,2.6805398859181534e-11,7.912603905424476e-11,6.039613253960852e-14,-48.526852535434315,-48.538767176330566,0.011914640896250717,1.6646903073229006e-06,1.6656630022329864e-06,-9.72694910085782e-10,0.46757023646800766,5.564236686815664e-09,1.3082086627915811e-08,-0.38122258583971314,"{""D"": 5.564236686815664e-09, ""cp"": 3304.505702569655, ""k"": 0.46757023646800766, ""rho"": 919.2890136906112}","{""D"": 5.708721275925088e-09, ""cp"": 3415.2957746478783, ""k"": 0.482957746478872, ""rho"": 976.3999999999946}","[[2.7395544975824978e-06, 7.152975781048049e-05], [8.421567524763758e-10, 6.121898491408281e-08], [1.3131898503322595e-13, 2.6805398859181534e-11]]"
275.0,bdf2,30.501916666666666,0.021743333333333333,3,1.2076791747343187e-13,2.6794949701302703e-11,1.5802470443304628e-10,2.1760371282653068e-14,-48.589168965110794,-48.60109534536008,0.011926380249285273,1.6645485293253272e-06,1.6655205550447383e-06,-9.720257194110507e-10,0.46756327830216404,5.564331682553851e-09,1.3080967850308774e-08,-0.3817121102296245,"{""D"": 5.564331682553851e-09, ""cp"": 3304.455603775581, ""k"": 0.46756327830216404, ""rho"": 919.2664354738248}","{""D"": 5.708822997433649e-09, ""cp"": 3415.2957746478783, ""k"": 0.482957746478872, ""rho"": 976.3999999999946}","[[2.742560987552269e-06, 7.148939406205841e-05], [8.428506003764316e-10, 6.11863086558694e-08], [1.2076791747343187e-13, 2.6794949701302703e-11]]"
275.25,bdf2,30.5052375,0.021745,3,1.2378206531695243e-13,2.6785371306580453e-11,2.3089796741260216e-10,5.728750807065808e-14,-48.65146277303445,-48.663400851302185,0.011938078267732521,1.6644068374342355e-06,1.6653781948752612e-06,-9.713574410257437e-10,0.46755632363688493,5.564426937010964e-09,1.3079849756166538e-08,-0.3822014564673987,"{""D"": 5.564426937010964e-09, ""cp"": 3304.4055301855715, ""k"": 0.46755632363688493, ""rho"": 919.2438711800419}","{""D"": 5.708924883942568e-09, ""cp"": 3415.2957746478783, ""k"": 0.482957746478872, ""rho"": 976.3999999999946}","[[2.7455573825310323e-06, 7.144907917006722e-05], [8.435499056790898e-10, 6.115366984047175e-08], [1.2378206531695243e-13, 2.6785371306580453e-11]]"
275.5,bdf2,30.508558333333333,0.021746666666666668,3,9.872393287033671e-14,2.677405138554506e-11,1.6007106751203537e-10,2.886579864025407e-14,-48.71373405465203,-48.725683769238515,0.011949714586485527,1.6642652315333248e-06,1.6652359216070515e-06,-9.706900737266507e-10,0.4675493724677027,5.564522449433495e-09,1.3078732344544392e-08,-0.3826906255045566,"{""D"": 5.564522449433495e-09, ""cp"": 3304.3554817674594, ""k"": 0.4675493724677027, ""rho"": 919.2213207904615}","{""D"": 5.7090269353300564e-09, ""cp"": 3415.2957746478783, ""k"": 0.482957746478872, ""rho"": 976.3999999999946}","[[2.7485438335141305e-06, 7.140881305892466e-05], [8.442420452431647e-10, 6.11210717767898e-08], [9.872393287033671e-14, 2.677405138554506e-11]]"
275.75,bdf2,30.511879166666667,0.021748333333333335,3,1.1021630108856313e-13,2.676098993819652e-11,3.0831870390102267e-10,1.3322676295501878e-14,-48.7759828883927,-48.78794417322325,0.01196128483055503,1.664123711508564e-06,1.6650937351228918e-06,-9.700236143276573e-10,0.4675424247901605,5.564618219077802e-09,1.3077615614447604e-08,-0.38317961749373125,"{""D"": 5.564618219077802e-09, ""cp"": 3304.3054584891556, ""k"": 0.4675424247901605, ""rho"": 919.1987842863293}","{""D"": 5.709129151472776e-09, ""cp"": 3415.2957746478783, ""k"": 0.482957746478872, ""rho"": 976.3999999999946}","[[2.7515204151918956e-06, 7.136859565078451e-05], [8.4492475828269e-10, 6.108851411651831e-08], [1.1021630108856313e-13, 2.676098993819652e-11]]"
276.0,bdf2,30.5152,0.02175,3,1.0870877009100117e-13,2.6750366627686387e-11,1.36196831590496e-10,4.1300296516055823e-14,-48.83820932716459,-48.85018213660288,0.01197280943829071,1.6639822772456767e-06,1.6649516353058377e-06,-9.693580601610331e-10,0.4675354805998121,5.56471424520698e-09,1.3076499565098986e-08,-0.3836684333970097,"{""D"": 5.56471424520698e-09, ""cp"": 3304.2554603186472, ""k"": 0.4675354805998121, ""rho"": 919.1762616489341}","{""D"": 5.709231532245525e-09, ""cp"": 3415.2957746478783, ""k"": 0.482957746478872, ""rho"": 976.3999999999946}","[[2.7544872453980177e-06, 7.132842686936796e-05], [8.456229141282657e-10, 6.105599947194678e-08], [1.0870877009100117e-13, 2.6750366627686387e-11]]"
276.25,bdf2,30.518520833333334,0.021751666666666666,3,1.0852006734590068e-13,2.673695687507523e-11,1.4290435501607135e-10,1.9984014443252818e-14,-48.90041344938446,-48.91239773221088,0.01198428282641828,1.6638409286296026e-06,1.6648096220392226e-06,-9.686934096199568e-10,0.46752853989222176,5.564810527089127e-09,1.3075384195550005e-08,-0.3841570735933502,"{""D"": 5.564810527089127e-09, ""cp"": 3304.205487223997, ""k"": 0.46752853989222176, ""rho"": 919.153752859609}","{""D"": 5.7093340775219374e-09, ""cp"": 3415.2957746478783, ""k"": 0.482957746478872, ""rho"": 976.3999999999946}","[[2.757444402965629e-06, 7.128830663682872e-05], [8.463122086807786e-10, 6.102352401171728e-08], [1.0852006734590068e-13, 2.673695687507523e-11]]"
276.5,bdf2,30.521841666666667,0.021753333333333333,3,1.2905562651352298e-13,2.6725288648777208e-11,2.1736923372372985e-10,2.4868995751603507e-14,-48.96259533346233,-48.97459103168842,0.01199569822608737,1.6636996655456078e-06,1.6646676952066648e-06,-9.680296610569492e-10,0.46752160266296505,5.564907064003666e-09,1.3074269504806758e-08,-0.3846455384158247,"{""D"": 5.564907064003666e-09, ""cp"": 3304.155539173348, ""k"": 0.46752160266296505, ""rho"": 919.1312578997331}","{""D"": 5.709436787174356e-09, ""cp"": 3415.2957746478783, ""k"": 0.482957746478872, ""rho"": 976.3999999999946}","[[2.7603920224940387e-06, 7.124823487584305e-05], [8.469960332582245e-10, 6.099108547184564e-08], [1.2905562651352298e-13, 2.6725288648777208e-11]]"
276.75,bdf2,30.5251625,0.021755,3,1.162439437295668e-13,2.6711530590903423e-11,2.0600054995156825e-10,1.7763568394002505e-14,-49.02475504079277,-49.03676210628163,0.012007065488859325,1.6635584878802272e-06,1.664525854692054e-06,-9.673668118267264e-10,0.4675146689076276,5.565003855233914e-09,1.3073155492053362e-08,-0.38513382898002246,"{""D"": 5.565003855233914e-09, ""cp"": 3304.105616134919, ""k"": 0.4675146689076276, ""rho"": 919.1087767507287}","{""D"": 5.709539661073234e-09, ""cp"": 3415.2957746478783, ""k"": 0.482957746478872, ""rho"": 976.3999999999946}","[[2.763330212581534e-06, 7.120821150926133e-05], [8.476730690948356e-10, 6.095869203750549e-08], [1.162439437295668e-13, 2.6711530590903423e-11]]"
277.0,bdf2,30.528483333333334,0.021756666666666667,3,1.3546055797144634e-13,2.6701778043549855e-11,5.155698090675287e-11,2.5757174171303632e-14,-49.08689264977303,-49.098911026007386,0.012018376234358641,1.663417395520411e-06,1.6643841003795506e-06,-9.667048591395855e-10,0.4675077386218055,5.565100900074832e-09,1.3072042156223234e-08,-0.3856219453003664,"{""D"": 5.565100900074832e-09, ""cp"": 3304.0557180769993, ""k"": 0.4675077386218055, ""rho"": 919.0863093940615}","{""D"": 5.709642699087776e-09, ""cp"": 3415.295774647878, ""k"": 0.4829577464788719, ""rho"": 976.3999999999946}","[[2.7662590407539535e-06, 7.116823645836659e-05], [8.483727068567027e-10, 6.092633012479161e-08], [1.3546055797144634e-13, 2.6701778043549855e-11]]"
277.25,bdf2,30.531804166666667,0.021758333333333334,3,1.0644645792655659e-13,2.6688716596201328e-11,1.4097167877480388e-11,2.930988785010413e-14,-49.14900823028959,-49.16103786087831,0.012029630588720863,1.6632763883516933e-06,1.6642424321535978e-06,-9.660438019045479e-10,0.4675008118011057,5.565198197821611e-09,1.307092949659157e-08,-0.3861098885060495,"{""D"": 5.565198197821611e-09, ""cp"": 3304.005844967961, ""k"": 0.4675008118011057, ""rho"": 919.0638558112423}","{""D"": 5.7097459010857924e-09, ""cp"": 3415.295774647878, ""k"": 0.4829577464788719, ""rho"": 976.3999999999945}","[[2.7691786282302986e-06, 7.112830964531259e-05], [8.490553821876457e-10, 6.089401401421979e-08], [1.0644645792655659e-13, 2.6688716596201328e-11]]"
277.5,bdf2,30.535125,0.02176,3,1.3169180135781361e-13,2.6676874217271994e-11,1.914486347232014e-10,1.3766765505351941e-14,-49.21110184371868,-49.223142679451826,0.012040835733145627,1.6631354662614536e-06,1.6641008498988988e-06,-9.653836374452013e-10,0.46749388844114514,5.565295747783216e-09,1.3069817512157999e-08,-0.386597658657597,"{""D"": 5.565295747783216e-09, ""cp"": 3303.9559967762452, ""k"": 0.46749388844114514, ""rho"": 919.0414159838238}","{""D"": 5.70984926693383e-09, ""cp"": 3415.295774647878, ""k"": 0.4829577464788719, ""rho"": 976.3999999999945}","[[2.772089064765732e-06, 7.108843099173062e-05], [8.497210952304372e-10, 6.086173743629525e-08], [1.3169180135781361e-13, 2.6676874217271994e-11]]"
277.75,bdf2,30.538445833333334,0.021761666666666665,3,1.1002546281624171e-13,2.666694751728711e-11,5.553602022700943e-11,7.194245199571014e-14,-49.27317354292701,-49.28522555002388,0.012052007096869488,1.662994629136379e-06,1.6639593535004422e-06,-9.647243640632447e-10,0.4674869685375519,5.565393549271251e-09,1.3068706202069459e-08,-0.38708525623871076,"{""D"": 5.565393549271251e-09, ""cp"": 3303.9061734703732, ""k"": 0.4674869685375519, ""rho"": 919.0189898934041}","{""D"": 5.709952796497704e-09, ""cp"": 3415.295774647878, ""k"": 0.4829577464788719, ""rho"": 976.3999999999945}","[[2.774990432766586e-06, 7.104860041907787e-05], [8.504241052603148e-10, 6.082949864949172e-08], [1.1002546281624171e-13, 2.666694751728711e-11]]"
278.0,bdf2,30.541766666666668,0.021763333333333332,3,1.2886508124308688e-13,2.6655453443620407e-11,1.0015810403274372e-10,3.2862601528904634e-14,-49.33522343179855,-49.34728653995677,0.012063108158216096,1.6628538768643098e-06,1.6638179428434817e-06,-9.640659791718394e-10,0.46748005208596377,5.565491601606203e-09,1.3067595565358124e-08,-0.3875726821855593,"{""D"": 5.565491601606203e-09, ""cp"": 3303.856375018939, ""k"": 0.46748005208596377, ""rho"": 918.9965775216237}","{""D"": 5.710056489641693e-09, ""cp"": 3415.295774647878, ""k"": 0.4829577464788719, ""rho"": 976.3999999999944}","[[2.7778828481734145e-06, 7.100881784898567e-05], [8.510841538913126e-10, 6.079729817626707e-08], [1.2886508124308688e-13, 2.6655453443620407e-11]]"
278.25,bdf2,30.5450875,0.021765,3,1.1059004718934093e-13,2.664239199627188e-11,1.2141754268668592e-10,2.6645352591003757e-14,-49.39725154618017,-49.409325716153774,0.012074169973601556,1.6627132093329584e-06,1.6636766178135438e-06,-9.634084805854287e-10,0.46747313908202937,5.565589904113038e-09,1.3066485601139344e-08,-0.3880599367972947,"{""D"": 5.565589904113038e-09, ""cp"": 3303.806601390612, ""k"": 0.46747313908202937, ""rho"": 918.9741788501669}","{""D"": 5.710160346229103e-09, ""cp"": 3415.295774647878, ""k"": 0.4829577464788719, ""rho"": 976.3999999999944}","[[2.7807663800142506e-06, 7.096908320221456e-05], [8.517715142049466e-10, 6.076513636492659e-08], [1.1059004718934093e-13, 2.664239199627188e-11]]"
278.5,bdf2,30.548408333333334,0.021766666666666667,3,1.09270951901515e-13,2.6629330548923352e-11,9.799805411603302e-11,2.708944180085382e-14,-49.459257972935475,-49.47134314446231,0.012085171526834415,1.662572626429157e-06,1.66353537829642e-06,-9.627518672630091e-10,0.4674662295214075,5.565688456126762e-09,1.3065376308533092e-08,-0.3885470203836415,"{""D"": 5.565688456126762e-09, ""cp"": 3303.7568525541337, ""k"": 0.4674662295214075, ""rho"": 918.9517938607605}","{""D"": 5.71026436612239e-09, ""cp"": 3415.295774647878, ""k"": 0.4829577464788719, ""rho"": 976.3999999999944}","[[2.783641123692118e-06, 7.092939640022169e-05], [8.524760124724119e-10, 6.073301582775971e-08], [1.09270951901515e-13, 2.6629330548923352e-11]]"
278.75,bdf2,30.551729166666668,0.021768333333333334,3,1.0550269396798802e-13,2.6617314017362713e-11,4.808953235624358e-11,7.105427357601002e-15,-49.5212427564041,-49.53333889051095,0.012096134106847956,1.6624321280420938e-06,1.6633942241781724e-06,-9.620961360786055e-10,0.46745932339976703,5.5657872569846056e-09,1.3064267686721438e-08,-0.3890339339187622,"{""D"": 5.5657872569846056e-09, ""cp"": 3303.7071284783233, ""k"": 0.46745932339976703, ""rho"": 918.9294225351742}","{""D"": 5.710368549182653e-09, ""cp"": 3415.2957746478774, ""k"": 0.4829577464788719, ""rho"": 976.3999999999942}","[[2.7865071727248723e-06, 7.088975736324518e-05], [8.53153375099927e-10, 6.07009360423086e-08], [1.0550269396798802e-13, 2.6617314017362713e-11]]"
279.0,bdf2,30.555049999999998,0.02177,3,1.4129785659698156e-13,2.6606864859483888e-11,3.9403857954312116e-10,3.730349362740526e-14,-49.583205974934,-49.59531301890365,0.012107043969649567,1.662291714059985e-06,1.6632531553451253e-06,-9.614412851403698e-10,0.46745242071278714,5.5658863060335135e-09,1.3063159734668199e-08,-0.3895206775294464,"{""D"": 5.5658863060335135e-09, ""cp"": 3303.6574291320676, ""k"": 0.46745242071278714, ""rho"": 918.9070648552201}","{""D"": 5.710472895270237e-09, ""cp"": 3415.2957746478774, ""k"": 0.4829577464788719, ""rho"": 976.3999999999942}","[[2.7893646324984797e-06, 7.085016601291629e-05], [8.537913565016711e-10, 6.066888864924687e-08], [1.4129785659698156e-13, 2.6606864859483888e-11]]"
279.25,bdf2,30.55837083333333,0.021771666666666665,3,1.1567552217687746e-13,2.6596589854236378e-11,3.979039320256561e-11,1.341149413747189e-13,-49.64514768135716,-49.6572655939957,0.012117912638544226,1.6621513843719067e-06,1.6631121716838745e-06,-9.60787311967766e-10,0.46744552145615736,5.565985602622974e-09,1.3062052451599656e-08,-0.390007252013805,"{""D"": 5.565985602622974e-09, ""cp"": 3303.607754484333, ""k"": 0.46744552145615736, ""rho"": 918.8847208027532}","{""D"": 5.710577404244601e-09, ""cp"": 3415.2957746478774, ""k"": 0.4829577464788719, ""rho"": 976.3999999999942}","[[2.7922135371838786e-06, 7.081062226912487e-05], [8.544905608019105e-10, 6.06368849684956e-08], [1.1567552217687746e-13, 2.6596589854236378e-11]]"
279.5,bdf2,30.561691666666665,0.021773333333333332,3,1.2226906188002784e-13,2.6582135185837345e-11,1.0959411156363785e-10,2.1760371282653068e-14,-49.70706795400938,-49.719196679082245,0.012128725072862778,1.6620111388644781e-06,1.6629712730812805e-06,-9.601342168024104e-10,0.46743862562557725,5.566085146112526e-09,1.3060945836577498e-08,-0.39049365764463645,"{""D"": 5.566085146112526e-09, ""cp"": 3303.5581045041563, ""k"": 0.46743862562557725, ""rho"": 918.8623903596715}","{""D"": 5.710682075964356e-09, ""cp"": 3415.2957746478774, ""k"": 0.4829577464788718, ""rho"": 976.3999999999942}","[[2.795054026076499e-06, 7.077112605228314e-05], [8.551579198208542e-10, 6.060491925301797e-08], [1.2226906188002784e-13, 2.6582135185837345e-11]]"
279.75,bdf2,30.565012499999998,0.021775,3,1.171820395088503e-13,2.6572382638483784e-11,3.1582203519064933e-10,4.3076653355456074e-14,-49.76896684571126,-49.781106337066205,0.012139491354943743,1.661870977430316e-06,1.6628304594244656e-06,-9.594819941496e-10,0.4674317332167566,5.566184935865547e-09,1.3059839888720495e-08,-0.3909798948731144,"{""D"": 5.566184935865547e-09, ""cp"": 3303.5084791606473, ""k"": 0.4674317332167566, ""rho"": 918.8400735079144}","{""D"": 5.7107869102874175e-09, ""cp"": 3415.295774647877, ""k"": 0.4829577464788718, ""rho"": 976.399999999994}","[[2.797886135229582e-06, 7.073167728349999e-05], [8.558540971979412e-10, 6.057299063205081e-08], [1.171820395088503e-13, 2.6572382638483784e-11]]"
280.0,bdf2,30.56833333333333,0.021776666666666666,3,1.29804178500837e-13,2.655949534376657e-11,5.934452929068357e-11,1.9539925233402755e-14,-49.83084440927832,-49.8429946302366,0.012150220958282887,1.661730899955967e-06,1.6626897306008227e-06,-9.588306448557326e-10,0.4674248442254154,5.566284971251315e-09,1.3058734607137046e-08,-0.3914659642809246,"{""D"": 5.566284971251315e-09, ""cp"": 3303.458878422991, ""k"": 0.4674248442254154, ""rho"": 918.8177702294649}","{""D"": 5.710891907070999e-09, ""cp"": 3415.295774647877, ""k"": 0.4829577464788718, ""rho"": 976.399999999994}","[[2.800709996023677e-06, 7.069227588214271e-05], [8.56499024802877e-10, 6.05411032852573e-08], [1.29804178500837e-13, 2.655949534376657e-11]]"
280.25,bdf2,30.571654166666665,0.021778333333333334,3,1.2829665843399886e-13,2.6549046185887746e-11,2.0691004465334117e-10,3.907985046680551e-14,-49.892700723028746,-49.90486162027565,0.01216089724690761,1.6615909063321917e-06,1.6625490864979937e-06,-9.58180165802033e-10,0.4674179586472832,5.566385251644974e-09,1.3057629990875215e-08,-0.3919518666898361,"{""D"": 5.566385251644974e-09, ""cp"": 3303.4093022604393, ""k"": 0.4674179586472832, ""rho"": 918.7954805063457}","{""D"": 5.710997066171031e-09, ""cp"": 3415.295774647877, ""k"": 0.4829577464788718, ""rho"": 976.399999999994}","[[2.8035256371631505e-06, 7.065292176949431e-05], [8.571771038064881e-10, 6.05092523363637e-08], [1.2829665843399886e-13, 2.6549046185887746e-11]]"
280.5,bdf2,30.574975,0.02178,3,1.0757296081984244e-13,2.6540338554322057e-11,1.1311840353300795e-10,4.1300296516055823e-14,-49.95453583976668,-49.96670736834119,0.012171528574512536,1.6614509964497525e-06,1.6624085270038822e-06,-9.575305541297648e-10,0.46741107647809954,5.5664857764266704e-09,1.3056526039220728e-08,-0.39243760200814826,"{""D"": 5.5664857764266704e-09, ""cp"": 3303.359750642317, ""k"": 0.46741107647809954, ""rho"": 918.7732043206212}","{""D"": 5.711102387443484e-09, ""cp"": 3415.295774647877, ""k"": 0.4829577464788718, ""rho"": 976.399999999994}","[[2.806333159506742e-06, 7.061361486457383e-05], [8.578613935923752e-10, 6.047744057181213e-08], [1.0757296081984244e-13, 2.6540338554322057e-11]]"
280.75,bdf2,30.578295833333332,0.021781666666666668,3,1.2904951155940324e-13,2.6524490664872502e-11,1.659827830735594e-11,5.3734794391857577e-14,-50.01634981229128,-50.02853193466592,0.012182122374639448,1.6613111701989926e-06,1.662268052006674e-06,-9.568818076815353e-10,0.4674041977136151,5.566586544985446e-09,1.3055422751176762e-08,-0.3929231710243285,"{""D"": 5.566586544985446e-09, ""cp"": 3303.3102235380284, ""k"": 0.4674041977136151, ""rho"": 918.7509416544012}","{""D"": 5.711207870743251e-09, ""cp"": 3415.295774647877, ""k"": 0.4829577464788718, ""rho"": 976.399999999994}","[[2.809132651666554e-06, 7.057435508779351e-05], [8.585253306332586e-10, 6.044566694668683e-08], [1.2904951155940324e-13, 2.6524490664872502e-11]]"
281.0,bdf2,30.581616666666665,0.02178333333333333,3,8.55303846003876e-14,2.65156088806755e-11,6.156142262625508e-11,2.531308496145357e-14,-50.078142710400996,-50.090335379445605,0.012192669044608806,1.661171427468085e-06,1.6621276613947887e-06,-9.562339267036191e-10,0.4673973223495891,5.5666875567107715e-09,1.305432012591711e-08,-0.393408574124198,"{""D"": 5.5666875567107715e-09, ""cp"": 3303.260720917041, ""k"": 0.4673973223495891, ""rho"": 918.7286924898328}","{""D"": 5.711313515924932e-09, ""cp"": 3415.295774647877, ""k"": 0.4829577464788718, ""rho"": 976.399999999994}","[[2.8119241609956386e-06, 7.053514235956562e-05], [8.592329686938739e-10, 6.041393111268252e-08], [8.55303846003876e-14, 2.65156088806755e-11]]"
281.25,bdf2,30.5849375,0.021785,3,1.145425714108922e-13,2.6502895738589604e-11,3.728928277269006e-11,1.1546319456101628e-14,-50.13991460388823,-50.15211776176045,0.012203157872221482,1.6610317681492687e-06,1.6619873550569148e-06,-9.555869076461013e-10,0.46739045038179106,5.566788811002783e-09,1.3053218162476635e-08,-0.3938938116807584,"{""D"": 5.566788811002783e-09, ""cp"": 3303.2112427488955, ""k"": 0.46739045038179106, ""rho"": 918.7064568091064}","{""D"": 5.711419322842392e-09, ""cp"": 3415.295774647877, ""k"": 0.4829577464788718, ""rho"": 976.399999999994}","[[2.8147078043633228e-06, 7.049597659873505e-05], [8.598786192771538e-10, 6.038223515963081e-08], [1.145425714108922e-13, 2.6502895738589604e-11]]"
281.5,bdf2,30.588258333333332,0.021786666666666666,3,1.1925204499635024e-13,2.64914016649229e-11,1.4335910236695781e-10,2.3092638912203256e-14,-50.201665520029415,-50.21387914051587,0.012213620486456023,1.6608921921338036e-06,1.6618471328819985e-06,-9.549407481948878e-10,0.4673835818060007,5.566890307263336e-09,1.3052116860083492e-08,-0.39437888452582465,"{""D"": 5.566890307263336e-09, ""cp"": 3303.161789003205, ""k"": 0.4673835818060007, ""rho"": 918.6842345944531}","{""D"": 5.7115252913486844e-09, ""cp"": 3415.295774647877, ""k"": 0.4829577464788718, ""rho"": 976.3999999999938}","[[2.8174836159336256e-06, 7.045685772623648e-05], [8.605474360269327e-10, 6.035057699770008e-08], [1.1925204499635024e-13, 2.64914016649229e-11]]"
281.75,bdf2,30.591579166666666,0.021788333333333333,3,1.2113562182045073e-13,2.6476598691261237e-11,7.116796041373163e-11,1.7319479184152442e-14,-50.2633955371086,-50.27561957401616,0.012224036907561242,1.6607526993123918e-06,1.6617069947592446e-06,-9.54295446852848e-10,0.4673767166180074,5.566992044900123e-09,1.3051016217845881e-08,-0.39486379275561045,"{""D"": 5.566992044900123e-09, ""cp"": 3303.112359649653, ""k"": 0.4673767166180074, ""rho"": 918.6620258281458}","{""D"": 5.7116314212966385e-09, ""cp"": 3415.295774647877, ""k"": 0.4829577464788718, ""rho"": 976.3999999999937}","[[2.8202516931696432e-06, 7.041778566126306e-05], [8.612009869181775e-10, 6.031895767180613e-08], [1.2113562182045073e-13, 2.6476598691261237e-11]]"
282.0,bdf2,30.5949,0.02179,3,1.0154263730101637e-13,2.646789105969555e-11,1.3301360013429075e-10,4.884981308350689e-15,-50.32510472490155,-50.33733911988918,0.012234394987629571,1.6606132895761584e-06,1.6615669405781051e-06,-9.53651001946668e-10,0.46736985481361004,5.567094023327276e-09,1.3049916234852472e-08,-0.39534853698069894,"{""D"": 5.567094023327276e-09, ""cp"": 3303.062954657992, ""k"": 0.46736985481361004, ""rho"": 918.6398304924969}","{""D"": 5.711737712538584e-09, ""cp"": 3415.295774647877, ""k"": 0.4829577464788718, ""rho"": 976.3999999999937}","[[2.8230120745672074e-06, 7.03787603233563e-05], [8.619084115021575e-10, 6.028737195737002e-08], [1.0154263730101637e-13, 2.646789105969555e-11]]"
282.25,bdf2,30.598220833333333,0.021791666666666668,3,9.965844767524571e-14,2.645639698602884e-11,1.240323399542831e-10,8.926193117986259e-14,-50.38679310216831,-50.39903783545299,0.01224473328467468,1.6604739628164504e-06,1.6614269702282966e-06,-9.530074118462333e-10,0.46736299638861767,5.567196241962017e-09,1.3048816910317079e-08,-0.3958331175263633,"{""D"": 5.567196241962017e-09, ""cp"": 3303.013573998047, ""k"": 0.46736299638861767, ""rho"": 918.6176485698609}","{""D"": 5.7118441649266215e-09, ""cp"": 3415.295774647877, ""k"": 0.4829577464788718, ""rho"": 976.3999999999937}","[[2.825764890932644e-06, 7.033978163258013e-05], [8.625416039462145e-10, 6.025582699464964e-08], [9.965844767524571e-14, 2.645639698602884e-11]]"
282.5,bdf2,30.601541666666666,0.02179333333333333,3,1.1246866715586587e-13,2.6444728759730813e-11,1.1937117960769683e-10,2.220446049250313e-15,-50.44846076417931,-50.460715777057885,0.01225501287857611,1.660334718927422e-06,1.6612870835997789e-06,-9.523646723568246e-10,0.4673561413388485,5.567298700230755e-09,1.3047718243303654e-08,-0.396317534933411,"{""D"": 5.567298700230755e-09, ""cp"": 3302.964217639709, ""k"": 0.4673561413388485, ""rho"": 918.5954800426314}","{""D"": 5.711950778311952e-09, ""cp"": 3415.295774647877, ""k"": 0.4829577464788718, ""rho"": 976.399999999994}","[[2.8285101677613296e-06, 7.030084950830188e-05], [8.632056863488201e-10, 6.022432208703444e-08], [1.1246866715586587e-13, 2.6444728759730813e-11]]"
282.75,bdf2,30.6048625,0.021795,3,1.1378707298782822e-13,2.6431144854488333e-11,1.5722889656899497e-10,7.593925488436071e-14,-50.51010774668797,-50.52237300097033,0.012265254282361582,1.6601955577988574e-06,1.6611472805827816e-06,-9.517227839241933e-10,0.46734928966013145,5.567401397560841e-09,1.3046620232976577e-08,-0.39680178964908247,"{""D"": 5.567401397560841e-09, ""cp"": 3302.914885552946, ""k"": 0.46734928966013145, ""rho"": 918.5733248932451}","{""D"": 5.712057552545521e-09, ""cp"": 3415.295774647877, ""k"": 0.4829577464788718, ""rho"": 976.399999999994}","[[2.8312479706749856e-06, 7.026196387006307e-05], [8.638731536264334e-10, 6.019285166164024e-08], [1.1378707298782822e-13, 2.6431144854488333e-11]]"
283.0,bdf2,30.608183333333333,0.021796666666666666,3,1.1209125248262729e-13,2.6422088917660023e-11,1.446096575818956e-10,8.304468224196171e-14,-50.57173410244605,-50.58400956293099,0.012275460484936218,1.6600564793252816e-06,1.6610075610677667e-06,-9.510817424851222e-10,0.4673424413483037,5.567504333384679e-09,1.30455228784927e-08,-0.3972858822121508,"{""D"": 5.567504333384679e-09, ""cp"": 3302.865577707787, ""k"": 0.4673424413483037, ""rho"": 918.5511831041761}","{""D"": 5.712164487478025e-09, ""cp"": 3415.295774647877, ""k"": 0.4829577464788718, ""rho"": 976.399999999994}","[[2.833978376598048e-06, 7.022312463757933e-05], [8.645276159378038e-10, 6.016141989813021e-08], [1.1209125248262729e-13, 2.6422088917660023e-11]]"
283.25,bdf2,30.611504166666666,0.021798333333333333,3,1.4505885630333367e-13,2.6406763486104414e-11,4.0688519220566377e-10,1.9539925233402755e-14,-50.63333990970381,-50.645625517741166,0.012285608037359452,1.6599174833968605e-06,1.660867924945463e-06,-9.504415486024647e-10,0.4673355963992134,5.567607507143657e-09,1.304442617891687e-08,-0.39776981249714616,"{""D"": 5.567607507143657e-09, ""cp"": 3302.816294074337, ""k"": 0.4673355963992134, ""rho"": 918.5290546579408}","{""D"": 5.71227158296005e-09, ""cp"": 3415.295774647877, ""k"": 0.4829577464788718, ""rho"": 976.399999999994}","[[2.8367014586863346e-06, 7.018433173056627e-05], [8.651835792801017e-10, 6.01300260998938e-08], [1.4505885630333367e-13, 2.6406763486104414e-11]]"
283.5,bdf2,30.614825,0.0218,3,1.250893597557709e-13,2.639875246506398e-11,3.3082869776990265e-11,3.5083047578154947e-14,-50.69492518719794,-50.70722092043525,0.012295733237309037,1.6597785699079639e-06,1.6607283721068365e-06,-9.498021988726306e-10,0.46732875480871716,5.567710918277045e-09,1.3043330133518989e-08,-0.39825358179074166,"{""D"": 5.567710918277045e-09, ""cp"": 3302.7670346227637, ""k"": 0.46732875480871716, ""rho"": 918.5069395370938}","{""D"": 5.712378838841505e-09, ""cp"": 3415.295774647877, ""k"": 0.4829577464788718, ""rho"": 976.399999999994}","[[2.8394172599527506e-06, 7.014558506821709e-05], [8.65854042385125e-10, 6.009866608726788e-08], [1.250893597557709e-13, 2.639875246506398e-11]]"
283.75,bdf2,30.618145833333333,0.021801666666666667,3,8.89186896811076e-14,2.638569101771545e-11,7.241851562866941e-11,3.5083047578154947e-14,-50.756490004667434,-50.768795825099744,0.0123058204323101,1.6596397387517855e-06,1.6605889024431139e-06,-9.49163691328386e-10,0.46732191657268174,5.5678145662332345e-09,1.3042234741332257e-08,-0.3987371900617559,"{""D"": 5.5678145662332345e-09, ""cp"": 3302.717799323309, ""k"": 0.46732191657268174, ""rho"": 918.4848377242315}","{""D"": 5.7124862549721955e-09, ""cp"": 3415.295774647877, ""k"": 0.4829577464788718, ""rho"": 976.399999999994}","[[2.8421258825633658e-06, 7.010688457042156e-05], [8.665265715844969e-10, 6.006734647805241e-08], [8.89186896811076e-14, 2.638569101771545e-11]]"
284.0,bdf2,30.621466666666667,0.021803333333333334,3,1.2150930431452506e-13,2.6372107112472982e-11,2.751221472863108e-10,5.595524044110789e-14,-50.81803443184533,-50.83035028513905,0.01231585329372109,1.6595009898211566e-06,1.660449515845768e-06,-9.485260246115136e-10,0.46731508168698355,5.5679184504670744e-09,1.3041140001547743e-08,-0.3992206374226475,"{""D"": 5.5679184504670744e-09, ""cp"": 3302.6685881462818, ""k"": 0.46731508168698355, ""rho"": 918.4627492019895}","{""D"": 5.712593831201813e-09, ""cp"": 3415.295774647877, ""k"": 0.4829577464788718, ""rho"": 976.3999999999938}","[[2.8448273608639715e-06, 7.006823015567626e-05], [8.671715901779509e-10, 6.003606640148427e-08], [1.2150930431452506e-13, 2.6372107112472982e-11]]"
284.25,bdf2,30.6247875,0.021804999999999998,3,1.3149341523977408e-13,2.6362702870382042e-11,7.94670995674096e-11,6.616929226765933e-14,-50.87955848745488,-50.89188435396892,0.012325866514039774,1.6593623230098073e-06,1.6603102122065073e-06,-9.478891966999339e-10,0.46730825014750765,5.568022570433494e-09,1.3040045913317349e-08,-0.39970392501294644,"{""D"": 5.568022570433494e-09, ""cp"": 3302.619401062055, ""k"": 0.46730825014750765, ""rho"": 918.4406739530411}","{""D"": 5.712701567379357e-09, ""cp"": 3415.295774647877, ""k"": 0.4829577464788718, ""rho"": 976.3999999999937}","[[2.847521751052617e-06, 7.002962174491592e-05], [8.678235730358222e-10, 6.000482098128976e-08], [1.3149341523977408e-13, 2.6362702870382042e-11]]"
284.5,bdf2,30.628108333333333,0.021806666666666665,3,1.2885564411720304e-13,2.635138294934665e-11,1.3073986337985843e-10,8.393286066166183e-14,-50.94106225822044,-50.953398084291734,0.012335826071293354,1.6592237382135472e-06,1.6601709914173023e-06,-9.472532037551053e-10,0.46730142195014934,5.568126925594188e-09,1.3038952475822184e-08,-0.40018705269531724,"{""D"": 5.568126925594188e-09, ""cp"": 3302.570238041075, ""k"": 0.46730142195014934, ""rho"": 918.4186119601018}","{""D"": 5.712809463353919e-09, ""cp"": 3415.295774647877, ""k"": 0.4829577464788718, ""rho"": 976.3999999999937}","[[2.850209139280105e-06, 6.999105925663706e-05], [8.684802594740543e-10, 5.997360986916359e-08], [1.2885564411720304e-13, 2.635138294934665e-11]]"
284.75,bdf2,30.631429166666667,0.021808333333333332,3,1.1774056688072937e-13,2.6338669807260743e-11,1.723492459859699e-10,6.972200594645983e-14,-51.00254577985716,-51.01489152838923,0.012345748532069933,1.6590852353239747e-06,1.6600318533703656e-06,-9.46618046390915e-10,0.4672945970908131,5.568231515415025e-09,1.3037859688123889e-08,-0.4006700210974279,"{""D"": 5.568231515415025e-09, ""cp"": 3302.5210990538544, ""k"": 0.4672945970908131, ""rho"": 918.3965632059252}","{""D"": 5.712917518974455e-09, ""cp"": 3415.295774647877, ""k"": 0.4829577464788718, ""rho"": 976.3999999999937}","[[2.8528895868294413e-06, 6.995254261090365e-05], [8.691327953625022e-10, 5.994244072782159e-08], [1.1774056688072937e-13, 2.6338669807260743e-11]]"
285.0,bdf2,30.63475,0.02181,3,1.454327327910276e-13,2.6329091412538485e-11,4.9112713895738125e-11,9.14823772291129e-14,-51.06400909657644,-51.07636473803154,0.012355641455101818,1.6589468142357855e-06,1.6598927979581478e-06,-9.459837223623022e-10,0.4672877755654127,5.568336339366694e-09,1.3036767549529899e-08,-0.4011528305752638,"{""D"": 5.568336339366694e-09, ""cp"": 3302.4719840709713, ""k"": 0.4672877755654127, ""rho"": 918.3745276733036}","{""D"": 5.713025734089514e-09, ""cp"": 3415.295774647877, ""k"": 0.4829577464788718, ""rho"": 976.3999999999938}","[[2.8555631216390184e-06, 6.991407172690886e-05], [8.697730802095833e-10, 5.99113062428532e-08], [1.454327327910276e-13, 2.6329091412538485e-11]]"
285.25,bdf2,30.638070833333334,0.021811666666666667,3,1.250868633128711e-13,2.6317945644134408e-11,1.8144419300369918e-10,1.9095836023552692e-14,-51.12545228658583,-51.13781776457813,0.012365477992297258,1.6588084748441636e-06,1.6597538250733563e-06,-9.453502291927543e-10,0.4672809573698713,5.568441396923984e-09,1.3035676058976577e-08,-0.4016354813702816,"{""D"": 5.568441396923984e-09, ""cp"": 3302.4228930630734, ""k"": 0.4672809573698713, ""rho"": 918.3525053450703}","{""D"": 5.71313410854775e-09, ""cp"": 3415.295774647877, ""k"": 0.4829577464788718, ""rho"": 976.3999999999937}","[[2.8582298304224903e-06, 6.987564652402003e-05], [8.704564989670835e-10, 5.98802050210374e-08], [1.250868633128711e-13, 2.6317945644134408e-11]]"
285.5,bdf2,30.641391666666667,0.021813333333333334,3,1.21695606102909e-13,2.6304535891523254e-11,1.1380052455933765e-10,5.10702591327572e-14,-51.18687536858638,-51.199250659158224,0.012375290571846165,1.6586702170442454e-06,1.6596149346089272e-06,-9.447175646818914e-10,0.4672741425001212,5.5685466875638535e-09,1.3034585215874753e-08,-0.40211797428730456,"{""D"": 5.5685466875638535e-09, ""cp"": 3302.373826000873, ""k"": 0.4672741425001212, ""rho"": 918.330496204095}","{""D"": 5.7132426421975395e-09, ""cp"": 3415.295774647877, ""k"": 0.4829577464788718, ""rho"": 976.3999999999937}","[[2.8608897543039183e-06, 6.98372669224753e-05], [8.71106756032579e-10, 5.984914855644787e-08], [1.21695606102909e-13, 2.6304535891523254e-11]]"
285.75,bdf2,30.6447125,0.021815,3,1.158553922174421e-13,2.629391258101311e-11,8.58335624798201e-11,2.220446049250313e-14,-51.24827840377563,-51.260663472136514,0.012385068360885043,1.6585320407302716e-06,1.6594761264580525e-06,-9.44085727780875e-10,0.4672673309521045,5.5686522107706965e-09,1.3033495019220459e-08,-0.40260030946299935,"{""D"": 5.5686522107706965e-09, ""cp"": 3302.3247828551525, ""k"": 0.4672673309521045, ""rho"": 918.3085002332884}","{""D"": 5.713351334886976e-09, ""cp"": 3415.295774647877, ""k"": 0.4829577464788718, ""rho"": 976.3999999999937}","[[2.8635429894145944e-06, 6.979893284094525e-05], [8.717492833628304e-10, 5.981812587746879e-08], [1.158553922174421e-13, 2.629391258101311e-11]]"
286.0,bdf2,30.648033333333334,0.021816666666666665,3,1.4015636533221833e-13,2.628172189682115e-11,3.934701453545131e-10,2.1760371282653068e-14,-51.30966144484593,-51.32205625355226,0.012394808706332583,1.6583939457982701e-06,1.6593374005141552e-06,-9.434547158850788e-10,0.46726052272177176,5.568757966031981e-09,1.3032405468180464e-08,-0.40308248716069034,"{""D"": 5.568757966031981e-09, ""cp"": 3302.2757635967564, ""k"": 0.46726052272177176, ""rho"": 918.2865174155982}","{""D"": 5.713460186464349e-09, ""cp"": 3415.295774647877, ""k"": 0.4829577464788718, ""rho"": 976.3999999999937}","[[2.8661895248838046e-06, 6.976064419966812e-05], [8.72404803068207e-10, 5.978713472011598e-08], [1.4015636533221833e-13, 2.628172189682115e-11]]"
286.25,bdf2,30.651354166666668,0.021818333333333332,3,1.2753439117702699e-13,2.626709307579079e-11,4.6554760047001764e-11,7.549516567451064e-15,-51.37102455298441,-51.38342905313067,0.012404500146260489,1.6582559321436897e-06,1.6591987566709103e-06,-9.42824527220604e-10,0.4672537178050836,5.5688639528383195e-09,1.3031316562001367e-08,-0.4035645080241033,"{""D"": 5.5688639528383195e-09, ""cp"": 3302.226768196602, ""k"": 0.4672537178050836, ""rho"": 918.2645477340124}","{""D"": 5.713569196777683e-09, ""cp"": 3415.295774647877, ""k"": 0.4829577464788718, ""rho"": 976.3999999999937}","[[2.8688294903733408e-06, 6.972240091818534e-05], [8.730531581986504e-10, 5.975618901659995e-08], [1.2753439117702699e-13, 2.626709307579079e-11]]"
286.5,bdf2,30.654675,0.02182,3,1.171730627178797e-13,2.6261346038957438e-11,5.2295945351943374e-11,3.597122599785507e-14,-51.4323677638742,-51.44478192014503,0.012414156270835974,1.6581179996617606e-06,1.6590601948222182e-06,-9.42195160457609e-10,0.46724691619800884,5.5689701706846344e-09,1.3030228299774987e-08,-0.4040463722803547,"{""D"": 5.5689701706846344e-09, ""cp"": 3302.1777966256636, ""k"": 0.46724691619800884, ""rho"": 918.242591171555}","{""D"": 5.713678365675141e-09, ""cp"": 3415.295774647877, ""k"": 0.4829577464788718, ""rho"": 976.3999999999937}","[[2.871462871432406e-06, 6.968420291621254e-05], [8.737288225631785e-10, 5.972527100335228e-08], [1.171730627178797e-13, 2.6261346038957438e-11]]"
286.75,bdf2,30.657995833333334,0.021821666666666666,3,1.4034353819595897e-13,2.6247762133714965e-11,1.2028067430946976e-10,1.8207657603852567e-14,-51.493691113194615,-51.50611490346364,0.012423790269025403,1.657980148249762e-06,1.658921714862233e-06,-9.415666124709656e-10,0.4672401178965264,5.569076619069852e-09,1.3029140680679634e-08,-0.4045280805152752,"{""D"": 5.569076619069852e-09, ""cp"": 3302.12884885499, ""k"": 0.4672401178965264, ""rho"": 918.2206477112907}","{""D"": 5.713787693004652e-09, ""cp"": 3415.295774647877, ""k"": 0.4829577464788718, ""rho"": 976.3999999999937}","[[2.8740897969675903e-06, 6.964605011311706e-05], [8.743261144168334e-10, 5.96943923485993e-08], [1.4034353819595897e-13, 2.6247762133714965e-11]]"
287.0,bdf2,30.661316666666664,0.021823333333333333,3,1.1792590885939632e-13,2.6237138823204827e-11,4.1450221033301204e-10,4.8405723873656825e-14,-51.55499467911731,-51.56742805152561,0.012433372408303,1.6578423778022996e-06,1.6587833166853368e-06,-9.40938883037269e-10,0.46723332289662356,5.569183297496993e-09,1.302805370394251e-08,-0.40500963271653145,"{""D"": 5.569183297496993e-09, ""cp"": 3302.0799248556896, ""k"": 0.46723332289662356, ""rho"": 918.1987173363206}","{""D"": 5.713897178614356e-09, ""cp"": 3415.295774647877, ""k"": 0.4829577464788718, ""rho"": 976.3999999999937}","[[2.8767102457455496e-06, 6.960794242896283e-05], [8.750015782547032e-10, 5.966355183327259e-08], [1.1792590885939632e-13, 2.6237138823204827e-11]]"
287.25,bdf2,30.664637499999998,0.021825,3,1.1811394871271516e-13,2.622773458111388e-11,1.7985257727559656e-10,1.0969003483296547e-13,-51.61627848031367,-51.6287214124489,0.012442932135229512,1.6577046882173767e-06,1.6586450001861517e-06,-9.403119687749516e-10,0.4672265311942969,5.569290205472234e-09,1.3026967368738822e-08,-0.4054910298678115,"{""D"": 5.569290205472234e-09, ""cp"": 3302.0310245989376, ""k"": 0.4672265311942969, ""rho"": 918.1768000297843}","{""D"": 5.714006822352069e-09, ""cp"": 3415.295774647877, ""k"": 0.4829577464788718, ""rho"": 976.3999999999938}","[[2.8793243052278532e-06, 6.956987978329137e-05], [8.756429392181642e-10, 5.963274806415106e-08], [1.1811394871271516e-13, 2.622773458111388e-11]]"
287.5,bdf2,30.66795833333333,0.021826666666666668,3,1.2470687182917038e-13,2.6211712539033017e-11,2.467004378559068e-10,4.8405723873656825e-14,-51.67754256944824,-51.689995033618175,0.012452464169932398,1.6575670793896052e-06,1.6585067652595465e-06,-9.396858699413e-10,0.46721974278555256,5.5693973425087755e-09,1.3025881674133219e-08,-0.4059722716258416,"{""D"": 5.5693973425087755e-09, ""cp"": 3301.9821480559785, ""k"": 0.46721974278555256, ""rho"": 918.1548957748607}","{""D"": 5.714116624065723e-09, ""cp"": 3415.295774647877, ""k"": 0.4829577464788718, ""rho"": 976.3999999999937}","[[2.881932046297805e-06, 6.953186209599245e-05], [8.762920177315521e-10, 5.960198173784529e-08], [1.2470687182917038e-13, 2.6211712539033017e-11]]"
287.75,bdf2,30.671279166666665,0.02182833333333333,3,1.2395299833098329e-13,2.6203353212729965e-11,1.1141310096718371e-11,1.509903313490213e-14,-51.738787016178485,-51.751248962571594,0.012461946393109713,1.6574295512180188e-06,1.6583686118006147e-06,-9.390605825959169e-10,0.46721295766640525,5.569504708118483e-09,1.302479661943717e-08,-0.40645335895771606,"{""D"": 5.569504708118483e-09, ""cp"": 3301.933295198118, ""k"": 0.46721295766640525, ""rho"": 918.133004554765}","{""D"": 5.714226583603217e-09, ""cp"": 3415.295774647877, ""k"": 0.4829577464788718, ""rho"": 976.3999999999937}","[[2.8845334669355413e-06, 6.949388928713001e-05], [8.769448577817854e-10, 5.957124188273948e-08], [1.2395299833098329e-13, 2.6203353212729965e-11]]"
288.0,bdf2,30.674599999999998,0.02183,3,9.739136027809109e-14,2.619185913906325e-11,1.0390976967755705e-10,8.837375276016246e-14,-51.80001185616097,-51.81248324615808,0.012471389997109839,1.657292103598154e-06,1.658230539704689e-06,-9.384361065350907e-10,0.4672061758328786,5.569612301819851e-09,1.3023712203727586e-08,-0.40693429185157254,"{""D"": 5.569612301819851e-09, ""cp"": 3301.8844659967262, ""k"": 0.4672061758328786, ""rho"": 918.1111263527503}","{""D"": 5.7143367008128345e-09, ""cp"": 3415.295774647877, ""k"": 0.4829577464788718, ""rho"": 976.3999999999937}","[[2.887128675510558e-06, 6.945596127676798e-05], [8.776029663596082e-10, 5.9540545391638846e-08], [9.739136027809109e-14, 2.619185913906325e-11]]"
288.25,bdf2,30.67792083333333,0.021831666666666666,3,1.1999635816148864e-13,2.6180539218027857e-11,1.2585132935782894e-10,2.042810365310288e-14,-51.86121712504833,-51.873697930751916,0.012480805703589226,1.6571547364293438e-06,1.6580925488673305e-06,-9.37812437986772e-10,0.4671993972810051,5.569720123135911e-09,1.3022628426210535e-08,-0.4074150707401908,"{""D"": 5.569720123135911e-09, ""cp"": 3301.8356604232367, ""k"": 0.4671993972810051, ""rho"": 918.0892611521062}","{""D"": 5.714446975542549e-09, ""cp"": 3415.295774647877, ""k"": 0.4829577464788718, ""rho"": 976.3999999999937}","[[2.889717696751705e-06, 6.94180779842737e-05], [8.782292330860114e-10, 5.9509886865811845e-08], [1.1999635816148864e-13, 2.6180539218027857e-11]]"
288.5,bdf2,30.681241666666665,0.021833333333333333,3,1.3902206610827644e-13,2.6168870991729835e-11,2.43971953750588e-10,2.7977620220553945e-14,-51.92240288398499,-51.93489306255117,0.012490178566181953,1.6570174496075505e-06,1.6579546391843397e-06,-9.371895767891776e-10,0.4671926220068263,5.5698281715914706e-09,1.3021545286071769e-08,-0.4078956961581432,"{""D"": 5.5698281715914706e-09, ""cp"": 3301.7868784491498, ""k"": 0.4671926220068263, ""rho"": 918.067408936161}","{""D"": 5.714557407640425e-09, ""cp"": 3415.295774647877, ""k"": 0.4829577464788718, ""rho"": 976.3999999999937}","[[2.892300578181052e-06, 6.938023933040774e-05], [8.788522915086431e-10, 5.9479261603137427e-08], [1.3902206610827644e-13, 2.6168870991729835e-11]]"
288.75,bdf2,30.6845625,0.021835,3,1.2715396054953284e-13,2.6156157849643935e-11,7.207745511550456e-11,1.687538997430238e-14,-51.98356916011649,-51.996068687363106,0.012499527246617959,1.656880243031535e-06,1.6578168105517569e-06,-9.365675202218493e-10,0.46718585000639323,5.56993644671516e-09,1.3020462782565515e-08,-0.40837616854410663,"{""D"": 5.56993644671516e-09, ""cp"": 3301.7381200460313, ""k"": 0.46718585000639323, ""rho"": 918.0455696882811}","{""D"": 5.714667996954378e-09, ""cp"": 3415.295774647877, ""k"": 0.4829577464788718, ""rho"": 976.3999999999937}","[[2.8948773627991915e-06, 6.934244523488572e-05], [8.795086866459644e-10, 5.944867273836297e-08], [1.2715396054953284e-13, 2.6156157849643935e-11]]"
289.0,bdf2,30.687883333333332,0.021836666666666667,3,1.1961856434060167e-13,2.6146927760184306e-11,7.412381819449365e-11,7.771561172376096e-14,-52.04471600607975,-52.05722485061699,0.012508844537236996,1.6567431165988344e-06,1.6576790628658408e-06,-9.359462670064027e-10,0.4671790812757648,5.5700449480392915e-09,1.3019380914749042e-08,-0.4088564878921,"{""D"": 5.5700449480392915e-09, ""cp"": 3301.689385185506, ""k"": 0.4671790812757648, ""rho"": 918.0237433918678}","{""D"": 5.714778743332895e-09, ""cp"": 3415.295774647877, ""k"": 0.4829577464788718, ""rho"": 976.3999999999937}","[[2.8974481124437403e-06, 6.930517483826927e-05], [8.801515126613337e-10, 5.941811818165686e-08], [1.1961856434060167e-13, 2.6146927760184306e-11]]"
289.25,bdf2,30.691204166666665,0.02183833333333333,3,1.1886471675818537e-13,2.6131950633891324e-11,3.171862772433087e-11,1.2434497875801753e-14,-52.10584346600883,-52.11836159738397,0.012518131375138353,1.6566060702072899e-06,1.6575413960230938e-06,-9.353258158038905e-10,0.4671723158110095,5.570153675099617e-09,1.3018299681900238e-08,-0.4093366548157816,"{""D"": 5.570153675099617e-09, ""cp"": 3301.640673839268, ""k"": 0.4671723158110095, ""rho"": 918.0019300303617}","{""D"": 5.7148896466243435e-09, ""cp"": 3415.295774647877, ""k"": 0.4829577464788718, ""rho"": 976.3999999999937}","[[2.900012859000047e-06, 6.926836037080349e-05], [8.807935791829117e-10, 5.938760246098754e-08], [1.1886471675818537e-13, 2.6131950633891324e-11]]"
289.5,bdf2,30.694525,0.02184,3,1.231969874050493e-13,2.6125332833901398e-11,4.2791725718416274e-10,6.52811138479592e-14,-52.16695160952743,-52.179478972227855,0.01252736270042476,1.656469103756253e-06,1.6574038099202333e-06,-9.347061639802519e-10,0.4671655536082039,5.570262627436774e-09,1.3017219083153663e-08,-0.4098166695166151,"{""D"": 5.570262627436774e-09, ""cp"": 3301.5919859790674, ""k"": 0.4671655536082039, ""rho"": 917.9801295872373}","{""D"": 5.7150007066770735e-09, ""cp"": 3415.295774647877, ""k"": 0.4829577464788718, ""rho"": 976.3999999999937}","[[2.902571672404666e-06, 6.923158807927362e-05], [8.814339443445634e-10, 5.93571161721129e-08], [1.231969874050493e-13, 2.6125332833901398e-11]]"
289.75,bdf2,30.697845833333332,0.021841666666666665,3,1.2621061421074524e-13,2.611122647076498e-11,3.6334313335828483e-10,7.993605777301127e-15,-52.22804042127452,-52.24057701974942,0.012536598474902405,1.6563322171443084e-06,1.6572663044542199e-06,-9.34087309911513e-10,0.4671587946634339,5.5703718045912005e-09,1.301613911779033e-08,-0.4102965325262146,"{""D"": 5.5703718045912005e-09, ""cp"": 3301.5433215767243, ""k"": 0.4671587946634339, ""rho"": 917.9583420460085}","{""D"": 5.715111923339778e-09, ""cp"": 3415.295774647877, ""k"": 0.4829577464788718, ""rho"": 976.3999999999938}","[[2.9051245734278122e-06, 6.919485789192883e-05], [8.820537707562784e-10, 5.9326672028175036e-08], [1.2621061421074524e-13, 2.611122647076498e-11]]"
290.0,bdf2,30.701166666666666,0.021843333333333333,3,1.401498863544824e-13,2.609938409183565e-11,2.2168933355715126e-11,1.554312234475219e-14,-52.289110013354936,-52.30165578362573,0.012545770270797618,1.6561954102695324e-06,1.6571288795222418e-06,-9.33469252709348e-10,0.46715203897279434,5.570481206112159e-09,1.3015059784843504e-08,-0.41077624387549133,"{""D"": 5.570481206112159e-09, ""cp"": 3301.494680604119, ""k"": 0.46715203897279434, ""rho"": 917.9365673902254}","{""D"": 5.715223296461027e-09, ""cp"": 3415.295774647877, ""k"": 0.4829577464788718, ""rho"": 976.3999999999937}","[[2.9076716207025872e-06, 6.915816973545086e-05], [8.827046729373374e-10, 5.929626097323714e-08], [1.401498863544824e-13, 2.609938409183565e-11]]"
290.25,bdf2,30.7044875,0.021845,3,1.3299130608259583e-13,2.6090502307638647e-11,6.980371836107224e-11,6.039613253960852e-14,-52.35016038739566,-52.36271530774559,0.012554920349927556,1.6560586830326822e-06,1.6569915350217097e-06,-9.328519890275534e-10,0.4671452865323882,5.570590831546967e-09,1.3013981083747577e-08,-0.41125580426984415,"{""D"": 5.570590831546967e-09, ""cp"": 3301.446063033194, ""k"": 0.4671452865323882, ""rho"": 917.9148056034735}","{""D"": 5.715334825889673e-09, ""cp"": 3415.295774647877, ""k"": 0.4829577464788718, ""rho"": 976.3999999999937}","[[2.910212861935605e-06, 6.912152353843711e-05], [8.833425713452831e-10, 5.9265882658993934e-08], [1.3299130608259583e-13, 2.6090502307638647e-11]]"
290.5,bdf2,30.707808333333332,0.021846666666666667,3,1.2300718107990597e-13,2.6077615012921426e-11,3.617515176301822e-10,1.9539925233402755e-14,-52.41119157901206,-52.423755635555835,0.01256405654377346,1.6559220353326759e-06,1.6568542708502662e-06,-9.322355175902855e-10,0.46713853733832733,5.5707006804472226e-09,1.3012903013425207e-08,-0.41173521395187923,"{""D"": 5.5707006804472226e-09, ""cp"": 3301.3974688359567, ""k"": 0.46713853733832733, ""rho"": 917.8930566693759}","{""D"": 5.715446511474869e-09, ""cp"": 3415.295774647877, ""k"": 0.4829577464788718, ""rho"": 976.3999999999938}","[[2.912748318272722e-06, 6.908491922861422e-05], [8.839866800793134e-10, 5.9235542484176965e-08], [1.2300718107990597e-13, 2.6077615012921426e-11]]"
290.75,bdf2,30.711129166666666,0.021848333333333334,3,1.4504632959513277e-13,2.6066120939254712e-11,1.4415491023100913e-10,2.4868995751603507e-14,-52.472203683297515,-52.48477680981978,0.012573126522262612,1.6557854670680644e-06,1.6567170869057754e-06,-9.316198377110244e-10,0.4671317913867322,5.570810752371125e-09,1.3011825573193444e-08,-0.41221447294762636,"{""D"": 5.570810752371125e-09, ""cp"": 3301.3488979844724, ""k"": 0.4671317913867322, ""rho"": 917.8713205715908}","{""D"": 5.715558353065804e-09, ""cp"": 3415.295774647877, ""k"": 0.4829577464788718, ""rho"": 976.399999999994}","[[2.9152780760359967e-06, 6.904835673318643e-05], [8.846068595882145e-10, 5.9205236617428364e-08], [1.4504632959513277e-13, 2.6066120939254712e-11]]"
291.0,bdf2,30.71445,0.021849999999999998,3,1.2696226079564856e-13,2.60558459340072e-11,1.1641532182693481e-10,1.9095836023552692e-14,-52.5331966848735,-52.54577887345988,0.012582188586378606,1.6556489781402344e-06,1.6565799830863362e-06,-9.310049461017998e-10,0.4671250486737324,5.570921046875455e-09,1.301074876232417e-08,-0.4126935822852221,"{""D"": 5.570921046875455e-09, ""cp"": 3301.3003504508733, ""k"": 0.4671250486737324, ""rho"": 917.8495972938138}","{""D"": 5.715670350511394e-09, ""cp"": 3415.295774647877, ""k"": 0.4829577464788718, ""rho"": 976.399999999994}","[[2.9178021307516555e-06, 6.901183598057699e-05], [8.852586796170901e-10, 5.917496140154288e-08], [1.2696226079564856e-13, 2.60558459340072e-11]]"
291.25,bdf2,30.717770833333333,0.021851666666666665,3,1.2225262099898222e-13,2.6048357370860713e-11,3.75734998669941e-11,1.7319479184152442e-14,-52.59417066182942,-52.60676186869233,0.012591206862907711,1.6555125684478646e-06,1.6564429592902587e-06,-9.303908423941524e-10,0.46711830919546504,5.571031563523723e-09,1.3009672579955141e-08,-0.41317254151412425,"{""D"": 5.571031563523723e-09, ""cp"": 3301.2518262073486, ""k"": 0.46711830919546504, ""rho"": 917.8278868197747}","{""D"": 5.715782503661192e-09, ""cp"": 3415.295774647877, ""k"": 0.4829577464788718, ""rho"": 976.3999999999938}","[[2.9203205853172e-06, 6.897535689851258e-05], [8.858790356855035e-10, 5.914472362847315e-08], [1.2225262099898222e-13, 2.6048357370860713e-11]]"
291.5,bdf2,30.721091666666666,0.021853333333333332,3,1.2545455706520325e-13,2.603372854983036e-11,1.559783413540572e-10,2.2648549702353193e-14,-52.65512564126629,-52.66772583755852,0.012600196292233079,1.6553762378926086e-06,1.6563060154160935e-06,-9.29777523484977e-10,0.46711157294807704,5.571142301881218e-09,1.3008597025297147e-08,-0.4136513513158701,"{""D"": 5.571142301881218e-09, ""cp"": 3301.2033252261544, ""k"": 0.46711157294807704, ""rho"": 917.8061891332417}","{""D"": 5.715894812365152e-09, ""cp"": 3415.295774647877, ""k"": 0.4829577464788718, ""rho"": 976.3999999999938}","[[2.9228334207536326e-06, 6.893891941541644e-05], [8.865155857314914e-10, 5.9114527303729665e-08], [1.2545455706520325e-13, 2.603372854983036e-11]]"
291.75,bdf2,30.7244125,0.021855,3,1.1321016240825728e-13,2.6024324307739415e-11,4.547473508864641e-11,1.4210854715202004e-14,-52.71606165877863,-52.72867082198616,0.012609163207528695,1.6552399863733654e-06,1.6561691513625997e-06,-9.291649892343015e-10,0.46710483992772267,5.571253261514411e-09,1.3007522097572931e-08,-0.41413001235392827,"{""D"": 5.571253261514411e-09, ""cp"": 3301.154847479603, ""k"": 0.46710483992772267, ""rho"": 917.784504218016}","{""D"": 5.7160072764729224e-09, ""cp"": 3415.295774647877, ""k"": 0.4829577464788718, ""rho"": 976.3999999999938}","[[2.925340701529763e-06, 6.890252345884108e-05], [8.871427113400837e-10, 5.908436476459665e-08], [1.1321016240825728e-13, 2.6024324307739415e-11]]"
292.0,bdf2,30.727733333333333,0.021856666666666667,3,1.427837800023791e-13,2.6012656081441393e-11,1.020907802740112e-10,2.1316282072803006e-14,-52.776978775447795,-52.789596862960764,0.012618087512969112,1.655103813792553e-06,1.656032367028781e-06,-9.285532362279477e-10,0.4670981101305661,5.571364441998777e-09,1.3006447795896171e-08,-0.41460852413042387,"{""D"": 5.571364441998777e-09, ""cp"": 3301.106392940076, ""k"": 0.4670981101305661, ""rho"": 917.7628320579383}","{""D"": 5.7161198958344134e-09, ""cp"": 3415.295774647877, ""k"": 0.4829577464788718, ""rho"": 976.3999999999938}","[[2.9278424832604196e-06, 6.88661689566873e-05], [8.877724682167396e-10, 5.905422747759517e-08], [1.427837800023791e-13, 2.6012656081441393e-11]]"
292.25,bdf2,30.731054166666667,0.021858333333333334,3,1.2432324349688515e-13,2.599976878672417e-11,1.1073097994085401e-10,1.6431300764452317e-14,-52.83787700136967,-52.85050400208178,0.012627000712107872,1.6549677200493814e-06,1.6558956623138416e-06,-9.279422644601981e-10,0.4670913835527788,5.571475842904071e-09,1.3005374119636075e-08,-0.4150868877634919,"{""D"": 5.571475842904071e-09, ""cp"": 3301.057961580007, ""k"": 0.4670913835527788, ""rho"": 917.7411726368814}","{""D"": 5.716232670300072e-09, ""cp"": 3415.295774647877, ""k"": 0.4829577464788718, ""rho"": 976.399999999994}","[[2.9303387658026235e-06, 6.882985583807501e-05], [8.884131445546487e-10, 5.902413425120941e-08], [1.2432324349688515e-13, 2.599976878672417e-11]]"
292.5,bdf2,30.734375,0.021859999999999997,3,1.0812323092805483e-13,2.5991409460421115e-11,6.343725544866174e-11,5.1958437552457326e-14,-52.89875640611384,-52.91139228004482,0.0126358739309822,1.6548317050464597e-06,1.6557590371172114e-06,-9.273320707517147e-10,0.46708466019054085,5.571587463808672e-09,1.3004301067760699e-08,-0.41556510331282354,"{""D"": 5.571587463808672e-09, ""cp"": 3301.009553371894, ""k"": 0.46708466019054085, ""rho"": 917.7195259387538}","{""D"": 5.7163455997202705e-09, ""cp"": 3415.295774647877, ""k"": 0.4829577464788718, ""rho"": 976.3999999999938}","[[2.9328296405603526e-06, 6.87935840302084e-05], [8.890428895700307e-10, 5.8994069411702545e-08], [1.0812323092805483e-13, 2.5991409460421115e-11]]"
292.75,bdf2,30.737695833333333,0.021861666666666665,3,1.1641108103809383e-13,2.5980089539385727e-11,8.770939530222677e-11,1.0658141036401503e-14,-52.95961702525844,-52.97226173720162,0.012644711943181619,1.654695768684295e-06,1.6556224913385456e-06,-9.26722654250594e-10,0.4670779400400411,5.571699304294314e-09,1.3003228639743008e-08,-0.41604317078995917,"{""D"": 5.571699304294314e-09, ""cp"": 3300.961168288296, ""k"": 0.4670779400400411, ""rho"": 917.6978919475007}","{""D"": 5.716458683945776e-09, ""cp"": 3415.295774647877, ""k"": 0.4829577464788718, ""rho"": 976.3999999999937}","[[2.935315115866497e-06, 6.875735346220734e-05], [8.896771494896421e-10, 5.8964042711621983e-08], [1.1641108103809383e-13, 2.5980089539385727e-11]]"
293.0,bdf2,30.741016666666667,0.021863333333333332,3,1.314800902619376e-13,2.5969292076244278e-11,3.6266101233195513e-11,4.8405723873656825e-14,-53.02045889437791,-53.033112413763206,0.012653519385295908,1.65455991086468e-06,1.6554860248777237e-06,-9.261140130436004e-10,0.46707122309747695,5.571811363944205e-09,1.3002156834675448e-08,-0.416521090819967,"{""D"": 5.571811363944205e-09, ""cp"": 3300.9128063018343, ""k"": 0.46707122309747695, ""rho"": 917.6762706471025}","{""D"": 5.716571922827533e-09, ""cp"": 3415.295774647877, ""k"": 0.4829577464788718, ""rho"": 976.3999999999937}","[[2.93779524111771e-06, 6.87211640621468e-05], [8.903029269581826e-10, 5.8934050493762404e-08], [1.314800902619376e-13, 2.5969292076244278e-11]]"
293.25,bdf2,30.7443375,0.021865,3,1.1057104009804589e-13,2.5955708171001805e-11,4.46789272245951e-11,6.794564910705958e-14,-53.081282040546775,-53.093944349953404,0.012662309406628935,1.6544241314902404e-06,1.6553496376348408e-06,-9.255061446004347e-10,0.46706450935905386,5.571923642341484e-09,1.3001085651761943e-08,-0.4169988639917811,"{""D"": 5.571923642341484e-09, ""cp"": 3300.8644673851877, ""k"": 0.46706450935905386, ""rho"": 917.6546620215745}","{""D"": 5.716685316216581e-09, ""cp"": 3415.295774647877, ""k"": 0.4829577464788718, ""rho"": 976.3999999999937}","[[2.9402700557267567e-06, 6.868501575845003e-05], [8.909215406148351e-10, 5.89040910165975e-08], [1.1057104009804589e-13, 2.5955708171001805e-11]]"
293.5,bdf2,30.747658333333334,0.021866666666666666,3,1.1245437244761981e-13,2.5947697149961373e-11,1.1215206541237421e-10,8.881784197001252e-15,-53.14208652482047,-53.15475758516186,0.012671060341389762,1.6542884304612627e-06,1.6552133295101989e-06,-9.248990489361317e-10,0.4670577988209851,5.572036139077231e-09,1.3000015090276817e-08,-0.4174764899140035,"{""D"": 5.572036139077231e-09, ""cp"": 3300.816151511093, ""k"": 0.4670577988209851, ""rho"": 917.6330660549652}","{""D"": 5.716798863964339e-09, ""cp"": 3415.295774647877, ""k"": 0.4829577464788718, ""rho"": 976.3999999999937}","[[2.9427396049453962e-06, 6.864890847954032e-05], [8.91539583325311e-10, 5.887416933055359e-08], [1.1245437244761981e-13, 2.5947697149961373e-11]]"
293.75,bdf2,30.750979166666667,0.021868333333333333,3,9.342915311311162e-14,2.5934287397350222e-11,7.707967597525567e-11,1.0658141036401503e-14,-53.20287236576973,-53.21555215894165,0.012679793171919584,1.6541528076816519e-06,1.6550771004043394e-06,-9.242927226875471e-10,0.46705109147949364,5.5721488537411606e-09,1.2998945149352373e-08,-0.41795396943108215,"{""D"": 5.5721488537411606e-09, ""cp"": 3300.7678586523534, ""k"": 0.46705109147949364, ""rho"": 917.611482731361}","{""D"": 5.716912565922651e-09, ""cp"": 3415.295774647877, ""k"": 0.4829577464788718, ""rho"": 976.3999999999936}","[[2.9452038920193406e-06, 6.861284215384095e-05], [8.921762683479559e-10, 5.88442793402886e-08], [9.342915311311162e-14, 2.5934287397350222e-11]]"
294.0,bdf2,30.7543,0.02187,3,1.343040115960425e-13,2.592488315525928e-11,5.979927664157003e-11,5.284661597215745e-14,-53.26363963293733,-53.27632810997471,0.012688477037386292,1.6540172630530685e-06,1.6549409502180014e-06,-9.236871649328973e-10,0.4670443873308092,5.572261785931275e-09,1.2997875828280536e-08,-0.4184313023686482,"{""D"": 5.572261785931275e-09, ""cp"": 3300.719588781826, ""k"": 0.4670443873308092, ""rho"": 917.5899120348802}","{""D"": 5.717026421943452e-09, ""cp"": 3415.295774647877, ""k"": 0.4829577464788718, ""rho"": 976.3999999999936}","[[2.947662995163372e-06, 6.857681671099423e-05], [8.927880832785479e-10, 5.8814421045802484e-08], [1.343040115960425e-13, 2.592488315525928e-11]]"
294.25,bdf2,30.757620833333334,0.021871666666666664,3,1.3618725643129084e-13,2.5914608150011768e-11,2.2566837287740782e-10,3.907985046680551e-14,-53.32438833639057,-53.33708547742617,0.012697141035602044,1.653881796478289e-06,1.6548048788521534e-06,-9.230823738644022e-10,0.4670376863711708,5.572374935241099e-09,1.2996807126278941e-08,-0.41890848975050915,"{""D"": 5.572374935241099e-09, ""cp"": 3300.67134187243, ""k"": 0.4670376863711708, ""rho"": 917.5683539496779}","{""D"": 5.717140431878645e-09, ""cp"": 3415.295774647877, ""k"": 0.4829577464788718, ""rho"": 976.3999999999936}","[[2.9501168829635474e-06, 6.854083207907512e-05], [8.934409557779709e-10, 5.8784598800911055e-08], [1.3618725643129084e-13, 2.5914608150011768e-11]]"
294.5,bdf2,30.760941666666668,0.02187333333333333,3,1.162203167996504e-13,2.5902939923713746e-11,3.3355718187522143e-10,2.531308496145357e-14,-53.38511851168124,-53.397824299828756,0.012705788147513886,1.6537464078595716e-06,1.6546688862079748e-06,-9.224783484031537e-10,0.46703098859682535,5.572488301270229e-09,1.2995739042525571e-08,-0.41938553133807793,"{""D"": 5.572488301270229e-09, ""cp"": 3300.623117897143, ""k"": 0.46703098859682535, ""rho"": 917.5468084599427}","{""D"": 5.717254595580697e-09, ""cp"": 3415.295774647877, ""k"": 0.4829577464788718, ""rho"": 976.3999999999936}","[[2.952565710109259e-06, 6.850488818702936e-05], [8.940469196997679e-10, 5.875481243146168e-08], [1.162203167996504e-13, 2.5902939923713746e-11]]"
294.75,bdf2,30.7642625,0.021875,3,1.1038072014980035e-13,2.5890400934259158e-11,8.458300726488233e-11,1.9095836023552692e-14,-53.44583021984381,-53.458544615317294,0.012714395473480522,1.65361109710037e-06,1.65453297218686e-06,-9.218750864900146e-10,0.467024294004028,5.57260188362213e-09,1.2994671576358933e-08,-0.41986242755283626,"{""D"": 5.57260188362213e-09, ""cp"": 3300.574916829002, ""k"": 0.467024294004028, ""rho"": 917.5252755498976}","{""D"": 5.717368912902349e-09, ""cp"": 3415.295774647877, ""k"": 0.4829577464788718, ""rho"": 976.3999999999936}","[[2.95500941580131e-06, 6.846898496345437e-05], [8.946839577431697e-10, 5.872506071838592e-08], [1.1038072014980035e-13, 2.5890400934259158e-11]]"
295.0,bdf2,30.767583333333334,0.021876666666666666,3,1.2563775176623202e-13,2.5881170844799523e-11,7.889866537880152e-11,3.1530333899354446e-14,-53.50652348792627,-53.51924646183619,0.01272297390991639,1.6534758641055602e-06,1.6543971366904176e-06,-9.212725848573435e-10,0.467017602589042,5.572715681902175e-09,1.299360472683085e-08,-0.4203391787135165,"{""D"": 5.572715681902175e-09, ""cp"": 3300.5267386411024, ""k"": 0.467017602589042, ""rho"": 917.5037552038002}","{""D"": 5.717483383696515e-09, ""cp"": 3415.295774647877, ""k"": 0.4829577464788718, ""rho"": 976.3999999999937}","[[2.9574480665738275e-06, 6.843312233816664e-05], [8.953038488461568e-10, 5.869534122354697e-08], [1.2563775176623202e-13, 2.5881170844799523e-11]]"
295.25,bdf2,30.770904166666668,0.021878333333333333,3,1.3957615954655428e-13,2.5869154313238874e-11,3.7834979593753815e-10,2.4868995751603507e-14,-53.567198359963825,-53.579929877133736,0.012731517169910944,1.653340708775888e-06,1.6542613796204704e-06,-9.206708445823547e-10,0.4670109143481387,5.572829695717661e-09,1.2992538493286613e-08,-0.42081578521508384,"{""D"": 5.572829695717661e-09, ""cp"": 3300.478583306599, ""k"": 0.4670109143481387, ""rho"": 917.482247405942}","{""D"": 5.717598007816305e-09, ""cp"": 3415.295774647877, ""k"": 0.4829577464788718, ""rho"": 976.3999999999937}","[[2.959881700706001e-06, 6.839730023958942e-05], [8.959163879790323e-10, 5.866565882321848e-08], [1.3957615954655428e-13, 2.5869154313238874e-11]]"
295.5,bdf2,30.774225,0.02188,3,1.1734910894606022e-13,2.5858008544834794e-11,8.287770469905809e-11,1.509903313490213e-14,-53.62785484600721,-53.64059489882038,0.012740052813171587,1.6532056310165344e-06,1.6541257008790597e-06,-9.200698625253087e-10,0.467004229277598,5.572943924677267e-09,1.2991472874958663e-08,-0.4212922470161657,"{""D"": 5.572943924677267e-09, ""cp"": 3300.4304507987054, ""k"": 0.467004229277598, ""rho"": 917.4607521406496}","{""D"": 5.717712785115625e-09, ""cp"": 3415.295774647877, ""k"": 0.4829577464788718, ""rho"": 976.3999999999937}","[[2.962310337828896e-06, 6.836151859701678e-05], [8.965551035238893e-10, 5.863600254578469e-08], [1.1734910894606022e-13, 2.5858008544834794e-11]]"
295.75,bdf2,30.777545833333335,0.021881666666666667,3,1.303456541971961e-13,2.5844598792223636e-11,2.4942892196122557e-10,5.0182080713057076e-14,-53.688493007074705,-53.701241564101565,0.012748557026860396,1.6530706307307316e-06,1.653990100368429e-06,-9.194696376975063e-10,0.46699754737370724,5.5730583683936266e-09,1.29904078710387e-08,-0.4217685650168354,"{""D"": 5.5730583683936266e-09, ""cp"": 3300.382341090692, ""k"": 0.46699754737370724, ""rho"": 917.4392693922821}","{""D"": 5.717827715448073e-09, ""cp"": 3415.295774647877, ""k"": 0.4829577464788718, ""rho"": 976.3999999999937}","[[2.964734045793628e-06, 6.832577733974273e-05], [8.971348561789207e-10, 5.860638858744031e-08], [1.303456541971961e-13, 2.5844598792223636e-11]]"
296.0,bdf2,30.780866666666665,0.02188333333333333,3,1.2733150391833402e-13,2.5837632686971086e-11,3.518607627484016e-10,5.684341886080802e-14,-53.7491128871898,-53.76186990980614,0.012757022616334268,1.6529357078244313e-06,1.6538545779910364e-06,-9.188701666051485e-10,0.46699086863276207,5.5731730264830346e-09,1.2989343480790557e-08,-0.4222447389295642,"{""D"": 5.5731730264830346e-09, ""cp"": 3300.334254155887, ""k"": 0.46699086863276207, ""rho"": 917.4177991452325}","{""D"": 5.717942798667691e-09, ""cp"": 3415.295774647877, ""k"": 0.4829577464788718, ""rho"": 976.3999999999937}","[[2.9671528250177106e-06, 6.82900763974096e-05], [8.977564191827151e-10, 5.857680005538011e-08], [1.2733150391833402e-13, 2.5837632686971086e-11]]"
296.25,bdf2,30.784187499999998,0.021884999999999998,3,1.143343096013467e-13,2.582753183435489e-11,3.9881342672742903e-10,1.6431300764452317e-14,-53.80971447940352,-53.822479972667736,0.012765493264218719,1.652800862199188e-06,1.6537191336495548e-06,-9.182714503667421e-10,0.46698419305106653,5.573287898562727e-09,1.2988279703419282e-08,-0.42272076923693935,"{""D"": 5.573287898562727e-09, ""cp"": 3300.2861899676786, ""k"": 0.46698419305106653, ""rho"": 917.3963413839288}","{""D"": 5.718058034629009e-09, ""cp"": 3415.295774647877, ""k"": 0.4829577464788718, ""rho"": 976.3999999999936}","[[2.969566706244438e-06, 6.825441569913729e-05], [8.983951170482478e-10, 5.854724861783038e-08], [1.143343096013467e-13, 2.582753183435489e-11]]"
296.5,bdf2,30.78750833333333,0.021886666666666665,3,1.2902597898571455e-13,2.5816560218582127e-11,3.2719071896281093e-10,1.865174681370263e-14,-53.870297887195505,-53.88307178905478,0.012773901859276293,1.6526660937616082e-06,1.6535837672468665e-06,-9.176734852583069e-10,0.46697752062493225,5.5734029842535375e-09,1.2987216538142021e-08,-0.42319665618913366,"{""D"": 5.5734029842535375e-09, ""cp"": 3300.238148499512, ""k"": 0.46697752062493225, ""rho"": 917.3748960928319}","{""D"": 5.7181734231867355e-09, ""cp"": 3415.295774647877, ""k"": 0.4829577464788718, ""rho"": 976.3999999999936}","[[2.971975747340451e-06, 6.821879517456811e-05], [8.990046132855686e-10, 5.8517732707417435e-08], [1.2902597898571455e-13, 2.5816560218582127e-11]]"
296.75,bdf2,30.790829166666665,0.021888333333333333,3,1.3467635108700186e-13,2.5802453855445715e-11,3.2446223485749215e-10,1.2878587085651816e-14,-53.930863095115136,-53.94364539528311,0.012782300167977212,1.6525314024153746e-06,1.6534484786860666e-06,-9.17076270692002e-10,0.4669708513506793,5.5735182831768605e-09,1.2986153984318794e-08,-0.4236724001548129,"{""D"": 5.5735182831768605e-09, ""cp"": 3300.1901297248905, ""k"": 0.4669708513506793, ""rho"": 917.3534632564374}","{""D"": 5.718288964196009e-09, ""cp"": 3415.295774647876, ""k"": 0.4829577464788717, ""rho"": 976.3999999999935}","[[2.9743799668048556e-06, 6.818321475317028e-05], [8.996093947642792e-10, 5.848824971185181e-08], [1.3467635108700186e-13, 2.5802453855445715e-11]]"
297.0,bdf2,30.79415,0.02189,3,1.169703006849212e-13,2.5793223765986086e-11,1.0390976967755705e-10,3.375077994860476e-14,-53.991410164160264,-54.004200827361615,0.012790663201350583,1.6523967880658984e-06,1.653313267870445e-06,-9.16479804546645e-10,0.4669641852246349,5.573633794957116e-09,1.2985092041005159e-08,-0.42414800157712723,"{""D"": 5.573633794957116e-09, ""cp"": 3300.142133617371, ""k"": 0.4669641852246349, ""rho"": 917.3320428592713}","{""D"": 5.718404657511942e-09, ""cp"": 3415.295774647876, ""k"": 0.4829577464788717, ""rho"": 976.3999999999935}","[[2.9767794000888036e-06, 6.814767436510858e-05], [9.002298041873554e-10, 5.845880085020192e-08], [1.169703006849212e-13, 2.5793223765986086e-11]]"
297.25,bdf2,30.797470833333332,0.021891666666666667,3,1.2902482639562595e-13,2.5780336471268874e-11,3.1377567211166024e-10,2.042810365310288e-14,-54.051939104358304,-54.06473812089132,0.012799016533016072,1.6522622506174346e-06,1.65317813470352e-06,-9.158840860853175e-10,0.46695752224313525,5.573749519222621e-09,1.2984030707632722e-08,-0.42462346026882936,"{""D"": 5.573749519222621e-09, ""cp"": 3300.0941601505738, ""k"": 0.46695752224313525, ""rho"": 917.3106348858965}","{""D"": 5.718520502990406e-09, ""cp"": 3415.295774647876, ""k"": 0.4829577464788717, ""rho"": 976.3999999999935}","[[2.9791740732251728e-06, 6.811217394002531e-05], [9.008400364497289e-10, 5.8429384903399354e-08], [1.2902482639562595e-13, 2.5780336471268874e-11]]"
297.5,bdf2,30.800791666666665,0.021893333333333334,3,1.269525162442204e-13,2.5768319939708228e-11,6.73594513500575e-11,1.2656542480726785e-13,-54.11244999368738,-54.12525731132547,0.012807317638092286,1.6521277899763109e-06,1.6530430790890037e-06,-9.15289112692805e-10,0.4669508624025238,5.573865455603225e-09,1.2982969983312663e-08,-0.42509877682240654,"{""D"": 5.573865455603225e-09, ""cp"": 3300.0462092981716, ""k"": 0.4669508624025238, ""rho"": 917.2892393209072}","{""D"": 5.718636500487382e-09, ""cp"": 3415.295774647876, ""k"": 0.4829577464788717, ""rho"": 976.3999999999935}","[[2.9815640329656776e-06, 6.807671340773701e-05], [9.014576088291399e-10, 5.840000117483358e-08], [1.269525162442204e-13, 2.5768319939708228e-11]]"
297.75,bdf2,30.8041125,0.021894999999999998,3,1.034076014585878e-13,2.575874154498597e-11,2.808064891723916e-11,3.4638958368304884e-14,-54.17294282517962,-54.18575843404341,0.012815608863789407,1.6519934060483641e-06,1.6529081009308158e-06,-9.146948824516369e-10,0.46694420569915196,5.573981603729543e-09,1.2981909867316446e-08,-0.4255739516716414,"{""D"": 5.573981603729543e-09, ""cp"": 3299.998281033894, ""k"": 0.46694420569915196, ""rho"": 917.2678561489306}","{""D"": 5.718752649858972e-09, ""cp"": 3415.295774647876, ""k"": 0.4829577464788717, ""rho"": 976.3999999999935}","[[2.9839493115581373e-06, 6.804129269823427e-05], [9.020666993316001e-10, 5.8370650883573004e-08], [1.034076014585878e-13, 2.575874154498597e-11]]"
298.0,bdf2,30.807433333333332,0.021896666666666665,3,1.3693461145396127e-13,2.574811823447583e-11,2.3214852262753993e-10,8.926193117986259e-14,-54.23341765132313,-54.24624152378783,0.012823872464700514,1.651859098738122e-06,1.6527732001330935e-06,-9.141013949715426e-10,0.46693755212937926,5.574097963238341e-09,1.2980850358926865e-08,-0.42604898448429546,"{""D"": 5.574097963238341e-09, ""cp"": 3299.9503753315307, ""k"": 0.46693755212937926, ""rho"": 917.2464853546282}","{""D"": 5.718868950961953e-09, ""cp"": 3415.295774647876, ""k"": 0.4829577464788717, ""rho"": 976.3999999999935}","[[2.9863299024489062e-06, 6.800591174150778e-05], [9.026804929336021e-10, 5.834132984995449e-08], [1.3693461145396127e-13, 2.574811823447583e-11]]"
298.25,bdf2,30.810754166666666,0.021898333333333332,3,1.2130072370701036e-13,2.5736450008177807e-11,2.4931523512350395e-10,2.2648549702353193e-14,-54.29387450761389,-54.30670661566239,0.012832108048499435,1.6517248679531241e-06,1.6526383766001668e-06,-9.135086470426908e-10,0.46693090168957285,5.574214533762992e-09,1.2979791457333343e-08,-0.4265238763826545,"{""D"": 5.574214533762992e-09, ""cp"": 3299.9024921649243, ""k"": 0.46693090168957285, ""rho"": 917.2251269226933}","{""D"": 5.718985403653149e-09, ""cp"": 3415.295774647876, ""k"": 0.4829577464788717, ""rho"": 976.3999999999935}","[[2.9887058772514336e-06, 6.797057046789649e-05], [9.032850513107879e-10, 5.831204608499909e-08], [1.2130072370701036e-13, 2.5736450008177807e-11]]"
298.5,bdf2,30.814075,0.0219,3,1.19605169400191e-13,2.572896144503132e-11,6.093614501878619e-11,9.325873406851315e-15,-54.35431343803792,-54.367153743994834,0.012840305956913767,1.6515907135976375e-06,1.6525036302365726e-06,-9.129166389350733e-10,0.4669242543761074,5.5743313149443674e-09,1.2978733161910675e-08,-0.4269986269856944,"{""D"": 5.5743313149443674e-09, ""cp"": 3299.854631507974, ""k"": 0.4669242543761074, ""rho"": 917.2037808378516}","{""D"": 5.719102007789757e-09, ""cp"": 3415.295774647876, ""k"": 0.4829577464788717, ""rho"": 976.3999999999935}","[[2.9910772365690965e-06, 6.793526880791347e-05], [9.039203057204949e-10, 5.828279244844891e-08], [1.19605169400191e-13, 2.572896144503132e-11]]"
298.75,bdf2,30.817395833333332,0.021901666666666667,3,1.045364885821087e-13,2.5716596608208048e-11,1.850821718107909e-10,7.327471962526033e-14,-54.41473443561607,-54.42758294328769,0.012848507671620268,1.6514566355794738e-06,1.6523689609470558e-06,-9.123253675820073e-10,0.4669176101853659,5.5744483064217346e-09,1.2977675471790158e-08,-0.42747323687585603,"{""D"": 5.5744483064217346e-09, ""cp"": 3299.806793334635, ""k"": 0.4669176101853659, ""rho"": 917.1824470848622}","{""D"": 5.719218763229439e-09, ""cp"": 3415.295774647876, ""k"": 0.4829577464788717, ""rho"": 976.3999999999934}","[[2.993444034497449e-06, 6.790000669207185e-05], [9.045355886517665e-10, 5.825357625471446e-08], [1.045364885821087e-13, 2.5716596608208048e-11]]"
299.0,bdf2,30.820716666666666,0.021903333333333334,3,1.2054622018468443e-13,2.5704754229278714e-11,2.0668267097789794e-10,1.5987211554602254e-14,-54.475137578302046,-54.48799424749069,0.012856669188643366,1.6513226338033106e-06,1.652234368636571e-06,-9.117348332604725e-10,0.4669109691137393,5.574565507839701e-09,1.2976618386268498e-08,-0.4279477061785607,"{""D"": 5.574565507839701e-09, ""cp"": 3299.7589776189225, ""k"": 0.4669109691137393, ""rho"": 917.161125648518}","{""D"": 5.71933566983004e-09, ""cp"": 3415.295774647876, ""k"": 0.4829577464788717, ""rho"": 976.3999999999934}","[[2.9958063085565233e-06, 6.786478405036222e-05], [9.051229894380335e-10, 5.822439053769048e-08], [1.2054622018468443e-13, 2.5704754229278714e-11]]"
299.25,bdf2,30.8240375,0.021904999999999997,3,1.2261774060383015e-13,2.5695698292450398e-11,1.7598722479306161e-10,3.241851231905457e-14,-54.535522884590485,-54.54838769055641,0.012864805965925541,1.6511887081778535e-06,1.6520998532102626e-06,-9.11145032409119e-10,0.4669043311576252,5.574682918842908e-09,1.2975561904564066e-08,-0.4284220350871875,"{""D"": 5.574682918842908e-09, ""cp"": 3299.711184334902, ""k"": 0.4669043311576252, ""rho"": 917.139816513642}","{""D"": 5.719452727450057e-09, ""cp"": 3415.295774647876, ""k"": 0.4829577464788717, ""rho"": 976.3999999999934}","[[2.9981640572768505e-06, 6.782960081364604e-05], [9.057279013797162e-10, 5.8195237038903296e-08], [1.2261774060383015e-13, 2.5695698292450398e-11]]"
299.5,bdf2,30.827358333333333,0.021906666666666665,3,1.182852687830185e-13,2.5683159302995812e-11,1.3301360013429075e-11,4.75175454539567e-14,-54.595890398453044,-54.60876330610347,0.012872907650425702,1.6510548586088698e-06,1.6519654145734897e-06,-9.105559646198885e-10,0.46689769631343025,5.574800539079286e-09,1.297450602599382e-08,-0.4288962240498512,"{""D"": 5.574800539079286e-09, ""cp"": 3299.6634134566975, ""k"": 0.46689769631343025, ""rho"": 917.1185196650918}","{""D"": 5.7195699359480695e-09, ""cp"": 3415.295774647876, ""k"": 0.4829577464788717, ""rho"": 976.3999999999933}","[[3.000517319496371e-06, 6.779445691295885e-05], [9.063490058526404e-10, 5.8166116803268704e-08], [1.182852687830185e-13, 2.5683159302995812e-11]]"
299.75,bdf2,30.830679166666666,0.021908333333333332,3,1.3128118582195147e-13,2.5671665229329115e-11,1.23463905765675e-10,3.1086244689504383e-15,-54.656240129885056,-54.66912112759559,0.012880997710531972,1.6509210850042158e-06,1.6518310526318063e-06,-9.099676275905456e-10,0.4668910645775679,5.574918368198275e-09,1.2973450749774193e-08,-0.4293702732606651,"{""D"": 5.574918368198275e-09, ""cp"": 3299.615664958489, ""k"": 0.4668910645775679, ""rho"": 917.0972350877557}","{""D"": 5.71968729518295e-09, ""cp"": 3415.295774647876, ""k"": 0.4829577464788717, ""rho"": 976.3999999999933}","[[3.002866130097154e-06, 6.775935227863961e-05], [9.069475022453966e-10, 5.8137031572313004e-08], [1.3128118582195147e-13, 2.5671665229329115e-11]]"
300.0,bdf2,30.834,0.02191,3,1.3617792255331672e-13,2.5661912681975545e-11,3.1604940886609256e-10,7.238654120556021e-14,-54.71657213134436,-54.72946118826911,0.012889056924755948,1.6507873872716727e-06,1.6516967672909654e-06,-9.093800192926581e-10,0.46688443594645934,5.5750364058516075e-09,1.2972396075196993e-08,-0.42984418291382864,"{""D"": 5.5750364058516075e-09, ""cp"": 3299.567938814507, ""k"": 0.46688443594645934, ""rho"": 917.0759627665545}","{""D"": 5.719804805014106e-09, ""cp"": 3415.295774647876, ""k"": 0.4829577464788717, ""rho"": 976.3999999999933}","[[3.0052105215123355e-06, 6.772428684137554e-05], [9.075473113647226e-10, 5.8107976643915153e-08], [1.3617792255331672e-13, 2.5661912681975545e-11]]"
