time_s,radius_cm,cmax_kg_kg,center_kg_kg,surface_kg_kg,volume_mean_kg_kg,picard_iterations,nonlinear_residual,linear_residual,radius_rate_cm_s,mass_step_residual,robin_residual
60.0,1.9949873268608416,2.550000000000001,2.549999999999999,2.136237662438239,2.540720385666914,5,4.460645919019871e-11,1.2505552149377763e-12,-8.322016828478965e-05,-0.00034553928505477293,-4.5474756348265686e-07
120.0,1.9900168025889966,2.550000000000002,2.5500000000000003,2.0005437832230837,2.533440554041616,5,3.996826407942291e-11,1.3073986337985843e-12,-8.250802157497303e-05,-0.00032352863541946066,-3.0160550592443054e-07
180.0,1.9850896699029124,2.550000000000003,2.5500000000000003,1.914538138342782,2.5270901121406886,5,2.8793317164129436e-11,1.1937117960769683e-12,-8.17751628910464e-05,-0.0003087275086280602,-2.4084564218671365e-07
240.0,1.9802071715210356,2.5500000000000016,2.5499999999999994,1.8512460701316564,2.5213632774390833,5,2.236607128392701e-11,1.4210854715202004e-12,-8.102159223300966e-05,-0.00029717684198288,-2.0618424071666614e-07
300.0,1.9753705501618126,2.5500000000000016,2.549999999999999,1.8016367759228953,2.5160970177104804,4,8.71338382719457e-10,1.0231815394945443e-12,-8.024730960086302e-05,-0.00028763900433178766,-1.8174456592570015e-07
360.0,1.9705810485436897,2.5500000000000016,2.5499999999999985,1.7611491046310144,2.511184633671199,4,6.937665485635543e-10,1.2505552149377763e-12,-7.945231499460626e-05,-0.0002794377129812227,-1.6460652952767987e-07
420.0,1.9658399093851133,2.550000000000002,2.549999999999999,1.7270029073295778,2.5065545952185846,4,5.72808164040191e-10,1.1368683772161603e-12,-7.863660841423938e-05,-0.000272153734215322,-1.5106399112440336e-07
480.0,1.961148375404531,2.5500000000000016,2.5499999999999976,1.6975023761384744,2.5021544606404644,4,4.870302985141818e-10,1.4210854715202004e-12,-7.780018985976273e-05,-0.00026552720065460827,-1.4065043857493672e-07
540.0,1.956507689320388,2.5500000000000007,2.549999999999997,1.671712908654978,2.4979448380530496,4,4.147623359373119e-10,1.3642420526593924e-12,-7.694305933117583e-05,-0.00025943103220895866,-1.310848486385722e-07
600.0,1.9519190938511328,2.5500000000000007,2.549999999999998,1.6489644553603353,2.4938920034367893,4,3.5588020168766685e-10,1.2505552149377763e-12,-7.606521682847893e-05,-0.00025375760893649483,-1.23248458966595e-07
660.0,1.9473838317152101,2.5500000000000016,2.549999999999999,1.6287094392326347,2.4899686162402164,4,3.0405960658393055e-10,1.4779288903810084e-12,-7.516666235167202e-05,-0.00024842351615223,-1.1589661709040587e-07
720.0,1.9429031456310681,2.5500000000000016,2.5500000000000003,1.6104182151343078,2.486151446432119,4,2.6699962887845286e-10,1.3073986337985843e-12,-7.424739590075511e-05,-0.0002433348275188861,-1.1008143976975106e-07
780.0,1.9384782783171524,2.550000000000001,2.5500000000000003,1.5937095750022445,2.4824232630431995,4,2.3402469719773654e-10,1.4779288903810084e-12,-7.330741747572819e-05,-0.00023843605013213636,-1.0441774685470411e-07
840.0,1.9341104724919094,2.550000000000001,2.5500000000000007,1.5783184322686257,2.4787689098215457,4,2.0973954534856153e-10,1.4779288903810084e-12,-7.234672707659128e-05,-0.00023368204189674305,-9.972639479561413e-08
900.0,1.9298009708737864,2.550000000000002,2.5500000000000016,1.5639588107758173,2.475176189904543,4,1.896764434882934e-10,1.0231815394945443e-12,-7.136532470334412e-05,-0.00022902919622894938,-9.532260725064331e-08
960.0,1.9255510161812297,2.550000000000002,2.5500000000000003,1.5506459326883364,2.4716328921615247,4,1.6557913833980075e-10,1.3642420526593924e-12,-7.036321035598718e-05,-0.0002244871196199847,-9.081374338950898e-08
1020.0,1.9213618511326862,2.550000000000002,2.550000000000001,1.538143342927199,2.468128089197913,4,1.5223344831993167e-10,9.663381206337363e-13,-6.934038403452002e-05,-0.00022000872191508495,-8.729393107016196e-08
1080.0,1.917234718446602,2.5500000000000016,2.5500000000000007,1.5265099014086478,2.464653896402435,4,1.7035314508025362e-10,1.1368683772161603e-12,-6.829684573894284e-05,-0.00021561452774560442,-8.28314090545362e-08
1140.0,1.913170860841424,2.5500000000000016,2.550000000000001,1.515601471573969,2.4611996077093785,4,1.5326366378528986e-10,1.5347723092418164e-12,-6.723259546925566e-05,-0.00021126936109236492,-7.966592289454546e-08
1200.0,1.9091715210355988,2.550000000000002,2.550000000000001,1.505208931382791,2.457758743466213,4,1.5883205390174616e-10,1.2505552149377763e-12,-6.614763322545845e-05,-0.00020694449948255853,-7.623871313899698e-08
1260.0,1.9052379417475727,2.5500000000000025,2.55,1.4951811928298717,2.454324772819863,4,1.4161877709191588e-10,1.3073986337985843e-12,-6.504195900755127e-05,-0.0002026141407177654,-7.36150520890691e-08
1320.0,1.901371365695793,2.5500000000000025,2.5500000000000007,1.4856434353139745,2.450892043330016,4,1.63223122426883e-10,1.2505552149377763e-12,-6.391557281553386e-05,-0.00019830733211078733,-7.009967139458516e-08
1380.0,1.8975730355987055,2.5500000000000025,2.5500000000000025,1.4766007238680987,2.4474542609754546,4,1.5287611675347804e-10,1.2505552149377763e-12,-6.276847464940686e-05,-0.0001940157917796067,-6.735964298211492e-08
1440.0,1.8938441941747572,2.5500000000000025,2.5500000000000003,1.4677517490714935,2.444006241264929,4,1.4333739379692654e-10,1.2505552149377763e-12,-6.16006645091694e-05,-0.00018969412456077003,-6.493991713906001e-08
1500.0,1.890186084142395,2.550000000000003,2.5500000000000003,1.4589860767584126,2.4405443963058637,4,1.285280707261529e-10,1.1937117960769683e-12,-6.041214239482196e-05,-0.0001853292028847919,-6.288384874776992e-08
1560.0,1.8865999482200648,2.5500000000000025,2.5500000000000016,1.4504418927262475,2.437066187054116,4,1.4016237392943304e-10,1.4210854715202004e-12,-5.920290830636474e-05,-0.00018094868785922846,-6.015411664776301e-08
1620.0,1.8830870291262134,2.550000000000003,2.550000000000001,1.4420914943082335,2.4335669391041996,4,1.2627038724463845e-10,1.1368683772161603e-12,-5.797296224379725e-05,-0.00017654236640953804,-5.818066611893157e-08
1680.0,1.879648569579288,2.5500000000000025,2.5500000000000003,1.4338852115995784,2.4300437513420197,4,1.311016651581639e-10,1.1937117960769683e-12,-5.672230420711974e-05,-0.00017210787519103586,-5.578835581510887e-08
1740.0,1.8762858122977346,2.5500000000000025,2.550000000000002,1.4260400123075394,2.426492156818488,4,1.390696720516825e-10,1.4779288903810084e-12,-5.545093419633228e-05,-0.0001676754266517975,-5.313675482033435e-08
1800.0,1.873,2.5500000000000034,2.5500000000000025,1.4184424451497981,2.4229072482092544,4,1.306583192650756e-10,1.3073986337985843e-12,-5.415885221143472e-05,-0.00016322337181976128,-5.105541083432095e-08
1860.0,1.86979928835586,2.550000000000004,2.550000000000003,1.4109257734018397,2.419278263093173,4,1.284999283670681e-10,1.2505552149377763e-12,-5.2639191258610575e-05,-0.0001581118499144323,-4.889122638725479e-08
1920.0,1.8666874513357448,2.550000000000004,2.550000000000001,1.4032978693243046,2.4156006498037312,4,1.1174242007048792e-10,8.526512829121202e-13,-5.1199401762661174e-05,-0.00015324150061863295,-4.749233993953405e-08
1980.0,1.8636591591090803,2.5500000000000034,2.550000000000001,1.3956111401627707,2.4118808344688634,4,1.1480899984994717e-10,1.3642420526593924e-12,-4.984844277626182e-05,-0.00014865117883195236,-4.554279511423102e-08
2040.0,1.8607090818452952,2.5500000000000025,2.5500000000000016,1.3880744383404,2.4081223570747405,4,1.1359339963916747e-10,1.2505552149377763e-12,-4.8586314299412734e-05,-0.00014436270835178975,-4.367783881373542e-08
2100.0,1.8578318897138144,2.5500000000000025,2.5500000000000025,1.3806039143411422,2.404329286881917,4,1.0634339921638216e-10,1.0231815394945443e-12,-4.741301633211342e-05,-0.0001403605596864714,-4.220949274457681e-08
2160.0,1.8550222528840665,2.550000000000002,2.550000000000002,1.3732103574777084,2.4005070161031385,4,1.0540975527848292e-10,1.3073986337985843e-12,-4.6328548874364525e-05,-0.00013664566154979814,-4.0593112854143664e-08
2220.0,1.8522748415254775,2.5500000000000034,2.5500000000000034,1.3660833906971648,2.396659865942565,4,1.0799795098750948e-10,1.1368683772161603e-12,-4.5332911926165846e-05,-0.00013323700129063364,-3.871826349329676e-08
2280.0,1.8495843258074756,2.5500000000000025,2.5500000000000016,1.359113880032347,2.392791028741355,4,9.918680708833769e-11,1.4210854715202004e-12,-4.442610548751694e-05,-0.00013011517216449337,-3.754934993397054e-08
2340.0,1.8469453758994858,2.5500000000000016,2.5500000000000016,1.35232937064648,2.3889041015344468,4,1.0223763739623593e-10,1.3642420526593924e-12,-4.360812955841804e-05,-0.00012728416815149053,-3.5891552606432184e-08
2400.0,1.8443526619709374,2.5500000000000016,2.5500000000000016,1.3457501674634518,2.385002948266128,4,9.460229221488367e-11,1.0800249583553523e-12,-4.2878984138869334e-05,-0.0001247400568758284,-3.4816337582791004e-08
2460.0,1.8418008541912556,2.5499999999999994,2.5499999999999994,1.3393926614941716,2.3810928543593377,4,9.682434536830083e-11,1.2505552149377763e-12,-4.2238669228871055e-05,-0.0001224842812803013,-3.3300685323263994e-08
2520.0,1.839284622729869,2.5499999999999945,2.5499999999999945,1.333251871809797,2.377177358317883,4,9.004664271222425e-11,1.5347723092418164e-12,-4.1687184828422555e-05,-0.00012051101301675869,-3.236170398920996e-08
2580.0,1.8367986377562027,2.549999999999982,2.549999999999982,1.3271528451462364,2.3732619123639056,4,8.457971479191791e-11,1.1937117960769683e-12,-4.122453093752426e-05,-0.00011880087340613004,-3.164373255517808e-08
2640.0,1.834337569439685,2.5499999999999536,2.5499999999999536,1.3213095376466795,2.3693514404891287,4,8.909885079805755e-11,1.3642420526593924e-12,-4.085070755617575e-05,-0.00011737672533800448,-3.024687869895142e-08
2700.0,1.831896087949743,2.549999999999896,2.549999999999896,1.3157557752325024,2.365448575566827,4,8.324336805743142e-11,1.1368683772161603e-12,-4.056571468437765e-05,-0.00011623538686155257,-2.945810509608282e-08
2760.0,1.8294688634558032,2.549999999999768,2.549999999999768,1.310279111885149,2.3615587835973004,4,7.759365061356118e-11,1.1937117960769683e-12,-4.036955232212978e-05,-0.00011535390433202886,-2.895268462539889e-08
2820.0,1.8270505661272922,2.549999999999507,2.549999999999507,1.304915029841389,2.3576881829353193,4,7.708648514009317e-11,1.4779288903810084e-12,-4.0262220469431884e-05,-0.00011473653415342336,-2.823867924391332e-08
2880.0,1.824635866133638,2.5499999999989766,2.5499999999989766,1.2998634103544147,2.35384045157683,4,7.890637525739698e-11,1.2505552149377763e-12,-4.0243719126283994e-05,-0.00011440153796330637,-2.723581050740346e-08
2940.0,1.8222194336442668,2.5499999999979335,2.5499999999979335,1.2950087914769615,2.350020170627607,4,7.074121625203222e-11,1.3642420526593924e-12,-4.031404829268653e-05,-0.00011433223721181614,-2.697367447981401e-08
3000.0,1.819795938828606,2.549999999995925,2.549999999995925,1.290256445362338,2.3462324328476574,4,7.148845443897755e-11,1.3073986337985843e-12,-4.047320796863882e-05,-0.00011452130051646948,-2.6408082714680833e-08
3060.0,1.8173600518560824,2.5499999999921443,2.5499999999921443,1.2857701403228365,2.342482276835605,4,6.914437537785422e-11,1.5347723092418164e-12,-4.0721198154141125e-05,-0.00011498314110040808,-2.5878564660202463e-08
3120.0,1.8149064428961228,2.5499999999851832,2.5499999999851832,1.2816745548282735,2.338773364942666,4,7.382917462638969e-11,1.4210854715202004e-12,-4.1058018849193635e-05,-0.00011573054338554834,-2.4869440845604496e-08
3180.0,1.8124297821181545,2.5499999999726404,2.5499999999726404,1.277966675320899,2.3351085159029115,4,6.681162789709476e-11,1.4779288903810084e-12,-4.148367005379635e-05,-0.00011675922429718144,-2.4498995240770804e-08
3240.0,1.8099247396916047,2.549999999950491,2.549999999950491,1.274445798698333,2.331493035286479,4,6.460126348348204e-11,1.2505552149377763e-12,-4.199815176794905e-05,-0.00011805064516093289,-2.4158887906253003e-08
3300.0,1.8073859857859005,2.549999999912144,2.549999999912144,1.2711770315309054,2.3279308840372925,4,6.300472297896617e-11,1.3642420526593924e-12,-4.2601463991651965e-05,-0.0001196128698893659,-2.3793838294858074e-08
3360.0,1.8048081905704678,2.5499999998469893,2.5499999998469893,1.2680625934531395,2.3244264333278903,4,5.7256488305113446e-11,1.5347723092418164e-12,-4.3293606724905e-05,-0.00012143503142674676,-2.3819379257832364e-08
3420.0,1.8021860242147345,2.5499999997382585,2.5499999997382585,1.265162969200737,2.320984841617898,4,5.888601520759963e-11,1.2505552149377763e-12,-4.4074579967707985e-05,-0.00012352656264081544,-2.3469318925806322e-08
3480.0,1.7995141568881274,2.5499999995599008,2.5499999995599008,1.262442545513108,2.3176105781722933,4,5.2117867443570136e-11,1.1368683772161603e-12,-4.494438372006116e-05,-0.00012588219725457206,-2.3623117395642287e-08
3540.0,1.7967872587600737,2.5499999992721407,2.5499999992721407,1.2599202208835252,2.314309162556175,4,5.366699715791107e-11,1.1368683772161603e-12,-4.5903017981964466e-05,-0.00012850761581115048,-2.341865495055813e-08
3600.0,1.794,2.5499999988151782,2.5499999988151782,1.2578102089661076,2.3110837124358046,4,5.824783985356639e-11,1.3642420526593924e-12,-4.695048275341778e-05,-0.00013142924339787994,-2.291816821790597e-08
3660.0,1.7911592291938998,2.5499999981005246,2.5499999981005246,1.2559885435230385,2.3079233657334433,4,5.1100425473899376e-11,1.7053025658242404e-12,-4.767427303316384e-05,-0.00013347723602571092,-2.293394112860301e-08
3720.0,1.788277336819172,2.5499999969991713,2.5499999969991713,1.2542727222108194,2.304813091364675,4,5.163202559317869e-11,1.3073986337985843e-12,-4.8336431348341776e-05,-0.0001353676786044842,-2.2783704232896565e-08
3780.0,1.7853573058823529,2.5499999953257126,2.5499999953257126,1.2527545675793712,2.301748047203576,4,5.262371482740983e-11,1.3073986337985843e-12,-4.8948872887920615e-05,-0.00013714569692268176,-2.2512606294982703e-08
3840.0,1.7824021193899786,2.5499999928173094,2.5499999928173094,1.2513084849567586,2.2987229500676354,4,4.71748868359624e-11,1.2505552149377763e-12,-4.9511597651900226e-05,-0.0001387949798504251,-2.2608396478333978e-08
3900.0,1.7794147603485841,2.549999989106206,2.549999989106206,1.2498830994701884,2.2957337558479676,4,4.6541171392998936e-11,1.7053025658242404e-12,-5.0024605640280786e-05,-0.0001403112301125906,-2.257211543783913e-08
3960.0,1.7763982117647061,2.5499999836843172,2.5499999836843172,1.248531301630222,2.2927773059755276,4,4.70875707161106e-11,1.1937117960769683e-12,-5.0487896853062294e-05,-0.00014170112172865053,-2.2437430919730002e-08
4020.0,1.7733554566448801,2.5499999758581335,2.5499999758581335,1.247159971877337,2.289849325417051,4,4.226104507067093e-11,1.8758328224066645e-12,-5.090147129024418e-05,-0.0001429516291590161,-2.2588468304673827e-08
4080.0,1.7702894779956433,2.54999996469214,2.54999996469214,1.245723908770336,2.2869465087557552,4,4.093852119005823e-11,1.4779288903810084e-12,-5.126532895182756e-05,-0.00014405807282933964,-2.2659835378969214e-08
4140.0,1.7672032588235294,2.5499999489386425,2.5499999489386425,1.244420593266141,2.2840660877071617,4,4.9855004987381174e-11,1.4779288903810084e-12,-5.157946983781166e-05,-0.0001450469974139684,-2.216540375962925e-08
4200.0,1.7640997821350761,2.549999926951907,2.549999926951907,1.2431722571720443,2.2812032003318756,4,4.2132796640362814e-11,1.6484591469634324e-12,-5.184389394819648e-05,-0.00014590359071926632,-2.226685150694256e-08
4260.0,1.7609820309368192,2.549999896584413,2.549999896584413,1.2419237293303835,2.278353948555605,4,4.608763375574284e-11,1.8189894035458565e-12,-5.2058601282982255e-05,-0.00014662366371496203,-2.201952520026014e-08
4320.0,1.7578529882352945,2.5499998550625724,2.5499998550625724,1.2408309875324748,2.275514219580587,4,5.0576875899256046e-11,1.3642420526593924e-12,-5.2223591842168947e-05,-0.00014722673656677847,-2.1564027975779188e-08
4380.0,1.7547156370370371,2.549999798839187,2.549999798839187,1.2396315643022136,2.2726800682281603,4,3.624988283644005e-11,1.5347723092418164e-12,-5.2338865625756376e-05,-0.00014767397736826463,-2.1963774099323876e-08
4440.0,1.751572960348584,2.5499997234200844,2.5499997234200844,1.2382360127890644,2.2698497826923774,4,3.907831935922765e-11,2.5011104298755527e-12,-5.240442263374496e-05,-0.00014795870768412724,-2.1940758716880293e-08
4500.0,1.7484279411764705,2.5499996231618836,2.5499996231618836,1.2368702410859767,2.267020483406704,4,4.4864357972343044e-11,1.7053025658242404e-12,-5.242026286613405e-05,-0.0001481101757105015,-2.159700150018424e-08
4560.0,1.7452835625272332,2.5499994910399986,2.5499994910399986,1.2355415848306646,2.264188498140585,4,4.328834478641795e-11,1.5347723092418164e-12,-5.238638632292407e-05,-0.0001481259213176754,-2.1424141885432156e-08
4620.0,1.7421428074074075,2.5499993183875223,2.5499993183875223,1.234235486972062,2.261349520905224,4,4.699323261557636e-11,1.7053025658242404e-12,-5.230279300411503e-05,-0.00014800465582497405,-2.1071954659544015e-08
4680.0,1.7390086588235296,2.5499990946011497,2.5499990946011497,1.2329309361219647,2.2585002461359553,4,4.279361588121579e-11,2.0463630789890885e-12,-5.216948290970716e-05,-0.00014774133056272938,-2.0947372146501106e-08
4740.0,1.7358840997821352,2.549998806809882,2.549998806809882,1.2315719456001433,2.255637898747656,4,4.51577906634286e-11,1.6484591469634324e-12,-5.198645603970001e-05,-0.0001473298271891315,-2.0678352445207083e-08
4800.0,1.7327721132897604,2.549998439504565,2.549998439504565,1.2301131225160287,2.252757980726119,4,4.0757683705137574e-11,1.5347723092418164e-12,-5.175371239409335e-05,-0.0001467627225825043,-2.0675736923052925e-08
4860.0,1.7296756823529413,2.5499979741289653,2.5499979741289653,1.22847508210471,2.2498582527401654,4,3.8758007689586204e-11,1.7053025658242404e-12,-5.147125197288786e-05,-0.0001460303801233164,-2.0677919303297953e-08
4920.0,1.7265977899782134,2.5499973886347025,2.5499973886347025,1.2268278230145924,2.2469369748716526,4,4.703915875416153e-11,1.3642420526593924e-12,-5.113907477608354e-05,-0.00014515671846698677,-2.0152458290177554e-08
4980.0,1.7235414191721135,2.549996657003028,2.549996657003028,1.2250278178432954,2.243991244730494,4,3.568420470088273e-11,1.8758328224066645e-12,-5.075718080367949e-05,-0.00014411788209178333,-2.0419663875414072e-08
5040.0,1.720509552941177,2.549995748740241,2.549995748740241,1.222974358460765,2.2410193910430936,4,3.947429436308118e-11,1.5347723092418164e-12,-5.032557005567659e-05,-0.00014290574473397948,-2.030745673151246e-08
5100.0,1.7175051742919392,2.5499946283422825,2.5499946283422825,1.2208619049136247,2.238018830388561,4,4.3386348850498146e-11,2.0463630789890885e-12,-4.984424253207452e-05,-0.0001415450887651314,-1.9976684585825707e-08
5160.0,1.714531266230937,2.549993254741803,2.549993254741803,1.2188272562046554,2.2349856478893924,4,5.0358255011226064e-11,2.3305801732931286e-12,-4.931319823287342e-05,-0.00014005233992261934,-1.933009024818728e-08
5220.0,1.7115908117647058,2.5499915807570215,2.5499915807570215,1.2167326563066245,2.231915664975417,4,4.2640471544382135e-11,1.4779288903810084e-12,-4.873243715807311e-05,-0.00013840605926239468,-1.9306599315941784e-08
5280.0,1.708686793899782,2.5499895525091243,2.5499895525091243,1.2143695349004375,2.2288069282474723,4,4.115662700057621e-11,2.6716406864579767e-12,-4.810195930767371e-05,-0.00013658355354010266,-1.931358230716676e-08
5340.0,1.7058221956427018,2.5499871087725237,2.5499871087725237,1.211954459597243,2.2256579574293633,4,4.8689689252900427e-11,1.4779288903810084e-12,-4.742176468167518e-05,-0.00013461463052055625,-1.8732165138978653e-08
5400.0,1.703,2.5499841803087326,2.5499841803087326,1.2093837154885745,2.2224650223950118,4,4.269651741958143e-11,1.8758328224066645e-12,-4.6691853280077486e-05,-0.00013248298179712413,-1.8805638406636642e-08
5460.0,1.7001822456140352,2.5499806892608574,2.5499806892608574,1.2069496366207135,2.2192744065308956,4,4.968027615108623e-11,1.7053025658242404e-12,-4.7226541910331406e-05,-0.00013395578060851148,-1.8141168131360547e-08
5520.0,1.6973323508771931,2.549976548560378,2.549976548560378,1.204732101757406,2.2161280028465913,4,4.1079829824337496e-11,1.9326762412674725e-12,-4.772291617933727e-05,-0.0001353433917505838,-1.8221210472298222e-08
5580.0,1.6944553684210526,2.549971661312907,2.549971661312907,1.2025235834061074,2.213017748908528,4,4.00582769360816e-11,1.8758328224066645e-12,-4.81350799220273e-05,-0.00013649393369435242,-1.8232311975896084e-08
5640.0,1.6915563508771931,2.549965920162123,2.549965920162123,1.2004095688801575,2.2099378301586294,4,4.0288640243032405e-11,1.5347723092418164e-12,-4.846303313840154e-05,-0.00013741872072482676,-1.8086555057592016e-08
5700.0,1.6886403508771934,2.549959206666353,2.549959206666353,1.1984133788911557,2.2068814036810354,4,4.290782509514519e-11,1.5347723092418164e-12,-4.870677582846005e-05,-0.00013812072454028566,-1.7828877486583368e-08
5760.0,1.685712421052632,2.5499513907907447,2.5499513907907447,1.196479813214237,2.2038418264963138,4,3.8008961816518953e-11,2.0463630789890885e-12,-4.8866307992202735e-05,-0.00013859117530379966,-1.7845302267780012e-08
5820.0,1.6827776140350876,2.549942330444605,2.549942330444605,1.1944206233725727,2.200813220570826,4,3.5616499695272896e-11,1.7053025658242404e-12,-4.894162962962971e-05,-0.00013880732738602661,-1.8007482380942174e-08
5880.0,1.6798409824561407,2.549931870963239,2.549931870963239,1.1923819793021317,2.1977908120505667,4,4.012729182276724e-11,1.8758328224066645e-12,-4.8932740740740825e-05,-0.000138789206712484,-1.7727209473285457e-08
5940.0,1.6769075789473682,2.5499198446792883,2.5499198446792883,1.1905143361741228,2.1947670196390576,4,4.751454859826069e-11,1.3642420526593924e-12,-4.8839641325536125e-05,-0.00013855482601159695,-1.716598802354285e-08
6000.0,1.673982456140351,2.549906070741497,2.549906070741497,1.1887642892297978,2.191734271884372,4,4.134229390666145e-11,1.7621459846850485e-12,-4.866233138401592e-05,-0.00013809321489123604,-1.7032050359295295e-08
6060.0,1.6710706666666666,2.5498903548528893,2.5498903548528893,1.1868523309741,2.188687640947542,4,3.792439943005457e-11,1.8189894035458565e-12,-4.840081091617955e-05,-0.00013737019987423093,-1.7132127543594493e-08
6120.0,1.668177263157895,2.54987248850979,2.54987248850979,1.1847098501331494,2.1856215721766397,4,3.581716319908151e-11,2.3874235921539366e-12,-4.805507992202724e-05,-0.00013637882427234693,-1.7293651681301502e-08
6180.0,1.665307298245614,2.5498522482563586,2.5498522482563586,1.1826045787394153,2.182531677716548,4,4.7612104649141014e-11,1.7621459846850485e-12,-4.7625138401559424e-05,-0.00013515523362394655,-1.6615661061511145e-08
6240.0,1.6624658245614037,2.5498293957218228,2.5498293957218228,1.1804929520906995,2.179411129548976,4,4.102517228063272e-11,1.8189894035458565e-12,-4.7110986354775676e-05,-0.00013368800367619745,-1.662910711373736e-08
6300.0,1.6596578947368423,2.5498036781059907,2.5498036781059907,1.1782124375623861,2.1762550646885215,4,4.244282599717376e-11,1.8189894035458565e-12,-4.651262378167641e-05,-0.00013195987596850537,-1.648903581548108e-08
6360.0,1.6568885614035087,2.54977482805085,2.54977482805085,1.1757133532510975,2.173057770325248,4,4.127240504933546e-11,1.9326762412674725e-12,-4.583005068226121e-05,-0.00012996544490634409,-1.654870799420084e-08
6420.0,1.6541628771929826,2.5497425632338095,2.5497425632338095,1.173038989183952,2.1698154555711437,4,4.424560194227472e-11,1.5916157281026244e-12,-4.506326705653029e-05,-0.0001277120650242825,-1.635752242947623e-08
6480.0,1.6514858947368425,2.5497065866887167,2.5497065866887167,1.1701724689456703,2.1665234975093806,4,4.5389854133504835e-11,2.5579538487363607e-12,-4.4212272904483425e-05,-0.00012519815118462534,-1.6280659049465023e-08
6540.0,1.6488626666666668,2.5496665876726117,2.5496665876726117,1.1673751606708378,2.1631768950693226,4,5.47398959303265e-11,1.3642420526593924e-12,-4.327706822612084e-05,-0.00012245668714918267,-1.5423646080470677e-08
6600.0,1.6462982456140351,2.5496222426429136,2.5496222426429136,1.164443677621591,2.1597686947345753,4,4.730894366707844e-11,1.8758328224066645e-12,-4.2257653021442515e-05,-0.0001194597423571156,-1.558218878623788e-08
6660.0,1.6437976842105262,2.549573215626241,2.549573215626241,1.1612164626586714,2.156295264348996,4,5.036317862775167e-11,1.5916157281026244e-12,-4.115402729044827e-05,-0.00011619557468157732,-1.5405544638693957e-08
6720.0,1.641366035087719,2.5495191572280755,2.5495191572280755,1.15782454467185,2.1527526753335637,4,5.4192080017001736e-11,1.5916157281026244e-12,-3.99661910331383e-05,-0.0001126815837886949,-1.505202746787232e-08
6780.0,1.639008350877193,2.5494597044763223,2.5494597044763223,1.1543492882204167,2.149134856390966,4,5.680486754170808e-11,2.0463630789890885e-12,-3.869414424951281e-05,-0.00010892777665982476,-1.4594474154548259e-08
6840.0,1.6367296842105263,2.549394482618419,2.549394482618419,1.1506484255614606,2.1454366755796306,4,5.545381758389535e-11,2.3874235921539366e-12,-3.733788693957117e-05,-0.00010492076072256837,-1.4547981443084221e-08
6900.0,1.6345350877192983,2.5493231060852497,2.5493231060852497,1.1468563321567529,2.14165412663203,4,6.132741901573688e-11,1.7053025658242404e-12,-3.5897419103313915e-05,-0.00010067983080938744,-1.3760917040358979e-08
6960.0,1.6324296140350878,2.5492451781274443,2.5492451781274443,1.142956029835794,2.137780876850756,4,5.935579700986963e-11,2.2168933355715126e-12,-3.437274074074072e-05,-9.620299878544951e-05,-1.3552592904924729e-08
7020.0,1.6304183157894736,2.54916029106493,2.54916029106493,1.138778965645271,2.133811710697863,4,6.091325592695175e-11,1.4779288903810084e-12,-3.276385185185179e-05,-9.148029905377557e-05,-1.3282860278822516e-08
7080.0,1.6285062456140351,2.5490680257367058,2.5490680257367058,1.1343176991418822,2.1297426254225393,4,6.199103622385896e-11,2.1032064978498966e-12,-3.107075243664721e-05,-8.651691622009049e-05,-1.3078476993108953e-08
7140.0,1.6266984561403508,2.548967950981441,2.548967950981441,1.1296562829454806,2.1255701607155406,4,6.403179243653527e-11,1.7053025658242404e-12,-2.9293442495126768e-05,-8.132617429952864e-05,-1.2540071005070417e-08
7200.0,1.625,2.548859625595612,2.548859625595612,1.124763273101507,2.1212878190441393,4,6.417985622101908e-11,1.5347723092418164e-12,-2.7431922027290478e-05,-7.59103124844682e-05,-1.2282621531192394e-08
7260.0,1.6233874068733476,2.548742601220038,2.548742601220038,1.119755185270819,2.1169255397693654,4,6.377404832776751e-11,1.3642420526593924e-12,-2.642486207909425e-05,-7.287262100304042e-05,-1.1843710140635518e-08
7320.0,1.6218318000480654,2.548616423492836,2.548616423492836,1.1146140695481774,2.1125202227958066,4,6.314246513160563e-11,1.9895196601282805e-12,-2.549886672541323e-05,-7.006422895072275e-05,-1.1855745197891485e-08
7380.0,1.6203301225666906,2.548480631849239,2.548480631849239,1.109472951897111,2.1080773955040883,4,6.343105436613719e-11,1.5916157281026244e-12,-2.4623820662767998e-05,-6.741196880261097e-05,-1.1234567994216594e-08
7440.0,1.6188793174717615,2.5483347606185625,2.5483347606185625,1.104295715764452,2.103599902435091,4,6.239190069927244e-11,1.4779288903810084e-12,-2.3799723891158673e-05,-6.491104757907156e-05,-1.1213717401995685e-08
7500.0,1.617476327805816,2.548178342374257,2.548178342374257,1.0991684448720203,2.0990917598519827,4,6.18365111035239e-11,1.7053025658242404e-12,-2.30265764105852e-05,-6.256676222633024e-05,-1.057811454665915e-08
7560.0,1.6161180966113917,2.5480109093235246,2.5480109093235246,1.0940799622914703,2.094555938297673,4,6.041363711408037e-11,2.2737367544323206e-12,-2.2304378221047413e-05,-6.037586726170981e-05,-1.0452853858255621e-08
7620.0,1.6148015669310263,2.5478319927920503,2.5478319927920503,1.0888986357606119,2.0899956626106295,4,6.027349114391267e-11,1.9895196601282805e-12,-2.163312932254531e-05,-5.8329855845731175e-05,-1.0320844808950816e-08
7680.0,1.6135236818072582,2.5476411213393555,2.5476411213393555,1.083727077717564,2.0854161548345314,4,5.95645330342144e-11,1.9326762412674725e-12,-2.1012829715079328e-05,-5.6433848362685596e-05,-9.996741678533894e-09
7740.0,1.6122813842826242,2.5474378202881462,2.5474378202881462,1.0786798752888966,2.08082082176117,4,5.8142724524917606e-11,1.8189894035458565e-12,-2.0443479398648817e-05,-5.4692536522913564e-05,-9.499729079166606e-09
7800.0,1.6110716173996633,2.547221615264119,2.547221615264119,1.073614031502492,2.0762112520006175,4,5.751264790731669e-11,2.3874235921539366e-12,-1.99250783732541e-05,-5.3095798126853364e-05,-9.586804712803817e-09
7860.0,1.609891324200913,2.546992033431209,2.546992033431209,1.0686733789983685,2.0715918690342563,4,5.594283798262018e-11,2.2168933355715126e-12,-1.9457626638895613e-05,-5.1650648968505544e-05,-8.876818259124857e-09
7920.0,1.6087374477289114,2.546748599987161,2.546748599987161,1.063811697215485,2.0669656337078477,4,5.481903334616443e-11,1.7053025658242404e-12,-1.9041124195572706e-05,-5.035193166539416e-05,-8.931970277413204e-09
7980.0,1.6076069310261956,2.5464908370959782,2.5464908370959782,1.058850705758058,2.0623365719835673,4,5.5084472641249406e-11,2.0463630789890885e-12,-1.8675571043285588e-05,-4.918976544418974e-05,-8.876512836828805e-09
8040.0,1.6064967171353037,2.5462182618769362,2.5462182618769362,1.0539595640384078,2.0577087618560412,4,5.426986773602049e-11,2.1600499167107046e-12,-1.8360967182034488e-05,-4.817156540674845e-05,-8.522656786850117e-09
8100.0,1.6054037490987743,2.545930388663409,2.545930388663409,1.0490830298810645,2.0530868974895693,4,5.408273694607967e-11,1.8189894035458565e-12,-1.8097312611818962e-05,-4.72924733156923e-05,-8.599495919896818e-09
8160.0,1.6043249699591444,2.5456267374376043,2.5456267374376043,1.0443512393925936,2.0484738463431365,4,5.267044435764312e-11,2.3305801732931286e-12,-1.788460733263902e-05,-4.6557853792385554e-05,-7.951436707198167e-09
8220.0,1.6032573227589522,2.5453068369222707,2.5453068369222707,1.0397281524037136,2.043870781465804,4,5.2124718198486906e-11,1.7621459846850485e-12,-1.7722851344495085e-05,-4.5963437967841024e-05,-8.104509785326621e-09
8280.0,1.6021977505407357,2.544970224955641,2.544970224955641,1.035156538711979,2.03928288210492,4,5.145100184383022e-11,1.5916157281026244e-12,-1.7612044647387163e-05,-4.550556617937952e-05,-7.741223073783006e-09
8340.0,1.6011431963470317,2.5446164404549823,2.5446164404549823,1.0305467172839866,2.0347132265235666,4,5.247146945002276e-11,1.5916157281026244e-12,-1.7552187241314824e-05,-4.5178401265139924e-05,-8.05069948321479e-09
8400.0,1.6000906032203797,2.5442450202132503,2.5442450202132503,1.026009566132767,2.0301663456648473,4,5.188934932617459e-11,1.7053025658242404e-12,-1.754327912627827e-05,-4.498627778946646e-05,-7.603259508590774e-09
8460.0,1.5990369142033163,2.5438555058638705,2.5438555058638705,1.0216318843196175,2.025644665474475,4,5.1366859955561204e-11,1.7621459846850485e-12,-1.7585320302277955e-05,-4.493139337551018e-05,-7.530457761126633e-09
8520.0,1.5979790723383802,2.5434474538446357,2.5434474538446357,1.0174148017460654,2.0211502097235297,4,5.037506395703854e-11,2.2737367544323206e-12,-1.7678310769313e-05,-4.5012554696870666e-05,-7.201745914676458e-09
8580.0,1.5969140206681085,2.5430204345397875,2.5430204345397875,1.0132690918668377,2.0166858507037824,4,5.066400325591292e-11,2.5011104298755527e-12,-1.7822250527383838e-05,-4.5224087580523196e-05,-7.34050479048205e-09
8640.0,1.5958387022350398,2.542574020937723,2.542574020937723,1.0091590307914353,2.012256833985859,4,5.092975343289505e-11,1.6484591469634324e-12,-1.801713957649079e-05,-4.556347752026604e-05,-7.2290540841359435e-09
8700.0,1.5947500600817113,2.5421077811894355,2.5421077811894355,1.005084398229735,2.007866216698859,4,5.17987668246118e-11,2.2168933355715126e-12,-1.8262977916633324e-05,-4.602957793880424e-05,-7.307240165319256e-09
8760.0,1.593645037250661,2.541621286301011,2.541621286301011,1.001116684271669,2.003517092585589,4,5.176496317864302e-11,2.2168933355715126e-12,-1.855976554781177e-05,-4.662485670333408e-05,-7.143250532457914e-09
8820.0,1.5925205767844268,2.541114124230368,2.541114124230368,0.9972839610772066,1.9992113307676245,4,5.164835226167952e-11,3.808509063674137e-12,-1.8907502470025942e-05,-4.734969221449972e-05,-7.062359031225386e-09
8880.0,1.5913736217255467,2.540585905356961,2.540585905356961,0.9936189252868615,1.9949526935962139,4,5.082045895221654e-11,1.8189894035458565e-12,-1.930618868327592e-05,-4.8204814907052145e-05,-6.9513991652543135e-09
8940.0,1.5902011151165585,2.5400362566074817,2.5400362566074817,0.9899627814790157,1.9907450212651343,4,5.191935770199052e-11,2.3305801732931286e-12,-1.9755824187561752e-05,-4.9181302275926595e-05,-7.185510733244624e-09
9000.0,1.589,2.5394648108343634,2.5394648108343634,0.9865621180236039,1.9865907529120936,4,5.019107351955654e-11,2.3305801732931286e-12,-2.0256408982883378e-05,-5.0292314440504734e-05,-6.61564159967588e-09
9060.0,1.5877849693209767,2.5388712078581843,2.5388712078581843,0.9834040072770311,1.9824698354031054,4,4.844169509965468e-11,2.2168933355715126e-12,-2.0229599538597962e-05,-5.010371697277468e-05,-6.557856473164124e-09
9120.0,1.586572482155816,2.5382551002273837,2.5382551002273837,0.9800761349279701,1.9783615030705637,4,5.026246086003994e-11,1.9326762412674725e-12,-2.0190379112461237e-05,-4.987479785847817e-05,-6.965944290252058e-09
9180.0,1.5853621307438874,2.5376161334051166,2.5376161334051166,0.9766947910409303,1.9742659070286515,4,5.0999759970693503e-11,1.7053025658242404e-12,-2.0157954696831183e-05,-4.9660663382584144e-05,-6.722262862102877e-09
9240.0,1.5841535073245607,2.5369539381837507,2.5369539381837507,0.9733509213708158,1.9701838538389425,4,5.100708744265603e-11,2.7284841053187847e-12,-2.0132326291707974e-05,-4.946520226312254e-05,-6.83960234776183e-09
9300.0,1.5829462041372049,2.536268161595534,2.536268161595534,0.9701021713464262,1.9661172473872968,4,5.000266867227765e-11,1.9895196601282805e-12,-2.0113493897091382e-05,-4.9291840938495515e-05,-6.443113337028017e-09
9360.0,1.5817398134211895,2.535558479655987,2.535558479655987,0.9668612523011113,1.9620642031415148,4,5.047784412681722e-11,1.9326762412674725e-12,-2.0101457512981736e-05,-4.9135008318497376e-05,-6.696743613553521e-09
9420.0,1.5805339274158847,2.534824591114125,2.534824591114125,0.9636638843984625,1.9580254781116888,4,4.9883652764037834e-11,2.3874235921539366e-12,-2.009621713937893e-05,-4.899723058374785e-05,-6.3870704208953884e-09
9480.0,1.5793281383606603,2.5340662034059824,2.5340662034059824,0.9605712279786807,1.9540013548209796,4,4.908107253953631e-11,2.2737367544323206e-12,-2.0097772776282744e-05,-4.888123368781055e-05,-6.332018063413273e-09
9540.0,1.5781220384948844,2.5332830280575034,2.5332830280575034,0.9575031049384524,1.9499915824427487,4,4.8937076613242425e-11,2.3874235921539366e-12,-2.0106124423693398e-05,-4.8782611590254116e-05,-6.290556634651285e-09
9600.0,1.5769152200579286,2.532474776914615,2.532474776914615,0.9543573553192314,1.9459978837841092,4,5.009104242503781e-11,1.9326762412674725e-12,-2.0121272081611106e-05,-4.8695638266115545e-05,-6.530881948615768e-09
9660.0,1.5757072752891612,2.5316411563044694,2.5316411563044694,0.9513018773444032,1.942021043608331,4,4.9129922352619815e-11,2.1032064978498966e-12,-2.0143215750035e-05,-4.8630200794466314e-05,-6.06561112093472e-09
9720.0,1.574497796427952,2.5307818813294296,2.5307818813294296,0.948234223246931,1.9380586684529955,4,5.012346093735687e-11,1.9326762412674725e-12,-2.017195542896617e-05,-4.857940966353729e-05,-6.474333389355449e-09
9780.0,1.573286375713671,2.5298966984100306,2.5298966984100306,0.9450960867003999,1.9341140543001405,4,5.082390064359288e-11,2.1600499167107046e-12,-2.0207491118403742e-05,-4.854078763059428e-05,-6.371449201716276e-09
9840.0,1.5720726053856875,2.5289853729119676,2.5289853729119676,0.9420872519119725,1.9301879143743288,4,4.979350265443827e-11,2.1600499167107046e-12,-2.024982281834837e-05,-4.8525252444532076e-05,-6.0831812926192945e-09
9900.0,1.5708560776833709,2.528047694686688,2.528047694686688,0.9391256120648399,1.9262776388989669,4,4.983657930779373e-11,2.7284841053187847e-12,-2.0298950528799616e-05,-4.8527488328921765e-05,-6.211878003185622e-09
9960.0,1.569636384846091,2.5270834916198,2.5270834916198,0.9362847558334114,1.922384740347907,4,4.821487653572376e-11,2.7853275241795927e-12,-2.0354874249757923e-05,-4.855197291014484e-05,-5.845697115730083e-09
10020.0,1.5684131191132178,2.526092599560537,2.526092599560537,0.9335008903199833,1.9185082135044071,4,4.814326715063544e-11,2.4442670110147446e-12,-2.041759398122263e-05,-4.8594644739831676e-05,-5.9503187673531e-09
10080.0,1.5671858727241204,2.525074840054478,2.525074840054478,0.9306736826272282,1.9146495882386967,4,4.871403280759523e-11,2.3874235921539366e-12,-2.0487109723194393e-05,-4.86500268916802e-05,-6.0546536203548294e-09
10140.0,1.5659542379181681,2.524030011555105,2.524030011555105,0.927917605132547,1.9108098289616304,4,4.808953235624358e-11,2.3305801732931286e-12,-2.056342147567278e-05,-4.872507507157998e-05,-5.7471975650211675e-09
10200.0,1.5647178069347307,2.5229579037072902,2.5229579037072902,0.9251558492384835,1.9069875019878566,4,4.888034421668408e-11,1.9895196601282805e-12,-2.0646529238658213e-05,-4.8814461956433715e-05,-6.069570222691185e-09
10260.0,1.5634761720131785,2.521858330233834,2.521858330233834,0.9223443829964069,1.9031834903436256,4,4.969469280524663e-11,2.0463630789890885e-12,-2.073643301215006e-05,-4.891651763774661e-05,-5.940145725258894e-09
10320.0,1.5622289253928803,2.5207311249727407,2.5207311249727407,0.9196117826757011,1.8993993084800997,4,4.9161785753426557e-11,2.2737367544323206e-12,-2.083313279614896e-05,-4.9037923859137234e-05,-5.931007581525336e-09
10380.0,1.560975659313206,2.519576150963321,2.519576150963321,0.9169739823844015,1.8956342450424488,4,4.8343107295067966e-11,1.8758328224066645e-12,-2.093662859065448e-05,-4.917985840623959e-05,-5.6623887757436295e-09
10440.0,1.5597159660135254,2.5183933076435703,2.5183933076435703,0.9143299577228559,1.8918874584744665,4,4.902056538469424e-11,1.7053025658242404e-12,-2.1046920395666726e-05,-4.933565059508379e-05,-5.994677771503537e-09
10500.0,1.5584494377332077,2.5171825116254176,2.5171825116254176,0.9115816429225291,1.8881614918204481,4,5.066058683667052e-11,2.3874235921539366e-12,-2.1164008211185813e-05,-4.9500514294474314e-05,-6.001626343576465e-09
10560.0,1.5571756667116226,2.5159436709664913,2.5159436709664913,0.9089902200491834,1.8844573298658647,4,4.8957393694593065e-11,2.3874235921539366e-12,-2.1287892037211853e-05,-4.968949747626071e-05,-5.682393704864377e-09
10620.0,1.5558942451881395,2.5146767187269328,2.5146767187269328,0.9065790778463091,1.8807730557551707,4,4.707612077936574e-11,2.1032064978498966e-12,-2.1418571873744496e-05,-4.990342891675933e-05,-5.4860932128897075e-09
10680.0,1.5546047654021284,2.513381637444752,2.513381637444752,0.9042760092424111,1.8771084171106924,4,4.5643044899179586e-11,2.6716406864579767e-12,-2.155604772078394e-05,-5.0137812945516634e-05,-5.46897322368265e-09
10740.0,1.5533068195929587,2.5120584003904343,2.5120584003904343,0.9019225936565909,1.8734640846081307,4,4.6656789542964816e-11,1.7621459846850485e-12,-2.1700319578330198e-05,-5.038369045601336e-05,-5.602134023581936e-09
10800.0,1.552,2.5107069133691926,2.5107069133691926,0.8995676939835525,1.8698388978147458,4,4.706512957142195e-11,2.3874235921539366e-12,-2.1851387446383233e-05,-5.064435145694853e-05,-5.563650531594341e-09
10860.0,1.5506773855414908,2.509327038873056,2.509327038873056,0.8972917368378284,1.866241570632621,4,4.62960780822641e-11,3.0127011996228248e-12,-2.221400535083608e-05,-5.1397971108091195e-05,-5.5333041763493926e-09
10920.0,1.5493334674542898,2.5079186507461757,2.5079186507461757,0.8950153569410498,1.8626796013263258,4,4.6957326915730846e-11,2.5011104298755527e-12,-2.2555760250039e-05,-5.2100741801568325e-05,-5.707266751701505e-09
10980.0,1.5479699564556966,2.506481647928425,2.506481647928425,0.8927379142314484,1.8591519707595148,4,4.751898874388871e-11,2.2168933355715126e-12,-2.286900319424904e-05,-5.2735595962623695e-05,-5.728839931799038e-09
11040.0,1.5465885632630099,2.505015960596472,2.505015960596472,0.8905966155741891,1.8556561627893058,4,4.624001181952053e-11,2.3874235921539366e-12,-2.315373418346624e-05,-5.3311737891877976e-05,-5.4885195867554515e-09
11100.0,1.5451909985935306,2.5035215816886796,2.5035215816886796,0.8885176374747867,1.8521872044015402,4,4.5977111007289295e-11,2.8421709430404007e-12,-2.340995321769026e-05,-5.382420131423265e-05,-5.628274509433001e-09
11160.0,1.5437789731645575,2.5019985646797758,2.5019985646797758,0.8864286871677934,1.84874381766679,4,4.6279424736894725e-11,3.069544618483633e-12,-2.363766029692143e-05,-5.426901764134614e-05,-5.6825080797381735e-09
11220.0,1.5423541976933894,2.500446964552617,2.500446964552617,0.8842507697555902,1.8453236143250833,4,4.843581091762417e-11,2.1032064978498966e-12,-2.383685542115954e-05,-5.464143219295121e-05,-5.895741300466226e-09
11280.0,1.540918382897328,2.4988668255768745,2.4988668255768745,0.8822465354220602,1.8419249351934233,4,4.6207038195689165e-11,1.8189894035458565e-12,-2.4007538590404686e-05,-5.4959579682879376e-05,-5.43426177056161e-09
11340.0,1.5394732394936708,2.497258228660942,2.497258228660942,0.8802819354758481,1.8385453494126796,4,4.600075875771381e-11,3.069544618483633e-12,-2.4149709804657097e-05,-5.5213307513802916e-05,-5.718030653416967e-09
11400.0,1.5380204781997189,2.4956212976695342,2.4956212976695342,0.8783734418903384,1.8351816838026394,4,4.5414894067619116e-11,2.2737367544323206e-12,-2.4263369063916114e-05,-5.540550719921385e-05,-5.391302785510068e-09
11460.0,1.5365618097327707,2.4939561397544825,2.4939561397544825,0.8764374791722642,1.8318307866353871,4,4.6079917659369585e-11,2.1032064978498966e-12,-2.434851636818261e-05,-5.552943520540011e-05,-5.757991953199724e-09
11520.0,1.5350989448101269,2.4922628320023574,2.4922628320023574,0.874392075244255,1.8284921401327594,4,4.809697085050857e-11,2.7284841053187847e-12,-2.440515171745571e-05,-5.558100972755608e-05,-5.753801853820466e-09
11580.0,1.533633594149086,2.490541425082044,2.490541425082044,0.8724589128279016,1.8251622643586063,4,4.717204404869335e-11,2.6716406864579767e-12,-2.443327511173629e-05,-5.55755714367332e-05,-5.45882601925965e-09
11640.0,1.532167468466948,2.4887920023067442,2.4887920023067442,0.8705170426862612,1.8218384264651606,4,4.733446967719601e-11,1.9326762412674725e-12,-2.44328865510237e-05,-5.5503611586051266e-05,-5.7454799292235386e-09
11700.0,1.5307022784810127,2.487014697401923,2.487014697401923,0.8684821106879187,1.8185204782788382,4,4.912925621880504e-11,1.7053025658242404e-12,-2.4403986035318147e-05,-5.536093693186229e-05,-5.692832850754965e-09
11760.0,1.5292397349085796,2.4852096264546306,2.4852096264546306,0.8665683632199647,1.8152064672280102,4,4.7550852144695455e-11,2.5579538487363607e-12,-2.434657356461942e-05,-5.516220677390858e-05,-5.417247796678927e-09
11820.0,1.527781548466948,2.483376917838527,2.483376917838527,0.8647671381358213,1.8118936061100988,4,4.578393220100452e-11,2.8990143619012088e-12,-2.4260649138928172e-05,-5.490620630162115e-05,-5.286656725147192e-09
11880.0,1.5263294298734178,2.4815167292627303,2.4815167292627303,0.8628330946536995,1.808579021311643,4,4.795697172710334e-11,2.2737367544323206e-12,-2.4146212758243534e-05,-5.457626388907739e-05,-5.638149996337432e-09
11940.0,1.5248850898452884,2.4796291717966876,2.4796291717966876,0.860814459140967,1.8052620315513594,4,4.944789022687246e-11,2.7284841053187847e-12,-2.400326442256594e-05,-5.417735469721846e-05,-5.499990824817344e-09
12000.0,1.5234502390998592,2.477714300863774,2.477714300863774,0.8588662143959371,1.8019392581608749,4,4.8803405761077556e-11,1.8758328224066645e-12,-2.383180413189538e-05,-5.3719658404506024e-05,-5.319171087890529e-09
12060.0,1.5220265883544302,2.4757722156843274,2.4757722156843274,0.8570251901724539,1.798608625099403,4,4.67311744856147e-11,2.6147972675971687e-12,-2.363183188623231e-05,-5.320509983007608e-05,-5.135072406272387e-09
12120.0,1.520615848326301,2.4738030618341966,2.4738030618341966,0.8550514226908582,1.7952680347797303,4,4.913847106990943e-11,2.3305801732931286e-12,-2.3403347685575842e-05,-5.2617762321419234e-05,-5.426598737081411e-09
12180.0,1.5192197297327708,2.4718069324315315,2.4718069324315315,0.8529148346113565,1.7919163471518254,4,5.17808018685173e-11,2.1032064978498966e-12,-2.3146351529926528e-05,-5.195716696917822e-05,-5.498502957486105e-09
12240.0,1.5178399432911394,2.4697838625565165,2.4697838625565165,0.8507220386780054,1.7885538021709144,4,5.289391147300648e-11,2.8990143619012088e-12,-2.2860843419284247e-05,-5.1230749824461835e-05,-5.440792227061305e-09
12300.0,1.5164781997187062,2.4677339473863675,2.4677339473863675,0.8485562304989932,1.7851786863443218,4,5.244993328545888e-11,2.3305801732931286e-12,-2.2546823353649122e-05,-5.044398461838054e-05,-5.260706254012636e-09
12360.0,1.5151362097327707,2.465657419236364,2.465657419236364,0.8463575897108674,1.781787512419677,4,5.3176907321983435e-11,2.5011104298755527e-12,-2.220429133302083e-05,-4.95929273475193e-05,-5.305375743278496e-09
12420.0,1.513815684050633,2.463554600715626,2.463554600715626,0.8441867089177213,1.7783772076958653,4,5.21267473629905e-11,2.2737367544323206e-12,-2.1833247357399567e-05,-4.868217904653306e-05,-5.024735684211508e-09
12480.0,1.5125183333895922,2.4614258087373986,2.4614258087373986,0.8419804696297225,1.7749469673211582,4,5.271894032432556e-11,2.8990143619012088e-12,-2.143369142678541e-05,-4.7707327813163085e-05,-5.1715507974678585e-09
12540.0,1.511245868466948,2.459271296797002,2.459271296797002,0.8396932419401545,1.7714953760515502,4,5.32812682862982e-11,2.1032064978498966e-12,-2.1005623541178305e-05,-4.666707069819406e-05,-4.990103421441928e-09
12600.0,1.51,2.457091236139629,2.457091236139629,0.8374984173569618,1.7680208160465432,4,5.096045807562177e-11,2.6147972675971687e-12,-2.0549043700578193e-05,-4.557164516341564e-05,-4.749525668281795e-09
12660.0,1.5087749655026454,2.454885780356706,2.454885780356706,0.8352575269506501,1.7645305894617056,4,5.1530668621069253e-11,2.5011104298755527e-12,-2.03101721105232e-05,-4.495802999808507e-05,-4.823218874271078e-09
12720.0,1.5075635081481482,2.452655062847,2.452655062847,0.8328810037035415,1.7610324270562812,4,5.387523760447266e-11,2.6147972675971687e-12,-2.0088014791299202e-05,-4.437506018813923e-05,-4.987449585530852e-09
12780.0,1.506365097142857,2.4503991681641075,2.4503991681641075,0.8305667254549944,1.7575278206826828,4,5.1720072669070305e-11,1.9895196601282805e-12,-1.9874704032921818e-05,-4.381709223438417e-05,-4.6127913443817316e-09
12840.0,1.5051792016931216,2.4481181958716394,2.4481181958716394,0.828329041917201,1.7540173833389803,4,5.085265541993067e-11,1.9895196601282805e-12,-1.967023983539094e-05,-4.3283840436790717e-05,-4.6155075755220994e-09
12900.0,1.5040052910052912,2.4458123042681277,2.4458123042681277,0.8261015875105504,1.750503214682693,4,4.9964921089440395e-11,2.3874235921539366e-12,-1.947462219870662e-05,-4.2771682804003484e-05,-4.4935268138708015e-09
12960.0,1.5028428342857143,2.4434816284004777,2.4434816284004777,0.8237228756032916,1.7469851917431962,4,5.341682651760493e-11,2.1032064978498966e-12,-1.9287851122868913e-05,-4.227172128868511e-05,-4.814914329080174e-09
13020.0,1.5016913007407406,2.4411262612321845,2.4411262612321845,0.821278206761315,1.743464741807085,4,5.362599253544431e-11,2.5011104298755527e-12,-1.9109926607877714e-05,-4.178929952845063e-05,-4.676156300288365e-09
13080.0,1.5005501595767199,2.4387463383565655,2.4387463383565655,0.819000049340078,1.739942487809129,4,5.0090709358130425e-11,2.1600499167107046e-12,-1.8940848653733237e-05,-4.133666647106567e-05,-4.27525401933694e-09
13140.0,1.49941888,2.4363421292290925,2.4363421292290925,0.816726769295028,1.736417483201576,4,5.121114643458213e-11,2.2168933355715126e-12,-1.878061726043505e-05,-4.0904024047642485e-05,-4.509868509729105e-09
13200.0,1.4982969312169314,2.433913956599111,2.433913956599111,0.814329472527637,1.732890857172273,4,5.2753690304996326e-11,2.0463630789890885e-12,-1.8629232427983582e-05,-4.0485232254763696e-05,-4.527255922341161e-09
13260.0,1.4971837824338623,2.431462041714004,2.431462041714004,0.8120144427373605,1.7293649589782847,4,5.0636939086246e-11,2.3874235921539366e-12,-1.8486694156378407e-05,-4.009121058139289e-05,-4.284148377075558e-09
13320.0,1.496078902857143,2.428986575310917,2.428986575310917,0.8097334963983829,1.725839226838493,4,5.047706697069998e-11,2.7853275241795927e-12,-1.835300244562017e-05,-3.971893168939138e-05,-4.267258252244642e-09
13380.0,1.4949817616931218,2.426487796954432,2.426487796954432,0.8075389210696289,1.7223134561321334,4,4.8273829378331357e-11,2.5579538487363607e-12,-1.822815729570822e-05,-3.937101144157654e-05,-4.053425781767705e-09
13440.0,1.4938918281481484,2.4239659321505695,2.4239659321505695,0.8052622503590805,1.718789160753321,4,5.0855097910584846e-11,2.3874235921539366e-12,-1.8112158706642994e-05,-3.9038331653445675e-05,-4.3366503695764315e-09
13500.0,1.4928085714285715,2.421421124509301,2.421421124509301,0.8030072532152736,1.7152672551920318,4,4.879774362365197e-11,2.5011104298755527e-12,-1.8005006678424487e-05,-3.8726938383385476e-05,-3.996926268017691e-09
13560.0,1.4917314607407406,2.4188534696780515,2.4188534696780515,0.8007036881664306,1.711748230012951,4,5.1628701314143655e-11,2.3305801732931286e-12,-1.7906701211052274e-05,-3.843237742651428e-05,-4.351227919266554e-09
13620.0,1.4906599652910053,2.416263120490826,2.416263120490826,0.7983435645349395,1.7082325198834605,4,5.115308177039424e-11,2.5011104298755527e-12,-1.781724230452678e-05,-3.8154966923349644e-05,-4.119645737784645e-09
13680.0,1.4895935542857144,2.413650285376568,2.413650285376568,0.7961224575758263,1.7047203797826835,4,4.905420514234038e-11,3.126388037344441e-12,-1.7736629958847793e-05,-3.790400402628756e-05,-3.984474593560763e-09
13740.0,1.488531696931217,2.411015264529987,2.411015264529987,0.7938205610591695,1.701213194915099,4,5.15089082497866e-11,2.2737367544323206e-12,-1.7664864174015312e-05,-3.76680058437082e-05,-4.210431550873526e-09
13800.0,1.4874738624338624,2.408358363107008,2.408358363107008,0.7914756127168571,1.6977120751003723,4,5.157640980968381e-11,2.6147972675971687e-12,-1.760194495002955e-05,-3.7449347756064505e-05,-4.1133430864694696e-09
13860.0,1.48641952,2.4056798463733498,2.4056798463733498,0.7892036299751184,1.69421692797994,4,5.0336956824992285e-11,2.5011104298755527e-12,-1.7547872286889865e-05,-3.7253616893683764e-05,-3.977186938742498e-09
13920.0,1.485368138835979,2.402980043389296,2.402980043389296,0.7870898113484177,1.6907275316650123,4,4.697386923879776e-11,3.069544618483633e-12,-1.7502646184597444e-05,-3.7084706137383917e-05,-3.6965116117669087e-09
13980.0,1.4843191881481481,2.400259318215945,2.400259318215945,0.7849907183360901,1.6872444222549037,4,4.794686869757925e-11,2.2168933355715126e-12,-1.7466266643151093e-05,-3.6934972909288366e-05,-3.852470845506102e-09
14040.0,1.4832721371428574,2.3975179153260324,2.3975179153260324,0.7828986986817558,1.6837685622180416,4,4.68061145397769e-11,2.3874235921539366e-12,-1.743873366255146e-05,-3.680447217929635e-05,-3.6788452919665225e-09
14100.0,1.4822264550264552,2.3947559043162894,2.3947559043162894,0.7808425082239934,1.6803001545672975,4,4.694689081929937e-11,2.3874235921539366e-12,-1.7420047242798336e-05,-3.669433106687144e-05,-3.7205820664012187e-09
14160.0,1.481181611005291,2.3919733010582163,2.3919733010582163,0.778720258393967,1.6768403954681195,4,4.8585802048251026e-11,2.5011104298755527e-12,-1.7410207383891832e-05,-3.659942631445006e-05,-3.82972496572641e-09
14220.0,1.4801370742857145,2.3891701280082844,2.3891701280082844,0.7766275408389527,1.6733900611724613,4,4.739475478743316e-11,2.2168933355715126e-12,-1.740921408583182e-05,-3.6524719823271645e-05,-3.6591129731188597e-09
14280.0,1.4790923140740742,2.3863464725440227,2.3863464725440227,0.774450619216809,1.669948980377085,4,5.1073922868738464e-11,2.6147972675971687e-12,-1.7417067348618435e-05,-3.646402577124196e-05,-3.994152871380643e-09
14340.0,1.4780467995767197,2.3835025356858344,2.3835025356858344,0.7722177893178571,1.666518844667388,4,5.11407582948209e-11,2.7853275241795927e-12,-1.743376717225161e-05,-3.641915621831291e-05,-3.871797688927843e-09
14400.0,1.477,2.38063861027287,2.38063861027287,0.7701683024303729,1.6630996438669148,4,4.721434354593157e-11,2.6716406864579767e-12,-1.7459313556731327e-05,-3.640183088766724e-05,-3.5370553431743413e-09
14460.0,1.4759512468803035,2.3777551316403405,2.3777551316403405,0.768144325172628,1.6596920339594343,4,4.80480100151226e-11,2.2737367544323206e-12,-1.7495499095981277e-05,-3.6407114451361656e-05,-3.6603872356278853e-09
14520.0,1.4749006009783372,2.374852553950201,2.374852553950201,0.7661289251945547,1.6562954860608594,4,4.805433828636296e-11,2.3874235921539366e-12,-1.7522666245160982e-05,-3.6393779841432656e-05,-3.6416808801258406e-09
14580.0,1.4738486253369272,2.3719311778003545,2.3719311778003545,0.7641299200157994,1.6529092137513794,4,4.8021253640229133e-11,2.4442670110147446e-12,-1.7540449347220865e-05,-3.636149779047892e-05,-3.6215589139608476e-09
14640.0,1.472795882998902,2.3689912087608267,2.3689912087608267,0.7621462485210859,1.6495324330811088,4,4.798927921711993e-11,2.6716406864579767e-12,-1.7548848402160708e-05,-3.6310314858003286e-05,-3.6010212440148962e-09
14700.0,1.4717429370070885,2.366032834636999,2.366032834636999,0.7601764774425895,1.6461643721767847,4,4.7961745686109225e-11,2.2168933355715126e-12,-1.7547863409980725e-05,-3.624026107632841e-05,-3.5802769672069956e-09
14760.0,1.470690350404313,2.363056246730571,2.363056246730571,0.7582191074653638,1.642804272686218,4,4.794153962706105e-11,2.2737367544323206e-12,-1.7537494370680977e-05,-3.615136140891668e-05,-3.5593432097943504e-09
14820.0,1.4696386862334032,2.360061642481055,2.360061642481055,0.7562726600908196,1.6394513899360783,4,4.7925552415506445e-11,2.5579538487363607e-12,-1.7517741284261244e-05,-3.604364016627159e-05,-3.5381807457289246e-09
14880.0,1.468588507537187,2.357049224314076,2.357049224314076,0.7543357030923841,1.6361049927023812,4,4.7914450185260193e-11,2.2168933355715126e-12,-1.748860415072153e-05,-3.591712265280518e-05,-3.516736406343714e-09
14940.0,1.4675403773584903,2.3540191980674803,2.3540191980674803,0.7524068559619013,1.6327643628736996,4,4.790667862408782e-11,2.4442670110147446e-12,-1.7450082970061933e-05,-3.5771835874185386e-05,-3.494956648581775e-09
15000.0,1.4664948587401418,2.3509717716920857,2.3509717716920857,0.7504847890006565,1.6294287950988384,4,4.7901349553569617e-11,2.6716406864579767e-12,-1.740217774228257e-05,-3.560780891135408e-05,-3.4727914324605363e-09
15060.0,1.4654525147249675,2.3479071543006294,2.3479071543006294,0.7485682206683678,1.6260975964470616,4,4.7896797639168653e-11,2.3874235921539366e-12,-1.734488846738311e-05,-3.5425073199745805e-05,-3.4501949412848544e-09
15120.0,1.4644139083557954,2.3448255555015116,2.3448255555015116,0.7466559146749971,1.622770086087725,4,4.7892467769372615e-11,2.6716406864579767e-12,-1.7278215145363997e-05,-3.522366277074543e-05,-3.4271253810398608e-09
15180.0,1.463379602675452,2.3417271849401993,2.3417271849401993,0.7447466772369417,1.619445594989592,4,4.788602847582979e-11,2.2737367544323206e-12,-1.7202157776225003e-05,-3.500361449201779e-05,-3.4035445864008916e-09
15240.0,1.4623501607267646,2.3386122519856745,2.3386122519856745,0.7428393545792292,1.6161234656384074,4,4.787670260242294e-11,3.240074875066057e-12,-1.7116716359965918e-05,-3.476496830133338e-05,-3.3794176430683902e-09
15300.0,1.4613261455525608,2.335480965516383,2.335480965516383,0.7409328306703598,1.6128030517711083,4,4.7863712993034824e-11,2.5011104298755527e-12,-1.7021890896586956e-05,-3.450776743770228e-05,-3.354712569227826e-09
15360.0,1.4603081201956676,2.3323335337739284,2.3323335337739284,0.7390260251587717,1.60948371812521,4,4.784361795628911e-11,2.3874235921539366e-12,-1.6917681386088334e-05,-3.42320586744688e-05,-3.329400051728684e-09
15420.0,1.4592966476989118,2.329170164262818,2.329170164262818,0.7371178914831277,1.606164840202121,4,4.781663953679072e-11,2.7853275241795927e-12,-1.68040878284694e-05,-3.393789255013802e-05,-3.30345322383763e-09
15480.0,1.4582922911051215,2.3259910636814953,2.3259910636814953,0.7352074151350162,1.6028458040433058,4,4.778022422158301e-11,2.2737367544323206e-12,-1.668111022373081e-05,-3.362532357960611e-05,-3.2768474733555856e-09
15540.0,1.457295613457123,2.3227964378746315,2.3227964378746315,0.7332936120578815,1.5995260060183316,4,4.773248463152413e-11,2.6716406864579767e-12,-1.6548748571872124e-05,-3.329441049368582e-05,-3.2495602731617972e-09
15600.0,1.4563071777977439,2.3195864917999196,2.3195864917999196,0.7313755271694468,1.5962048526239383,4,4.7672199521286984e-11,2.2168933355715126e-12,-1.6407002872893774e-05,-3.294521644654633e-05,-3.221571029316796e-09
15660.0,1.4553275471698113,2.316361429504704,2.316361429504704,0.7294522329969593,1.5928817602933338,4,4.7596260266402624e-11,2.5011104298755527e-12,-1.625587312679577e-05,-3.2577809236592934e-05,-3.1928609434797873e-09
15720.0,1.4543572846161528,2.3131214541093263,2.3131214541093263,0.7275228284159156,1.5895561552149904,4,4.75033345992415e-11,2.8990143619012088e-12,-1.609535933357735e-05,-3.2192261515162776e-05,-3.163412887802839e-09
15780.0,1.453396953179595,2.3098667677949387,2.3098667677949387,0.7255864374837937,1.5862274731602657,4,4.739131309605682e-11,3.240074875066057e-12,-1.5925461493239373e-05,-3.1788651001658655e-05,-3.1332112906451714e-09
15840.0,1.4524471159029653,2.30659757179437,2.30659757179437,0.7236422083609626,1.5828951593192264,4,4.725664304316979e-11,2.3305801732931286e-12,-1.57461796057813e-05,-3.136706068485777e-05,-3.102242032385353e-09
15900.0,1.4515083358290908,2.3033140663848983,2.3033140663848983,0.7216893123114974,1.5795586681441072,4,4.7097659106043466e-11,2.5011104298755527e-12,-1.555751367120335e-05,-3.092757902951529e-05,-3.0704923501218347e-09
15960.0,1.4505811760007987,2.3000164508822527,2.3000164508822527,0.7197269427772042,1.576217463199872,4,4.6912251860931065e-11,2.0463630789890885e-12,-1.5359463689505642e-05,-3.047030017050363e-05,-3.0379507506183974e-09
16020.0,1.4496661994609166,2.2967049236353114,2.2967049236353114,0.7177543145185681,1.5728710170213978,4,4.6695536326524234e-11,2.6716406864579767e-12,-1.5152029660687938e-05,-2.999532411838236e-05,-3.0046069309309184e-09
16080.0,1.4487639692522711,2.29337968202111,2.29337968202111,0.7157706628169983,1.5695188109768377,4,4.644695739131066e-11,1.9895196601282805e-12,-1.4935211584750419e-05,-2.9502756941596035e-05,-2.9704517055795842e-09
16140.0,1.44787504841769,2.2900409224399403,2.2900409224399403,0.7137752427330382,1.5661603351367486,4,4.6162962341611546e-11,2.7284841053187847e-12,-1.4709009461692944e-05,-2.8992710962422164e-05,-2.9354769401320845e-09
16200.0,1.447,2.2866888403103256,2.2866888403103256,0.7117673284158301,1.5627950881486181,4,4.5839332329933313e-11,2.5579538487363607e-12,-1.4473423291515587e-05,-2.8465304937052367e-05,-2.899675490315813e-09
16260.0,1.4461406897833682,2.283323630062149,2.283323630062149,0.7097428357224895,1.5594210554382175,4,4.5454529029598234e-11,2.2168933355715126e-12,-1.4190456064911945e-05,-2.7846001261690612e-05,-2.8620669183981637e-09
16320.0,1.4452978855625436,2.2799454851307277,2.2799454851307277,0.7077010599416683,1.5560375498229475,4,4.501643502408115e-11,2.2737367544323206e-12,-1.3923786789347046e-05,-2.7260010809740777e-05,-2.823557231655789e-09
16380.0,1.4444705033962264,2.2765545979555766,2.2765545979555766,0.7056456865864275,1.5526460404669655,4,4.454647761775732e-11,3.353761712787673e-12,-1.3675183202112e-05,-2.671082952752338e-05,-2.784961517200196e-09
16440.0,1.4436574593431168,2.273151159974238,2.273151159974238,0.7035799625111869,1.5492479653354192,4,4.406075504448381e-11,2.3305801732931286e-12,-1.3444645303206812e-05,-2.6198398668306872e-05,-2.7466652594852285e-09
16500.0,1.4428576694619148,2.2697353616154516,2.2697353616154516,0.701506861951578,1.5458447337716796,4,4.3569703400692106e-11,2.3305801732931286e-12,-1.3232173092631484e-05,-2.5722633983823226e-05,-2.7089305902795647e-09
16560.0,1.442070049811321,2.2663073922919725,2.2663073922919725,0.6994291548008784,1.5424377282583102,4,4.308098322525211e-11,2.6147972675971687e-12,-1.3037766570385959e-05,-2.528343067016611e-05,-2.6719554501287744e-09
16620.0,1.441293516450035,2.262867440393065,2.262867440393065,0.6973494458534272,1.5390283057657572,4,4.260325425775591e-11,2.3874235921539366e-12,-1.2861425736470233e-05,-2.4880666951649418e-05,-2.6358975831120606e-09
16680.0,1.4405269854367577,2.2594156932767335,2.2594156932767335,0.6952702007327991,1.5356177988433792,4,4.214495419319064e-11,2.2737367544323206e-12,-1.2703150590884425e-05,-2.451420694288991e-05,-2.600886922412442e-09
16740.0,1.4397693728301888,2.2559523372617214,2.2559523372617214,0.6931937644764531,1.5322075165318552,4,4.1708192455303106e-11,2.6716406864579767e-12,-1.2562941133628307e-05,-2.4183903132696553e-05,-2.5670329139339745e-09
16800.0,1.4390195946890287,2.2524775576193594,2.2524775576193594,0.6911223755972683,1.5287987451436984,4,4.1299519359938586e-11,2.6147972675971687e-12,-1.2440797364702427e-05,-2.388959853452232e-05,-2.534429249099508e-09
16860.0,1.4382765670719777,2.2489915385653245,2.2489915385653245,0.6890581771429302,1.5253927489421286,4,4.092293170998573e-11,2.7853275241795927e-12,-1.2336719284106027e-05,-2.3631128657492135e-05,-2.503157123165148e-09
16920.0,1.437539206037736,2.2454944632513714,2.2454944632513714,0.687003225651707,1.5219907707391847,4,4.058164915221596e-11,2.2737367544323206e-12,-1.2250706891839538e-05,-2.3408323304042328e-05,-2.4732875865528e-09
16980.0,1.4368064276450034,2.241986513757119,2.241986513757119,0.684959498572146,1.5185940324281886,4,4.027855826649329e-11,2.5011104298755527e-12,-1.218276018790296e-05,-2.322100824235328e-05,-2.4448833053519286e-09
17040.0,1.4360771479524808,2.238467871081967,2.238467871081967,0.6829289005241405,1.5152037354618826,4,4.0015657454262055e-11,2.0463630789890885e-12,-1.2132879172296074e-05,-2.3069006761593312e-05,-2.417999918451098e-09
17100.0,1.4353502830188678,2.2349387151372433,2.2349387151372433,0.6809132686628551,1.5118210612849707,4,3.979383489394195e-11,2.6147972675971687e-12,-1.2101063845019103e-05,-2.2952141158395323e-05,-2.39268710917314e-09
17160.0,1.434624748902865,2.2313992247386163,2.2313992247386163,0.6789143773327486,1.5084471717279626,4,3.9614089786255136e-11,2.5579538487363607e-12,-1.2087314206071827e-05,-2.2870234125184656e-05,-2.368989468445668e-09
17220.0,1.4338994616631724,2.227849577598904,2.227849577598904,0.6769339421495514,1.5050832093678546,4,3.947786542113363e-11,2.4442670110147446e-12,-1.2091630255454678e-05,-2.282311007356045e-05,-2.3469472017324446e-09
17280.0,1.4331733373584907,2.224289950321316,2.224289950321316,0.6749736236141288,1.5017302978601734,4,3.938338544173803e-11,2.3305801732931286e-12,-1.2114011993167227e-05,-2.2810596409680547e-05,-2.326596716313511e-09
17340.0,1.4324452920475192,2.220720518393235,2.220720518393235,0.6730350303380279,1.4983895422461164,4,3.933098291497572e-11,2.0463630789890885e-12,-1.2154459419209684e-05,-2.283252474683927e-05,-2.3079711152386974e-09
17400.0,1.4317142417889586,2.2171414561805847,2.2171414561805847,0.6711197219432153,1.4950620292379186,4,3.9318326372494994e-11,2.5579538487363607e-12,-1.221297253358205e-05,-2.288873206543918e-05,-2.2911006171824797e-09
17460.0,1.4309791026415095,2.213552936922893,2.213552936922893,0.6692292116854702,1.4917488274850772,4,3.9343528435153985e-11,2.7284841053187847e-12,-1.22895513362839e-05,-2.2979061838205683e-05,-2.2760129165812117e-09
17520.0,1.4302387906638714,2.2099551327290605,2.2099551327290605,0.667364968841413,1.4884509878236694,4,3.940459070150837e-11,2.3874235921539366e-12,-1.2384195827315767e-05,-2.3103365113893016e-05,-2.262733495139233e-09
17580.0,1.429492221914745,2.206348214573958,2.206348214573958,0.6655284208915112,1.4851695435106824,4,3.949873761399658e-11,2.4442670110147446e-12,-1.2496906006677549e-05,-2.326150156168092e-05,-2.2512858931378634e-09
17640.0,1.4287383124528303,2.202732352295854,2.202732352295854,0.6637209555257441,1.4819055104449965,4,3.9621639302822587e-11,2.3305801732931286e-12,-1.2627681874369125e-05,-2.345334048112121e-05,-2.2416919474123786e-09
17700.0,1.4279759783368275,2.1991077145947577,2.1991077145947577,0.6619439224941059,1.478659887376437,4,3.9769409987400195e-11,2.9558577807620168e-12,-1.2776523430390619e-05,-2.3678761787238284e-05,-2.2339720008519527e-09
17760.0,1.4272041356254366,2.195474469031698,2.195474469031698,0.6601986353203881,1.4754336561041272,4,3.993827490944568e-11,2.8421709430404007e-12,-1.2943430674741918e-05,-2.3937656965058876e-05,-2.228145088229369e-09
17820.0,1.4264217003773583,2.1918327820289893,2.1918327820289893,0.6584863728949097,1.4722277816652034,4,4.0122904998440845e-11,2.6147972675971687e-12,-1.3128403607423015e-05,-2.422992999316409e-05,-2.2242291014028313e-09
17880.0,1.4256275886512928,2.188182818871469,2.188182818871469,0.6568083809594263,1.4690432125148183,4,4.0317971183867485e-11,2.3305801732931286e-12,-1.333144222843392e-05,-2.4555498254116783e-05,-2.222240936953914e-09
17940.0,1.4248207165059397,2.184524743708769,2.184524743708769,0.6551658734955366,1.4658808806982375,4,4.051736723909016e-11,2.8990143619012088e-12,-1.3552546537774712e-05,-2.491429342022861e-05,-2.2221966283853692e-09
18000.0,1.424,2.1808587195585614,2.1808587195585614,0.6535600340263207,1.4627417020157263,4,4.0714764892868516e-11,2.7284841053187847e-12,-1.379171653544532e-05,-2.5306262309368567e-05,-2.224111465148738e-09
18060.0,1.4231649599999998,2.1771849083116637,2.1771849083116637,0.6519905159948293,1.4596258935972943,4,4.090960903369023e-11,2.1032064978498966e-12,-1.402452444444447e-05,-2.568651040665658e-05,-2.2275262117231507e-09
18120.0,1.4223164799999997,2.1735034707348673,2.1735034707348673,0.6504538824562337,1.4565321402645686,4,4.109668161333957e-11,2.5579538487363607e-12,-1.4241057777777806e-05,-2.60370135199211e-05,-2.2316932165502607e-09
18180.0,1.4214555199999996,2.1698145664758135,2.1698145664758135,0.6489469117378509,1.4534590714571514,4,4.1277870010958395e-11,2.4442670110147446e-12,-1.4441591111111152e-05,-2.6358300721570727e-05,-2.2362637742918708e-09
18240.0,1.42058304,2.166118354071104,2.166118354071104,0.6474666370654377,1.4504053454958061,4,4.145317422654671e-11,2.3305801732931286e-12,-1.462612444444442e-05,-2.6650441697118087e-05,-2.2409881188123945e-09
18300.0,1.4197000000000002,2.1624149909542916,2.1624149909542916,0.6460102869464377,1.4473696479865226,4,4.1625147773061144e-11,2.0463630789890885e-12,-1.4794657777777775e-05,-2.6913498457201666e-05,-2.2456715627927016e-09
18360.0,1.4188073600000002,2.158704633464559,2.158704633464559,0.6445752496940548,1.4443506905542134,4,4.179656620806327e-11,2.8421709430404007e-12,-1.494719111111106e-05,-2.7147525789752655e-05,-2.2501545828075704e-09
18420.0,1.41790608,2.1549874368560076,2.1549874368560076,0.6431590494353792,1.441347209782898,4,4.196798464306539e-11,2.9558577807620168e-12,-1.5083724444444482e-05,-2.735257198898083e-05,-2.2543023996366017e-09
18480.0,1.4169971200000004,2.1512635553074357,2.1512635553074357,0.6417593285928904,1.4383579662995356,4,4.214140147951184e-11,1.9895196601282805e-12,-1.5204257777777726e-05,-2.7528679689354033e-05,-2.2579987465880866e-09
18540.0,1.41608144,2.1475331419325054,2.1475331419325054,0.6403738344373262,1.4353817439645207,4,4.231903716345187e-11,1.9326762412674725e-12,-1.530879111111122e-05,-2.7675886775261195e-05,-2.2611418081231966e-09
18600.0,1.4151600000000002,2.1437963487901697,2.1437963487901697,0.6390004083952159,1.4324173491450232,4,4.249878227113868e-11,2.4442670110147446e-12,-1.5397324444444423e-05,-2.7794227277945418e-05,-2.263641409212305e-09
18660.0,1.41423376,2.1400533268952198,2.1400533268952198,0.6376369773203224,1.429463610054821,4,4.268418951625108e-11,2.6147972675971687e-12,-1.5469857777777875e-05,-2.7883732315983384e-05,-2.265416982195875e-09
18720.0,1.4133036800000003,2.136304226228848,2.136304226228848,0.6362815462216276,1.4265193761488808,4,4.287392663115952e-11,2.2168933355715126e-12,-1.5526391111110925e-05,-2.794443099491989e-05,-2.266396045307828e-09
18780.0,1.41237072,2.1325491957490725,2.1325491957490725,0.6349321921054596,1.4235835175639386,4,4.3067882593561535e-11,2.3305801732931286e-12,-1.5566924444444446e-05,-2.7976351320420703e-05,-2.2665130326074167e-09
18840.0,1.41143584,2.128788383400895,2.128788383400895,0.6335870586912932,1.4206549245983724,4,4.326461411352511e-11,2.7853275241795927e-12,-1.559145777777757e-05,-2.7979521081741908e-05,-2.2657083740673534e-09
18900.0,1.4104999999999999,2.1250219361260605,2.1250219361260605,0.6322443518268366,1.4177325072261056,4,4.3463788124142866e-11,2.8421709430404007e-12,-1.5599991111110938e-05,-2.7953968729828717e-05,-2.263927759109312e-09
18960.0,1.40956416,2.1212499998722776,2.1212499998722776,0.630902335472468,1.41481519464033,4,4.3664516446995094e-11,2.3305801732931286e-12,-1.5592524444444343e-05,-2.789972423652623e-05,-2.2611215375478723e-09
19020.0,1.40862928,2.1174727196017984,2.1174727196017984,0.629559328156036,1.411901934823619,4,4.38641345468227e-11,2.3874235921539366e-12,-1.556905777777778e-05,-2.7816819929229932e-05,-2.2572442258373835e-09
19080.0,1.4076963200000001,2.1136902392992116,2.1136902392992116,0.6282136998211691,1.4089916941415934,4,4.406064402218135e-11,3.069544618483633e-12,-1.5529591111111038e-05,-2.7705291320993092e-05,-2.252254095289811e-09
19140.0,1.40676624,2.109902701978332,2.109902701978332,0.6268638690083842,1.4060834569577783,4,4.425115829320703e-11,2.6147972675971687e-12,-1.547412444444433e-05,-2.7565177912394572e-05,-2.2461128251358105e-09
19200.0,1.40584,2.1061102496880957,2.1061102496880957,0.6255083003203648,1.4031762252676336,4,4.443223566852339e-11,2.6716406864579767e-12,-1.540265777777765e-05,-2.7396523986440724e-05,-2.238785207440366e-09
19260.0,1.40491856,2.1023130235173584,2.1023130235173584,0.6241455021319616,1.4002690183500541,4,4.460209979129104e-11,3.0127011996228248e-12,-1.531519111111101e-05,-2.719937938201164e-05,-2.2302388940958487e-09
19320.0,1.40400288,2.0985111635984954,2.0985111635984954,0.6227740245125041,1.3973608724348505,4,4.4755088524084385e-11,2.1032064978498966e-12,-1.5211724444444404e-05,-2.6973800247643285e-05,-2.2204441782575e-09
19380.0,1.4030939199999999,2.094704809109731,2.094704809109731,0.6213924573336048,1.3944508403849256,4,4.488864835394679e-11,2.5579538487363607e-12,-1.509225777777783e-05,-2.671984978909204e-05,-2.20937380408882e-09
19440.0,1.40219264,2.090894098276133,2.090894098276133,0.6199994285399741,1.3915379913920223,4,4.499700612115021e-11,2.6147972675971687e-12,-1.4956791111111069e-05,-2.6437598993526198e-05,-2.197002800268242e-09
19500.0,1.4013000000000002,2.0870791683692222,2.0870791683692222,0.6185936025643005,1.3886214106850394,4,4.5075498888991206e-11,3.126388037344441e-12,-1.4805324444444451e-05,-2.6127127342227396e-05,-2.183308333217328e-09
19560.0,1.40041696,2.083260155705143,2.083260155705143,0.6171736788700874,1.3857001992500384,4,4.5118686564649124e-11,3.240074875066057e-12,-1.4637857777777656e-05,-2.5788523508915747e-05,-2.168269577086081e-09
19620.0,1.3995444799999999,2.0794371956414053,2.0794371956414053,0.6157383906086525,1.3827734735611483,4,4.5120018832278674e-11,2.6147972675971687e-12,-1.445439111111105e-05,-2.5421886034398438e-05,-2.1518675979416264e-09
19680.0,1.3986835200000003,2.0756104225721512,2.0756104225721512,0.614286503378448,1.3798403653216615,4,4.507427764366412e-11,3.524291969370097e-12,-1.4254924444444374e-05,-2.5027323999095188e-05,-2.134085250050666e-09
19740.0,1.39783504,2.0717799699220096,2.0717799699220096,0.6128168140763698,1.376900021214678,4,4.4973580415330616e-11,2.5579538487363607e-12,-1.4039457777777737e-05,-2.4604957677011054e-05,-2.1149070825581536e-09
19800.0,1.397,2.0679459701385188,2.0679459701385188,0.6113281498321657,1.3739516026627285,4,4.481037763071072e-11,2.5011104298755527e-12,-1.3807991111111062e-05,-2.4154919159985672e-05,-2.094319255088139e-09
19860.0,1.3961730080939476,2.064108554683841,2.064108554683841,0.6098343728591595,1.3710011710279635,4,4.460787295101909e-11,2.5011104298755527e-12,-1.3766998797550851e-05,-2.4038554519702823e-05,-2.0766581684339073e-09
19920.0,1.3953481753206867,2.060267854027559,2.060267854027559,0.6083480762658068,1.3680551569433583,4,4.447064938517542e-11,2.2737367544323206e-12,-1.372934556057403e-05,-2.392845886128262e-05,-2.061424497246811e-09
19980.0,1.394525716097561,2.0564239976324297,2.0564239976324297,0.6068675341460245,1.3651132988852606,4,4.436129241724984e-11,2.6716406864579767e-12,-1.3688118701194378e-05,-2.381252184036455e-05,-2.0471939673086384e-09
20040.0,1.393705844841915,2.0525771139405866,2.0525771139405866,0.6053916116083597,1.3621753472909826,4,4.426592425943454e-11,2.3874235921539366e-12,-1.3643318219411784e-05,-2.3690729661809582e-05,-2.033538153725358e-09
20100.0,1.3928887759710933,2.048727330360044,2.048727330360044,0.6039194268683806,1.3592410616133148,4,4.4179215841211317e-11,2.3874235921539366e-12,-1.3594944115226247e-05,-2.3563078531701857e-05,-2.02023176965951e-09
20160.0,1.3920747239024394,2.0448747732503474,2.0448747732503474,0.6024502457761312,1.3563102088166399,4,4.409639320357428e-11,2.4442670110147446e-12,-1.3542996388637928e-05,-2.3429570662476253e-05,-2.007134439647775e-09
20220.0,1.3912639030532972,2.0410195679075294,2.0410195679075294,0.6009834321738059,1.3533825624393265,4,4.4013681588239706e-11,2.8421709430404007e-12,-1.3487475039646615e-05,-2.3290212408771807e-05,-1.994150183374268e-09
20280.0,1.390456527841012,2.0371618385485277,2.0371618385485277,0.5995184201806201,1.350457901947488,4,4.392952668297312e-11,2.3305801732931286e-12,-1.342838006825252e-05,-2.314501322283832e-05,-1.981209316147808e-09
20340.0,1.3896528126829268,2.033301708295205,2.033301708295205,0.5980546970572087,1.3475360122601283,4,4.384226315323758e-11,2.6716406864579767e-12,-1.336571147445554e-05,-2.299398504344174e-05,-1.9682590531421536e-09
20400.0,1.3888529719963867,2.029439299158168,2.029439299158168,0.5965917918499805,1.3446166833840012,4,4.375133588752078e-11,3.069544618483633e-12,-1.3299469258255455e-05,-2.2837141880647366e-05,-1.9552581224334273e-09
20460.0,1.3880572201987353,2.025574732020533,2.025574732020533,0.5951292674735233,1.3416997101230268,4,4.365252603832914e-11,2.1600499167107046e-12,-1.3229653419652695e-05,-2.2674499548401485e-05,-1.9421734484591825e-09
20520.0,1.3872657717073176,2.0217081266218204,2.0217081266218204,0.5936667149699573,1.3387848918406675,4,4.3546721784082365e-11,3.183231456205249e-12,-1.3156263958647053e-05,-2.2506075475944604e-05,-1.928977996695635e-09
20580.0,1.386478840939476,2.0178396015421542,2.0178396015421542,0.5922037492145694,1.3358720322612703,4,4.343214676794105e-11,2.3305801732931286e-12,-1.3079300875238303e-05,-2.2331888578002953e-05,-1.915649312322858e-09
20640.0,1.3856966423125567,2.01396927418692,2.01396927418692,0.5907400056200068,1.3329609393008903,4,4.3308356900695344e-11,2.7284841053187847e-12,-1.299876416942688e-05,-2.215195914822128e-05,-1.902168494553858e-09
20700.0,1.3849193902439025,2.0100972607720786,2.0100972607720786,0.5892751375518015,1.3300514249209532,4,4.317357582550585e-11,2.2737367544323206e-12,-1.2914653841212357e-05,-2.1966308806696034e-05,-1.8885194560989725e-09
20760.0,1.384147299150858,2.0062236763102543,2.0062236763102543,0.5878088142641006,1.3271433049999555,4,4.302658229704548e-11,2.0463630789890885e-12,-1.282696989059516e-05,-2.177496044046182e-05,-1.874688375333284e-09
20820.0,1.3833805834507682,2.002348634597792,2.002348634597792,0.5863407192244562,1.3242363992196662,4,4.286726529301177e-11,3.069544618483633e-12,-1.2735712317574858e-05,-2.1577938170706595e-05,-1.8606632826305036e-09
20880.0,1.382619457560976,1.998472248202905,1.998472248202905,0.5848705487351923,1.3213305309631465,4,4.269384845656532e-11,2.5011104298755527e-12,-1.2640881122151886e-05,-2.1375267331796258e-05,-1.8464337422762115e-09
20940.0,1.381864135898826,1.9945946284550493,1.9945946284550493,0.5833980107846973,1.3184255272225336,4,4.250544360928643e-11,2.6147972675971687e-12,-1.2542476304326026e-05,-2.116697445259878e-05,-1.8319906041561787e-09
21000.0,1.3811148328816623,1.9907158854356688,1.9907158854356688,0.581922824079629,1.3155212185149878,4,4.2301273595057864e-11,2.8990143619012088e-12,-1.2440497864097059e-05,-2.0953087247035105e-05,-1.8173258069491082e-09
21060.0,1.3803717629268293,1.9868361279703786,1.9868361279703786,0.5804447172213318,1.3126174388055274,4,4.207956205704022e-11,2.7284841053187847e-12,-1.2334945801465313e-05,-2.0733634611975755e-05,-1.802432220365849e-09
21120.0,1.3796351404516713,1.9829554636227167,1.9829554636227167,0.5789634279986251,1.309714025435734,4,4.183986490602365e-11,2.6147972675971687e-12,-1.2225820116430793e-05,-2.0508646624608812e-05,-1.7873035171544062e-09
21180.0,1.3789051798735321,1.9790739986895125,1.9790739986895125,0.5774787027754591,1.3068108190575023,4,4.1581960097403226e-11,2.1600499167107046e-12,-1.2113120808993164e-05,-2.0278154546320766e-05,-1.7719340681820988e-09
21240.0,1.3781820956097561,1.9751918381979303,1.9751918381979303,0.5759902959566731,1.3039076635711613,4,4.130273900671e-11,2.5011104298755527e-12,-1.1996847879152859e-05,-2.004219082376229e-05,-1.7563188556970568e-09
21300.0,1.377466102077688,1.9713090859042253,1.9713090859042253,0.5744979695186425,1.3010044060673982,4,4.100231265624643e-11,2.3874235921539366e-12,-1.1877001326909562e-05,-1.9800789097876553e-05,-1.7404534008411533e-09
21360.0,1.3767574136946705,1.9674258442941954,1.9674258442941954,0.5730014925942548,1.29810089677253,4,4.06795708229879e-11,2.1032064978498966e-12,-1.175358115226349e-05,-1.955398421520587e-05,-1.724333702794499e-09
21420.0,1.3760562448780487,1.9635422145853412,1.9635422145853412,0.57150064110374,1.2951969889967208,4,4.033329226160731e-11,2.6716406864579767e-12,-1.1626587355214248e-05,-1.930181222810183e-05,-1.7079561870942028e-09
21480.0,1.3753628100451671,1.9596582967306888,1.9596582967306888,0.5699951974244413,1.2922925390848161,4,3.996158959296281e-11,2.8421709430404007e-12,-1.149601993576229e-05,-1.9044310412522254e-05,-1.6913176615633542e-09
21540.0,1.3746773236133698,1.9557741894242133,1.9557741894242133,0.5684849500939129,1.2893874063695119,4,3.956435179475193e-11,1.9326762412674725e-12,-1.1361878893907444e-05,-1.8781517272430668e-05,-1.6744152785020662e-09
21600.0,1.374,1.9518899901078115,1.9518899901078115,0.5669696935416461,1.2864814531266118,4,3.9138248197900793e-11,2.6716406864579767e-12,-1.1224164229649692e-05,-1.8513472558083705e-05,-1.6572465019095766e-09
21660.0,1.3733321485387828,1.94800579497926,1.94800579497926,0.5654467569615134,1.2835734061487427,4,3.8615777242512195e-11,3.0127011996228248e-12,-1.1049553602382893e-05,-1.8185300798759913e-05,-1.6391218706342973e-09
21720.0,1.3726745383432213,1.9441216990025043,1.9441216990025043,0.5639150816201497,1.2806625861570355,4,3.806610582302028e-11,2.0463630789890885e-12,-1.088350072023242e-05,-1.7871982129389296e-05,-1.6204623371343255e-09
21780.0,1.3720265735003296,1.94023779591912,1.94023779591912,0.5623764955434128,1.277749734151924,4,3.750966204307815e-11,2.5011104298755527e-12,-1.0727379721184576e-05,-1.7575777880833078e-05,-1.6017074168179908e-09
21840.0,1.3713876580971218,1.9363541782600862,1.9363541782600862,0.5608325903493238,1.27483557445421,4,3.6954661553068036e-11,2.6147972675971687e-12,-1.0581190605239443e-05,-1.7296651003717762e-05,-1.5830498726405936e-09
21900.0,1.370757196220611,1.932470937358966,1.932470937358966,0.5592848180261338,1.2719208160855142,4,3.640809875804507e-11,2.7853275241795927e-12,-1.0444933372396855e-05,-1.7034555268373734e-05,-1.564616963619976e-09
21960.0,1.3701345919578118,1.92858816336602,1.92858816336602,0.5577345285496959,1.2690061536857566,4,3.587574681773731e-11,2.8421709430404007e-12,-1.0318608022656817e-05,-1.678943713001341e-05,-1.5465032746067358e-09
22020.0,1.3695192493957373,1.924705945263136,1.924705945263136,0.556182990771143,1.2660922682085887,4,3.554090355351036e-11,2.7853275241795927e-12,-1.0202214556019325e-05,-1.6561237001942383e-05,-1.5287835388131363e-09
22080.0,1.3689105726214024,1.9208243708794837,1.9208243708794837,0.5546314058708843,1.263179827482789,4,3.578659590885991e-11,3.240074875066057e-12,-1.0095752972484598e-05,-1.634989021614085e-05,-1.5115190632243088e-09
22140.0,1.3683079657218196,1.9169435269077686,1.9169435269077686,0.5530809168122751,1.2602694866831152,4,3.601396958430314e-11,2.5579538487363607e-12,-9.999223272052528e-06,-1.6155327837874913e-05,-1.4947614349315208e-09
22200.0,1.3677108327840035,1.913063498921025,1.913063498921025,0.5515326153802907,1.2573618887355908,4,3.622369071365483e-11,2.6147972675971687e-12,-9.912625454723003e-06,-1.5977477344216373e-05,-1.4785548655859662e-09
22260.0,1.3671185778949682,1.9091843713898367,1.9091843713898367,0.5499875476439948,1.2544576646730299,4,3.641598134151991e-11,2.6716406864579767e-12,-9.835959520496135e-06,-1.5816263242476576e-05,-1.4629377751301478e-09
22320.0,1.3665306051417272,1.9053062276999086,1.9053062276999086,0.5484467183302554,1.251557433951466,4,3.659161862401561e-11,3.069544618483633e-12,-9.769225469371708e-06,-1.5671607624894335e-05,-1.4479439154998967e-09
22380.0,1.3659463186112946,1.901429150169938,1.901429150169938,0.5469110944122353,1.2486618047350664,4,3.675049153883947e-11,2.5011104298755527e-12,-9.712423301350152e-06,-1.5543430679828087e-05,-1.4336031991349848e-09
22440.0,1.3653651223906835,1.8975532200696879,1.8975532200696879,0.5453816081118722,1.245771374155117,4,3.689348826441119e-11,2.3305801732931286e-12,-9.665553016431036e-06,-1.5431651162207808e-05,-1.4199423289507741e-09
22500.0,1.3647864205669085,1.8936785176382465,1.8936785176382465,0.5438591594529469,1.2428867285473166,4,3.702016471152092e-11,2.6147972675971687e-12,-9.628614614614574e-06,-1.53361868355625e-05,-1.4069852892759715e-09
22560.0,1.364209617226983,1.8898051221023833,1.8898051221023833,0.5423446184614034,1.24000844367069,4,3.713107599168097e-11,2.9558577807620168e-12,-9.601608095900987e-06,-1.5256954892434226e-05,-1.3947537367851217e-09
22620.0,1.3636341164579213,1.8859331116949885,1.8859331116949885,0.5408388270835611,1.237137084910742,4,3.7226000060286424e-11,2.7853275241795927e-12,-9.584533460289621e-06,-1.5193872347960891e-05,-1.3832673171904616e-09
22680.0,1.3630593223467373,1.88206256367354,1.88206256367354,0.5393426008749512,1.2342732074689762,4,3.730493691733727e-11,2.8421709430404007e-12,-9.577390707780912e-06,-1.5146856412669575e-05,-1.3725439256703e-09
22740.0,1.362484638980444,1.8781935543385824,1.8781935543385824,0.5378567304999954,1.2314173565405069,4,3.736833065204337e-11,3.296918293926865e-12,-9.580179838374859e-06,-1.5115824856890155e-05,-1.3625999238968047e-09
22800.0,1.361909470446056,1.8743261590521882,1.8743261590521882,0.5363819830738142,1.2285700674812188,4,3.74156261528924e-11,2.2168933355715126e-12,-9.592900852071676e-06,-1.510069634410552e-05,-1.3534503229508096e-09
22860.0,1.3613332208305868,1.8704604522563686,1.8704604522563686,0.5349191033707867,1.2257318659656642,4,3.744682341988437e-11,2.4442670110147446e-12,-9.615553748870827e-06,-1.5101390770584351e-05,-1.3451089389613117e-09
22920.0,1.3607552942210506,1.866596507491435,1.866596507491435,0.5334688149195776,1.2229032681367373,4,3.746147836380942e-11,2.6147972675971687e-12,-9.648138528772742e-06,-1.5117829573779745e-05,-1.3375885266873857e-09
22980.0,1.3601750947044606,1.8627343974142918,1.8627343974142918,0.5320318210006122,1.220084780747984,4,3.7459479962365094e-11,3.353761712787673e-12,-9.690655191777206e-06,-1.5149936039991258e-05,-1.3309008951884727e-09
23040.0,1.3595920263678314,1.8588741938166382,1.8588741938166382,0.5306088055590461,1.217276901299294,4,3.7441050260156317e-11,2.1600499167107046e-12,-9.74310373788432e-06,-1.5197635597230796e-05,-1.325057008472277e-09
23100.0,1.3590054932981763,1.8550159676431006,1.8550159676431006,0.5292004340440323,1.2144801181666267,4,3.7405301078763387e-11,2.2168933355715126e-12,-9.805484167093985e-06,-1.5260856101672124e-05,-1.3200670737587748e-09
23160.0,1.3584148995825094,1.8511597890092493,1.8511597890092493,0.5278073541832872,1.211694910726323,4,3.7352343440488767e-11,2.1600499167107046e-12,-9.877796479406307e-06,-1.5339528108594002e-05,-1.3159406192336045e-09
23220.0,1.3578196493078445,1.8473057272195164,1.8473057272195164,0.5264301967005315,1.2089217494744924,4,3.7281178144610294e-11,3.069544618483633e-12,-9.960040674821228e-06,-1.543358514343685e-05,-1.312686562888551e-09
23280.0,1.3572191465611956,1.8434538507850091,1.8434538507850091,0.5250695759822055,1.206161096141902,4,3.7191694168825506e-11,2.7284841053187847e-12,-1.0052216753338752e-05,-1.5542963957422925e-05,-1.310313273722853e-09
23340.0,1.3566127954295761,1.839604227441169,1.839604227441169,0.5237260906989121,1.2034134038047397,4,3.708366946852948e-11,2.0463630789890885e-12,-1.0154324714958882e-05,-1.566760478222858e-05,-1.3088286264063682e-09
23400.0,1.356,1.835756924165322,1.835756924165322,0.5224003243863102,1.2006791169915803,4,3.6956770976814823e-11,2.7853275241795927e-12,-1.0266364559681672e-05,-1.5807451569238036e-05,-1.3082400501850325e-09
23460.0,1.3553809124553127,1.831912007194704,1.831912007194704,0.5210912247900445,1.1979579288777094,4,3.688560568093635e-11,2.3874235921539366e-12,-1.0361640475396046e-05,-1.5921348844300898e-05,-1.3080833043134054e-09
23520.0,1.3547563995995997,1.8280695420432715,1.8280695420432715,0.5197964721511328,1.195248836954431,4,3.6842084938371045e-11,2.3874235921539366e-12,-1.044835995678223e-05,-1.6022022793508404e-05,-1.3080728283566622e-09
23580.0,1.3541269374517377,1.8242295935182429,1.8242295935182429,0.5185147636531964,1.1925512464025974,4,3.6823100124649955e-11,2.6147972675971687e-12,-1.052714579023469e-05,-1.6110449174967355e-05,-1.3081508952376079e-09
23640.0,1.3534930020306022,1.8203922257373475,1.8203922257373475,0.5172448707893391,1.1898645751913455,4,3.682854021747062e-11,2.3874235921539366e-12,-1.0597997975753559e-05,-1.618666708862968e-05,-1.308239443134148e-09
23700.0,1.3528550693550696,1.8165575021452984,1.8165575021452984,0.5159856347202101,1.187188253521426,4,3.685685090459856e-11,2.6147972675971687e-12,-1.0660916513338783e-05,-1.6250714784322187e-05,-1.308271027512667e-09
23760.0,1.3522136154440159,1.8127254855299264,1.8127254855299264,0.5147359573902747,1.1845217233300818,4,3.6907921163731316e-11,3.524291969370097e-12,-1.0715901402990363e-05,-1.6302629765976124e-05,-1.3081877632198751e-09
23820.0,1.3515691163163164,1.8088962380379459,1.8088962380379459,0.5134947941521785,1.1818644378565426,4,3.698119588335658e-11,3.183231456205249e-12,-1.07629526447083e-05,-1.634244891591963e-05,-1.307939435778908e-09
23880.0,1.3509220479908481,1.805069821190285,1.805069821190285,0.5122611478507655,1.1792158612564796,4,3.707667506347434e-11,2.6716406864579767e-12,-1.0802070238492483e-05,-1.637020863179948e-05,-1.3074819882377046e-09
23940.0,1.3502728864864864,1.8012462958969429,1.8012462958969429,0.5110340640280427,1.1765754682557872,4,3.7193359503362444e-11,2.6147972675971687e-12,-1.083325418434313e-05,-1.6385944990092796e-05,-1.3067763843038852e-09
24000.0,1.349622107822108,1.7974257224713244,1.7974257224713244,0.509812626972392,1.1739427438364416,4,3.7331582269928276e-11,3.467448550509289e-12,-1.0856504482260024e-05,-1.638969390295046e-05,-1.3057877511545551e-09
24060.0,1.3489701880165879,1.7936081606439758,1.7936081606439758,0.5085959564115828,1.1713171829489586,4,3.7490788251659524e-11,3.069544618483633e-12,-1.0871821132243382e-05,-1.6381491297134856e-05,-1.3044847223066626e-09
24120.0,1.3483176030888033,1.789793669575716,1.789793669575716,0.5073832047056729,1.1686982902472571,4,3.7670866426253724e-11,2.2737367544323206e-12,-1.0879204134293315e-05,-1.636137327671981e-05,-1.302838924442034e-09
24180.0,1.3476648290576292,1.7859823078700483,1.7859823078700483,0.5061735544351744,1.1660855798426653,4,3.787137270450103e-11,3.637978807091713e-12,-1.087865348840895e-05,-1.6329376299522344e-05,-1.3008245697724512e-09
24240.0,1.347012341941942,1.782174133584863,1.782174133584863,0.5049662163069772,1.1634785750744627,4,3.809252913100636e-11,2.6147972675971687e-12,-1.0870169194591376e-05,-1.628553734782956e-05,-1.2984181270550185e-09
24300.0,1.3463606177606178,1.7783692042433472,1.7783692042433472,0.5037604273195248,1.1608768082948688,4,3.8334224683467255e-11,2.7284841053187847e-12,-1.0853751252840374e-05,-1.6229894099450845e-05,-1.295598052420551e-09
24360.0,1.3457101325325327,1.7745675768440727,1.7745675768440727,0.5025554491422419,1.158279820666758,4,3.859568220576648e-11,3.296918293926865e-12,-1.0829399663155294e-05,-1.616248509416583e-05,-1.292344566508777e-09
24420.0,1.3450613622765624,1.7707693078702076,1.7707693078702076,0.5013505666741528,1.155687161972678,4,3.887723476481142e-11,2.0463630789890885e-12,-1.0797114425536786e-05,-1.608334990301337e-05,-1.2886394676918556e-09
24480.0,1.3444147830115833,1.7669744532978438,1.7669744532978438,0.5001450867538316,1.1530983904339784,4,3.917877133829961e-11,3.183231456205249e-12,-1.0756895539984417e-05,-1.5992529283315735e-05,-1.2844659742245456e-09
24540.0,1.3437708707564708,1.7631830686033654,1.7631830686033654,0.49893833699838874,1.1505130725390353,4,3.949984783702121e-11,2.6147972675971687e-12,-1.0708743006498622e-05,-1.5890065350583626e-05,-1.2798085895651206e-09
24600.0,1.3431301015301016,1.7593952087698745,1.7593952087698745,0.4977296647533215,1.1479307828797103,4,3.984057528327867e-11,2.4442670110147446e-12,-1.0652656825079178e-05,-1.5776001723167134e-05,-1.2746529865265663e-09
24660.0,1.3424929513513513,1.7556109282926269,1.7556109282926269,0.49651843613839214,1.1453511039952922,4,4.0200620610164606e-11,2.5011104298755527e-12,-1.0588636995725987e-05,-1.5650383687339117e-05,-1.2689859069451045e-09
24720.0,1.3418598962390962,1.7518302811834656,1.7518302811834656,0.4953040351771434,1.1427736262232755,4,4.0580094839981484e-11,2.6716406864579767e-12,-1.0516683518439042e-05,-1.5513258339780326e-05,-1.2627950741736432e-09
24780.0,1.341231412212212,1.7480533209742608,1.7480533209742608,0.49408586299979457,1.140197947556409,4,4.097844286121699e-11,2.2168933355715126e-12,-1.0436796393218668e-05,-1.5364674743495368e-05,-1.2560691163227504e-09
24840.0,1.3406079752895754,1.7442801007193338,1.7442801007193338,0.4928633371107761,1.1376236735055127,4,4.139599774077851e-11,2.1032064978498966e-12,-1.0348975620064538e-05,-1.5204684064088332e-05,-1.248797498509295e-09
24900.0,1.3399900614900617,1.740510672996904,1.740510672996904,0.4916358907135796,1.1350504169676179,4,4.1832204367153736e-11,3.183231456205249e-12,-1.0253221198976767e-05,-1.5033339719841711e-05,-1.2409704627273242e-09
24960.0,1.3393781468325467,1.7367450899095338,1.7367450899095338,0.4904029720865665,1.1324777980990395,4,4.228706274034266e-11,2.7284841053187847e-12,-1.0149533129955463e-05,-1.4850697515656353e-05,-1.232578974293771e-09
25020.0,1.3387727073359075,1.7329834030836468,1.7329834030836468,0.4891640440043615,1.1299054441930285,4,4.276012877113544e-11,2.4442670110147446e-12,-1.0037911413000344e-05,-1.4656815778441343e-05,-1.223614673811362e-09
25080.0,1.338174219019019,1.7292256636681265,1.7292256636681265,0.48791858320011644,1.127332989561681,4,4.325173552643946e-11,2.2737367544323206e-12,-9.918356048111642e-06,-1.4451755492265604e-05,-1.2140698339738025e-09
25140.0,1.3375831579007578,1.7254719223320425,1.7254719223320425,0.486666079864577,1.124760075421825,4,4.376110585013748e-11,2.7284841053187847e-12,-9.790867035289296e-06,-1.4235580425803397e-05,-1.203937320542968e-09
25200.0,1.337,1.7217222292615721,1.7217222292615721,0.4854060371784087,1.1221863497846156,4,4.428823974222951e-11,2.7284841053187847e-12,-9.6554443745333e-06,-1.400835725807911e-05,-1.1932105568745819e-09
25260.0,1.3364199833943835,1.7179766341552734,1.7179766341552734,0.48414884950112713,1.1196164193732563,4,4.427114230765028e-11,2.3305801732931286e-12,-9.68077015330353e-06,-1.4014735843211848e-05,-1.184936046583609e-09
25320.0,1.3358383726495726,1.7142351862170566,1.7142351862170566,0.4829030553312113,1.1170547337376862,4,4.429723254872897e-11,2.7853275241795927e-12,-9.703327743861154e-06,-1.4017278279660367e-05,-1.1785551939980873e-09
25380.0,1.3352556835164833,1.7104979341535431,1.7104979341535431,0.48166647913270283,1.1145007267291291,4,4.4373837937428107e-11,2.8990143619012088e-12,-9.717289485822885e-06,-1.4007542235215241e-05,-1.1729257915594088e-09
25440.0,1.3346724317460317,1.7067649261692344,1.7067649261692344,0.4804374728773064,1.11195384993847,4,4.449274282336546e-11,2.1032064978498966e-12,-9.722655379188778e-06,-1.398555513325246e-05,-1.1676669135275817e-09
25500.0,1.3340891330891333,1.7030362099604754,1.7030362099604754,0.4792146378811222,1.109413569945878,4,4.4650061425954846e-11,2.7284841053187847e-12,-9.71942542395883e-06,-1.3951350254912343e-05,-1.1625623442905385e-09
25560.0,1.3335063032967034,1.6993118327090941,1.6993118327090941,0.4779967332640517,1.1068793667818189,4,4.4842018986912535e-11,3.069544618483633e-12,-9.7075996201331e-06,-1.3904964555110609e-05,-1.1574678616054758e-09
25620.0,1.3329244581196582,1.6955918410757984,1.6955918410757984,0.4767826308522843,1.104350732886477,4,4.506639506018928e-11,2.5011104298755527e-12,-9.687177967711257e-06,-1.3846437737867603e-05,-1.1522785254494627e-09
25680.0,1.3323441133089136,1.6918762811934176,1.6918762811934176,0.47557128887284156,1.1018271723367201,4,4.532207942276045e-11,2.2737367544323206e-12,-9.658160466693847e-06,-1.3775811823574154e-05,-1.1469136539296109e-09
25740.0,1.3317657846153845,1.6881651986601163,1.6881651986601163,0.4743617349794266,1.0993082002370387,4,4.5607739806996506e-11,3.240074875066057e-12,-9.620547117080544e-06,-1.3693130963765717e-05,-1.141308808299774e-09
25800.0,1.3311899877899878,1.6844586385326288,1.6844586385326288,0.4731530545231211,1.0967933422197982,4,4.592204394526789e-11,2.6716406864579767e-12,-9.574337918871345e-06,-1.3598441369060604e-05,-1.1354110717454362e-09
25860.0,1.3306172385836386,1.6807566453196503,1.6807566453196503,0.4719443820322453,1.0942821340227915,4,4.626421468145736e-11,2.7853275241795927e-12,-9.519532872066147e-06,-1.349179133050115e-05,-1.1291760633576802e-09
25920.0,1.330048052747253,1.6770592629754424,1.6770592629754424,0.470734894782261,1.0917741211239274,4,4.663402997096e-11,3.069544618483633e-12,-9.45613197666538e-06,-1.3373231269442083e-05,-1.1225659450523806e-09
25980.0,1.3294829460317457,1.6733665348937548,1.6733665348937548,0.4695238077939508,1.089268858419622,4,4.7030046523843794e-11,2.6716406864579767e-12,-9.384135232668612e-06,-1.3242813831029591e-05,-1.1155480335666416e-09
26040.0,1.3289224341880341,1.6696785039021433,1.6696785039021433,0.468310369845667,1.0867659099375657,4,4.745215331780628e-11,2.3874235921539366e-12,-9.303542640075842e-06,-1.3100593982378575e-05,-1.108093800248729e-09
26100.0,1.328367032967033,1.6659952122567427,1.6659952122567427,0.46709386022853433,1.0842648485771478,4,4.789973973018391e-11,3.183231456205249e-12,-9.214354198887504e-06,-1.2946629139844016e-05,-1.1001781294094691e-09
26160.0,1.327817258119658,1.6623167016375908,1.6623167016375908,0.4658735860603084,1.0817652558725643,4,4.837252820522053e-11,2.8421709430404007e-12,-9.116569909103163e-06,-1.278097928488308e-05,-1.0917787551522224e-09
26220.0,1.3272736253968254,1.6586430131445487,1.6586430131445487,0.46464888002874305,1.0792667217748346,4,4.886974158679891e-11,2.5011104298755527e-12,-9.010189770723038e-06,-1.2603707099091872e-05,-1.0828758249145417e-09
26280.0,1.3267366505494507,1.6549741872938777,1.6549741872938777,0.4634190984714632,1.0767688444498043,4,4.9391157830314114e-11,2.2168933355715126e-12,-8.895213783747128e-06,-1.2414878094447367e-05,-1.0734515549800309e-09
26340.0,1.3262068493284493,1.6513102640155286,1.6513102640155286,0.46218361972392735,1.0742712300898223,4,4.9936277335405066e-11,2.5011104298755527e-12,-8.771641948175217e-06,-1.2214560749900183e-05,-1.063489954534863e-09
26400.0,1.3256847374847376,1.6476512826511678,1.6476512826511678,0.4609418426840337,1.071773492737254,4,5.050487805746684e-11,3.126388037344441e-12,-8.639474264007518e-06,-1.2002826637997824e-05,-1.0529766013190342e-09
26460.0,1.3251708307692307,1.6439972819529804,1.6439972819529804,0.45969318555407335,1.0692752541183128,4,5.10961828403822e-11,3.0127011996228248e-12,-8.498710731244038e-06,-1.1779750566564206e-05,-1.0418984571479872e-09
26520.0,1.3246656449328449,1.6403483000832662,1.6403483000832662,0.45843708472953154,1.0667761434859895,4,5.171024719530237e-11,2.1600499167107046e-12,-8.349351349884771e-06,-1.154541070201947e-05,-1.0302437143193334e-09
26580.0,1.3241696957264957,1.6367043746148324,1.6367043746148324,0.4571729938107023,1.0642757974710415,4,5.234601641035397e-11,3.126388037344441e-12,-8.191396119929504e-06,-1.1299888701707698e-05,-1.018001666615558e-09
26640.0,1.323683498901099,1.6330655425321643,1.6330655425321643,0.45590038271799427,1.0617738599401747,4,5.300360150783945e-11,2.5011104298755527e-12,-8.02484504137834e-06,-1.104326984295169e-05,-1.0051625997772075e-09
26700.0,1.3232075702075703,1.6294318402333732,1.6294318402333732,0.45461873689550325,1.0592699818606959,4,5.368250288739773e-11,2.7284841053187847e-12,-7.849698114231393e-06,-1.0775643142169788e-05,-9.917176978493147e-10
26760.0,1.3227424253968256,1.6258033035328798,1.6258033035328798,0.4533275565902333,1.0567638211709927,4,5.438183237060912e-11,4.490630090003833e-12,-7.665955338488663e-06,-1.049710148038046e-05,-9.776589623406813e-10
26820.0,1.3222885802197801,1.6221799676647861,1.6221799676647861,0.4520263561967303,1.0542550426563095,4,5.5101534446322376e-11,2.6716406864579767e-12,-7.473616714150034e-06,-1.0207741722697265e-05,-9.629791419715463e-10
26880.0,1.3218465504273504,1.6185618672869022,1.6185618672869022,0.4507146636584595,1.0517433178293483,4,5.584099849187396e-11,2.6716406864579767e-12,-7.272682241215517e-06,-9.907664830792956e-06,-9.47671671182648e-10
26940.0,1.3214168517704517,1.614949036485356,1.614949036485356,0.4493920199188366,1.0492283248152776,4,5.6599336328844174e-11,2.2168933355715126e-12,-7.06315191968527e-06,-9.596975975815201e-06,-9.317306159685776e-10
27000.0,1.321,1.6113415087797354,1.6113415087797354,0.44805797841584755,1.0467097482407905,4,5.737665897953548e-11,2.5011104298755527e-12,-6.845025749559088e-06,-9.275784650356294e-06,-9.151506258241191e-10
27060.0,1.3205957627557627,1.6077393171278962,1.6077393171278962,0.4467136045826906,1.0441879521303155,4,5.807149205949713e-11,2.6147972675971687e-12,-6.645383464272358e-06,-8.980868954339458e-06,-8.983624768584814e-10
27120.0,1.3202030872830872,1.6041424939320708,1.6041424939320708,0.4453613352066478,1.041664023852635,4,5.87169757260142e-11,2.1600499167107046e-12,-6.458247143802704e-06,-8.704002704304042e-06,-8.816810742591685e-10
27180.0,1.3198212587412586,1.6005510710457507,1.6005510710457507,0.44400273784367356,1.0391387246257024,4,5.931860558305857e-11,2.8421709430404007e-12,-6.283024835247022e-06,-8.444331904886959e-06,-8.651898562899045e-10
27240.0,1.3194495622895623,1.5969650797798631,1.5969650797798631,0.4426392863856233,1.0366127994702312,4,5.988026741121644e-11,2.6716406864579767e-12,-6.119716538605421e-06,-8.20177274990329e-06,-8.489782736205564e-10
27300.0,1.3190872830872833,1.5933845509097107,1.5933845509097107,0.4412723717778253,1.034086977917601,4,6.040384858962966e-11,2.6147972675971687e-12,-5.96832225387779e-06,-7.976234408969157e-06,-8.331209908620303e-10
27360.0,1.3187337062937066,1.5898095146821496,1.5898095146821496,0.43990331357277945,1.0315619746158808,4,6.089134751974257e-11,3.069544618483633e-12,-5.8288419810641845e-06,-7.767620024478044e-06,-8.176809289581112e-10
27420.0,1.318388117068117,1.5862400008229347,1.5862400008229347,0.4385333688878713,1.0290384898516858,4,6.134431851378963e-11,2.5579538487363607e-12,-5.701275720164712e-06,-7.575827593853373e-06,-8.02711976990454e-10
27480.0,1.3180498005698007,1.5826760385442524,1.5826760385442524,0.43716373938678643,1.026517210006915,4,6.176448241745902e-11,2.4442670110147446e-12,-5.5856234711790505e-06,-7.400750767208456e-06,-7.88260941363867e-10
27540.0,1.3177180419580419,1.57911765655239,1.57911765655239,0.43579557684950104,1.0239988079642424,4,6.215306047607783e-11,3.865352482534945e-12,-5.481885234107413e-06,-7.242279574353898e-06,-7.743689486079627e-10
27600.0,1.3173921263921264,1.5755648830555409,1.5755648830555409,0.4344299877173693,1.0214839434713687,4,6.251044126770466e-11,2.7284841053187847e-12,-5.390061008950017e-06,-7.1003010900605e-06,-7.610724804744489e-10
27660.0,1.317071339031339,1.572017745771751,1.572017745771751,0.433068036874162,1.018973263471453,4,6.283734643730554e-11,2.6147972675971687e-12,-5.310150795706539e-06,-6.974700060421692e-06,-7.48404158430562e-10
27720.0,1.316754965034965,1.5684762719369967,1.5684762719369967,0.4317107508430784,1.016467402405334,4,6.313460865214893e-11,2.3874235921539366e-12,-5.242154594376763e-06,-6.865359491663376e-06,-7.36393352295439e-10
27780.0,1.3164422895622896,1.5649404883134046,1.5649404883134046,0.4303591205273814,1.013966982489924,4,6.340211688993236e-11,2.7284841053187847e-12,-5.186072404961226e-06,-6.772161195530172e-06,-7.250666624779439e-10
27840.0,1.3161325977725977,1.5614104211976272,1.5614104211976272,0.42901410358750025,1.0114726139762185,4,6.363992666180707e-11,2.2168933355715126e-12,-5.141904227459717e-06,-6.694986317271902e-06,-7.144483086896693e-10
27900.0,1.315825174825175,1.5578860964293837,1.5578860964293837,0.4276766265237605,1.0089848953897191,4,6.38486485904366e-11,2.6716406864579767e-12,-5.109650061872231e-06,-6.6337158320554175e-06,-7.045604482394305e-10
27960.0,1.3155193058793058,1.5543675394001824,1.5543675394001824,0.4263475865173159,1.0065044137555388,4,6.402722796394755e-11,2.2737367544323206e-12,-5.089309908198773e-06,-6.588231022330388e-06,-6.954234399560263e-10
28020.0,1.315214276094276,1.5508547750622497,1.5508547750622497,0.4250278530699162,1.0040317448100795,4,6.417610887154979e-11,2.7284841053187847e-12,-5.080883766439339e-06,-6.558413923976353e-06,-6.870560656703613e-10
28080.0,1.3149093706293706,1.5473478279376736,1.5473478279376736,0.423718269474488,1.0015674532008503,4,6.429451415712606e-11,2.3305801732931286e-12,-5.084371636593931e-06,-6.544147768045721e-06,-6.794757178371078e-10
28140.0,1.3146038746438746,1.5438467221277847,1.5438467221277847,0.4224196541420543,0.9991120926757598,4,6.438188870916406e-11,2.1600499167107046e-12,-5.099773518662549e-06,-6.5453173944380965e-06,-6.726985598715845e-10
28200.0,1.3142970732970731,1.540351481322794,1.540351481322794,0.4211328018054842,0.99666620626301,4,6.443762190500024e-11,2.1032064978498966e-12,-5.127089412644973e-06,-6.561809653866203e-06,-6.66739664287119e-10
28260.0,1.3139882517482517,1.5368621288116946,1.5368621288116946,0.41985848461690845,0.9942303264425588,4,6.446093658851737e-11,2.7853275241795927e-12,-5.166319318541643e-06,-6.593513791135176e-06,-6.616131324696352e-10
28320.0,1.3136766951566952,1.5333786874924455,1.5333786874924455,0.41859745315263963,0.9918049753099876,4,6.445100009244698e-11,3.467448550509289e-12,-5.21746323635212e-06,-6.640321821223022e-06,-6.573321990711826e-10
28380.0,1.3133616886816883,1.5299011798824338,1.5299011798824338,0.41735043733707494,0.98939066473349,4,6.44068132160669e-11,2.2168933355715126e-12,-5.280521166076731e-06,-6.7021288863382115e-06,-6.539093235971199e-10
28440.0,1.3130425174825175,1.5264296281292198,1.5264296281292198,0.41611814729524865,0.9869878965046144,4,6.43272657363525e-11,2.3874235921539366e-12,-5.355493107715365e-06,-6.778833597290623e-06,-6.513562711022035e-10
28500.0,1.3127184667184668,1.5229640540215665,1.5229640540215665,0.4149012741421911,0.9845971624833076,4,6.42114694748841e-11,2.9558577807620168e-12,-5.442379061267918e-06,-6.8703383798946545e-06,-6.496841834148346e-10
28560.0,1.3123888215488217,1.5195044790007193,1.5195044790007193,0.413700490716039,0.9822189447377354,4,6.405809216403213e-11,3.808509063674137e-12,-5.541179026734607e-06,-6.976549790477856e-06,-6.48903642535305e-10
28620.0,1.312052867132867,1.516050924171941,1.516050924171941,0.4125164522608164,0.9798537156793091,4,6.386602358077198e-11,3.0127011996228248e-12,-5.651893004115262e-06,-7.097378833522078e-06,-6.490247268558092e-10
28680.0,1.3117098886298886,1.5126034103162418,1.5126034103162418,0.4113497970640197,0.9775019381932822,4,6.36337649240204e-11,2.3305801732931286e-12,-5.7745209934098925e-06,-7.232741266069008e-06,-6.500570615035826e-10
28740.0,1.311359171199171,1.50916195790229,1.50916195790229,0.410201147053428,0.9751640657652503,4,6.336031699305522e-11,2.6147972675971687e-12,-5.909062994618576e-06,-7.382557894856836e-06,-6.520098632198836e-10
28800.0,1.311,1.5057265870984515,1.5057265870984515,0.40907110835700033,0.9728405426038423,4,6.304401445333951e-11,2.0463630789890885e-12,-6.055519007741236e-06,-7.546754863216922e-06,-6.548919806918908e-10
28860.0,1.310631402020202,1.5022973177855865,1.5022973177855865,0.40796076073612386,0.9705320240297451,4,6.266143159905369e-11,3.581135388230905e-12,-6.218605611672297e-06,-7.731113094526228e-06,-6.588283118359646e-10
28920.0,1.310253397979798,1.4988741695684473,1.4988741695684473,0.40686920945706806,0.9682383041341593,4,6.235584271152561e-11,3.0127011996228248e-12,-6.369339618406265e-06,-7.899592972227676e-06,-6.633452961800699e-10
28980.0,1.3098667636363637,1.4954571617879988,1.4954571617879988,0.4057943744035987,0.9659585453115804,4,6.212252934290063e-11,2.3874235921539366e-12,-6.507144332211e-06,-8.051546876353957e-06,-6.681130416362249e-10
29040.0,1.3094722747474747,1.4920463135342048,1.4920463135342048,0.4047343913707746,0.9636919300118106,4,6.19574946902901e-11,2.6716406864579767e-12,-6.632019753086418e-06,-8.187069332278113e-06,-6.729501917648441e-10
29100.0,1.309070707070707,1.4886416436578178,1.4886416436578178,0.40368754130708,0.9614376594158782,4,6.185774115152753e-11,3.296918293926865e-12,-6.743965881032466e-06,-8.306250519817318e-06,-6.777257810674337e-10
29160.0,1.3086628363636366,1.4852431707818827,1.4852431707818827,0.4026522177032697,0.959194952461166,4,6.182210299243707e-11,2.5579538487363607e-12,-6.8429827160493625e-06,-8.409176640831892e-06,-6.823367829786022e-10
29220.0,1.3082494383838383,1.4818509133129052,1.4818509133129052,0.4016269067349895,0.956963045052903,4,6.184874834502807e-11,2.7853275241795927e-12,-6.92907025813689e-06,-8.495930415949003e-06,-6.86698347723252e-10
29280.0,1.307831288888889,1.4784648894516041,1.4784648894516041,0.4006101736440718,0.9547411893954616,4,6.193656698627592e-11,2.5579538487363607e-12,-7.0022285072951535e-06,-8.566591615004679e-06,-6.907385395420064e-10
29340.0,1.3074091636363634,1.4750851172031623,1.4750851172031623,0.3996006527193501,0.9525286534083073,4,6.208522584927323e-11,3.183231456205249e-12,-7.06245746352416e-06,-8.621237617536457e-06,-6.943951340060614e-10
29400.0,1.3069838383838384,1.4717116143869209,1.4717116143869209,0.3985970395713253,0.9503247202054405,4,6.229378124444906e-11,2.5579538487363607e-12,-7.109757126823794e-06,-8.659943944281572e-06,-6.976135081130651e-10
29460.0,1.3065560888888887,1.468344398645441,1.468344398645441,0.39759808497079757,0.9481286876245048,4,6.25612894822325e-11,2.5579538487363607e-12,-7.144127497194058e-06,-8.682784798512752e-06,-7.003451697894819e-10
29520.0,1.306126690909091,1.4649834874528733,1.4649834874528733,0.3966025898075019,0.9459398677959645,4,6.288808362953091e-11,2.7853275241795927e-12,-7.165568574635062e-06,-8.689833575388115e-06,-7.02546688580794e-10
29580.0,1.3056964202020203,1.4616288981225656,1.4616288981225656,0.39560940088154156,0.9437575867454052,4,6.327294244101722e-11,2.2737367544323206e-12,-7.174080359147021e-06,-8.681163368572976e-06,-7.041788922069759e-10
29640.0,1.3052660525252526,1.4582806478138806,1.4582806478138806,0.39461740733262723,0.9415811840237492,4,6.371575489438897e-11,2.6716406864579767e-12,-7.169662850729503e-06,-8.65684745799349e-06,-7.052062465083308e-10
29700.0,1.3048363636363638,1.4549387535381513,1.4549387535381513,0.39362553756968055,0.9394100123613746,4,6.42159103669826e-11,3.0127011996228248e-12,-7.152316049382722e-06,-8.616959781064385e-06,-7.055963663748602e-10
29760.0,1.3044081292929293,1.4516032321637393,1.4516032321637393,0.39263275660088204,0.9372434373429721,4,6.47731868141932e-11,2.8990143619012088e-12,-7.122039955106681e-06,-8.561575392797022e-06,-7.053196228950835e-10
29820.0,1.303982125252525,1.4482741004201694,1.4482741004201694,0.3916380636895334,0.9350808371006001,4,6.538725116911337e-11,2.7853275241795927e-12,-7.078834567901377e-06,-8.490770907259627e-06,-7.043488227093334e-10
29880.0,1.3035591272727274,1.4449513749013019,1.4449513749013019,0.3906404902788918,0.9329216020228589,4,6.60569932087185e-11,2.5011104298755527e-12,-7.022699887766598e-06,-8.404624929641641e-06,-7.026589427401065e-10
29940.0,1.303139911111111,1.4416350720675308,1.4416350720675308,0.3896390981417368,0.9307651344784642,4,6.678296804452089e-11,2.1032064978498966e-12,-6.95363591470234e-06,-8.303218474290937e-06,-7.002269080826605e-10
30000.0,1.3027252525252524,1.4383252082469749,1.4383252082469749,0.38863297771976274,0.928610848552776,4,6.756395443119345e-11,2.4442670110147446e-12,-6.8716426487093606e-06,-8.186635368536002e-06,-6.9703140404888e-10
30060.0,1.302315927272727,1.4350217996356707,1.4350217996356707,0.3876212466248242,0.9264581697960549,4,6.839973032413127e-11,2.3874235921539366e-12,-6.776720089786689e-06,-8.05496264490914e-06,-6.930527154739555e-10
30120.0,1.3019127111111113,1.4317248622967502,1.4317248622967502,0.3866030482793477,0.9243065349823976,4,6.929001816757818e-11,2.5011104298755527e-12,-6.668868237934864e-06,-7.908290923685281e-06,-6.88272588215115e-10
30180.0,1.3015163797979796,1.4284344121586203,1.4284344121586203,0.3855775506772453,0.9221553918784413,4,7.023404080541695e-11,2.9558577807620168e-12,-6.548087093153778e-06,-7.746714786663469e-06,-6.826741087640486e-10
30240.0,1.301127709090909,1.4251504650121392,1.4251504650121392,0.3845439452499264,0.920004199021046,4,7.123140965958896e-11,2.7853275241795927e-12,-6.414376655443212e-06,-7.570333125152907e-06,-6.762415988307999e-10
30300.0,1.3007474747474748,1.4218730365068328,1.4218730365068328,0.38350144582447115,0.9178524255032569,4,7.228145859627944e-11,2.6147972675971687e-12,-6.267736924803602e-06,-7.379249501363402e-06,-6.689605223183188e-10
30360.0,1.3003764525252526,1.4186021421461545,1.4186021421461545,0.38244928766307523,0.9156995507679342,4,7.33835214816736e-11,2.6716406864579767e-12,-6.108167901234625e-06,-7.173572478217494e-06,-6.608174027170565e-10
30420.0,1.300015418181818,1.415337797281846,1.415337797281846,0.3813867265745127,0.9135450644085019,4,7.453748729346898e-11,2.5579538487363607e-12,-5.935669584736274e-06,-6.953415949370731e-06,-6.517997493737644e-10
30480.0,1.2996651474747474,1.412080017107433,1.412080017107433,0.38031303808966144,0.911388465976325,4,7.574191274173359e-11,2.4442670110147446e-12,-5.750241975308665e-06,-6.718899459340219e-06,-6.418959910904111e-10
30540.0,1.2993264161616158,1.408828816650908,1.408828816650908,0.37922751669429416,0.9092292647942766,4,7.699657578186248e-11,2.6147972675971687e-12,-5.551885072951742e-06,-6.4701485104083005e-06,-6.310954161279918e-10
30600.0,1.299,1.4055842107666856,1.4055842107666856,0.37812947511319916,0.9070669797760971,4,7.83001441462261e-11,2.8421709430404007e-12,-5.3405988776655504e-06,-6.207294858313455e-06,-6.193881176073666e-10
30660.0,1.2986844510288065,1.4023462141256324,1.4023462141256324,0.3770223800358962,0.9049029362693735,4,7.920392119942221e-11,2.3874235921539366e-12,-5.1912479195244746e-06,-6.017389096744496e-06,-6.079518799771643e-10
30720.0,1.2983774353909465,1.3991148412045995,1.3991148412045995,0.3759106113760618,0.9027391301259738,4,8.005218710138706e-11,2.6716406864579767e-12,-5.053327480566991e-06,-5.841495430224596e-06,-5.969828509708063e-10
30780.0,1.2980784,1.3958901062781774,1.3958901062781774,0.3747950929545216,0.9005760848319264,4,8.085632163812306e-11,2.8421709430404007e-12,-4.924625148605435e-06,-5.6770035085631435e-06,-5.862827219924546e-10
30840.0,1.2977867917695474,1.3926720234083145,1.3926720234083145,0.37367678898775897,0.8984143131757887,4,8.161565867581544e-11,2.3874235921539366e-12,-4.80514092363956e-06,-5.523850305898779e-06,-5.758481905635096e-10
30900.0,1.297502057613169,1.3894606064337838,1.3894606064337838,0.3725566440146659,0.8962543172670643,4,8.233147497094251e-11,3.240074875066057e-12,-4.694874805669965e-06,-5.38196983682811e-06,-5.657017572754935e-10
30960.0,1.2972236444444445,1.3862558689594349,1.3862558689594349,0.3714355715599561,0.8940965887593069,4,8.300443665731905e-11,2.7853275241795927e-12,-4.593826794695996e-06,-5.2512933426866835e-06,-5.558718163686113e-10
31020.0,1.2969509991769546,1.3830578243453442,1.3830578243453442,0.3703144519418706,0.8919416091147058,4,8.363559844681845e-11,3.126388037344441e-12,-4.501996890717874e-06,-5.1317496182431185e-06,-5.463873257711592e-10
31080.0,1.29668356872428,1.3798664856959657,1.3798664856959657,0.36919413280178615,0.8897898498709351,4,8.422573749555795e-11,3.751665644813329e-12,-4.419385093735704e-06,-5.023265368561404e-06,-5.372760788523571e-10
31140.0,1.2964207999999997,1.376681865849383,1.376681865849383,0.36807543053309416,0.8876417728980334,4,8.477551993735233e-11,3.296918293926865e-12,-4.345991403749379e-06,-4.925765568814097e-06,-5.28564149868184e-10
31200.0,1.2961621399176957,1.3735039773667759,1.3735039773667759,0.36695913197272495,0.8854978306415471,4,8.52855008837139e-11,2.9558577807620168e-12,-4.281815820759007e-06,-4.839173800033771e-06,-5.202757766905658e-10
31260.0,1.2959070353909463,1.3703328325221922,1.3703328325221922,0.365845996110255,0.8833584663512642,4,8.575584686809634e-11,3.069544618483633e-12,-4.226858344764481e-06,-4.763412584101481e-06,-5.124334153485157e-10
31320.0,1.2956549333333334,1.3671684432927342,1.3671684432927342,0.36473675571839376,0.8812241142960482,4,8.618700197970952e-11,2.3874235921539366e-12,-4.181118975766016e-06,-4.698403686555268e-06,-5.050578600091861e-10
31380.0,1.2954052806584362,1.3640108213492397,1.3640108213492397,0.3636321188701686,0.879095199965727,4,8.657868866279728e-11,2.8421709430404007e-12,-4.144597713763287e-06,-4.6440684253527505e-06,-4.981683831943266e-10
31440.0,1.2951575242798354,1.360859978047552,1.360859978047552,0.3625327703347625,0.8769721402611126,4,8.693101793966207e-11,3.524291969370097e-12,-4.117294558756296e-06,-4.600327946721242e-06,-4.917828764930497e-10
31500.0,1.2949111111111111,1.3577159244204706,1.3577159244204706,0.3614393728554406,0.874855343673214,4,8.724365674339651e-11,3.0127011996228248e-12,-4.0992095107452565e-06,-4.5671034990772544e-06,-4.859179834415536e-10
31560.0,1.2946654880658435,1.3545786711704344,1.3545786711704344,0.36035256831777435,0.8727452104526432,4,8.751627200709322e-11,1.9326762412674725e-12,-4.090342569730171e-06,-4.544316695156227e-06,-4.805892213975057e-10
31620.0,1.2944201020576132,1.351448228663037,1.351448228663037,0.35927297881785375,0.8706421327701195,4,8.774864168614727e-11,2.4442670110147446e-12,-4.090693735710822e-06,-4.531889755409867e-06,-4.758110917306107e-10
31680.0,1.2941744,1.348324606921398,1.348324606921398,0.35820120764032876,0.8685464948688915,4,8.793998862444141e-11,4.888534022029489e-12,-4.100263008687643e-06,-4.529745750677706e-06,-4.71597178618946e-10
31740.0,1.2939278288065843,1.3452078156214755,1.3452078156214755,0.3571378401555261,0.86645867320981,4,8.808964668816088e-11,2.8990143619012088e-12,-4.119050388660418e-06,-4.537808827807452e-06,-4.679602373912158e-10
31800.0,1.2936798353909464,1.34209786408834,1.34209786408834,0.3560834446440911,0.8643790366096973,4,8.81969497434909e-11,2.8421709430404007e-12,-4.147055875628712e-06,-4.556004429226532e-06,-4.6491227332675517e-10
31860.0,1.2934298666666666,1.33899476129346,1.33899476129346,0.35503857305673103,0.8623079463735996,4,8.826106512316301e-11,2.2737367544323206e-12,-4.184279469593068e-06,-4.584259509130516e-06,-4.624646119934111e-10
31920.0,1.293177369547325,1.3358985158530086,1.3358985158530086,0.3540037617157497,0.8602457564214318,4,8.828104913760626e-11,3.0127011996228248e-12,-4.230721170553269e-06,-4.622502731661175e-06,-4.6062796205667654e-10
31980.0,1.2929217909465018,1.3328091360272085,1.3328091360272085,0.3529795319643255,0.8581928134094792,4,8.825618014185466e-11,2.3305801732931286e-12,-4.286380978509423e-06,-4.670664668453598e-06,-4.5941247136306524e-10
32040.0,1.2926625777777778,1.3297266297207222,1.3297266297207222,0.35196639076874986,0.8561494568471629,4,8.818534791288357e-11,2.5011104298755527e-12,-4.35125889346142e-06,-4.7286779902369364e-06,-4.5882777716477165e-10
32100.0,1.2923991769547327,1.326651004484066,1.326651004484066,0.3509648312782413,0.8541160192094356,4,8.806733120536592e-11,2.3305801732931286e-12,-4.4253549154092635e-06,-4.796477648967578e-06,-4.5888305105360405e-10
32160.0,1.2921310353909465,1.323582267516029,1.323582267516029,0.34997533334638076,0.8520928260451345,4,8.79010753074283e-11,2.3874235921539366e-12,-4.508669044352953e-06,-4.874001055909247e-06,-4.595870392772647e-10
32220.0,1.2918576,1.320520425667069,1.320520425667069,0.3489983640177763,0.8500801960815871,4,8.768574755180225e-11,3.126388037344441e-12,-4.601201280292647e-06,-4.9611882490124294e-06,-4.6094809894561434e-10
32280.0,1.2915783176954734,1.317465485443624,1.317465485443624,0.348034377983131,0.8480784413257282,4,8.741990464855576e-11,2.7284841053187847e-12,-4.702951623228189e-06,-5.057982065120241e-06,-4.629742304728811e-10
32340.0,1.2912926353909464,1.3144174530133077,1.3144174530133077,0.34708381800549487,0.846087867161967,4,8.710232535236173e-11,2.5579538487363607e-12,-4.813920073159603e-06,-5.164328295425072e-06,-4.656731068627923e-10
32400.0,1.291,1.3113763342108857,1.3113763342108857,0.34614711532025483,0.8441087724470185,4,8.673173290674185e-11,2.2737367544323206e-12,-4.9341066300868815e-06,-5.280175844796762e-06,-4.690520999043126e-10
32460.0,1.2907000823045265,1.3083421345455424,1.3083421345455424,0.34522428236657865,0.8421412782127893,4,8.638689763529328e-11,2.3874235921539366e-12,-5.0537677183356146e-06,-5.395046237028148e-06,-4.729886449930799e-10
32520.0,1.2903932510288065,1.305314859208118,1.305314859208118,0.3443141577842113,0.8401849716507,4,8.612277557773496e-11,2.8990143619012088e-12,-5.165153177869202e-06,-5.500716729828778e-06,-4.771972809039565e-10
32580.0,1.29008,1.3022945130790031,1.3022945130790031,0.34341552255338414,0.8382393559361468,4,8.593298295167529e-11,2.7284841053187847e-12,-5.268308184727922e-06,-5.597274906521925e-06,-4.815326683016768e-10
32640.0,1.2897608230452675,1.2992811007369918,1.2992811007369918,0.34252726748328266,0.8363039461024132,4,8.581335642077192e-11,2.3874235921539366e-12,-5.363232738911746e-06,-5.684774978981618e-06,-4.8589824919783e-10
32700.0,1.2894362139917694,1.2962746264680707,1.2962746264680707,0.3416483641551528,0.8343782683196534,4,8.576106491631208e-11,5.286437954055145e-12,-5.449926840420675e-06,-5.763269241141906e-06,-4.902204723768317e-10
32760.0,1.289106666666667,1.2932750942744926,1.2932750942744926,0.3407778489410708,0.8324618593338086,4,8.577399901454896e-11,3.069544618483633e-12,-5.528390489254653e-06,-5.832808199358967e-06,-4.944398480769504e-10
32820.0,1.2887726748971193,1.2902825078840483,1.2902825078840483,0.33991481254788297,0.8305542660015788,4,8.585077093670179e-11,2.1600499167107046e-12,-5.59862368541379e-06,-5.893440763867576e-06,-4.985065291489116e-10
32880.0,1.2884347325102883,1.2872968707594277,1.2872968707594277,0.3390583925419224,0.8286550448908889,4,8.598982637053609e-11,2.4442670110147446e-12,-5.6606264288980855e-06,-5.9452144372010535e-06,-5.023777488561951e-10
32940.0,1.2880933333333333,1.284318186107611,1.284318186107611,0.3382077676983512,0.8267637619293529,4,8.619061020453955e-11,2.8421709430404007e-12,-5.714398719707323e-06,-5.988175530338377e-06,-5.060161843801962e-10
33000.0,1.2877489711934158,1.2813464568891713,1.2813464568891713,0.3373621535608959,0.8248799920896336,4,8.645217874914124e-11,2.4442670110147446e-12,-5.759940557841827e-06,-6.022369356318348e-06,-5.093888406288482e-10
33060.0,1.2874021399176954,1.2783816858274362,1.2783816858274362,0.3365207988510587,0.8230033191041723,4,8.677386587052638e-11,2.2737367544323206e-12,-5.797251943301491e-06,-6.0478404351046935e-06,-5.124662515297105e-10
33120.0,1.2870533333333334,1.275423875417409,1.275423875417409,0.335682982499088,0.8211333352039104,4,8.715533850178758e-11,5.229594535194337e-12,-5.826332876085987e-06,-6.064632686090735e-06,-5.152218872081262e-10
33180.0,1.2867030452674897,1.2724730279343952,1.2724730279343952,0.3348480111450928,0.8192696408770254,4,8.759609704256377e-11,2.9558577807620168e-12,-5.84718335619575e-06,-6.0727896214649805e-06,-5.176317009793373e-10
33240.0,1.2863517695473252,1.2695291454422584,1.2695291454422584,0.3340152170050677,0.8174118446446496,4,8.80955308701914e-11,4.206412995699793e-12,-5.859803383630781e-06,-6.0723545257313416e-06,-5.196737749729815e-10
33300.0,1.2859999999999998,1.2665922298012566,1.2665922298012566,0.33318395602624507,0.8155595628511975,4,8.8653528962368e-11,3.0127011996228248e-12,-5.864192958390644e-06,-6.063370640083565e-06,-5.213280373362136e-10
33360.0,1.2856482304526746,1.2636622826753938,1.2636622826753938,0.33235360627600946,0.8137124194674118,4,8.927020234139604e-11,2.0463630789890885e-12,-5.860352080475558e-06,-6.045881329875901e-06,-5.225760327754978e-10
33420.0,1.2852969547325102,1.2607393055392542,1.2607393055392542,0.3315235665222153,0.8118700459045936,4,8.994482936230952e-11,2.2737367544323206e-12,-5.848280749885738e-06,-6.019930259128041e-06,-5.234007337829805e-10
33480.0,1.2849466666666667,1.2578232996842622,1.2578232996842622,0.33069325497242696,0.810032080838756,4,9.067741002510843e-11,2.6147972675971687e-12,-5.827978966621186e-06,-5.985561548694173e-06,-5.237863831849501e-10
33540.0,1.2845978600823045,1.254914266224357,1.254914266224357,0.32986210814661043,0.8081981700436452,4,9.146788881864154e-11,2.8421709430404007e-12,-5.799446730681251e-06,-5.942819937249002e-06,-5.237183615345413e-10
33600.0,1.2842510288065843,1.2520122061010246,1.2520122061010246,0.32902957986301457,0.8063679662317444,4,9.231632125406009e-11,3.240074875066057e-12,-5.762684042066798e-06,-5.8917509335975596e-06,-5.231830741959432e-10
33660.0,1.2839066666666665,1.249117120087693,1.249117120087693,0.3281951403208811,0.8045411289025026,4,9.322226324215421e-11,2.5579538487363607e-12,-5.717690900777397e-06,-5.832400966876558e-06,-5.221678544364453e-10
33720.0,1.2835652674897118,1.2462290087934582,1.2462290087934582,0.3273582752666801,0.8027173241971379,4,9.418588131637762e-11,2.9558577807620168e-12,-5.664467306812937e-06,-5.764817530148431e-06,-5.206608794074656e-10
33780.0,1.2832273251028805,1.2433478726661384,1.2433478726661384,0.3265184852328504,0.8008962247594542,4,9.520734201018399e-11,2.1600499167107046e-12,-5.603013260173744e-06,-5.689049319973662e-06,-5.186510969432227e-10
33840.0,1.2828933333333332,1.240473711994653,1.240473711994653,0.32567528483991337,0.7990775096021763,4,9.628642327896841e-11,2.2737367544323206e-12,-5.5333287608596e-06,-5.6051463745926205e-06,-5.16128161243803e-10
33900.0,1.2825637860082306,1.2376065269107235,1.2376065269107235,0.3248282021542811,0.7972608639783749,4,9.742323614503334e-11,3.183231456205249e-12,-5.455413808870615e-06,-5.513160205876464e-06,-5.130823759254302e-10
33960.0,1.2822391769547328,1.2347463173899242,1.2347463173899242,0.32397677809526554,0.7954459792575962,4,9.861783611953001e-11,2.1600499167107046e-12,-5.369268404206682e-06,-5.413143926689533e-06,-5.095046434567277e-10
34020.0,1.28192,1.231893083252077,1.231893083252077,0.3231205658857631,0.7936325528063586,4,9.987044524706334e-11,2.7853275241795927e-12,-5.27489254686785e-06,-5.3051523769684285e-06,-5.053864198108774e-10
34080.0,1.2816067489711935,1.2290468241610244,1.2290468241610244,0.32225913054185057,0.79182028787271,4,1.0118078597187719e-10,2.1600499167107046e-12,-5.172286236854125e-06,-5.189242243541748e-06,-5.007196737631981e-10
34140.0,1.2812999176954731,1.2262075396238212,1.2262075396238212,0.3213920483972275,0.790008893474576,4,1.0254941340548385e-10,2.5579538487363607e-12,-5.061449474165532e-06,-5.0654721813865535e-06,-4.954968499449983e-10
34200.0,1.281,1.2233752289893576,1.2233752289893576,0.32051890665893956,0.7881980842916503,4,1.0397632754788333e-10,3.126388037344441e-12,-4.942382258802017e-06,-4.933902923648679e-06,-4.897108353806657e-10
34260.0,1.2807050732510286,1.2205498914455353,1.2205498914455353,0.31964355076134554,0.7863893310245106,4,1.0465633915046624e-10,2.7853275241795927e-12,-4.894332693187024e-06,-4.873629544060998e-06,-4.84602336460604e-10
34320.0,1.2804128329218107,1.2177315260152248,1.2177315260152248,0.3187697132269373,0.7845843320607662,4,1.0533940386636687e-10,5.172751116333529e-12,-4.850173571101968e-06,-4.817462083315382e-06,-4.801406728427061e-10
34380.0,1.2801231999999998,1.2149201315553706,1.2149201315553706,0.317897209505171,0.7827831487633673,4,1.0603545819165561e-10,2.2168933355715126e-12,-4.807331321444909e-06,-4.762826190240035e-06,-4.75951445685276e-10
34440.0,1.279836095473251,1.2121157067541803,1.2121157067541803,0.31702601288637816,0.7809858427236983,4,1.0673678607631132e-10,2.6147972675971687e-12,-4.765805944215819e-06,-4.709711781289059e-06,-4.719372049796859e-10
34500.0,1.279551440329218,1.209318250127695,1.209318250127695,0.31615615392373353,0.7791924750348234,4,1.0743900213938673e-10,2.7284841053187847e-12,-4.725597439414806e-06,-4.658109644075308e-06,-4.680534994248482e-10
34560.0,1.2792691555555558,1.2065277600161093,1.2065277600161093,0.3152876912172546,0.777403105978498,4,1.0814010797943752e-10,3.126388037344441e-12,-4.686705807041709e-06,-4.608010957585636e-06,-4.642766073758195e-10
34620.0,1.2789891621399176,1.2037442345799079,1.2037442345799079,0.3144206985633709,0.7756177948636878,4,1.0883849377307797e-10,2.5579538487363607e-12,-4.649131047096526e-06,-4.559407095703564e-06,-4.60592926056167e-10
34680.0,1.278711381069959,1.2009676717958928,1.2009676717958928,0.3135552582754654,0.7738365999378498,4,1.0953338236419086e-10,2.3874235921539366e-12,-4.612873159579366e-06,-4.5122895151102635e-06,-4.5699442157064717e-10
34740.0,1.2784357333333334,1.1981980694531391,1.1981980694531391,0.3126914573617462,0.7720595783379849,4,1.1022405210781017e-10,2.9558577807620168e-12,-4.57793214449023e-06,-4.466649711023189e-06,-4.5347636481228977e-10
34800.0,1.2781621399176957,1.195435425148969,1.195435425148969,0.31182938519854747,0.7702867860651984,4,1.1090983687012113e-10,2.6147972675971687e-12,-4.5443080018290085e-06,-4.422479176646136e-06,-4.500360899056443e-10
34860.0,1.2778905218106993,1.1926797362849837,1.1926797362849837,0.31096913205372534,0.7685182779738932,4,1.1159073665112373e-10,2.5011104298755527e-12,-4.51200073159581e-06,-4.379769391384255e-06,-4.4667226498248376e-10
34920.0,1.2776208,1.189931000063222,1.189931000063222,0.3101107881229647,0.7667541077703868,4,1.1226652940621307e-10,2.3874235921539366e-12,-4.4810103337905274e-06,-4.338511805619883e-06,-4.4338444153891545e-10
34980.0,1.277352895473251,1.1871892134824966,1.1871892134824966,0.30925444288970494,0.7649943280177429,4,1.1293654900157435e-10,3.240074875066057e-12,-4.4513368084133755e-06,-4.298697845308007e-06,-4.4017276487745935e-10
35040.0,1.277086729218107,1.1844543733349688,1.1844543733349688,0.3084001846964623,0.7632389901447532,4,1.1360096197066127e-10,3.979039320256561e-12,-4.422980155464139e-06,-4.260318901222774e-06,-4.3703778227777583e-10
35100.0,1.276822222222222,1.1817264762029958,1.1817264762029958,0.30754810045799935,0.7614881444577017,4,1.1425949075771769e-10,2.9558577807620168e-12,-4.395940374943034e-06,-4.223366337314057e-06,-4.339803129011136e-10
35160.0,1.2765592954732508,1.1790055184563115,1.1790055184563115,0.3066982754717324,0.7597418401539886,4,1.1491224638504605e-10,4.092726157978177e-12,-4.370217466849627e-06,-4.187831489872593e-06,-4.3100135780002064e-10
35220.0,1.2762978699588476,1.17629149624958,1.17629149624958,0.3058507932959271,0.7580001253369663,4,1.1555889578573897e-10,2.5579538487363607e-12,-4.345811431184135e-06,-4.153705671295418e-06,-4.281020368316743e-10
35280.0,1.2760378666666667,1.1735844055203448,1.1735844055203448,0.30500573567572603,0.7562630470315456,4,1.1619932793749399e-10,3.296918293926865e-12,-4.322722267946992e-06,-4.120980176032822e-06,-4.2528354385611176e-10
35340.0,1.275779206584362,1.1708842419874272,1.1708842419874272,0.3041631825032869,0.7545306512002481,4,1.1683337630685742e-10,2.7284841053187847e-12,-4.300949977137546e-06,-4.089646283532395e-06,-4.2254711477058314e-10
35400.0,1.2755218106995885,1.1681910011497834,1.1681910011497834,0.303323211802323,0.7528029827594787,4,1.1746104089382925e-10,2.8421709430404007e-12,-4.280494558756232e-06,-4.059695262050646e-06,-4.1989400451083334e-10
35460.0,1.2752656,1.1655046782858594,1.1655046782858594,0.30248589973021256,0.7510800855958554,4,1.1808232169840949e-10,3.126388037344441e-12,-4.261356012802942e-06,-4.031118375556145e-06,-4.1732547055222384e-10
35520.0,1.2750104954732508,1.1628252684534317,1.1628252684534317,0.3016513205926687,0.7493620025824775,4,1.186968301425395e-10,2.2737367544323206e-12,-4.243534339277566e-06,-4.003906887824801e-06,-4.148427610931995e-10
35580.0,1.274756418106996,1.1601527664899862,1.1601527664899862,0.3008195468673983,0.7476487755950512,4,1.1930484378197548e-10,2.9558577807620168e-12,-4.2270295381802144e-06,-3.9780520671565435e-06,-4.1244710663686634e-10
35640.0,1.274503288888889,1.1574871670135942,1.1574871670135942,0.2999906492340679,0.7459404455278079,4,1.199058630163563e-10,3.126388037344441e-12,-4.211841609510776e-06,-3.953545190685221e-06,-4.10139714115574e-10
35700.0,1.2742510288065843,1.1548284644243116,1.1548284644243116,0.29916469660861983,0.7442370523091807,4,1.205000543791357e-10,2.6147972675971687e-12,-4.197970553269253e-06,-3.9303775502895055e-06,-4.0792176290014647e-10
35760.0,1.2739995588477366,1.1521766529060817,1.1521766529060817,0.2983417561804944,0.7425386349172044,4,1.2108708480340624e-10,3.240074875066057e-12,-4.185416369455862e-06,-3.908540456263812e-06,-4.057944020993822e-10
35820.0,1.2737488,1.1495317264291265,1.1495317264291265,0.29752189345166785,0.7408452313946245,4,1.216670098003192e-10,2.8421709430404007e-12,-4.174179058070331e-06,-3.888025243394276e-06,-4.0375874901572773e-10
35880.0,1.2734986732510285,1.1468936787528032,1.1468936787528032,0.29670517227668725,0.7391568788637032,4,1.222393852806647e-10,3.069544618483633e-12,-4.164258619112878e-06,-3.868823272676835e-06,-4.018158882885305e-10
35940.0,1.273249099588477,1.1442625034289016,1.1442625034289016,0.29589165490311475,0.7374736135407156,4,1.2280454431135013e-10,3.296918293926865e-12,-4.155655052583423e-06,-3.8509259389151265e-06,-3.9996687161004433e-10
36000.0,1.273,1.1416381938053517,1.1416381938053517,0.29508140201191824,0.7357954707501368,4,1.2336182075856073e-10,5.4569682106375694e-12,-4.148368358481907e-06,-3.834324672570029e-06,-3.982127179038889e-10
36060.0,1.272751552516619,1.139020743030415,1.139020743030415,0.29427403007616065,0.7341223083879507,4,1.2402306959202747e-10,4.604316927725449e-12,-4.133886525271663e-06,-3.811150812129706e-06,-3.9642192637308503e-10
36120.0,1.2725039984805318,1.1364101440572674,1.1364101440572674,0.2934691310188713,0.7324539456650961,4,1.2469147936400304e-10,3.183231456205249e-12,-4.118871647145665e-06,-3.7875817316090606e-06,-3.945868116414804e-10
36180.0,1.2722573538461537,1.1338063896485278,1.1338063896485278,0.29266669079841545,0.7307903593325105,4,1.2536560678455544e-10,2.8421709430404007e-12,-4.1035908620871504e-06,-3.7638645730516578e-06,-3.9274132791269447e-10
36240.0,1.2720116345679011,1.1312094723812065,1.1312094723812065,0.2918666824253038,0.7291315263630191,4,1.2604617349865066e-10,2.6147972675971687e-12,-4.088044170095984e-06,-3.7400005748067645e-06,-3.908923646432355e-10
36300.0,1.27176685660019,1.1286193846518862,1.1286193846518862,0.2910690754919101,0.7274774240034045,4,1.2673362359549856e-10,3.069544618483633e-12,-4.072231571172217e-06,-3.715990924735876e-06,-3.8904209098431984e-10
36360.0,1.2715230358974359,1.1260361186820829,1.1260361186820829,0.29027383867395373,0.7258280297890776,4,1.274280680974016e-10,2.9558577807620168e-12,-4.0561530653159066e-06,-3.6918367970980876e-06,-3.8719100703568737e-10
36420.0,1.271280188414055,1.1234596665237337,1.1234596665237337,0.28948094071126645,0.7241833215464616,4,1.2812950700435977e-10,4.831690603168681e-12,-4.039808652527106e-06,-3.6675393618204556e-06,-3.8533889412993294e-10
36480.0,1.2710383301044639,1.1208900200647856,1.1208900200647856,0.288690350847461,0.7225432773901981,4,1.28838162360978e-10,2.5579538487363607e-12,-4.023198332805598e-06,-3.643099792116118e-06,-3.8348519848620655e-10
36540.0,1.2707974769230765,1.1183271710348324,1.1183271710348324,0.28790203903500133,0.720907875717963,4,1.2955375661150015e-10,2.9558577807620168e-12,-4.0063221061516e-06,-3.6185192721108976e-06,-3.816292091959495e-10
36600.0,1.2705576448243117,1.1157711110107869,1.1157711110107869,0.28711597602664984,0.7192770952041844,4,1.3027651180053113e-10,2.8990143619012088e-12,-3.989179972565003e-06,-3.5937989873647722e-06,-3.7977014799017556e-10
36660.0,1.270318849762583,1.1132218314225322,1.1132218314225322,0.2863321334080395,0.7176509147932986,4,1.310065389503734e-10,3.637978807091713e-12,-3.9717719320460245e-06,-3.5689401369585344e-06,-3.7790721687522764e-10
36720.0,1.2700811076923078,1.1106793235585437,1.1106793235585437,0.28555048359865487,0.71602931369289,4,1.3174361601642204e-10,4.718003765447065e-12,-3.95409798459423e-06,-3.5439439255788437e-06,-3.7603962401630457e-10
36780.0,1.2698444345679012,1.1081435785714369,1.1081435785714369,0.28477099983558507,0.7144122713668964,4,1.3248779850982828e-10,5.115907697472721e-12,-3.936158130210053e-06,-3.5188115680198618e-06,-3.7416659782152795e-10
36840.0,1.2696088463437796,1.1056145874834293,1.1056145874834293,0.28399365614808275,0.712799767528981,4,1.3323919745289459e-10,3.467448550509289e-12,-3.917952368893062e-06,-3.4935442844802404e-06,-3.7228739434866293e-10
36900.0,1.269374358974359,1.1030923411916849,1.1030923411916849,0.28321842732749775,0.7111917821361214,4,1.339977018233185e-10,3.410605131648481e-12,-3.899480700643688e-06,-3.468143305033233e-06,-3.7040130081689037e-10
36960.0,1.2691409884140552,1.1005768304735348,1.1005768304735348,0.2824452888952579,0.7095882953824446,4,1.3476325610994877e-10,2.8421709430404007e-12,-3.8807431254614996e-06,-3.4426098654205192e-06,-3.6850763689792323e-10
37020.0,1.268908750617284,1.0980680459915344,1.0980680459915344,0.2816742170704801,0.707989287693312,4,1.3553608235739034e-10,2.7853275241795927e-12,-3.861739643347145e-06,-3.4169452093146357e-06,-3.6660575460448943e-10
37080.0,1.2686776615384616,1.0955659782983762,1.0955659782983762,0.2809051887381302,0.7063947397196555,4,1.3631612505449198e-10,3.0127011996228248e-12,-3.842470254299759e-06,-3.3911505859044317e-06,-3.64695037421329e-10
37140.0,1.2684477371320038,1.093070617841613,1.093070617841613,0.28013818141826163,0.7048046323325593,4,1.3710332869010244e-10,5.172751116333529e-12,-3.822934958319991e-06,-3.365227251185039e-06,-3.6277489904671476e-10
37200.0,1.2682189933523265,1.0905819549682045,1.0905819549682045,0.2793731732366115,0.7032189466180752,4,1.3789774877537297e-10,2.6716406864579767e-12,-3.8031337554078394e-06,-3.339176465665461e-06,-3.608447817880133e-10
37260.0,1.2679914461538462,1.088099979928868,1.088099979928868,0.2786101428967098,0.7016376638722623,4,1.386994408214548e-10,2.8421709430404007e-12,-3.783066645562766e-06,-3.3129994959017045e-06,-3.5890415499747966e-10
37320.0,1.2677651114909783,1.085624682882237,1.085624682882237,0.27784906965351347,0.7000607655964384,4,1.395083493171967e-10,3.0127011996228248e-12,-3.7627336287854185e-06,-3.2866976129459618e-06,-3.5695251340029373e-10
37380.0,1.2675400053181385,1.083156053898809,1.083156053898809,0.27708993328858766,0.6984882334926298,4,1.4032464079605234e-10,3.353761712787673e-12,-3.7421347050753636e-06,-3.2602720948683576e-06,-3.549893754616396e-10
37440.0,1.2673161435897438,1.0806940829647016,1.0806940829647016,0.27633271408675053,0.6969200494592116,4,1.4114831525802174e-10,3.922195901395753e-12,-3.7212698744328178e-06,-3.2337242203203794e-06,-3.530142818684784e-10
37500.0,1.267093542260209,1.0782387599851997,1.0782387599851997,0.27557739281414156,0.6953561955867227,4,1.419792061696512e-10,3.183231456205249e-12,-3.700139136857565e-06,-3.2070552756842695e-06,-3.5102679404414366e-10
37560.0,1.2668722172839506,1.075790074788099,1.075790074788099,0.2748239506976303,0.6937966541538463,4,1.428175910866969e-10,2.8421709430404007e-12,-3.678742492349823e-06,-3.1802665493657026e-06,-3.490264927407313e-10
37620.0,1.2666521846153849,1.0733480171268603,1.0733480171268603,0.27407236940546353,0.692241407623549,4,1.436634700091588e-10,2.7284841053187847e-12,-3.657079940909535e-06,-3.153359334205825e-06,-3.470129767538067e-10
37680.0,1.2664334602089269,1.070912576683556,1.070912576683556,0.2733226310291081,0.6906904386393623,4,1.4451689844818816e-10,3.069544618483633e-12,-3.6351514825365953e-06,-3.1263349269828596e-06,-3.4498586171363557e-10
37740.0,1.2662160600189933,1.0684837430716423,1.0684837430716423,0.2725747180661673,0.6891437300218063,4,1.453777653814825e-10,3.069544618483633e-12,-3.612957117231166e-06,-3.0991946270899354e-06,-3.429447789234255e-10
37800.0,1.266,1.0660615058385357,1.0660615058385357,0.27182861340432846,0.6876012647649374,4,1.4624607080904184e-10,2.7853275241795927e-12,-3.5904968449931183e-06,-3.0719397377942795e-06,-3.4088937432623684e-10
37860.0,1.2657861196581197,1.0636458544681584,1.0636458544681584,0.2710829069551525,0.6860624895135676,4,1.475596311806271e-10,3.069544618483633e-12,-3.5417682811016183e-06,-3.0223513871865455e-06,-3.384000954630827e-10
37920.0,1.2655751111111109,1.0612367783837982,1.0612367783837982,0.2703367073380195,0.6845269640560931,4,1.4879802945344522e-10,2.7853275241795927e-12,-3.495500474833755e-06,-2.9750571673561264e-06,-3.3560100227501704e-10
37980.0,1.2653667692307693,1.0588342669495288,1.0588342669495288,0.26959057105546397,0.6829948368543884,4,1.4996359709584794e-10,2.9558577807620168e-12,-3.452651471984772e-06,-2.9308648539141388e-06,-3.3269980328830167e-10
38040.0,1.2651608888888892,1.0564383094718743,1.0564383094718743,0.268844945131099,0.6814662515333808,4,1.5106610407045196e-10,3.694822225952521e-12,-3.4132212725545905e-06,-2.8897573044696416e-06,-3.2977522355942547e-10
38100.0,1.264957264957265,1.0540488952015992,1.0540488952015992,0.2681002198818486,0.6799413474861542,4,1.5211143455928777e-10,2.7853275241795927e-12,-3.3772098765431542e-06,-2.8517164751640863e-06,-3.2687528632034693e-10
38160.0,1.2647556923076926,1.0516660133353724,1.0516660133353724,0.2673567474904375,0.678420260241511,4,1.531033078094879e-10,2.8421709430404007e-12,-3.3446172839506266e-06,-2.816723707585594e-06,-3.240338826030742e-10
38220.0,1.264555965811966,1.0492896530173002,1.0492896530173002,0.2666148516301743,0.6769031217272687,4,1.5404461040091633e-10,3.524291969370097e-12,-3.315443494776901e-06,-2.784759901711589e-06,-3.212768501355383e-10
38280.0,1.2643578803418805,1.0469198033403582,1.0469198033403582,0.2658748333272699,0.6753900604745386,4,1.5493739624616865e-10,2.9558577807620168e-12,-3.289688509021865e-06,-2.7558056308517537e-06,-3.186248649467713e-10
38340.0,1.2641612307692305,1.0445564533477059,1.0445564533477059,0.26513697488935717,0.6738812017841198,4,1.557828310794207e-10,3.751665644813329e-12,-3.267352326685631e-06,-2.7298412304788247e-06,-3.1609503452671877e-10
38400.0,1.2639658119658121,1.042199592033921,1.042199592033921,0.2644015427122276,0.6723766678665988,4,1.5658230267945328e-10,3.865352482534945e-12,-3.248434947768305e-06,-2.70684687122401e-06,-3.137018647327456e-10
38460.0,1.2637714188034188,1.0398492083461346,1.0398492083461346,0.2636687893798823,0.6708765779631733,4,1.5733642166892992e-10,2.4442670110147446e-12,-3.232936372269671e-06,-2.6868026222733526e-06,-3.1145788861736677e-10
38520.0,1.2635778461538463,1.0375052911850968,1.0375052911850968,0.26293895529166406,0.6693810484517748,4,1.5804579867051416e-10,3.069544618483633e-12,-3.2208566001900543e-06,-2.6696885016338633e-06,-3.0937409719312617e-10
38580.0,1.263384888888889,1.0351678294061701,1.0351678294061701,0.26221226995800634,0.6678901929416249,4,1.5871087777341586e-10,2.7284841053187847e-12,-3.2121956315288042e-06,-2.6554845246326222e-06,-3.074602467674106e-10
38640.0,1.263192341880342,1.0328368118202595,1.0328368118202595,0.2614889530552816,0.6664041223584696,4,1.5933171448878625e-10,2.6147972675971687e-12,-3.20695346628668e-06,-2.644170748334387e-06,-3.0572508547455586e-10
38700.0,1.2630000000000001,1.0305122271946843,1.0305122271946843,0.2607692153002639,0.6649229450221512,4,1.599086418835327e-10,2.9558577807620168e-12,-3.2051301044634638e-06,-2.635727307223024e-06,-3.0417652475726985e-10
38760.0,1.2628076581196581,1.0281940642540077,1.0281940642540077,0.2600532591861586,0.6634467667177738,4,1.6044143791305032e-10,2.7853275241795927e-12,-3.206725546058724e-06,-2.630134452911363e-06,-3.0282177211300084e-10
38820.0,1.2626151111111112,1.0258823116808191,1.0258823116808191,0.2593412796101654,0.66197569076144,4,1.6093021359964155e-10,2.5579538487363607e-12,-3.2117397910731084e-06,-2.627372583639058e-06,-3.01667435785198e-10
38880.0,1.262422153846154,1.0235769581164804,1.0235769581164804,0.25863346441451635,0.6605098180613352,4,1.6137452485409653e-10,3.979039320256561e-12,-3.2201728395061856e-06,-2.627422280620953e-06,-3.007196087215877e-10
38940.0,1.2622285811965812,1.0212779921618411,1.0212779921618411,0.2579299948574545,0.6590492471747771,4,1.6177442718756652e-10,3.240074875066057e-12,-3.2320246913581717e-06,-2.6302643320020945e-06,-2.9998393676538157e-10
39000.0,1.2620341880341879,1.0189854023779243,1.0189854023779243,0.25723104602670144,0.6575940743617403,4,1.6212964304429534e-10,2.7284841053187847e-12,-3.2472953466286315e-06,-2.6358797645559013e-06,-2.994656748069698e-10
39060.0,1.2618387692307693,1.0166991772865979,1.0166991772865979,0.25653678720516315,0.6561443936352749,4,1.6243956180161945e-10,3.126388037344441e-12,-3.265984805318218e-06,-2.6442498694506075e-06,-2.9916973342608175e-10
39120.0,1.2616421196581198,1.0144193053712245,1.0144193053712245,0.2558473821965502,0.6547002968091676,4,1.627039059037827e-10,3.410605131648481e-12,-3.2880930674263886e-06,-2.655356224892487e-06,-2.991007180485571e-10
39180.0,1.2614440341880342,1.0121457750772962,1.0121457750772962,0.25516298961704553,0.653261873543141,4,1.6292261983963385e-10,2.8990143619012088e-12,-3.3136201329534674e-06,-2.669180724286513e-06,-2.99262962090613e-10
39240.0,1.2612443076923079,1.009878574813067,1.009878574813067,0.25448376315796134,0.6518292113858417,4,1.6309492645305568e-10,2.6716406864579767e-12,-3.342566001899345e-06,-2.685705594771798e-06,-2.9966055517025555e-10
39300.0,1.2610427350427351,1.007617692950181,1.007617692950181,0.2538098518234271,0.6504023958158311,4,1.6322043716598955e-10,3.183231456205249e-12,-3.3749306742640246e-06,-2.7049134216695393e-06,-3.0029736733009296e-10
39360.0,1.2608391111111112,1.0053631178242968,1.0053631178242968,0.25314140014643954,0.6489815102807659,4,1.6329870788922562e-10,2.8990143619012088e-12,-3.4107141500475047e-06,-2.7267871679518884e-06,-3.011770699191327e-10
39420.0,1.260633230769231,1.0031148377357233,1.0031148377357233,0.25247854838604156,0.6475666362349265,4,1.6332935004470528e-10,3.524291969370097e-12,-3.4499164292497832e-06,-2.7513101962735353e-06,-3.0230315371187524e-10
39480.0,1.2604248888888891,1.0008728409500565,1.0008728409500565,0.2518214327079318,0.6461578531752373,4,1.633116419874625e-10,2.7284841053187847e-12,-3.4925375118708636e-06,-2.7784662865323005e-06,-3.0367894463326874e-10
39540.0,1.2602138803418803,0.9986371156988351,0.9986371156988351,0.2511701853504862,0.644755238675899,4,1.632451951394387e-10,3.240074875066057e-12,-3.5385773979107725e-06,-2.8082396551351374e-06,-3.053076175778665e-10
39600.0,1.26,0.9964076501802023,0.9964076501802023,0.2505249347778375,0.6433588684217424,4,1.6312962092257521e-10,5.172751116333529e-12,-3.58803608736945e-06,-2.840614971925834e-06,-3.071922084773199e-10
39660.0,1.2597821856600189,0.9941844325595734,0.9941844325595734,0.24988723819822964,0.6419693462092004,4,1.623893797209064e-10,5.059064278611913e-12,-3.6671189986282855e-06,-2.896300571842637e-06,-3.09772741205287e-10
39720.0,1.259559764482431,0.9919674509696631,0.9919674509696631,0.2492577174156229,0.6405870163665077,4,1.6183926421220463e-10,4.206412995699793e-12,-3.7409524902395766e-06,-2.9476599121880972e-06,-3.1281902605271126e-10
39780.0,1.2593331153846152,0.9897566935118997,0.9897566935118997,0.24863537316380258,0.6392115717157667,4,1.6146844972197982e-10,3.0127011996228248e-12,-3.8084706922022486e-06,-2.993869652463774e-06,-3.160418310827651e-10
39840.0,1.2591026172839508,0.9875521482575487,0.9875521482575487,0.24801936999203258,0.6378427138352492,4,1.6125828450341828e-10,2.8421709430404007e-12,-3.869673604516248e-06,-3.0349585276342707e-06,-3.193181498973625e-10
39900.0,1.258868649097816,0.9853538032484518,0.9853538032484518,0.24740896440089452,0.6364801521259736,4,1.611968891701565e-10,3.353761712787673e-12,-3.924561227181682e-06,-3.0709548747493212e-06,-3.2256843869021216e-10
39960.0,1.2586315897435898,0.9831616464977776,0.9831616464977776,0.2468034776800098,0.6351236032095476,4,1.6127632562756844e-10,4.547473508864641e-12,-3.973133560198445e-06,-3.1018865266975074e-06,-3.257342395931559e-10
40020.0,1.2583918181386515,0.9809756659907811,0.9809756659907811,0.2462022811500924,0.6337727904788713,4,1.614904321378674e-10,3.353761712787673e-12,-4.015390603566589e-06,-3.1277808243426823e-06,-3.287696102598803e-10
40080.0,1.25814971320038,0.978795849685562,0.978795849685562,0.24560478683349374,0.6324274437384412,4,1.6183465678665243e-10,5.115907697472721e-12,-4.051332357286114e-06,-3.1486646753837338e-06,-3.316369037787374e-10
40140.0,1.257905653846154,0.9766221855138255,0.9766221855138255,0.24501044100741892,0.6310872989037597,4,1.6230550237139596e-10,2.8421709430404007e-12,-4.080958821357129e-06,-3.1645646304172086e-06,-3.343043747499273e-10
40200.0,1.2576600189933522,0.9744546613816258,0.9744546613816258,0.24441871947642832,0.6297520977427198,4,1.628996382230241e-10,4.206412995699793e-12,-4.104269995779309e-06,-3.175506964995858e-06,-3.36744689255706e-10
40260.0,1.257413187559354,0.9722932651701031,0.9722932651701031,0.24382912395453277,0.6284215876483603,4,1.6361517696239503e-10,2.7284841053187847e-12,-4.121265880553087e-06,-3.18151776557966e-06,-3.389339339725503e-10
40320.0,1.2571655384615383,0.9701379847361915,0.9701379847361915,0.24324117920571345,0.6270955214359768,4,1.6444989814345945e-10,2.5579538487363607e-12,-4.131946475678138e-06,-3.182623017511873e-06,-3.408509236163208e-10
40380.0,1.2569174506172838,0.9679888079132993,0.9679888079132993,0.24265443072605855,0.6257736571596921,4,1.6540246949858783e-10,3.069544618483633e-12,-4.136311781154571e-06,-3.1788486928625446e-06,-3.424766978418283e-10
40440.0,1.2566693029439695,0.9658457225119512,0.9658457225119512,0.24206844282628695,0.6244557579449469,4,1.6647155876015063e-10,2.6147972675971687e-12,-4.134361796982168e-06,-3.1702208307483393e-06,-3.437941440057788e-10
40500.0,1.2564214743589743,0.963708716320386,0.963708716320386,0.2414827970187015,0.6231415918342584,4,1.676560557051232e-10,3.0127011996228248e-12,-4.1260965231613636e-06,-3.1567656247338675e-06,-3.4478770708411466e-10
40560.0,1.256174343779677,0.9615777771051041,0.9615777771051041,0.24089709064100256,0.621830931644219,4,1.6895557175544695e-10,2.6716406864579767e-12,-4.11151595969194e-06,-3.138509501113916e-06,-3.45443161579568e-10
40620.0,1.2559282901234567,0.9594528926113531,0.9594528926113531,0.2403109356680416,0.6205235548321404,4,1.7036916322155093e-10,3.410605131648481e-12,-4.090620106573899e-06,-3.115479196617906e-06,-3.457474289385208e-10
40680.0,1.2556836923076924,0.9573340505635489,0.9573340505635489,0.23972395767518562,0.6192192433710707,4,1.7189683010343515e-10,3.183231456205249e-12,-4.063408963807239e-06,-3.087701835877493e-06,-3.456884289304717e-10
40740.0,1.2554409292497626,0.9552212386656272,0.9552212386656272,0.23913579492576964,0.6179177836321554,4,1.7353807280073852e-10,3.637978807091713e-12,-4.029882531391852e-06,-3.055205006163687e-06,-3.4525495701778227e-10
40800.0,1.2552003798670464,0.953114444601311,0.953114444601311,0.23854609756137019,0.6166189662734933,4,1.7529289131346104e-10,2.6716406864579767e-12,-3.990040809327954e-06,-3.0180168265878023e-06,-3.4443658185121715e-10
40860.0,1.254962423076923,0.9510136560342975,0.9510136560342975,0.23795452687822527,0.6153225861347795,4,1.7716150768620764e-10,2.8421709430404007e-12,-3.9438837976153305e-06,-2.9761660212138867e-06,-3.43223558610321e-10
40920.0,1.254727437796771,0.9489188606083621,0.9489188606083621,0.23736075467655052,0.6140284421371445,4,1.7914403294128078e-10,2.7853275241795927e-12,-3.891411496254197e-06,-2.9296819836461223e-06,-3.416067550199079e-10
40980.0,1.2544958029439697,0.9468300459473574,0.9468300459473574,0.23676446267205553,0.6127363371876815,4,1.8124074463443662e-10,3.296918293926865e-12,-3.832623905244444e-06,-2.8785948455740246e-06,-3.395775875299142e-10
41040.0,1.2542678974358976,0.9447471996551247,0.9447471996551247,0.23616534196095657,0.6114460780882309,4,1.8345236441064117e-10,2.3874235921539366e-12,-3.767521024585855e-06,-2.822935537937071e-06,-3.3712796585030443e-10
41100.0,1.2540441001899336,0.942670309315301,0.942670309315301,0.23556309253132765,0.6101574754480452,4,1.857792253368018e-10,2.5579538487363607e-12,-3.696102854278865e-06,-2.7627358552960338e-06,-3.3425024425305623e-10
41160.0,1.253824790123457,0.9405993624910242,0.9405993624910242,0.23495742281483833,0.608870343600014,4,1.8822227110248946e-10,2.7284841053187847e-12,-3.618369394323149e-06,-2.6980285137576598e-06,-3.3093717861189327e-10
41220.0,1.253610346153846,0.938534346724533,0.938534346724533,0.2343480492738827,0.6075845005201571,4,1.907821678415189e-10,3.240074875066057e-12,-3.534320644718812e-06,-2.6288472113343743e-06,-3.271818880909321e-10
41280.0,1.2534011471984805,0.936475249536662,0.936475249536662,0.2337346960199098,0.6062997677501383,4,1.934600257769148e-10,3.467448550509289e-12,-3.443956605465859e-06,-2.5552266841424366e-06,-3.2297782088587886e-10
41340.0,1.2531975721747386,0.9344220584262385,0.9344220584262385,0.23311709445934975,0.6050159703225775,4,1.9625678859824802e-10,3.581135388230905e-12,-3.3472772765643152e-06,-2.4772027613602973e-06,-3.183187232147881e-10
41400.0,1.253,0.9323747608693675,0.9323747608693675,0.23249498296410054,0.6037329366889591,4,1.991738440842994e-10,3.637978807091713e-12,-3.2442826580141217e-06,-2.3948124188229343e-06,-3.1319861125546446e-10
41460.0,1.2528067798353908,0.9303333443180211,0.9303333443180211,0.23187148786277015,0.6024516914134468,4,2.0036289294367293e-10,3.865352482534945e-12,-3.2014409007772634e-06,-2.3571143086338386e-06,-3.086900349690605e-10
41520.0,1.2526159670781891,0.928297796197972,0.928297796197972,0.23124950464921196,0.6011733940038021,4,2.0157531199771483e-10,2.0463630789890885e-12,-3.1617975537265686e-06,-2.321932735710656e-06,-3.0479918785932185e-10
41580.0,1.2524274999999998,0.9262681039090975,0.9262681039090975,0.23062880296009194,0.5998980793210833,4,2.0282581170150138e-10,3.240074875066057e-12,-3.123183013260108e-06,-2.2876615595459823e-06,-3.0117285685364486e-10
41640.0,1.252241316872428,0.9242442548245792,0.9242442548245792,0.23000930949602896,0.5986257830026046,4,2.0409340883986715e-10,4.320099833421409e-12,-3.085597279378071e-06,-2.2542940882839266e-06,-2.97715410562394e-10
41700.0,1.252057355967078,0.9222262362897841,0.9222262362897841,0.2293910095576348,0.5973565407266959,4,2.0536766731638068e-10,2.7284841053187847e-12,-3.0490403520803493e-06,-2.2218242768765495e-06,-2.943822436461671e-10
41760.0,1.2518755555555559,0.9202140356210968,0.9202140356210968,0.22877391816381937,0.5960903878862295,4,2.0664198130404543e-10,3.410605131648481e-12,-3.0135122313672125e-06,-2.190246387984428e-06,-2.911488496559634e-10
41820.0,1.2516958539094651,0.9182076401047142,0.9182076401047142,0.228158067238474,0.5948273594129341,4,2.07912409511124e-10,3.467448550509289e-12,-2.9790129172382296e-06,-2.159554851034344e-06,-2.880006254536635e-10
41880.0,1.2515181893004117,0.9162070369954131,0.9162070369954131,0.22754349887721897,0.5935674896748292,4,2.091761763800548e-10,3.0127011996228248e-12,-2.945542409693616e-06,-2.129744182449177e-06,-2.849284826931425e-10
41940.0,1.2513424999999998,0.9142122135153105,0.9142122135153105,0.22693026144206957,0.5923108124141151,4,2.1043128350939355e-10,3.069544618483633e-12,-2.913100708733371e-06,-2.100808950304201e-06,-2.8192665358467595e-10
42000.0,1.2511687242798353,0.9122231568526354,0.9122231568526354,0.22631840714429577,0.5910573607093335,4,2.1167637087593505e-10,3.524291969370097e-12,-2.881687814357387e-06,-2.072743745467736e-06,-2.7899148056466457e-10
42060.0,1.2509968004115226,0.9102398541605221,0.9102398541605221,0.22570799047880133,0.5898071669529088,4,2.1291030050107906e-10,3.637978807091713e-12,-2.851303726566098e-06,-2.045543170116847e-06,-2.761207004913576e-10
42120.0,1.2508266666666668,0.9082622925558527,0.9082622925558527,0.22509906717623876,0.5885602628388242,4,2.1413215645083028e-10,3.524291969370097e-12,-2.821948445358744e-06,-2.019201827220798e-06,-2.7331299858171187e-10
42180.0,1.2506582613168724,0.906290459118153,0.906290459118153,0.2244916934847653,0.5873166793571624,4,2.1534138361367638e-10,2.5011104298755527e-12,-2.793621970735868e-06,-1.993714317193604e-06,-2.705677190245179e-10
42240.0,1.2504915226337447,0.9043243408885777,0.9043243408885777,0.22388592566937798,0.5860764467933928,4,2.1653726034465137e-10,3.353761712787673e-12,-2.766324302697687e-06,-1.9690752350122112e-06,-2.6788467109352577e-10
42300.0,1.250326388888889,0.9023639248689789,0.9023639248689789,0.22328181965905045,0.58483959473099,4,2.1771942582127224e-10,2.8421709430404007e-12,-2.7400554412435494e-06,-1.9452791672284195e-06,-2.6526399586609624e-10
42360.0,1.2501627983539094,0.900409198021099,0.900409198021099,0.22267943079663446,0.5836061520563983,4,2.1888749146548037e-10,5.229594535194337e-12,-2.71481538637389e-06,-1.9223206969963834e-06,-2.627060726463624e-10
42420.0,1.2500006893004114,0.8984601472658795,0.8984601472658795,0.22207881366159787,0.5823761469656686,4,2.200410131880659e-10,3.296918293926865e-12,-2.690604138088708e-06,-1.900194399801492e-06,-2.602114521117515e-10
42480.0,1.24984,0.8965167594829249,0.8965167594829249,0.22148002194516672,0.581149606972268,4,2.2117968567769708e-10,3.183231456205249e-12,-2.6674216963875705e-06,-1.878894848668375e-06,-2.5778080786730587e-10
42540.0,1.2496806687242799,0.8945790215101104,0.8945790215101104,0.2208831083636819,0.5799265589157165,4,2.2230289831171035e-10,2.8421709430404007e-12,-2.645268061271019e-06,-1.8584166138405344e-06,-2.5541490093782384e-10
42600.0,1.2495226337448562,0.892646920143369,0.892646920143369,0.22028812460009428,0.5787070289707829,4,2.234107898679838e-10,2.8421709430404007e-12,-2.6241432327388365e-06,-1.8387542657738405e-06,-2.531145534882653e-10
42660.0,1.2493658333333333,0.8907204421366474,0.8907204421366474,0.21969512126632346,0.5774910426570563,4,2.2450274972385387e-10,2.8990143619012088e-12,-2.6040472107910237e-06,-1.8199023782324437e-06,-2.5088062924249403e-10
42720.0,1.2492102057613168,0.8887995742020561,0.8887995742020561,0.2191041478812122,0.5762786248487435,4,2.2557872236816934e-10,2.9558577807620168e-12,-2.5849799954273635e-06,-1.8018555284351963e-06,-2.487140188090673e-10
42780.0,1.2490556893004114,0.8868843030102135,0.8868843030102135,0.2185152528601594,0.5750697997845882,4,2.2663831922287159e-10,3.410605131648481e-12,-2.566941586648289e-06,-1.7846083008181998e-06,-2.4661562864815516e-10
42840.0,1.2489022222222221,0.8849746151907817,0.8849746151907817,0.21792848351350047,0.5738645910778344,4,2.276813182433557e-10,3.0127011996228248e-12,-2.549931984453475e-06,-1.7681552890068603e-06,-2.445863727673088e-10
42900.0,1.248749742798354,0.8830704973332119,0.8830704973332119,0.21734388605145252,0.5726630217261692,4,2.2870721982926057e-10,5.286437954055145e-12,-2.5339511888431393e-06,-1.7524910990459979e-06,-2.42627166509771e-10
42960.0,1.2485981893004114,0.8811719359876797,0.8811719359876797,0.21676150559396762,0.5714651141216037,4,2.2971607949173745e-10,2.3874235921539366e-12,-2.518999199817065e-06,-1.7376103505883624e-06,-2.4073892180574467e-10
43020.0,1.2484474999999997,0.8792789176662248,0.8792789176662248,0.2161813861842118,0.5702708900602573,4,2.3070742538600086e-10,5.059064278611913e-12,-2.505076017375358e-06,-1.7235076800084623e-06,-2.389225437523121e-10
43080.0,1.2482976131687242,0.8773914288440797,0.8773914288440797,0.21560357080470577,0.569080370752021,4,2.3168100771187028e-10,2.6147972675971687e-12,-2.4921816415180223e-06,-1.7101777415149018e-06,-2.3717892801791415e-10
43140.0,1.2481484670781893,0.8755094559611737,0.8755094559611737,0.21502810139537287,0.567893576830082,4,2.3263654891358954e-10,5.229594535194337e-12,-2.480316072245056e-06,-1.6976152116952072e-06,-2.3550895897353097e-10
43200.0,1.248,0.8736329854238157,0.8736329854238157,0.21445501887291904,0.5667105283602962,4,2.335737714354025e-10,3.410605131648481e-12,-2.469479309556448e-06,-1.6858147886603239e-06,-2.3391350838634536e-10
43260.0,1.2478528230452675,0.8717620036066699,0.8717620036066699,0.21388324284004556,0.5655308682274676,4,2.352689154605514e-10,3.296918293926865e-12,-2.4380804755372556e-06,-1.660044566938025e-06,-2.3203108616114925e-10
43320.0,1.247707522633745,0.8698964968551173,0.8698964968551173,0.2133119794649411,0.5643542657600396,4,2.368782114903212e-10,3.0127011996228248e-12,-2.4075729309556186e-06,-1.634990926243084e-06,-2.299098033904318e-10
43380.0,1.247564,0.8680364514869597,0.8680364514869597,0.21274153710374477,0.5631807779279655,4,2.384037967040342e-10,2.9558577807620168e-12,-2.3787114769089814e-06,-1.6111640491666345e-06,-2.2770919936383895e-10
43440.0,1.2474221563786008,0.8661818537945104,0.8661818537945104,0.21217214319588468,0.5620104592715152,4,2.3986007624543504e-10,2.9558577807620168e-12,-2.351496113397343e-06,-1.5885570260158472e-06,-2.2548415178576218e-10
43500.0,1.2472818930041152,0.86433269004692,0.86433269004692,0.21160398718468396,0.5608433623253675,4,2.4125507147587655e-10,3.069544618483633e-12,-2.3259268404207043e-06,-1.567162571909704e-06,-2.2326582795122379e-10
43560.0,1.247143111111111,0.8624889464925727,0.8624889464925727,0.21103723468267832,0.5596795378551741,4,2.4259425024375503e-10,2.8990143619012088e-12,-2.302003657978957e-06,-1.5469731686086879e-06,-2.2107506910472628e-10
43620.0,1.2470057119341564,0.8606506093615479,0.8606506093615479,0.21047203443814558,0.5585190350167553,4,2.4388149832965667e-10,1.9895196601282805e-12,-2.279726566072263e-06,-1.527981143987711e-06,-2.1892710442019356e-10
43680.0,1.2468695967078192,0.8588176648681233,0.8588176648681233,0.20990852239010452,0.5573619014736562,4,2.451190361796307e-10,3.240074875066057e-12,-2.2590955647004057e-06,-1.510178713350668e-06,-2.1683371400458085e-10
43740.0,1.2467346666666665,0.8569900992133,0.8569900992133,0.2093468242780989,0.5562081834891216,4,2.4630913975087765e-10,5.229594535194337e-12,-2.240110653863819e-06,-1.4935580164925452e-06,-2.1480438165074127e-10
43800.0,1.2466008230452674,0.8551678985873384,0.8551678985873384,0.20878705744012657,0.5550579260009949,4,2.4745303028872456e-10,3.069544618483633e-12,-2.2227718335619605e-06,-1.478111137231757e-06,-2.1284697314498338e-10
43860.0,1.2464679670781893,0.8533510491722891,0.8533510491722891,0.2082293321142119,0.5539111726845338,4,2.485518180161961e-10,2.9558577807620168e-12,-2.2070791037951557e-06,-1.4638301288956462e-06,-2.1096816472084695e-10
43920.0,1.246336,0.8515395371444991,0.8515395371444991,0.20767375241705135,0.5527679660062934,4,2.496064188672875e-10,3.240074875066057e-12,-2.1930324645635133e-06,-1.4507070250613624e-06,-2.091737286356523e-10
43980.0,1.2462048230452676,0.849733348677085,0.849733348677085,0.2071204171022799,0.5516283472711854,4,2.506172491756331e-10,3.240074875066057e-12,-2.1806319158664903e-06,-1.4387338560282819e-06,-2.0746873170252944e-10
44040.0,1.2460743374485597,0.847932469942358,0.847932469942358,0.20656942016248803,0.5504923566641731,4,2.5158486405274516e-10,2.8421709430404007e-12,-2.16987745770463e-06,-1.4279026588533557e-06,-2.0585767808217343e-10
44100.0,1.2459444444444443,0.8461368871141909,0.8461368871141909,0.20602085131698214,0.5493600332876662,4,2.52509457787653e-10,3.353761712787673e-12,-2.160769090077714e-06,-1.4182054890120153e-06,-2.0434461490544428e-10
44160.0,1.2458150452674899,0.8443465863703165,0.8443465863703165,0.2054747964137897,0.5482314151953898,4,2.533911691582347e-10,5.4001247917767614e-12,-2.153306812985744e-06,-1.409634429182474e-06,-2.029332122795198e-10
44220.0,1.2456860411522632,0.8425615538945483,0.8425615538945483,0.2049313377658706,0.5471065394233292,4,2.542301646979439e-10,2.6147972675971687e-12,-2.1474906264289356e-06,-1.4021815994119788e-06,-2.016268250806167e-10
44280.0,1.2455573333333334,0.8407817758789188,0.8407817758789188,0.20439055443590337,0.5459854420182112,4,2.550264444067807e-10,4.831690603168681e-12,-2.1433205304068558e-06,-1.395839159879086e-06,-2.004285415556823e-10
44340.0,1.2454288230452675,0.8390072385257209,0.8390072385257209,0.20385252248018587,0.5448681580638799,4,2.557798417512913e-10,2.8421709430404007e-12,-2.140796524919938e-06,-1.390599324363424e-06,-1.99341222117933e-10
44400.0,1.2453004115226338,0.8372379280494607,0.8372379280494607,0.20331731515959497,0.5437547217058663,4,2.564903567314758e-10,4.263256414560601e-12,-2.139918609967965e-06,-1.3864543627727918e-06,-1.9836753064895666e-10
44460.0,1.2451720000000002,0.8354738306787003,0.8354738306787003,0.20278500312363434,0.5426451661743796,4,2.57157711791578e-10,2.6147972675971687e-12,-2.140686785551046e-06,-1.3833966095415785e-06,-1.9750996020153046e-10
44520.0,1.2450434897119342,0.8337149326578067,0.8337149326578067,0.20225565457225664,0.541539523805924,4,2.577817681537198e-10,5.4001247917767614e-12,-2.1431010516690726e-06,-1.3814184684403255e-06,-1.9677085416099207e-10
44580.0,1.244914781893004,0.8319612202485857,0.8319612202485857,0.20172933539914803,0.5404378260636917,4,2.583621927509938e-10,2.9558577807620168e-12,-2.1471614083218274e-06,-1.3805124176969957e-06,-1.961524239187938e-10
44640.0,1.2447857777777778,0.8302126797318137,0.8302126797318137,0.2012061093193985,0.5393401035568766,4,2.5889890231667323e-10,2.9558577807620168e-12,-2.15286785550996e-06,-1.3806710163310316e-06,-1.9565676377943554e-10
44700.0,1.2446563786008231,0.8284692974086619,0.8284692974086619,0.20068603798391121,0.5382463860590165,4,2.593914527615482e-10,5.4569682106375694e-12,-2.1602203932327132e-06,-1.3818869081816545e-06,-1.9528586349300528e-10
44760.0,1.2445264855967078,0.8267310596020122,0.8267310596020122,0.20016918108247228,0.5371567025254657,4,2.598397330633162e-10,2.8990143619012088e-12,-2.169219021490629e-06,-1.384152828289275e-06,-1.9504161903944392e-10
44820.0,1.244396,0.8249979526576672,0.8249979526576672,0.19965559643704273,0.5360710811100768,4,2.6024316035488937e-10,2.5579538487363607e-12,-2.1798637402834886e-06,-1.3874616045954954e-06,-1.9492584181054114e-10
44880.0,1.2442648230452678,0.823269962945462,0.823269962945462,0.19914534008657586,0.5349895491811704,4,2.606014015693603e-10,3.0127011996228248e-12,-2.192154549611349e-06,-1.3918061651110132e-06,-1.9494026654932086e-10
44940.0,1.2441328559670781,0.8215470768602697,0.8215470768602697,0.19863846636443844,0.5339121333368477,4,2.6091442895115335e-10,2.3874235921539366e-12,-2.2060914494741823e-06,-1.3971795407942059e-06,-1.950865582311648e-10
45000.0,1.244,0.8198292808229152,0.8198292808229152,0.19813502796935029,0.5328388594197098,4,2.611816041220294e-10,2.8421709430404007e-12,-2.221674439871973e-06,-1.4035748685488683e-06,-1.9536631803990792e-10
45060.0,1.2438666666666667,0.8181165612811191,0.8181165612811191,0.19763422083346854,0.531769480275906,4,2.621786121537184e-10,2.8421709430404007e-12,-2.222222222222216e-06,-1.4004518453207825e-06,-1.9549679649915556e-10
45120.0,1.2437333333333334,0.8164089047104752,0.8164089047104752,0.19713532875272569,0.5307037229280854,4,2.631550255483006e-10,2.9558577807620168e-12,-2.222222222222203e-06,-1.3969959655353164e-06,-1.9546890199806636e-10
45180.0,1.2436,0.814706297614827,0.814706297614827,0.19663842993457,0.529641573354712,4,2.641078189480339e-10,3.069544618483633e-12,-2.222222222222233e-06,-1.3935533621882434e-06,-1.9538298189883553e-10
45240.0,1.2434666666666667,0.813008726526774,0.813008726526774,0.19614355618256898,0.5285830171383157,4,2.6504665129323257e-10,3.751665644813329e-12,-2.222222222222224e-06,-1.3901242958574186e-06,-1.952674828511698e-10
45300.0,1.2433333333333334,0.8113161780081639,0.8113161780081639,0.19565072143760145,0.5275280396851494,4,2.659769349211416e-10,2.6716406864579767e-12,-2.2222222222221768e-06,-1.3867088836729701e-06,-1.951360073906137e-10
45360.0,1.2431999999999999,0.809628638650511,0.809628638650511,0.19515993028066278,0.5264766263259422,4,2.6690169518950313e-10,2.5011104298755527e-12,-2.2222222222221996e-06,-1.3833071700157518e-06,-1.9499626076037144e-10
45420.0,1.2430666666666668,0.8079460950753475,0.8079460950753475,0.19467118174226342,0.5254287623723564,4,2.678227917218834e-10,2.6147972675971687e-12,-2.222222222222238e-06,-1.3799191559566028e-06,-1.9485301384150325e-10
45480.0,1.2429333333333334,0.8062685339345123,0.8062685339345123,0.19418447132699532,0.5243844331517429,4,2.6874158454148755e-10,5.059064278611913e-12,-2.2222222222222924e-06,-1.3765448173575103e-06,-1.9470938493933674e-10
45540.0,1.2428,0.8045959419103783,0.8045959419103783,0.19369979220335848,0.5233436240297413,4,2.6965885080443286e-10,2.6716406864579767e-12,-2.2222222222221454e-06,-1.3731841107864328e-06,-1.9456748430911388e-10
45600.0,1.2426666666666668,0.8029283057160276,0.8029283057160276,0.19321713595157494,0.5223063204254863,4,2.705753121556853e-10,5.343281372915953e-12,-2.2222222222221225e-06,-1.3698369809713264e-06,-1.944287719657631e-10
45660.0,1.2425333333333333,0.8012656120953666,0.8012656120953666,0.19273649305672577,0.5212725078220447,4,2.7149160697348407e-10,3.0127011996228248e-12,-2.2222222222222238e-06,-1.3665033653671564e-06,-1.9429427085444444e-10
45720.0,1.2424,0.7996078478231966,0.7996078478231966,0.19225785324579675,0.5202421717736528,4,2.7240776301340475e-10,5.002220859751105e-12,-2.2222222222222327e-06,-1.363183194812395e-06,-1.9416470075816017e-10
45780.0,1.2422666666666666,0.7979549997052355,0.7979549997052355,0.19178120572448373,0.5192152979107303,4,2.733241966090816e-10,2.5579538487363607e-12,-2.222222222222257e-06,-1.3598763953731412e-06,-1.9404056600439022e-10
45840.0,1.2421333333333333,0.7963070545780901,0.7963070545780901,0.19130653934714123,0.5181918719433174,4,2.742411020495439e-10,4.604316927725449e-12,-2.222222222222297e-06,-1.3565828924318776e-06,-1.939222148053484e-10
45900.0,1.2419999999999998,0.7946639993091886,0.7946639993091886,0.1908338427408419,0.5171718796633692,4,2.751584238236404e-10,2.7284841053187847e-12,-2.2222222222221357e-06,-1.3533026080635922e-06,-1.9380988055413414e-10
45960.0,1.2418666666666667,0.7930258207966651,0.7930258207966651,0.19036310439709728,0.5161553069462084,4,2.760763839759761e-10,3.0127011996228248e-12,-2.222222222222424e-06,-1.3500354631318536e-06,-1.9370371117544314e-10
46020.0,1.2417333333333334,0.7913925059692096,0.7913925059692096,0.18989431274035964,0.5151421397513544,4,2.769950102621266e-10,2.7853275241795927e-12,-2.2222222222220777e-06,-1.346781379513146e-06,-1.9360379040662168e-10
46080.0,1.2416,0.7897640417858737,0.7897640417858737,0.18942745617953505,0.5141323641228837,4,2.779144137043943e-10,5.4001247917767614e-12,-2.2222222222221806e-06,-1.3435402772428564e-06,-1.935101534676703e-10
46140.0,1.2414666666666667,0.7881404152358401,0.7881404152358401,0.18896252314689366,0.5131259661894361,4,2.7883442776932554e-10,3.694822225952521e-12,-2.222222222222299e-06,-1.3403120770362888e-06,-1.9342279877704614e-10
46200.0,1.2413333333333336,0.7865216133381518,0.7865216133381518,0.18849950212751634,0.5121229321639533,4,2.7975521899037403e-10,5.4001247917767614e-12,-2.222222222222216e-06,-1.3370966999418137e-06,-1.9334169676329376e-10
46260.0,1.2412,0.7849076231414058,0.7849076231414058,0.18803838168155246,0.5111232483432165,4,2.806767041008129e-10,3.979039320256561e-12,-2.222222222222258e-06,-1.3338940676836122e-06,-1.9326679662272693e-10
46320.0,1.2410666666666668,0.7832984317234138,0.7832984317234138,0.1875791504609646,0.5101269011072278,4,2.8159899412294465e-10,3.524291969370097e-12,-2.2222222222222073e-06,-1.3307041028161743e-06,-1.9319803150136448e-10
46380.0,1.2409333333333332,0.7816940261908237,0.7816940261908237,0.1871217972220316,0.5091338769184799,4,2.825218947677399e-10,2.5579538487363607e-12,-2.2222222222222805e-06,-1.3275267274050152e-06,-1.931353225014755e-10
46440.0,1.2408000000000003,0.7800943936787094,0.7800943936787094,0.18666631083453883,0.508144162321138,4,2.8344537827962313e-10,5.115907697472721e-12,-2.2222222222221518e-06,-1.324361865644169e-06,-1.9307858183341543e-10
46500.0,1.2406666666666668,0.7784995213501292,0.7784995213501292,0.1862126802883939,0.5071577439401611,4,2.843694724141699e-10,3.410605131648481e-12,-2.222222222222256e-06,-1.3212094421025057e-06,-1.9302771524152843e-10
46560.0,1.2405333333333333,0.7769093963956506,0.7769093963956506,0.18576089469821566,0.5061746084803771,4,2.852942049269558e-10,3.240074875066057e-12,-2.222222222222214e-06,-1.3180693817360504e-06,-1.929826239552348e-10
46620.0,1.2404,0.7753240060328477,0.7753240060328477,0.18531094330633663,0.5051947427255288,4,2.862194647956784e-10,2.8990143619012088e-12,-2.2222222222222403e-06,-1.3149416103779476e-06,-1.929432061878823e-10
46680.0,1.2402666666666666,0.7737433375057687,0.7737433375057687,0.1848628154845507,0.5042181335373007,4,2.8714516875361085e-10,2.7853275241795927e-12,-2.2222222222222297e-06,-1.3118260562404205e-06,-1.9290935834641503e-10
46740.0,1.2401333333333333,0.7721673780843833,0.7721673780843833,0.18441650073486945,0.5032447678543354,4,2.8807131680075315e-10,3.467448550509289e-12,-2.222222222222235e-06,-1.3087226463851908e-06,-1.9288097598842806e-10
46800.0,1.24,0.7705961150639979,0.7705961150639979,0.18397198868950593,0.5022746326912462,4,2.889979089371053e-10,2.7853275241795927e-12,-2.2222222222222238e-06,-1.3056313107339703e-06,-1.928579545341515e-10
46860.0,1.239866052910053,0.7690295357645794,0.7690295357645794,0.1835303071009389,0.5013080275033026,4,2.887780292670783e-10,3.637978807091713e-12,-2.2416919459141645e-06,-1.3139849987733746e-06,-1.9319068520666227e-10
46920.0,1.2397309629629627,0.7674676275298337,0.7674676275298337,0.1830920923413544,0.5003451970093031,4,2.8876270818933847e-10,3.0127011996228248e-12,-2.2597519106408395e-06,-1.3214868223533947e-06,-1.938167193765084e-10
46980.0,1.239594857142857,0.7659103777268966,0.7659103777268966,0.18265693023444643,0.49938604922426166,4,2.8893604175905807e-10,3.581135388230905e-12,-2.2756954732510462e-06,-1.3277257492675905e-06,-1.9455150753021263e-10
47040.0,1.2394578624338626,0.7643577737458163,0.7643577737458163,0.1822245055171451,0.4984304953633776,4,2.892685257993577e-10,2.5579538487363607e-12,-2.2895226337448665e-06,-1.3327083529007837e-06,-1.95326094027818e-10
47100.0,1.2393201058201062,0.7628098029988942,0.7628098029988942,0.1817945517294245,0.49747844931108937,4,2.8974259103087263e-10,3.467448550509289e-12,-2.301233392122246e-06,-1.336441422940466e-06,-1.9609984221759045e-10
47160.0,1.2391817142857144,0.7612664529200293,0.7612664529200293,0.1813668339335179,0.496529827314065,4,2.903461915337857e-10,3.126388037344441e-12,-2.310827748383293e-06,-1.3389318484211595e-06,-1.9684480736222694e-10
47220.0,1.239042814814815,0.7597277109640518,0.7597277109640518,0.18094113998635206,0.4955845477694068,4,2.9107083410195855e-10,3.865352482534945e-12,-2.318305702527953e-06,-1.340186570568684e-06,-1.9754010976482758e-10
47280.0,1.2389035343915344,0.758193564606063,0.758193564606063,0.18051727534390705,0.4946425310652592,4,2.91910245975302e-10,2.7284841053187847e-12,-2.323667254556118e-06,-1.3402125609929608e-06,-1.9816930418932128e-10
47340.0,1.2387639999999998,0.7566640013407743,0.7566640013407743,0.1800950596505252,0.493703699454218,4,2.9285920910560037e-10,3.524291969370097e-12,-2.326912404468005e-06,-1.339016811292845e-06,-1.9871895401716251e-10
47400.0,1.2386243386243387,0.7551390086818575,0.7551390086818575,0.1796743243473185,0.49276797694900626,4,2.939136434232381e-10,3.694822225952521e-12,-2.3280411522633965e-06,-1.336606328053509e-06,-1.9917777907839979e-10
47460.0,1.2384846772486773,0.7536185741613001,0.7536185741613001,0.17925491091299264,0.49183528923413977,4,2.9507049581489753e-10,3.183231456205249e-12,-2.3270534979424016e-06,-1.33298813443908e-06,-1.995361094360342e-10
47520.0,1.2383451428571428,0.7521026853287759,0.7521026853287759,0.17883666952184873,0.49090556358957094,4,2.963270462341683e-10,4.604316927725449e-12,-2.3239494415050205e-06,-1.3281692706398885e-06,-1.9978551624927285e-10
47580.0,1.2382058624338623,0.75059132975103,0.75059132975103,0.1784194579901839,0.4899787288235994,4,2.9768126852403043e-10,3.694822225952521e-12,-2.318728982951035e-06,-1.3221567966500709e-06,-1.999185516622176e-10
47640.0,1.238066962962963,0.7490844950112754,0.7490844950112754,0.17800314092962757,0.4890547152131428,4,2.9913135857206896e-10,3.637978807091713e-12,-2.3113921222810972e-06,-1.314957799120365e-06,-1.9992855935200278e-10
47700.0,1.2379285714285713,0.7475821687086169,0.7475821687086169,0.1775875890535428,0.48813345444997713,4,3.006759285995031e-10,3.353761712787673e-12,-2.3019388594945554e-06,-1.3065793927499004e-06,-1.9980953257912282e-10
47760.0,1.2377908148148147,0.7460843384574872,0.7460843384574872,0.17717267859951516,0.48721487959190707,4,3.023135353164008e-10,3.240074875066057e-12,-2.2903691945914102e-06,-1.2970287272531046e-06,-1.9955600535338642e-10
47820.0,1.2376538201058203,0.7445909918871076,0.7445909918871076,0.17675829084179664,0.48629892501807004,4,3.041555063365564e-10,3.126388037344441e-12,-2.2766831275720954e-06,-1.286312992094835e-06,-1.9916296727910038e-10
47880.0,1.2375177142857143,0.743102116640974,0.743102116640974,0.17634431167472742,0.4853855263877497,4,3.06754316392599e-10,3.069544618483633e-12,-2.2608806584361772e-06,-1.274439423256925e-06,-1.9862579581282877e-10
47940.0,1.2373826243386246,0.7416177003763657,0.7416177003763657,0.17593063125306257,0.48447462060220525,4,3.09511666296558e-10,3.183231456205249e-12,-2.2429617871839806e-06,-1.261415305412944e-06,-1.9794020147049914e-10
48000.0,1.2372486772486773,0.7401377307638778,0.7401377307638778,0.1755171436785517,0.4835661457691168,4,3.124288883160631e-10,3.808509063674137e-12,-2.2229265138155054e-06,-1.2472479812738313e-06,-1.9710218296644655e-10
48060.0,1.237116,0.738662195486981,0.738662195486981,0.17510374672456566,0.48266004116931877,4,3.155070926741388e-10,3.979039320256561e-12,-2.2007748383304273e-06,-1.2319448538048719e-06,-1.9610799002043508e-10
48120.0,1.2369847195767196,0.7371910822416086,0.7371910822416086,0.17469034159239552,0.48175624722555366,4,3.187484998168344e-10,2.6716406864579767e-12,-2.1765067607289623e-06,-1.2155133933122725e-06,-1.949540921644387e-10
48180.0,1.2368549629629628,0.7357243787357693,0.7357243787357693,0.17427683269412692,0.48085470547301834,4,3.221547473231112e-10,4.433786671143025e-12,-2.1501222810111103e-06,-1.1979611424110304e-06,-1.9363715233865227e-10
48240.0,1.2367268571428571,0.7342620726891835,0.7342620726891835,0.17386312745805252,0.47995535853151383,4,3.257278335944136e-10,3.467448550509289e-12,-2.1216213991768714e-06,-1.179295720088523e-06,-1.9215400434256136e-10
48300.0,1.2366005291005293,0.7328041518329513,0.7328041518329513,0.17344913615332624,0.4790581500790366,4,3.294703676548494e-10,2.2737367544323206e-12,-2.0910041152263545e-06,-1.159524829416004e-06,-1.9050163339115528e-10
48360.0,1.236476105820106,0.7313506039092406,0.7313506039092406,0.17303477173116952,0.47816302482667106,4,3.3338456995046784e-10,2.3874235921539366e-12,-2.0582704291592892e-06,-1.1386562600305863e-06,-1.8867715923418252e-10
48420.0,1.2363537142857142,0.7299014166710078,0.7299014166710078,0.1726199496804103,0.4772699284946652,4,3.374732160388305e-10,3.467448550509289e-12,-2.0234203409758354e-06,-1.1166978929160316e-06,-1.8667782139482817e-10
48480.0,1.2362334814814815,0.7284565778817341,0.7284565778817341,0.1722045878955195,0.47637880778958475,4,3.417391092330746e-10,3.581135388230905e-12,-1.9864538506760505e-06,-1.093657707641765e-06,-1.8450096614502062e-10
48540.0,1.2361155343915344,0.7270160753151916,0.7270160753151916,0.17178860655557937,0.4754896103824541,4,3.461852471353666e-10,2.8990143619012088e-12,-1.947370958259825e-06,-1.0695437851578255e-06,-1.8214403497489118e-10
48600.0,1.236,0.725579896755229,0.725579896755229,0.17137192801288612,0.4746022848878046,4,3.50814766125751e-10,4.376943252282217e-12,-1.9061716637271813e-06,-1.0443643127544284e-06,-1.7960455430563834e-10
48660.0,1.235887111111111,0.7241480299955259,0.7241480299955259,0.17095429673442505,0.4737167294017918,4,3.559023353805202e-10,2.9558577807620168e-12,-1.8602134038800319e-06,-1.0166830483226334e-06,-1.7682104895976303e-10
48720.0,1.235776888888889,0.7227204628395044,0.7227204628395044,0.17053586062311418,0.47283294756956684,4,3.606287490853788e-10,2.7284841053187847e-12,-1.8172504409170541e-06,-9.907481835352432e-07,-1.7390571025742687e-10
48780.0,1.235669142857143,0.7212971831000942,0.7212971831000942,0.17011705217723774,0.4719510437838079,4,3.6500771849468094e-10,5.343281372915953e-12,-1.777462081128705e-06,-9.66651786786968e-07,-1.7096436305693982e-10
48840.0,1.2355636825396827,0.7198781785995081,0.7198781785995081,0.16969823625517597,0.4710711187594271,4,3.690581451554209e-10,2.9558577807620168e-12,-1.7408483245149307e-06,-9.44383788849723e-07,-1.6805053859126094e-10
48900.0,1.2354603174603176,0.7184634371691271,0.7184634371691271,0.16927973647371597,0.4701932699471906,4,3.7279240805432323e-10,3.467448550509289e-12,-1.7074091710757848e-06,-9.239336460404348e-07,-1.6520076603332995e-10
48960.0,1.2353588571428575,0.7170529466493997,0.7170529466493997,0.16886184650670916,0.4693175918142035,4,3.76218806108497e-10,2.5579538487363607e-12,-1.6771446208113215e-06,-9.052904727730783e-07,-1.6244271993333775e-10
49020.0,1.2352591111111113,0.7156466948897556,0.7156466948897556,0.16844483658706447,0.46844417605685973,4,3.793433067666996e-10,3.0127011996228248e-12,-1.6500546737212694e-06,-8.884431307239101e-07,-1.5979859181185303e-10
49080.0,1.235160888888889,0.7142446697485392,0.7142446697485392,0.16802895776630108,0.46757311177198224,4,3.821703786766051e-10,3.240074875066057e-12,-1.6261393298059546e-06,-8.733802924476553e-07,-1.5728683933676407e-10
49140.0,1.235064,0.7128468590929521,0.7128468590929521,0.1676144449269836,0.4667044855993544,4,3.8470332475171176e-10,3.240074875066057e-12,-1.60539858906516e-06,-8.60090498405958e-07,-1.5492321708006773e-10
49200.0,1.234968253968254,0.7114532507990137,0.7114532507990137,0.16720151902524477,0.4658383818434081,4,3.869450870830349e-10,3.0127011996228248e-12,-1.5878324514991022e-06,-8.485622027839905e-07,-1.5272143671277894e-10
49260.0,1.2348734603174605,0.7100638327515382,0.7100638327515382,0.16679038882305497,0.46497488257905445,4,3.888970534493552e-10,3.694822225952521e-12,-1.5734409171075644e-06,-8.387838115826631e-07,-1.5069361559559124e-10
49320.0,1.2347794285714286,0.7086785928441229,0.7086785928441229,0.16638125226441322,0.4641140677450571,4,3.90561444296722e-10,3.865352482534945e-12,-1.5622239858906553e-06,-8.307437206170776e-07,-1.488505953940124e-10
49380.0,1.2346859682539684,0.7072975189791596,0.7072975189791596,0.16597429759304455,0.46325601522737336,4,3.919397306706429e-10,2.8990143619012088e-12,-1.5541816578483742e-06,-8.244303444325315e-07,-1.4720217628531701e-10
49440.0,1.234592888888889,0.7059205990678584,0.7059205990678584,0.16556970427649717,0.4624008009342574,4,3.930329950385669e-10,3.183231456205249e-12,-1.5493139329805053e-06,-8.198321486700601e-07,-1.4575729387986652e-10
49500.0,1.2345000000000002,0.7045478210302873,0.7045478210302873,0.16516764378154775,0.46154849886448657,4,3.9384284722387974e-10,3.069544618483633e-12,-1.5476208112872645e-06,-8.169376744034552e-07,-1.4452415590512195e-10
49560.0,1.234407111111111,0.7031791727954435,0.7031791727954435,0.16476828023296528,0.46069918116977304,4,3.943702309161523e-10,3.808509063674137e-12,-1.5491022927688696e-06,-8.157355644373336e-07,-1.4351034975970379e-10
49620.0,1.234314031746032,0.7018146423013291,0.7018146423013291,0.16437177097916578,0.45985291821219826,4,3.9461664491646786e-10,3.467448550509289e-12,-1.5537583774248859e-06,-8.162145855313173e-07,-1.4272292847367033e-10
49680.0,1.2342205714285717,0.7004542174950632,0.7004542174950632,0.16397826708240165,0.4590097786173486,4,3.945836712926365e-10,3.240074875066057e-12,-1.5615890652557475e-06,-8.183636504810026e-07,-1.4216848032219842e-10
49740.0,1.2341265396825398,0.6990978863330085,0.6990978863330085,0.1635879137469886,0.4581698293237045,4,3.942723925121072e-10,3.069544618483633e-12,-1.572594356261021e-06,-8.221718388971968e-07,-1.418531858029619e-10
49800.0,1.2340317460317463,0.6977456367809289,0.6977456367809289,0.1632008506960797,0.4573331356287406,4,3.936849179986268e-10,2.5579538487363607e-12,-1.5867742504408141e-06,-8.276284151516254e-07,-1.4178286477019324e-10
49860.0,1.2339360000000001,0.6963974568141678,0.6963974568141678,0.16281721250527084,0.45649976123211866,4,3.9282277430885415e-10,3.0127011996228248e-12,-1.6041287477953449e-06,-8.347228481292798e-07,-1.419630156902666e-10
49920.0,1.2338391111111113,0.6950533344178575,0.6950533344178575,0.16243712889967507,0.45566976827629524,4,3.9168798759980916e-10,3.865352482534945e-12,-1.6246578483245043e-06,-8.434448274471397e-07,-1.4239884861305085e-10
49980.0,1.2337408888888888,0.693713257587159,0.693713257587159,0.1620607250198389,0.45484321738481925,4,3.902828060731167e-10,2.8990143619012088e-12,-1.648361552028183e-06,-8.537842806383782e-07,-1.4309531299097306e-10
50040.0,1.233641142857143,0.6923772143275259,0.6923772143275259,0.1616881216608833,0.45402016769855363,4,3.886097277305822e-10,2.5579538487363607e-12,-1.6752398589064898e-06,-8.657313867184137e-07,-1.4405712130259523e-10
50100.0,1.2335396825396827,0.691045192655003,0.691045192655003,0.16131943548849229,0.4532006769100233,4,3.866712505740111e-10,5.6843418860808015e-12,-1.7052927689593174e-06,-8.792765949549371e-07,-1.4528876917965244e-10
50160.0,1.2334363174603178,0.6897171805965598,0.6897171805965598,0.16095477923477441,0.4523848012960671,4,3.8447031669441856e-10,3.183231456205249e-12,-1.7385202821868824e-06,-8.944106356326769e-07,-1.4679455261435506e-10
50220.0,1.2333308571428572,0.6883931661904479,0.6883931661904479,0.16059426187652132,0.4515725957489449,4,3.820100624718492e-10,3.296918293926865e-12,-1.7749223985890202e-06,-9.111245348959981e-07,-1.4857858272559507e-10
50280.0,1.2332231111111112,0.6870731374865976,0.6870731374865976,0.16023798879799603,0.45076411380603665,4,3.79293957353255e-10,5.115907697472721e-12,-1.8144991181657336e-06,-9.294096284185915e-07,-1.506447984513509e-10
50340.0,1.2331128888888891,0.6857570825470432,0.6857570825470432,0.15988606194008695,0.4499594076782508,4,3.7632558180789033e-10,3.0127011996228248e-12,-1.8572504409170758e-06,-9.492575723717435e-07,-1.5299697744027386e-10
50400.0,1.233,0.6844449894463862,0.6844449894463862,0.1595385799373741,0.44915852827724784,4,3.7310876610519017e-10,3.581135388230905e-12,-1.9031763668429944e-06,-9.7066035780167e-07,-1.5563874548445878e-10
50460.0,1.232883851851852,0.6831368462723123,0.6831368462723123,0.1591963411945384,0.44836171243835177,4,3.681859539472754e-10,3.126388037344441e-12,-1.964159905937661e-06,-9.996673106546457e-07,-1.5881627557448244e-10
50520.0,1.2327641481481482,0.681832641125913,0.681832641125913,0.15885944564548665,0.4475690504445337,4,3.640059920151373e-10,3.524291969370097e-12,-2.0214438565549477e-06,-1.0267022784452902e-06,-1.6236935864375567e-10
50580.0,1.232641142857143,0.6805323621224408,0.6805323621224408,0.1585271601157243,0.4467803777578777,4,3.6051539531456456e-10,3.410605131648481e-12,-2.074495002939383e-06,-1.0515002604638798e-06,-1.66065035544097e-10
50640.0,1.2325150899470902,0.6792359973920378,0.6792359973920378,0.1581988921655783,0.4459955356919223,4,3.576405838146002e-10,2.8990143619012088e-12,-2.123313345091102e-06,-1.0740727683418184e-06,-1.6979720152623665e-10
50700.0,1.2323862433862436,0.6779435350803358,0.6779435350803358,0.15787412845612714,0.4452143706041165,4,3.553307093007163e-10,2.5011104298755527e-12,-2.1678988830099415e-06,-1.0944311402151158e-06,-1.7349753621263287e-10
50760.0,1.2322548571428573,0.6766549633490823,0.6766549633490823,0.15755241048193105,0.4444367333823993,4,3.5354830174583185e-10,4.718003765447065e-12,-2.208251616696011e-06,-1.112586480934901e-06,-1.7711622350983903e-10
50820.0,1.2321211851851854,0.6753702703767858,0.6753702703767858,0.15723332133461754,0.44366247906977974,4,3.5226380146191616e-10,3.410605131648481e-12,-2.24437154614931e-06,-1.1285496630138758e-06,-1.8061444314038353e-10
50880.0,1.231985481481482,0.6740894443593787,0.6740894443593787,0.1569164773503402,0.44289146656998635,4,3.5145411581005703e-10,2.9558577807620168e-12,-2.276258671369838e-06,-1.1423313508019027e-06,-1.8396064385054582e-10
50940.0,1.231848,0.6728124735108935,0.6728124735108935,0.15660152236452418,0.4421235584064845,4,3.51100648554592e-10,5.172751116333529e-12,-2.3039129923574875e-06,-1.1539420337943826e-06,-1.8712842066162987e-10
51000.0,1.2317089947089948,0.6715393460641498,0.6715393460641498,0.15628812352479612,0.4413586205192218,4,3.5118802310663e-10,4.320099833421409e-12,-2.327334509112258e-06,-1.163392057877593e-06,-1.9009519118989877e-10
51060.0,1.2315687195767198,0.6702700502714479,0.6702700502714479,0.15597596810942985,0.44059652208940214,4,3.517042490575051e-10,3.183231456205249e-12,-2.3465232216343664e-06,-1.170691666163665e-06,-1.9284131501300834e-10
51120.0,1.2314274285714288,0.669004574405263,0.669004574405263,0.15566476103202678,0.43983713538586455,4,3.5263936215557123e-10,3.524291969370097e-12,-2.361479129923596e-06,-1.1758510323538085e-06,-1.953494785888269e-10
51180.0,1.2312853756613757,0.6677429067589363,0.6677429067589363,0.155354222835027,0.4390803356285905,4,3.5398534103947554e-10,3.183231456205249e-12,-2.372202233980163e-06,-1.1788802962477355e-06,-1.9760424882813646e-10
51240.0,1.2311428148148151,0.6664850356473621,0.6664850356473621,0.15504408804342817,0.43832600086611,4,3.557361627493094e-10,3.069544618483633e-12,-2.378692533803635e-06,-1.179789598400976e-06,-1.9959173898825722e-10
51300.0,1.231,0.6652309494076625,0.6652309494076625,0.15473410379133093,0.4375740118643907,4,3.578874419041256e-10,2.8990143619012088e-12,-2.3809500293946606e-06,-1.1785891145307866e-06,-2.012993520894565e-10
51360.0,1.2308571851851853,0.6639806363998453,0.6639806363998453,0.1544240286598941,0.4368242520053689,4,3.6043618090175755e-10,3.240074875066057e-12,-2.3789747207523747e-06,-1.1752890847306085e-06,-2.027155796301155e-10
51420.0,1.2307146243386247,0.6627340850074452,0.6627340850074452,0.15411363168229092,0.43607660719367947,4,3.633805201186391e-10,3.922195901395753e-12,-2.372766607877643e-06,-1.1698998476135657e-06,-2.0382984068851973e-10
51480.0,1.2305725714285716,0.6614912836381351,0.6614912836381351,0.1538026914827715,0.43533096577044256,4,3.667197934209554e-10,3.353761712787673e-12,-2.3623256907702495e-06,-1.162431868923747e-06,-2.0463235123216025e-10
51540.0,1.2304312804232806,0.6602522207243183,0.6602522207243183,0.15349099552496373,0.4345872184331791,4,3.704547502092481e-10,3.524291969370097e-12,-2.34765196942976e-06,-1.1528957689060503e-06,-2.0511401644605536e-10
51600.0,1.2302910052910054,0.6590168847236794,0.6590168847236794,0.1531783394502586,0.43384525816110003,4,3.7458680601787364e-10,4.376943252282217e-12,-2.3287454438564994e-06,-1.1413023528897832e-06,-2.0526634087154136e-10
51660.0,1.2301520000000001,0.6577852641197057,0.6577852641197057,0.15286452649131244,0.4331049801451411,4,3.7911876415996915e-10,3.979039320256561e-12,-2.3056061140505776e-06,-1.1276626357203332e-06,-2.0508135257457597e-10
51720.0,1.2300145185185187,0.6565573474221655,0.6565573474221655,0.15254936694879784,0.43236628172221947,4,3.840539553046085e-10,3.126388037344441e-12,-2.278233980011777e-06,-1.1119878688341285e-06,-2.0455153841526868e-10
51780.0,1.2298788148148148,0.6553331231675488,0.6553331231675488,0.15223267772186552,0.4316290623132667,4,3.8939704238849515e-10,2.7284841053187847e-12,-2.2466290417400967e-06,-1.0942895655698728e-06,-2.0366978833676362e-10
51840.0,1.2297451428571429,0.6541125799194548,0.6541125799194548,0.15191428188457903,0.4308932233646614,4,3.9515313243754235e-10,3.353761712787673e-12,-2.2107912992357542e-06,-1.0745795241131972e-06,-2.0242934693589253e-10
51900.0,1.2296137566137568,0.6528957062689409,0.6528957062689409,0.1515940083019928,0.43015866829273597,4,4.0132899781220033e-10,3.0127011996228248e-12,-2.1707207524985332e-06,-1.0528698513997205e-06,-2.0082377099040173e-10
51960.0,1.2294849100529104,0.6516824908348148,0.6516824908348148,0.15127169128059811,0.4294253024310759,4,4.0793132760619244e-10,5.115907697472721e-12,-2.126417401528542e-06,-1.0291729876197526e-06,-1.9884689196024764e-10
52020.0,1.229358857142857,0.6504729222638748,0.6504729222638748,0.15094717024877993,0.4286930329803682,4,4.1496805991414476e-10,2.6716406864579767e-12,-2.077881246325725e-06,-1.0035017258302109e-06,-1.9649278261662952e-10
52080.0,1.229235851851852,0.649266989231099,0.649266989231099,0.1506202894635739,0.42796176896058313,4,4.224481320314055e-10,2.7284841053187847e-12,-2.0251122868901387e-06,-9.75869234196079e-07,-1.9375572708447223e-10
52140.0,1.2291161481481483,0.6480646804397782,0.6480646804397782,0.15029089774062568,0.4272314211653017,4,4.303811196315621e-10,3.296918293926865e-12,-1.968110523221646e-06,-9.462890771366593e-07,-1.9063019383043975e-10
52200.0,1.229,0.6468659846215878,0.6468659846215878,0.14995884820467228,0.42650190211802025,4,4.387774310554704e-10,3.126388037344441e-12,-1.9068759553204423e-06,-9.147752358236271e-07,-1.8711081106978346e-10
52260.0,1.228886650793651,0.6456708905364154,0.6456708905364154,0.1496258138406386,0.425773576842138,4,4.4254702680213143e-10,3.751665644813329e-12,-1.8748156966490701e-06,-8.973679583268007e-07,-1.8384216487110467e-10
52320.0,1.2287751111111114,0.6444793869720005,0.6444793869720005,0.14929337511283447,0.42504689587811567,4,4.4615622307730973e-10,2.8421709430404007e-12,-1.8453977072310911e-06,-8.812919037700702e-07,-1.8097989776415593e-10
52380.0,1.2286652857142857,0.6432914627442047,0.6432914627442047,0.1489614746543878,0.4243219016737057,4,4.4966971812776535e-10,2.7284841053187847e-12,-1.817567019400412e-06,-8.660376065071907e-07,-1.7830776612666823e-10
52440.0,1.2285570793650795,0.6421071066969086,0.6421071066969086,0.1486301556506544,0.42359863638680295,4,4.530463504348603e-10,2.8421709430404007e-12,-1.7913236331570602e-06,-8.516001884244413e-07,-1.7576976594466693e-10
52500.0,1.2284503968253973,0.6409263077018169,0.6409263077018169,0.1482994934028856,0.4228771414394348,4,4.562658584283952e-10,2.9558577807620168e-12,-1.7666675485009272e-06,-8.379749894024246e-07,-1.7334471876177316e-10
52560.0,1.2283451428571432,0.6397490546582075,0.6397490546582075,0.14796957592319498,0.42215745735740806,4,4.5931786152308973e-10,2.3305801732931286e-12,-1.7435987654321213e-06,-8.251574183528211e-07,-1.7102410064905033e-10
52620.0,1.2282412222222225,0.6385753364926355,0.6385753364926355,0.14764049606845148,0.4214396237075401,4,4.621956706252206e-10,3.637978807091713e-12,-1.722117283950751e-06,-8.13142898546661e-07,-1.688050662409283e-10
52680.0,1.22813853968254,0.637405142158589,0.637405142158589,0.14731234781424996,0.4207236790777532,4,4.648959273101383e-10,2.6147972675971687e-12,-1.702223104056491e-06,-8.019268487729301e-07,-1.66687608743144e-10
52740.0,1.2280369999999998,0.6362384606361043,0.6362384606361043,0.14698522434360886,0.42000966107830945,4,4.674164666429448e-10,3.410605131648481e-12,-1.6839162257496667e-06,-7.915046762062411e-07,-1.6467322382834396e-10
52800.0,1.2279365079365079,0.6350752809313452,0.6350752809313452,0.1466592170306289,0.41929760635408175,4,4.697558730892837e-10,2.6716406864579767e-12,-1.6671966490301697e-06,-7.818717748739741e-07,-1.6276422026791733e-10
52860.0,1.2278369682539683,0.6339155920761457,0.6339155920761457,0.14633441490066992,0.4185875506026836,4,4.719132862263109e-10,3.467448550509289e-12,-1.6520643738976748e-06,-7.730235309174702e-07,-1.609633413543261e-10
52920.0,1.227738285714286,0.6327593831275268,0.6327593831275268,0.14601090435770994,0.4178795285956263,4,4.738883729871191e-10,5.343281372915953e-12,-1.6385194003529401e-06,-7.649553236530176e-07,-1.5927354793369487e-10
52980.0,1.227640365079365,0.6316066431671884,0.6316066431671884,0.14568876906668118,0.4171735742008921,4,4.756811611272838e-10,3.069544618483633e-12,-1.6265617283953159e-06,-7.576625336219245e-07,-1.5769789053147046e-10
53040.0,1.227543111111111,0.6304573613009832,0.6304573613009832,0.1453680899275243,0.4164697204059782,4,4.772913175798976e-10,4.888534022029489e-12,-1.6161913580248025e-06,-7.511405459975629e-07,-1.5623943278801516e-10
53100.0,1.2274464285714286,0.6293115266583801,0.6293115266583801,0.14504894510385263,0.41576799934085273,4,4.787189533672631e-10,3.069544618483633e-12,-1.607408289241616e-06,-7.453847565321229e-07,-1.5490120552600854e-10
53160.0,1.2273502222222223,0.6281691283919184,0.6281691283919184,0.14473141008381046,0.41506844230049145,4,4.799644015562876e-10,3.0127011996228248e-12,-1.6002125220459736e-06,-7.40390579547542e-07,-1.5368617948893024e-10
53220.0,1.2272543968253968,0.6270301556766608,0.6270301556766608,0.1444155577593027,0.4143710797668041,4,4.810277731692736e-10,2.3305801732931286e-12,-1.5946040564374415e-06,-7.361534492435811e-07,-1.5259724975279503e-10
53280.0,1.2271588571428573,0.6258945977096534,0.6258945977096534,0.14410145851493708,0.41367594142984476,4,4.819097065844602e-10,2.5579538487363607e-12,-1.5905828924162367e-06,-7.326688282306045e-07,-1.5163722745093207e-10
53340.0,1.2270635079365082,0.6247624437093936,0.6247624437093936,0.14378918032120375,0.41298305620825854,4,4.826099797572425e-10,3.524291969370097e-12,-1.588149029982359e-06,-7.299322114106031e-07,-1.5080883615712776e-10
53400.0,1.226968253968254,0.6236336829153171,0.6236336829153171,0.14347878882844445,0.41229245226894545,4,4.831294531104646e-10,3.865352482534945e-12,-1.587302469135808e-06,-7.279391317749725e-07,-1.501147111999658e-10
53460.0,1.2268729999999999,0.622508304587301,0.622508304587301,0.1431703474594439,0.4116041570459505,4,4.834684041998827e-10,3.410605131648481e-12,-1.5880432098765847e-06,-7.266851633979749e-07,-1.4955740080593784e-10
53520.0,1.226777650793651,0.6213862980051974,0.6213862980051974,0.1428639174993175,0.4109181972585963,4,4.836274991593115e-10,3.353761712787673e-12,-1.5903712522046884e-06,-7.26165926990341e-07,-1.491393683506718e-10
53580.0,1.226682111111111,0.6202676524683984,0.6202676524683984,0.1425595581819209,0.41023459892888725,4,4.836070155445071e-10,2.7284841053187847e-12,-1.5942865961200114e-06,-7.263770959789066e-07,-1.4886299522289586e-10
53640.0,1.2265862857142857,0.6191523572954362,0.6191523572954362,0.14225732677235278,0.40955338739821556,4,4.834081468452212e-10,2.3874235921539366e-12,-1.5997892416226604e-06,-7.273143970193185e-07,-1.487305840549029e-10
53700.0,1.2264900793650795,0.61804040182362,0.61804040182362,0.14195727864538715,0.40887458734340254,4,4.830308653058779e-10,3.069544618483633e-12,-1.606879188712529e-06,-7.289736169937053e-07,-1.4874436201254576e-10
53760.0,1.226393396825397,0.616931775408725,0.616931775408725,0.1416594673597817,0.40819822279211027,4,4.824766697275606e-10,5.4001247917767614e-12,-1.6155564373898332e-06,-7.313506050718747e-07,-1.489064841308131e-10
53820.0,1.2262961428571426,0.61582646742472,0.61582646742472,0.14136394472855424,0.40752431713765636,4,4.81745948688328e-10,3.637978807091713e-12,-1.6258209876543556e-06,-7.344412787851429e-07,-1.4921903650024835e-10
53880.0,1.2261982222222223,0.61472446726355,0.61472446726355,0.14107076088535603,0.4068528931532658,4,4.808397013889021e-10,2.7284841053187847e-12,-1.6376728395061514e-06,-7.382416237621754e-07,-1.4968403933218985e-10
53940.0,1.2260995396825396,0.613625764334969,0.613625764334969,0.1407799643471031,0.40618397300578957,4,4.797589547855807e-10,5.059064278611913e-12,-1.6511119929453562e-06,-7.427477010007444e-07,-1.5030344982569945e-10
54000.0,1.226,0.6125303480664281,0.6125303480664281,0.14049160207306852,0.4055175782689229,4,4.785047080790861e-10,3.524291969370097e-12,-1.6661384479717838e-06,-7.479556467803288e-07,-1.5107916484859386e-10
54060.0,1.2258993555555553,0.611438207903036,0.611438207903036,0.14020599933827363,0.4048537952033439,4,4.762738536889799e-10,2.7853275241795927e-12,-1.687109876543227e-06,-7.55816585921659e-07,-1.5211151671802935e-10
54120.0,1.225797511111111,0.6103493333074883,0.6103493333074883,0.1399231238859252,0.4041926414351963,4,4.746313897463494e-10,3.126388037344441e-12,-1.7060728395062152e-06,-7.62757231193016e-07,-1.5331796409303283e-10
54180.0,1.2256945999999997,0.6092637137601827,0.6092637137601827,0.139642595692759,0.4035340378820679,4,4.73513173115947e-10,4.433786671143025e-12,-1.7228135802469116e-06,-7.686838446852888e-07,-1.5457774824030953e-10
54240.0,1.2255907555555556,0.6081813387593836,0.6081813387593836,0.13936411066403348,0.4028779084340865,4,4.728586966429305e-10,3.353761712787673e-12,-1.7373320987653972e-06,-7.736009852436543e-07,-1.5583302766305835e-10
54300.0,1.225486111111111,0.6071021978213756,0.6071021978213756,0.1390874079014922,0.4022241795098932,4,4.726272706534473e-10,3.240074875066057e-12,-1.7496283950617266e-06,-7.775133318052411e-07,-1.570465699124477e-10
54360.0,1.2253808000000002,0.6060262804806718,0.6060262804806718,0.13881225628759236,0.40157277977429795,4,4.72788974636984e-10,2.8990143619012088e-12,-1.7597024691356828e-06,-7.804256208711848e-07,-1.5819133076273805e-10
54420.0,1.2252749555555555,0.6049535762902651,0.6049535762902651,0.13853844713342287,0.4009236399332932,4,4.73321742910926e-10,3.694822225952521e-12,-1.767554320987591e-06,-7.823426240623481e-07,-1.5924632348741537e-10
54480.0,1.2251687111111111,0.6038840748219292,0.6038840748219292,0.13826578954085145,0.4002766925746961,4,4.742076731290013e-10,3.410605131648481e-12,-1.7731839506172344e-06,-7.832691352836825e-07,-1.6019455657302638e-10
54540.0,1.2250621999999998,0.6028177656665586,0.6028177656665586,0.137994107219792,0.3996318720388415,4,4.754328597478263e-10,5.059064278611913e-12,-1.7765913580247218e-06,-7.832099715798189e-07,-1.6102185636654292e-10
54600.0,1.2249555555555556,0.6017546384345466,0.6017546384345466,0.1377232361765957,0.3989891143104962,4,4.769856454256427e-10,2.8421709430404007e-12,-1.7777765432097271e-06,-7.821699719952463e-07,-1.6171613249482642e-10
54660.0,1.224848911111111,0.6006946827561988,0.6006946827561988,0.1374530229647341,0.39834835692650394,4,4.788568985780728e-10,3.183231456205249e-12,-1.7767395061729019e-06,-7.801540018186312e-07,-1.6226688955910705e-10
54720.0,1.2247424000000002,0.599637888282175,0.599637888282175,0.1371833233190113,0.3977095388955161,4,4.810387643772174e-10,4.661160346586257e-12,-1.7734802469135945e-06,-7.771669558167689e-07,-1.6266488652350092e-10
54780.0,1.2246361555555556,0.5985842446839588,0.5985842446839588,0.13691400106263465,0.39707260062727484,4,4.835253863966216e-10,5.002220859751105e-12,-1.7679987654319137e-06,-7.73213764909583e-07,-1.629018901291608e-10
54840.0,1.224530311111111,0.5975337416543477,0.5975337416543477,0.1366449272150026,0.39643748386961153,4,4.863114910769184e-10,2.9558577807620168e-12,-1.7602950617282938e-06,-7.682994000353868e-07,-1.629704907768287e-10
54900.0,1.2244249999999999,0.5964863689079598,0.5964863689079598,0.1363759792512081,0.39580413165179484,4,4.893934979488535e-10,2.3305801732931286e-12,-1.7503691358025177e-06,-7.624288779617197e-07,-1.628639616459867e-10
54960.0,1.2243203555555557,0.5954421161817568,0.5954421161817568,0.1361070404788321,0.39517248823318385,4,4.927681596100797e-10,3.581135388230905e-12,-1.738220987654368e-06,-7.556072677826654e-07,-1.6257614853955895e-10
55020.0,1.224216511111111,0.5944009732355715,0.5944009732355715,0.13583799950715666,0.39454249905637173,4,4.964331168366698e-10,3.410605131648481e-12,-1.7238506172838454e-06,-7.478396977254602e-07,-1.6210138220156233e-10
55080.0,1.2241136000000001,0.593362929852644,0.593362929852644,0.1355687497903835,0.39391411070417304,4,5.003870928721454e-10,3.240074875066057e-12,-1.7072580246911665e-06,-7.391313565355197e-07,-1.6143440741706064e-10
55140.0,1.2240117555555556,0.5923279758401567,0.5923279758401567,0.13529918923096876,0.39328727085993304,4,5.046291717825113e-10,3.296918293926865e-12,-1.688443209876548e-06,-7.294875046546658e-07,-1.605703248676144e-10
55200.0,1.223911111111111,0.5912961010297654,0.5912961010297654,0.13502921983238883,0.392661928270734,4,5.091587429451039e-10,3.240074875066057e-12,-1.6674061728394476e-06,-7.189134767988641e-07,-1.5950454285905846e-10
55260.0,1.2238118,0.5902672952781273,0.5902672952781273,0.13475874739299196,0.39203803271314575,4,5.139763614714354e-10,3.353761712787673e-12,-1.6441469135801912e-06,-7.074146870951402e-07,-1.5823273680601038e-10
55320.0,1.2237139555555556,0.5892415484674148,0.5892415484674148,0.1344876812343439,0.3914155349612273,4,5.190826657397452e-10,2.7284841053187847e-12,-1.6186654320985616e-06,-6.949966358078889e-07,-1.5675081487205823e-10
55380.0,1.2236177111111113,0.5882188505058195,0.5882188505058195,0.1342159339587672,0.39079438675653067,4,5.24478960262087e-10,3.353761712787673e-12,-1.5909617283949924e-06,-6.81664914279156e-07,-1.5505488855380194e-10
55440.0,1.2235232000000003,0.5871991913280376,0.5871991913280376,0.13394342123179964,0.3901745407798985,4,5.301668271062709e-10,2.5579538487363607e-12,-1.5610358024690494e-06,-6.674252096888487e-07,-1.53141247301086e-10
55500.0,1.2234305555555558,0.5861825608957384,0.5861825608957384,0.1336700615860605,0.3895559506248729,4,5.361483201848927e-10,3.0127011996228248e-12,-1.5288876543209503e-06,-6.522833098865911e-07,-1.5100633640994237e-10
55560.0,1.2233399111111112,0.5851689491980117,0.5851689491980117,0.1333957762436332,0.3889385707725618,4,5.424260762776356e-10,3.467448550509289e-12,-1.494517283950533e-06,-6.362451094020526e-07,-1.4864673766264676e-10
55620.0,1.2232514,0.5841583462517886,0.5841583462517886,0.13312048895455064,0.388322356567827,4,5.490027321641833e-10,2.9558577807620168e-12,-1.4579246913580124e-06,-6.193166130937091e-07,-1.460591522073827e-10
55680.0,1.2231651555555556,0.5831507421022418,0.5831507421022418,0.13284412584937305,0.38770726419667767,4,5.558818128026388e-10,3.069544618483633e-12,-1.4191098765431736e-06,-6.01503941790922e-07,-1.4324038535909562e-10
55740.0,1.2230813111111112,0.5821461268231534,0.5821461268231534,0.1325666153041381,0.38709325066476347,4,5.630666766176518e-10,2.7853275241795927e-12,-1.3780728395061245e-06,-5.828133356613823e-07,-1.4018733297768105e-10
55800.0,1.223,0.5811444905172591,0.5811444905172591,0.13228788781624418,0.3864802737768795,4,5.705614869455644e-10,3.637978807091713e-12,-1.3348135802468943e-06,-5.632511600395785e-07,-1.3689696922408366e-10
55860.0,1.2229208740740742,0.5801458233164745,0.5801458233164745,0.13200879503649512,0.38586849051875016,4,5.746087217151086e-10,3.126388037344441e-12,-1.3053835390946328e-06,-5.496005451013098e-07,-1.3369787206294863e-10
55920.0,1.2228434370370371,0.5791501153820603,0.5791501153820603,0.13173018903995828,0.3852581098320341,4,5.784180356904756e-10,3.240074875066057e-12,-1.2779267489711539e-06,-5.368343425014562e-07,-1.307240814456004e-10
55980.0,1.2227676000000003,0.5781573569050116,0.5781573569050116,0.13145210313892017,0.38464916778720093,4,5.820232629183408e-10,3.410605131648481e-12,-1.2519514403291738e-06,-5.247422747308201e-07,-1.2787743784459516e-10
56040.0,1.2226932740740744,0.5771675381062817,0.5771675381062817,0.13117461639450403,0.3840416997654543,4,5.853952045331567e-10,3.069544618483633e-12,-1.227457613168692e-06,-5.133205105656044e-07,-1.2513465061313294e-10
56100.0,1.2226203703703706,0.5761806492369739,0.5761806492369739,0.13089781953483962,0.38343574027070215,4,5.885233966829162e-10,3.524291969370097e-12,-1.2044452674897632e-06,-5.025652724813259e-07,-1.2248996590911762e-10
56160.0,1.2225488000000004,0.5751966805784985,0.5751966805784985,0.13062180545588012,0.38283132288459254,4,5.914037870535793e-10,3.581135388230905e-12,-1.1829144032921704e-06,-4.924727776287608e-07,-1.199435135754208e-10
56220.0,1.2224784740740742,0.5742156224426999,0.5742156224426999,0.13034666576142764,0.3822284802671161,4,5.9403609808939e-10,5.229594535194337e-12,-1.162865020576022e-06,-4.830392284714931e-07,-1.1749775045179216e-10
56280.0,1.2224093037037043,0.5732374651719546,0.5732374651719546,0.13007248936807644,0.3816272441747206,4,5.964211069464653e-10,3.240074875066057e-12,-1.1442971193416434e-06,-4.742608047870846e-07,-1.1515609617958015e-10
56340.0,1.2223412,0.5722621991392381,0.5722621991392381,0.12979936195500807,0.38102764548545065,4,5.98560506714918e-10,3.183231456205249e-12,-1.1272106995883837e-06,-4.661336743715108e-07,-1.1292233808833446e-10
56400.0,1.2222740740740743,0.5712898147481659,0.5712898147481659,0.12952736579568347,0.38042971422660304,4,6.004562125294655e-10,3.069544618483633e-12,-1.1116057613168938e-06,-4.586539898146494e-07,-1.1080035208064894e-10
56460.0,1.2222078370370373,0.5703203024330059,0.5703203024330059,0.12925657977114033,0.3798334796028061,4,6.021102783027033e-10,3.240074875066057e-12,-1.0974823045267398e-06,-4.518179005800471e-07,-1.0879396742987425e-10
56520.0,1.2221424000000003,0.5693536526586678,0.5693536526586678,0.12898707947040985,0.37923897002352347,4,6.035245636581976e-10,3.979039320256561e-12,-1.0848403292180304e-06,-4.456215548666643e-07,-1.0690690182739484e-10
56580.0,1.2220776740740742,0.5683898559206682,0.5683898559206682,0.12871893733086742,0.3786462131295134,4,6.047011780196954e-10,2.7853275241795927e-12,-1.0736798353910904e-06,-4.400611067656394e-07,-1.0514273230441132e-10
56640.0,1.2220135703703705,0.5674289027450748,0.5674289027450748,0.12845222279409665,0.37805523581804334,4,6.05642036521914e-10,5.115907697472721e-12,-1.0640008230452697e-06,-4.3513272080829344e-07,-1.0350488497867285e-10
56700.0,1.2219500000000003,0.5664707836884342,0.5664707836884342,0.12818700246443263,0.3774660642667993,4,6.063490542995709e-10,3.467448550509289e-12,-1.05580329218111e-06,-4.308325777952412e-07,-1.0199663470227026e-10
56760.0,1.221886874074074,0.5655154893376737,0.5655154893376737,0.1279233402634889,0.37687872395650535,4,6.068239799539299e-10,3.808509063674137e-12,-1.049087242798395e-06,-4.271568801559957e-07,-1.0062110985102497e-10
56820.0,1.2218241037037039,0.5645630103100027,0.5645630103100027,0.12766129757729475,0.37629323969230244,4,6.070687286197085e-10,3.240074875066057e-12,-1.0438526748973411e-06,-4.241018546884557e-07,-9.93812996159472e-11
56880.0,1.2217616000000004,0.5636133372527872,0.5636133372527872,0.12740093339454858,0.37570963562395765,4,6.070848268535656e-10,2.8421709430404007e-12,-1.040099588477298e-06,-4.2166375893766013e-07,-9.828006233136974e-11
56940.0,1.2216992740740744,0.5626664608434261,0.5626664608434261,0.1271423044354886,0.3751279352649788,4,6.068741897902186e-10,4.888534022029489e-12,-1.0378279835391329e-06,-4.1983888519070027e-07,-9.73201339998184e-11
57000.0,1.221637037037037,0.5617223717892124,0.5617223717892124,0.1268854652714876,0.3745481615107126,4,6.064383994974776e-10,3.183231456205249e-12,-1.0370378600823035e-06,-4.1862356283125466e-07,-9.650413658963945e-11
57060.0,1.2215748000000002,0.5607810608271904,0.5607810608271904,0.1266304684357578,0.3739703366554996,4,6.057793988656357e-10,3.126388037344441e-12,-1.037729218106919e-06,-4.180141640949272e-07,-9.583458585719002e-11
57120.0,1.221512474074074,0.5598425187240145,0.5598425187240145,0.12637736452570358,0.37339448240895856,4,6.048987422069274e-10,3.865352482534945e-12,-1.0399020576131957e-06,-4.180071066181928e-07,-9.531389860145033e-11
57180.0,1.2214499703703703,0.5589067362757998,0.5589067362757998,0.12612620229753593,0.37282061991146315,4,6.037983169004946e-10,2.6147972675971687e-12,-1.0435563786008083e-06,-4.1859885630038645e-07,-9.494439928445965e-11
57240.0,1.2213872000000003,0.5579737043079825,0.5579737043079825,0.12587702875375611,0.3722487697488753,4,6.024797327697229e-10,3.467448550509289e-12,-1.0486921810699733e-06,-4.1978593218826407e-07,-9.472832604907515e-11
57300.0,1.2213240740740743,0.5570434136751751,0.5570434136751751,0.12562988922410856,0.3716789519665875,4,6.009449049493298e-10,3.410605131648481e-12,-1.055309465020583e-06,-4.2156490901517035e-07,-9.466783614274879e-11
57360.0,1.2212605037037039,0.5561158552610359,0.5561158552610359,0.12538482744056564,0.37111118608292765,4,5.991957208184573e-10,3.069544618483633e-12,-1.0634082304526915e-06,-4.2393241858307116e-07,-9.476501079425342e-11
57420.0,1.2211964,0.5551910199781381,0.5551910199781381,0.12514188560687142,0.3705454911019712,4,5.972341232673983e-10,5.343281372915953e-12,-1.0729884773662437e-06,-4.268851546528204e-07,-9.502185956782911e-11
57480.0,1.221131674074074,0.5542688987678556,0.5542688987678556,0.12490110446312126,0.3699818855258037,4,5.950620690642339e-10,5.229594535194337e-12,-1.0840502057613494e-06,-4.304198748131957e-07,-9.544032427839445e-11
57540.0,1.2210662370370373,0.5533494826002494,0.5533494826002494,0.12466252334582287,0.36942038736627303,4,5.926814872214692e-10,5.002220859751105e-12,-1.0965934156378727e-06,-4.3453340290174584e-07,-9.602228243821626e-11
57600.0,1.221,0.5524327624739767,0.5524327624739767,0.12442618024383409,0.36886101415626504,4,5.900946536963048e-10,2.6147972675971687e-12,-1.1106181069958867e-06,-4.392226323518921e-07,-9.676955037428199e-11
57660.0,1.2209326172839505,0.5515187294162149,0.5515187294162149,0.12419261734514948,0.3683038848325525,4,5.85136744613024e-10,3.0127011996228248e-12,-1.1338257887517218e-06,-4.475313951168177e-07,-9.786296847230671e-11
57720.0,1.220863901234568,0.5506073744825078,0.5506073744825078,0.12396191263669974,0.3677490501516316,4,5.813108189256511e-10,3.0127011996228248e-12,-1.1548957475994353e-06,-4.5497342688317313e-07,-9.923407688682993e-11
57780.0,1.220794,0.5496986887567922,0.5496986887567922,0.1237335723274749,0.3671964285175586,4,5.784468598557524e-10,4.774847184307873e-12,-1.1734965706447421e-06,-4.614196662461388e-07,-1.0069876967032962e-10
57840.0,1.220723061728395,0.5487926633514122,0.5487926633514122,0.12350721959450903,0.36664594200439915,4,5.763975685635359e-10,2.8421709430404007e-12,-1.1896282578875337e-06,-4.668745450915287e-07,-1.021693463388689e-10
57900.0,1.2206512345679015,0.5478892894070936,0.5478892894070936,0.12328254154268302,0.36609751568514154,4,5.750688675254523e-10,2.8421709430404007e-12,-1.203290809327756e-06,-4.7134261431846304e-07,-1.03591976338546e-10
57960.0,1.220578666666667,0.5469885580929307,0.5469885580929307,0.12305926739942467,0.3655510772249674,4,5.743939074376314e-10,3.183231456205249e-12,-1.2144842249657884e-06,-4.748284699393959e-07,-1.0492903234236538e-10
58020.0,1.2205055061728398,0.5460904606063923,0.5460904606063923,0.12283715700713742,0.36500655659785103,4,5.743231307198116e-10,3.069544618483633e-12,-1.2232085048011432e-06,-4.773367291783498e-07,-1.0615217372989515e-10
58080.0,1.2204319012345684,0.5451949881733317,0.5451949881733317,0.1226159938131061,0.36446388587323164,4,5.748174297659503e-10,3.694822225952521e-12,-1.2294636488340368e-06,-4.78872022376242e-07,-1.0723899426005045e-10
58140.0,1.220358,0.5443021320480224,0.5443021320480224,0.12239558019914669,0.3639229990473637,4,5.758463844651729e-10,3.410605131648481e-12,-1.2332496570644697e-06,-4.794389955034757e-07,-1.0817116201352868e-10
58200.0,1.220283950617284,0.5434118835131964,0.5434118835131964,0.12217573417391439,0.3633838319053625,4,5.77384820510396e-10,3.808509063674137e-12,-1.2345665294924417e-06,-4.790423127348521e-07,-1.0893328807906817e-10
58260.0,1.220209901234568,0.5425242338800997,0.5425242338800997,0.12195628692359359,0.3628463219054746,4,5.794123653091177e-10,3.296918293926865e-12,-1.2334142661179525e-06,-4.776866639686009e-07,-1.0951219123128233e-10
58320.0,1.2201360000000003,0.5416391744885549,0.5416391744885549,0.12173708093549421,0.36231040808008197,4,5.819122406158783e-10,3.126388037344441e-12,-1.2297928669410028e-06,-4.7537677186109057e-07,-1.0989639524030256e-10
58380.0,1.2200623950617284,0.5407566967070343,0.5407566967070343,0.12151796852141541,0.3617760309496929,4,5.848703327204774e-10,2.7284841053187847e-12,-1.223702331961592e-06,-4.721174002953279e-07,-1.1007577131775049e-10
58440.0,1.2199892345679013,0.539876791932739,0.539876791932739,0.12129881062998797,0.3612431324472613,4,5.882754283703662e-10,2.8421709430404007e-12,-1.2151426611796117e-06,-4.679133603882515e-07,-1.1004127545450117e-10
58500.0,1.2199166666666668,0.5389994515916869,0.5389994515916869,0.1210794758740433,0.3607116558508847,4,5.921176465806255e-10,3.069544618483633e-12,-1.204113854595279e-06,-4.6276952088995847e-07,-1.0978475023190078e-10
58560.0,1.219844839506173,0.5381246671388,0.5381246671388,0.12085983972182979,0.36018154572341277,4,5.963895904903538e-10,3.467448550509289e-12,-1.190615912208377e-06,-4.5669081486211197e-07,-1.0929877191365187e-10
58620.0,1.219773901234568,0.5372524300580007,0.5372524300580007,0.12063978381564909,0.3596527478578388,4,6.010847791726448e-10,3.240074875066057e-12,-1.1746488340191227e-06,-4.4968224645363557e-07,-1.0857653009423707e-10
58680.0,1.2197040000000001,0.5363827318623051,0.5363827318623051,0.12041919539131973,0.35912520922758995,4,6.061984525462805e-10,2.7284841053187847e-12,-1.1562126200275157e-06,-4.417489003748852e-07,-1.0761173141254144e-10
58740.0,1.2196352839506175,0.5355155640939185,0.5355155640939185,0.1201979667786129,0.3585988779410084,4,6.117269191197039e-10,3.296918293926865e-12,-1.1353072702331226e-06,-4.3289594810867076e-07,-1.0639852132892892e-10
58800.0,1.219567901234568,0.5346509183243278,0.5346509183243278,0.11997599496760196,0.35807370319945697,4,6.176675976243828e-10,4.490630090003833e-12,-1.1119327846365938e-06,-4.231286553490145e-07,-1.0493141973390353e-10
58860.0,1.219502,0.5337887861543903,0.5337887861543903,0.11975318122926955,0.3575496352585801,4,6.24018628436751e-10,3.581135388230905e-12,-1.0860891632373872e-06,-4.1245238881495533e-07,-1.0320526728689135e-10
58920.0,1.219437728395062,0.53292915921442,0.53292915921442,0.11952943078126235,0.35702662539233676,4,6.307795119564474e-10,2.5011104298755527e-12,-1.0577764060357198e-06,-4.0087262274886336e-07,-1.0121518020817305e-10
58980.0,1.2193752345679012,0.5320720291642658,0.5320720291642658,0.11930465249154058,0.35650462585948106,4,6.379503314501989e-10,3.979039320256561e-12,-1.0269945130315915e-06,-3.8839494758084855e-07,-9.895651182336974e-11
59040.0,1.219314666666667,0.5312173876933824,0.5312173876933824,0.11907875861410558,0.3559835898722199,4,6.455318085629713e-10,3.467448550509289e-12,-9.937434842248935e-07,-3.750250723190876e-07,-9.642481950802847e-11
59100.0,1.2192561728395064,0.5303652265208934,0.5303652265208934,0.11885166455210978,0.3554634715668166,4,6.535257890405433e-10,3.296918293926865e-12,-9.580233196159517e-07,-3.607688354710805e-07,-9.361583602714417e-11
59160.0,1.219199901234568,0.5295155373956432,0.5295155373956432,0.11862328864444852,0.35494422597594244,4,6.61934340673298e-10,3.581135388230905e-12,-9.198340192044408e-07,-3.4563220766725716e-07,-9.052544451325712e-11
59220.0,1.219146,0.5286683120962395,0.5286683120962395,0.11839355197266829,0.354425809002606,4,6.707604888189778e-10,2.8990143619012088e-12,-8.791755829904141e-07,-3.2962129889288385e-07,-8.714965639931235e-11
59280.0,1.2190946172839507,0.5278235424310823,0.5278235424310823,0.11816237818551262,0.3539081773955128,4,6.800079249691393e-10,3.0127011996228248e-12,-8.360480109739813e-07,-3.127423642514582e-07,-8.34845918326573e-11
59340.0,1.219045901234568,0.5269812202383813,0.5269812202383813,0.11792969333887877,0.3533912887257256,4,6.896806181710957e-10,5.343281372915953e-12,-7.904513031550604e-07,-2.950018095079028e-07,-7.952646216665236e-11
59400.0,1.219,0.526141337386158,0.526141337386158,0.11769542574930206,0.35287510136451417,4,6.997834950395188e-10,3.126388037344441e-12,-7.423854595336628e-07,-2.764061975727179e-07,-7.52715541828691e-11
59460.0,1.2189566419753088,0.5253038857721599,0.5253038857721599,0.11746036903891423,0.3523597350610592,4,7.052950723451801e-10,3.126388037344441e-12,-7.060919067215691e-07,-2.622752273061745e-07,-7.102239907016459e-11
59520.0,1.2189153580246914,0.5244688573237674,0.5244688573237674,0.11722543637235971,0.351845376810607,4,7.100952187366616e-10,3.069544618483633e-12,-6.726762688615172e-07,-2.492711454589878e-07,-6.69868859619648e-11
59580.0,1.2188759999999998,0.5236362439980383,0.5236362439980383,0.11699079148732915,0.35133208527167725,4,7.142624131040165e-10,2.6716406864579767e-12,-6.417297668039284e-07,-2.3723775004537044e-07,-6.311278320109486e-11
59640.0,1.2188384197530864,0.5228060377816451,0.5228060377816451,0.11675661856633023,0.35081991742465235,4,7.177881344855308e-10,2.6716406864579767e-12,-6.132524005487213e-07,-2.261694634168854e-07,-5.939599130235591e-11
59700.0,1.2188024691358028,0.5219782306908007,0.5219782306908007,0.11652309887876515,0.35030892853099704,4,7.206826108108189e-10,3.410605131648481e-12,-5.87244170096167e-07,-2.160606508619091e-07,-5.5844301755461526e-11
59760.0,1.2187680000000003,0.521152814771171,0.521152814771171,0.1162904050813394,0.34979917218774176,4,7.229612880577108e-10,2.7284841053187847e-12,-5.637050754458861e-07,-2.069056117494681e-07,-5.246834854603384e-11
59820.0,1.218734864197531,0.520329782097773,0.520329782097773,0.11605870010831168,0.349290700403868,4,7.246402644600636e-10,3.183231456205249e-12,-5.426351165981496e-07,-1.9869859165481404e-07,-4.927906859001052e-11
59880.0,1.2187029135802472,0.5195091247748526,0.5195091247748526,0.11582813740475899,0.3487835636785321,4,7.257349304845562e-10,2.4442670110147446e-12,-5.240342935528491e-07,-1.9143380172458892e-07,-4.62869260559309e-11
59940.0,1.218672,0.518690834935752,0.518690834935752,0.11559886155850162,0.3482778110751694,4,7.262597884194477e-10,3.808509063674137e-12,-5.07902606310093e-07,-1.8510543787526737e-07,-4.350169426242901e-11
60000.0,1.2186419753086422,0.5178749047427608,0.5178749047427608,0.11537100901843762,0.3477734902898694,4,7.262281331854581e-10,3.069544618483633e-12,-4.942400548697728e-07,-1.7970769672867885e-07,-4.0932430488386926e-11
60060.0,1.2186126913580246,0.5170613263869509,0.5170613263869509,0.1151447087902771,0.3472706477138986,4,7.256522466247972e-10,3.353761712787673e-12,-4.830466392318887e-07,-1.7523479486105498e-07,-3.858751810001254e-11
60120.0,1.2185840000000001,0.5162500920880005,0.5162500920880005,0.11492008307357186,0.34676932849075404,4,7.245439664904652e-10,2.8990143619012088e-12,-4.74322359396549e-07,-1.7168097997691202e-07,-3.647472907425891e-11
60180.0,1.21855575308642,0.5154411940940046,0.5154411940940046,0.11469724783165784,0.3462695765682787,4,7.22914048068013e-10,2.4442670110147446e-12,-4.6806721536353674e-07,-1.6904054985919043e-07,-3.460128875338135e-11
60240.0,1.218527802469136,0.5146346246812751,0.5146346246812751,0.11447631329673853,0.34577143474638783,4,7.207729413316599e-10,3.353761712787673e-12,-4.6428120713317746e-07,-1.67307861720729e-07,-3.297393604188154e-11
60300.0,1.2185,0.5138303761541271,0.5138303761541271,0.11425738441610085,0.3452749447209079,4,7.181304995107496e-10,5.286437954055145e-12,-4.62964334705254e-07,-1.6647734675251656e-07,-3.159897687059188e-11
60360.0,1.218472197530864,0.5130284408446628,0.5130284408446628,0.11404056124635757,0.3447801471239835,4,7.149963537900206e-10,4.945377440890297e-12,-4.641165980797666e-07,-1.665435203837071e-07,-3.0482330633364255e-11
60420.0,1.2184442469135803,0.5122288111125399,0.5122288111125399,0.11382593930240684,0.3442870815614455,4,7.113800798430603e-10,2.8990143619012088e-12,-4.677379972564984e-07,-1.6750099340459226e-07,-2.9629570111081234e-11
60480.0,1.2184160000000002,0.5114314793447413,0.5114314793447413,0.1136136098671363,0.34379578664748595,4,7.072905594540657e-10,2.6147972675971687e-12,-4.7382853223599134e-07,-1.693444823453705e-07,-2.90459555958673e-11
60540.0,1.2183873086419754,0.510636437955332,0.510636437955332,0.11340366026716461,0.34330630003693624,4,7.02737312785473e-10,3.410605131648481e-12,-4.823882030179204e-07,-1.7206881849674309e-07,-2.8736464002340685e-11
60600.0,1.2183580246913581,0.509843679385222,0.509843679385222,0.11319617411917522,0.3428186584554068,4,6.977290689658133e-10,3.0127011996228248e-12,-4.934170096021768e-07,-1.7566895726960785e-07,-2.8705813678756884e-11
60660.0,1.218328,0.5090531961019169,0.5090531961019169,0.1129912315507296,0.34233289772751224,4,6.922751122351301e-10,4.092726157978177e-12,-5.069149519890863e-07,-1.8013998639406024e-07,-2.8958485548692934e-11
60720.0,1.2182970864197533,0.5082649805992788,0.5082649805992788,0.11278890939890461,0.3418490528033761,4,6.863845325444373e-10,3.865352482534945e-12,-5.228820301783232e-07,-1.8547713389367325e-07,-2.9498741137172465e-11
60780.0,1.218265135802469,0.5074790253972796,0.5074790253972796,0.11258928138957036,0.3413671577835847,4,6.800665031114761e-10,3.751665644813329e-12,-5.41318244170213e-07,-1.9167577678001952e-07,-3.033063793996603e-11
60840.0,1.2182320000000002,0.5066953230417632,0.5066953230417632,0.11239241829974182,0.34088724594273884,4,6.733304747097435e-10,3.353761712787673e-12,-5.622235939644302e-07,-1.9873144550356525e-07,-3.14580425497232e-11
60900.0,1.2181975308641977,0.5059138661042095,0.5059138661042095,0.1121983881050818,0.340409349751733,4,6.661858842349488e-10,2.5579538487363607e-12,-5.855980795610834e-07,-2.0663983509100822e-07,-3.288464183627808e-11
60960.0,1.2181615802469137,0.5051346471815042,0.5051346471815042,0.11200725611432594,0.3399335008988766,4,6.586421824605893e-10,2.8421709430404007e-12,-6.114417009602813e-07,-2.15396807905189e-07,-3.4613952488144564e-11
61020.0,1.2181239999999998,0.5043576588957165,0.5043576588957165,0.11181908509217402,0.33945973030995846,4,6.507093336383107e-10,2.8990143619012088e-12,-6.397544581619145e-07,-2.2499840225979548e-07,-3.66493291527346e-11
61080.0,1.2180846419753089,0.5035828938938851,0.5035828938938851,0.11163393537196736,0.3389880681673449,4,6.423971909974568e-10,3.637978807091713e-12,-6.705363511660385e-07,-2.354408362203317e-07,-3.8993971347194106e-11
61140.0,1.2180433580246912,0.5028103448478151,0.5028103448478151,0.11145186495930552,0.3385185439281885,4,6.337158992009151e-10,3.0127011996228248e-12,-7.037873799726257e-07,-2.4672051633368015e-07,-4.1650929353884635e-11
61200.0,1.218,0.5020400044538829,0.5020400044538829,0.11127292962759598,0.33805118634182174,4,6.246758388339657e-10,2.8990143619012088e-12,-7.395075445816743e-07,-2.588340399694363e-07,-4.462310920216134e-11
61260.0,1.2179540987654323,0.5012718654328672,0.5012718654328672,0.11109786584394173,0.3375861419113263,4,6.11380085446811e-10,3.183231456205249e-12,-7.87323731138603e-07,-2.7515349052032215e-07,-4.814898645682265e-11
61320.0,1.2179053827160495,0.5005059205296957,0.5005059205296957,0.11092676978991321,0.33712347692738176,4,6.002985192266053e-10,2.3874235921539366e-12,-8.330850480109781e-07,-2.907105195183149e-07,-5.216833619859997e-11
61380.0,1.217854,0.4997421625133663,0.4997421625133663,0.11075896257602799,0.3366631039985134,4,5.909952666138807e-10,3.296918293926865e-12,-8.763772290809669e-07,-3.0536145848436417e-07,-5.641709285734463e-11
61440.0,1.2178000987654318,0.49898058417686686,0.49898058417686686,0.11059394237765038,0.33620494056426675,4,5.831269495049085e-10,4.547473508864641e-12,-9.172002743484607e-07,-3.191103305821014e-07,-6.075960211341253e-11
61500.0,1.2177438271604941,0.49822117833704677,0.49822117833704677,0.11043130586818052,0.33574890786847794,4,5.764761029647403e-10,3.240074875066057e-12,-9.555541838134055e-07,-3.3196112187652436e-07,-6.511404715547316e-11
61560.0,1.2176853333333333,0.49746393783450343,0.49746393783450343,0.11027071301664214,0.33529493034422775,4,5.708910705282122e-10,2.7853275241795927e-12,-9.914389574760182e-07,-3.4391771870575665e-07,-6.942489197145473e-11
61620.0,1.2176247654320986,0.496708855533485,0.496708855533485,0.11011186855482137,0.3348429351975527,4,5.662592755806273e-10,3.240074875066057e-12,-1.0248545953360278e-06,-3.54983893678353e-07,-7.365145074324504e-11
61680.0,1.2175622716049384,0.4959559243218082,0.4959559243218082,0.10995451090561405,0.33439285210256586,4,5.624932603032207e-10,3.0127011996228248e-12,-1.0558010973937593e-06,-3.651633086769392e-07,-7.77623459567431e-11
61740.0,1.217498,0.49520513711078734,0.49520513711078734,0.10979840495982227,0.3339446129661246,4,5.595230251342898e-10,2.7284841053187847e-12,-1.0842784636488876e-06,-3.74459528738961e-07,-8.17324753966801e-11
61800.0,1.2174320987654323,0.4944564868351814,0.4944564868351814,0.1096433370589879,0.33349815173930275,4,5.572915046103688e-10,3.0127011996228248e-12,-1.1102866941014127e-06,-3.8287603353885945e-07,-8.554119737399693e-11
61860.0,1.2173647160493828,0.49370996645315185,0.49370996645315185,0.10948911134487901,0.33305340426211894,4,5.557509730191867e-10,5.343281372915953e-12,-1.1338257887516598e-06,-3.9041623238943114e-07,-8.917116995270063e-11
61920.0,1.217296,0.4929655689462333,0.4929655689462333,0.10933554700677076,0.3326103081328837,4,5.548613651873424e-10,3.467448550509289e-12,-1.1548957475994123e-06,-3.970834766298611e-07,-9.260756926746114e-11
61980.0,1.217226098765432,0.4922232873193181,0.4922232873193181,0.10918247614607492,0.33216880259636383,4,5.545884168567383e-10,2.6716406864579767e-12,-1.1734965706446697e-06,-4.0288107484151087e-07,-9.58375411892493e-11
62040.0,1.217155160493827,0.4914831146006492,0.4914831146006492,0.10902974208125683,0.3317288284467045,4,5.549028042617365e-10,3.183231456205249e-12,-1.189628257887541e-06,-4.0781230402424747e-07,-9.884980367535688e-11
62100.0,1.2170833333333333,0.49074504384182316,0.49074504384182316,0.10887719797629936,0.33129032794217095,4,5.557792420729513e-10,3.126388037344441e-12,-1.2032908093278087e-06,-4.1188042322766303e-07,-1.0163435035356505e-10
62160.0,1.2170107654320987,0.4900090681178044,0.4900090681178044,0.10872470571291644,0.3308532447295281,4,5.571958033856461e-10,2.9558577807620168e-12,-1.2144842249656903e-06,-4.1508868491394737e-07,-1.041822243100977e-10
62220.0,1.2169376049382716,0.48927518052694147,0.48927518052694147,0.10857213495032003,0.33041752377639566,4,5.591333368526463e-10,3.524291969370097e-12,-1.2232085048009687e-06,-4.17440345064658e-07,-1.0648534200567934e-10
62280.0,1.2168640000000002,0.4885433741909947,0.4885433741909947,0.10841936233193707,0.32998311131029057,4,5.615754111731874e-10,2.9558577807620168e-12,-1.229463648833969e-06,-4.1893867439830943e-07,-1.0853635377546221e-10
62340.0,1.2167900987654323,0.4878136422551654,0.4878136422551654,0.10826627080907666,0.3295499547633408,4,5.645076073257371e-10,3.637978807091713e-12,-1.2332496570644746e-06,-4.1958696854490596e-07,-1.1032853162020925e-10
62400.0,1.2167160493827158,0.4870859778881278,0.4870859778881278,0.10811274905897664,0.329118002721855,4,5.679173520345415e-10,3.865352482534945e-12,-1.2345665294923767e-06,-4.1938855664865206e-07,-1.1185567770121902e-10
62460.0,1.216642,0.4863603742820651,0.4863603742820651,0.1079586909799283,0.3286872048800875,4,5.717941120586545e-10,3.240074875066057e-12,-1.2334142661178928e-06,-4.1834681096148156e-07,-1.1311204880499788e-10
62520.0,1.2165680987654321,0.48563682465270347,0.48563682465270347,0.10780399525004283,0.32825751199765857,4,5.761284366245789e-10,2.9558577807620168e-12,-1.2297928669410225e-06,-4.1646515622062707e-07,-1.1409229330312412e-10
62580.0,1.2164944938271605,0.4849153222393458,0.4849153222393458,0.10764856493907939,0.32782887586017745,4,5.809125680489302e-10,3.0127011996228248e-12,-1.223702331961549e-06,-4.137470765126769e-07,-1.147913979821965e-10
62640.0,1.2164213333333334,0.48419586030490375,0.48419586030490375,0.10749230716488822,0.3274012492426942,4,5.861399005047119e-10,3.581135388230905e-12,-1.2151426611795802e-06,-4.1019612367015163e-07,-1.1520464281482259e-10
62700.0,1.2163487654320988,0.48347843213592423,0.48347843213592423,0.10733513278767365,0.32697458587566136,4,5.918050632880423e-10,3.353761712787673e-12,-1.204113854595442e-06,-4.058159257113201e-07,-1.153275621035771e-10
62760.0,1.216276938271605,0.482763031042613,0.482763031042613,0.10717695613654359,0.32654884041313703,4,5.979036293846107e-10,2.6147972675971687e-12,-1.1906159122084842e-06,-4.00610193217026e-07,-1.1515591087436757e-10
62820.0,1.216206,0.48204965035884906,0.48204965035884906,0.10701769476379186,0.32612396840299585,4,6.044321293474653e-10,3.410605131648481e-12,-1.1746488340191934e-06,-3.945827267464984e-07,-1.1468563556649365e-10
62880.0,1.216136098765432,0.4813382834421938,0.4813382834421938,0.10685726922316953,0.32569992625895083,4,6.113882317082542e-10,2.9558577807620168e-12,-1.1562126200274086e-06,-3.877374234414884e-07,-1.1391284826114698e-10
62940.0,1.2160673827160493,0.48062892367389093,0.48062892367389093,0.10669560286898752,0.3252766712342111,4,6.187701739879259e-10,3.069544618483633e-12,-1.1353072702331834e-06,-3.8007828399882386e-07,-1.1283380392976209e-10
63000.0,1.216,0.47992156445885475,0.47992156445885475,0.10653262167342112,0.32485416139662693,4,6.265772345415144e-10,3.410605131648481e-12,-1.1119327846364902e-06,-3.716094192703682e-07,-1.1144488014037752e-10
63060.0,1.2159326172839504,0.4792161992255497,0.4792161992255497,0.10637152057971005,0.32443288301327655,4,6.128493407198121e-10,3.410605131648481e-12,-1.1338257887517015e-06,-3.783058817957924e-07,-1.1085976079776517e-10
63120.0,1.2158639012345678,0.47851282142568885,0.47851282142568885,0.10621438744772362,0.3240132903116059,4,6.028855331630112e-10,5.4569682106375694e-12,-1.1548957475995025e-06,-3.847217048808362e-07,-1.1150128221716146e-10
63180.0,1.2157939999999998,0.47781142453448033,0.47781142453448033,0.10606004941224959,0.3235953020813551,4,5.958444987408384e-10,2.8990143619012088e-12,-1.1734965706447063e-06,-3.903046746853472e-07,-1.1271635052762922e-10
63240.0,1.215723061728395,0.47711200205065624,0.47711200205065624,0.10590776486190634,0.32317884468506997,4,5.908794564746245e-10,3.240074875066057e-12,-1.189628257887557e-06,-3.9505559923320364e-07,-1.1418949529359651e-10
63300.0,1.2156512345679014,0.47641454749640083,0.47641454749640083,0.10575700925580173,0.3227638496374721,4,5.875163272550665e-10,3.410605131648481e-12,-1.2032908093278917e-06,-3.989761767554491e-07,-1.15752057971219e-10
63360.0,1.2155786666666668,0.47571905441726486,0.47571905441726486,0.10560738140780004,0.3223502523156666,4,5.85459888902129e-10,2.8421709430404007e-12,-1.2144842249657107e-06,-4.020685560668739e-07,-1.1730242500770555e-10
63420.0,1.2155055061728397,0.47502551638206497,0.47502551638206497,0.10545855804637691,0.3219379911849262,4,5.845118555836137e-10,3.240074875066057e-12,-1.2232085048011762e-06,-4.0433514753011155e-07,-1.1877357350191418e-10
63480.0,1.2154319012345682,0.47433392698276783,0.47433392698276783,0.10531026906289238,0.3215270072888857,4,5.845312983643325e-10,4.547473508864641e-12,-1.229463648834072e-06,-4.057785346024749e-07,-1.201182725531415e-10
63540.0,1.215358,0.47364427983436114,0.47364427983436114,0.1051622827255025,0.32111724389052454,4,5.854140366912119e-10,3.183231456205249e-12,-1.233249657064506e-06,-4.0640143022145373e-07,-1.2130154763021777e-10
63600.0,1.215283950617284,0.47295656857470797,0.47295656857470797,0.10501439620526261,0.3207086462064433,4,5.870805230845377e-10,3.353761712787673e-12,-1.2345665294924781e-06,-4.062066534443729e-07,-1.2229648467122118e-10
63660.0,1.2152099012345678,0.4722707868643879,0.4722707868643879,0.10486642917013583,0.3203011612025519,4,5.894688070995358e-10,2.7853275241795927e-12,-1.233414266117989e-06,-4.051971204655434e-07,-1.2308172364791754e-10
63720.0,1.215136,0.4715869283865218,0.4715869283865218,0.10471821926584833,0.31989473743217006,4,5.925296503450639e-10,2.5011104298755527e-12,-1.229792866941038e-06,-4.033758367389001e-07,-1.2363987551234798e-10
63780.0,1.2150623950617285,0.47090498684658566,0.47090498684658566,0.10456961881682823,0.3194893249045595,4,5.962232374479015e-10,3.467448550509289e-12,-1.2237023319616252e-06,-4.007458992656346e-07,-1.2395647633637042e-10
63840.0,1.2149892345679012,0.4702249559722074,0.4702249559722074,0.10442049234888716,0.31908487497598564,4,6.005173303069711e-10,2.2168933355715126e-12,-1.2151426611796426e-06,-3.973104962673587e-07,-1.2401927019513026e-10
63900.0,1.2149166666666666,0.4695468295129542,0.4695468295129542,0.10427071468430614,0.3186813402578923,4,6.053855611254377e-10,3.240074875066057e-12,-1.2041138545953067e-06,-3.930729108671744e-07,-1.238177019453284e-10
63960.0,1.2148448395061726,0.46887060124010504,0.46887060124010504,0.10412016944711411,0.3182786745383676,4,6.10806155654231e-10,3.410605131648481e-12,-1.1906159122084008e-06,-3.880365250664766e-07,-1.233425487833262e-10
64020.0,1.214773901234568,0.46819626494641475,0.46819626494641475,0.1039687478695216,0.3178768327141276,4,6.167613086915935e-10,2.8990143619012088e-12,-1.1746488340191415e-06,-3.822048236511707e-07,-1.2258564639554223e-10
64080.0,1.214704,0.46752381444586605,0.46752381444586605,0.10381634782412773,0.3174757707309594,4,6.232363097824489e-10,2.8990143619012088e-12,-1.1562126200274207e-06,-3.7558139919821696e-07,-1.2153968125774156e-10
64140.0,1.2146352839506174,0.4668532435734127,0.4668532435734127,0.10366287302851696,0.3170754455310699,4,6.302192934182216e-10,2.8990143619012088e-12,-1.1353072702331298e-06,-3.681699572883422e-07,-1.2019803024995596e-10
64200.0,1.2145679012345678,0.4661845461847154,0.4661845461847154,0.10350823238362093,0.3166758150061413,4,6.377007116808997e-10,5.172751116333529e-12,-1.1119327846364856e-06,-3.59974321429324e-07,-1.18554634781419e-10
64260.0,1.214502,0.46551771615587073,0.46551771615587073,0.10335233941736954,0.31627683795515815,4,6.456729595427646e-10,3.467448550509289e-12,-1.0860891632373798e-06,-3.509984378776615e-07,-1.1660390058301488e-10
64320.0,1.2144377283950616,0.4648527473831342,0.4648527473831342,0.10319511181229497,0.31587847404626557,4,6.541301528217858e-10,3.183231456205249e-12,-1.057776406035704e-06,-3.4124638094250914e-07,-1.1434061679009514e-10
64380.0,1.214375234567901,0.46418963378264083,0.46418963378264083,0.10303647100084637,0.3154806837820635,4,6.630680726704696e-10,3.922195901395753e-12,-1.0269945130315666e-06,-3.3072235927630254e-07,-1.1175988984711486e-10
64440.0,1.2143146666666667,0.4635283692901192,0.4635283692901192,0.10287634181588325,0.3150834284678552,4,6.724839018978912e-10,3.467448550509289e-12,-9.937434842249672e-07,-3.1943071842786144e-07,-1.0885708883850487e-10
64500.0,1.2142561728395063,0.46286894786060995,0.46286894786060995,0.1027146521865749,0.3146866701824566,4,6.823758780249989e-10,3.581135388230905e-12,-9.58023319615798e-07,-3.073759486339612e-07,-1.0562779980213664e-10
64560.0,1.2141999012345677,0.46221136346817693,0.46221136346817693,0.10255133287197835,0.31429037175123825,4,6.927438206405512e-10,3.410605131648481e-12,-9.198340192043841e-07,-2.9456268846657864e-07,-1.0206778712453172e-10
64620.0,1.214146,0.4615556101056264,0.4615556101056264,0.10238631722613109,0.31389449672113046,4,7.035881183226067e-10,2.7853275241795927e-12,-8.791755829903454e-07,-2.8099572901226123e-07,-9.817296060820754e-11
64680.0,1.2140946172839504,0.46090168178422597,0.46090168178422597,0.10221954098969659,0.3134990093373612,4,7.149104086501268e-10,4.490630090003833e-12,-8.360480109738997e-07,-2.66680020188272e-07,-9.393934709999782e-11
64740.0,1.2140459012345677,0.46024957253342524,0.46024957253342524,0.10205094210412595,0.3131038745217347,4,7.267132590138559e-10,3.467448550509289e-12,-7.904513031549655e-07,-2.5162067521067826e-07,-8.936306580632873e-11
64800.0,1.214,0.4595992764005864,0.4595992764005864,0.10188046054503587,0.3127090578522864,4,7.389998751827775e-10,3.183231456205249e-12,-7.423854595335534e-07,-2.3582297481198616e-07,-8.444030663216444e-11
64860.0,1.2139562839506173,0.45895078745064594,0.45895078745064594,0.10170982090055765,0.3123147934790276,4,7.377795319118974e-10,3.296918293926865e-12,-7.17449245541793e-07,-2.274379744753545e-07,-7.976084208589862e-11
64920.0,1.2139139753086419,0.4583040997657477,0.4583040997657477,0.10154047001284316,0.31192134930125814,4,7.37255242966306e-10,3.410605131648481e-12,-6.945685871055854e-07,-2.197379847699626e-07,-7.56995394265931e-11
64980.0,1.213873,0.45765920744512345,0.45765920744512345,0.10137213065624134,0.3115287438929015,4,7.372007032602212e-10,3.467448550509289e-12,-6.729224965705789e-07,-2.1245933910535064e-07,-7.201848973251463e-11
65040.0,1.2138332839506174,0.4570161046048687,0.4570161046048687,0.10120468619324581,0.3111369971832877,4,7.372632365720833e-10,3.808509063674137e-12,-6.525109739368275e-07,-2.0559915304933711e-07,-6.860202230297738e-11
65100.0,1.21379475308642,0.4563747853777131,0.4563747853777131,0.10103809636398885,0.3107461295707048,4,7.372671778638207e-10,2.5579538487363607e-12,-6.333340192043315e-07,-1.9915487850680495e-07,-6.539492369737731e-11
65160.0,1.2137573333333334,0.45573524391280273,0.45573524391280273,0.10087235866594042,0.3103561614960848,4,7.371187271676405e-10,2.6147972675971687e-12,-6.153916323729824e-07,-1.93124126729311e-07,-6.236924458040551e-11
65220.0,1.213720950617284,0.4550974743754868,0.4550974743754868,0.10070749042663305,0.3099671132261088,4,7.367650933787218e-10,2.5011104298755527e-12,-5.986838134429427e-07,-1.8750459216472e-07,-5.951019011914353e-11
65280.0,1.2136855308641978,0.45446147094712463,0.45446147094712463,0.1005435198180878,0.3095790047369793,4,7.361754261747677e-10,3.353761712787673e-12,-5.832105624142123e-07,-1.8229401541534253e-07,-5.6809826743431495e-11
65340.0,1.2136509999999998,0.45382722782489765,0.45382722782489765,0.10038048101366398,0.30919185565045715,4,7.353315040203867e-10,4.945377440890297e-12,-5.689718792866831e-07,-1.774901691587973e-07,-5.426404143810228e-11
65400.0,1.2136172839506174,0.4531947392216375,0.4531947392216375,0.10021841142182686,0.30880568519888885,4,7.342229879636619e-10,3.637978807091713e-12,-5.559677640602465e-07,-1.730908452171655e-07,-5.1870958727103334e-11
65460.0,1.2135843086419753,0.4525639993656625,0.4525639993656625,0.1000573500357453,0.3084205122071507,4,7.328444517895605e-10,3.0127011996228248e-12,-5.441982167351195e-07,-1.690938573715661e-07,-4.963006333335984e-11
65520.0,1.2135520000000004,0.4519350025006298,0.4519350025006298,0.09989733641727266,0.3080363550848409,4,7.311930921849452e-10,3.808509063674137e-12,-5.336632373113018e-07,-1.6549703349560838e-07,-4.754168860158614e-11
65580.0,1.2135202839506172,0.451307742885396,0.451307742885396,0.09973841005835965,0.3076532318248394,4,7.292688675164527e-10,4.320099833421409e-12,-5.243628257885767e-07,-1.62298222371954e-07,-4.560670573026184e-11
65640.0,1.2134890864197532,0.4506822147938927,0.4506822147938927,0.09958060997533949,0.3072711600058875,4,7.270724716734733e-10,3.296918293926865e-12,-5.162969821672696e-07,-1.5949528875986116e-07,-4.382632861439372e-11
65700.0,1.2134583333333333,0.4500584125150112,0.4500584125150112,0.0994239744511006,0.30689015679771475,4,7.246060002019661e-10,3.524291969370097e-12,-5.094657064471635e-07,-1.570861188751862e-07,-4.220198798774222e-11
65760.0,1.213427950617284,0.44943633035249986,0.44943633035249986,0.0992685408733421,0.30651023896777035,4,7.218721453927657e-10,3.0127011996228248e-12,-5.038689986282585e-07,-1.5506862087066823e-07,-4.0735248462025715e-11
65820.0,1.2133978641975307,0.44881596262487294,0.44881596262487294,0.09911434563636545,0.3061314228889389,4,7.188741130148557e-10,4.320099833421409e-12,-4.995068587105545e-07,-1.5344072657768983e-07,-3.9427752889640744e-11
65880.0,1.213368,0.44819730366532945,0.44819730366532945,0.09896142408542612,0.3057537245478308,4,7.15615386392976e-10,2.6716406864579767e-12,-4.963792866940516e-07,-1.522003926056105e-07,-3.828118454486517e-11
65940.0,1.2133382839506175,0.4475803478216818,0.4475803478216818,0.09880981048983241,0.3053771595533691,4,7.120996847742589e-10,2.8421709430404007e-12,-4.944862825788581e-07,-1.5134560443850597e-07,-3.729724112274587e-11
66000.0,1.2133086419753087,0.4469650894562988,0.4469650894562988,0.09865953803554085,0.3050017431454879,4,7.083309772060176e-10,3.751665644813329e-12,-4.938278463648655e-07,-1.5087437646365558e-07,-3.647761676451696e-11
66060.0,1.213279,0.4463515229460529,0.4463515229460529,0.09851063883095468,0.3046274902038142,4,7.043134547801699e-10,3.240074875066057e-12,-4.944039780519658e-07,-1.507847545313538e-07,-3.582398953391989e-11
66120.0,1.2132492839506175,0.44573964268228156,0.44573964268228156,0.09836314392159738,0.30425441525624963,4,7.000512808330583e-10,2.9558577807620168e-12,-4.96214677640484e-07,-1.5107481735279911e-07,-3.533801270779231e-11
66180.0,1.2132194197530866,0.445129443070757,0.445129443070757,0.0982170833106467,0.30388253248739516,4,6.955488823789935e-10,3.410605131648481e-12,-4.992599451303115e-07,-1.517426789285715e-07,-3.502130871847885e-11
66240.0,1.2131893333333335,0.44452091853166664,0.44452091853166664,0.09807248598323275,0.3035118557467819,4,6.908105615321958e-10,3.240074875066057e-12,-5.035397805212315e-07,-1.5278648989151155e-07,-3.487546494982793e-11
66300.0,1.2131589506172844,0.44391406349959917,0.44391406349959917,0.09792937993301952,0.3031423985568861,4,6.858407869403393e-10,3.126388037344441e-12,-5.090541838134611e-07,-1.5420443872899927e-07,-3.4902030871222706e-11
66360.0,1.2131281975308643,0.4433088724235429,0.4433088724235429,0.09778779219001983,0.302774174120916,4,6.806439994955227e-10,3.410605131648481e-12,-5.158031550068378e-07,-1.5599475435860844e-07,-3.510251609863001e-11
66420.0,1.2130969999999999,0.44270533976689297,0.44270533976689297,0.09764774884892737,0.30240719533036303,4,6.752249176456004e-10,3.467448550509289e-12,-5.237866941014692e-07,-1.5815570707117954e-07,-3.5478389113535797e-11
66480.0,1.2130652839506175,0.44210346000746503,0.44210346000746503,0.09750927509744542,0.30204147477231846,4,6.695880516716102e-10,3.410605131648481e-12,-5.330048010973562e-07,-1.6068560885075766e-07,-3.6031076451269215e-11
66540.0,1.213032975308642,0.4415032276375198,0.4415032276375198,0.097372395244261,0.3016770247365561,4,6.637380645102553e-10,2.6147972675971687e-12,-5.434574759944987e-07,-1.6358281758250312e-07,-3.676196222350763e-11
66600.0,1.213,0.44090463716379585,0.44090463716379585,0.09723713274642314,0.30131385722238624,4,6.576796190982392e-10,2.7853275241795927e-12,-5.551447187928667e-07,-1.6684573597168764e-07,-3.7672387858098555e-11
66660.0,1.212966666666667,0.44030768310757706,0.44030768310757706,0.09710259633780931,0.30095185620272535,4,6.592691670359585e-10,3.069544618483633e-12,-5.555555555555879e-07,-1.667007124204143e-07,-3.847038872484117e-11
66720.0,1.2129333333333334,0.439712360004793,0.439712360004793,0.09696809486377334,0.30059089800626393,4,6.600067298245804e-10,3.296918293926865e-12,-5.555555555555508e-07,-1.664315809818302e-07,-3.896239685566065e-11
66780.0,1.2128999999999999,0.4391186624060175,0.4391186624060175,0.09683384672936345,0.3002309814650219,4,6.600952007218552e-10,3.296918293926865e-12,-5.55555555555626e-07,-1.6616252735567708e-07,-3.928092887797675e-11
66840.0,1.2128666666666668,0.43852658487652363,0.43852658487652363,0.09669997365874104,0.29987210411500737,4,6.598025181769884e-10,3.126388037344441e-12,-5.555555555555967e-07,-1.6589393594822722e-07,-3.950092635800475e-11
66900.0,1.2128333333333334,0.4379361219963555,0.4379361219963555,0.09656654561411811,0.29951426276168314,4,6.592723172937909e-10,2.6716406864579767e-12,-5.55555555555734e-07,-1.6562602162636223e-07,-3.966196525504316e-11
66960.0,1.2128000000000003,0.4373472683604105,0.4373472683604105,0.0964336046224783,0.2991574537810075,4,6.585864353869653e-10,2.9558577807620168e-12,-5.5555555555555e-07,-1.6535890990966516e-07,-3.978600546957328e-11
67020.0,1.2127666666666665,0.4367600185785263,0.4367600185785263,0.09630117672316044,0.2988016732863889,4,6.577942079921684e-10,2.6716406864579767e-12,-5.55555555555641e-07,-1.65092679055117e-07,-3.988600684339334e-11
67080.0,1.2127333333333337,0.43617436727557646,0.43617436727557646,0.09616927825183381,0.29844691722706396,4,6.569271515655117e-10,2.7853275241795927e-12,-5.555555555555731e-07,-1.648273754582122e-07,-3.9970045935459704e-11
67140.0,1.2127,0.43559030909157326,0.43559030909157326,0.09603791935736758,0.2980931814493216,4,6.560061244220705e-10,2.8990143619012088e-12,-5.555555555556719e-07,-1.6456303170116405e-07,-4.0043383593411506e-11
67200.0,1.2126666666666668,0.4350078386817761,0.4350078386817761,0.09590710608691613,0.29774046173633234,4,6.550454345610746e-10,3.296918293926865e-12,-5.555555555557204e-07,-1.642996656817313e-07,-4.010956819583939e-11
67260.0,1.2126333333333332,0.4344269507168055,0.4344269507168055,0.09577684168442982,0.29738875383497415,4,6.540551295008967e-10,3.296918293926865e-12,-5.555555555556103e-07,-1.6403729088733477e-07,-4.017105906178491e-11
67320.0,1.2126000000000001,0.433847639882764,0.433847639882764,0.09564712743293005,0.2970380534743928,4,6.530425089579239e-10,3.467448550509289e-12,-5.555555555555582e-07,-1.6377591274230568e-07,-4.022959690723068e-11
67380.0,1.2125666666666666,0.4332699008813623,0.4332699008813623,0.09551796321944886,0.29668835637910673,4,6.520128326137353e-10,2.6147972675971687e-12,-5.55555555555781e-07,-1.6351553499084138e-07,-4.028643367918572e-11
67440.0,1.2125333333333335,0.4326937284300486,0.4326937284300486,0.09538934792454097,0.29633965827840103,4,6.509698891044025e-10,3.240074875066057e-12,-5.555555555557369e-07,-1.6325615751172466e-07,-4.034248041991097e-11
67500.0,1.2125,0.4321191172621419,0.4321191172621419,0.09526127969703117,0.29599195491313335,4,6.499167176654552e-10,5.172751116333529e-12,-5.555555555556423e-07,-1.6299777881281213e-07,-4.039840540877551e-11
67560.0,1.2124666666666666,0.4315460621269704,0.4315460621269704,0.09513375615151393,0.29564524204069503,4,6.488554693540038e-10,3.467448550509289e-12,-5.555555555554976e-07,-1.6274039595426588e-07,-4.0454700984513724e-11
67620.0,1.2124333333333333,0.43097455779001065,0.43097455779001065,0.09500677451258278,0.29529951543863586,4,6.477877678712218e-10,3.126388037344441e-12,-5.555555555557363e-07,-1.6248400504753722e-07,-4.051173013097862e-11
67680.0,1.2124,0.43040459903302963,0.43040459903302963,0.09488033172153976,0.294954770907307,4,6.467149454847387e-10,4.547473508864641e-12,-5.555555555557078e-07,-1.6222860103580895e-07,-4.056975955670994e-11
67740.0,1.2123666666666668,0.4298361806542296,0.4298361806542296,0.09475442451621524,0.2946110042717712,4,6.456379458841255e-10,3.183231456205249e-12,-5.555555555557374e-07,-1.619741786797554e-07,-4.062898357956258e-11
67800.0,1.2123333333333335,0.42926929746838843,0.42926929746838843,0.09462904949120558,0.29426821138316533,4,6.445574074476212e-10,2.8990143619012088e-12,-5.555555555556082e-07,-1.617207323068613e-07,-4.068954163670403e-11
67860.0,1.2122999999999997,0.42870394430700676,0.42870394430700676,0.09450420314365529,0.2939263881196445,4,6.434738436533749e-10,3.467448550509289e-12,-5.555555555556458e-07,-1.614682565373595e-07,-4.0751531287622305e-11
67920.0,1.2122666666666666,0.4281401160184497,0.4281401160184497,0.09437988190824602,0.29358553038701074,4,6.423878512462622e-10,3.296918293926865e-12,-5.555555555555247e-07,-1.612167441104226e-07,-4.0815017966499315e-11
67980.0,1.2122333333333335,0.42757780746808804,0.42757780746808804,0.09425608218403911,0.29324563411909776,4,6.412995412485856e-10,2.8421709430404007e-12,-5.555555555556784e-07,-1.6096618936518712e-07,-4.0880042373605666e-11
68040.0,1.2122,0.42701701353843885,0.42701701353843885,0.09413280035511395,0.29290669527796853,4,6.402091773383134e-10,5.115907697472721e-12,-5.555555555556734e-07,-1.6071658578997885e-07,-4.0946626130827146e-11
68100.0,1.2121666666666668,0.42645772912929913,0.42645772912929913,0.0940100328064493,0.29256870985396977,4,6.391168844155359e-10,2.8421709430404007e-12,-5.555555555556181e-07,-1.6046792719884162e-07,-4.101477612713566e-11
68160.0,1.2121333333333333,0.42589994915788243,0.42589994915788243,0.09388777593612184,0.2922316738656765,4,6.380228845248581e-10,3.353761712787673e-12,-5.555555555556213e-07,-1.602202068493356e-07,-4.1084487909599584e-11
68220.0,1.2121,0.4253436685589446,0.4253436685589446,0.09376602616464307,0.29189558335975024,4,6.369270388884019e-10,2.3305801732931286e-12,-5.555555555555736e-07,-1.5997341853828275e-07,-4.1155748289690946e-11
68280.0,1.2120666666666666,0.42478888228490935,0.42478888228490935,0.09364477994206982,0.2915604344107339,4,6.358293752617428e-10,2.5011104298755527e-12,-5.555555555556386e-07,-1.597275559723909e-07,-4.122853742372404e-11
68340.0,1.212033333333333,0.42423558530598665,0.42423558530598665,0.09352403375335291,0.29122622312079716,4,6.347301573228492e-10,3.865352482534945e-12,-5.555555555555451e-07,-1.5948261311932857e-07,-4.1302830428584035e-11
68400.0,1.212,0.42368377261028545,0.42368377261028545,0.09340378412231029,0.2908929456194448,4,6.336290797603894e-10,3.524291969370097e-12,-5.555555555555571e-07,-1.5923858316565422e-07,-4.137859864854413e-11
68460.0,1.2119666666666666,0.42313343920391994,0.42313343920391994,0.09328402761451135,0.2905605980631983,4,6.325261980855146e-10,3.126388037344441e-12,-5.555555555555337e-07,-1.5899546040520842e-07,-4.145581068172393e-11
68520.0,1.2119333333333333,0.4225845801111101,0.4225845801111101,0.09316476083929906,0.2902291766352587,4,6.314214706648613e-10,3.751665644813329e-12,-5.555555555555508e-07,-1.587532384786406e-07,-4.153443316794256e-11
68580.0,1.2119,0.4220371903742742,0.4220371903742742,0.09304598045113262,0.2898986775451551,4,6.30314869742854e-10,5.286437954055145e-12,-5.555555555555176e-07,-1.585119118335278e-07,-4.161443143095495e-11
68640.0,1.2118666666666666,0.42149126505411255,0.42149126505411255,0.09292768315039246,0.28956909702838574,4,6.292062704194024e-10,3.296918293926865e-12,-5.555555555554883e-07,-1.5827147442449766e-07,-4.169576997485283e-11
68700.0,1.211833333333333,0.4209467992296865,0.4209467992296865,0.09280986568375832,0.28924043134605404,4,6.280956449389308e-10,3.410605131648481e-12,-5.555555555555172e-07,-1.5803192039284009e-07,-4.1778412884089266e-11
68760.0,1.2118000000000002,0.42040378799848666,0.42040378799848666,0.09269252484425287,0.2889126767845027,4,6.269829933014393e-10,2.8421709430404007e-12,-5.555555555554416e-07,-1.5779324349313046e-07,-4.1862324137714685e-11
68820.0,1.2117666666666667,0.4198622264764944,0.4198622264764944,0.09257565747102588,0.2885858296549494,4,6.258681350956863e-10,3.637978807091713e-12,-5.555555555555325e-07,-1.575554392873769e-07,-4.194746785139665e-11
68880.0,1.2117333333333336,0.4193221097982327,0.4193221097982327,0.09245926044892977,0.28825988629312416,4,6.247511674661865e-10,2.5011104298755527e-12,-5.555555555554647e-07,-1.5731850103594834e-07,-4.2033808476029243e-11
68940.0,1.2116999999999998,0.41878343311681215,0.41878343311681215,0.09234333070793749,0.28793484305891104,4,6.236317851016082e-10,3.126388037344441e-12,-5.55555555555455e-07,-1.5708242448539089e-07,-4.212131094096106e-11
69000.0,1.2116666666666667,0.418246191603965,0.418246191603965,0.09222786522244258,0.28761069633599534,4,6.225102378021319e-10,3.240074875066057e-12,-5.555555555555035e-07,-1.568472029356231e-07,-4.2209940774948855e-11
69060.0,1.2116333333333331,0.41771038045007225,0.41771038045007225,0.09211286101046574,0.28728744253151606,4,6.213861786230623e-10,2.8990143619012088e-12,-5.555555555555018e-07,-1.5661283250973794e-07,-4.2299664182979446e-11
69120.0,1.2116000000000002,0.417175994864182,0.417175994864182,0.09199831513279653,0.2869650780757254,4,6.20259649197763e-10,3.353761712787673e-12,-5.555555555554497e-07,-1.56379306750356e-07,-4.2390448115481595e-11
69180.0,1.2115666666666665,0.41664303007401854,0.41664303007401854,0.09188422469208833,0.28664359942165507,4,6.191306495262339e-10,3.751665644813329e-12,-5.555555555555642e-07,-1.561466214411641e-07,-4.248226031337094e-11
69240.0,1.2115333333333334,0.41611148132598497,0.41611148132598497,0.09177058683192005,0.2863230030447895,4,6.179990685861725e-10,2.8421709430404007e-12,-5.555555555557369e-07,-1.5591477109158625e-07,-4.2575069333467615e-11
69300.0,1.2114999999999998,0.4155813438851555,0.4155813438851555,0.0916573987358438,0.2860032854427477,4,6.168648786220032e-10,2.9558577807620168e-12,-5.555555555556423e-07,-1.556837508294178e-07,-4.2668844576210084e-11
69360.0,1.2114666666666667,0.4150526130352612,0.4150526130352612,0.09154465762641992,0.28568444313497143,4,6.157280380003627e-10,3.296918293926865e-12,-5.555555555554976e-07,-1.5545355585317797e-07,-4.2763556277787025e-11
69420.0,1.2114333333333334,0.4145252840786679,0.4145252840786679,0.09143236076425303,0.28536647266242166,4,6.145885050878874e-10,3.126388037344441e-12,-5.555555555555194e-07,-1.5522418148451064e-07,-4.2859175530942565e-11
69480.0,1.2114,0.41399935233634505,0.41399935233634505,0.0913205054470376,0.28504937058728275,4,6.13446168862275e-10,3.694822225952521e-12,-5.555555555554909e-07,-1.5499562247649732e-07,-4.295567426439603e-11
69540.0,1.2113666666666667,0.41347481314783197,0.41347481314783197,0.09120908900860734,0.28473313349267354,4,6.123010709568888e-10,4.433786671143025e-12,-5.555555555555206e-07,-1.5476787476676802e-07,-4.3053025246640344e-11
69600.0,1.2113333333333336,0.41295166187119026,0.41295166187119026,0.0910981088180071,0.2844177579823669,4,6.11153128105002e-10,3.183231456205249e-12,-5.555555555554998e-07,-1.545409332942331e-07,-4.315120205759954e-11
69660.0,1.2112999999999998,0.4124298938829561,0.4124298938829561,0.09098756227857736,0.2841032406805153,4,6.10002312551039e-10,3.865352482534945e-12,-5.555555555555374e-07,-1.543147941492121e-07,-4.325017908535311e-11
69720.0,1.2112666666666667,0.4119095045780829,0.4119095045780829,0.09087744682706361,0.2837895782313846,4,6.088487214395144e-10,4.149569576838985e-12,-5.555555555554163e-07,-1.540894523236532e-07,-4.3349931503451385e-11
69780.0,1.2112333333333334,0.4113904893698789,0.4113904893698789,0.09076775993274268,0.28347676729909477,4,6.076921049702477e-10,3.524291969370097e-12,-5.555555555554616e-07,-1.5386490351573356e-07,-4.34504352461928e-11
69840.0,1.2112,0.41087284368994004,0.41087284368994004,0.09065849909657635,0.2831648045673661,4,6.065325880433292e-10,3.0127011996228248e-12,-5.555555555554565e-07,-1.536411435191384e-07,-4.355166699977633e-11
69900.0,1.211166666666667,0.410356562988076,0.410356562988076,0.09054966185038543,0.2828536867392741,4,6.053700457586686e-10,3.296918293926865e-12,-5.555555555554013e-07,-1.5341816783160978e-07,-4.3653604168215073e-11
69960.0,1.2111333333333334,0.4098416427322334,0.4098416427322334,0.09044124575605121,0.282543410537009,4,6.042045752607805e-10,2.8421709430404007e-12,-5.555555555555128e-07,-1.5319597277355185e-07,-4.375622485613747e-11
70020.0,1.2111,0.4093280784084138,0.4093280784084138,0.0903332484047399,0.2822339727016427,4,6.030360377717869e-10,2.9558577807620168e-12,-5.555555555555194e-07,-1.5297455349951266e-07,-4.3859507849193075e-11
70080.0,1.211066666666667,0.4088158655205864,0.4088158655205864,0.09022566741614954,0.28192536999290096,4,6.018645026806269e-10,3.581135388230905e-12,-5.555555555555302e-07,-1.5275390610862766e-07,-4.396343258746366e-11
70140.0,1.2110333333333334,0.4083049995906001,0.4083049995906001,0.09011850043778628,0.281617599188942,4,6.006899699873003e-10,3.296918293926865e-12,-5.555555555555451e-07,-1.525340270143933e-07,-4.4067979146047616e-11
70200.0,1.211,0.40779547615808914,0.40779547615808914,0.0900117451442592,0.28131065708614067,4,5.995123425472926e-10,3.296918293926865e-12,-5.555555555555563e-07,-1.5231491184209453e-07,-4.417312821031735e-11
70260.0,1.210966666666667,0.4072872907803764,0.4072872907803764,0.08990539923660193,0.28100454049887746,4,5.983317175051184e-10,2.8421709430404007e-12,-5.555555555555879e-07,-1.5209655639108146e-07,-4.4278861060202835e-11
70320.0,1.2109333333333334,0.4067804390323757,0.4067804390323757,0.08979946044161596,0.28069924625933385,4,5.971479838384752e-10,2.6716406864579767e-12,-5.55555555555605e-07,-1.5187895730848938e-07,-4.438515954262334e-11
70380.0,1.2108999999999999,0.4062749165064896,0.4062749165064896,0.08969392651123591,0.28039477121729184,4,5.959611693029387e-10,3.240074875066057e-12,-5.55555555555626e-07,-1.5166211044080754e-07,-4.4492006053554155e-11
70440.0,1.2108666666666668,0.40577071881250687,0.40577071881250687,0.08958879522192074,0.28009111223993904,4,5.947713294096602e-10,2.5011104298755527e-12,-5.555555555555967e-07,-1.5144601185160277e-07,-4.4599383519120554e-11
70500.0,1.2108333333333334,0.40526784157749657,0.40526784157749657,0.08948406437405855,0.27978826621167807,4,5.935784364030638e-10,3.183231456205249e-12,-5.555555555556256e-07,-1.512306579079982e-07,-4.4707275376777774e-11
70560.0,1.2108000000000003,0.4047662804457011,0.4047662804457011,0.08937973179139953,0.2794862300339409,4,5.923824902831498e-10,4.547473508864641e-12,-5.5555555555555e-07,-1.5101604488996066e-07,-4.4815665554426367e-11
70620.0,1.2107666666666665,0.40426603107842934,0.40426603107842934,0.08927579532050407,0.27918500062500745,4,5.911833800276156e-10,3.183231456205249e-12,-5.55555555555641e-07,-1.5080216956195642e-07,-4.492453845095029e-11
70680.0,1.2107333333333337,0.40376708915394693,0.40376708915394693,0.08917225283021145,0.27888457491982827,4,5.899813276810661e-10,3.808509063674137e-12,-5.555555555556815e-07,-1.5058902742278802e-07,-4.503387892774657e-11
70740.0,1.2106999999999999,0.40326945036736583,0.40326945036736583,0.08906910221112777,0.27858494986985194,4,5.887762360989868e-10,3.353761712787673e-12,-5.555555555557803e-07,-1.5037661584455607e-07,-4.514367227532046e-11
70800.0,1.2106666666666668,0.40277311043053515,0.40277311043053515,0.08896634137513228,0.2782861224428559,4,5.875679387479238e-10,2.8421709430404007e-12,-5.555555555557204e-07,-1.5016493040706657e-07,-4.525390421397364e-11
70860.0,1.2106333333333332,0.40227806507193026,0.40227806507193026,0.08886396825489823,0.2779880896227812,4,5.86356740939209e-10,4.888534022029489e-12,-5.555555555556103e-07,-1.4995396829687926e-07,-4.536456086910128e-11
70920.0,1.2106000000000003,0.40178431003654125,0.40178431003654125,0.08876198080343146,0.2776908484095713,4,5.851424900171764e-10,2.7284841053187847e-12,-5.555555555556666e-07,-1.4974372540990945e-07,-4.5475628757950575e-11
70980.0,1.2105666666666666,0.4012918410857624,0.4012918410857624,0.08866037699362705,0.27739439581901404,4,5.839252276151896e-10,2.8421709430404007e-12,-5.555555555555642e-07,-1.4953419903876878e-07,-4.5587094778529866e-11
71040.0,1.2105333333333335,0.40080065399728165,0.40080065399728165,0.08855915481783838,0.27709872888258724,4,5.827049676110363e-10,3.410605131648481e-12,-5.5555555555552e-07,-1.4932538523578228e-07,-4.5698946186156435e-11
71100.0,1.2105,0.40031074456496973,0.40031074456496973,0.08845831228746256,0.2768038446473081,4,5.814817655158677e-10,3.296918293926865e-12,-5.555555555556423e-07,-1.4911728074533476e-07,-4.581117059012793e-11
71160.0,1.2104666666666666,0.39982210859877093,0.39982210859877093,0.08835784743254096,0.27650974017558483,4,5.802554270406546e-10,3.694822225952521e-12,-5.555555555554976e-07,-1.4890988233879076e-07,-4.592375593653685e-11
71220.0,1.2104333333333333,0.3993347419245944,0.3993347419245944,0.08825775830136956,0.276216412545072,4,5.790262852523043e-10,3.467448550509289e-12,-5.555555555557363e-07,-1.4870318674463796e-07,-4.6036690498741434e-11
71280.0,1.2104000000000001,0.39884864038420376,0.39884864038420376,0.08815804296012644,0.27592385884852927,4,5.777941319839996e-10,4.035882739117369e-12,-5.555555555557078e-07,-1.4849719043187723e-07,-4.6149962860643384e-11
71340.0,1.2103666666666668,0.3983637998351114,0.3983637998351114,0.08805869949251066,0.2756320761936822,4,5.76559092135831e-10,2.8990143619012088e-12,-5.55555555555629e-07,-1.4829189054235513e-07,-4.626356190745651e-11
71400.0,1.2103333333333335,0.3978802161504707,0.3978802161504707,0.08795972599939164,0.27534106170308636,4,5.75321193463374e-10,3.183231456205249e-12,-5.555555555556082e-07,-1.4808728401456594e-07,-4.637747682041279e-11
71460.0,1.2103,0.3973978852189698,0.3973978852189698,0.08786112059847088,0.2750508125139943,4,5.740803804554773e-10,3.069544618483633e-12,-5.555555555556458e-07,-1.4788336720927326e-07,-4.649169705600344e-11
71520.0,1.2102666666666666,0.3969168029447286,0.3969168029447286,0.08776288142395804,0.27476132577822465,4,5.728367363788678e-10,2.7853275241795927e-12,-5.555555555556331e-07,-1.4768013714653048e-07,-4.66062123446488e-11
71580.0,1.2102333333333333,0.39643696524719374,0.39643696524719374,0.08766500662625126,0.27447259866203394,4,5.715902196001821e-10,2.6716406864579767e-12,-5.555555555556784e-07,-1.4747759093631878e-07,-4.672101267752964e-11
71640.0,1.2102000000000002,0.3959583680610378,0.3959583680610378,0.08756749437163225,0.27418462834599133,4,5.703408856305714e-10,3.808509063674137e-12,-5.555555555555649e-07,-1.4727572524775225e-07,-4.683608829681317e-11
71700.0,1.2101666666666668,0.39548100733605696,0.39548100733605696,0.08747034284197307,0.27389741202485524,4,5.690888454923382e-10,2.6147972675971687e-12,-5.555555555556181e-07,-1.4707453729832087e-07,-4.695142968847974e-11
71760.0,1.2101333333333333,0.3950048790370727,0.3950048790370727,0.08737355023444493,0.2736109469074521,4,5.678340020409678e-10,2.7853275241795927e-12,-5.555555555556213e-07,-1.4687402380695106e-07,-4.7067027574414995e-11
71820.0,1.2100999999999997,0.3945299791438334,0.3945299791438334,0.0872771147612439,0.2733252302165579,4,5.665764385431871e-10,4.035882739117369e-12,-5.555555555555736e-07,-1.4667418206582415e-07,-4.718287290160359e-11
71880.0,1.2100666666666666,0.39405630365091676,0.39405630365091676,0.08718103464932117,0.27304025918878183,4,5.653161133656326e-10,3.637978807091713e-12,-5.555555555555844e-07,-1.4647500860394822e-07,-4.729895683575328e-11
71940.0,1.210033333333333,0.3935838485676356,0.3935838485676356,0.08708530814012198,0.272756031074451,4,5.64053123652819e-10,3.069544618483633e-12,-5.555555555555451e-07,-1.4627650136304676e-07,-4.741527075434989e-11
72000.0,1.21,0.39311260991794317,0.39311260991794317,0.0869899334893335,0.27247254313749913,4,5.627874832825341e-10,2.1032064978498966e-12,-5.555555555555563e-07,-1.4607865636142794e-07,-4.7531806241125176e-11
72060.0,1.2099666666666666,0.39264258374034156,0.39264258374034156,0.08689490896663998,0.272189792655355,4,5.615193032770804e-10,3.296918293926865e-12,-5.555555555555608e-07,-1.4588147162000945e-07,-4.764855507528689e-11
72120.0,1.2099333333333333,0.39217376608779003,0.39217376608779003,0.08680023285548655,0.27190777691883444,4,5.602484864919433e-10,3.694822225952521e-12,-5.555555555554965e-07,-1.456849439101863e-07,-4.776550922675424e-11
72180.0,1.2098999999999998,0.39170615302761613,0.39170615302761613,0.08670590345284661,0.2716264932320336,4,5.589750190493348e-10,3.240074875066057e-12,-5.555555555555176e-07,-1.4548907045178628e-07,-4.788266085007646e-11
72240.0,1.2098666666666666,0.3912397406414282,0.3912397406414282,0.08661191906900083,0.2713459389122236,4,5.576990813604965e-10,3.524291969370097e-12,-5.555555555554883e-07,-1.4529384833721296e-07,-4.8000002279019734e-11
72300.0,1.2098333333333333,0.39077452502502796,0.39077452502502796,0.08651827802731962,0.2710661112897479,4,5.56420631792065e-10,3.296918293926865e-12,-5.555555555556256e-07,-1.450992750643886e-07,-4.811752601899022e-11
72360.0,1.2098000000000004,0.39031050228832764,0.39031050228832764,0.08642497866405172,0.27078700770792025,4,5.551397397329794e-10,2.9558577807620168e-12,-5.555555555554416e-07,-1.4490534702986225e-07,-4.823522474453929e-11
72420.0,1.2097666666666664,0.3898476685552643,0.3898476685552643,0.08633201932812033,0.270508625522925,4,5.538563635498761e-10,2.8990143619012088e-12,-5.555555555554241e-07,-1.447120631560996e-07,-4.8353091288418235e-11
72480.0,1.2097333333333335,0.38938601996371935,0.38938601996371935,0.08623939838092466,0.2702309621037188,4,5.525706281428455e-10,3.296918293926865e-12,-5.555555555554647e-07,-1.4451941884050654e-07,-4.847111864535026e-11
72540.0,1.2096999999999998,0.3889255526654382,0.3889255526654382,0.0861471141961471,0.2699540148319339,4,5.512824780007364e-10,3.694822225952521e-12,-5.55555555555455e-07,-1.443274130498418e-07,-4.8589299954970685e-11
72600.0,1.209666666666667,0.38846626282595104,0.38846626282595104,0.08605516515956638,0.26967778110178275,4,5.499920519014267e-10,3.240074875066057e-12,-5.555555555555035e-07,-1.4413604166010189e-07,-4.870762850973147e-11
72660.0,1.2096333333333331,0.3880081466244956,0.3880081466244956,0.08596354966887339,0.26940225831996445,4,5.486992388226142e-10,3.296918293926865e-12,-5.555555555553934e-07,-1.439453032045408e-07,-4.8826097738837403e-11
72720.0,1.2096000000000002,0.3875512002539417,0.3875512002539417,0.08587226613349645,0.269127443905572,4,5.474041220310255e-10,3.0127011996228248e-12,-5.555555555553413e-07,-1.437551941974384e-07,-4.894470121451609e-11
72780.0,1.2095666666666665,0.38709541992071417,0.38709541992071417,0.08578131297442593,0.26885333529000166,4,5.461068403045388e-10,2.8990143619012088e-12,-5.555555555555642e-07,-1.4356571265513162e-07,-4.906343264119515e-11
72840.0,1.2095333333333333,0.38664080184472327,0.38664080184472327,0.08569068862405008,0.26857992991686297,4,5.448072826208517e-10,5.002220859751105e-12,-5.555555555557369e-07,-1.4337685563695922e-07,-4.918228584987077e-11
72900.0,1.2095,0.38618734225929074,0.38618734225929074,0.0856003915259875,0.26830722524189066,4,5.435056155134177e-10,2.9558577807620168e-12,-5.555555555556423e-07,-1.431886204927347e-07,-4.930125480246196e-11
72960.0,1.2094666666666667,0.38573503741107895,0.38573503741107895,0.08551042013493175,0.26803521873285757,4,5.422017695932979e-10,3.694822225952521e-12,-5.555555555554976e-07,-1.4300100499234228e-07,-4.9420333576736044e-11
73020.0,1.2094333333333334,0.38528388356002274,0.38528388356002274,0.08542077291649491,0.26776390786948834,4,5.40895842005007e-10,3.524291969370097e-12,-5.555555555555194e-07,-1.4281400643699946e-07,-4.953951637434883e-11
73080.0,1.2094000000000003,0.38483387697926164,0.38483387697926164,0.08533144834705722,0.2674932901433755,4,5.395878049929692e-10,2.9558577807620168e-12,-5.555555555554909e-07,-1.4262762215688888e-07,-4.9658797510008556e-11
73140.0,1.209366666666667,0.38438501395507263,0.38438501395507263,0.08524244491361962,0.2672233630578952,4,5.382778389684262e-10,3.296918293926865e-12,-5.55555555555629e-07,-1.424418502386207e-07,-4.9778171407488885e-11
73200.0,1.2093333333333334,0.38393729078680455,0.38393729078680455,0.0851537611136609,0.2669541241281257,4,5.369657218867729e-10,3.694822225952521e-12,-5.555555555554998e-07,-1.4225668765638998e-07,-4.989763260285159e-11
73260.0,1.2092999999999998,0.38349070378681444,0.38349070378681444,0.0850653954549989,0.2666855708807654,4,5.356517451815535e-10,3.183231456205249e-12,-5.55555555555429e-07,-1.4207213215283016e-07,-5.0017175733878494e-11
73320.0,1.2092666666666667,0.38304524928040434,0.38304524928040434,0.08497734645565294,0.2664177008540532,4,5.343358533416165e-10,3.0127011996228248e-12,-5.555555555554163e-07,-1.418881811549296e-07,-5.0136795543787177e-11
73380.0,1.2092333333333336,0.3826009236057604,0.3826009236057604,0.08488961264371113,0.2661505115976893,4,5.330180324891742e-10,2.8421709430404007e-12,-5.5555555555557e-07,-1.417048324474532e-07,-5.025648687372016e-11
73440.0,1.2092,0.3821577231138898,0.3821577231138898,0.08480219255720264,0.2658840006727571,4,5.316983936465292e-10,5.343281372915953e-12,-5.555555555555649e-07,-1.415220834539097e-07,-5.03762446597373e-11
73500.0,1.209166666666667,0.38171564416856396,0.38171564416856396,0.08471508474396999,0.2656181656516461,4,5.303769229358934e-10,2.8990143619012088e-12,-5.555555555555097e-07,-1.413399320463321e-07,-5.049606393416902e-11
73560.0,1.2091333333333334,0.38127468314625773,0.38127468314625773,0.08462828776154505,0.26535300411797597,4,5.290536758684183e-10,2.7284841053187847e-12,-5.555555555555128e-07,-1.4115837559242322e-07,-5.06159398194125e-11
73620.0,1.2091,0.38083483643609334,0.38083483643609334,0.08454180017703002,0.26508851366652153,4,5.277286801996794e-10,3.524291969370097e-12,-5.555555555555194e-07,-1.4097741190003128e-07,-5.073586752776289e-11
73680.0,1.2090666666666667,0.3803961004397837,0.3803961004397837,0.08445562056697885,0.2648246919031385,4,5.264019498074646e-10,2.5579538487363607e-12,-5.555555555555844e-07,-1.4079703849292325e-07,-5.085584235675797e-11
73740.0,1.2090333333333334,0.37995847157157586,0.37995847157157586,0.0843697475172818,0.26456153644469016,4,5.250736373474396e-10,3.410605131648481e-12,-5.555555555555451e-07,-1.4061725327541084e-07,-5.09758596906869e-11
73800.0,1.209,0.37952194625819785,0.37952194625819785,0.0842841796230545,0.26429904491897516,4,5.237436317973021e-10,5.4001247917767614e-12,-5.555555555555563e-07,-1.4043805380380063e-07,-5.1095914992407785e-11
73860.0,1.208966666666667,0.3790865209388036,0.3790865209388036,0.08419891548852851,0.26403721496465615,4,5.224120719349301e-10,5.172751116333529e-12,-5.555555555555879e-07,-1.402594373452865e-07,-5.121600380656702e-11
73920.0,1.2089333333333332,0.37865219206492157,0.37865219206492157,0.08411395372694187,0.2637760442311886,4,5.21078930004748e-10,2.8421709430404007e-12,-5.55555555555605e-07,-1.4008140283756378e-07,-5.1336121752809816e-11
73980.0,1.2089,0.3782189561004024,0.3782189561004024,0.08402929296043514,0.2635155303787519,4,5.197443170290583e-10,3.410605131648481e-12,-5.55555555555626e-07,-1.3990394686482302e-07,-5.145626453329762e-11
74040.0,1.2088666666666668,0.3777868095213678,0.3777868095213678,0.08394493181994998,0.2632556710781797,4,5.184081358633463e-10,3.694822225952521e-12,-5.555555555555967e-07,-1.3972706788498314e-07,-5.157642791549282e-11
74100.0,1.2088333333333334,0.37735574881616035,0.37735574881616035,0.08386086894512815,0.26299646401089194,4,5.170706224300048e-10,5.059064278611913e-12,-5.555555555556256e-07,-1.3955076308474958e-07,-5.1696607743994056e-11
74160.0,1.2088000000000003,0.3769257704852942,0.3769257704852942,0.08377710298421245,0.26273790686882753,4,5.157316934623069e-10,3.353761712787673e-12,-5.5555555555555e-07,-1.3937503051949393e-07,-5.1816799933151137e-11
74220.0,1.2087666666666668,0.3764968710414066,0.3764968710414066,0.08369363259395114,0.2624799973543776,4,5.143912934491013e-10,3.410605131648481e-12,-5.55555555555641e-07,-1.3919986856185244e-07,-5.1937000463617366e-11
74280.0,1.2087333333333337,0.3760690470092099,0.3760690470092099,0.08361045643950468,0.26222273318031974,4,5.13049644434993e-10,3.240074875066057e-12,-5.555555555556815e-07,-1.3902527400422993e-07,-5.205720538394434e-11
74340.0,1.2086999999999999,0.37564229492544454,0.37564229492544454,0.08352757319435178,0.2619661120697528,4,5.11706746419982e-10,3.751665644813329e-12,-5.555555555556719e-07,-1.3885124572658118e-07,-5.217741081027755e-11
74400.0,1.2086666666666668,0.3752166113388319,0.3752166113388319,0.08344498154020112,0.2617101317560325,4,5.103625300151293e-10,2.9558577807620168e-12,-5.55555555555612e-07,-1.3867778043071574e-07,-5.2297612915957055e-11
74460.0,1.2086333333333332,0.37479199281002973,0.37479199281002973,0.08336268016690082,0.26145478998270766,4,5.090171201205251e-10,3.296918293926865e-12,-5.555555555556103e-07,-1.3850487700247697e-07,-5.2417807943647274e-11
74520.0,1.2086000000000003,0.37436843591158625,0.37436843591158625,0.08328066777235434,0.2612000845034571,4,5.076705583695329e-10,3.694822225952521e-12,-5.555555555556666e-07,-1.3833253261446213e-07,-5.25379921906297e-11
74580.0,1.2085666666666666,0.37394593722789615,0.37394593722789615,0.08319894306243347,0.2609460130820275,4,5.063228586399404e-10,2.5011104298755527e-12,-5.55555555555781e-07,-1.3816074592710553e-07,-5.265816201674055e-11
74640.0,1.2085333333333335,0.3735244933551552,0.3735244933551552,0.08311750475089721,0.26069257349217123,4,5.049740903206867e-10,3.240074875066057e-12,-5.5555555555552e-07,-1.3798951416355874e-07,-5.2778313839407634e-11
74700.0,1.2085,0.3731041009013196,0.3731041009013196,0.08303635155930726,0.260439763517586,4,5.036241562672572e-10,3.069544618483633e-12,-5.555555555556423e-07,-1.3781883519588866e-07,-5.2898444130695725e-11
74760.0,1.2084666666666666,0.37268475648606064,0.37268475648606064,0.08295548221695158,0.2601875809518537,4,5.022732646464689e-10,3.581135388230905e-12,-5.555555555554976e-07,-1.376487074015054e-07,-5.30185494187425e-11
74820.0,1.2084333333333332,0.37226645674072434,0.37226645674072434,0.08287489546076293,0.25993602359838086,4,5.009213738249585e-10,3.240074875066057e-12,-5.555555555557363e-07,-1.3747912868560165e-07,-5.31386262851546e-11
74880.0,1.2084000000000001,0.3718491983082885,0.3718491983082885,0.08279459003524361,0.25968508927033984,4,4.995685531916649e-10,2.7853275241795927e-12,-5.555555555557078e-07,-1.373100965686646e-07,-5.3258671364153955e-11
74940.0,1.2083666666666668,0.3714329778433227,0.3714329778433227,0.08271456469238972,0.2594347757906096,4,4.982147888688004e-10,3.353761712787673e-12,-5.55555555555629e-07,-1.3714160947965484e-07,-5.337868134482444e-11
75000.0,1.2083333333333335,0.3710177920119469,0.3710177920119469,0.08263481819161562,0.25918508099171816,4,4.968602196342431e-10,2.7853275241795927e-12,-5.555555555557167e-07,-1.3697366517273564e-07,-5.349865296106987e-11
75060.0,1.2083,0.3706036374917904,0.3706036374917904,0.08255534929968368,0.2589360027157849,4,4.955047899768417e-10,3.524291969370097e-12,-5.555555555556458e-07,-1.36806261832712e-07,-5.361858299987921e-11
75120.0,1.2082666666666666,0.37019051097195427,0.37019051097195427,0.08247615679063201,0.2586875388144637,4,4.941485415299596e-10,2.9558577807620168e-12,-5.555555555556331e-07,-1.366393973246713e-07,-5.3738468292707354e-11
75180.0,1.2082333333333335,0.3697784091529702,0.3697784091529702,0.0823972394457033,0.258439687148887,4,4.927915159269602e-10,3.694822225952521e-12,-5.555555555556784e-07,-1.364730694645797e-07,-5.38583057232903e-11
75240.0,1.2082000000000002,0.3693673287467623,0.3693673287467623,0.08231859605327516,0.2581924455896093,4,4.914337964345705e-10,5.115907697472721e-12,-5.555555555555649e-07,-1.3630727656746845e-07,-5.39780922195719e-11
75300.0,1.2081666666666668,0.36895726647660804,0.36895726647660804,0.08224022540879504,0.25794581201655276,4,4.90075410808366e-10,3.410605131648481e-12,-5.555555555555097e-07,-1.3614201678612133e-07,-5.4097824751460535e-11
75360.0,1.2081333333333333,0.36854821907710134,0.36854821907710134,0.0821621263147132,0.2576997843189519,4,4.887163868039224e-10,2.8421709430404007e-12,-5.555555555556213e-07,-1.3597728791523724e-07,-5.421750033874026e-11
75420.0,1.2081,0.3681401832941132,0.3681401832941132,0.08208429758041606,0.2574543603952997,4,4.873567105434518e-10,3.467448550509289e-12,-5.555555555555736e-07,-1.3581308803089264e-07,-5.433711603957631e-11
75480.0,1.2080666666666666,0.36773315588475586,0.36773315588475586,0.08200673802216196,0.2572095381532936,4,4.859964930492566e-10,4.945377440890297e-12,-5.555555555555844e-07,-1.356494152464809e-07,-5.44566689574932e-11
75540.0,1.208033333333333,0.3673271336173445,0.3673271336173445,0.08192944646302032,0.25696531550978285,4,4.84635734321337e-10,5.115907697472721e-12,-5.555555555555451e-07,-1.3548626779220796e-07,-5.457615623590541e-11
75600.0,1.208,0.3669221132713609,0.3669221132713609,0.08185242173280752,0.2567216903907152,4,4.832744482374807e-10,3.467448550509289e-12,-5.555555555555563e-07,-1.3532364335300067e-07,-5.4695575061005876e-11
75660.0,1.2079666666666666,0.36651809163741755,0.36651809163741755,0.08177566266802568,0.2564786607310851,4,4.819127319422023e-10,3.353761712787673e-12,-5.555555555555337e-07,-1.3516154063405056e-07,-5.4814922658086724e-11
75720.0,1.2079333333333333,0.36611506551722095,0.36611506551722095,0.0816991681118043,0.2562362244748818,4,4.805505438021385e-10,3.524291969370097e-12,-5.555555555555508e-07,-1.3499995730258826e-07,-5.4934196289921276e-11
75780.0,1.2078999999999998,0.3657130317235359,0.3657130317235359,0.08162293691384,0.25599437957503823,4,4.791879948395916e-10,2.7284841053187847e-12,-5.555555555555718e-07,-1.348388917387073e-07,-5.505339325997353e-11
75840.0,1.2078666666666666,0.36531198708015006,0.36531198708015006,0.08154696793033814,0.2557531239933799,4,4.77825071176774e-10,2.7853275241795927e-12,-5.555555555554883e-07,-1.346783418593368e-07,-5.517251091144854e-11
75900.0,1.2078333333333333,0.3649119284218389,0.3649119284218389,0.08147126002395673,0.2555124557005749,4,4.764618977137758e-10,3.410605131648481e-12,-5.555555555555172e-07,-1.345183060774318e-07,-5.529154661691629e-11
75960.0,1.2078000000000004,0.36451285259432964,0.36451285259432964,0.08139581206375046,0.2552723726760835,4,4.750984328172336e-10,4.035882739117369e-12,-5.555555555554416e-07,-1.343587819853452e-07,-5.541049779364758e-11
76020.0,1.2077666666666667,0.36411475645426816,0.36411475645426816,0.08132062292511444,0.25503287290810933,4,4.737346764871475e-10,2.9558577807620168e-12,-5.555555555555325e-07,-1.3419976898625756e-07,-5.552936189044535e-11
76080.0,1.2077333333333335,0.36371763686918285,0.36371763686918285,0.08124569148972846,0.2547939543935496,4,4.723706703568809e-10,2.8421709430404007e-12,-5.555555555554647e-07,-1.3404126386511983e-07,-5.564813639046701e-11
76140.0,1.2076999999999998,0.3633214907174513,0.3633214907174513,0.08117101664550659,0.25455561513794706,4,4.710065809598873e-10,2.8421709430404007e-12,-5.555555555555635e-07,-1.3388326592549474e-07,-5.57668188128854e-11
76200.0,1.2076666666666669,0.36292631488826604,0.36292631488826604,0.08109659728654096,0.2543178531554413,4,4.696423527850158e-10,3.410605131648481e-12,-5.555555555555035e-07,-1.337257722817511e-07,-5.588540671044697e-11
76260.0,1.2076333333333331,0.36253210628159976,0.36253210628159976,0.08102243231305287,0.2540806664687215,4,4.682780135878417e-10,2.5011104298755527e-12,-5.555555555555018e-07,-1.335687821129615e-07,-5.6003897668416304e-11
76320.0,1.2076000000000002,0.36213886180817256,0.36213886180817256,0.08094852063133816,0.2538440531089785,4,4.669135494905774e-10,3.296918293926865e-12,-5.555555555554497e-07,-1.3341229306864681e-07,-5.612228930447353e-11
76380.0,1.2075666666666665,0.36174657838941865,0.36174657838941865,0.08087486115371907,0.2536080111158582,4,4.655491270266765e-10,3.751665644813329e-12,-5.555555555555642e-07,-1.3325630389665854e-07,-5.6240579268767275e-11
76440.0,1.2075333333333333,0.3613552529574523,0.3613552529574523,0.0808014527984958,0.2533725385374144,4,4.641847045627756e-10,2.7284841053187847e-12,-5.555555555557369e-07,-1.331008121926259e-07,-5.635876524154892e-11
76500.0,1.2074999999999998,0.3609648824550347,0.3609648824550347,0.08072829448989256,0.25313763343006357,4,4.628202820988747e-10,3.296918293926865e-12,-5.555555555556423e-07,-1.3294581665957884e-07,-5.647684493679234e-11
76560.0,1.2074666666666667,0.3605754638355414,0.3605754638355414,0.0806553851580131,0.2529032938585377,4,4.6145587351276163e-10,3.296918293926865e-12,-5.555555555554976e-07,-1.3279131545894762e-07,-5.659481609465996e-11
76620.0,1.2074333333333334,0.3601869940629292,0.3601869940629292,0.08058272373879272,0.25266951789584013,4,4.6009167309346566e-10,3.0127011996228248e-12,-5.555555555555194e-07,-1.326373068407554e-07,-5.6712676490419744e-11
76680.0,1.2074,0.35979947011170327,0.35979947011170327,0.08051030917395091,0.25243630362319947,4,4.5872759757425996e-10,3.353761712787673e-12,-5.555555555554909e-07,-1.3248378902990573e-07,-5.6830423920624664e-11
76740.0,1.207366666666667,0.35941288896688534,0.35941288896688534,0.08043814041094478,0.2522036491300254,4,4.5736371634408357e-10,5.4569682106375694e-12,-5.555555555555206e-07,-1.323307602512005e-07,-5.6948056220347845e-11
76800.0,1.2073333333333336,0.3590272476239804,0.3590272476239804,0.08036621640292244,0.2519715525138641,4,4.5599998776957307e-10,2.5011104298755527e-12,-5.555555555553914e-07,-1.3217821917312428e-07,-5.70655712444982e-11
76860.0,1.2072999999999998,0.3586425430889456,0.3586425430889456,0.08029453610868012,0.2517400118803543,4,4.546365367508187e-10,3.296918293926865e-12,-5.555555555555374e-07,-1.3202616400108866e-07,-5.718296688126046e-11
76920.0,1.2072666666666667,0.3582587723781562,0.3582587723781562,0.08022309849261655,0.25150902534318353,4,4.532733355322449e-10,2.7284841053187847e-12,-5.555555555554163e-07,-1.3187459259544098e-07,-5.7300241044706814e-11
76980.0,1.2072333333333334,0.357875932518376,0.357875932518376,0.0801519025246892,0.251278591024045,4,4.519104673805785e-10,3.296918293926865e-12,-5.5555555555557e-07,-1.317235037499047e-07,-5.741739167452225e-11
77040.0,1.2072,0.3574940205467234,0.3574940205467234,0.08008094718037094,0.2510487070525943,4,4.5054793229581946e-10,2.7284841053187847e-12,-5.555555555554565e-07,-1.3157289554190815e-07,-5.7534416738456364e-11
77100.0,1.2071666666666667,0.35711303351064,0.35711303351064,0.08001023144060697,0.25081937156640705,4,4.4918575803354344e-10,3.410605131648481e-12,-5.555555555555097e-07,-1.3142276661067933e-07,-5.765131422964325e-11
77160.0,1.2071333333333334,0.35673296846785985,0.35673296846785985,0.07993975429177425,0.25059058271093637,4,4.478240972494163e-10,3.353761712787673e-12,-5.555555555555128e-07,-1.3127311487777898e-07,-5.7768082169311376e-11
77220.0,1.2071,0.35635382248637715,0.35635382248637715,0.07986951472563726,0.250362338639471,4,4.4646281116555997e-10,2.9558577807620168e-12,-5.555555555555194e-07,-1.3112393910521083e-07,-5.788471860032494e-11
77280.0,1.2070666666666667,0.35597559264441514,0.35597559264441514,0.0797995117393104,0.25013463751309367,4,4.4510192753755007e-10,3.353761712787673e-12,-5.555555555555302e-07,-1.3097523742794726e-07,-5.8001221591515e-11
77340.0,1.2070333333333334,0.3555982760303936,0.3555982760303936,0.07972974433521511,0.24990747750063974,4,4.437416684099915e-10,3.240074875066057e-12,-5.555555555555451e-07,-1.308270083070988e-07,-5.8117589237090513e-11
77400.0,1.207,0.3552218697428995,0.3552218697428995,0.07966021152104188,0.2496808567786559,4,4.4238186724943063e-10,3.410605131648481e-12,-5.555555555555563e-07,-1.3067925013205602e-07,-5.823381965501706e-11
77460.0,1.2069655925925928,0.35484637089063725,0.35484637089063725,0.07959398427812817,0.24945507415609297,4,4.0796169220591594e-10,3.353761712787673e-12,-5.896275720164933e-07,-1.385670995655673e-07,-5.916397353843933e-11
77520.0,1.206929185185185,0.35447177659230744,0.35447177659230744,0.0795326832252422,0.24923035725486833,4,3.844519563811488e-10,3.296918293926865e-12,-6.212325102881154e-07,-1.4587323513236261e-07,-6.153012666307343e-11
77580.0,1.2068910000000002,0.35409808397666226,0.35409808397666226,0.07947449148094099,0.24900660935313576,4,3.698663320061968e-10,3.751665644813329e-12,-6.491337448559834e-07,-1.5230392887739745e-07,-6.479511513332898e-11
77640.0,1.2068512592592593,0.35372529018251586,0.35372529018251586,0.07941810411473742,0.24878374626776406,4,3.615130278467049e-10,2.7284841053187847e-12,-6.733312757202059e-07,-1.5785822907977843e-07,-6.847356126595072e-11
77700.0,1.2068101851851851,0.3533533923587124,0.3533533923587124,0.07936261035823666,0.24856169272030737,4,3.5755812199944614e-10,3.240074875066057e-12,-6.93825102880837e-07,-1.625357598952998e-07,-7.222456880769181e-11
77760.0,1.2067680000000003,0.3529823876640945,0.3529823876640945,0.07930736551700468,0.24834037974820514,4,3.568076806237386e-10,2.5011104298755527e-12,-7.106152263375515e-07,-1.663367099941944e-07,-7.5824278890194e-11
77820.0,1.2067249259259258,0.352612273267473,0.352612273267473,0.07925189797929957,0.2481197429931256,4,3.5849044566216293e-10,2.9558577807620168e-12,-7.237016460906204e-07,-1.692617140846398e-07,-7.912796313674367e-11
77880.0,1.2066811851851855,0.3522430463475958,0.3522430463475958,0.07919584843852494,0.24789972158887266,4,3.6210212606135883e-10,5.6843418860808015e-12,-7.330843621399354e-07,-1.7131174815139465e-07,-8.204125417188981e-11
77940.0,1.206637,0.351874704093116,0.351874704093116,0.07913893161045478,0.24768025743309058,4,3.673055332109598e-10,3.296918293926865e-12,-7.387633744857132e-07,-1.7248806531280572e-07,-8.450117849690752e-11
78000.0,1.2065925925925929,0.3515072437025624,0.3515072437025624,0.07908091233454381,0.24746129469930533,4,3.7386826967633624e-10,3.410605131648481e-12,-7.40738683127737e-07,-1.7279215451708268e-07,-8.646430788785769e-11
78060.0,1.2065481851851851,0.35114066238430713,0.35114066238430713,0.079021590551258,0.24724277949932397,4,3.8162531468266536e-10,3.0127011996228248e-12,-7.390102880658984e-07,-1.7222572495040353e-07,-8.789951370308718e-11
78120.0,1.2065040000000002,0.350774957356536,0.350774957356536,0.07896079168939524,0.24702465964085363,4,3.904556122868996e-10,3.183231456205249e-12,-7.335781893004142e-07,-1.707906982955756e-07,-8.878355473629854e-11
78180.0,1.2064602592592593,0.35041012584721737,0.35041012584721737,0.07889836035508604,0.24680688444673932,4,4.002681935899588e-10,3.865352482534945e-12,-7.244423868315013e-07,-1.6848921410574127e-07,-8.909837159030313e-11
78240.0,1.2064171851851853,0.3500461650940712,0.3500461650940712,0.0788341560578787,0.24658940461522094,4,4.109930867857159e-10,2.8421709430404007e-12,-7.116028806586176e-07,-1.6532363457269242e-07,-8.882940149295203e-11
78300.0,1.206375,0.3496830723445384,0.3496830723445384,0.07876805021697438,0.24637217210839762,4,4.2257572441251057e-10,3.0127011996228248e-12,-6.950596707819799e-07,-1.6129655602642684e-07,-8.796450484426824e-11
78360.0,1.2063339259259258,0.3493208448557511,0.3493208448557511,0.07869992399161946,0.24615514006075978,4,4.349730714503508e-10,3.069544618483633e-12,-6.748127572015882e-07,-1.564108181570602e-07,-8.649326221304131e-11
78420.0,1.2062941851851852,0.34895947989450077,0.34895947989450077,0.07862966665725928,0.24593826270248018,4,4.48151016296805e-10,3.296918293926865e-12,-6.508621399178762e-07,-1.5066951648586832e-07,-8.440649932109797e-11
78480.0,1.2062560000000002,0.34859897473720897,0.34859897473720897,0.0785571743542483,0.24572149529389992,4,4.620827331880406e-10,3.922195901395753e-12,-6.232078189301934e-07,-1.440760138286923e-07,-8.169595533029416e-11
78540.0,1.2062195925925927,0.3482393266698951,0.3482393266698951,0.07848234909877704,0.24550479406873832,4,4.767473082978313e-10,3.240074875066057e-12,-5.91849794238865e-07,-1.3663395229404835e-07,-7.835404347868702e-11
78600.0,1.206185185185185,0.3478805329881484,0.3478805329881484,0.07840509798382041,0.24528811618426521,4,4.921286156367444e-10,2.8421709430404007e-12,-5.567880658437826e-07,-1.2834726448334965e-07,-7.437367287271062e-11
78660.0,1.206153,0.34752259099709515,0.34752259099709515,0.07832533252149154,0.2450714196771397,4,5.082148174517798e-10,3.069544618483633e-12,-5.180226337449462e-07,-1.1922018487080917e-07,-6.974811191641757e-11
78720.0,1.2061232592592592,0.3471654980113706,0.3471654980113706,0.07824296809311912,0.24485466342394124,4,5.249975870702528e-10,3.353761712787673e-12,-4.7555349794235584e-07,-1.092572626444372e-07,-6.4470880861141e-11
78780.0,1.206096185185185,0.34680925135508617,0.34680925135508617,0.07815792348304042,0.2446378071056407,4,5.424717203217355e-10,5.229594535194337e-12,-4.293806584363367e-07,-9.84633717265495e-08,-5.853566524157283e-11
78840.0,1.2060720000000003,0.3464538483618013,0.3464538483618013,0.07807012047855677,0.24442081117542283,4,5.60634899615664e-10,2.6716406864579767e-12,-3.7950411522645524e-07,-8.684372241922006e-08,-5.1936244622131334e-11
78900.0,1.206050925925926,0.34609928637449244,0.34609928637449244,0.07797948352291831,0.24420363682938853,4,5.794872776077042e-10,3.069544618483633e-12,-3.2592386831281975e-07,-7.440387360446097e-08,-4.4666432765068365e-11
78960.0,1.2060331851851853,0.34574556274552176,0.34574556274552176,0.07788593941129772,0.24398624597975765,4,5.990313384218737e-10,2.7284841053187847e-12,-2.686399176955387e-07,-6.114974222846718e-08,-3.672002646627138e-11
79020.0,1.206019,0.3453926748366092,0.3453926748366092,0.07778941702194506,0.24376860123026026,4,6.192713564168173e-10,3.410605131648481e-12,-2.0765226337450364e-07,-4.7087616747038075e-08,-2.809076102465688e-11
79080.0,1.2060085925925927,0.3450406200188007,0.3450406200188007,0.0776898470763383,0.24355066585345989,4,6.40213826397229e-10,5.343281372915953e-12,-1.4296090534987723e-07,-3.2224166326166214e-08,-1.8772270841827405e-11
79140.0,1.206002185185185,0.3446893956724385,0.3446893956724385,0.07758716192337797,0.2433324037697947,4,6.618668807467643e-10,2.7853275241795927e-12,-7.456584362138842e-08,-1.656645403513794e-08,-8.758053992152387e-12
79200.0,1.206,0.3443389991871311,0.3443389991871311,0.07748129534359204,0.2431137795281576,4,6.842403726947666e-10,2.8421709430404007e-12,-2.467078189301471e-09,-1.2194682665332994e-10,1.958560141953765e-12
79260.0,1.206,0.3439894279616546,0.3439894279616546,0.07737883443719326,0.24289537545456963,4,6.299392396602599e-10,3.069544618483633e-12,0.0,4.5395092274865586e-10,1.1684582462145525e-11
79320.0,1.206,0.34364067940378207,0.34364067940378207,0.07728462801344754,0.2426777504159725,4,5.886429121915171e-10,3.069544618483633e-12,0.0,4.6523122060635825e-10,1.8699286898266562e-11
79380.0,1.206,0.3432927509304157,0.3432927509304157,0.0771963274539066,0.2424608490014647,4,5.592782348351477e-10,2.9558577807620168e-12,0.0,4.7279767736011e-10,2.3580548854082094e-11
79440.0,1.206,0.3429456399675957,0.3429456399675957,0.07711222388305046,0.2422446318248459,4,5.380579454206114e-10,3.581135388230905e-12,0.0,4.777947009154823e-10,2.6985350207687157e-11
79500.0,1.206,0.3425993439504696,0.3425993439504696,0.07703116235219,0.24202907066025942,4,5.222372256863395e-10,2.8421709430404007e-12,0.0,4.810846109045433e-10,2.9409390845014396e-11
79560.0,1.2060000000000002,0.342253860323263,0.342253860323263,0.07695237947532708,0.24181414472218862,4,5.099851929646348e-10,3.0127011996228248e-12,0.0,4.832503852731995e-10,3.1187865175743284e-11
79620.0,1.206,0.34190918653925095,0.34190918653925095,0.07687537022609989,0.24159983813803315,4,5.001208475130525e-10,3.240074875066057e-12,0.0,4.846697788523117e-10,3.253793707146992e-11
79680.0,1.2060000000000002,0.3415653200607267,0.3415653200607267,0.07679979543690695,0.24138613830654718,4,4.918907364759306e-10,3.296918293926865e-12,0.0,4.855840364830275e-10,3.3598072538948434e-11
79740.0,1.206,0.34122225835897346,0.34122225835897346,0.07672542160898106,0.24117303484927358,4,4.848131202050965e-10,2.5011104298755527e-12,0.0,4.86146430718552e-10,3.445648111432885e-11
79800.0,1.206,0.34087999891423487,0.34087999891423487,0.07665208289932395,0.2409605189414677,4,4.785760121528426e-10,3.865352482534945e-12,0.0,4.864560844799245e-10,3.5169906764666054e-11
79860.0,1.206,0.3405385392156842,0.3405385392156842,0.07657965741120709,0.2407485828809596,4,4.729731606367693e-10,2.7284841053187847e-12,0.0,4.865780307494673e-10,3.577552000110879e-11
79920.0,1.206,0.3401978767613955,0.3401978767613955,0.07650805242725052,0.24053721980520304,4,4.678647191891372e-10,3.410605131648481e-12,0.0,4.865558212389644e-10,3.629828004188404e-11
79980.0,1.206,0.3398580090583127,0.3398580090583127,0.07643719514752487,0.2403264235008769,4,4.6315276613917433e-10,3.069544618483633e-12,0.0,4.864196685311361e-10,3.6755447022541447e-11
80040.0,1.206,0.33951893362222096,0.33951893362222096,0.07636702679760164,0.24011618827190973,4,4.5876649701348526e-10,3.979039320256561e-12,0.0,4.861912747925493e-10,3.7159342755366187e-11
80100.0,1.206,0.3391806479777148,0.3391806479777148,0.07629749880338936,0.2399065088450263,4,4.546531900961881e-10,3.979039320256561e-12,0.0,4.858865830552139e-10,3.7519048447395016e-11
80160.0,1.206,0.3388431496581685,0.3388431496581685,0.07622857024402695,0.23969738029995333,4,4.507723361246718e-10,2.8421709430404007e-12,0.0,4.855177139641937e-10,3.784146035091466e-11
80220.0,1.206,0.33850643620570536,0.33850643620570536,0.0761602061062906,0.23948879801627856,4,4.470921133314931e-10,2.9558577807620168e-12,0.0,4.850942743384778e-10,3.8131957178936706e-11
80280.0,1.206,0.3381705051711661,0.3381705051711661,0.07609237605146078,0.23928075763189616,4,4.435867922980563e-10,2.2737367544323206e-12,0.0,4.846238317550699e-10,3.8394831231488006e-11
80340.0,1.206,0.3378353541140781,0.3378353541140781,0.076025053517719,0.23907325500976212,4,4.402354175647716e-10,2.8421709430404007e-12,0.0,4.841124729961172e-10,3.863357406463885e-11
80400.0,1.206,0.3375009806026238,0.3375009806026238,0.0759582150482417,0.23886628621078643,4,4.370205308745767e-10,2.7853275241795927e-12,0.0,4.835654449580835e-10,3.885107113500816e-11
80460.0,1.206,0.3371673822136081,0.3371673822136081,0.07589183977551552,0.23865984747137753,4,4.339273940168198e-10,2.6716406864579767e-12,0.0,4.82986976269999e-10,3.904973828166614e-11
80520.0,1.206,0.3368345565324277,0.3368345565324277,0.07582590901692456,0.2384539351845997,4,4.3094343371574695e-10,3.126388037344441e-12,0.0,4.823808176428819e-10,3.923162015549533e-11
80580.0,1.206,0.33650250115303637,0.33650250115303637,0.07576040595177493,0.2382485458841888,4,4.2805814448598767e-10,3.183231456205249e-12,0.0,4.817499249388092e-10,3.939846306383548e-11
80640.0,1.2060000000000002,0.3361712136779136,0.3361712136779136,0.07569531535940614,0.2380436762308712,4,4.25262061676257e-10,3.410605131648481e-12,0.0,4.810971579188877e-10,3.9551770160969925e-11
80700.0,1.206,0.3358406917180314,0.3358406917180314,0.0756306234041185,0.23783932300056138,4,4.2254727494750455e-10,2.9558577807620168e-12,0.0,4.804245929268395e-10,3.9692844080991226e-11
80760.0,1.206,0.33551093289282,0.33551093289282,0.07556631745665095,0.23763548307411175,4,4.199067205057361e-10,3.0127011996228248e-12,0.0,4.797345745024287e-10,3.9822820468480484e-11
80820.0,1.206,0.3351819348301358,0.3351819348301358,0.07550238594464413,0.23743215342835727,4,4.173341949798015e-10,3.865352482534945e-12,0.0,4.79028677401877e-10,3.994269470978852e-11
80880.0,1.206,0.33485369516622554,0.33485369516622554,0.07543881822639052,0.23722933112824843,4,4.1482423052130457e-10,2.9558577807620168e-12,0.0,4.783085438577449e-10,4.005334350898998e-11
80940.0,1.206,0.33452621154569523,0.33452621154569523,0.07537560448350311,0.2370270133199071,4,4.1237202541566376e-10,3.183231456205249e-12,0.0,4.775755322432171e-10,4.0155542489386797e-11
81000.0,1.206,0.3341994816214738,0.3341994816214738,0.0753127356291038,0.2368251972244696,4,4.099732220375074e-10,3.751665644813329e-12,0.0,4.768309143155837e-10,4.024998067353311e-11
81060.0,1.2059967407407406,0.3338735030547317,0.3338735030547317,0.0752600277424789,0.23662474841455447,4,2.976281582300899e-10,3.467448550509289e-12,-1.0394650205760702e-07,-2.2232155524937912e-08,3.7879774364215134e-11
81120.0,1.2059872592592593,0.33354827351463207,0.33354827351463207,0.07522321730634478,0.23642635856878935,4,2.1834159480427218e-10,5.4569682106375694e-12,-2.0419341563779466e-07,-4.411366353525054e-08,3.085417382338504e-11
81180.0,1.205972,0.3332237906785076,0.3332237906785076,0.07519697454649237,0.23622979788862178,4,1.6739100383578176e-10,2.8990143619012088e-12,-2.9703292181069117e-07,-6.437023334826828e-08,2.048175553426187e-11
81240.0,1.2059514074074074,0.332900052231915,0.332900052231915,0.07517732925881582,0.23603487353457053,4,1.363531093589998e-10,4.433786671143025e-12,-3.824650205760797e-07,-8.30084291257419e-08,8.148457399839618e-12
81300.0,1.2059259259259258,0.33257705586860276,0.33257705586860276,0.07516148790001409,0.2358414195076481,4,1.1900272434139936e-10,2.9558577807620168e-12,-4.6048971193406873e-07,-1.00029984217304e-07,-5.0796223439363205e-12
81360.0,1.2058960000000003,0.332254799290479,0.332254799290479,0.0751475136520068,0.23564928871888316,4,1.1108544639704121e-10,2.7853275241795927e-12,-5.311069958847123e-07,-1.1543423406749929e-07,-1.8461269284014824e-11
81420.0,1.2058620740740742,0.3319332802075818,0.3319332802075818,0.07513405305052445,0.2354583474095091,4,1.0979810116662492e-10,2.8990143619012088e-12,-5.94316872427848e-07,-1.2921945798985978e-07,-3.150422160876075e-11
81480.0,1.2058245925925928,0.3316124963380479,0.3316124963380479,0.07512013771163466,0.23526847140354107,4,1.133229066141439e-10,2.8990143619012088e-12,-6.501193415638009e-07,-1.4138358517846317e-07,-4.38886494741732e-11
81540.0,1.205784,0.33129244540808517,0.33129244540808517,0.07510505035894977,0.2350795436419827,4,1.2048455289015436e-10,3.467448550509289e-12,-6.985144032921374e-07,-1.5192456306518557e-07,-5.5408264134076257e-11
81600.0,1.2057407407407408,0.33097312515194427,0.33097312515194427,0.07508823763063376,0.23489145256738914,4,1.3051755509696505e-10,2.6716406864579767e-12,-7.395020576130744e-07,-1.608405558233991e-07,-6.592942761107317e-11
81660.0,1.2056952592592591,0.33065453331189143,0.33065453331189143,0.0750692544755867,0.23470409105652726,4,1.4291559602419568e-10,3.808509063674137e-12,-7.730823045266118e-07,-1.6813006611824467e-07,-7.536424709242721e-11
81720.0,1.205648,0.33033666763818553,0.33033666763818553,0.0750477290014088,0.23451735570103632,4,1.573365882023836e-10,2.5579538487363607e-12,-7.992551440328582e-07,-1.7379202179262092e-07,-8.365342834033737e-11
81780.0,1.2055994074074075,0.33001952588905337,0.33001952588905337,0.07502334022622424,0.23433114630804217,4,1.7354440107197888e-10,5.4001247917767614e-12,-8.180205761315965e-07,-1.7782585144571984e-07,-9.075555775471695e-11
81840.0,1.205549925925926,0.3297031058306677,0.3297031058306677,0.07499580384804153,0.2341453655404859,4,1.9137207096786568e-10,5.172751116333529e-12,-8.293786008229353e-07,-1.8023154974749342e-07,-9.664047039958367e-11
81900.0,1.2055,0.32938740523712845,0.32938740523712845,0.07496486296032927,0.23395991864747312,4,2.10699874214626e-10,3.069544618483633e-12,-8.333292181069829e-07,-1.8100974593108967e-07,-1.0128515446489872e-10
81960.0,1.2054500740740741,0.32907242189044233,0.32907242189044233,0.07493028182060454,0.23377471325399152,4,2.3144126892749028e-10,3.467448550509289e-12,-8.298724279835225e-07,-1.801617643021521e-07,-1.0467120633419611e-10
82020.0,1.2054005925925928,0.32875815358050803,0.32875815358050803,0.07489184151905148,0.233589659191018,4,2.5353427690610886e-10,3.694822225952521e-12,-8.19008230452771e-07,-1.7768968628380694e-07,-1.067832254116693e-10
82080.0,1.2053520000000002,0.3284445981051001,0.3284445981051001,0.07484933684883832,0.23340466835413054,4,2.7693544679685544e-10,3.637978807091713e-12,-8.007366255142946e-07,-1.735964102066301e-07,-1.0760777716145139e-10
82140.0,1.205304740740741,0.3281317532698555,0.3281317532698555,0.07480257395470356,0.23321965458303207,4,3.016164401570265e-10,3.0127011996228248e-12,-7.750576131686356e-07,-1.6788570740282986e-07,-1.0713270105663705e-10
82200.0,1.2052592592592593,0.32781961688826283,0.32781961688826283,0.07475136850094369,0.23303453355700476,4,3.275610754860381e-10,3.0127011996228248e-12,-7.419711934155771e-07,-1.6056227791180053e-07,-1.0534663015218049e-10
82260.0,1.205216,0.32750818678165217,0.32750818678165217,0.07469554419799923,0.23284922270291733,4,3.547636490131012e-10,3.240074875066057e-12,-7.014773662550105e-07,-1.5163180437898893e-07,-1.022386427509802e-10
82320.0,1.2051754074074075,0.3271974607791865,0.3271974607791865,0.07463493158533774,0.23266364111340979,4,3.832274775295019e-10,2.6716406864579767e-12,-6.535761316871528e-07,-1.4110100531144761e-07,-9.779799845139919e-11
82380.0,1.205137925925926,0.3268874367178548,0.3268874367178548,0.0745693670034981,0.23247770947352775,4,4.1296389918787924e-10,2.9558577807620168e-12,-5.982674897118956e-07,-1.2897768629159163e-07,-9.201392959556731e-11
82440.0,1.2051040000000002,0.32657811244246765,0.32657811244246765,0.07449869170959501,0.23229134999450476,4,4.439913298126541e-10,3.240074875066057e-12,-5.355514403291304e-07,-1.1527079215835314e-07,-8.487547009435908e-11
82500.0,1.2050740740740742,0.32626948580565135,0.32626948580565135,0.07442275110394628,0.23210448635368874,4,4.763349714664855e-10,2.5011104298755527e-12,-4.65427983539074e-07,-9.999045791041928e-08,-7.637131017031572e-11
82560.0,1.2050485925925927,0.325961554667847,0.325961554667847,0.07434139404402416,0.2319170436398171,4,5.100260630497289e-10,3.410605131648481e-12,-3.8789711934150966e-07,-8.314806080917857e-08,-6.648966935085163e-11
82620.0,1.205028,0.3256543168973068,0.3256543168973068,0.07425447222759252,0.23172894830300483,4,5.451016443780432e-10,3.467448550509289e-12,-3.029588477366e-07,-6.475627116190196e-08,-5.5218182493403505e-11
82680.0,1.2050127407407407,0.32534777037009416,0.32534777037009416,0.07416183963074272,0.23154012810892843,4,5.816043063822107e-10,3.353761712787673e-12,-2.106131687242365e-07,-4.482910684611254e-08,-4.254379501203071e-11
82740.0,1.2050032592592594,0.32504191297008383,0.32504191297008383,0.07406335198926536,0.23135051209678406,4,6.19581955185744e-10,3.183231456205249e-12,-1.1086008230452773e-07,-2.3381985117142793e-08,-2.845266446470043e-11
82800.0,1.205,0.32473674258896124,0.32473674258896124,0.07395886631374997,0.23116003054067483,4,6.590876039380689e-10,3.410605131648481e-12,-3.6995884773651654e-09,-4.3177914042811583e-10,-1.2930066258218284e-11
82860.0,1.205,0.3244322571261341,0.3244322571261341,0.07385864272308229,0.2309694999608885,4,5.811855302573221e-10,2.5011104298755527e-12,0.0,3.80159215796627e-10,1.4478973525621096e-12
82920.0,1.205,0.3241284544885679,0.3241284544885679,0.07377049887536188,0.23077971432379868,4,5.216912318806166e-10,3.0127011996228248e-12,0.0,3.976277364959929e-10,1.1924076030603094e-11
82980.0,1.205,0.3238253325909869,0.3238253325909869,0.07369096493082039,0.23059059250889086,4,4.80123163448809e-10,2.7853275241795927e-12,0.0,4.0948203490232546e-10,1.9178385194713428e-11
83040.0,1.205,0.32352288935591544,0.32352288935591544,0.07361740946121573,0.23040207761444217,4,4.5118828118084764e-10,3.183231456205249e-12,0.0,4.1731109117360693e-10,2.4121217004996728e-11
83100.0,1.205,0.32322112271367937,0.32322112271367937,0.07354800426060712,0.2302141301989813,4,4.3075858158214686e-10,3.069544618483633e-12,0.0,4.2241119878604376e-10,2.7496724826623718e-11
83160.0,1.2050000000000003,0.3229200306024095,0.3229200306024095,0.07348152742563219,0.23002672269086977,4,4.1593482824620054e-10,3.126388037344441e-12,0.0,4.2570922842107874e-10,2.98371982119452e-11
83220.0,1.205,0.3226196109680416,0.3226196109680416,0.07341717625133355,0.22983983537375274,4,4.0478193019666264e-10,5.002220859751105e-12,0.0,4.2782868652504146e-10,3.150120140160762e-11
83280.0,1.2050000000000003,0.32231986176431754,0.32231986176431754,0.07335442541909876,0.22965345367692602,4,3.9604390600356254e-10,3.240074875066057e-12,0.0,4.2917757508739826e-10,3.2722559930218316e-11
83340.0,1.205,0.3220207809527856,0.3220207809527856,0.07329292873716287,0.22946756640595403,4,3.889183558536402e-10,2.9558577807620168e-12,0.0,4.300155542909088e-10,3.365102259711528e-11
83400.0,1.205,0.3217223665027993,0.3217223665027993,0.07323245422033202,0.2292821646081563,4,3.828953681894731e-10,3.467448550509289e-12,0.0,4.305089925245683e-10,3.438169604567607e-11
83460.0,1.205,0.3214246163915156,0.3214246163915156,0.07317284241202171,0.2290972408511713,4,3.7765023053193403e-10,3.808509063674137e-12,0.0,4.307628007447367e-10,3.497497373077393e-11
83520.0,1.2050000000000003,0.32112752860389226,0.32112752860389226,0.07311398010515177,0.2289127887641786,4,3.729736797186689e-10,2.9558577807620168e-12,0.0,4.3084484199109175e-10,3.546950447821597e-11
83580.0,1.205,0.3208311011326827,0.3208311011326827,0.07305578394468484,0.22872880274379254,4,3.687288668841049e-10,2.9558577807620168e-12,0.0,4.3079825523489694e-10,3.589041501448544e-11
83640.0,1.205,0.3205353319784309,0.3205353319784309,0.07299819023670924,0.22854527776245287,4,3.648234492281688e-10,3.751665644813329e-12,0.0,4.3065317637698e-10,3.62544316692379e-11
83700.0,1.205,0.3202402191494639,0.3202402191494639,0.07294114859948672,0.2283622092405559,4,3.61193130959947e-10,4.831690603168681e-12,0.0,4.3042926710525455e-10,3.657303322921681e-11
83760.0,1.205,0.3199457606618821,0.3199457606618821,0.07288461797119454,0.22817959295845436,4,3.577917268016151e-10,2.5579538487363607e-12,0.0,4.3014105829534174e-10,3.685437887631402e-11
83820.0,1.205,0.31965195453954887,0.31965195453954887,0.07282856405743889,0.22799742499371722,4,3.5458454228365355e-10,3.467448550509289e-12,0.0,4.297990885770113e-10,3.7104485202609856e-11
83880.0,1.2050000000000003,0.3193587988140779,0.3193587988140779,0.07277295765948778,0.2278157016747222,4,3.5154473776444206e-10,4.831690603168681e-12,0.0,4.2941162080409757e-10,3.7327947644050734e-11
83940.0,1.205,0.3190662915248169,0.3190662915248169,0.07271777354517796,0.22763441954510594,4,3.486509414507566e-10,3.467448550509289e-12,0.0,4.2898463736871313e-10,3.7528387267544956e-11
84000.0,1.205,0.31877443071883194,0.31877443071883194,0.0726629896589387,0.2274535753356743,4,3.458856950855349e-10,5.286437954055145e-12,0.0,4.285238636748685e-10,3.770873231939727e-11
84060.0,1.205,0.31848321445088607,0.31848321445088607,0.0726085865483056,0.22727316594163013,4,3.4323453801388126e-10,3.183231456205249e-12,0.0,4.280333310945609e-10,3.787140009197465e-11
84120.0,1.205,0.3181926407834197,0.3181926407834197,0.07255454693262556,0.2270931884037323,4,3.4068520227137356e-10,2.6147972675971687e-12,0.0,4.275167058320257e-10,3.8018418132069666e-11
84180.0,1.205,0.3179027077865236,0.3179027077865236,0.07250085536839224,0.22691363989245894,4,3.3822718237264127e-10,3.183231456205249e-12,0.0,4.269769722282815e-10,3.815150797148371e-11
84240.0,1.205,0.31761341353791317,0.31761341353791317,0.07244749798271789,0.2267345176945345,4,3.358516104112752e-10,2.9558577807620168e-12,0.0,4.264167906732082e-10,3.827214515314841e-11
84300.0,1.205,0.31732475612289945,0.31732475612289945,0.07239446225665393,0.22655581920136036,4,3.3355061768158834e-10,3.410605131648481e-12,0.0,4.258384972396286e-10,3.8381603836469594e-11
84360.0,1.205,0.31703673363435597,0.31703673363435597,0.07234173684621828,0.22637754189900516,4,3.3131741794534264e-10,3.353761712787673e-12,0.0,4.2524410974298214e-10,3.848099098576739e-11
84420.0,1.2049999999999998,0.31674934417268386,0.31674934417268386,0.07228931143276776,0.22619968335949342,4,3.2914604375378076e-10,2.7853275241795927e-12,0.0,4.2463519250404464e-10,3.8571273261795536e-11
84480.0,1.205,0.3164625858457752,0.3164625858457752,0.0722371765967403,0.2260222412331836,4,3.27031346447626e-10,3.126388037344441e-12,0.0,4.240134664244084e-10,3.865329861537729e-11
84540.0,1.205,0.3161764567689725,0.3161764567689725,0.07218532371032867,0.22584521324206952,4,3.249686492123871e-10,2.8421709430404007e-12,0.0,4.233800403735395e-10,3.872781388522628e-11
84600.0,1.205,0.31589095506502596,0.31589095506502596,0.07213374484570959,0.2256685971738697,4,3.229538858562364e-10,2.6147972675971687e-12,0.0,4.2273623086764266e-10,3.879547931996245e-11
84660.0,1.204996740740741,0.3156060788640116,0.3156060788640116,0.07209256299600039,0.22549321769723835,4,2.1220528112486647e-10,3.410605131648481e-12,-1.0394650205760702e-07,-2.0980571040792498e-08,3.6350042596943e-11
84720.0,1.2049872592592594,0.31532182630310585,0.31532182630310585,0.07206771567459082,0.22531972655935703,4,1.3446271873718274e-10,3.183231456205249e-12,-2.0419341563790306e-07,-4.1613084571999844e-08,2.912832310117854e-11
84780.0,1.204972,0.31503819552670664,0.31503819552670664,0.07205366590414983,0.2251478970870957,4,8.550542218710433e-11,3.240074875066057e-12,-2.970329218107454e-07,-6.072391609952981e-08,1.8376006845046603e-11
84840.0,1.2049514074074075,0.3147551846864523,0.3147551846864523,0.07204620905559624,0.22497754135965267,4,5.70227615126484e-11,3.524291969370097e-12,-3.8246502057618807e-07,-7.831866776848315e-08,5.482596626993071e-12
84900.0,1.2049259259259262,0.3144727919411695,0.3144727919411695,0.07204235165525885,0.22480850003771996,3,9.770273062814638e-10,3.524291969370097e-12,-4.6048971193417705e-07,-9.439754249462667e-08,-8.432378862343756e-12
84960.0,1.2048960000000002,0.3141910154568176,0.3141910154568176,0.072040019719823,0.22464063401632536,3,8.641690002475499e-10,4.547473508864641e-12,-5.311069958848207e-07,-1.089580636259592e-07,-2.2561406015504332e-11
85020.0,1.2048620740740743,0.3139098534064317,0.3139098534064317,0.072037784814546,0.22447381833605035,3,9.068038542281442e-10,3.183231456205249e-12,-5.943168724280648e-07,-1.219966781255437e-07,-3.63535260423254e-11
85080.0,1.204824592592593,0.3136293039700652,0.3136293039700652,0.07203465416161024,0.22430793797811177,4,4.5606921017515845e-11,2.5011104298755527e-12,-6.501193415638009e-07,-1.335095988076933e-07,-4.944637142833064e-11
85140.0,1.204784,0.3133493653347307,0.3133493653347307,0.07202992059177139,0.22414288506231356,4,5.50642864638462e-11,3.069544618483633e-12,-6.985144032922459e-07,-1.434932564908722e-07,-6.160678501426122e-11
85200.0,1.204740740740741,0.3130700356943389,0.3130700356943389,0.0720230618314098,0.22397855700736496,4,6.698178123265563e-11,2.7284841053187847e-12,-7.395020576132913e-07,-1.5194448223644626e-07,-7.268700740821588e-11
85260.0,1.2046952592592592,0.31279131324964016,0.31279131324964016,0.0720136738995737,0.22381485534406206,4,8.084845293243603e-11,3.183231456205249e-12,-7.730823045268288e-07,-1.588606215714538e-07,-8.259325652636738e-11
85320.0,1.2046480000000002,0.3125131962081626,0.3125131962081626,0.07200142967074814,0.2236516849407662,4,9.633903397254784e-11,2.6716406864579767e-12,-7.992551440329666e-07,-1.6423958956943525e-07,-9.126580377984745e-11
85380.0,1.2045994074074076,0.31223568278415187,0.31223568278415187,0.07198605251791619,0.22348895349085451,4,1.1324388649036621e-10,3.808509063674137e-12,-8.180205761318133e-07,-1.6807991568663986e-07,-9.866583849636278e-11
85440.0,1.2045499259259258,0.31195877119851,0.31195877119851,0.07196729989966036,0.2233265711646391,4,1.3142623100925732e-10,3.126388037344441e-12,-8.293786008231521e-07,-1.7038078530096537e-07,-1.0476722493565257e-10
85500.0,1.2045,0.31168245967873665,0.31168245967873665,0.07194495312926986,0.2231644503636118,4,1.507953623081093e-10,2.8421709430404007e-12,-8.333292181071997e-07,-1.7114208337804967e-07,-1.0955142104975301e-10
85560.0,1.204450074074074,0.3114067464588687,0.3114067464588687,0.07191881092487243,0.22300250553865053,4,1.7129077323208008e-10,2.8421709430404007e-12,-8.298724279837393e-07,-1.7036444274888604e-07,-1.130043842157996e-10
85620.0,1.2044005925925927,0.31113162977942255,0.31113162977942255,0.07188868524684788,0.22284065304884235,4,1.9287287045255397e-10,2.9558577807620168e-12,-8.19008230452771e-07,-1.680492913807126e-07,-1.1511469728605006e-10
85680.0,1.204352,0.31085710788733634,0.31085710788733634,0.07185439851243004,0.22267881104683696,4,2.1551678497377935e-10,3.069544618483633e-12,-8.007366255145115e-07,-1.6419890325668232e-07,-1.1587243003891658e-10
85740.0,1.2043047407407408,0.31058317903591465,0.31058317903591465,0.07181578164222248,0.2225168993822446,4,2.392089859526436e-10,2.9558577807620168e-12,-7.750576131687441e-07,-1.588164472572923e-07,-1.1526843711624349e-10
85800.0,1.2042592592592594,0.31030984148477286,0.31030984148477286,0.07177267261595492,0.2223548395179285,4,2.639448937191702e-10,3.0127011996228248e-12,-7.419711934156855e-07,-1.5190603683664373e-07,-1.1329391213795084e-10
85860.0,1.204216,0.3100370934997858,0.3100370934997858,0.07172491534783108,0.22219255445600455,4,2.897274781199499e-10,3.240074875066057e-12,-7.014773662552274e-07,-1.43472779331948e-07,-1.0994009122820431e-10
85920.0,1.2041754074074074,0.30976493335303584,0.30976493335303584,0.07167235876993479,0.22202996867151417,4,3.1656621768405557e-10,2.7284841053187847e-12,-6.535761316873697e-07,-1.335228236375532e-07,-1.0519804365545957e-10
85980.0,1.204137925925926,0.3094933593227638,0.3094933593227638,0.07161485605735511,0.22186700805241236,4,3.4447643348922696e-10,3.069544618483633e-12,-5.98267489712004e-07,-1.220634092286919e-07,-9.90585136244623e-11
86040.0,1.204104,0.3092223696933219,0.3092223696933219,0.07155226395456382,0.2217035998449186,4,3.734786091502684e-10,3.296918293926865e-12,-5.355514403292388e-07,-1.0910291378750455e-07,-9.151179258612739e-11
86100.0,1.204074074074074,0.3089519627551285,0.3089519627551285,0.07148444217731473,0.22153967260352528,4,4.035981687744439e-10,3.240074875066057e-12,-4.65427983539074e-07,-9.465090183991851e-08,-8.25476101369689e-11
86160.0,1.2040485925925926,0.3086821368046253,0.3086821368046253,0.07141125287275665,0.22137515614512093,4,4.3486503287226697e-10,2.5579538487363607e-12,-3.8789711934161813e-07,-7.871817308758866e-08,-7.215503650606656e-11
86220.0,1.2040279999999999,0.30841289014423684,0.30841289014423684,0.07133256012532933,0.22120998150679305,4,4.673133963128961e-10,3.240074875066057e-12,-3.029588477366542e-07,-6.131681214286666e-08,-6.032239235120852e-11
86280.0,1.2040127407407408,0.3081442210823307,0.3081442210823307,0.07124822949891757,0.2210440809069559,4,5.009815062795298e-10,2.7284841053187847e-12,-2.1061316872429073e-07,-4.246023834103832e-08,-4.703716310968257e-11
86340.0,1.204003259259259,0.3078761279331818,0.3078761279331818,0.0711581276075511,0.2208773877095107,4,5.359116761471938e-10,2.9558577807620168e-12,-1.1086008230452773e-07,-2.21632576004968e-08,-3.228591595713131e-11
86400.0,1.204,0.3076086090169369,0.3076086090169369,0.07106212170812116,0.22070983639079408,4,5.721499801714103e-10,3.467448550509289e-12,-3.699588477366859e-09,-4.4211501000728914e-10,-1.6054217903148786e-11
86460.0,1.204,0.3073416626595087,0.3073416626595087,0.07097074915380783,0.220542206524258,4,4.942327519463774e-10,3.524291969370097e-12,0.0,3.2889521259692395e-10,-9.887604264131272e-13
86520.0,1.2040000000000002,0.3070752871924114,0.3070752871924114,0.07089204557925241,0.220375249102569,4,4.3440627484070404e-10,3.410605131648481e-12,0.0,3.475533320020189e-10,1.0090201077092116e-11
86580.0,1.204,0.30680948095289495,0.30680948095289495,0.07082242925418036,0.22020887867782848,4,3.9255447503716567e-10,2.7853275241795927e-12,0.0,3.6035120248056646e-10,1.7809846130184725e-11
86640.0,1.204,0.3065442422839509,0.3065442422839509,0.07075911862120798,0.22004303511717502,4,3.6366765154838276e-10,3.240074875066057e-12,0.0,3.6884140482158344e-10,2.3058148717179304e-11
86700.0,1.2040000000000002,0.30627956953428753,0.30627956953428753,0.07070013658202579,0.21987767697852736,4,3.4366551271425294e-10,3.0127011996228248e-12,0.0,3.7435111288646643e-10,2.6595758700527407e-11
86760.0,1.2040000000000002,0.30601546105830846,0.30601546105830846,0.07064413960405566,0.219712775781778,4,3.295742845299543e-10,2.8421709430404007e-12,0.0,3.778669341977152e-10,2.8988898281070277e-11
86820.0,1.2040000000000002,0.30575191521609063,0.30575191521609063,0.0705902382523281,0.21954831173152628,4,3.193487557728858e-10,3.069544618483633e-12,0.0,3.80075704112934e-10,3.063177157294613e-11
86880.0,1.2040000000000002,0.30548893037336516,0.30548893037336516,0.0705378523804873,0.21938427073507194,4,3.116322616625311e-10,3.353761712787673e-12,0.0,3.814368252540645e-10,3.1788044205446935e-11
86940.0,1.2039999999999997,0.30522650490150044,0.30522650490150044,0.07048660575610535,0.21922064240607045,4,3.055470459978338e-10,2.8990143619012088e-12,0.0,3.822488389844495e-10,3.262938454619028e-11
87000.0,1.204,0.304964637177484,0.304964637177484,0.07043625360720525,0.21905741876372473,4,3.005342086304097e-10,3.296918293926865e-12,0.0,3.8270338318973013e-10,3.32654766846187e-11
87060.0,1.204,0.3047033255839074,0.3047033255839074,0.07038663461546803,0.21889459340095885,4,2.962421558061479e-10,3.353761712787673e-12,0.0,3.82920706788761e-10,3.376552447499239e-11
87120.0,1.2040000000000002,0.3044425685089515,0.3044425685089515,0.07033763994793578,0.2187321609590467,4,2.924502862100553e-10,3.0127011996228248e-12,0.0,3.829765621504651e-10,3.41729055270217e-11
87180.0,1.204,0.30418236434637264,0.30418236434637264,0.07028919368435295,0.21857011679786126,4,2.8901986359741727e-10,2.6716406864579767e-12,0.0,3.8291811358892266e-10,3.451481592904104e-11
87240.0,1.204,0.3039227114954891,0.3039227114954891,0.07024124064063256,0.2184084567887611,4,2.85862486459898e-10,3.694822225952521e-12,0.0,3.827759065741905e-10,3.480845256790211e-11
87300.0,1.204,0.3036636083611689,0.3036636083611689,0.07019373888088902,0.2182471771833131,4,2.829205064669438e-10,3.637978807091713e-12,0.0,3.8256914487800665e-10,3.506489249317298e-11
87360.0,1.204,0.3034050533538168,0.3034050533538168,0.07014665514472435,0.2180862745284714,4,2.801550796904806e-10,2.9558577807620168e-12,0.0,3.8231053221242253e-10,3.529148437948352e-11
87420.0,1.204,0.3031470448893636,0.3031470448893636,0.07009996205807371,0.2179257456100944,4,2.775388252551636e-10,3.069544618483633e-12,0.0,3.820092754308575e-10,3.549330100606014e-11
87480.0,1.2040000000000002,0.3028895813892526,0.3028895813892526,0.07005363642078741,0.2177655874137892,4,2.750515232241568e-10,3.865352482534945e-12,0.0,3.816718936495452e-10,3.567401094522716e-11
87540.0,1.2040000000000002,0.30263266128042915,0.30263266128042915,0.07000765813769845,0.21760579709647104,4,2.7267751945281304e-10,2.8421709430404007e-12,0.0,3.813031381846068e-10,3.583639729642163e-11
87600.0,1.204,0.3023762829953268,0.3023762829953268,0.06996200953198337,0.2174463719646987,4,2.704042406653784e-10,3.069544618483633e-12,0.0,3.809069700212958e-10,3.598266530722842e-11
87660.0,1.204,0.3021204449718564,0.3021204449718564,0.06991667488569582,0.21728730945744823,4,2.682211258653311e-10,3.922195901395753e-12,0.0,3.8048661578424096e-10,3.611462548490653e-11
87720.0,1.204,0.30186514565339223,0.30186514565339223,0.06987164011650568,0.2171286071319285,4,2.6611940429077663e-10,2.7853275241795927e-12,0.0,3.800449441080663e-10,3.6233804120113384e-11
87780.0,1.204,0.30161038348875874,0.30161038348875874,0.06982689253785006,0.21697026265159677,4,2.640913043805426e-10,2.7853275241795927e-12,0.0,3.795841649542473e-10,3.6341511876803953e-11
87840.0,1.2040000000000002,0.3013561569322163,0.3013561569322163,0.06978242067202202,0.21681227377584716,4,2.6213006765196667e-10,5.115907697472721e-12,0.0,3.79106462824143e-10,3.643888819812822e-11
87900.0,1.2040000000000002,0.30110246444344624,0.30110246444344624,0.06973821409857846,0.2166546383510318,4,2.6022982380080606e-10,2.8990143619012088e-12,0.0,3.7861339731208533e-10,3.652693169725204e-11
87960.0,1.204,0.300849304487534,0.300849304487534,0.06969426332775289,0.21649735430257994,4,2.5838535477884506e-10,2.3874235921539366e-12,0.0,3.7810658179222216e-10,3.6606522272927454e-11
88020.0,1.204,0.30059667553495306,0.30059667553495306,0.06965055969266178,0.21634041962804362,4,2.5659201152716804e-10,4.035882739117369e-12,0.0,3.775877876238985e-10,3.6678438131801007e-11
88080.0,1.2040000000000002,0.300344576061546,0.300344576061546,0.06960709525637236,0.21618383239093794,4,2.548456862205839e-10,3.808509063674137e-12,0.0,3.770576925418923e-10,3.674336951577709e-11
88140.0,1.204,0.30009300454850607,0.30009300454850607,0.06956386273118674,0.2160275907152693,4,2.531427290008992e-10,3.126388037344441e-12,0.0,3.765176636421339e-10,3.6801930129974716e-11
88200.0,1.204,0.2998419594823553,0.2998419594823553,0.06952085540821717,0.21587169278066276,4,2.514798230768278e-10,2.9558577807620168e-12,0.0,3.759688303668255e-10,3.685466684229369e-11
88260.0,1.2039967407407406,0.2995914393548939,0.2995914393548939,0.0694884004001655,0.21571692632399647,4,1.4655257563056523e-10,3.183231456205249e-12,-1.0394650205760702e-07,-1.996085854396447e-08,3.430458445436461e-11
88320.0,1.2039872592592593,0.299341442663031,0.299341442663031,0.06947253084454483,0.2155639078726167,4,7.33410832065573e-11,5.059064278611913e-12,-2.0419341563784887e-07,-3.957288629826287e-08,2.6864679867471822e-11
88380.0,1.203972,0.2990919679088963,0.2990919679088963,0.06946756320492224,0.21541241457327362,3,6.445575601032871e-10,3.183231456205249e-12,-2.9703292181063696e-07,-5.7747063286720267e-08,1.5782953333545552e-11
88440.0,1.2039514074074076,0.2988430135998765,0.2988430135998765,0.06946914360943499,0.2152622635007314,3,1.910840374819145e-10,5.4569682106375694e-12,-3.824650205760797e-07,-7.448820222716414e-08,2.4519490281520413e-12
88500.0,1.203925925925926,0.2985945782485868,0.2985945782485868,0.06947414784064443,0.2151133014347419,3,3.551648419808373e-10,3.240074875066057e-12,-4.6048971193406873e-07,-8.979535082501924e-08,-1.198042478972358e-11
88560.0,1.2038960000000003,0.2983466603728438,0.2983466603728438,0.06948040784912193,0.21496539627722522,3,3.865515962875321e-10,2.5579538487363607e-12,-5.311069958847123e-07,-1.0366467365718875e-07,-2.6666563643275082e-11
88620.0,1.2038620740740742,0.29809925849563607,0.29809925849563607,0.06948644231379779,0.2148184306399338,3,3.2826853735290484e-10,3.183231456205249e-12,-5.943168724279564e-07,-1.1609121437397536e-07,-4.10171417241455e-11
88680.0,1.2038245925925928,0.2978523711450937,0.2978523711450937,0.06949124043846004,0.21467229733319626,3,2.0896824548533033e-10,2.6716406864579767e-12,-6.501193415636925e-07,-1.2706986480927134e-07,-5.463886859985853e-11
88740.0,1.203784,0.29760599685445766,0.29760599685445766,0.06949410328287574,0.21452689631387023,3,2.2666039878327382e-10,3.069544618483633e-12,-6.985144032921374e-07,-1.365958592070428e-07,-6.727729507474884e-11
88800.0,1.2037407407407408,0.29736013416204726,0.29736013416204726,0.06949453362527122,0.21438213267663098,3,5.403823361005422e-10,3.240074875066057e-12,-7.395020576130744e-07,-1.4466499580124048e-07,-7.877180056376028e-11
88860.0,1.2036952592592591,0.2971147816112276,0.2971147816112276,0.06949216248358182,0.21423791535679407,3,8.934352285772107e-10,3.694822225952521e-12,-7.730823045267203e-07,-1.5127373070233424e-07,-8.902291197435326e-11
88920.0,1.203648,0.2968699377503763,0.2968699377503763,0.06948670117546801,0.21409415630298936,4,5.3024903912124444e-11,3.410605131648481e-12,-7.992551440328582e-07,-1.5641920142048704e-07,-9.796943102759321e-11
88980.0,1.2035994074074075,0.29662560113284997,0.29662560113284997,0.06947791256269087,0.21395076994754508,4,6.9697081439557e-11,5.4001247917767614e-12,-8.180205761315965e-07,-1.6009928294706426e-07,-1.0557455952286746e-10
89040.0,1.203549925925926,0.2963817703169498,0.2963817703169498,0.06946559139501787,0.21380767286044172,4,8.733876122324347e-11,3.0127011996228248e-12,-8.293786008229353e-07,-1.6231255966640957e-07,-1.1181544216760496e-10
89100.0,1.2035,0.2961384438658874,0.2961384438658874,0.06944955319603804,0.213664783526205,4,1.058848425605774e-10,2.7853275241795927e-12,-8.33329218106766e-07,-1.6305837280870593e-07,-1.1667729155972533e-10
89160.0,1.2034500740740741,0.295895620347751,0.295895620347751,0.0694296276231514,0.21352202218655,4,1.2529782766890207e-10,3.183231456205249e-12,-8.298724279833055e-07,-1.6233684857035298e-07,-1.2014988050572223e-10
89220.0,1.2034005925925926,0.2956532983354718,0.2956532983354718,0.0694056543502574,0.21337931072486244,4,1.4555756600032055e-10,5.4569682106375694e-12,-8.190082304525543e-07,-1.6014893320429409e-07,-1.2222536240220437e-10
89280.0,1.2033520000000002,0.29541147640678916,0.29541147640678916,0.06937748054257133,0.2132365725760543,4,1.6665510638169678e-10,3.467448550509289e-12,-8.007366255142946e-07,-1.5649643369717607e-07,-1.228969930251212e-10
89340.0,1.203304740740741,0.2951701531442184,0.2951701531442184,0.06934495925161349,0.21309373265211262,4,1.8858928307885492e-10,2.6147972675971687e-12,-7.750576131686356e-07,-1.5138206042687547e-07,-1.221583884427419e-10
89400.0,1.2032592592592593,0.29492932713501707,0.29492932713501707,0.06930794833429695,0.21295071727778392,4,2.1136505046204235e-10,3.240074875066057e-12,-7.419711934155771e-07,-1.448094698258184e-07,-1.200030937698375e-10
89460.0,1.203216,0.2946889969711533,0.2946889969711533,0.0692663096683006,0.2128074541332396,4,2.349920397159977e-10,4.661160346586257e-12,-7.014773662551189e-07,-1.3678330964314155e-07,-1.1642432728283572e-10
89520.0,1.2031754074074075,0.29444916124927495,0.29444916124927495,0.06921990853579545,0.21266387220193536,4,2.5948396209507507e-10,2.6716406864579767e-12,-6.535761316871528e-07,-1.2730926205802214e-07,-1.1141482056276044e-10
89580.0,1.2031379259259258,0.2942098185706785,0.2942098185706785,0.06916861310528384,0.2125199017226336,4,2.848582619785489e-10,3.581135388230905e-12,-5.982674897117872e-07,-1.1639408915822693e-07,-1.0496670944316096e-10
89640.0,1.2031040000000002,0.29397096754127955,0.29397096754127955,0.06911229397365082,0.21237547414496774,4,3.111357005369797e-10,3.808509063674137e-12,-5.355514403291304e-07,-1.040456766901568e-07,-9.707145069471385e-11
89700.0,1.2030740740740744,0.2937326067715857,0.2937326067715857,0.06905082374807303,0.21223052208814525,4,3.3834028634327495e-10,2.6147972675971687e-12,-4.65427983539074e-07,-9.02730802658832e-08,-8.771975097984807e-11
89760.0,1.2030485925925927,0.2934947348766678,0.2934947348766678,0.0689840766566044,0.21208497930250098,4,3.664988867946306e-10,3.0127011996228248e-12,-3.8789711934156387e-07,-7.508657013620683e-08,-7.690150100535664e-11
89820.0,1.203028,0.2932573504761347,0.2932573504761347,0.06891192818085555,0.2119387806336754,4,3.956412697458944e-10,4.206412995699793e-12,-3.029588477366e-07,-5.849767685053457e-08,-6.46057112930396e-11
89880.0,1.203012740740741,0.2930204521941083,0.2930204521941083,0.06883425470635682,0.2117918619892299,4,4.257999924872635e-10,3.467448550509289e-12,-2.1061316872429073e-07,-4.051923957988711e-08,-5.082044769782543e-11
89940.0,1.2030032592592594,0.2927840386592002,0.2927840386592002,0.06875093318717371,0.21164416030753552,4,4.5701012418852827e-10,3.240074875066057e-12,-1.1086008230452773e-07,-2.1165454803299098e-08,-3.5532765677762835e-11
90000.0,1.203,0.292548108504489,0.292548108504489,0.06866184082174685,0.21149561352879315,4,4.893093707991625e-10,3.126388037344441e-12,-3.6995884773651654e-09,-4.519243432676444e-10,-1.872864268167378e-11
90060.0,1.203,0.29231266036743697,0.29231266036743697,0.06857768988829137,0.2113469675807827,4,4.146258753001675e-10,4.320099833421409e-12,0.0,2.854334716531588e-10,-3.165710891672388e-12
90120.0,1.203,0.2920776928897624,0.2920776928897624,0.0685066056204057,0.2111989352618504,4,3.5726649416645273e-10,3.183231456205249e-12,0.0,3.048940061519881e-10,8.305881342996582e-12
90180.0,1.203,0.29184320471755604,0.29184320471755604,0.06844491408126639,0.21105142827488377,4,3.171375662081033e-10,3.183231456205249e-12,0.0,3.183277790127191e-10,1.632623406409142e-11
90240.0,1.2030000000000003,0.2916091945012877,0.2916091945012877,0.06838973788730678,0.2109043844005177,4,2.895864381624591e-10,3.353761712787673e-12,0.0,3.272765926758044e-10,2.1775742204933414e-11
90300.0,1.2030000000000003,0.29137566089579275,0.29137566089579275,0.06833900499768512,0.21075776089614828,4,2.7075545971921855e-10,3.296918293926865e-12,0.0,3.330808227700651e-10,2.5422015196428597e-11
90360.0,1.2030000000000003,0.2911426025602569,0.2911426025602569,0.06829129068782204,0.21061152869805777,4,2.5777387169245713e-10,2.5579538487363607e-12,0.0,3.3676012055583156e-10,2.7849217281479087e-11
90420.0,1.203,0.2909100181582032,0.2909100181582032,0.0682456443699111,0.210465667999428,4,2.486277295155048e-10,3.751665644813329e-12,0.0,3.3903859240739815e-10,2.9472859171516396e-11
90480.0,1.2030000000000003,0.29067790635748064,0.29067790635748064,0.06820144495286229,0.2103201651020994,4,2.419582589840985e-10,3.751665644813329e-12,0.0,3.404107119511703e-10,3.057618428669773e-11
90540.0,1.203,0.2904462658302524,0.2904462658302524,0.06815829230431304,0.21017501026933438,4,2.368747281655814e-10,5.059064278611913e-12,0.0,3.4120209045462966e-10,3.1346431215079847e-11
90600.0,1.2030000000000003,0.290215095252987,0.290215095252987,0.06811593052974829,0.21003019630575837,4,2.3280630201405472e-10,2.3305801732931286e-12,0.0,3.4162366541185115e-10,3.1904428760710096e-11
90660.0,1.203,0.2899843933064482,0.2899843933064482,0.06807419588145613,0.20988571764052846,4,2.2939392052556684e-10,3.467448550509289e-12,0.0,3.4180837869811646e-10,3.2326632770903794e-11
90720.0,1.203,0.28975415867568705,0.28975415867568705,0.06803298245452499,0.20974156974683658,4,2.2641490071695358e-10,3.296918293926865e-12,0.0,3.418394786562694e-10,3.266065546332567e-11
90780.0,1.203,0.2895243900500346,0.2895243900500346,0.06799222015728507,0.2095977487800919,4,2.2373244923379332e-10,3.467448550509289e-12,0.0,3.4176790791113005e-10,3.2935793261052604e-11
90840.0,1.203,0.289295086123095,0.289295086123095,0.0679518608702675,0.20945425135500167,4,2.212628275044537e-10,3.808509063674137e-12,0.0,3.416251049460391e-10,3.3169951135432554e-11
90900.0,1.203,0.28906624559273897,0.28906624559273897,0.06791186991931629,0.20931107440906915,4,2.189545073028043e-10,3.183231456205249e-12,0.0,3.414301624138702e-10,3.337408178305051e-11
90960.0,1.203,0.28883786716109766,0.28883786716109766,0.0678722209154738,0.20916821511885908,4,2.1677513950546512e-10,2.6147972675971687e-12,0.0,3.411947532993865e-10,3.3554966918265593e-11
91020.0,1.203,0.2886099495345583,0.2886099495345583,0.06783289268118231,0.2090256708479447,4,2.1470362987496827e-10,5.343281372915953e-12,0.0,3.4092675780081794e-10,3.3716922555487746e-11
91080.0,1.203,0.2883824914237575,0.2883824914237575,0.06779386744218786,0.20888343911360485,4,2.1272557326756925e-10,4.945377440890297e-12,0.0,3.406311710916831e-10,3.386282272706339e-11
91140.0,1.2030000000000003,0.28815549154357695,0.28815549154357695,0.06775512977138809,0.20874151756450626,4,2.1083045032010972e-10,3.808509063674137e-12,0.0,3.403117179739566e-10,3.399470122568196e-11
91200.0,1.203,0.2879289486131385,0.2879289486131385,0.06771666597012745,0.20859990396480532,4,2.0901000374884404e-10,3.0127011996228248e-12,0.0,3.3997084200047183e-10,3.411409787153738e-11
91260.0,1.203,0.2877028613557988,0.2877028613557988,0.06767846369871476,0.20845859618203874,4,2.072574750711098e-10,3.581135388230905e-12,0.0,3.3961103693109325e-10,3.4222253632988216e-11
91320.0,1.203,0.2874772284991445,0.2874772284991445,0.06764051174613198,0.20831759217731968,4,2.0556700786045212e-10,3.353761712787673e-12,0.0,3.392341877902111e-10,3.432021849505209e-11
91380.0,1.203,0.2872520487749867,0.2872520487749867,0.06760279987624875,0.20817688999701806,4,2.0393343957980647e-10,3.922195901395753e-12,0.0,3.388417201579926e-10,3.4408910289346116e-11
91440.0,1.203,0.28702732091935473,0.28702732091935473,0.06756531871582458,0.20803648776547456,4,2.0235216280362067e-10,3.296918293926865e-12,0.0,3.384354185803916e-10,3.44891468178065e-11
91500.0,1.2030000000000003,0.28680304367249104,0.28680304367249104,0.06752805966568794,0.20789638367850177,4,2.008190558289158e-10,2.7284841053187847e-12,0.0,3.3801638783231684e-10,3.456166391089658e-11
91560.0,1.203,0.2865792157788438,0.2865792157788438,0.06749101482548309,0.20775657599753206,4,1.993303161418325e-10,5.115907697472721e-12,0.0,3.3758577738660566e-10,3.462712639741972e-11
91620.0,1.203,0.2863558359870602,0.2863558359870602,0.06745417692722311,0.20761706304432714,4,1.9788255756214568e-10,2.6147972675971687e-12,0.0,3.371449466413529e-10,3.4686135640445685e-11
91680.0,1.203,0.2861329030499782,0.2861329030499782,0.06741753927538435,0.2074778431961889,4,1.9647279636547665e-10,4.092726157978177e-12,0.0,3.366946620055218e-10,3.473923548215182e-11
91740.0,1.203,0.28591041572461756,0.28591041572461756,0.06738109569248535,0.20733891488162456,4,1.950981459719614e-10,2.8421709430404007e-12,0.0,3.362358538736541e-10,3.4786917443764964e-11
91800.0,1.203,0.28568837277217174,0.28568837277217174,0.06734484046962248,0.20720027657642515,4,1.9375615001315794e-10,5.4569682106375694e-12,0.0,3.357692882057856e-10,3.4829625531806676e-11
91860.0,1.203,0.28546677295799633,0.28546677295799633,0.06730876832162969,0.20706192680011876,4,1.9244447702071454e-10,3.240074875066057e-12,0.0,3.352958251570979e-10,3.486776074544178e-11
91920.0,1.203,0.2852456150515989,0.2852456150515989,0.06727287434657794,0.20692386411276303,4,1.9116121185991375e-10,3.0127011996228248e-12,0.0,3.348159430318498e-10,3.490168531878829e-11
91980.0,1.203,0.2850248978266265,0.2850248978266265,0.06723715398932462,0.20678608711204394,4,1.8990434225152342e-10,3.126388037344441e-12,0.0,3.3433024615586184e-10,3.493172665505785e-11
92040.0,1.2030000000000003,0.2848046200608528,0.2848046200608528,0.0672016030088023,0.2066485944306488,4,1.8867227224994565e-10,2.8990143619012088e-12,0.0,3.3383952742820566e-10,3.4958180950265305e-11
92100.0,1.2030000000000003,0.28458478053616365,0.28458478053616365,0.06716621744872275,0.20651138473388617,4,1.8746340590958255e-10,3.410605131648481e-12,0.0,3.3334404897508523e-10,3.498131648612053e-11
92160.0,1.2030000000000003,0.2843653780385437,0.2843653780385437,0.06713099361137292,0.20637445671752597,4,1.8627642484059237e-10,3.296918293926865e-12,0.0,3.328443040153154e-10,3.500137660090882e-11
92220.0,1.203,0.2841464113580589,0.2841464113580589,0.06709592803418614,0.20623780910583678,4,1.851100522864968e-10,2.9558577807620168e-12,0.0,3.323403520004447e-10,3.5018582349850994e-11
92280.0,1.2030000000000003,0.28392787928884106,0.28392787928884106,0.06706101746879424,0.20610144064979982,4,1.8396310863533216e-10,2.9558577807620168e-12,0.0,3.318332228683269e-10,3.503313487644986e-11
92340.0,1.203,0.28370978062906965,0.28370978062906965,0.06702625886228585,0.2059653501254799,4,1.8283451141964946e-10,2.6147972675971687e-12,0.0,3.313226955535271e-10,3.504521751707595e-11
92400.0,1.2030000000000003,0.2834921141809543,0.2834921141809543,0.0669916493404216,0.20582953633253798,4,1.8172330307208995e-10,3.865352482534945e-12,0.0,3.3080944210892634e-10,3.505499766554177e-11
92460.0,1.203,0.2832748787507143,0.2832748787507143,0.06695718619257972,0.20569399809287017,4,1.8062862316980954e-10,3.0127011996228248e-12,0.0,3.302933631724777e-10,3.5062628420170655e-11
92520.0,1.203,0.28305807314855946,0.28305807314855946,0.06692286685823744,0.20555873424936016,4,1.795496806789032e-10,3.069544618483633e-12,0.0,3.2977508173183173e-10,3.5068250048690564e-11
92580.0,1.203,0.2828416961886706,0.2828416961886706,0.06688868891480948,0.20542374366473365,4,1.7848564293210245e-10,3.0127011996228248e-12,0.0,3.292545534346492e-10,3.507199127220372e-11
92640.0,1.203,0.28262574668917667,0.28262574668917667,0.0668546500666874,0.20528902522050468,4,1.7743592706231937e-10,3.296918293926865e-12,0.0,3.287322589213057e-10,3.5073970413056845e-11
92700.0,1.203,0.28241022347213474,0.28241022347213474,0.06682074813534572,0.20515457781600493,4,1.7639978366901232e-10,3.296918293926865e-12,0.0,3.2820824800919703e-10,3.507429640693803e-11
92760.0,1.203,0.2821951253635073,0.2821951253635073,0.06678698105039381,0.20502040036748784,4,1.753766437628812e-10,3.524291969370097e-12,0.0,3.27682482902019e-10,3.5073069700468584e-11
92820.0,1.203,0.2819804511931407,0.2819804511931407,0.06675334684147051,0.20488649180730037,4,1.7436602162135273e-10,3.410605131648481e-12,0.0,3.271554894039439e-10,3.507038305520938e-11
92880.0,1.203,0.28176619979474254,0.28176619979474254,0.0667198436308857,0.20475285108311647,4,1.7336734825512679e-10,4.035882739117369e-12,0.0,3.266272749603914e-10,3.506632225698971e-11
92940.0,1.2030000000000003,0.2815523700058589,0.2815523700058589,0.06668646962693335,0.20461947715722623,4,1.7238017957499352e-10,3.0127011996228248e-12,0.0,3.2609807889882663e-10,3.50609667518901e-11
93000.0,1.203,0.281338960667853,0.281338960667853,0.06665322311780048,0.20448636900587563,4,1.7140405761395527e-10,3.126388037344441e-12,0.0,3.2556777747790044e-10,3.505439021670903e-11
93060.0,1.203,0.28112597062588135,0.28112597062588135,0.06662010246601181,0.20435352561865336,4,1.7043860767174124e-10,3.922195901395753e-12,0.0,3.2503674452205155e-10,3.5046661066325774e-11
93120.0,1.203,0.28091339872887305,0.28091339872887305,0.06658710610335486,0.2042209459979187,4,1.6948335790356595e-10,3.467448550509289e-12,0.0,3.245050946466962e-10,3.503784291122888e-11
93180.0,1.203,0.2807012438295069,0.2807012438295069,0.06655423252623592,0.20408862915826925,4,1.6853805850924886e-10,3.467448550509289e-12,0.0,3.2397264747447416e-10,3.5027994966297243e-11
93240.0,1.203,0.2804895047841905,0.2804895047841905,0.06652148029142435,0.20395657412604326,4,1.6760229315515573e-10,4.774847184307873e-12,0.0,3.234399177625541e-10,3.501717242109081e-11
93300.0,1.2030000000000003,0.28027818045303937,0.28027818045303937,0.06648884801214841,0.2038247799388546,4,1.6667579816331823e-10,3.126388037344441e-12,0.0,3.2290671730190925e-10,3.500542677529054e-11
93360.0,1.203,0.28006726969985557,0.28006726969985557,0.06645633435450635,0.20369324564515773,4,1.6575825434461677e-10,3.865352482534945e-12,0.0,3.223729847419432e-10,3.499280613585142e-11
93420.0,1.203,0.27985677139210857,0.27985677139210857,0.06642393803416408,0.20356197030383993,4,1.648493702655074e-10,2.5579538487363607e-12,0.0,3.218392528663797e-10,3.49793554912807e-11
93480.0,1.203,0.27964668440091545,0.27964668440091545,0.06639165781331129,0.20343095298383884,4,1.6394896551474858e-10,2.8421709430404007e-12,0.0,3.2130531013721065e-10,3.496511695638574e-11
93540.0,1.203,0.27943700760102236,0.27943700760102236,0.06635949249785399,0.2033001927637829,4,1.6305667926985734e-10,3.637978807091713e-12,0.0,3.207712823930387e-10,3.495012999940622e-11
93600.0,1.203,0.27922773987078675,0.27922773987078675,0.06632744093482133,0.20316968873165403,4,1.621723588751678e-10,3.751665644813329e-12,0.0,3.202371897475083e-10,3.493443164171538e-11
93660.0,1.203,0.2790188800921597,0.2790188800921597,0.0662955020099656,0.20303943998446938,4,1.6129575453049938e-10,5.4569682106375694e-12,0.0,3.197031212525813e-10,3.491805664568766e-11
93720.0,1.203,0.2788104271506703,0.2788104271506703,0.06626367464554105,0.20290944562798216,4,1.60426658069035e-10,4.092726157978177e-12,0.0,3.191692238396749e-10,3.4901037680621166e-11
93780.0,1.203,0.2786023799354087,0.2786023799354087,0.06623195779824342,0.20277970477639878,4,1.5956493071289657e-10,3.126388037344441e-12,0.0,3.1863530848152846e-10,3.48834054790219e-11
93840.0,1.2030000000000003,0.2783947373390133,0.2783947373390133,0.0662003504572976,0.20265021655211257,4,1.5871029490632793e-10,2.6147972675971687e-12,0.0,3.1810189298971147e-10,3.486518897607963e-11
93900.0,1.2030000000000003,0.27818749825765465,0.27818749825765465,0.06616885164268305,0.2025209800854515,4,1.5786266738260224e-10,3.296918293926865e-12,0.0,3.1756850882625506e-10,3.484641543729688e-11
93960.0,1.2030000000000003,0.27798066159102397,0.27798066159102397,0.06613746040347918,0.20239199451444,4,1.5702183997490238e-10,5.229594535194337e-12,0.0,3.1703555993270146e-10,3.482711057792558e-11
94020.0,1.203,0.27777422624231957,0.27777422624231957,0.06610617581632816,0.2022632589845732,4,1.5618760451641123e-10,3.524291969370097e-12,0.0,3.1650259192669643e-10,3.4807298671567555e-11
94080.0,1.2030000000000003,0.27756819111823594,0.27756819111823594,0.06607499698400031,0.2021347726486032,4,1.5535990549597756e-10,3.353761712787673e-12,0.0,3.159703850661919e-10,3.4787002644832167e-11
94140.0,1.203,0.2773625551289527,0.2773625551289527,0.06604392303405593,0.2020065346663362,4,1.5453856250235987e-10,3.183231456205249e-12,0.0,3.1543832260278197e-10,3.4766244175606983e-11
94200.0,1.2030000000000003,0.2771573171881249,0.2771573171881249,0.06601295311759615,0.2018785442044402,4,1.5372342287989227e-10,2.5579538487363607e-12,0.0,3.14906957025565e-10,3.474504377006335e-11
94260.0,1.203,0.2769524762128733,0.2769524762128733,0.06598208640809432,0.2017508004362619,4,1.529143894840601e-10,3.296918293926865e-12,0.0,3.1437581975422054e-10,3.4723420844171724e-11
94320.0,1.203,0.2767480311237751,0.2767480311237751,0.0659513221003036,0.20162330254165295,4,1.521112957814097e-10,3.353761712787673e-12,0.0,3.1384532164546773e-10,3.4701393793793655e-11
94380.0,1.203,0.27654398084485754,0.27654398084485754,0.06592065940923322,0.20149604970680446,4,1.513140862607898e-10,3.126388037344441e-12,0.0,3.1331527183906666e-10,3.467898005960884e-11
94440.0,1.203,0.27634032430358907,0.27634032430358907,0.06589009756918994,0.2013690411240896,4,1.505225666331711e-10,3.296918293926865e-12,0.0,3.1278595984240835e-10,3.465619619002553e-11
94500.0,1.203,0.2761370604308734,0.2761370604308734,0.06585963583287671,0.20124227599191324,4,1.4973670914297799e-10,3.183231456205249e-12,0.0,3.1225718434625444e-10,3.4633057893825587e-11
94560.0,1.203,0.27593418816104254,0.27593418816104254,0.06582927347055013,0.201115753514569,4,1.489564166456958e-10,2.6147972675971687e-12,0.0,3.117289755710464e-10,3.4609580096384675e-11
94620.0,1.203,0.2757317064318519,0.2757317064318519,0.06579900976922474,0.20098947290210217,4,1.4818149485229526e-10,3.296918293926865e-12,0.0,3.1120140606346214e-10,3.4585776984796594e-11
94680.0,1.203,0.2755296141844738,0.2755296141844738,0.06576884403192745,0.20086343337017962,4,1.4741195764056414e-10,2.9558577807620168e-12,0.0,3.1067452181230846e-10,3.456166205500769e-11
94740.0,1.2030000000000003,0.27532791036349297,0.27532791036349297,0.06573877557699516,0.20073763413996473,4,1.4664763847704876e-10,3.353761712787673e-12,0.0,3.101483665719193e-10,3.453724815074729e-11
94800.0,1.203,0.2751265939169028,0.2751265939169028,0.0657088037374125,0.20061207443799817,4,1.4588848185059788e-10,2.6716406864579767e-12,0.0,3.096228168330325e-10,3.451254750268807e-11
94860.0,1.203,0.2749256637961,0.2749256637961,0.06567892786018882,0.20048675349608358,4,1.4513441837227248e-10,3.808509063674137e-12,0.0,3.0909809319013253e-10,3.448757176859909e-11
94920.0,1.203,0.27472511895588086,0.27472511895588086,0.06564914730577018,0.2003616705511782,4,1.443853786531335e-10,3.524291969370097e-12,0.0,3.085741431678343e-10,3.4462332059077684e-11
94980.0,1.203,0.27452495835443746,0.27452495835443746,0.06561946144748375,0.2002368248452881,4,1.436412655486663e-10,3.865352482534945e-12,0.0,3.080508138800789e-10,3.4436838975828106e-11
95040.0,1.203,0.2743251809533544,0.2743251809533544,0.06558986967101342,0.20011221562536735,4,1.429019541587806e-10,2.4442670110147446e-12,0.0,3.0752834561486697e-10,3.441110263698978e-11
95100.0,1.2030000000000003,0.27412578571760493,0.27412578571760493,0.06556037137390516,0.19998784214322202,4,1.421674306056886e-10,2.7284841053187847e-12,0.0,3.070066638807329e-10,3.438513270369147e-11
95160.0,1.203,0.2739267716155476,0.2739267716155476,0.06553096596509704,0.1998637036554169,4,1.4143762550045125e-10,3.126388037344441e-12,0.0,3.0648555076320447e-10,3.435893840787761e-11
95220.0,1.203,0.2737281376189232,0.2737281376189232,0.06550165286447611,0.1997397994231871,4,1.4071246945412952e-10,2.8990143619012088e-12,0.0,3.059655563813818e-10,3.433252857459919e-11
95280.0,1.203,0.27352988270285117,0.27352988270285117,0.06547243150245884,0.19961612871235196,4,1.3999189307778437e-10,3.183231456205249e-12,0.0,3.054463241310059e-10,3.430591164347412e-11
95340.0,1.203,0.27333200584582706,0.27333200584582706,0.06544330131959206,0.199492690793233,4,1.3927585473805237e-10,3.979039320256561e-12,0.0,3.049279001533496e-10,3.427909569035771e-11
95400.0,1.203,0.273134506029718,0.273134506029718,0.06541426176617532,0.19936948494057471,4,1.3856425729041888e-10,3.524291969370097e-12,0.0,3.04410368543538e-10,3.425208844524948e-11
95460.0,1.202996740740741,0.27293738223974207,0.27293738223974207,0.06539577667465218,0.19924723501572136,4,5.3715060177594864e-11,3.353761712787673e-12,-1.0394650205763412e-07,-1.8388439583879077e-08,3.134649713444951e-11
95520.0,1.2029872592592594,0.2727406334643636,0.2727406334643636,0.0653937802686761,0.19912649928760384,3,2.114967506683385e-10,2.5011104298755527e-12,-2.0419341563784887e-07,-3.6427972185918244e-08,2.3310000231781793e-11
95580.0,1.202972,0.27254425869537896,0.27254425869537896,0.06540241871402015,0.19900706566349038,4,3.925436364848878e-11,2.8990143619012088e-12,-2.970329218107454e-07,-5.3158367982947046e-08,1.1561734377250339e-11
95640.0,1.2029514074074077,0.2723482569279574,0.2723482569279574,0.06541725157545779,0.1988887628931094,4,5.772238242940375e-11,3.637978807091713e-12,-3.8246502057618807e-07,-6.858274638393246e-08,-2.4675947026633437e-12
95700.0,1.2029259259259262,0.2721526271606366,0.2721526271606366,0.06543509293087449,0.19877144998521568,4,6.488178050378934e-11,3.353761712787673e-12,-4.604897119342855e-07,-8.269836263855681e-08,-1.7609904256933104e-11
95760.0,1.2028960000000002,0.2719573683953187,0.2719573683953187,0.06545373563043287,0.19865500744690412,4,6.449114853257498e-11,2.7284841053187847e-12,-5.311069958848207e-07,-9.549951735486278e-08,-3.299521869186597e-11
95820.0,1.202862074074074,0.27176247963726585,0.27176247963726585,0.06547168433116156,0.1985393306745607,4,5.915205825157699e-11,4.149569576838985e-12,-5.943168724280648e-07,-1.0697940322079346e-07,-4.8010242375483176e-11
95880.0,1.202824592592593,0.2715679598950951,0.2715679598950951,0.06548793858193495,0.19842432523848091,4,5.0597803724627965e-11,3.126388037344441e-12,-6.501193415639093e-07,-1.1713116415383736e-07,-6.224009483418719e-11
95940.0,1.2027839999999999,0.2713738081807743,0.2713738081807743,0.0655018300671859,0.19830990364729384,4,3.9945671770347246e-11,3.183231456205249e-12,-6.985144032922459e-07,-1.259484444200249e-07,-7.541381057164143e-11
96000.0,1.2027407407407409,0.2711800235096163,0.2711800235096163,0.065512906432488,0.19819598319803627,3,7.41019495764661e-10,3.581135388230905e-12,-7.395020576132913e-07,-1.3342562487427867e-07,-8.735989487272755e-11
96060.0,1.2026952592592592,0.2709866049002739,0.2709866049002739,0.06552085326764275,0.19808248458050498,3,4.016564303377379e-10,2.8421709430404007e-12,-7.730823045268288e-07,-1.395579429532979e-07,-9.797407876221913e-11
96120.0,1.2026480000000002,0.27079355137473354,0.27079355137473354,0.06552544010042062,0.19796933099558012,3,1.3255357922403732e-10,3.296918293926865e-12,-7.992551440329666e-07,-1.4434145780323073e-07,-1.0719449945474374e-10
96180.0,1.2025994074074076,0.27060086195830996,0.27060086195830996,0.06552648744169942,0.19785644761173726,3,3.3403495247608106e-10,4.490630090003833e-12,-8.180205761318133e-07,-1.4777306988890022e-07,-1.1498596946940404e-10
96240.0,1.202549925925926,0.2704085356796395,0.2704085356796395,0.06552384589080748,0.19774376122985227,3,7.245165439817569e-10,4.376943252282217e-12,-8.293786008231521e-07,-1.4985050031610046e-07,-1.2132929708846385e-10
96300.0,1.2025000000000001,0.2702165715706742,0.2702165715706742,0.06551738325976277,0.19763120007892834,4,4.3495027024498256e-11,3.410605131648481e-12,-8.333292181071997e-07,-1.5057227821717703e-07,-1.262142586624606e-10
96360.0,1.202450074074074,0.27002496866667286,0.27002496866667286,0.06550697741667695,0.19751869369183542,4,5.934223945569528e-11,3.467448550509289e-12,-8.298724279837393e-07,-1.4993777569080064e-07,-1.2963550083751685e-10
96420.0,1.2024005925925927,0.26983372600619626,0.26983372600619626,0.06549251244833862,0.19740617281774425,4,7.567158011312358e-11,3.353761712787673e-12,-8.19008230452771e-07,-1.4794718925594526e-07,-1.3159029561589896e-10
96480.0,1.202352,0.2696428426310988,0.2696428426310988,0.06547387545128958,0.19729356936812825,4,9.249152832513374e-11,3.637978807091713e-12,-8.007366255145115e-07,-1.446015787850461e-07,-1.320763554252852e-10
96540.0,1.2023047407407408,0.2694523175865195,0.2694523175865195,0.06545095574299342,0.19718081637453402,4,1.0981397735587706e-10,2.2737367544323206e-12,-7.750576131688525e-07,-1.3990289356547362e-07,-1.3109129427740633e-10
96600.0,1.2022592592592591,0.2692621499208759,0.2692621499208759,0.0654236442314626,0.19706784795236923,4,1.2765298540440284e-10,3.069544618483633e-12,-7.419711934156855e-07,-1.338540042897286e-07,-1.2863217092563304e-10
96660.0,1.202216,0.26907233868585356,0.26907233868585356,0.0653918330916828,0.19695459926817593,4,1.4602355435933134e-10,4.206412995699793e-12,-7.014773662552274e-07,-1.264587373870696e-07,-1.2469525789184477e-10
96720.0,1.2021754074074074,0.26888288293639934,0.26888288293639934,0.06535541558470136,0.1968410065086583,4,1.6494168531000497e-10,2.7853275241795927e-12,-6.535761316873697e-07,-1.1772191053241676e-07,-1.1927593174255428e-10
96780.0,1.202137925925926,0.26869378173071057,0.26869378173071057,0.06531428593249736,0.19672700685070066,4,1.8442405935736872e-10,3.410605131648481e-12,-5.98267489712004e-07,-1.0764936900514432e-07,-1.1236862397355992e-10
96840.0,1.202104,0.2685050341302272,0.2685050341302272,0.06526833920592955,0.19661253843210813,4,2.044879265916677e-10,3.694822225952521e-12,-5.355514403293472e-07,-9.624802226214564e-08,-1.0396679844975746e-10
96900.0,1.2020740740740743,0.26831663919962145,0.26831663919962145,0.06521747120731806,0.19649754032303474,4,2.2515132813705208e-10,3.353761712787673e-12,-4.6542798353918236e-07,-8.352588181215753e-08,-9.406293720680158e-11
96960.0,1.2020485925925926,0.2681285960067878,0.2681285960067878,0.06516157834173864,0.19638195249815027,4,2.46433026762638e-10,3.467448550509289e-12,-3.8789711934156387e-07,-6.949209938161985e-08,-8.264852554707809e-11
97020.0,1.2020279999999999,0.2679409036228334,0.2679409036228334,0.06510055747699359,0.19626571580961677,4,2.683522154489637e-10,5.172751116333529e-12,-3.029588477366542e-07,-5.415700444133184e-08,-6.97140324260853e-11
97080.0,1.2020127407407406,0.26775356112206694,0.26775356112206694,0.06503430579452284,0.19614877196093156,4,2.9092893372162365e-10,3.410605131648481e-12,-2.1061316872429073e-07,-3.7532144650725215e-08,-5.524888475808657e-11
97140.0,1.202003259259259,0.2675665675819895,0.2675665675819895,0.0649627206340151,0.19603106348166965,4,3.1418363743984656e-10,2.7853275241795927e-12,-1.1086008230452773e-07,-1.9630324795463975e-08,-3.9241435502454985e-11
97200.0,1.202,0.2673799220832821,0.2673799220832821,0.06488569933417898,0.19591253370313583,4,3.3813730981879786e-10,3.240074875066057e-12,-3.699588477366859e-09,-4.6564849165873167e-10,-2.167892591019557e-11
97260.0,1.202,0.2671936237097505,0.2671936237097505,0.06481403636984193,0.1957938690342489,4,2.762594181193734e-10,3.069544618483633e-12,0.0,2.1954151949723176e-10,-5.627262644380102e-12
97320.0,1.202,0.267007671548243,0.267007671548243,0.06475570114490489,0.19567571749881502,4,2.2938628774227254e-10,2.8990143619012088e-12,0.0,2.3953537313279813e-10,6.056025479346463e-12
97380.0,1.2019999999999997,0.26682206468873115,0.26682206468873115,0.06470685880421796,0.19555798942423572,4,1.9687011743041438e-10,3.581135388230905e-12,0.0,2.533167166426844e-10,1.4184407420151103e-11
97440.0,1.2020000000000002,0.2666368022243132,0.2666368022243132,0.06466455528090591,0.19544062208818846,4,1.7479162561784278e-10,4.547473508864641e-12,0.0,2.624987960287914e-10,1.9678573714325622e-11
97500.0,1.2020000000000002,0.2664518832512032,0.2664518832512032,0.06462666291847688,0.19532357276797543,4,1.5997145275115088e-10,2.5011104298755527e-12,0.0,2.6844374602067345e-10,2.331776451376147e-11
97560.0,1.2020000000000002,0.2662673068687195,0.2662673068687195,0.06459171097506358,0.19520681283320496,4,1.5004190945244744e-10,3.694822225952521e-12,0.0,2.7218755791670753e-10,2.5694950703921672e-11
97620.0,1.202,0.2660830721792722,0.2660830721792722,0.0645587126088274,0.1950903232452189,4,1.4332665609906314e-10,3.410605131648481e-12,0.0,2.7447320843857067e-10,2.7236035120816572e-11
97680.0,1.2020000000000002,0.26589917828835097,0.26589917828835097,0.06452702125187447,0.19497409132328702,4,1.3868088621915575e-10,3.637978807091713e-12,0.0,2.758145607421197e-10,2.8235268565971276e-11
97740.0,1.202,0.2657156243045135,0.2657156243045135,0.06449622169830968,0.19485810851011548,4,1.3534488807476208e-10,3.240074875066057e-12,0.0,2.7655527737829963e-10,2.888993913046984e-11
97800.0,1.202,0.2655324093393724,0.2655324093393724,0.06446605181235926,0.1947423688735912,4,1.32826846743761e-10,2.8421709430404007e-12,0.0,2.769203905727657e-10,2.932899754586972e-11
97860.0,1.202,0.2653495325075826,0.2653495325075826,0.06443634832387088,0.19462686812743818,4,1.308154556900476e-10,3.240074875066057e-12,0.0,2.7705338552821404e-10,2.9634798470280324e-11
97920.0,1.2020000000000002,0.26516699292682944,0.26516699292682944,0.06440701040221142,0.1945116030056812,4,1.2911799407433477e-10,5.4569682106375694e-12,0.0,2.7704383257374436e-10,2.9858786273997113e-11
97980.0,1.202,0.26498478971781514,0.26498478971781514,0.06437797580102242,0.1943965708717964,4,1.2761759704549291e-10,4.547473508864641e-12,0.0,2.769465785360355e-10,3.003240047544986e-11
98040.0,1.202,0.2648029220042457,0.2648029220042457,0.06434920560524449,0.19428176947973527,4,1.2624490342005856e-10,3.296918293926865e-12,0.0,2.767944588505757e-10,3.01744357789499e-11
98100.0,1.202,0.26462138891281856,0.26462138891281856,0.06432067470537663,0.19416719683094052,4,1.2495959822445002e-10,3.637978807091713e-12,0.0,2.76606569544818e-10,3.02958825302624e-11
98160.0,1.202,0.2644401895732085,0.2644401895732085,0.06429236599159087,0.19405285109060633,4,1.2373856106417946e-10,5.002220859751105e-12,0.0,2.763939321886021e-10,3.040303435364334e-11
98220.0,1.202,0.26425932311805583,0.26425932311805583,0.06426426690712245,0.19393873053959404,4,1.2256869130755632e-10,3.410605131648481e-12,0.0,2.761628062419058e-10,3.0499436338594863e-11
98280.0,1.2020000000000002,0.26407878868295137,0.26407878868295137,0.06423636746225213,0.19382483354721808,4,1.2144239780464972e-10,5.002220859751105e-12,0.0,2.75916616544385e-10,3.0587076361698824e-11
98340.0,1.202,0.2638985854064239,0.2638985854064239,0.06420865912934622,0.1937111585558626,4,1.2035522578557334e-10,2.8990143619012088e-12,0.0,2.7565735403004156e-10,3.066709386082779e-11
98400.0,1.202,0.2637187124299264,0.2637187124299264,0.06418113425395634,0.19359770407205068,4,1.1930405274807043e-10,3.581135388230905e-12,0.0,2.753863716307208e-10,3.0740188248797905e-11
98460.0,1.202,0.26353916889782214,0.26353916889782214,0.06415378575769361,0.19348446866086844,4,1.182867692683942e-10,2.3305801732931286e-12,0.0,2.7510456522098376e-10,3.0806845087907924e-11
98520.0,1.202,0.2633599539573711,0.2633599539573711,0.06412660699874487,0.1933714509420279,4,1.1730133531173692e-10,2.2737367544323206e-12,0.0,2.7481263164467177e-10,3.0867454868040966e-11
98580.0,1.202,0.26318106675871644,0.26318106675871644,0.0640995917123169,0.19325864958666802,4,1.1634600227683478e-10,3.467448550509289e-12,0.0,2.7451115728321246e-10,3.092237066601206e-11
98640.0,1.2020000000000002,0.263002506454869,0.263002506454869,0.06407273398773347,0.19314606331445502,4,1.1541902156242401e-10,3.240074875066057e-12,0.0,2.7420094602423583e-10,3.097193257485863e-11
98700.0,1.2020000000000002,0.2628242722016947,0.2628242722016947,0.06404602825934709,0.19303369089079717,4,1.1451875558954328e-10,4.320099833421409e-12,0.0,2.7388233098716533e-10,3.1016475193722676e-11
98760.0,1.202,0.26264636315789935,0.26264636315789935,0.06401946930015211,0.19292153112411597,4,1.1364351126808003e-10,4.092726157978177e-12,0.0,2.7355606528678205e-10,3.105632734807186e-11
98820.0,1.2019999999999997,0.26246877848501476,0.26246877848501476,0.06399305221343239,0.1928095828631748,4,1.1279181755252665e-10,2.9558577807620168e-12,0.0,2.732226972939101e-10,3.109180895440704e-11
98880.0,1.202,0.26229151734738315,0.26229151734738315,0.06396677242110473,0.192697844994488,4,1.1196205074170962e-10,2.8990143619012088e-12,0.0,2.728830006105165e-10,3.112322745331222e-11
98940.0,1.202,0.2621145789121426,0.2621145789121426,0.06394062564898655,0.19258631643983673,4,1.111529202013628e-10,3.240074875066057e-12,0.0,2.725372354095472e-10,3.1150874883594296e-11
99000.0,1.202,0.26193796234921274,0.26193796234921274,0.06391460790981228,0.19247499615391253,4,1.1036307978606885e-10,3.0127011996228248e-12,0.0,2.7218590786518606e-10,3.117502591978716e-11
99060.0,1.202,0.2617616668312785,0.2617616668312785,0.06388871548494009,0.19236388312210262,4,1.0959129437271287e-10,2.5579538487363607e-12,0.0,2.7182971501185676e-10,3.1195936862885437e-11
99120.0,1.202,0.26158569153377503,0.26158569153377503,0.06386294490558443,0.19225297635842373,4,1.0883643986048241e-10,4.490630090003833e-12,0.0,2.7146881503380924e-10,3.12138454157964e-11
99180.0,1.2019999999999997,0.2614100356348723,0.2614100356348723,0.06383729293422476,0.19214227490360578,4,1.0809748929307972e-10,5.002220859751105e-12,0.0,2.711036921552155e-10,3.122897104824408e-11
99240.0,1.2020000000000002,0.261234698315458,0.261234698315458,0.06381175654665419,0.1920317778233212,4,1.0737351285872165e-10,3.808509063674137e-12,0.0,2.707349787336045e-10,3.1241515762015546e-11
99300.0,1.2020000000000002,0.2610596787591228,0.2610596787591228,0.06378633291496591,0.19192148420655386,4,1.066635807456251e-10,3.183231456205249e-12,0.0,2.70362604063748e-10,3.125166510229675e-11
99360.0,1.2020000000000002,0.260884976152143,0.260884976152143,0.06376101939164765,0.19181139316409979,4,1.0596687416430939e-10,2.5011104298755527e-12,0.0,2.699871747779373e-10,3.1259589302545076e-11
99420.0,1.202,0.2607105896834642,0.2607105896834642,0.06373581349485596,0.19170150382718898,4,1.0528269922538414e-10,2.5011104298755527e-12,0.0,2.6960860650237356e-10,3.126544446491249e-11
99480.0,1.2020000000000002,0.26053651854468407,0.26053651854468407,0.06371071289487956,0.19159181534622083,4,1.0461040367282237e-10,3.467448550509289e-12,0.0,2.6922766333192593e-10,3.12693737432511e-11
99540.0,1.202,0.2603627619300352,0.2603627619300352,0.06368571540175785,0.19148232688960173,4,1.039492797394459e-10,3.240074875066057e-12,0.0,2.6884414927926404e-10,3.127150846779923e-11
99600.0,1.202,0.2601893190363682,0.2601893190363682,0.06366081895399116,0.19137303764267805,4,1.0329881394710583e-10,2.8990143619012088e-12,0.0,2.6845856536861137e-10,3.127196920645082e-11
99660.0,1.202,0.26001618906313273,0.26001618906313273,0.06363602160826555,0.19126394680675368,4,1.0265845118428985e-10,2.8421709430404007e-12,0.0,2.680710004545711e-10,3.1270866742780694e-11
99720.0,1.2020000000000002,0.25984337121236106,0.25984337121236106,0.06361132153011335,0.19115505359818658,4,1.0202765021727345e-10,5.172751116333529e-12,0.0,2.676816458496988e-10,3.126830297753248e-11
99780.0,1.202,0.2596708646886492,0.2596708646886492,0.06358671698542698,0.19104635724755586,4,1.0140605022357363e-10,3.751665644813329e-12,0.0,2.672905917841791e-10,3.126437174391095e-11
99840.0,1.202,0.25949866869913873,0.25949866869913873,0.0635622063327464,0.19093785699889332,4,1.0079320711398054e-10,3.240074875066057e-12,0.0,2.668981530484896e-10,3.1259159550148716e-11
99900.0,1.202,0.25932678245349844,0.25932678245349844,0.06353778801624495,0.19082955210897368,4,1.0018866292149653e-10,3.126388037344441e-12,0.0,2.6650437046453604e-10,3.125274624332856e-11
99960.0,1.202,0.25915520516390583,0.25915520516390583,0.06351346055934742,0.19072144184665799,4,9.959215396815324e-11,3.581135388230905e-12,0.0,2.661094352982872e-10,3.124520561513277e-11
100020.0,1.202,0.2589839360450284,0.2589839360450284,0.06348922255891634,0.19061352549228572,4,9.900329167589206e-11,3.865352482534945e-12,0.0,2.657133843567128e-10,3.123660594197887e-11
100080.0,1.2020000000000002,0.25881297431400474,0.25881297431400474,0.06346507267995039,0.19050580233711095,4,9.842177073338121e-11,3.296918293926865e-12,0.0,2.653164195699263e-10,3.1227010472592916e-11
100140.0,1.202,0.2586423191904263,0.2586423191904263,0.06344100965074383,0.19039827168277895,4,9.784732746265234e-11,2.7853275241795927e-12,0.0,2.6491860533106647e-10,3.1216477867194465e-11
100200.0,1.202,0.2584719698963175,0.2584719698963175,0.06341703225846201,0.19029093284083975,4,9.727964267458589e-11,3.126388037344441e-12,0.0,2.6452009223327394e-10,3.1205062595233114e-11
100260.0,1.202,0.25830192565611887,0.25830192565611887,0.06339313934509182,0.1901837851322951,4,9.67184804467891e-11,3.069544618483633e-12,0.0,2.6412090729181753e-10,3.119281528919351e-11
100320.0,1.202,0.25813218569666707,0.25813218569666707,0.06336932980373082,0.1900768278871769,4,9.616363261244487e-11,2.7284841053187847e-12,0.0,2.6372113558183945e-10,3.1179783068615226e-11
100380.0,1.202,0.2579627492471764,0.2579627492471764,0.06334560257518128,0.1899700604441532,4,9.561487712694827e-11,3.296918293926865e-12,0.0,2.6332081858593124e-10,3.1166009829073277e-11
100440.0,1.2020000000000002,0.2577936155392215,0.2577936155392215,0.063321956644822,0.189863482150161,4,9.507197806790657e-11,3.296918293926865e-12,0.0,2.62920281933204e-10,3.115153650922841e-11
100500.0,1.2020000000000002,0.25762478380671794,0.25762478380671794,0.0632983910397324,0.18975709236006222,4,9.453478277965388e-11,3.865352482534945e-12,0.0,2.6251926071749155e-10,3.113640132572821e-11
100560.0,1.202,0.2574562532859054,0.2574562532859054,0.06327490482604047,0.18965089043632227,4,9.400305533979747e-11,2.8421709430404007e-12,0.0,2.6211797320309084e-10,3.112063999112285e-11
100620.0,1.2019999999999997,0.2572880232153297,0.2572880232153297,0.06325149710648173,0.18954487574870849,4,9.347667084824707e-11,3.069544618483633e-12,0.0,2.6171638388661585e-10,3.110428591261512e-11
100680.0,1.202,0.2571200928358259,0.2571200928358259,0.0632281670181434,0.18943904767400754,4,9.295546277154898e-11,3.467448550509289e-12,0.0,2.613148315397409e-10,3.108737036473269e-11
100740.0,1.202,0.2569524613905005,0.2569524613905005,0.06320491373038004,0.18933340559575995,4,9.243920906509828e-11,3.183231456205249e-12,0.0,2.609130600840772e-10,3.1069922658827356e-11
100800.0,1.202,0.25678512812471593,0.25678512812471593,0.06318173644288648,0.18922794890401062,4,9.192788197331936e-11,3.581135388230905e-12,0.0,2.605111858689174e-10,3.1051970287287373e-11
100860.0,1.202,0.25661809228607424,0.25661809228607424,0.06315863438391184,0.1891226769950742,4,9.142125945160728e-11,3.183231456205249e-12,0.0,2.6010940327900563e-10,3.103353905993291e-11
100920.0,1.202,0.25645135312440137,0.25645135312440137,0.06313560680860572,0.18901758927131418,4,9.091925823323521e-11,3.069544618483633e-12,0.0,2.597076201325932e-10,3.101465322854312e-11
100980.0,1.2019999999999997,0.25628490989173214,0.25628490989173214,0.06311265299748069,0.18891268514093434,4,9.042173954032506e-11,4.206412995699793e-12,0.0,2.593057880818865e-10,3.099533559792006e-11
101040.0,1.2020000000000002,0.2561187618422956,0.2561187618422956,0.06308977225498541,0.18880796401778271,4,8.992857847278657e-11,4.604316927725449e-12,0.0,2.58904245078632e-10,3.097560763123009e-11
101100.0,1.2020000000000002,0.2559529082325007,0.2559529082325007,0.06306696390817947,0.18870342532116577,4,8.943967788610507e-11,2.7853275241795927e-12,0.0,2.5850275180044663e-10,3.0955489545766623e-11
101160.0,1.2020000000000002,0.2557873483209232,0.2557873483209232,0.0630442273054971,0.1885990684756733,4,8.895495451355373e-11,3.240074875066057e-12,0.0,2.5810152186903974e-10,3.093500039683944e-11
101220.0,1.202,0.25562208136829245,0.25562208136829245,0.06302156181559695,0.18849489291101248,4,8.847425569946665e-11,5.343281372915953e-12,0.0,2.5770030454741233e-10,3.091415816204291e-11
101280.0,1.2020000000000002,0.2554571066374791,0.2554571066374791,0.06299896682628961,0.18839089806185108,4,8.799753981048042e-11,2.9558577807620168e-12,0.0,2.5729952556109996e-10,3.089297981087314e-11
101340.0,1.202,0.2552924233934829,0.2552924233934829,0.06297644174353544,0.18828708336766867,4,8.752473745765599e-11,4.547473508864641e-12,0.0,2.5689890932793324e-10,3.087148137597472e-11
101400.0,1.202,0.2551280309034219,0.2551280309034219,0.06295398599051093,0.1881834482726157,4,8.705570986311528e-11,3.0127011996228248e-12,0.0,2.5649857644761617e-10,3.0849678013544757e-11
101460.0,1.202,0.2549639284365215,0.2549639284365215,0.06293159900673242,0.1880799922253798,4,8.659035988234365e-11,2.6147972675971687e-12,0.0,2.560985536787666e-10,3.082758406175662e-11
101520.0,1.2020000000000002,0.25480011526410445,0.25480011526410445,0.06290928024723931,0.18797671467905874,4,8.612868751534108e-11,3.637978807091713e-12,0.0,2.5569901910243835e-10,3.080521309419252e-11
101580.0,1.202,0.25463659065958055,0.25463659065958055,0.06288702918182662,0.18787361509103967,4,8.567055398422951e-11,3.410605131648481e-12,0.0,2.5529968247686285e-10,3.0782577967388195e-11
101640.0,1.202,0.25447335389843934,0.25447335389843934,0.06286484529432666,0.18777069292288434,4,8.521595928900894e-11,3.581135388230905e-12,0.0,2.549008332103283e-10,3.075969086845038e-11
101700.0,1.202,0.2543104042582396,0.2543104042582396,0.06284272808193689,0.18766794764022005,4,8.476473689622566e-11,2.3874235921539366e-12,0.0,2.5450232587913605e-10,3.0736563358002375e-11
101760.0,1.202,0.2541477410186035,0.2541477410186035,0.06282067705458604,0.1875653787126354,4,8.431694231703091e-11,2.7284841053187847e-12,0.0,2.5410429800416735e-10,3.071320640472215e-11
101820.0,1.202,0.25398536346120776,0.25398536346120776,0.06279869173434062,0.18746298561358124,4,8.387239514018319e-11,3.126388037344441e-12,0.0,2.537066898873871e-10,3.0689630426666616e-11
101880.0,1.2020000000000002,0.25382327086977746,0.25382327086977746,0.06277677165484667,0.1873607678202761,4,8.34311092434703e-11,3.353761712787673e-12,0.0,2.533096039791243e-10,3.066584532205601e-11
101940.0,1.202,0.25366146253007926,0.25366146253007926,0.06275491636080402,0.18725872481361594,4,8.29929874823776e-11,3.0127011996228248e-12,0.0,2.5291283735569584e-10,3.064186050071995e-11
102000.0,1.202,0.25349993772991625,0.25349993772991625,0.06273312540747139,0.18715685607808807,4,8.255802985690508e-11,3.183231456205249e-12,0.0,2.5251669693525494e-10,3.061768491378831e-11
102060.0,1.202,0.253338695759122,0.253338695759122,0.06271139836020097,0.18705516110168863,4,8.21261669781137e-11,2.5579538487363607e-12,0.0,2.5212100124353377e-10,3.059332708119161e-11
102120.0,1.202,0.2531777359095553,0.2531777359095553,0.06268973479399942,0.18695363937584408,4,8.169730170148881e-11,3.0127011996228248e-12,0.0,2.5172587850183877e-10,3.056879511608936e-11
102180.0,1.202,0.25301705747509606,0.25301705747509606,0.06266813429311192,0.18685229039533557,4,8.127143402703041e-11,2.8990143619012088e-12,0.0,2.513311699363851e-10,3.05440967470153e-11
102240.0,1.2020000000000002,0.25285665975164157,0.25285665975164157,0.0626465964506322,0.18675111365822722,4,8.084846681022384e-11,3.126388037344441e-12,0.0,2.509371836062794e-10,3.0519239342611794e-11
102300.0,1.2020000000000002,0.25269654203710196,0.25269654203710196,0.06262512086813285,0.1866501086657966,4,8.042844168443253e-11,5.002220859751105e-12,0.0,2.5054365337376963e-10,3.049422992958955e-11
102360.0,1.202,0.2525367036313965,0.2525367036313965,0.06260370715531535,0.18654927492246887,4,8.00112337495662e-11,2.8421709430404007e-12,0.0,2.5015070160631757e-10,3.0469075212866156e-11
102420.0,1.2019999999999997,0.2523771438364511,0.2523771438364511,0.06258235492968062,0.18644861193575293,4,7.959685688341267e-11,2.3305801732931286e-12,0.0,2.4975817130975457e-10,3.044378159421572e-11
102480.0,1.202,0.25221786195619567,0.25221786195619567,0.06256106381621553,0.18634811921618086,4,7.91852555748207e-11,3.183231456205249e-12,0.0,2.493664910556469e-10,3.0418355186971147e-11
102540.0,1.202,0.25205885729656086,0.25205885729656086,0.06253983344709721,0.186247796277249,4,7.877637431263906e-11,2.6147972675971687e-12,0.0,2.4897525118159177e-10,3.03928018335637e-11
102600.0,1.202,0.251900129165476,0.251900129165476,0.06251866346141331,0.18614764263536202,4,7.837018534129214e-11,3.126388037344441e-12,0.0,2.4858469639964286e-10,3.0367127117793385e-11
102660.0,1.202,0.251741676872867,0.251741676872867,0.06249755350489479,0.18604765780977855,4,7.796664702741651e-11,3.0127011996228248e-12,0.0,2.4819466894313746e-10,3.034133638129647e-11
102720.0,1.202,0.2515834997306541,0.2515834997306541,0.06247650322966349,0.18594784132255965,4,7.756571773764875e-11,3.865352482534945e-12,0.0,2.478052714936446e-10,3.0315434733807476e-11
102780.0,1.2019999999999997,0.25142559705275147,0.25142559705275147,0.06245551229399425,0.18584819269851835,4,7.716741828867058e-11,3.0127011996228248e-12,0.0,2.474164825416096e-10,3.028942706748596e-11
102840.0,1.2020000000000002,0.25126796815506386,0.25126796815506386,0.062434580362086683,0.18574871146517163,4,7.677163071928561e-11,2.8990143619012088e-12,0.0,2.4702850390703176e-10,3.026331806640427e-11
102900.0,1.2020000000000002,0.251110612355486,0.251110612355486,0.06241370710384894,0.18564939715269418,4,7.637839666285728e-11,3.524291969370097e-12,0.0,2.46640965511899e-10,3.0237112218124765e-11
102960.0,1.2020000000000002,0.25095352897390183,0.25095352897390183,0.062392892194692746,0.18555024929387356,4,7.598765366934046e-11,3.922195901395753e-12,0.0,2.4625424674735064e-10,3.021081382392376e-11
103020.0,1.202,0.2507967173321822,0.2507967173321822,0.06237213531533831,0.1854512674240668,4,7.559933928869e-11,3.126388037344441e-12,0.0,2.4586789521647764e-10,3.018442700686978e-11
103080.0,1.2020000000000002,0.25064017675418443,0.25064017675418443,0.062351436151627554,0.18535245108115941,4,7.521350209316324e-11,3.069544618483633e-12,0.0,2.4548245021753425e-10,3.0157955722126934e-11
103140.0,1.202,0.25048390656575137,0.25048390656575137,0.06233079439434855,0.18525379980552473,4,7.483004493824552e-11,2.9558577807620168e-12,0.0,2.450975670411452e-10,3.0131403764181134e-11
103200.0,1.202,0.2503279060947093,0.2503279060947093,0.062310209739065946,0.18515531313998518,4,7.444898864061855e-11,3.410605131648481e-12,0.0,2.4471335715599936e-10,3.010477477628156e-11
103260.0,1.202,0.2501721746708681,0.2501721746708681,0.062289681885960846,0.18505699062977515,4,7.407024299466158e-11,2.8421709430404007e-12,0.0,2.443298573910892e-10,3.007807225501827e-11
103320.0,1.2020000000000002,0.25001671162601996,0.25001671162601996,0.062269210539676524,0.1849588318225044,4,7.369387045041975e-11,3.353761712787673e-12,0.0,2.439470181458595e-10,3.005129955937486e-11
103380.0,1.202,0.24986151629393744,0.24986151629393744,0.0622487954091742,0.18486083626812325,4,7.331975304669669e-11,3.0127011996228248e-12,0.0,2.4356479073793855e-10,3.002445991863963e-11
103440.0,1.202,0.2497065880103736,0.2497065880103736,0.06222843620759271,0.18476300351888858,4,7.294794629464363e-11,3.751665644813329e-12,0.0,2.431834044693096e-10,2.999755643493013e-11
103500.0,1.202,0.2495519261130601,0.2495519261130601,0.06220813265211493,0.18466533312933103,4,7.257838774421543e-11,2.8990143619012088e-12,0.0,2.4280256850104585e-10,2.997059209161385e-11
103560.0,1.202,0.24939752994170683,0.24939752994170683,0.0621878844638411,0.18456782465622357,4,7.22110773954121e-11,3.296918293926865e-12,0.0,2.4242250661162863e-10,2.994356975763772e-11
103620.0,1.202,0.24924339883799984,0.24924339883799984,0.062167691367667366,0.18447047765855007,4,7.18459458592946e-11,5.286437954055145e-12,0.0,2.4204304829247863e-10,2.9916492195530197e-11
103680.0,1.2020000000000002,0.24908953214560045,0.24908953214560045,0.062147553092169315,0.18437329169747618,4,7.148297925807512e-11,2.5579538487363607e-12,0.0,2.416643875099056e-10,2.988936206139636e-11
103740.0,1.202,0.24893592921014435,0.24893592921014435,0.06212746936949113,0.18427626633632,4,7.112220534732927e-11,3.467448550509289e-12,0.0,2.41286367065606e-10,2.986218191364795e-11
103800.0,1.202,0.24878258937923944,0.24878258937923944,0.062107439935238457,0.184179401140524,4,7.076356861590583e-11,2.7284841053187847e-12,0.0,2.4090905472645073e-10,2.9834954216573454e-11
103860.0,1.202,0.24862951200246444,0.24862951200246444,0.062087464528377434,0.18408269567762814,4,7.040706906380478e-11,2.5011104298755527e-12,0.0,2.4053245494952717e-10,2.98076813435195e-11
103920.0,1.202,0.2484766964313677,0.2484766964313677,0.06206754289113764,0.18398614951724318,4,7.005266505766272e-11,3.240074875066057e-12,0.0,2.401565275642978e-10,2.9780365582810105e-11
103980.0,1.202,0.24832414201946504,0.24832414201946504,0.062047674768917545,0.1838897622310251,4,6.970032884190402e-11,3.183231456205249e-12,0.0,2.3978132503344227e-10,2.97530091380627e-11
104040.0,1.2020000000000002,0.248171848122238,0.248171848122238,0.062027859910194855,0.1837935333926501,4,6.935003959984698e-11,5.229594535194337e-12,0.0,2.394069212622793e-10,2.97256141353945e-11
104100.0,1.2020000000000002,0.24801981409713175,0.24801981409713175,0.062008098066441815,0.1836974625777904,4,6.90018250870672e-11,3.751665644813329e-12,0.0,2.3903315545176825e-10,2.969818262560627e-11
104160.0,1.202,0.24786803930355314,0.24786803930355314,0.06198838899204252,0.1836015493640909,4,6.865561591462566e-11,3.865352482534945e-12,0.0,2.3866008052960986e-10,2.967071658637271e-11
104220.0,1.2019999999999997,0.24771652310286849,0.24771652310286849,0.0619687324442131,0.18350579333114583,4,6.831141902141624e-11,2.8990143619012088e-12,0.0,2.382877095943216e-10,2.9643217926479254e-11
104280.0,1.202,0.24756526485840072,0.24756526485840072,0.06194912818292635,0.18341019406047687,4,6.796918583518163e-11,5.002220859751105e-12,0.0,2.379161868481806e-10,2.961568848800915e-11
104340.0,1.202,0.24741426393542765,0.24741426393542765,0.061929575970838605,0.1833147511355111,4,6.762897186707306e-11,3.524291969370097e-12,0.0,2.3754527965274083e-10,2.958813004997809e-11
104400.0,1.202,0.24726351970117855,0.24726351970117855,0.0619100755732205,0.1832194641415602,4,6.729070078925758e-11,2.6716406864579767e-12,0.0,2.371751155110248e-10,2.956054433058744e-11
104460.0,1.2019967407407406,0.2471130315248222,0.2471130315248222,0.06190084290117321,0.18312499072092137,3,2.5053258079221763e-10,4.035882739117369e-12,-1.0394650205760702e-07,-1.7172574990958517e-08,2.6247325337219577e-11
104520.0,1.201987259259259,0.2469627987773976,0.2469627987773976,0.061907296377561254,0.18303183304553558,3,8.449325406001407e-10,3.296918293926865e-12,-2.0419341563784887e-07,-3.398314364892503e-08,1.7516295207567218e-11
104580.0,1.2019719999999998,0.2468128208318661,0.2468128208318661,0.061923534281179936,0.18293979541327338,4,5.1670542844384215e-11,3.0127011996228248e-12,-2.9703292181069117e-07,-4.958191138991515e-08,5.15188968074103e-12
104640.0,1.2019514074074076,0.24666309706313805,0.24666309706313805,0.0619452615073393,0.18284872237077018,4,6.285588022292288e-11,2.8421709430404007e-12,-3.824650205760797e-07,-6.397006999387066e-08,-9.317339319006877e-12
104700.0,1.201925925925926,0.246513626848069,0.246513626848069,0.06196947543201185,0.18275848732793315,4,6.654571338415849e-11,3.0127011996228248e-12,-4.6048971193406873e-07,-7.71436682212129e-08,-2.472530580708617e-11
104760.0,1.2018960000000003,0.24636440956545616,0.24636440956545616,0.06199413228760194,0.18266898376280083,4,6.531133273091072e-11,3.353761712787673e-12,-5.311069958847123e-07,-8.909623581778122e-08,-4.0234589774420764e-11
104820.0,1.2018620740740742,0.2462154445960355,0.2462154445960355,0.06201786655478396,0.18258011883485198,4,6.089661414021563e-11,2.4442670110147446e-12,-5.94316872427848e-07,-9.982043539999436e-08,-5.526795664582849e-11
104880.0,1.2018245925925928,0.2460667313224769,0.2460667313224769,0.06203977620506497,0.18249180892751646,4,5.4448480446556147e-11,3.581135388230905e-12,-6.501193415636925e-07,-1.0930899720274526e-07,-6.944045738494718e-11
104940.0,1.201784,0.24591826912938106,0.24591826912938106,0.06205926701845134,0.18240397663082608,4,4.670031028553012e-11,3.240074875066057e-12,-6.985144032921374e-07,-1.1755520142179272e-07,-8.250297293972945e-11
105000.0,1.2017407407407408,0.2457700574032748,0.2457700574032748,0.062075943985691245,0.18231654875106296,4,3.81076975530803e-11,3.637978807091713e-12,-7.395020576130744e-07,-1.2455308985684585e-07,-9.429903691388616e-11
105060.0,1.2016952592592591,0.2456220955326068,0.2456220955326068,0.06208953762915524,0.18222945502867688,3,8.513192928383262e-10,3.0127011996228248e-12,-7.730823045266118e-07,-1.302975314721191e-07,-1.0473331260046639e-10
105120.0,1.201648,0.24547438290774365,0.24547438290774365,0.06209985648408486,0.1821426273286029,3,5.727034055325042e-10,2.6147972675971687e-12,-7.992551440328582e-07,-1.3478425727278773e-07,-1.1375022897788883e-10
105180.0,1.2015994074074074,0.2453269189209646,0.2453269189209646,0.06210675529088598,0.18205599913574422,3,2.837582530057503e-10,3.240074875066057e-12,-8.180205761315965e-07,-1.3800979841433756e-07,-1.2131858877074744e-10
105240.0,1.201549925925926,0.24517970296645775,0.24517970296645775,0.06211011569377316,0.18196950525368386,3,5.269938652130435e-11,3.353761712787673e-12,-8.293786008229353e-07,-1.399714921591294e-07,-1.274217798048524e-10
105300.0,1.2015,0.2450327344403144,0.2450327344403144,0.062109834697541,0.18188308162054806,3,3.2006290673347593e-10,3.637978807091713e-12,-8.33329218106766e-07,-1.406674648047117e-07,-1.3205163196332662e-10
105360.0,1.2014500740740741,0.24488601274052446,0.24488601274052446,0.06210581771599263,0.18179666519748294,3,6.33921345971622e-10,3.524291969370097e-12,-8.298724279833055e-07,-1.4009662657174298e-07,-1.352044686204666e-10
105420.0,1.2014005925925928,0.24473953726697148,0.24473953726697148,0.06209797461992783,0.18171019389948595,3,9.555644886471981e-10,2.6147972675971687e-12,-8.190082304525543e-07,-1.3825867722850994e-07,-1.3687870419695648e-10
105480.0,1.2013520000000002,0.24459330742142774,0.24459330742142774,0.0620862171887059,0.18162360655157817,4,4.406728454364739e-11,3.694822225952521e-12,-8.007366255142946e-07,-1.3515410752513466e-07,-1.3707313764797081e-10
105540.0,1.201304740740741,0.24444732260754795,0.24444732260754795,0.0620704592670933,0.18153684285405122,4,5.558682680817384e-11,2.9558577807620168e-12,-7.750576131686356e-07,-1.3078425882255872e-07,-1.357870231755546e-10
105600.0,1.2012592592592592,0.24430158223086512,0.24430158223086512,0.06205061497956433,0.18144984335331266,4,6.739753893869604e-11,2.6716406864579767e-12,-7.419711934155771e-07,-1.2515128941092268e-07,-1.3301878003228648e-10
105660.0,1.201216,0.24415608569878422,0.24415608569878422,0.062026598896674195,0.18136254942042113,4,7.950957947588932e-11,3.467448550509289e-12,-7.014773662550105e-07,-1.1825823058608633e-07,-1.287660031177882e-10
105720.0,1.2011754074074075,0.24401083242057683,0.24401083242057683,0.06199832604869376,0.18127490322774784,4,9.193302369370215e-11,3.410605131648481e-12,-6.535761316871528e-07,-1.1010900622307446e-07,-1.2302540750922534e-10
105780.0,1.201137925925926,0.24386582180737523,0.24386582180737523,0.06196571193161614,0.18118684772575727,4,1.0467744726572192e-10,2.7284841053187847e-12,-5.982674897118956e-07,-1.0070845988714253e-07,-1.1579278962855236e-10
105840.0,1.2011040000000002,0.24372105327216653,0.24372105327216653,0.06192867253092681,0.18109832661959446,4,1.177522246376128e-10,3.0127011996228248e-12,-5.355514403291304e-07,-9.006238199720004e-08,-1.0706301931303028e-10
105900.0,1.2010740740740742,0.24357652622978762,0.24357652622978762,0.06188712434155404,0.18100928434542313,4,1.3116631392140476e-10,3.069544618483633e-12,-4.654279835389656e-07,-7.817753781320975e-08,-9.683004371597545e-11
105960.0,1.2010485925925927,0.24343224009691813,0.24343224009691813,0.061840984376027794,0.1809196660465725,4,1.4492837485668986e-10,3.296918293926865e-12,-3.8789711934156387e-07,-6.506169523155264e-08,-8.508689318117799e-11
106020.0,1.201028,0.24328819429207446,0.24328819429207446,0.061790170159756026,0.18082941754958295,4,1.5904647043818443e-10,2.7853275241795927e-12,-3.029588477366e-07,-5.0723653148346316e-08,-7.182568439156633e-11
106080.0,1.201012740740741,0.24314438823560422,0.24314438823560422,0.061734599715474736,0.18073848534023623,4,1.7352851100493893e-10,3.467448550509289e-12,-2.106131687242365e-07,-3.5173269247786376e-08,-5.7037618935448524e-11
106140.0,1.2010032592592594,0.24300082134967976,0.24300082134967976,0.061674191540073794,0.18064681653963405,4,1.8838159504541707e-10,4.774847184307873e-12,-1.1086008230452773e-07,-1.8421488230349472e-08,-4.0712976871134735e-11
106200.0,1.201,0.24285749305829096,0.24285749305829096,0.06160886457714981,0.180554358880362,4,2.0361250879785686e-10,3.069544618483633e-12,-3.699588477366012e-09,-4.803700302839496e-10,-2.2841105609232745e-11
106260.0,1.201,0.24271440278721054,0.24271440278721054,0.061549129735837635,0.18046173643456742,4,1.6011768994017572e-10,3.524291969370097e-12,0.0,1.6284309131821089e-10,-6.906150104787595e-12
106320.0,1.201,0.24257154996394278,0.24257154996394278,0.061502340817141385,0.18036953360256008,4,1.2828197532011032e-10,3.524291969370097e-12,0.0,1.8211736420875742e-10,4.2861425303098864e-12
106380.0,1.201,0.24242893401777768,0.24242893401777768,0.0614645072664137,0.1802776645564406,4,1.0672565609048945e-10,2.7284841053187847e-12,0.0,1.9512434679488542e-10,1.1892962798919458e-11
106440.0,1.2010000000000003,0.24228655437979238,0.24228655437979238,0.06143271319812476,0.18018607072335757,4,9.237206832768408e-11,2.7853275241795927e-12,0.0,2.0367125353293965e-10,1.6946411720158854e-11
106500.0,1.201,0.24214441048284568,0.24214441048284568,0.06140492321583106,0.1800947129573896,4,8.290656355880444e-11,3.069544618483633e-12,0.0,2.0915654086376518e-10,2.024665380656728e-11
106560.0,1.2010000000000003,0.24200250176157093,0.24200250176157093,0.06137975932533805,0.180003565457135,4,7.667856627424641e-11,3.183231456205249e-12,0.0,2.1259568820459817e-10,2.2374560623887165e-11
106620.0,1.201,0.2418608276523703,0.2418608276523703,0.06135631028483576,0.17991261134705344,4,7.255194361954764e-11,2.7284841053187847e-12,0.0,2.146956781676757e-10,2.3735208554335333e-11
106680.0,1.2010000000000003,0.2417193875934077,0.2417193875934077,0.061333985291507555,0.17982183959532733,4,6.976571403916054e-11,3.0127011996228248e-12,0.0,2.1593634161072974e-10,2.4603002410284594e-11
106740.0,1.201,0.2415781810246023,0.2415781810246023,0.0613124079254826,0.17973124292583875,4,6.782124861715033e-11,2.8990143619012088e-12,0.0,2.1663366525724159e-10,2.515950326252254e-11
106800.0,1.201,0.24143720738762217,0.24143720738762217,0.06129134208911089,0.17964081643661697,4,6.639852556666881e-11,3.0127011996228248e-12,0.0,2.1699339439773974e-10,2.552237250821194e-11
106860.0,1.201,0.24129646612587785,0.24129646612587785,0.06127064171640543,0.17955055670452152,4,6.529605328653432e-11,3.637978807091713e-12,0.0,2.1714572465304912e-10,2.576638773901083e-11
106920.0,1.201,0.24115595668451512,0.24115595668451512,0.06125021740694966,0.17946046121622347,4,6.438936883679247e-11,3.751665644813329e-12,0.0,2.1717218644767123e-10,2.593816682612984e-11
106980.0,1.201,0.24101567851040845,0.24101567851040845,0.061230014743922735,0.17937052801342976,4,6.360307419628342e-11,3.808509063674137e-12,0.0,2.171222363997756e-10,2.606620531295556e-11
107040.0,1.201,0.2408756310521551,0.2408756310521551,0.061210000480923815,0.17928075547596917,4,6.289244819379647e-11,3.240074875066057e-12,0.0,2.1702596191247158e-10,2.616756383033842e-11
107100.0,1.201,0.24073581376006722,0.24073581376006722,0.061190153915167037,0.17919114219185678,4,6.223140058825294e-11,3.240074875066057e-12,0.0,2.1690047401945234e-10,2.6252232795807806e-11
107160.0,1.201,0.2405962260861659,0.2405962260861659,0.06117046161146977,0.17910168688113132,4,6.160518623010702e-11,2.6147972675971687e-12,0.0,2.1675589921983087e-10,2.6325925768113087e-11
107220.0,1.201,0.24045686748417466,0.24045686748417466,0.06115091424918127,0.17901238835221794,4,6.100552701893136e-11,3.296918293926865e-12,0.0,2.1659776694976906e-10,2.6391832261938654e-11
107280.0,1.201,0.2403177374095114,0.2403177374095114,0.06113150478728172,0.17892324547748642,4,6.042780165138595e-11,2.9558577807620168e-12,0.0,2.164291466957315e-10,2.6451694948407762e-11
107340.0,1.201,0.24017883531928308,0.24017883531928308,0.061112227430283106,0.17883425717981405,4,5.986944967562025e-11,2.8990143619012088e-12,0.0,2.1625177944754388e-10,2.6506456545279854e-11
107400.0,1.201,0.2400401606722784,0.2400401606722784,0.06109307706869233,0.1787454224252356,4,5.93289514738693e-11,3.808509063674137e-12,0.0,2.1606645844139693e-10,2.6556637952292353e-11
107460.0,1.201,0.23990171292896068,0.23990171292896068,0.06107404899244694,0.17865674021880718,4,5.88052523342597e-11,2.8990143619012088e-12,0.0,2.158739436166162e-10,2.660255204387135e-11
107520.0,1.201,0.2397634915514613,0.2397634915514613,0.061055138755509844,0.17856820960205844,4,5.8297519589523e-11,3.296918293926865e-12,0.0,2.156744721517443e-10,2.664441934526304e-11
107580.0,1.201,0.23962549600357283,0.23962549600357283,0.061036342119904094,0.17847982965115566,4,5.78050524113749e-11,3.0127011996228248e-12,0.0,2.1546854206149662e-10,2.6682426758135275e-11
107640.0,1.201,0.2394877257507425,0.2394877257507425,0.06101765503828533,0.1783915994753288,4,5.7327087521485964e-11,2.8421709430404007e-12,0.0,2.152563633388933e-10,2.6716754419711093e-11
107700.0,1.201,0.23935018026006538,0.23935018026006538,0.060999073652686926,0.178303518215359,4,5.686294490825361e-11,2.9558577807620168e-12,0.0,2.1503819930021963e-10,2.6747585577846074e-11
107760.0,1.201,0.239212859000277,0.239212859000277,0.06098059429792476,0.17821558504205137,4,5.641186129334841e-11,3.581135388230905e-12,0.0,2.1481481856942998e-10,2.6775108079381037e-11
107820.0,1.201,0.2390757614417463,0.2390757614417463,0.060962213504293754,0.17812779915468074,4,5.597316360406168e-11,3.751665644813329e-12,0.0,2.145861367718784e-10,2.6799512240729336e-11
107880.0,1.201,0.23893888705646946,0.23893888705646946,0.06094392799751903,0.1780401597794277,4,5.554610243985181e-11,2.6716406864579767e-12,0.0,2.143525763957405e-10,2.682098760518162e-11
107940.0,1.201,0.2388022353180629,0.2388022353180629,0.06092573469560157,0.1779526661678275,4,5.513008105584305e-11,2.8421709430404007e-12,0.0,2.141146308224615e-10,2.6839719804777803e-11
108000.0,1.201,0.23866580570175583,0.23866580570175583,0.06090763070296712,0.1778653175952566,4,5.47243708681755e-11,2.6147972675971687e-12,0.0,2.1387258856078056e-10,2.6855888022493784e-11
108060.0,1.201,0.23852959768438384,0.23852959768438384,0.06088961330258387,0.17777811335947452,4,5.432838207086732e-11,3.240074875066057e-12,0.0,2.1362665493317818e-10,2.686966318206421e-11
108120.0,1.201,0.23839361074438092,0.23839361074438092,0.06087167994673923,0.17769105277923541,4,5.3941594246875724e-11,2.8421709430404007e-12,0.0,2.1337722829332023e-10,2.6881206818507055e-11
108180.0,1.201,0.23825784436177366,0.23825784436177366,0.060853828247068975,0.1776041351929762,4,5.356343840690059e-11,3.126388037344441e-12,0.0,2.1312442551989496e-10,2.689067050468893e-11
108240.0,1.2010000000000003,0.23812229801817297,0.23812229801817297,0.060836055964308716,0.17751735995758647,4,5.319342882836864e-11,2.7284841053187847e-12,0.0,2.1286891585702212e-10,2.689819571049759e-11
108300.0,1.201,0.23798697119676798,0.23798697119676798,0.06081836099811361,0.17743072644725977,4,5.283112836096393e-11,3.126388037344441e-12,0.0,2.1261039522495586e-10,2.690391396079371e-11
108360.0,1.2010000000000003,0.2378518633823175,0.2378518633823175,0.060800741377184164,0.17734423405242544,4,5.247605128211319e-11,3.126388037344441e-12,0.0,2.1234953566302465e-10,2.690794720457996e-11
108420.0,1.201,0.23771697406114364,0.23771697406114364,0.06078319524985174,0.17725788217875707,4,5.2127857586015125e-11,3.751665644813329e-12,0.0,2.1208604553439662e-10,2.6910408307350476e-11
108480.0,1.2010000000000003,0.23758230272112493,0.23758230272112493,0.06076572087521171,0.1771716702462544,4,5.1786117061247694e-11,3.240074875066057e-12,0.0,2.118208034697361e-10,2.691140161284575e-11
108540.0,1.201,0.23744784885168713,0.23744784885168713,0.06074831661484669,0.1770855976883934,4,5.145058684652426e-11,5.4001247917767614e-12,0.0,2.11553350385656e-10,2.6911023537782263e-11
108600.0,1.201,0.23731361194379713,0.23731361194379713,0.06073098092514981,0.17699966395133987,4,5.1120878363786204e-11,3.0127011996228248e-12,0.0,2.1128414082205866e-10,2.6909363160783582e-11
108660.0,1.201,0.2371795914899547,0.2371795914899547,0.06071371235023705,0.17691386849322205,4,5.079672793506518e-11,2.7284841053187847e-12,0.0,2.1101332636904254e-10,2.6906502799403342e-11
108720.0,1.201,0.23704578698418516,0.23704578698418516,0.06069650951542149,0.17682821078345734,4,5.047785106571112e-11,3.637978807091713e-12,0.0,2.107409659987355e-10,2.6902518555321654e-11
108780.0,1.201,0.23691219792203094,0.23691219792203094,0.06067937112121949,0.17674269030212916,4,5.0163984077755686e-11,3.808509063674137e-12,0.0,2.104671675519842e-10,2.6897480828657878e-11
108840.0,1.201,0.2367788238005443,0.2367788238005443,0.06066229593785157,0.1766573065394094,4,4.9854974315532985e-11,3.581135388230905e-12,0.0,2.10192304918449e-10,2.68914547910468e-11
108900.0,1.201,0.2366456641182789,0.2366456641182789,0.06064528280019876,0.17657205899502265,4,4.955054422328686e-11,2.7853275241795927e-12,0.0,2.099161624935164e-10,2.6884500824964184e-11
108960.0,1.201,0.2365127183752818,0.2365127183752818,0.060628330603178925,0.1764869471777496,4,4.9250506450881915e-11,2.7853275241795927e-12,0.0,2.0963899471402534e-10,2.6876674924565253e-11
109020.0,1.201,0.23637998607308497,0.23637998607308497,0.06061143829750754,0.17640197060496504,4,4.895465283150102e-11,3.410605131648481e-12,0.0,2.093608643120829e-10,2.6868029063474014e-11
109080.0,1.201,0.23624746671469785,0.23624746671469785,0.060594604885808485,0.17631712880220868,4,4.86628307094783e-11,5.115907697472721e-12,0.0,2.0908187175511402e-10,2.6858611527329713e-11
109140.0,1.201,0.2361151598045977,0.2361151598045977,0.06057782941904318,0.17623242130278555,4,4.8374894368041765e-11,2.9558577807620168e-12,0.0,2.088021080686673e-10,2.6848467218589653e-11
109200.0,1.201,0.2359830648487223,0.2359830648487223,0.060561110993231373,0.17614784764739366,4,4.809069115152553e-11,3.0127011996228248e-12,0.0,2.0852162209012142e-10,2.683763793542307e-11
109260.0,1.201,0.23585118135446018,0.23585118135446018,0.0605444487464371,0.17606340738377674,4,4.7810026770900294e-11,2.5011104298755527e-12,0.0,2.0824052907016729e-10,2.6826162621678492e-11
109320.0,1.201,0.2357195088306432,0.2357195088306432,0.06052784185599399,0.17597910006640022,4,4.75328179594392e-11,3.353761712787673e-12,0.0,2.079588239875936e-10,2.6814077595456902e-11
109380.0,1.201,0.235588046787537,0.235588046787537,0.060511289535949496,0.17589492525614817,4,4.725893981705198e-11,2.6716406864579767e-12,0.0,2.0767666387468549e-10,2.6801416759412487e-11
109440.0,1.201,0.23545679473683254,0.23545679473683254,0.06049479103471043,0.1758108825200398,4,4.6988225810284945e-11,3.183231456205249e-12,0.0,2.073940057453679e-10,2.6788211789296878e-11
109500.0,1.201,0.23532575219163737,0.23532575219163737,0.06047834563286885,0.1757269714309645,4,4.6720634305774666e-11,3.524291969370097e-12,0.0,2.0711083392529616e-10,2.6774492307387486e-11
109560.0,1.201,0.23519491866646655,0.23519491866646655,0.06046195264119439,0.17564319156743297,4,4.645601264785526e-11,5.4001247917767614e-12,0.0,2.068276169939437e-10,2.676028603916048e-11
109620.0,1.201,0.23506429367723386,0.23506429367723386,0.06044561139877758,0.17555954251334388,4,4.619429144758769e-11,2.6716406864579767e-12,0.0,2.06543989538756e-10,2.6745618959220328e-11
109680.0,1.201,0.23493387674124347,0.23493387674124347,0.06042932127131206,0.1754760238577649,4,4.5935394377139005e-11,2.8990143619012088e-12,0.0,2.0625999779163835e-10,2.6730515419896616e-11
109740.0,1.201,0.2348036673771802,0.2348036673771802,0.060413081649503264,0.1753926351947271,4,4.5679168780843327e-11,3.353761712787673e-12,0.0,2.059758623682511e-10,2.6714998274674273e-11
109800.0,1.201,0.23467366510510143,0.23467366510510143,0.06039689194759211,0.17530937612303102,4,4.542555914754942e-11,3.296918293926865e-12,0.0,2.05691520405197e-10,2.6699088984932963e-11
109860.0,1.201,0.2345438694464278,0.2345438694464278,0.06038075160198535,0.1752262462460647,4,4.517453078278777e-11,3.637978807091713e-12,0.0,2.0540709365668598e-10,2.6682807722500935e-11
109920.0,1.201,0.2344142799239348,0.2344142799239348,0.06036466006998329,0.17514324517163166,4,4.492599348093762e-11,3.183231456205249e-12,0.0,2.0512256286627103e-10,2.6666173460816947e-11
109980.0,1.201,0.23428489606174427,0.23428489606174427,0.060348616828596005,0.17506037251178924,4,4.467986397527213e-11,2.7853275241795927e-12,0.0,2.0483781810855733e-10,2.664920406148975e-11
110040.0,1.2010000000000003,0.23415571738531518,0.23415571738531518,0.06033262137344264,0.17497762788269555,4,4.443607287685225e-11,3.296918293926865e-12,0.0,2.0455331721078211e-10,2.6631916349518586e-11
110100.0,1.201,0.23402674342143573,0.23402674342143573,0.06031667321772513,0.1748950109044654,4,4.4194557735632856e-11,2.7284841053187847e-12,0.0,2.042685992591201e-10,2.661432618763026e-11
110160.0,1.2010000000000003,0.23389797369821502,0.23389797369821502,0.06030077189127203,0.1748125212010334,4,4.395531161272004e-11,3.410605131648481e-12,0.0,2.0398395961226593e-10,2.6596448538534395e-11
110220.0,1.201,0.2337694077450743,0.2337694077450743,0.06028491693964617,0.17473015840002537,4,4.3718188791341817e-11,2.9558577807620168e-12,0.0,2.0369917570384237e-10,2.6578297530513907e-11
110280.0,1.2010000000000003,0.23364104509273906,0.23364104509273906,0.060269107923311915,0.17464792213263575,4,4.3483182332604287e-11,3.183231456205249e-12,0.0,2.0341480155692442e-10,2.655988650820892e-11
110340.0,1.201,0.23351288527323136,0.23351288527323136,0.060253344416854863,0.17456581203351207,4,4.325023672535622e-11,3.922195901395753e-12,0.0,2.031302720734813e-10,2.6541228087126318e-11
110400.0,1.201,0.23338492781986198,0.23338492781986198,0.06023762600825417,0.1744838277406451,4,4.301935890849151e-11,3.353761712787673e-12,0.0,2.0284591124700347e-10,2.6522334200514415e-11
110460.0,1.201,0.2332571722672223,0.2332571722672223,0.06022195229819989,0.1744019688952647,4,4.279040316523819e-11,2.7853275241795927e-12,0.0,2.0256167574328536e-10,2.6503216143724655e-11
110520.0,1.201,0.2331296181511775,0.2331296181511775,0.06020632289945503,0.17432023514174094,4,4.256336949559625e-11,3.524291969370097e-12,0.0,2.022776136051887e-10,2.648388461521495e-11
110580.0,1.201,0.23300226500885884,0.23300226500885884,0.06019073743625564,0.17423862612749022,4,4.2338264838459594e-11,3.126388037344441e-12,0.0,2.0199354456292647e-10,2.646434975273883e-11
110640.0,1.201,0.232875112378657,0.232875112378657,0.06017519554374876,0.17415714150288591,4,4.211497817152576e-11,2.6147972675971687e-12,0.0,2.017099819896155e-10,2.6444621169867135e-11
110700.0,1.201,0.23274815980021496,0.23274815980021496,0.0601596968674649,0.17407578092117348,4,4.189349561700695e-11,2.8990143619012088e-12,0.0,2.014264189013085e-10,2.6424707989411055e-11
110760.0,1.201,0.232621406814422,0.232621406814422,0.060144241062822325,0.1739945440383895,4,4.1673789419327534e-11,3.524291969370097e-12,0.0,2.0114310742075034e-10,2.640461886925665e-11
110820.0,1.201,0.2324948529634065,0.2324948529634065,0.06012882779465998,0.17391343051328462,4,4.145583876180581e-11,3.0127011996228248e-12,0.0,2.0086001120683946e-10,2.6384362035109618e-11
110880.0,1.201,0.23236849779052982,0.23236849779052982,0.06011345673679991,0.1738324400072503,4,4.1239546499927116e-11,3.467448550509289e-12,0.0,2.0057713603379947e-10,2.636394530463738e-11
110940.0,1.201,0.23224234084038106,0.23224234084038106,0.060098127571633485,0.17375157218424853,4,4.102493345037317e-11,3.240074875066057e-12,0.0,2.0029454418819814e-10,2.634337611082206e-11
111000.0,1.201,0.23211638165877108,0.23211638165877108,0.06008283998973245,0.17367082671074519,4,4.0811992674250064e-11,3.353761712787673e-12,0.0,2.00012241159656e-10,2.6322661525331625e-11
111060.0,1.201,0.23199061979272667,0.23199061979272667,0.06006759368948184,0.1735902032556461,4,4.0600627027043146e-11,3.410605131648481e-12,0.0,1.9973019143208157e-10,2.63018082801391e-11
111120.0,1.201,0.2318650547904858,0.2318650547904858,0.060052388376734246,0.1735097014902362,4,4.039084344764632e-11,2.8421709430404007e-12,0.0,1.9944839262277117e-10,2.628082278562622e-11
111180.0,1.201,0.23173968620149193,0.23173968620149193,0.06003722376448243,0.1734293210881211,4,4.0182648874953486e-11,3.353761712787673e-12,0.0,1.991669594208329e-10,2.625971114979555e-11
111240.0,1.201,0.23161451357639054,0.23161451357639054,0.06002209957255164,0.1733490617251713,4,3.997592534776828e-11,2.7853275241795927e-12,0.0,1.988857951908189e-10,2.6238479195416262e-11
111300.0,1.201,0.23148953646702286,0.23148953646702286,0.060007015527307105,0.17326892307946912,4,3.977075613281755e-11,3.467448550509289e-12,0.0,1.986049058856767e-10,2.621713247589444e-11
111360.0,1.201,0.23136475442642296,0.23136475442642296,0.059991971361379154,0.17318890483125715,4,3.956701633001103e-11,3.694822225952521e-12,0.0,1.983245119592834e-10,2.6195676289426136e-11
111420.0,1.201,0.23124016700881284,0.23124016700881284,0.05997696681340124,0.1731090066628896,4,3.936475451160604e-11,3.0127011996228248e-12,0.0,1.980443215232383e-10,2.6174115693833672e-11
111480.0,1.201,0.23111577376959866,0.23111577376959866,0.05996200162776341,0.17302922825878544,4,3.9163915166451346e-11,2.5579538487363607e-12,0.0,1.9776450297023242e-10,2.615245551945147e-11
111540.0,1.201,0.23099157426536784,0.23099157426536784,0.05994707555437851,0.17294956930538308,4,3.896448441675915e-11,3.296918293926865e-12,0.0,1.974850436337351e-10,2.6130700380926606e-11
111600.0,1.201,0.23086756805388464,0.23086756805388464,0.059932188348459994,0.17287002949109737,4,3.876646920142335e-11,3.069544618483633e-12,0.0,1.9720593674087085e-10,2.6108854688840702e-11
111660.0,1.201,0.23074375469408698,0.23074375469408698,0.059917339770311606,0.17279060850627814,4,3.856977237592929e-11,2.5011104298755527e-12,0.0,1.969272337582086e-10,2.6086922661541912e-11
111720.0,1.201,0.23062013374608392,0.23062013374608392,0.059902529585127755,0.1727113060431702,4,3.837442169585259e-11,3.0127011996228248e-12,0.0,1.966488205734697e-10,2.6064908332932003e-11
111780.0,1.201,0.2304967047711524,0.2304967047711524,0.059887757562804254,0.17263212179587534,4,3.8180431038981055e-11,3.581135388230905e-12,0.0,1.9637076294012776e-10,2.6042815564210665e-11
111840.0,1.2010000000000003,0.23037346733173464,0.23037346733173464,0.059873023477758205,0.17255305546031524,4,3.798775183305736e-11,3.410605131648481e-12,0.0,1.9609337492105898e-10,2.602064805092309e-11
111900.0,1.201,0.23025042099143514,0.23025042099143514,0.05985832710875716,0.17247410673419616,4,3.7796356322505886e-11,3.296918293926865e-12,0.0,1.9581604732593253e-10,2.5998409334424695e-11
111960.0,1.2010000000000003,0.23012756531501893,0.23012756531501893,0.0598436682387565,0.17239527531697493,4,3.760621675175102e-11,4.718003765447065e-12,0.0,1.955393690908274e-10,2.597610280527918e-11
112020.0,1.201,0.2300048998684094,0.2300048998684094,0.059829046654744734,0.172316560909826,4,3.741736087636838e-11,2.6147972675971687e-12,0.0,1.9526278980357007e-10,2.5953731714182274e-11
112080.0,1.2010000000000003,0.22988242421868546,0.22988242421868546,0.05981446214759632,0.17223796321560997,4,3.722975400188844e-11,3.069544618483633e-12,0.0,1.9498698423686434e-10,2.5931299177222608e-11
112140.0,1.201,0.2297601379340803,0.2297601379340803,0.05979991451193143,0.1721594819388431,4,3.7043333678266066e-11,3.637978807091713e-12,0.0,1.9471131116559332e-10,2.5908808184297444e-11
112200.0,1.201,0.22963804058397894,0.22963804058397894,0.05978540354598299,0.1720811167856678,4,3.6858120722182974e-11,3.296918293926865e-12,0.0,1.9443616198081204e-10,2.5886261602065716e-11
112260.0,1.201,0.22951613173891722,0.22951613173891722,0.059770929051469,0.17200286746382437,4,3.6674122072533066e-11,3.183231456205249e-12,0.0,1.941613423138701e-10,2.586366218332991e-11
112320.0,1.201,0.22939441097058008,0.22939441097058008,0.05975649083347121,0.1719247336826239,4,3.6491309973740726e-11,4.320099833421409e-12,0.0,1.93887017433601e-10,2.5841012570665727e-11
112380.0,1.201,0.229272877851799,0.229272877851799,0.05974208870031984,0.17184671515292144,4,3.630966360912424e-11,2.5579538487363607e-12,0.0,1.936130401045027e-10,2.581831530186329e-11
112440.0,1.201,0.22915153195655227,0.22915153195655227,0.05972772246348332,0.17176881158709079,4,3.612912052863848e-11,4.661160346586257e-12,0.0,1.9333964348086424e-10,2.5795572815298842e-11
112500.0,1.201,0.22903037285996278,0.22903037285996278,0.059713391937462265,0.17169102269899988,4,3.5949777876798095e-11,3.467448550509289e-12,0.0,1.9306667992907809e-10,2.5772787453193845e-11
112560.0,1.201,0.2289094001382967,0.2289094001382967,0.05969909693968939,0.17161334820398677,4,3.5771545447982334e-11,3.069544618483633e-12,0.0,1.9279406096808256e-10,2.574996146836808e-11
112620.0,1.201,0.22878861336896275,0.22878861336896275,0.05968483729043316,0.17153578781883674,4,3.559438854772168e-11,3.694822225952521e-12,0.0,1.9252189384410726e-10,2.572709702663185e-11
112680.0,1.201,0.22866801213051058,0.22866801213051058,0.0596706128127059,0.17145834126176018,4,3.541837656495517e-11,3.069544618483633e-12,0.0,1.922502211569802e-10,2.5704196210658854e-11
112740.0,1.201,0.2285475960026298,0.2285475960026298,0.059656423332175954,0.17138100825237063,4,3.5243460927425474e-11,2.4442670110147446e-12,0.0,1.9197892707325175e-10,2.5681261025559706e-11
112800.0,1.201,0.22842736456614998,0.22842736456614998,0.05964226867708348,0.17130378851166428,4,3.5069586123981367e-11,3.467448550509289e-12,0.0,1.9170811526551953e-10,2.5658293400193866e-11
112860.0,1.201,0.22830731740303792,0.22830731740303792,0.0596281486781603,0.17122668176199957,4,3.489679378798627e-11,3.467448550509289e-12,0.0,1.9143771385795574e-10,2.56352951916546e-11
112920.0,1.201,0.22818745409639846,0.22818745409639846,0.05961406316855262,0.17114968772707778,4,3.4725021469395045e-11,2.6147972675971687e-12,0.0,1.911678335628488e-10,2.5612268188165773e-11
112980.0,1.201,0.22806777423047236,0.22806777423047236,0.0596000119837473,0.17107280613192372,4,3.455432467935893e-11,3.694822225952521e-12,0.0,1.9089837605576715e-10,2.5589214112458394e-11
113040.0,1.201,0.22794827739063625,0.22794827739063625,0.05958599496150112,0.1709960367028676,4,3.4384668723408396e-11,3.637978807091713e-12,0.0,1.906293721026415e-10,2.5566134624238932e-11
113100.0,1.201,0.2278289631634011,0.2278289631634011,0.059572011941773424,0.17091937916752709,4,3.4216025845967835e-11,3.069544618483633e-12,0.0,1.9036075776773093e-10,2.5543031322727096e-11
113160.0,1.201,0.22770983113641172,0.22770983113641172,0.05955806276666031,0.17084283325479002,4,3.404837523035553e-11,2.8421709430404007e-12,0.0,1.900927856260959e-10,2.5519905749817327e-11
113220.0,1.201,0.22759088089844592,0.22759088089844592,0.059544147280333456,0.17076639869479754,4,3.3881744632147104e-11,3.296918293926865e-12,0.0,1.898251700472152e-10,2.549675939263313e-11
113280.0,1.201,0.22747211203941323,0.22747211203941323,0.05953026532897952,0.17069007521892768,4,3.3716092417979127e-11,3.240074875066057e-12,0.0,1.8955799447145741e-10,2.547359368424175e-11
113340.0,1.201,0.22735352415035487,0.22735352415035487,0.059516416760742874,0.17061386255977976,4,3.355140471006379e-11,2.5579538487363607e-12,0.0,1.8929132855372992e-10,2.545041000843695e-11
113400.0,1.201,0.2272351168234419,0.2272351168234419,0.05950260142567091,0.17053776045115862,4,3.3387757836234044e-11,2.6147972675971687e-12,0.0,1.8902512855833352e-10,2.5427209699484212e-11
113460.0,1.201,0.22711688965197502,0.22711688965197502,0.059488819175660776,0.17046176862805998,4,3.3225033835293516e-11,2.7284841053187847e-12,0.0,1.8875932640414805e-10,2.5403994045580032e-11
113520.0,1.201,0.2269988422303833,0.2269988422303833,0.0594750698644084,0.17038588682665562,4,3.306325352392392e-11,3.069544618483633e-12,0.0,1.8849403741470929e-10,2.5380764290330904e-11
113580.0,1.201,0.22688097415422356,0.22688097415422356,0.059461353347360336,0.17031011478427938,4,3.2902437718806965e-11,4.320099833421409e-12,0.0,1.882291588161216e-10,2.5357521634506945e-11
113640.0,1.2010000000000003,0.22676328502017865,0.22676328502017865,0.059447669481665785,0.1702344522394132,4,3.274253090879142e-11,3.069544618483633e-12,0.0,1.8796502536088793e-10,2.5334267236923675e-11
113700.0,1.201,0.22664577442605738,0.22664577442605738,0.059434018126131936,0.1701588989316738,4,3.258359554392243e-11,5.286437954055145e-12,0.0,1.8770102314493911e-10,2.5311002218604382e-11
113760.0,1.2010000000000003,0.226528441970793,0.226528441970793,0.05942039914118077,0.1700834546017997,4,3.242556223526094e-11,3.581135388230905e-12,0.0,1.8743770413475413e-10,2.528772766138385e-11
113820.0,1.201,0.22641128725444176,0.22641128725444176,0.05940681238880685,0.17000811899163834,4,3.226844486059477e-11,2.7284841053187847e-12,0.0,1.8717464961568912e-10,2.5264444611460263e-11
113880.0,1.2010000000000003,0.22629430987818264,0.22629430987818264,0.059393257732537105,0.16993289184413363,4,3.2112208725454394e-11,3.353761712787673e-12,0.0,1.8691239838794293e-10,2.524115407947297e-11
113940.0,1.201,0.22617750944431544,0.22617750944431544,0.059379735037391745,0.16985777290331416,4,3.1956888524309335e-11,3.296918293926865e-12,0.0,1.8665033537599982e-10,2.521785704273586e-11
114000.0,1.201,0.22606088555626014,0.22606088555626014,0.05936624416984754,0.16978276191428113,4,3.180244956269007e-11,3.467448550509289e-12,0.0,1.863888330973267e-10,2.519455444615059e-11
114060.0,1.201,0.22594443781855472,0.22594443781855472,0.05935278499780097,0.16970785862319696,4,3.1648912657278316e-11,5.4001247917767614e-12,0.0,1.861277756735812e-10,2.517124720426458e-11
114120.0,1.201,0.22582816583685505,0.22582816583685505,0.05933935739053426,0.1696330627772741,4,3.149622923581674e-11,3.069544618483633e-12,0.0,1.858672219201901e-10,2.5147936200468678e-11
114180.0,1.201,0.22571206921793252,0.22571206921793252,0.05932596121868173,0.16955837412476418,4,3.1344427053880963e-11,3.524291969370097e-12,0.0,1.8560710555004902e-10,2.5124622291051982e-11
114240.0,1.201,0.22559614756967333,0.22559614756967333,0.059312596354197354,0.16948379241494715,4,3.119347141700146e-11,2.6716406864579767e-12,0.0,1.8534759372002788e-10,2.510130630302636e-11
114300.0,1.201,0.2254804005010762,0.2254804005010762,0.05929926267032356,0.16940931739812098,4,3.104340395854166e-11,3.751665644813329e-12,0.0,1.8508850663976034e-10,2.507798903756504e-11
114360.0,1.201,0.22536482762225202,0.22536482762225202,0.05928596004156122,0.16933494882559155,4,3.089414141177471e-11,3.069544618483633e-12,0.0,1.8482986535039184e-10,2.505467127079587e-11
114420.0,1.201,0.2252494285444207,0.2252494285444207,0.05927268837438675,0.16926068644964698,3,9.999624461798362e-10,2.6147972675971687e-12,0.0,1.8457261649594423e-10,2.503133313566613e-11
114480.0,1.201,0.2251342028799111,0.2251342028799111,0.05925944781432145,0.16918653002181958,3,9.960741884085245e-10,3.637978807091713e-12,0.0,1.8431448940216152e-10,2.500778361884294e-11
114540.0,1.201,0.22501915024215846,0.22501915024215846,0.05924623776944224,0.16911247929630246,3,9.921990243300094e-10,2.6716406864579767e-12,0.0,1.8405709276418154e-10,2.4984336148352125e-11
114600.0,1.201,0.22490427024570275,0.22490427024570275,0.059233058192889786,0.16903853402936153,3,9.883392854126427e-10,2.9558577807620168e-12,0.0,1.8380026069229563e-10,2.496095043779214e-11
114660.0,1.201,0.22478956250618648,0.22478956250618648,0.059219909008801905,0.16896469397777042,3,9.844963178018418e-10,3.126388037344441e-12,0.0,1.8354389856021808e-10,2.4937602867323344e-11
114720.0,1.201,0.22467502664035408,0.22467502664035408,0.05920679012435005,0.16889095889898703,3,9.806708986537238e-10,3.126388037344441e-12,0.0,1.8328810193698228e-10,2.4914279409218207e-11
114780.0,1.201,0.22456066226604868,0.22456066226604868,0.05919370143686256,0.1688173285512566,3,9.768634165463475e-10,2.5011104298755527e-12,0.0,1.8303286530332153e-10,2.489097183018827e-11
114840.0,1.201,0.22444646900221082,0.22444646900221082,0.059180642838164224,0.1687438026936705,3,9.730740310742725e-10,3.410605131648481e-12,0.0,1.8277802212662917e-10,2.4867675447885857e-11
114900.0,1.201,0.22433244646887568,0.22433244646887568,0.059167614217233495,0.16867038108619814,3,9.69302811626438e-10,2.5579538487363607e-12,0.0,1.8252362731751009e-10,2.484438775011878e-11
114960.0,1.201,0.2242185942871722,0.2242185942871722,0.05915461546181529,0.1685970634897024,3,9.655497096305865e-10,5.229594535194337e-12,0.0,1.8226987708775836e-10,2.4821107536480882e-11
115020.0,1.201,0.2241049120793195,0.2241049120793195,0.05914164645938729,0.16852384966594514,3,9.61814593247734e-10,2.6147972675971687e-12,0.0,1.820165198846823e-10,2.4797834385480626e-11
115080.0,1.201,0.22399139946862615,0.22399139946862615,0.059128707097723825,0.1684507393775865,3,9.580974624778804e-10,5.343281372915953e-12,0.0,1.8176365014398519e-10,2.477456832609332e-11
115140.0,1.201,0.22387805607948638,0.22387805607948638,0.05911579726521524,0.16837773238818127,3,9.543981369097843e-10,3.126388037344441e-12,0.0,1.8151122079096394e-10,2.475130963735594e-11
115200.0,1.201,0.22376488153737892,0.22376488153737892,0.05910291685103909,0.16830482846217304,3,9.507164985822492e-10,2.8421709430404007e-12,0.0,1.81259322357347e-10,2.4728058730804072e-11
115260.0,1.201,0.22365187546886411,0.22365187546886411,0.059090065745244134,0.16823202736488763,3,9.470524225951849e-10,5.343281372915953e-12,0.0,1.810078754244782e-10,2.4704816079491557e-11
115320.0,1.201,0.22353903750158177,0.22353903750158177,0.05907724383878386,0.16815932886252583,3,9.434057701707133e-10,5.172751116333529e-12,0.0,1.8075688337032493e-10,2.468158217852983e-11
115380.0,1.201,0.22342636726424822,0.22342636726424822,0.059064451023522216,0.16808673272215613,3,9.39776430286532e-10,2.8990143619012088e-12,0.0,1.8050627099106697e-10,2.465835752362011e-11
115440.0,1.2010000000000003,0.22331386438665454,0.22331386438665454,0.0590516871922237,0.16801423871170768,3,9.361642919203383e-10,2.8421709430404007e-12,0.0,1.802564194981174e-10,2.463514260029012e-11
115500.0,1.201,0.22320152849966313,0.22320152849966313,0.05903895223853692,0.1679418465999629,3,9.325692024164667e-10,2.7284841053187847e-12,0.0,1.8000677185211691e-10,2.461193787813112e-11
115560.0,1.2010000000000003,0.22308935923520556,0.22308935923520556,0.05902624605697541,0.1678695561565507,3,9.289910160581449e-10,3.467448550509289e-12,0.0,1.797578191746268e-10,2.4588743808846588e-11
115620.0,1.201,0.22297735622628032,0.22297735622628032,0.05901356854289656,0.16779736715193944,3,9.254296981509036e-10,4.035882739117369e-12,0.0,1.7950904590803226e-10,2.456556082685276e-11
115680.0,1.2010000000000003,0.2228655191069491,0.2228655191069491,0.05900091959248203,0.16772527935743048,3,9.21885075222395e-10,4.092726157978177e-12,0.0,1.7926110391448997e-10,2.454238934917522e-11
115740.0,1.201,0.22275384751233487,0.22275384751233487,0.05898829910271872,0.16765329254515157,3,9.183570293114229e-10,3.353761712787673e-12,0.0,1.7901335943293735e-10,2.451922977800573e-11
115800.0,1.201,0.2226423410786186,0.2226423410786186,0.058975706971380965,0.16758140648805045,3,9.148454632734726e-10,3.524291969370097e-12,0.0,1.7876613856767097e-10,2.4496082498874973e-11
115860.0,1.201,0.22253099944303673,0.22253099944303673,0.05896314309701353,0.1675096209598888,3,9.113502730251355e-10,3.0127011996228248e-12,0.0,1.7851942632281952e-10,2.447294788520619e-11
115920.0,1.201,0.2224198222438784,0.2224198222438784,0.058950607378915935,0.16743793573523588,3,9.078713128496396e-10,3.0127011996228248e-12,0.0,1.7827323405709484e-10,2.4449826296484634e-11
115980.0,1.201,0.222308809120482,0.222308809120482,0.05893809971712807,0.16736635058946284,3,9.044085411136216e-10,3.524291969370097e-12,0.0,1.7802735695030697e-10,2.4426718081232928e-11
116040.0,1.201,0.22219795971323258,0.22219795971323258,0.05892562001241579,0.16729486529873663,3,9.009617774058398e-10,3.694822225952521e-12,0.0,1.7778216494409563e-10,2.4403623575746314e-11
116100.0,1.201,0.22208727366355896,0.22208727366355896,0.058913168166257295,0.16722347964001444,3,8.97530980092931e-10,3.865352482534945e-12,0.0,1.7753732707727734e-10,2.438054310609029e-11
116160.0,1.201,0.22197675061393052,0.22197675061393052,0.058900744080830826,0.16715219339103787,3,8.941159826414413e-10,2.9558577807620168e-12,0.0,1.7729300287072002e-10,2.4357476988043535e-11
116220.0,1.201,0.2218663902078539,0.2218663902078539,0.0588883476590025,0.16708100633032763,3,8.907167364791135e-10,3.524291969370097e-12,0.0,1.7704908418965653e-10,2.433442552830808e-11
116280.0,1.201,0.22175619208987074,0.22175619208987074,0.05887597880431417,0.1670099182371779,3,8.873331305836452e-10,2.8421709430404007e-12,0.0,1.7680570555308328e-10,2.4311389023691214e-11
116340.0,1.201,0.22164615590555373,0.22164615590555373,0.058863637420972885,0.16693892889165096,3,8.839650469938398e-10,3.467448550509289e-12,0.0,1.7656274521356664e-10,2.4288367762517495e-11
116400.0,1.201,0.22153628130150335,0.22153628130150335,0.058851323413839335,0.16686803807457212,3,8.80612381626289e-10,5.286437954055145e-12,0.0,1.7632028881799604e-10,2.426536202490833e-11
116460.0,1.201,0.22142656792534576,0.22142656792534576,0.05883903668841731,0.16679724556752423,3,8.772750720309475e-10,4.092726157978177e-12,0.0,1.7607822444960222e-10,2.4242372082018484e-11
116520.0,1.201,0.22131701542572862,0.22131701542572862,0.05882677715084408,0.16672655115284296,3,8.739529724910433e-10,3.353761712787673e-12,0.0,1.7583666032023232e-10,2.4219398198876627e-11
116580.0,1.201,0.2212076234523179,0.2212076234523179,0.05881454470788021,0.1666559546136115,3,8.706460691287887e-10,3.240074875066057e-12,0.0,1.7559561397617385e-10,2.41964406303826e-11
116640.0,1.201,0.2210983916557955,0.2210983916557955,0.05880233926689972,0.16658545573365563,3,8.673541607162605e-10,3.240074875066057e-12,0.0,1.7535496007603236e-10,2.41734996262308e-11
116700.0,1.201,0.2209893196878549,0.2209893196878549,0.05879016073588064,0.16651505429753904,3,8.64077219497883e-10,3.069544618483633e-12,0.0,1.7511468374760338e-10,2.4150575427718077e-11
116760.0,1.201,0.2208804072011984,0.2208804072011984,0.05877800902339672,0.16644475009055845,3,8.608151552680354e-10,2.8421709430404007e-12,0.0,1.748750875620671e-10,2.412766827035682e-11
116820.0,1.201,0.22077165384953387,0.22077165384953387,0.05876588403860807,0.16637454289873865,3,8.57567884759991e-10,3.979039320256561e-12,0.0,1.746358939628203e-10,2.41047783822884e-11
116880.0,1.201,0.22066305928757113,0.22066305928757113,0.05875378569125246,0.16630443250882831,3,8.5433524837919e-10,3.467448550509289e-12,0.0,1.7439708623959702e-10,2.4081905985323784e-11
116940.0,1.201,0.2205546231710187,0.2205546231710187,0.05874171389163717,0.16623441870829508,3,8.511172669423139e-10,2.6147972675971687e-12,0.0,1.7415878673953023e-10,2.40590512950312e-11
117000.0,1.201,0.220446345156581,0.220446345156581,0.058729668550630776,0.166164501285321,3,8.479137739159093e-10,4.206412995699793e-12,0.0,1.7392090015616677e-10,2.4036214520957833e-11
117060.0,1.201,0.22033822490195348,0.22033822490195348,0.05871764957965524,0.16609468002879846,3,8.447246582776735e-10,3.296918293926865e-12,0.0,1.7368353210604482e-10,2.401339586703927e-11
117120.0,1.201,0.22023026206582086,0.22023026206582086,0.05870565689067817,0.16602495472832526,3,8.415499130887127e-10,3.183231456205249e-12,0.0,1.7344660919799468e-10,2.3990595531008078e-11
117180.0,1.201,0.22012245630785285,0.22012245630785285,0.058693690396205624,0.16595532517420072,3,8.383894273267245e-10,4.320099833421409e-12,0.0,1.7321001610509244e-10,2.3967813705738782e-11
117240.0,1.2010000000000003,0.22001480728870096,0.22001480728870096,0.058681750009274065,0.16588579115742128,3,8.352430830305124e-10,3.353761712787673e-12,0.0,1.7297420203940322e-10,2.394505057789048e-11
117300.0,1.201,0.21990731466999494,0.21990731466999494,0.05866983564344395,0.16581635246967608,3,8.321108246889253e-10,2.8990143619012088e-12,0.0,1.7273848605674116e-10,2.3922306330115407e-11
117360.0,1.2010000000000003,0.2197999781143395,0.2197999781143395,0.05865794721279207,0.16574700890334323,3,8.289925620963423e-10,3.524291969370097e-12,0.0,1.7250349591863446e-10,2.3899581138207637e-11
117420.0,1.201,0.21969279728531035,0.21969279728531035,0.058646084631904925,0.16567776025148528,3,8.258882258638245e-10,4.547473508864641e-12,0.0,1.7226862765332227e-10,2.3876875174624404e-11
117480.0,1.2010000000000003,0.2195857718474517,0.2195857718474517,0.05863424781587227,0.1656086063078454,3,8.22797732724645e-10,2.7853275241795927e-12,0.0,1.7203462600774721e-10,2.385418860614517e-11
117540.0,1.201,0.21947890146627191,0.21947890146627191,0.058622436680280485,0.16553954686684336,3,8.19720992473183e-10,3.296918293926865e-12,0.0,1.7180076212953993e-10,2.3831521595379585e-11
117600.0,1.201,0.21937218580824047,0.21937218580824047,0.05861065114120595,0.16547058172357154,3,8.166579218427117e-10,2.5579538487363607e-12,0.0,1.7156748439389697e-10,2.380887430053421e-11
117660.0,1.201,0.21926562454078416,0.21926562454078416,0.05859889111520939,0.1654017106737911,3,8.136084375665043e-10,3.240074875066057e-12,0.0,1.7133458317371644e-10,2.378624687453654e-11
117720.0,1.201,0.21915921733228394,0.21915921733228394,0.05858715651932929,0.16533293351392817,3,8.105724980111972e-10,3.296918293926865e-12,0.0,1.7110219739510717e-10,2.376363946712447e-11
117780.0,1.201,0.21905296385207146,0.21905296385207146,0.05857544727107609,0.16526425004106982,3,8.075499921544882e-10,5.286437954055145e-12,0.0,1.7087013024996386e-10,2.3741052223121605e-11
117840.0,1.201,0.21894686377042502,0.21894686377042502,0.058563763288426295,0.1651956600529606,3,8.045408297907564e-10,2.7853275241795927e-12,0.0,1.7063869167187708e-10,2.3718485283257836e-11
117900.0,1.201,0.21884091675856696,0.21884091675856696,0.058552104489817375,0.1651271633479988,3,8.015450178588956e-10,4.206412995699793e-12,0.0,1.7040763859542526e-10,2.3695938785444026e-11
117960.0,1.201,0.21873512248865937,0.21873512248865937,0.05854047079414171,0.16505875972523246,3,7.985623690087706e-10,3.524291969370097e-12,0.0,1.7017704083899314e-10,2.367341286238476e-11
118020.0,1.201,0.2186294806338011,0.2186294806338011,0.05852886212074081,0.16499044898435625,3,7.955928901792753e-10,5.115907697472721e-12,0.0,1.6994685521745293e-10,2.365090764351726e-11
118080.0,1.201,0.2185239908680238,0.2185239908680238,0.05851727838940077,0.16492223092570754,3,7.926364634092131e-10,3.637978807091713e-12,0.0,1.6971713452213307e-10,2.362842325469871e-11
118140.0,1.201,0.21841865286628903,0.21841865286628903,0.058505719520346784,0.164854105350263,3,7.896930678819025e-10,3.183231456205249e-12,0.0,1.694877897010717e-10,2.3605959818704218e-11
118200.0,1.201,0.21831346630448428,0.21831346630448428,0.05849418543423787,0.1647860720596352,3,7.867625648194654e-10,3.126388037344441e-12,0.0,1.6925896288385624e-10,2.3583517454273083e-11
118260.0,1.201,0.21820843085941952,0.21820843085941952,0.058482676052162175,0.1647181308560689,3,7.838449125885383e-10,5.4001247917767614e-12,0.0,1.6903055508452243e-10,2.3561096276806098e-11
118320.0,1.201,0.21810354620882433,0.21810354620882433,0.05847119129563182,0.16465028154243788,3,7.809400418001822e-10,3.524291969370097e-12,0.0,1.6880257581186213e-10,2.353869639893052e-11
118380.0,1.201,0.21799881203134353,0.21799881203134353,0.058459731086578585,0.16458252392224154,3,7.780478969432458e-10,3.694822225952521e-12,0.0,1.6857504678210604e-10,2.351631792932382e-11
118440.0,1.201,0.21789422800653416,0.21789422800653416,0.05844829534734837,0.1645148577996015,3,7.751683878121085e-10,3.069544618483633e-12,0.0,1.6834795202444794e-10,2.3493960974062815e-11
118500.0,1.201,0.21778979381486246,0.21778979381486246,0.05843688400069777,0.16444728297925829,3,7.723014450178312e-10,3.410605131648481e-12,0.0,1.681212595201954e-10,2.3471625636560794e-11
118560.0,1.201,0.21768550913769938,0.21768550913769938,0.058425496969789006,0.16437979926656815,3,7.694470338659443e-10,3.467448550509289e-12,0.0,1.678951534032997e-10,2.3449312016594766e-11
118620.0,1.201,0.21758137365731783,0.21758137365731783,0.05841413417818515,0.16431240646749978,3,7.66604994761888e-10,3.524291969370097e-12,0.0,1.6766939719825563e-10,2.342702021132702e-11
118680.0,1.201,0.21747738705688935,0.21747738705688935,0.0584027955498462,0.16424510438863113,3,7.637753832168137e-10,2.5579538487363607e-12,0.0,1.674439894456254e-10,2.3404750314998242e-11
118740.0,1.201,0.2173735490204801,0.2173735490204801,0.05839148100912543,0.16417789283714637,3,7.609580604528432e-10,3.865352482534945e-12,0.0,1.6721909127394546e-10,2.338250241989863e-11
118800.0,1.201,0.21726985923304795,0.21726985923304795,0.05838019048076433,0.16411077162083254,3,7.581529709588253e-10,3.467448550509289e-12,0.0,1.6699462437840798e-10,2.3360276614345427e-11
118860.0,1.201,0.2171663173804389,0.2171663173804389,0.0583689238898887,0.16404374054807674,3,7.553600245291392e-10,2.8990143619012088e-12,0.0,1.6677059781548923e-10,2.333807298500483e-11
118920.0,1.201,0.21706292314938347,0.21706292314938347,0.05835768116200486,0.16397679942786275,3,7.525792003471032e-10,3.126388037344441e-12,0.0,1.6654701200362348e-10,2.331589161543697e-11
118980.0,1.201,0.21695967622749343,0.21695967622749343,0.05834646222299644,0.16390994806976833,3,7.498104082070967e-10,3.0127011996228248e-12,0.0,1.6632371608200767e-10,2.3293732588094384e-11
119040.0,1.2010000000000003,0.21685657630325875,0.21685657630325875,0.058335266999119555,0.16384318628396188,3,7.470536134146499e-10,2.7284841053187847e-12,0.0,1.6610111002806981e-10,2.3271595981136538e-11
119100.0,1.201,0.21675362306604382,0.21675362306604382,0.058324095416999115,0.1637765138812,3,7.443087188252484e-10,3.524291969370097e-12,0.0,1.658787333176198e-10,2.3249481871862636e-11
119160.0,1.2010000000000003,0.21665081620608373,0.21665081620608373,0.058312947403625984,0.16370993067282388,3,7.415756828055287e-10,5.172751116333529e-12,0.0,1.6565690768087602e-10,2.3227390333703154e-11
119220.0,1.201,0.21654815541448205,0.21654815541448205,0.058301822886352134,0.16364343647075702,3,7.388543943331882e-10,3.467448550509289e-12,0.0,1.6543532513496481e-10,2.3205321439781685e-11
119280.0,1.2010000000000003,0.21644564038320616,0.21644564038320616,0.05829072179288848,0.1635770310875018,3,7.361448672860149e-10,3.183231456205249e-12,0.0,1.6521438575557002e-10,2.318327525981301e-11
119340.0,1.201,0.21634327080508522,0.21634327080508522,0.05827964405130029,0.16351071433613712,3,7.334469975806002e-10,3.296918293926865e-12,0.0,1.649937388566519e-10,2.3161251861955162e-11
119400.0,1.201,0.2162410463738053,0.2162410463738053,0.05826858959000447,0.1634444860303153,3,7.307607019502171e-10,3.0127011996228248e-12,0.0,1.6477352651358783e-10,2.3139251311878005e-11
119460.0,1.201,0.21613896678390795,0.21613896678390795,0.05825755833776555,0.16337834598425932,3,7.280859595781841e-10,3.353761712787673e-12,0.0,1.6455374717969562e-10,2.3117273672860857e-11
119520.0,1.201,0.21603703173078517,0.21603703173078517,0.05824655022369266,0.16331229401276012,3,7.254226941366682e-10,5.343281372915953e-12,0.0,1.6433441852408255e-10,2.3095319007340965e-11
119580.0,1.201,0.2159352409106771,0.2159352409106771,0.058235565177236964,0.1632463299311738,3,7.227708570534119e-10,4.604316927725449e-12,0.0,1.641154116240989e-10,2.3073387374962188e-11
119640.0,1.201,0.2158335940206685,0.2158335940206685,0.05822460312818738,0.16318045355541896,3,7.201303789394764e-10,3.410605131648481e-12,0.0,1.6389698895153808e-10,2.3051478833704923e-11
119700.0,1.201,0.21573209075868544,0.21573209075868544,0.05821366400666809,0.1631146647019739,3,7.175011765281347e-10,4.718003765447065e-12,0.0,1.6367888695125154e-10,2.3029593439769475e-11
119760.0,1.201,0.2156307308234923,0.2156307308234923,0.05820274774313554,0.16304896318787412,3,7.148832567582808e-10,2.7853275241795927e-12,0.0,1.6346123053095283e-10,2.3007731247905275e-11
119820.0,1.201,0.2155295139146881,0.2155295139146881,0.05819185426837519,0.16298334883070953,3,7.122765155465061e-10,2.5011104298755527e-12,0.0,1.6324399107702197e-10,2.2985892310642428e-11
119880.0,1.201,0.21542843973270367,0.21542843973270367,0.058180983513498444,0.1629178214486219,3,7.096808835038715e-10,3.922195901395753e-12,0.0,1.6302717272128567e-10,2.2964076678395938e-11
119940.0,1.201,0.21532750797879857,0.21532750797879857,0.05817013540993997,0.16285238086030224,3,7.070963328748014e-10,2.6147972675971687e-12,0.0,1.6281071697696597e-10,2.2942284400997645e-11
120000.0,1.201,0.21522671835505724,0.21522671835505724,0.058159309889454766,0.1627870268849883,3,7.045227803925691e-10,2.5011104298755527e-12,0.0,1.62594759538741e-10,2.2920515525673774e-11
120060.0,1.201,0.2151260705643866,0.2151260705643866,0.05814850688411537,0.16272175934246189,3,7.01960184423811e-10,2.5579538487363607e-12,0.0,1.6237913552571835e-10,2.2898770099178226e-11
120120.0,1.201,0.2150255643105124,0.2150255643105124,0.058137726326309085,0.1626565780530465,3,6.994084963962699e-10,3.808509063674137e-12,0.0,1.62163941756305e-10,2.287704816490986e-11
120180.0,1.201,0.21492519929797615,0.21492519929797615,0.058126968148734956,0.16259148283760472,3,6.968676607987945e-10,2.7284841053187847e-12,0.0,1.6194922975551511e-10,2.2855349766767977e-11
120240.0,1.201,0.2148249752321323,0.2148249752321323,0.05811623228440162,0.16252647351753569,3,6.943376082424457e-10,3.240074875066057e-12,0.0,1.617348402032276e-10,2.283367494570877e-11
120300.0,1.201,0.21472489181914453,0.21472489181914453,0.058105518666624195,0.16246154991477282,3,6.918182901549663e-10,3.183231456205249e-12,0.0,1.6152084756803806e-10,2.2812023741929086e-11
120360.0,1.201,0.21462494876598348,0.21462494876598348,0.05809482722902191,0.16239671185178112,3,6.893096371474172e-10,2.9558577807620168e-12,0.0,1.6130739441152077e-10,2.2790396194072316e-11
120420.0,1.201,0.2145251457804229,0.2145251457804229,0.05808415790551573,0.16233195915155502,3,6.868116214642228e-10,3.0127011996228248e-12,0.0,1.6109429081448938e-10,2.2768792339046434e-11
120480.0,1.201,0.2144254825710369,0.2144254825710369,0.05807351063032547,0.16226729163761577,3,6.843242014720197e-10,3.751665644813329e-12,0.0,1.608815530840222e-10,2.2747212213530283e-11
120540.0,1.201,0.214325958847197,0.214325958847197,0.058062885337967586,0.16220270913400925,3,6.818472592096114e-10,3.183231456205249e-12,0.0,1.6066926165436788e-10,2.2725655851207483e-11
120600.0,1.201,0.2142265743190691,0.2142265743190691,0.05805228196325257,0.16213821146530333,3,6.793808154936798e-10,5.286437954055145e-12,0.0,1.6045734827499969e-10,2.2704123285434922e-11
120660.0,1.201,0.21412732869761023,0.21412732869761023,0.05804170044128257,0.16207379845658582,3,6.769247662408162e-10,4.376943252282217e-12,0.0,1.6024582964940733e-10,2.268261454865545e-11
120720.0,1.201,0.21402822169456562,0.21402822169456562,0.058031140707449004,0.16200946993346207,3,6.74479090634339e-10,3.467448550509289e-12,0.0,1.600347591923355e-10,2.2661129671070255e-11
120780.0,1.201,0.2139292530224661,0.2139292530224661,0.05802060269743049,0.16194522572205255,3,6.72043719285309e-10,3.069544618483633e-12,0.0,1.5982399100998232e-10,2.2639668682557932e-11
120840.0,1.2010000000000003,0.21383042239462438,0.21383042239462438,0.05801008634719053,0.16188106564899066,3,6.696186244381508e-10,3.069544618483633e-12,0.0,1.5961385987263844e-10,2.2618231611281498e-11
120900.0,1.201,0.2137317295251327,0.2137317295251327,0.05799959159297475,0.1618169895414205,3,6.672036742538801e-10,3.694822225952521e-12,0.0,1.5940388782841085e-10,2.2596818484912626e-11
120960.0,1.2010000000000003,0.2136331741288601,0.2136331741288601,0.05798911837130934,0.16175299722699446,3,6.647989519992237e-10,3.126388037344441e-12,0.0,1.5919449809985274e-10,2.2575429328343663e-11
121020.0,1.201,0.21353475592144835,0.21353475592144835,0.057978666618998226,0.16168908853387115,3,6.624042980796219e-10,2.2737367544323206e-12,0.0,1.5898518138807578e-10,2.2554064167646513e-11
121080.0,1.2010000000000003,0.21343647461931023,0.21343647461931023,0.057968236273121365,0.16162526329071322,3,6.600197263728624e-10,3.410605131648481e-12,0.0,1.5877670299073595e-10,2.2532723026055854e-11
121140.0,1.201,0.21333832993962634,0.21333832993962634,0.05795782727103278,0.161561521326685,3,6.57645118917749e-10,3.524291969370097e-12,0.0,1.5856832997700025e-10,2.251140592692051e-11
121200.0,1.201,0.21324032160034204,0.21324032160034204,0.05794743955035777,0.16149786247145032,3,6.552804965309633e-10,3.524291969370097e-12,0.0,1.5836046054468048e-10,2.2490112891423754e-11
121260.0,1.201,0.21314244932016452,0.21314244932016452,0.057937073048991705,0.1614342865551706,3,6.529257967624602e-10,2.8421709430404007e-12,0.0,1.5815297910173144e-10,2.2468843940647936e-11
121320.0,1.201,0.21304471281856002,0.21304471281856002,0.05792672770509701,0.16137079340850238,3,6.505809016510433e-10,3.694822225952521e-12,0.0,1.5794584189720732e-10,2.2447599094472686e-11
121380.0,1.201,0.21294711181575124,0.21294711181575124,0.05791640345710215,0.16130738286259547,3,6.482458320133944e-10,3.637978807091713e-12,0.0,1.5773905298839595e-10,2.2426378371042213e-11
121440.0,1.201,0.21284964603271442,0.21284964603271442,0.05790610024369891,0.1612440547490906,3,6.459205531550438e-10,2.7284841053187847e-12,0.0,1.5753282722351034e-10,2.2405181788866337e-11
121500.0,1.201,0.2127523151911763,0.2127523151911763,0.05789581800384088,0.1611808089001175,3,6.436049748703709e-10,3.126388037344441e-12,0.0,1.573269317311704e-10,2.2384009364248788e-11
121560.0,1.201,0.21265511901361164,0.21265511901361164,0.05788555667674117,0.16111764514829263,3,6.412990555260123e-10,2.7284841053187847e-12,0.0,1.571213658845718e-10,2.236286111379687e-11
121620.0,1.201,0.2125580572232405,0.2125580572232405,0.05787531620187096,0.16105456332671733,3,6.390027534886045e-10,4.092726157978177e-12,0.0,1.5691624309973208e-10,2.234173705196143e-11
121680.0,1.201,0.21246112954402496,0.21246112954402496,0.05786509651895716,0.16099156326897568,3,6.367160201858901e-10,3.0127011996228248e-12,0.0,1.5671148420448166e-10,2.23206371935308e-11
121740.0,1.201,0.21236433570066726,0.21236433570066726,0.05785489756798116,0.16092864480913238,3,6.344388278622937e-10,2.8990143619012088e-12,0.0,1.5650714564340208e-10,2.2299561551701824e-11
121800.0,1.201,0.212267675418606,0.212267675418606,0.05784471928917628,0.1608658077817308,3,6.321711001899821e-10,3.637978807091713e-12,0.0,1.563031597292435e-10,2.2278510138706846e-11
121860.0,1.201,0.21217114842401447,0.21217114842401447,0.05783456162302644,0.16080305202179096,3,6.299127816578043e-10,3.524291969370097e-12,0.0,1.5609956881619438e-10,2.2257482966707903e-11
121920.0,1.201,0.21207475444379734,0.21207475444379734,0.0578244245102642,0.16074037736480762,3,6.27663886143548e-10,3.410605131648481e-12,0.0,1.5589635985062997e-10,2.223648004626892e-11
121980.0,1.201,0.2119784932055882,0.2119784932055882,0.057814307891869185,0.16067778364674806,3,6.254243234415924e-10,2.7284841053187847e-12,0.0,1.5569353398705617e-10,2.2215501387707317e-11
122040.0,1.201,0.2118823644377469,0.2118823644377469,0.057804211709066335,0.1606152707040504,3,6.231940380407863e-10,3.126388037344441e-12,0.0,1.554911056563733e-10,2.219454700044303e-11
122100.0,1.201,0.2117863678693572,0.2117863678693572,0.057794135903324086,0.1605528383736215,3,6.209730091244481e-10,3.637978807091713e-12,0.0,1.5528896065990537e-10,2.2173616892771026e-11
122160.0,1.201,0.21169050323022298,0.21169050323022298,0.05778408041635246,0.16049048649283498,3,6.18761208937002e-10,2.5011104298755527e-12,0.0,1.5508739541683224e-10,2.2152711072563583e-11
122220.0,1.201,0.21159477025086743,0.21159477025086743,0.05777404519010182,0.1604282148995294,3,6.165585542117213e-10,3.126388037344441e-12,0.0,1.5488617670594926e-10,2.2131829547397674e-11
122280.0,1.201,0.2114991686625288,0.2114991686625288,0.05776403016676107,0.1603660234320063,3,6.143650033152426e-10,2.8990143619012088e-12,0.0,1.546851984338387e-10,2.211097232338451e-11
122340.0,1.201,0.21140369819715893,0.21140369819715893,0.05775403528875623,0.16030391192902826,3,6.121805493086718e-10,3.353761712787673e-12,0.0,1.5448473923707073e-10,2.209013940625149e-11
122400.0,1.201,0.21130835858742011,0.21130835858742011,0.05774406049874836,0.16024188022981709,3,6.100050950474945e-10,3.296918293926865e-12,0.0,1.542845687963756e-10,2.20693308012479e-11
122460.0,1.201,0.21121314956668288,0.21121314956668288,0.05773410573963252,0.16017992817405186,3,6.078386266539226e-10,3.524291969370097e-12,0.0,1.5408479288245145e-10,2.204854651284962e-11
122520.0,1.201,0.2111180708690231,0.2111180708690231,0.057724170954535664,0.16011805560186723,3,6.056811233112747e-10,3.410605131648481e-12,0.0,1.5388540595062065e-10,2.2027786544375292e-11
122580.0,1.201,0.2110231222292195,0.2110231222292195,0.05771425608681566,0.16005626235385134,3,6.035325156306115e-10,2.7853275241795927e-12,0.0,1.536863141030458e-10,2.2007050899601e-11
122640.0,1.2010000000000003,0.21092830338275187,0.21092830338275187,0.05770436108005933,0.1599945482710441,3,6.013927550396758e-10,3.467448550509289e-12,0.0,1.5348787430651597e-10,2.198633958045738e-11
122700.0,1.201,0.2108336140657976,0.2108336140657976,0.057694485878081146,0.15993291319493544,3,5.99261813782892e-10,2.9558577807620168e-12,0.0,1.5328953128688848e-10,2.1965652588985916e-11
122760.0,1.2010000000000003,0.2107390540152294,0.2107390540152294,0.05768463042492176,0.1598713569674634,3,5.971396502268966e-10,2.9558577807620168e-12,0.0,1.5309171942468156e-10,2.1944989926540703e-11
122820.0,1.201,0.21064462296861386,0.21064462296861386,0.057674794664846186,0.15980987943101232,3,5.950262157994324e-10,3.069544618483633e-12,0.0,1.5289402958519399e-10,2.1924351593654444e-11
122880.0,1.2010000000000003,0.21055032066420742,0.21055032066420742,0.05766497854234288,0.1597484804284111,3,5.929214619282419e-10,5.172751116333529e-12,0.0,1.5269706430446576e-10,2.1903737590609208e-11
122940.0,1.201,0.21045614684095507,0.21045614684095507,0.057655182002122246,0.15968715980293147,3,5.908253539188557e-10,2.9558577807620168e-12,0.0,1.5250022897976746e-10,2.1883147917293326e-11
123000.0,1.201,0.2103621012384873,0.2103621012384873,0.0576454049891147,0.15962591739828597,3,5.887378709545921e-10,3.353761712787673e-12,0.0,1.5230384489408412e-10,2.1862582571829098e-11
123060.0,1.201,0.2102681835971184,0.2102681835971184,0.05763564744846959,0.15956475305862655,3,5.86658936707618e-10,3.296918293926865e-12,0.0,1.5210778625455274e-10,2.1842041553572977e-11
123120.0,1.201,0.21017439365784316,0.21017439365784316,0.05762590932555413,0.1595036666285427,3,5.845885442390397e-10,3.637978807091713e-12,0.0,1.5191218428775268e-10,2.1821524859784514e-11
123180.0,1.201,0.2100807311623351,0.2100807311623351,0.05761619056595126,0.15944265795305945,3,5.825266241599181e-10,3.751665644813329e-12,0.0,1.517167684284907e-10,2.1801032488188135e-11
123240.0,1.201,0.20998719585294418,0.20998719585294418,0.0576064911154593,0.15938172687763613,3,5.804731417757836e-10,2.8421709430404007e-12,0.0,1.515219701036811e-10,2.1780564435830806e-11
123300.0,1.201,0.20989378747269397,0.20989378747269397,0.057596810920089836,0.1593208732481642,3,5.784280693310606e-10,3.922195901395753e-12,0.0,1.5132741831628112e-10,2.1760120699250774e-11
123360.0,1.201,0.20980050576527975,0.20980050576527975,0.057587149926066596,0.15926009691096588,3,5.763913721312797e-10,3.524291969370097e-12,0.0,1.5113323093600759e-10,2.173970127400691e-11
123420.0,1.201,0.20970735047506583,0.20970735047506583,0.05757750807982407,0.15919939771279218,3,5.743630016041834e-10,4.206412995699793e-12,0.0,1.509393797634396e-10,2.1719306155223806e-11
123480.0,1.201,0.2096143213470834,0.2096143213470834,0.05756788532800626,0.1591387755008216,3,5.723428952997267e-10,3.240074875066057e-12,0.0,1.5074592475580436e-10,2.1698935338310614e-11
123540.0,1.201,0.2095214181270284,0.2095214181270284,0.05755828161746547,0.159078230122658,3,5.703310670956974e-10,3.240074875066057e-12,0.0,1.5055287244965509e-10,2.167858881783772e-11
123600.0,1.201,0.209428640561259,0.209428640561259,0.05754869689526138,0.15901776142632934,3,5.683274406642624e-10,2.8990143619012088e-12,0.0,1.5036010499221565e-10,2.16582665879735e-11
123660.0,1.201,0.20933598839679335,0.20933598839679335,0.05753913110865906,0.15895736926028575,3,5.663319674331646e-10,3.410605131648481e-12,0.0,1.5016773142457844e-10,2.163796864173903e-11
123720.0,1.201,0.20924346138130748,0.20924346138130748,0.05752958420512808,0.15889705347339805,3,5.643446196468282e-10,3.410605131648481e-12,0.0,1.4997573487638826e-10,2.1617694972937073e-11
123780.0,1.201,0.20915105926313277,0.20915105926313277,0.05752005613234156,0.1588368139149561,3,5.623653973052534e-10,3.126388037344441e-12,0.0,1.497840894902703e-10,2.1597445574017127e-11
123840.0,1.201,0.20905878179125378,0.20905878179125378,0.057510546838174595,0.1587766504346671,3,5.603941963250314e-10,3.069544618483633e-12,0.0,1.4959275959851423e-10,2.15772204373774e-11
123900.0,1.201,0.2089666287153065,0.2089666287153065,0.05750105627070294,0.15871656288265407,3,5.584310583395258e-10,3.979039320256561e-12,0.0,1.4940174599478988e-10,2.1557019554713826e-11
123960.0,1.201,0.2088745997855756,0.2088745997855756,0.05749158437820213,0.1586565511094542,3,5.564758584486462e-10,2.5011104298755527e-12,0.0,1.4921132035136258e-10,2.1536842917907627e-11
124020.0,1.201,0.2087826947529921,0.2087826947529921,0.05748213110914624,0.15859661496601724,3,5.545286035912866e-10,2.4442670110147446e-12,0.0,1.4902110848803973e-10,2.1516690517854855e-11
124080.0,1.201,0.20869091336913198,0.20869091336913198,0.057472696412206856,0.158536754303704,3,5.525892660118714e-10,3.296918293926865e-12,0.0,1.4883121729783818e-10,2.149656234565918e-11
124140.0,1.201,0.208599255386213,0.208599255386213,0.057463280236251614,0.15847696897428476,3,5.50657811015931e-10,3.0127011996228248e-12,0.0,1.4864174070315926e-10,2.1476458391193432e-11
124200.0,1.201,0.2085077205570931,0.2085077205570931,0.057453882530342934,0.15841725882993749,3,5.487341692145264e-10,2.4442670110147446e-12,0.0,1.4845254757144428e-10,2.1456378644666273e-11
124260.0,1.200996740740741,0.20841630863526756,0.20841630863526756,0.05745342066198413,0.15835817339280056,3,2.4363727701981475e-10,3.410605131648481e-12,-1.0394650205760702e-07,-1.6036875413346543e-08,1.756340171564325e-11
124320.0,1.2009872592592594,0.20832501937483694,0.20832501937483694,0.057465826846479204,0.15830013213355487,3,7.264662552075585e-10,3.296918293926865e-12,-2.0419341563790306e-07,-3.16720199482647e-08,8.054082989543402e-12
124380.0,1.2009720000000002,0.2082338525305247,0.2082338525305247,0.05748557038419695,0.158242976682599,3,9.873263942528077e-10,3.183231456205249e-12,-2.9703292181069117e-07,-4.618223529847293e-08,-4.615343535579064e-12
124440.0,1.2009514074074077,0.20814280785768996,0.20814280785768996,0.05750905868289456,0.15818658424344656,4,2.8647799410475017e-11,3.410605131648481e-12,-3.8246502057618807e-07,-5.9565467692938613e-08,-1.8791794913275828e-11
124500.0,1.200925925925926,0.20805188511232417,0.20805188511232417,0.05753398653530082,0.15813085513065553,4,2.9359188691291394e-11,3.581135388230905e-12,-4.6048971193417705e-07,-7.181679323449867e-08,-3.3395678792917766e-11
124560.0,1.2008960000000002,0.20796108405104968,0.20796108405104968,0.05755888482646026,0.15807570456536604,4,2.8631763626663087e-11,3.069544618483633e-12,-5.311069958848207e-07,-8.293021216919101e-08,-4.773763836600139e-11
124620.0,1.2008620740740743,0.20787040443111765,0.20787040443111765,0.05758281696990027,0.15802105738048192,4,2.7005987723871527e-11,3.0127011996228248e-12,-5.943168724280648e-07,-9.289959261940618e-08,-6.138516047995985e-11
124680.0,1.2008245925925929,0.20777984601040636,0.20777984601040636,0.05760518069898801,0.15796684465920532,3,9.691908456344045e-10,2.6147972675971687e-12,-6.501193415639093e-07,-1.0171913200796779e-07,-7.407106326451678e-11
124740.0,1.200784,0.20768940854741844,0.20768940854741844,0.05762558146480109,0.15791300162684985,3,8.709060556055803e-10,3.410605131648481e-12,-6.985144032922459e-07,-1.0938358465567033e-07,-8.563295425742619e-11
124800.0,1.2007407407407409,0.20759909180127928,0.20759909180127928,0.057643752203854884,0.15785946633684583,3,7.6214962119181e-10,2.9558577807620168e-12,-7.395020576131828e-07,-1.1588829263332348e-07,-9.597366736180757e-11
124860.0,1.2006952592592592,0.20750889553173474,0.20750889553173474,0.057659503105418224,0.15780617886492204,3,6.456497697593377e-10,2.8421709430404007e-12,-7.730823045269371e-07,-1.2122921572919668e-07,-1.050357641920004e-10
124920.0,1.2006480000000002,0.2074188194991491,0.2074188194991491,0.05767269123850853,0.1577530808122522,3,5.230035640679809e-10,3.467448550509289e-12,-7.99255144033075e-07,-1.2540291362673787e-07,-1.1278585988482021e-10
124980.0,1.2005994074074073,0.20732886346450316,0.20732886346450316,0.057683201935775995,0.1577001149988057,3,3.951358337750399e-10,2.6147972675971687e-12,-8.180205761318133e-07,-1.2840652963404628e-07,-1.192047818159323e-10
125040.0,1.2005499259259258,0.207239027189392,0.207239027189392,0.057690937631611906,0.1576472252721004,3,2.625779732534639e-10,3.467448550509289e-12,-8.293786008231521e-07,-1.302377785734723e-07,-1.2428155199998664e-10
125100.0,1.2005,0.20714931043602317,0.20714931043602317,0.05769581125327602,0.15759435638493674,3,1.2563555057409914e-10,3.751665644813329e-12,-8.333292181071997e-07,-1.3089494142657263e-07,-1.280097587647646e-10
125160.0,1.200450074074074,0.20705971296721445,0.20705971296721445,0.05769774235884664,0.157541453913863,3,1.551239692254569e-11,5.115907697472721e-12,-8.298724279837393e-07,-1.3037686469134531e-07,-1.3038540194736244e-10
125220.0,1.2004005925925927,0.20697023454639216,0.20697023454639216,0.05769665491159558,0.157488464201394,3,1.6075506203971912e-10,2.7284841053187847e-12,-8.19008230452771e-07,-1.2868296594149244e-07,-1.3140563519275144e-10
125280.0,1.200352,0.2068808749375883,0.2068808749375883,0.05769247601659704,0.15743533431191115,3,3.10016130822266e-10,5.059064278611913e-12,-8.007366255145115e-07,-1.258132417486668e-07,-1.3106804725433344e-10
125340.0,1.2003047407407408,0.20679163390543998,0.20679163390543998,0.057685135215425266,0.15738201199534696,3,4.6323452018715017e-10,3.865352482534945e-12,-7.750576131688525e-07,-1.2176827821457522e-07,-1.2937026260995197e-10
125400.0,1.2002592592592594,0.20670251121518574,0.20670251121518574,0.0576745640999403,0.15732844565525195,3,6.203532479376328e-10,3.467448550509289e-12,-7.419711934156855e-07,-1.1654926393341352e-07,-1.2630972832751069e-10
125460.0,1.200216,0.20661350663266462,0.20661350663266462,0.05766069610593105,0.15727458431930946,3,7.813135138867722e-10,2.3874235921539366e-12,-7.014773662552274e-07,-1.1015800266371991e-07,-1.218836076354382e-10
125520.0,1.2001754074074074,0.20652461992431406,0.20652461992431406,0.05764346640690047,0.15722037761121516,3,9.460508140768376e-10,3.467448550509289e-12,-6.535761316872613e-07,-1.0259692635152603e-07,-1.1608873334280362e-10
125580.0,1.2001379259259257,0.20643585085716756,0.20643585085716756,0.057622811622223484,0.15716577572421042,4,2.8578452104799368e-11,3.183231456205249e-12,-5.98267489712004e-07,-9.386910226322989e-08,-1.089214198375837e-10
125640.0,1.200104,0.20634719919885294,0.20634719919885294,0.057598670541322124,0.15711072939367487,4,3.3034866508963034e-11,3.296918293926865e-12,-5.355514403292388e-07,-8.397827278786719e-08,-1.0037798844003741e-10
125700.0,1.200074074074074,0.20625866471759025,0.20625866471759025,0.057570983411637425,0.15705518986803252,4,3.760224076554408e-11,3.0127011996228248e-12,-4.6542798353918236e-07,-7.292882992670322e-08,-9.045430185923604e-11
125760.0,1.2000485925925926,0.20617024718218968,0.20617024718218968,0.057539692070019466,0.15699910888455232,4,4.228027650210464e-11,2.8990143619012088e-12,-3.8789711934156387e-07,-6.072585009187732e-08,-7.914584816627996e-11
125820.0,1.2000279999999999,0.20608194636204996,0.20608194636204996,0.0575047400637437,0.15694243864282426,4,4.706832840151165e-11,3.296918293926865e-12,-3.029588477366542e-07,-4.7375100289558694e-08,-6.644783042488997e-11
125880.0,1.2000127407407406,0.2059937620271558,0.2059937620271558,0.05746607267275063,0.15688513177825855,4,5.1965133585074597e-11,3.467448550509289e-12,-2.1061316872429073e-07,-3.288304809133096e-08,-5.235518329344654e-11
125940.0,1.200003259259259,0.20590569394807662,0.20590569394807662,0.05742363694281871,0.15682714133560052,4,5.69691238627712e-11,2.8421709430404007e-12,-1.1086008230452773e-07,-1.7256870107155874e-08,-3.686259215385421e-11
126000.0,1.2,0.2058177418959637,0.2058177418959637,0.05737738172916459,0.15676842074239972,4,6.207799552182536e-11,3.410605131648481e-12,-3.699588477366012e-09,-5.044595338497278e-10,-1.9964514228366585e-11
126060.0,1.2,0.20572990564253577,0.20572990564253577,0.05733649587460089,0.1567094904076028,4,4.571728412505749e-11,3.240074875066057e-12,0.0,9.554635315677911e-11,-5.721540612818506e-12
126120.0,1.2,0.20564218496006068,0.20564218496006068,0.057306580116960916,0.15665083739346553,4,3.4777444812839065e-11,2.8421709430404007e-12,0.0,1.1128103234051901e-10,3.3607466457546036e-12
126180.0,1.2,0.20555457962137935,0.20555457962137935,0.057283633298678444,0.15659239204361086,4,2.788277941867534e-11,3.979039320256561e-12,0.0,1.2115436320823833e-10,9.086901727936315e-12
126240.0,1.2000000000000002,0.20546708939990582,0.20546708939990582,0.057265081037963586,0.1565341102881978,3,9.075202603292531e-10,3.410605131648481e-12,0.0,1.2729135054734655e-10,1.2673051722820201e-11
126300.0,1.2,0.20537971406962507,0.20537971406962507,0.05724929354136321,0.15647596438019545,3,8.020651712237203e-10,3.922195901395753e-12,0.0,1.3107824635580844e-10,1.4913857113414424e-11
126360.0,1.2000000000000002,0.20529245340509125,0.20529245340509125,0.05723525176692003,0.15641793684198352,3,7.34584247596981e-10,2.8421709430404007e-12,0.0,1.3340398814476971e-10,1.6317755701123487e-11
126420.0,1.2,0.20520530718142635,0.20520530718142635,0.05722232434010699,0.15636001658593324,3,6.904492949599828e-10,2.3874235921539366e-12,0.0,1.3482733195859322e-10,1.7205154360734362e-11
126480.0,1.2000000000000002,0.20511827517431805,0.20511827517431805,0.057210122606272194,0.15630219647032412,3,6.606121413788024e-10,3.183231456205249e-12,0.0,1.3569724202400256e-10,1.7775579757731694e-11
126540.0,1.1999999999999997,0.2050313571600179,0.2050313571600179,0.05719840827152835,0.15624447177709522,3,6.395283469462498e-10,3.126388037344441e-12,0.0,1.3622796781859973e-10,1.8152024910407043e-11
126600.0,1.2,0.2049445529153398,0.2049445529153398,0.05718703531632291,0.15618683927328036,3,6.23827565993107e-10,3.183231456205249e-12,0.0,1.365510433142298e-10,1.8409641991265055e-11
126660.0,1.2,0.20485786221765828,0.20485786221765828,0.05717591389135578,0.15612929663736352,3,6.114749331875835e-10,3.069544618483633e-12,0.0,1.3674575192469776e-10,1.8594004475858235e-11
126720.0,1.2000000000000002,0.2047712848449065,0.2047712848449065,0.05716498810772218,0.15607184211128416,3,6.012478223627049e-10,3.751665644813329e-12,0.0,1.3686018923022252e-10,1.8732577403587086e-11
126780.0,1.2,0.20468482057557458,0.20468482057557458,0.057154222502482414,0.15601447429060672,3,5.924137291835052e-10,3.410605131648481e-12,0.0,1.3692300872317719e-10,1.884184020803617e-11
126840.0,1.2,0.2045984691887082,0.2045984691887082,0.05714359386317224,0.1559571919985207,3,5.845331926823683e-10,3.183231456205249e-12,0.0,1.3695178015048865e-10,1.8931664742217774e-11
126900.0,1.2,0.20451223046390618,0.20451223046390618,0.057133086330065856,0.15589999421027262,3,5.773408140452574e-10,3.524291969370097e-12,0.0,1.369566655455726e-10,1.900798049675382e-11
126960.0,1.2,0.20442610418131943,0.20442610418131943,0.057122688484490605,0.15584288000769603,3,5.706738623323382e-10,4.433786671143025e-12,0.0,1.3694380228343055e-10,1.9074382128479736e-11
127020.0,1.2,0.20434009012164897,0.20434009012164897,0.05711239162952568,0.15578584855157387,3,5.644297945694987e-10,3.069544618483633e-12,0.0,1.3691737312329384e-10,1.9133090192959345e-11
127080.0,1.2000000000000002,0.20425418806614445,0.20425418806614445,0.05710218878006508,0.1557288990645026,3,5.585414561415369e-10,2.6147972675971687e-12,0.0,1.368798507881166e-10,1.9185520062682208e-11
127140.0,1.2000000000000002,0.2041683977966021,0.2041683977966021,0.0570920740710267,0.1556720308199152,3,5.529624397260235e-10,3.694822225952521e-12,0.0,1.3683276646655736e-10,1.9232615707507752e-11
127200.0,1.2,0.20408271909536316,0.20408271909536316,0.05708204240977813,0.15561524313471614,3,5.476585504538001e-10,2.2168933355715126e-12,0.0,1.3677733123658323e-10,1.9275043712558012e-11
127260.0,1.2,0.20399715174531202,0.20399715174531202,0.057072089269912196,0.1555585353640459,3,5.426032193001085e-10,3.410605131648481e-12,0.0,1.3671458749420855e-10,1.9313305046244098e-11
127320.0,1.2,0.20391169552987562,0.20391169552987562,0.05706221056614941,0.1555019068973215,3,5.377745748713636e-10,2.7284841053187847e-12,0.0,1.366451352813848e-10,1.934779893568414e-11
127380.0,1.1999999999999997,0.20382635023302023,0.20382635023302023,0.057052402575500434,0.15544535715506438,3,5.331538682762371e-10,3.581135388230905e-12,0.0,1.3656953137700865e-10,1.9378859175494363e-11
127440.0,1.2000000000000002,0.2037411156392506,0.2037411156392506,0.057042661884734246,0.1553888855862378,3,5.28724709847328e-10,2.8990143619012088e-12,0.0,1.3648869496852897e-10,1.9406774758345227e-11
127500.0,1.2,0.20365599153360883,0.20365599153360883,0.05703298535287699,0.15533249166593513,3,5.244723752517721e-10,3.694822225952521e-12,0.0,1.3640251823754542e-10,1.9431801708609755e-11
127560.0,1.2000000000000002,0.20357097770167137,0.20357097770167137,0.05702337008245469,0.15527617489332823,3,5.203836667133643e-10,3.467448550509289e-12,0.0,1.3631172861637661e-10,1.9454170047637885e-11
127620.0,1.2,0.2034860739295488,0.2034860739295488,0.05701381339602145,0.1552199347898216,3,5.164464758622422e-10,3.126388037344441e-12,0.0,1.3621668779359675e-10,1.9474088097664872e-11
127680.0,1.2,0.20340128000388305,0.20340128000388305,0.05700431281608919,0.1551637708973791,3,5.126499016960828e-10,3.922195901395753e-12,0.0,1.3611762842967467e-10,1.9491745346159907e-11
127740.0,1.2,0.20331659571184696,0.20331659571184696,0.05699486604744131,0.15510768277700068,3,5.089838828187254e-10,3.240074875066057e-12,0.0,1.3601503288192176e-10,1.950731453266963e-11
127800.0,1.2,0.2032320208411416,0.2032320208411416,0.056985470961271795,0.1550516700073325,3,5.054393570347315e-10,5.286437954055145e-12,0.0,1.3590912677831582e-10,1.9520953306868577e-11
127860.0,1.2,0.20314755517999475,0.20314755517999475,0.05697612558083625,0.1549957321833974,3,5.020079421602652e-10,3.0127011996228248e-12,0.0,1.3580017893746816e-10,1.9532805637350333e-11
127920.0,1.2,0.2030631985171604,0.2030631985171604,0.056966828068418546,0.15493986891543454,3,4.986820331676078e-10,4.206412995699793e-12,0.0,1.3568823237891162e-10,1.95430030594055e-11
127980.0,1.2,0.20297895064191612,0.20297895064191612,0.05695757671348164,0.15488407982783808,3,4.954545940183408e-10,3.410605131648481e-12,0.0,1.3557377279599684e-10,1.955166580838818e-11
128040.0,1.2000000000000002,0.20289481134406126,0.20289481134406126,0.056948369921895295,0.15482836455818613,3,4.923193241967994e-10,5.286437954055145e-12,0.0,1.3545694789136455e-10,1.9558903850901647e-11
128100.0,1.2,0.20281078041391665,0.20281078041391665,0.0569392062061504,0.15477272275635168,3,4.892702978875896e-10,3.240074875066057e-12,0.0,1.353378069966371e-10,1.9564817834796274e-11
128160.0,1.2000000000000002,0.20272685764232157,0.20272685764232157,0.05693008417647462,0.15471715408368772,3,4.863021443868298e-10,3.353761712787673e-12,0.0,1.3521680965937564e-10,1.9569499951338217e-11
128220.0,1.2,0.20264304282063325,0.20264304282063325,0.056921002532771436,0.15466165821228023,3,4.834099717743179e-10,3.410605131648481e-12,0.0,1.3509353813733014e-10,1.957303472722576e-11
128280.0,1.2000000000000002,0.20255933574072504,0.20255933574072504,0.05691196005730789,0.15460623482426195,3,4.80589207318971e-10,3.410605131648481e-12,0.0,1.34968750283584e-10,1.957549973777285e-11
128340.0,1.1999999999999997,0.20247573619498418,0.20247573619498418,0.05690295560807984,0.15455088361118255,3,4.77835680745553e-10,3.524291969370097e-12,0.0,1.3484218214869482e-10,1.9576966257597502e-11
128400.0,1.2,0.20239224397631128,0.20239224397631128,0.056893988112792365,0.1544956042734281,3,4.751455895402046e-10,2.8990143619012088e-12,0.0,1.3471434915686967e-10,1.957749984578425e-11
128460.0,1.2,0.202308858878118,0.202308858878118,0.056885056563394654,0.15444039651968725,3,4.725152907836261e-10,3.296918293926865e-12,0.0,1.3458497249577904e-10,1.9577160875249125e-11
128520.0,1.2000000000000002,0.20222558069432586,0.20222558069432586,0.0568761600111133,0.1543852600664587,3,4.699415925846218e-10,3.694822225952521e-12,0.0,1.3445433009937928e-10,1.9576005007592626e-11
128580.0,1.2,0.20214240921936444,0.20214240921936444,0.05686729756193696,0.15433019463759617,3,4.6742143489098e-10,3.126388037344441e-12,0.0,1.3432242487765208e-10,1.9574083622188068e-11
128640.0,1.2,0.20205934424817026,0.20205934424817026,0.05685846837250549,0.15427519996388817,3,4.6495197275620015e-10,3.751665644813329e-12,0.0,1.341894745388172e-10,1.9571444202632932e-11
128700.0,1.2,0.20197638557618464,0.20197638557618464,0.05684967164636479,0.1542202757826689,3,4.625306179728561e-10,3.183231456205249e-12,0.0,1.340555611747668e-10,1.9568130682908226e-11
128760.0,1.2,0.20189353299935256,0.20189353299935256,0.05684090663054983,0.15416542183745754,3,4.601549627447632e-10,3.524291969370097e-12,0.0,1.339204794024575e-10,1.9564183760256246e-11
128820.0,1.2,0.20181078631412108,0.20181078631412108,0.056832172612464184,0.15411063787762394,3,4.5782275193140265e-10,3.183231456205249e-12,0.0,1.3378466029304983e-10,1.9559641177192092e-11
128880.0,1.2000000000000002,0.20172814531743757,0.20172814531743757,0.0568234689170263,0.15405592365807783,3,4.5553186917013377e-10,5.172751116333529e-12,0.0,1.3364807288240735e-10,1.955453797431901e-11
128940.0,1.2000000000000002,0.20164560980674828,0.20164560980674828,0.05681479490405805,0.15400127893897986,3,4.532803923873452e-10,3.979039320256561e-12,0.0,1.3351064311782762e-10,1.954890672141619e-11
129000.0,1.2,0.20156317957999687,0.20156317957999687,0.05680614996588969,0.15394670348547285,3,4.5106646195947064e-10,3.467448550509289e-12,0.0,1.3337243526200627e-10,1.9542777721757334e-11
129060.0,1.2,0.20148085443562233,0.20148085443562233,0.05679753352516264,0.153892197067431,3,4.488884333686549e-10,3.0127011996228248e-12,0.0,1.3323360945541584e-10,1.9536179201536678e-11
129120.0,1.2,0.20139863417255816,0.20139863417255816,0.05678894503281067,0.15383775945922623,3,4.467446829137245e-10,3.240074875066057e-12,0.0,1.3309416848394768e-10,1.952913747777507e-11
129180.0,1.1999999999999997,0.20131651859023048,0.20131651859023048,0.05678038396620248,0.15378339043950967,3,4.446337117935961e-10,2.9558577807620168e-12,0.0,1.3295412007931855e-10,1.9521677113097878e-11
129240.0,1.2000000000000002,0.20123450748855565,0.20123450748855565,0.05677184982743131,0.15372908979100747,3,4.4255415304617074e-10,5.286437954055145e-12,0.0,1.3281378820156108e-10,1.9513821053845187e-11
129300.0,1.2,0.2011526006679402,0.2011526006679402,0.05676334214173811,0.15367485730033004,3,4.405046952205005e-10,3.581135388230905e-12,0.0,1.3267278382707735e-10,1.9505590757959728e-11
129360.0,1.2000000000000002,0.20107079792927757,0.20107079792927757,0.056754860456055906,0.15362069275779286,3,4.38484068499001e-10,4.831690603168681e-12,0.0,1.3253134620540548e-10,1.9497006309830968e-11
129420.0,1.2,0.2009890990739477,0.2009890990739477,0.056746404337664536,0.15356659595724886,3,4.3649119735311714e-10,2.8990143619012088e-12,0.0,1.3238953125257848e-10,1.9488086523848204e-11
129480.0,1.2,0.20090750390381465,0.20090750390381465,0.05673797337294613,0.15351256669593097,3,4.3452492992646086e-10,3.637978807091713e-12,0.0,1.3224734779849128e-10,1.947884904175558e-11
129540.0,1.2,0.2008260122212253,0.2008260122212253,0.05672956716623286,0.15345860477430406,3,4.325843017127795e-10,2.8421709430404007e-12,0.0,1.3210480185030156e-10,1.9469310419174358e-11
129600.0,1.2,0.20074462382900762,0.20074462382900762,0.056721185338739016,0.15340470999592626,3,4.306682857557753e-10,5.115907697472721e-12,0.0,1.3196196230228112e-10,1.945948620571866e-11
129660.0,1.2,0.2006633385304685,0.2006633385304685,0.05671282752756931,0.15335088216731788,3,4.287760285714981e-10,4.092726157978177e-12,0.0,1.3181890261802098e-10,1.944939101712066e-11
129720.0,1.2,0.20058215612939295,0.20058215612939295,0.05670449338479848,0.15329712109783833,3,4.269066974926794e-10,4.149569576838985e-12,0.0,1.316754452314633e-10,1.9439038602890654e-11
129780.0,1.2,0.2005010764300412,0.2005010764300412,0.05669618257661533,0.15324342659957002,3,4.250594043408995e-10,4.320099833421409e-12,0.0,1.3153178735220703e-10,1.9428441908210013e-11
129840.0,1.2000000000000002,0.2004200992371481,0.2004200992371481,0.05668789478252582,0.15318979848720887,3,4.2323346216566193e-10,3.524291969370097e-12,0.0,1.3138800536568332e-10,1.9417613128230632e-11
129900.0,1.2,0.20033922435592047,0.20033922435592047,0.05667962969461134,0.153136236577961,3,4.2142807299416774e-10,2.5579538487363607e-12,0.0,1.3124382394933838e-10,1.9406563762291654e-11
129960.0,1.2000000000000002,0.2002584515920356,0.2002584515920356,0.05667138701683684,0.15308274069144495,3,4.1964261926485946e-10,3.865352482534945e-12,0.0,1.3109977642772658e-10,1.9395304658779134e-11
130020.0,1.2,0.20017778075163975,0.20017778075163975,0.05666316646440478,0.1530293106495996,3,4.1787644872171015e-10,4.035882739117369e-12,0.0,1.3095523674693814e-10,1.938384606132324e-11
130080.0,1.2000000000000002,0.20009721164134586,0.20009721164134586,0.05665496776315295,0.15297594627659655,3,4.161289021697989e-10,3.410605131648481e-12,0.0,1.3081080411247951e-10,1.937219764785525e-11
130140.0,1.1999999999999997,0.2000167440682318,0.2000167440682318,0.056646790648991,0.15292264739875777,3,4.1439941755871956e-10,3.240074875066057e-12,0.0,1.3066600251216312e-10,1.936036856835924e-11
130200.0,1.2,0.19993637783983875,0.19993637783983875,0.05663863486737239,0.1528694138444771,3,4.126874883492171e-10,2.8990143619012088e-12,0.0,1.3052135198525508e-10,1.9348367477894795e-11
130260.0,1.2,0.19985611276416956,0.19985611276416956,0.05663050017280155,0.15281624544414601,3,4.109925316742036e-10,3.296918293926865e-12,0.0,1.3037650580813577e-10,1.933620257154869e-11
130320.0,1.2000000000000002,0.19977594864968592,0.19977594864968592,0.05662238632837135,0.1527631420300833,3,4.0931406181110574e-10,3.410605131648481e-12,0.0,1.3023162728918096e-10,1.932388161028512e-11
130380.0,1.2,0.19969588530530707,0.19969588530530707,0.056614293105329436,0.152710103436468,3,4.076515930373503e-10,3.183231456205249e-12,0.0,1.300865702783613e-10,1.9311411950470257e-11
130440.0,1.2,0.19961592254040816,0.19961592254040816,0.05660622028267143,0.15265712949927623,3,4.06004715958197e-10,4.831690603168681e-12,0.0,1.2994162686651834e-10,1.929880056799531e-11
130500.0,1.2,0.1995360601648179,0.1995360601648179,0.05659816764675881,0.15260422005622054,3,4.0437295178996635e-10,3.0127011996228248e-12,0.0,1.2979661774482394e-10,1.9286054082198594e-11
130560.0,1.2,0.19945629798881645,0.19945629798881645,0.056590134990959697,0.15255137494669269,3,4.027559050157059e-10,2.8421709430404007e-12,0.0,1.2965142999192777e-10,1.9273178777801537e-11
130620.0,1.2,0.1993766358231342,0.1993766358231342,0.0565821221153117,0.15249859401170898,3,4.0115319399625093e-10,3.524291969370097e-12,0.0,1.2950637844320008e-10,1.9260180624361478e-11
130680.0,1.2000000000000002,0.19929707347894898,0.19929707347894898,0.05657412882620366,0.15244587709385826,3,3.995644301535428e-10,5.172751116333529e-12,0.0,1.2936130654281176e-10,1.9247065295693873e-11
130740.0,1.2000000000000002,0.19921761076788497,0.19921761076788497,0.056566154936076946,0.15239322403725236,3,3.9798927348178026e-10,3.524291969370097e-12,0.0,1.2921625055181977e-10,1.9233838186927102e-11
130800.0,1.2,0.19913824750201,0.19913824750201,0.05655820026314311,0.15234063468747902,3,3.9642735621958636e-10,3.0127011996228248e-12,0.0,1.2907110073244712e-10,1.922050443118836e-11
130860.0,1.2,0.199058983493834,0.199058983493834,0.0565502646311184,0.1522881088915567,3,3.9487838693341715e-10,3.240074875066057e-12,0.0,1.2892604797542693e-10,1.92070689149462e-11
130920.0,1.2,0.19897981855630667,0.19897981855630667,0.05654234786897322,0.15223564649789165,3,3.9334202561747134e-10,5.115907697472721e-12,0.0,1.287810031152949e-10,1.9193536290888906e-11
130980.0,1.1999999999999997,0.19890075250281608,0.19890075250281608,0.056534449810694595,0.15218324735623703,3,3.9181798083820496e-10,3.296918293926865e-12,0.0,1.2863589379044987e-10,1.917991099248536e-11
131040.0,1.2000000000000002,0.19882178514718638,0.19882178514718638,0.05652657029506329,0.15213091131765355,3,3.9030594728428625e-10,3.979039320256561e-12,0.0,1.2849120435635394e-10,1.9166197245880722e-11
131100.0,1.2,0.19874291630367605,0.19874291630367605,0.056518709165442216,0.15207863823447204,3,3.888057098500042e-10,4.263256414560601e-12,0.0,1.2834621602465972e-10,1.915239908170774e-11
131160.0,1.2000000000000002,0.19866414578697547,0.19866414578697547,0.056510866269576764,0.1520264279602579,3,3.8731690771287575e-10,3.296918293926865e-12,0.0,1.282014179666351e-10,1.9138520344964116e-11
131220.0,1.2,0.19858547341220592,0.19858547341220592,0.05650304145940534,0.15197428034977645,3,3.8583939515612897e-10,3.0127011996228248e-12,0.0,1.2805664158503066e-10,1.9124564705936258e-11
131280.0,1.2,0.1985068989949167,0.1985068989949167,0.05649523459088048,0.1519221952589605,3,3.843728599295382e-10,2.7284841053187847e-12,0.0,1.279120004004725e-10,1.9110535669725908e-11
131340.0,1.2,0.1984284223510839,0.1984284223510839,0.05648744552379903,0.15187017254487872,3,3.8291707998849844e-10,3.353761712787673e-12,0.0,1.2776742298860143e-10,1.9096436584107542e-11
131400.0,1.2,0.19835004329710793,0.19835004329710793,0.05647967412164199,0.15181821206570573,3,3.8147186104398045e-10,2.8990143619012088e-12,0.0,1.2762289699671245e-10,1.908227064945122e-11
131460.0,1.2,0.19827176164981236,0.19827176164981236,0.05647192025142129,0.15176631368069318,3,3.8003695329580367e-10,3.240074875066057e-12,0.0,1.2747857563612507e-10,1.9068040924660925e-11
131520.0,1.2,0.19819357722644199,0.19819357722644199,0.056464183783535765,0.15171447725014225,3,3.786121832716205e-10,2.8421709430404007e-12,0.0,1.273342067688478e-10,1.9053750336319857e-11
131580.0,1.2,0.19811548984466024,0.19811548984466024,0.0564564645916333,0.1516627026353769,3,3.771973011712504e-10,2.7853275241795927e-12,0.0,1.2718997700682686e-10,1.903940168344922e-11
131640.0,1.2000000000000002,0.1980374993225485,0.1980374993225485,0.056448762552481005,0.1516109896987188,3,3.757921820946031e-10,3.240074875066057e-12,0.0,1.2704599542334187e-10,1.9024997646526963e-11
131700.0,1.2,0.19795960547860325,0.19795960547860325,0.05644107754584083,0.15155933830346247,3,3.7439661093596754e-10,3.637978807091713e-12,0.0,1.269019213455531e-10,1.9010540791514493e-11
131760.0,1.2000000000000002,0.19788180813173514,0.19788180813173514,0.056433409454352455,0.15150774831385216,3,3.730104072841023e-10,3.637978807091713e-12,0.0,1.2675817244498335e-10,1.8996033576598204e-11
131820.0,1.2,0.19780410710126697,0.19780410710126697,0.056425758163420485,0.15145621959505928,3,3.716333837888719e-10,3.183231456205249e-12,0.0,1.2661426461646873e-10,1.8981478356681064e-11
131880.0,1.2000000000000002,0.1977265022069322,0.1977265022069322,0.056418123561108265,0.15140475201316045,3,3.702653947335044e-10,3.126388037344441e-12,0.0,1.2647075529535645e-10,1.896687738952195e-11
131940.0,1.1999999999999997,0.19764899326887292,0.19764899326887292,0.05641050553803653,0.15135334543511703,3,3.6890628052344e-10,2.7284841053187847e-12,0.0,1.2632709534214e-10,1.8952232840529982e-11
132000.0,1.2,0.19757158010763848,0.19757158010763848,0.05640290398728652,0.15130199972875485,3,3.675558885030128e-10,3.353761712787673e-12,0.0,1.2618385966052704e-10,1.893754678498138e-11
132060.0,1.2,0.19749426254418415,0.19749426254418415,0.0563953188043082,0.15125071476274493,3,3.66214059077663e-10,3.069544618483633e-12,0.0,1.2604062771687049e-10,1.8922821216240797e-11
132120.0,1.2000000000000002,0.19741704039986913,0.19741704039986913,0.05638774988683206,0.1511994904065851,3,3.648806465306187e-10,3.126388037344441e-12,0.0,1.258975364531045e-10,1.890805804655046e-11
132180.0,1.2,0.19733991349645497,0.19733991349645497,0.05638019713478618,0.1511483265305818,3,3.6355552596178953e-10,3.240074875066057e-12,0.0,1.2575457725744508e-10,1.8893259111421668e-11
132240.0,1.2,0.19726288165610475,0.19726288165610475,0.05637266045021524,0.15109722300583306,3,3.6223858634887307e-10,3.183231456205249e-12,0.0,1.2561178804308698e-10,1.887842617438694e-11
132300.0,1.2,0.19718594470138096,0.19718594470138096,0.05636513973720561,0.1510461797042119,3,3.609296472806278e-10,3.183231456205249e-12,0.0,1.254692839035965e-10,1.8863560929487358e-11
132360.0,1.2,0.19710910245524413,0.19710910245524413,0.05635763490181164,0.15099519649835016,3,3.5962863936811473e-10,2.6147972675971687e-12,0.0,1.253266766170924e-10,1.8848665004487807e-11
132420.0,1.2,0.1970323547410522,0.1970323547410522,0.056350145851986846,0.15094427326162324,3,3.583353544445167e-10,2.5011104298755527e-12,0.0,1.2518435556250292e-10,1.8833739964714273e-11
132480.0,1.2000000000000002,0.19695570138255833,0.19695570138255833,0.05634267249751709,0.150893409868135,3,3.570497578153642e-10,3.410605131648481e-12,0.0,1.2504225213270045e-10,1.881878731412752e-11
132540.0,1.2000000000000002,0.1968791422039099,0.1968791422039099,0.05633521474995729,0.1508426061927034,3,3.557716898860974e-10,3.240074875066057e-12,0.0,1.2490018240845653e-10,1.880380850057073e-11
132600.0,1.2,0.19680267702964743,0.19680267702964743,0.05632777252257083,0.15079186211084689,3,3.5450108126777735e-10,2.5579538487363607e-12,0.0,1.2475826191998298e-10,1.8788804915446886e-11
132660.0,1.2,0.19672630568470298,0.19672630568470298,0.05632034573027131,0.15074117749877058,3,3.532378001214198e-10,3.0127011996228248e-12,0.0,1.2461659221424818e-10,1.8773777899169087e-11
132720.0,1.2,0.19665002799439935,0.19665002799439935,0.05631293428956717,0.15069055223335354,3,3.5198174930251014e-10,2.8421709430404007e-12,0.0,1.2447509016555629e-10,1.8758728741134065e-11
132780.0,1.1999999999999997,0.19657384378444853,0.19657384378444853,0.05630553811850835,0.15063998619213614,3,3.5073279003317026e-10,2.8421709430404007e-12,0.0,1.243335771524464e-10,1.8743658682955633e-11
132840.0,1.2000000000000002,0.19649775288095103,0.19649775288095103,0.05629815713663542,0.15058947925330804,3,3.4949085986335504e-10,3.0127011996228248e-12,0.0,1.2419259897796227e-10,1.8728568920072734e-11
132900.0,1.2,0.19642175511039472,0.19642175511039472,0.05629079126493094,0.15053903129569637,3,3.4825588246523154e-10,2.7853275241795927e-12,0.0,1.2405149408946682e-10,1.8713460604942346e-11
132960.0,1.2000000000000002,0.19634585029965304,0.19634585029965304,0.056283440425772636,0.15048864219875452,3,3.470277537553912e-10,3.353761712787673e-12,0.0,1.2391067443423415e-10,1.8698334847017986e-11
133020.0,1.2,0.19627003827598538,0.19627003827598538,0.056276104542888644,0.15043831184255102,3,3.458063418948498e-10,3.694822225952521e-12,0.0,1.2376997808709333e-10,1.868319271618912e-11
133080.0,1.2,0.19619431886703464,0.19619431886703464,0.05626878354131441,0.15038804010775902,3,3.445915913724562e-10,2.7853275241795927e-12,0.0,1.236294462655146e-10,1.8668035243598417e-11
133140.0,1.2,0.1961186919008273,0.1961186919008273,0.056261477347351777,0.15033782687564598,3,3.433834466770591e-10,2.6716406864579767e-12,0.0,1.2348918383937662e-10,1.865286342310504e-11
133200.0,1.2,0.1960431572057724,0.1960431572057724,0.056254185888528783,0.1502876720280637,3,3.4218178290856827e-10,2.6716406864579767e-12,0.0,1.2334905557309308e-10,1.8637678213633834e-11
133260.0,1.2,0.19596771461065965,0.19596771461065965,0.05624690909356241,0.1502375754474387,3,3.4098653761693853e-10,3.069544618483633e-12,0.0,1.2320916033785532e-10,1.8622480540213427e-11
133320.0,1.2,0.19589236394466022,0.19589236394466022,0.05623964689232176,0.15018753701676288,3,3.3979762059654917e-10,3.069544618483633e-12,0.0,1.2306931737810292e-10,1.860727129512934e-11
133380.0,1.2,0.19581710503732508,0.19581710503732508,0.05623239921579326,0.1501375566195843,3,3.3861497633624893e-10,4.888534022029489e-12,0.0,1.229297300888929e-10,1.8592051339308672e-11
133440.0,1.2000000000000002,0.1957419377185834,0.1957419377185834,0.056225165996046864,0.1500876341399986,3,3.3743850075262927e-10,3.240074875066057e-12,0.0,1.2279037977366703e-10,1.8576821504535295e-11
133500.0,1.2,0.1956668618187435,0.1956668618187435,0.05621794716620354,0.1500377694626404,3,3.3626815221232675e-10,4.490630090003833e-12,0.0,1.2265112594015253e-10,1.8561582592587105e-11
133560.0,1.2000000000000002,0.19559187716849094,0.19559187716849094,0.056210742660404836,0.14998796247267487,3,3.3510384050972064e-10,2.6716406864579767e-12,0.0,1.2251223123463162e-10,1.8546335378700255e-11
133620.0,1.2,0.19551698359888817,0.19551698359888817,0.05620355241378229,0.14993821305578997,3,3.339455240114475e-10,3.467448550509289e-12,0.0,1.2237321574856517e-10,1.8531080611268058e-11
133680.0,1.2000000000000002,0.1954421809413739,0.1954421809413739,0.0561963763624292,0.14988852109818834,3,3.327931194507805e-10,2.7853275241795927e-12,0.0,1.2223467720218738e-10,1.851581901353588e-11
133740.0,1.1999999999999997,0.1953674690277623,0.1953674690277623,0.056189214443372715,0.14983888648658003,3,3.3164650886652325e-10,2.9558577807620168e-12,0.0,1.2209604083028043e-10,1.8500551283550692e-11
133800.0,1.2,0.19529284769024252,0.19529284769024252,0.05618206659454714,0.14978930910817495,3,3.305057338920392e-10,3.126388037344441e-12,0.0,1.2195782743528713e-10,1.8485278096378723e-11
133860.0,1.2,0.19521831676137807,0.19521831676137807,0.05617493275476875,0.14973978885067574,3,3.2937065574945024e-10,3.637978807091713e-12,0.0,1.2181978117048223e-10,1.8470000104217146e-11
133920.0,1.2000000000000002,0.1951438760741062,0.1951438760741062,0.056167812863710496,0.14969032560227089,3,3.2824122586649906e-10,3.0127011996228248e-12,0.0,1.2168189133911016e-10,1.8454717938584445e-11
133980.0,1.2,0.1950695254617376,0.1950695254617376,0.05616070686187888,0.1496409192516279,3,3.2711741648761006e-10,4.320099833421409e-12,0.0,1.2154419180724222e-10,1.843943220822434e-11
134040.0,1.2,0.1949952647579552,0.1949952647579552,0.05615361469059036,0.14959156968788684,3,3.2599913046826856e-10,2.7853275241795927e-12,0.0,1.2140674843931336e-10,1.8424143503449308e-11
134100.0,1.2,0.19492109379681447,0.19492109379681447,0.05614653629194992,0.1495422768006538,3,3.2488631923621725e-10,3.0127011996228248e-12,0.0,1.2126950647549056e-10,1.8408852394008124e-11
134160.0,1.2,0.19484701241274244,0.19484701241274244,0.056139471608829365,0.14949304047999484,3,3.237789550358805e-10,3.467448550509289e-12,0.0,1.2113237309070368e-10,1.8393559432156343e-11
134220.0,1.2,0.19477302044053738,0.19477302044053738,0.05613242058484723,0.14944386061642967,3,3.226769684783193e-10,3.979039320256561e-12,0.0,1.2099541842478648e-10,1.837826515109376e-11
134280.0,1.2000000000000002,0.19469911771536824,0.19469911771536824,0.0561253831643485,0.14939473710092618,3,3.2158029711348846e-10,3.183231456205249e-12,0.0,1.208587706600819e-10,1.8362970067568375e-11
134340.0,1.2000000000000002,0.19462530407277437,0.19462530407277437,0.05611835929238582,0.14934566982489436,3,3.204889062469185e-10,3.410605131648481e-12,0.0,1.207222530559657e-10,1.8347674681380085e-11
134400.0,1.2,0.1945515793486648,0.1945515793486648,0.05611134891470111,0.14929665868018088,3,3.194027195507765e-10,3.0127011996228248e-12,0.0,1.2058586827000376e-10,1.8332379476173124e-11
134460.0,1.2,0.19447794337931823,0.19447794337931823,0.05610435197770773,0.14924770355906358,3,3.183217162083807e-10,2.6716406864579767e-12,0.0,1.2044981234627766e-10,1.8317084920361673e-11
134520.0,1.2,0.19440439600138226,0.19440439600138226,0.05609736842847309,0.14919880435424615,3,3.1724584764747377e-10,3.637978807091713e-12,0.0,1.203138772467193e-10,1.83017914671431e-11
134580.0,1.1999999999999997,0.1943309370518733,0.1943309370518733,0.05609039821470243,0.14914996095885308,3,3.161750375402228e-10,3.240074875066057e-12,0.0,1.2017803040121776e-10,1.8286499556303697e-11
134640.0,1.2000000000000002,0.19425756636817573,0.19425756636817573,0.056083441284722715,0.14910117326642452,3,3.1510925119215827e-10,3.581135388230905e-12,0.0,1.2004268848137345e-10,1.8271209612047322e-11
134700.0,1.2,0.1941842837880418,0.1941842837880418,0.05607649758746669,0.14905244117091154,3,3.1404846084770455e-10,2.8421709430404007e-12,0.0,1.199073677339647e-10,1.825592204693775e-11
134760.0,1.2000000000000002,0.19411108914959158,0.19411108914959158,0.05606956707245876,0.14900376456667103,3,3.129926248734982e-10,3.865352482534945e-12,0.0,1.1977225290238299e-10,1.8240637259691756e-11
134820.0,1.2,0.19403798229131206,0.19403798229131206,0.056062649689800056,0.14895514334846138,3,3.1194166000281243e-10,2.8990143619012088e-12,0.0,1.1963738925799828e-10,1.822535563687896e-11
134880.0,1.2,0.19396496305205693,0.19396496305205693,0.05605574539015437,0.14890657741143762,3,3.1089553154117766e-10,3.581135388230905e-12,0.0,1.1950262806987184e-10,1.82100775530757e-11
134940.0,1.2,0.19389203127104646,0.19389203127104646,0.056048854124735016,0.14885806665114729,3,3.098542464274878e-10,5.4001247917767614e-12,0.0,1.1936816073229787e-10,1.8194803371039545e-11
135000.0,1.2,0.19381918678786703,0.19381918678786703,0.05604197584529125,0.14880961096352577,3,3.0881772833390997e-10,2.3874235921539366e-12,0.0,1.1923387626278448e-10,1.8179533442596885e-11
135060.0,1.2,0.19374642944247064,0.19374642944247064,0.05603511050409607,0.1487612102448923,3,3.077859356270807e-10,3.183231456205249e-12,0.0,1.190998488944521e-10,1.8164268108629675e-11
135120.0,1.2,0.19367375907517467,0.19367375907517467,0.05602825805393394,0.14871286439194575,3,3.067588197347426e-10,3.296918293926865e-12,0.0,1.1896588447718486e-10,1.8149007699891874e-11
135180.0,1.2,0.19360117552666165,0.19360117552666165,0.05602141844808872,0.14866457330176058,3,3.057363598402141e-10,3.296918293926865e-12,0.0,1.1883219638366435e-10,1.8133752536239336e-11
135240.0,1.2000000000000002,0.1935286786379785,0.1935286786379785,0.05601459164033244,0.14861633687178283,3,3.0471851431013164e-10,3.922195901395753e-12,0.0,1.1869878776315907e-10,1.8118502929169254e-11
135300.0,1.2,0.1934562682505372,0.1934562682505372,0.056007777584914036,0.14856815499982634,3,3.037052484500258e-10,3.0127011996228248e-12,0.0,1.1856542201522642e-10,1.8103259179116108e-11
135360.0,1.2000000000000002,0.19338394420611285,0.19338394420611285,0.05600097623654838,0.14852002758406907,3,3.0269652062653307e-10,3.240074875066057e-12,0.0,1.1843251103081282e-10,1.8088021578250017e-11
135420.0,1.2,0.19331170634684494,0.19331170634684494,0.05599418755040656,0.14847195452304918,3,3.016922892062901e-10,2.9558577807620168e-12,0.0,1.182994159327767e-10,1.8072790410207904e-11
135480.0,1.2000000000000002,0.19323955451523608,0.19323955451523608,0.05598741148210514,0.14842393571566165,3,3.0069251949482734e-10,3.126388037344441e-12,0.0,1.181668883379214e-10,1.8057565949970246e-11
135540.0,1.1999999999999997,0.19316748855415197,0.19316748855415197,0.05598064798769688,0.14837597106115458,3,2.9969717679767527e-10,2.7284841053187847e-12,0.0,1.180343125468914e-10,1.8042348463727902e-11
135600.0,1.2,0.1930955083068208,0.1930955083068208,0.05597389702366063,0.14832806045912586,3,2.9870625417594e-10,3.069544618483633e-12,0.0,1.1790214715560633e-10,1.8027138209816822e-11
135660.0,1.2,0.19302361361683323,0.19302361361683323,0.05596715854689252,0.14828020380951984,3,2.9771968224068246e-10,3.581135388230905e-12,0.0,1.1777013214062148e-10,1.8011935439742096e-11
135720.0,1.2000000000000002,0.192951804328142,0.192951804328142,0.055960432514697414,0.1482324010126238,3,2.9673742629743316e-10,3.183231456205249e-12,0.0,1.176382490133252e-10,1.799674039656165e-11
135780.0,1.2,0.19288008028506093,0.19288008028506093,0.055953718884779416,0.148184651969065,3,2.957594724684043e-10,3.296918293926865e-12,0.0,1.175065275041504e-10,1.798155331639419e-11
135840.0,1.2,0.19280844133226563,0.19280844133226563,0.05594701761523422,0.14813695657980736,3,2.947857929980202e-10,5.115907697472721e-12,0.0,1.1737518267052727e-10,1.7966374428585467e-11
135900.0,1.2,0.19273688731479244,0.19273688731479244,0.05594032866454062,0.14808931474614836,3,2.9381636706959924e-10,3.865352482534945e-12,0.0,1.1724404566787269e-10,1.7951203955212794e-11
135960.0,1.2,0.1926654180780381,0.1926654180780381,0.055933651991552584,0.1480417263697161,3,2.928511114164145e-10,2.7284841053187847e-12,0.0,1.1711293598414823e-10,1.7936042112564878e-11
136020.0,1.2,0.19259403346775958,0.19259403346775958,0.05592698755549197,0.14799419135246616,3,2.9189004685514774e-10,3.296918293926865e-12,0.0,1.1698208107861695e-10,1.7920889110052416e-11
136080.0,1.2000000000000002,0.19252273333007336,0.19252273333007336,0.055920335315940685,0.147946709596679,3,2.909331039968599e-10,2.5579538487363607e-12,0.0,1.1685154750392806e-10,1.7905745150925267e-11
136140.0,1.2000000000000002,0.1924515175114557,0.1924515175114557,0.055913695232833405,0.1478992810049567,3,2.899802897804449e-10,4.547473508864641e-12,0.0,1.1672114290906362e-10,1.7890610432359298e-11
136200.0,1.2,0.19238038585874154,0.19238038585874154,0.0559070672664511,0.14785190548022054,3,2.8903154175585755e-10,2.6716406864579767e-12,0.0,1.165909302226424e-10,1.7875485146404343e-11
136260.0,1.2,0.19230933821912427,0.19230933821912427,0.05590045137741376,0.14780458292570803,3,2.880868668619918e-10,3.296918293926865e-12,0.0,1.1646087083478507e-10,1.7860369478737633e-11
136320.0,1.2,0.19223837444015554,0.19223837444015554,0.05589384752667359,0.1477573132449703,3,2.8714620958769643e-10,3.581135388230905e-12,0.0,1.163311033277051e-10,1.7845263610036093e-11
136380.0,1.1999999999999997,0.19216749436974465,0.19216749436974465,0.055887255675509305,0.1477100963418695,3,2.862095491162897e-10,2.9558577807620168e-12,0.0,1.1620135219038387e-10,1.783016771549906e-11
136440.0,1.2000000000000002,0.1920966978561582,0.1920966978561582,0.0558806757855192,0.1476629321205761,3,2.852768715699838e-10,3.637978807091713e-12,0.0,1.1607219470033888e-10,1.7815081965586948e-11
136500.0,1.2,0.19202598474801974,0.19202598474801974,0.05587410781861534,0.14761582048556654,3,2.8434812143762755e-10,3.524291969370097e-12,0.0,1.1594294021316298e-10,1.7800006525104744e-11
136560.0,1.2000000000000002,0.19195535489430907,0.19195535489430907,0.05586755173701774,0.1475687613416206,3,2.834232848414331e-10,4.092726157978177e-12,0.0,1.1581400348743262e-10,1.7784941555232725e-11
136620.0,1.2,0.1918848081443619,0.1918848081443619,0.05586100750324845,0.147521754593819,3,2.825023617814004e-10,5.286437954055145e-12,0.0,1.1568525449723766e-10,1.776988721084309e-11
136680.0,1.2,0.1918143443478699,0.1918143443478699,0.0558544750801259,0.14747480014754094,3,2.815852759296966e-10,3.126388037344441e-12,0.0,1.1555665070712458e-10,1.7754843643821917e-11
136740.0,1.2,0.1917439633548789,0.1917439633548789,0.05584795443075985,0.14742789790846203,3,2.806720342252156e-10,3.410605131648481e-12,0.0,1.1542828142062405e-10,1.7739811001181533e-11
136800.0,1.2,0.19167366501578978,0.19167366501578978,0.055841445518545606,0.14738104778255157,3,2.797626158512756e-10,3.126388037344441e-12,0.0,1.1530012942221493e-10,1.7724789425064655e-11
136860.0,1.2,0.19160344918135716,0.19160344918135716,0.05583494830715908,0.14733424967607062,3,2.7885695835783153e-10,4.206412995699793e-12,0.0,1.1517230362085247e-10,1.7709779054150595e-11
136920.0,1.2,0.1915333157026896,0.1915333157026896,0.05582846276055216,0.14728750349556954,3,2.779550964393529e-10,3.581135388230905e-12,0.0,1.1504444837111906e-10,1.769478002332025e-11
136980.0,1.2,0.19146326443124825,0.19146326443124825,0.05582198884294718,0.14724080914788606,3,2.7705695376800676e-10,3.183231456205249e-12,0.0,1.1491691695182226e-10,1.76797924624782e-11
137040.0,1.2000000000000002,0.1913932952188472,0.1913932952188472,0.05581552651883264,0.1471941665401429,3,2.7616254422158093e-10,2.8990143619012088e-12,0.0,1.1478961637737919e-10,1.7664816499349402e-11
137100.0,1.2,0.19132340791765187,0.19132340791765187,0.0558090757529583,0.14714757557974575,3,2.7527181922781807e-10,2.7853275241795927e-12,0.0,1.1466240477104174e-10,1.7649852255903293e-11
137160.0,1.2000000000000002,0.19125360238017985,0.19125360238017985,0.05580263651033065,0.1471010361743812,3,2.7438474409224867e-10,2.5579538487363607e-12,0.0,1.14535630116391e-10,1.7634899852426823e-11
137220.0,1.2,0.1911838784592989,0.1911838784592989,0.05579620875620902,0.14705454823201466,3,2.7350135350934224e-10,2.3874235921539366e-12,0.0,1.1440869291781176e-10,1.7619959405147967e-11
137280.0,1.2000000000000002,0.1911142360082275,0.1911142360082275,0.05578979245610108,0.14700811166088856,3,2.7262155033458413e-10,3.581135388230905e-12,0.0,1.1428230256582084e-10,1.7605031026767602e-11
137340.0,1.1999999999999997,0.1910446748805339,0.1910446748805339,0.055783387575758035,0.1469617263695201,3,2.7174536232354995e-10,2.7853275241795927e-12,0.0,1.1415581602476844e-10,1.759011482637017e-11
137400.0,1.2,0.1909751949301354,0.1909751949301354,0.055776994081171524,0.14691539226669942,3,2.708727547817702e-10,3.353761712787673e-12,0.0,1.140297772884359e-10,1.757521091075958e-11
137460.0,1.2,0.1909057960112978,0.1909057960112978,0.05577061193856923,0.14686910926148783,3,2.7000367913698753e-10,3.808509063674137e-12,0.0,1.1390389155462925e-10,1.7560319382830482e-11
137520.0,1.2000000000000002,0.190836477978635,0.190836477978635,0.05576424111441078,0.14682287726321572,3,2.6913815620588366e-10,3.183231456205249e-12,0.0,1.1377819949575301e-10,1.7545440342657667e-11
137580.0,1.2,0.19076724068710824,0.19076724068710824,0.0557578815753846,0.1467766961814808,3,2.6827614435509517e-10,3.410605131648481e-12,0.0,1.1365258145400384e-10,1.7530573887964252e-11
137640.0,1.2,0.1906980839920257,0.1906980839920257,0.05575153328840374,0.14673056592614636,3,2.6741761582904644e-10,2.8990143619012088e-12,0.0,1.1352736697432613e-10,1.7515720112885047e-11
137700.0,1.2,0.19062900774904162,0.19062900774904162,0.05574519622060252,0.1466844864073395,3,2.6656255674994966e-10,2.7284841053187847e-12,0.0,1.1340232129052711e-10,1.7500879109343804e-11
137760.0,1.2,0.19056001181415544,0.19056001181415544,0.055738870339332926,0.1466384575354492,3,2.6571095324001703e-10,5.229594535194337e-12,0.0,1.1327730218535143e-10,1.7486050965933223e-11
137820.0,1.2,0.19049109604371184,0.19049109604371184,0.055732555612161415,0.14659247922112478,3,2.6486278448256684e-10,2.8990143619012088e-12,0.0,1.1315261123259797e-10,1.747123576944523e-11
137880.0,1.2000000000000002,0.19042226029439974,0.19042226029439974,0.055726252006865255,0.14654655137527406,3,2.6401802272202346e-10,3.240074875066057e-12,0.0,1.1302819186359488e-10,1.74564336035053e-11
137940.0,1.2000000000000002,0.19035350442325133,0.19035350442325133,0.055719959491429695,0.1465006739090617,3,2.631766471417052e-10,2.7853275241795927e-12,0.0,1.1290383961602362e-10,1.7441644549621333e-11
138000.0,1.2,0.1902848282876418,0.1902848282876418,0.05571367803404466,0.14645484673390785,3,2.623386369249303e-10,3.183231456205249e-12,0.0,1.1277969447520775e-10,1.742686868699918e-11
138060.0,1.2,0.19021623174528876,0.19021623174528876,0.05570740760310165,0.14640906976148602,3,2.615039643161232e-10,4.149569576838985e-12,0.0,1.126558157110072e-10,1.7412106091900757e-11
138120.0,1.2,0.19014771465425115,0.19014771465425115,0.055701148167190476,0.14636334290372177,3,2.606726570708595e-10,2.5011104298755527e-12,0.0,1.1253206247200724e-10,1.7397356838699527e-11
138180.0,1.1999999999999997,0.19007927687292855,0.19007927687292855,0.055694899695096695,0.14631766607279126,3,2.5984462498351846e-10,3.069544618483633e-12,0.0,1.1240846890252947e-10,1.7382620999968182e-11
138240.0,1.2000000000000002,0.1900109182600612,0.1900109182600612,0.0556886621557987,0.1462720391811193,3,2.5901990274856956e-10,4.945377440890297e-12,0.0,1.1228526610619621e-10,1.7367898645002124e-11
138300.0,1.2,0.18994263867472858,0.18994263867472858,0.05568243551846453,0.14622646214137833,3,2.581984695493311e-10,3.637978807091713e-12,0.0,1.1216215104892376e-10,1.7353189842190163e-11
138360.0,1.2000000000000002,0.18987443797634843,0.18987443797634843,0.05567621975244978,0.14618093486648637,3,2.573802906913336e-10,3.296918293926865e-12,0.0,1.1203925013682697e-10,1.7338494657596733e-11
138420.0,1.2,0.18980631602467704,0.18980631602467704,0.055670014827294424,0.14613545726960603,3,2.565653176023197e-10,3.808509063674137e-12,0.0,1.1191655281587532e-10,1.73238131544904e-11
138480.0,1.2,0.1897382726798077,0.1897382726798077,0.05566382071272026,0.14609002926414258,3,2.557535710989711e-10,2.8990143619012088e-12,0.0,1.1179402787163414e-10,1.7309145395394433e-11
138540.0,1.2,0.18967030780217023,0.18967030780217023,0.05565763737862876,0.146044650763743,3,2.5494503036460614e-10,4.433786671143025e-12,0.0,1.1167171638138974e-10,1.729449143984516e-11
138600.0,1.2,0.18960242125253005,0.18960242125253005,0.05565146479509776,0.14599932168229418,3,2.5413967458254305e-10,3.694822225952521e-12,0.0,1.1154963583679599e-10,1.7279851346343277e-11
138660.0,1.2,0.18953461289198786,0.18953461289198786,0.05564530293237991,0.14595404193392153,3,2.5333748987499405e-10,2.9558577807620168e-12,0.0,1.1142777932394646e-10,1.7265225171051036e-11
138720.0,1.2,0.18946688258197864,0.18946688258197864,0.05563915176089964,0.1459088114329879,3,2.525384484863835e-10,2.5011104298755527e-12,0.0,1.1130594920379653e-10,1.7250612968937898e-11
138780.0,1.2,0.18939923018427063,0.18939923018427063,0.055633011251251425,0.14586363009409187,3,2.5174252960002974e-10,3.637978807091713e-12,0.0,1.111844385099354e-10,1.723601479285657e-11
138840.0,1.2000000000000002,0.18933165556096482,0.18933165556096482,0.05562688137419701,0.14581849783206657,3,2.5094974015482663e-10,2.8990143619012088e-12,0.0,1.1106313538742724e-10,1.7221430694195643e-11
138900.0,1.2,0.18926415857449422,0.18926415857449422,0.05562076210066314,0.1457734145619784,3,2.5016003157851685e-10,3.296918293926865e-12,0.0,1.1094194539294544e-10,1.7206860722341113e-11
138960.0,1.2000000000000002,0.1891967390876228,0.1891967390876228,0.05561465340173973,0.14572838019912557,3,2.493734038711004e-10,3.0127011996228248e-12,0.0,1.1082114345390293e-10,1.7192304925768243e-11
139020.0,1.2,0.18912939696344505,0.18912939696344505,0.055608555248677784,0.1456833946590369,3,2.485898431547895e-10,3.808509063674137e-12,0.0,1.1070019631604909e-10,1.7177763350781778e-11
139080.0,1.2000000000000002,0.18906213206538505,0.18906213206538505,0.055602467612886765,0.14563845785747054,3,2.478093424906902e-10,3.126388037344441e-12,0.0,1.1057978462541417e-10,1.716323604287086e-11
139140.0,1.1999999999999997,0.18899494425719535,0.18899494425719535,0.0555963904659331,0.14559356971041262,3,2.470318741232269e-10,4.945377440890297e-12,0.0,1.1045930806391396e-10,1.7148723045289592e-11
139200.0,1.2,0.18892783340295666,0.18892783340295666,0.055590323779537806,0.14554873013407615,3,2.462573964190362e-10,3.240074875066057e-12,0.0,1.1033918992186428e-10,1.7134224400487228e-11
139260.0,1.2,0.188860799367077,0.188860799367077,0.055584267525574896,0.14550393904489972,3,2.454859301947998e-10,2.7284841053187847e-12,0.0,1.1021922921613443e-10,1.7119740149202412e-11
139320.0,1.2000000000000002,0.18879384201429014,0.18879384201429014,0.05557822167606921,0.14545919635954618,3,2.447174476949421e-10,2.9558577807620168e-12,0.0,1.1009947011398691e-10,1.7105270331092666e-11
139380.0,1.2,0.18872696120965557,0.18872696120965557,0.05557218620319453,0.14541450199490158,3,2.439519281027813e-10,2.7853275241795927e-12,0.0,1.0997982445284444e-10,1.7090814984174382e-11
139440.0,1.2,0.18866015681855766,0.18866015681855766,0.055566161079271904,0.1453698558680741,3,2.4318935754052973e-10,5.172751116333529e-12,0.0,1.098605179013424e-10,1.7076374145542475e-11
139500.0,1.2,0.1885934287067043,0.1885934287067043,0.055560146276767725,0.14532525789639245,3,2.424297221303995e-10,3.637978807091713e-12,0.0,1.0974140660575778e-10,1.7061947850558918e-11
139560.0,1.2,0.1885267767401265,0.1885267767401265,0.05555414176829187,0.14528070799740517,3,2.416730010557089e-10,3.296918293926865e-12,0.0,1.0962230558637687e-10,1.7047536133896638e-11
139620.0,1.2,0.18846020078517733,0.18846020078517733,0.05554814752659618,0.14523620608887933,3,2.4091921513313963e-10,3.126388037344441e-12,0.0,1.0950352910046992e-10,1.7033139028541118e-11
139680.0,1.2000000000000002,0.1883937007085311,0.1883937007085311,0.05554216352457267,0.14519175208879925,3,2.401683019126466e-10,2.7853275241795927e-12,0.0,1.0938497205327104e-10,1.7018756566645696e-11
139740.0,1.2000000000000002,0.1883272763771826,0.1883272763771826,0.05553618973525196,0.1451473459153656,3,2.394202544553359e-10,3.353761712787673e-12,0.0,1.0926648564099666e-10,1.700438877943313e-11
139800.0,1.2,0.18826092765844601,0.18826092765844601,0.05553022613180158,0.1451029874869943,3,2.386750935778892e-10,3.296918293926865e-12,0.0,1.0914822934978636e-10,1.6990035696464374e-11
139860.0,1.2,0.18819465441995453,0.18819465441995453,0.05552427268752446,0.1450586767223151,3,2.379327637691553e-10,2.9558577807620168e-12,0.0,1.0903019961236088e-10,1.6975697346463275e-11
139920.0,1.2,0.1881284565296591,0.1881284565296591,0.055518329375857135,0.14501441354017103,3,2.371932580902403e-10,4.320099833421409e-12,0.0,1.0891236998562215e-10,1.6961373757588715e-11
139980.0,1.1999999999999997,0.1880623338558277,0.1880623338558277,0.05551239617036856,0.14497019785961682,3,2.3645658348003806e-10,5.286437954055145e-12,0.0,1.0879457289807761e-10,1.6947064956135112e-11
140040.0,1.2000000000000002,0.1879962862670442,0.1879962862670442,0.05550647304475827,0.1449260295999183,3,2.357226983051852e-10,5.343281372915953e-12,0.0,1.0867727511485614e-10,1.693277096748781e-11
140100.0,1.2,0.18793031363220777,0.18793031363220777,0.055500559972855024,0.14488190868055095,3,2.3499160256568175e-10,3.069544618483633e-12,0.0,1.08559953521115e-10,1.6918491816587136e-11
140160.0,1.2000000000000002,0.18786441582053195,0.18786441582053195,0.05549465692861568,0.14483783502119918,3,2.3426331013931545e-10,3.069544618483633e-12,0.0,1.084428356574324e-10,1.690422752775137e-11
140220.0,1.2,0.18779859270154423,0.18779859270154423,0.055488763886123275,0.14479380854175522,3,2.335377516371473e-10,3.240074875066057e-12,0.0,1.0832595754134333e-10,1.688997812293719e-11
140280.0,1.2,0.18773284414508412,0.18773284414508412,0.055482880819585904,0.14474982916231804,3,2.328149617536468e-10,3.467448550509289e-12,0.0,1.082092571924824e-10,1.6875743624389145e-11
140340.0,1.2,0.18766717002130318,0.18766717002130318,0.05547700770333555,0.14470589680319237,3,2.3209489191655663e-10,3.240074875066057e-12,0.0,1.080927151714435e-10,1.6861524053340956e-11
140400.0,1.2,0.1876015702006636,0.1876015702006636,0.05547114451182624,0.14466201138488788,3,2.313775351869829e-10,2.5011104298755527e-12,0.0,1.0797637712949083e-10,1.684731942954818e-11
140460.0,1.2,0.1875360445539378,0.1875360445539378,0.05546529121963334,0.14461817282811798,3,2.306628985038195e-10,2.9558577807620168e-12,0.0,1.078602828462562e-10,1.6833129772685306e-11
140520.0,1.2,0.18747059295220703,0.18747059295220703,0.05545944780145192,0.144574381053799,3,2.299509332948091e-10,3.0127011996228248e-12,0.0,1.077442771304806e-10,1.6818955101095892e-11
140580.0,1.2,0.187405215266861,0.187405215266861,0.055453614232095265,0.14453063598304916,3,2.292416673155273e-10,3.183231456205249e-12,0.0,1.076285031201442e-10,1.6804795432164794e-11
140640.0,1.2000000000000002,0.18733991136959632,0.18733991136959632,0.05544779048649418,0.14448693753718778,3,2.2853507281039853e-10,4.490630090003833e-12,0.0,1.0751293134951187e-10,1.679065078309654e-11
140700.0,1.2,0.18727468113241638,0.18727468113241638,0.05544197653969546,0.1444432856377341,3,2.2783114284052886e-10,3.069544618483633e-12,0.0,1.0739747656344692e-10,1.6776521169897076e-11
140760.0,1.2000000000000002,0.18720952442763,0.18720952442763,0.05543617236686064,0.14439968020640656,3,2.2712984271144876e-10,2.6716406864579767e-12,0.0,1.0728242058463398e-10,1.6762406607804722e-11
140820.0,1.2,0.18714444112785053,0.18714444112785053,0.05543037794326503,0.1443561211651218,3,2.2643116548426434e-10,3.808509063674137e-12,0.0,1.0716721181801801e-10,1.67483071114887e-11
140880.0,1.2000000000000002,0.1870794311059952,0.1870794311059952,0.05542459324429659,0.14431260843599378,3,2.257350972811878e-10,3.126388037344441e-12,0.0,1.0705246459838445e-10,1.6734222694948215e-11
140940.0,1.1999999999999997,0.18701449423528407,0.18701449423528407,0.055418818245454506,0.1442691419413329,3,2.2504164504111301e-10,3.183231456205249e-12,0.0,1.0693767614391647e-10,1.6720153371486812e-11
141000.0,1.2,0.18694963038923884,0.18694963038923884,0.05541305292234828,0.14422572160364494,3,2.243507671306766e-10,2.8421709430404007e-12,0.0,1.0682324954954686e-10,1.6706099153269837e-11
141060.0,1.2,0.18688483944168244,0.18688483944168244,0.055407297250696694,0.14418234734563054,3,2.2366247742766632e-10,2.7853275241795927e-12,0.0,1.0670898738290703e-10,1.669206005222937e-11
141120.0,1.2000000000000002,0.186820121266738,0.186820121266738,0.05540155120632668,0.14413901909018403,3,2.229767828709761e-10,3.637978807091713e-12,0.0,1.0659484400416772e-10,1.6678036079814416e-11
141180.0,1.2,0.18675547573882773,0.18675547573882773,0.05539581476517224,0.14409573676039267,3,2.222935932549852e-10,2.3874235921539366e-12,0.0,1.0648087794076449e-10,1.6664027246179447e-11
141240.0,1.2,0.1866909027326725,0.1866909027326725,0.05539008790327338,0.14405250027953573,3,2.2161297102973876e-10,2.5011104298755527e-12,0.0,1.0636720425068828e-10,1.6650033561751074e-11
141300.0,1.2,0.18662640212329035,0.18662640212329035,0.05538437059677519,0.14400930957108382,3,2.2093487456187333e-10,3.353761712787673e-12,0.0,1.0625373522664202e-10,1.6636055035252742e-11
141360.0,1.2,0.1865619737859958,0.1865619737859958,0.055378662821926876,0.14396616455869785,3,2.2025928997360111e-10,3.467448550509289e-12,0.0,1.0614025045625327e-10,1.6622091675933987e-11
141420.0,1.2,0.18649761759639924,0.18649761759639924,0.05537296455508064,0.14392306516622827,3,2.195862172649221e-10,2.8421709430404007e-12,0.0,1.0602703150132051e-10,1.6608143491617454e-11
141480.0,1.2000000000000002,0.18643333343040575,0.18643333343040575,0.05536727577269077,0.14388001131771444,3,2.1891563561915461e-10,2.8990143619012088e-12,0.0,1.0591413203450996e-10,1.659421048982966e-11
141540.0,1.2000000000000002,0.18636912116421406,0.18636912116421406,0.05536159645131258,0.14383700293738338,3,2.1824753809740471e-10,2.8421709430404007e-12,0.0,1.0580125960456756e-10,1.658029267775219e-11
141600.0,1.2,0.18630498067431633,0.18630498067431633,0.05535592656760196,0.1437940399496495,3,2.175819038829907e-10,3.126388037344441e-12,0.0,1.0568857540863946e-10,1.6566390061690637e-11
141660.0,1.2,0.18624091183749625,0.18624091183749625,0.055350266098313866,0.1437511222791134,3,2.1691873991480648e-10,3.240074875066057e-12,0.0,1.0557608170830361e-10,1.6552502647545282e-11
141720.0,1.2,0.18617691453082894,0.18617691453082894,0.05534461502030171,0.1437082498505612,3,2.1625802537617034e-10,2.7853275241795927e-12,0.0,1.0546380974848786e-10,1.653863044111218e-11
141780.0,1.1999999999999997,0.18611298863167972,0.18611298863167972,0.05533897331051645,0.14366542258896375,3,2.1559973251150666e-10,3.467448550509289e-12,0.0,1.053514898673596e-10,1.6524773446739822e-11
141840.0,1.2000000000000002,0.18604913401770337,0.18604913401770337,0.055333340946005706,0.14362264041947606,3,2.1494385438192154e-10,3.126388037344441e-12,0.0,1.052398451074892e-10,1.6510931669287063e-11
141900.0,1.2,0.1859853505668431,0.1859853505668431,0.05532771790391289,0.14357990326743608,3,2.1429039098741498e-10,2.8990143619012088e-12,0.0,1.051280261167532e-10,1.6497105112210692e-11
141960.0,1.2000000000000002,0.18592163815732965,0.18592163815732965,0.05532210416147636,0.14353721105836437,3,2.1363934926688088e-10,3.979039320256561e-12,0.0,1.0501643414948179e-10,1.6483293779473732e-11
142020.0,1.2,0.1858579966676804,0.1858579966676804,0.05531649969602872,0.14349456371796318,3,2.1299070146474364e-10,3.0127011996228248e-12,0.0,1.0490505014489255e-10,1.646949767351223e-11
142080.0,1.2,0.18579442597669873,0.18579442597669873,0.055310904484995545,0.14345196117211562,3,2.1234444064210933e-10,3.637978807091713e-12,0.0,1.0479381051537511e-10,1.6455716797069942e-11
142140.0,1.2,0.1857309259634728,0.1857309259634728,0.05530531850589522,0.14340940334688504,3,2.1170052516561455e-10,3.240074875066057e-12,0.0,1.0468279528479067e-10,1.644195115256141e-11
142200.0,1.2,0.18566749650737474,0.18566749650737474,0.05529974173633794,0.14336689016851423,3,2.110589619741532e-10,3.524291969370097e-12,0.0,1.0457194521461952e-10,1.642820074117943e-11
142260.0,1.2,0.18560413748805998,0.18560413748805998,0.0552941741540245,0.14332442156342468,3,2.1041977188440697e-10,3.069544618483633e-12,0.0,1.0446131997070949e-10,1.6414465564077915e-11
142320.0,1.2,0.1855408487854662,0.1855408487854662,0.05528861573674613,0.1432819974582159,3,2.0978290632411856e-10,2.9558577807620168e-12,0.0,1.0435069804801565e-10,1.6400745622448836e-11
142380.0,1.2,0.1854776302798121,0.1854776302798121,0.05528306646238344,0.14323961777966476,3,2.0914835835439405e-10,3.126388037344441e-12,0.0,1.0424039972197732e-10,1.638704091642123e-11
142440.0,1.2000000000000002,0.18541448185159745,0.18541448185159745,0.055277526308905624,0.1431972824547246,3,2.0851612797523345e-10,3.467448550509289e-12,0.0,1.0413027486786308e-10,1.6373351445972766e-11
142500.0,1.2,0.1853514033816012,0.1853514033816012,0.05527199525436998,0.14315499141052468,3,2.0788620824774284e-10,3.581135388230905e-12,0.0,1.0402026741802105e-10,1.6359677211067874e-11
142560.0,1.2000000000000002,0.18528839475088096,0.18528839475088096,0.05526647327692078,0.14311274457436934,3,2.0725858529413443e-10,2.7853275241795927e-12,0.0,1.0391057944613682e-10,1.634601821032599e-11
142620.0,1.2,0.18522545584077252,0.18522545584077252,0.05526096035478916,0.14307054187373758,3,2.0663325217551431e-10,2.7284841053187847e-12,0.0,1.0380080054568923e-10,1.6332374442890152e-11
142680.0,1.2000000000000002,0.18516258653288853,0.18516258653288853,0.055255456466291764,0.14302838323628192,3,2.0601018113630687e-10,4.206412995699793e-12,0.0,1.0369143648301569e-10,1.631874590734423e-11
142740.0,1.1999999999999997,0.18509978670911764,0.18509978670911764,0.05524996158983061,0.14298626858982816,3,2.053893652376182e-10,3.467448550509289e-12,0.0,1.0358202681651178e-10,1.6305132601792327e-11
142800.0,1.2,0.1850370562516238,0.1850370562516238,0.05524447570389203,0.14294419786237447,3,2.0477079754055438e-10,3.069544618483633e-12,0.0,1.0347297958566512e-10,1.6291534523737182e-11
142860.0,1.2,0.18497439504284546,0.18497439504284546,0.055238998787046266,0.1429021709820908,3,2.0415449886179715e-10,3.751665644813329e-12,0.0,1.0336404171143064e-10,1.627795167110009e-11
142920.0,1.2000000000000002,0.18491180296549428,0.18491180296549428,0.05523353081794657,0.14286018787731813,3,2.0354042062908917e-10,2.7284841053187847e-12,0.0,1.0325531026293705e-10,1.6264384040555788e-11
142980.0,1.2,0.1848492799025548,0.1848492799025548,0.05522807177532864,0.14281824847656782,3,2.0292856978132434e-10,2.3305801732931286e-12,0.0,1.031466439385716e-10,1.625083162891632e-11
143040.0,1.2,0.18478682573728306,0.18478682573728306,0.05522262163801026,0.14277635270852113,3,2.0231892550182096e-10,3.0127011996228248e-12,0.0,1.0303829814672e-10,1.623729443298215e-11
143100.0,1.2,0.18472444035320654,0.18472444035320654,0.05521718038489043,0.14273450050202827,3,2.017114808516851e-10,3.183231456205249e-12,0.0,1.0293017161612305e-10,1.622377244859587e-11
143160.0,1.2,0.18466212363412218,0.18466212363412218,0.05521174799494827,0.14269269178610797,3,2.011062358309168e-10,3.467448550509289e-12,0.0,1.028219940560262e-10,1.6210265671542166e-11
143220.0,1.2,0.18459987546409648,0.18459987546409648,0.05520632444724351,0.1426509264899468,3,2.0050317656172822e-10,2.8421709430404007e-12,0.0,1.0271407932432365e-10,1.6196774097908476e-11
143280.0,1.2000000000000002,0.18453769572746395,0.18453769572746395,0.055200909720914966,0.1426092045428985,3,1.9990231692190719e-10,3.694822225952521e-12,0.0,1.0260645405935455e-10,1.6183297722151034e-11
143340.0,1.2000000000000002,0.1844755843088269,0.1844755843088269,0.05519550379518011,0.14256752587448335,3,1.9930358752251465e-10,3.183231456205249e-12,0.0,1.0249885743976919e-10,1.6169836539970156e-11
143400.0,1.2,0.18441354109305427,0.18441354109305427,0.055190106649335,0.14252589041438757,3,1.987069953024445e-10,3.524291969370097e-12,0.0,1.0239139996652124e-10,1.615639054531336e-11
143460.0,1.2,0.1843515659652806,0.1843515659652806,0.05518471826275295,0.14248429809246266,3,1.98112595772848e-10,3.524291969370097e-12,0.0,1.0228423334236451e-10,1.6142959733119957e-11
143520.0,1.2,0.18428965881090528,0.18428965881090528,0.05517933861488447,0.14244274883872474,3,1.975202987281044e-10,3.467448550509289e-12,0.0,1.0217719750602408e-10,1.612954409742432e-11
143580.0,1.1999999999999997,0.1842278195155925,0.1842278195155925,0.05517396768525671,0.1424012425833541,3,1.9693013192378928e-10,3.467448550509289e-12,0.0,1.0207017327445853e-10,1.6116143632174794e-11
143640.0,1.2000000000000002,0.18416604796526898,0.18416604796526898,0.05516860545347253,0.14235977925669438,3,1.9634206066543314e-10,3.296918293926865e-12,0.0,1.0196362300949599e-10,1.6102758330627377e-11
143700.0,1.2,0.18410434404612416,0.18410434404612416,0.05516325189921042,0.14231835878925217,3,1.9575616128086892e-10,3.979039320256561e-12,0.0,1.0185703765661712e-10,1.6089388186636117e-11
143760.0,1.2000000000000002,0.18404270764460917,0.18404270764460917,0.05515790700222366,0.1422769811116963,3,1.9517230887000636e-10,2.7853275241795927e-12,0.0,1.0175072451895168e-10,1.6076033193199757e-11
143820.0,1.2,0.18398113864743573,0.18398113864743573,0.05515257074233979,0.14223564615485706,3,1.9459055200510278e-10,3.979039320256561e-12,0.0,1.0164448933161079e-10,1.6062693342829003e-11
143880.0,1.2,0.18391963694157573,0.18391963694157573,0.05514724309945998,0.14219435384972612,3,1.9401089762505208e-10,3.126388037344441e-12,0.0,1.0153845944260994e-10,1.6049368628520117e-11
143940.0,1.2,0.18385820241425993,0.18385820241425993,0.05514192405355899,0.14215310412745535,3,1.9343328327980913e-10,2.3305801732931286e-12,0.0,1.0143261322677447e-10,1.6036059042685373e-11
144000.0,1.2,0.18379683495297777,0.18379683495297777,0.05513661358468418,0.14211189691935666,3,1.9285775060273735e-10,3.353761712787673e-12,0.0,1.0132694423776014e-10,1.602276457722998e-11
144060.0,1.2,0.18373553444547558,0.18373553444547558,0.055131311672955284,0.14207073215690116,3,1.9228427877715504e-10,3.865352482534945e-12,0.0,1.0122143758938641e-10,1.600948522449507e-11
144120.0,1.2,0.18367430077975697,0.18367430077975697,0.05512601829856369,0.14202960977171883,3,1.9171284698638047e-10,3.694822225952521e-12,0.0,1.0111599895098208e-10,1.5996220976012802e-11
144180.0,1.2,0.18361313384408112,0.18361313384408112,0.05512073344177229,0.14198852969559767,3,1.9114344135262584e-10,3.069544618483633e-12,0.0,1.0101085447526188e-10,1.5982971823522117e-11
144240.0,1.2000000000000002,0.18355203352696242,0.18355203352696242,0.05511545708291455,0.14194749186048333,3,1.9057605493699725e-10,2.8421709430404007e-12,0.0,1.0090586797330392e-10,1.5969737758230915e-11
144300.0,1.2,0.1834909997171692,0.1834909997171692,0.05511018920239435,0.14190649619847848,3,1.900106946783886e-10,3.524291969370097e-12,0.0,1.0080094080346281e-10,1.5956518771301598e-11
144360.0,1.2000000000000002,0.18343003230372348,0.18343003230372348,0.05510492978068546,0.14186554264184228,3,1.8944734669901209e-10,3.524291969370097e-12,0.0,1.0069636453438429e-10,1.5943314853645932e-11
144420.0,1.2,0.18336913117589976,0.18336913117589976,0.055099678798330894,0.14182463112298976,3,1.888859832432921e-10,3.410605131648481e-12,0.0,1.0059162062774462e-10,1.593012599588369e-11
144480.0,1.2000000000000002,0.18330829622322453,0.18330829622322453,0.0550944362359425,0.14178376157449135,3,1.8832663900569813e-10,3.581135388230905e-12,0.0,1.0048735663472627e-10,1.591695218869999e-11
144540.0,1.1999999999999997,0.18324752733547509,0.18324752733547509,0.055089202074200906,0.14174293392907222,3,1.8776926541397287e-10,2.7284841053187847e-12,0.0,1.0038300976969843e-10,1.5903793422684824e-11
144600.0,1.2,0.1831868244026793,0.1831868244026793,0.05508397629385448,0.1417021481196119,3,1.8721386940701024e-10,3.637978807091713e-12,0.0,1.002790651106423e-10,1.5890649687449634e-11
144660.0,1.2,0.18312618731511443,0.18312618731511443,0.0550787588757194,0.14166140407914357,3,1.866604301681285e-10,3.637978807091713e-12,0.0,1.0017522038792141e-10,1.58775209735414e-11
144720.0,1.2000000000000002,0.1830656159633061,0.1830656159633061,0.05507354980067867,0.1416207017408535,3,1.8610895463622157e-10,2.9558577807620168e-12,0.0,1.000714678020564e-10,1.5864407270384613e-11
144780.0,1.2,0.18300511023802812,0.18300511023802812,0.05506834904968219,0.14158004103808086,3,1.8555944281128944e-10,3.183231456205249e-12,0.0,9.99678822773466e-11,1.58513085678885e-11
144840.0,1.2,0.18294467003030138,0.18294467003030138,0.055063156603746166,0.14153942190431665,3,1.850118530599687e-10,3.240074875066057e-12,0.0,9.986450351719088e-11,1.5838224855889495e-11
144900.0,1.2,0.18288429523139288,0.18288429523139288,0.05505797244395249,0.14149884427320367,3,1.8446622007672886e-10,3.183231456205249e-12,0.0,9.976140626208243e-11,1.5825156122948514e-11
144960.0,1.2,0.1828239857328154,0.1828239857328154,0.055052796551448686,0.1414583080785356,3,1.8392248141152479e-10,5.286437954055145e-12,0.0,9.965820615091616e-11,1.5812102358911916e-11
145020.0,1.2,0.18276374142632648,0.18276374142632648,0.05504762890744713,0.14141781325425687,3,1.833806856366138e-10,3.865352482534945e-12,0.0,9.955535338636222e-11,1.5799063552272792e-11
145080.0,1.2000000000000002,0.18270356220392775,0.18270356220392775,0.055042469493224826,0.1413773597344617,3,1.828407772408447e-10,3.0127011996228248e-12,0.0,9.945265030396501e-11,1.5786039692198384e-11
145140.0,1.2000000000000002,0.1826434479578637,0.1826434479578637,0.05503731829012313,0.141336947453394,3,1.8230277704089914e-10,3.240074875066057e-12,0.0,9.935007473729581e-11,1.5773030767503556e-11
145200.0,1.2,0.18258339858062186,0.18258339858062186,0.055032175279546965,0.14129657634544657,3,1.8176665728120156e-10,3.694822225952521e-12,0.0,9.924756783492896e-11,1.5760036766432417e-11
145260.0,1.2,0.1825234139649311,0.1825234139649311,0.05502704044296477,0.1412562463451607,3,1.8123245265622145e-10,2.9558577807620168e-12,0.0,9.914531637652318e-11,1.5747057677583937e-11
145320.0,1.2,0.18246349400376138,0.18246349400376138,0.05502191376190807,0.14121595738722578,3,1.807001007159137e-10,3.069544618483633e-12,0.0,9.904321139086629e-11,1.5734093489322993e-11
145380.0,1.1999999999999997,0.18240363859032308,0.18240363859032308,0.05501679521797117,0.14117570940647844,3,1.8016961533806608e-10,3.353761712787673e-12,0.0,9.894113032457279e-11,1.572114419003845e-11
145440.0,1.2000000000000002,0.1823438476180658,0.1823438476180658,0.05501168479281046,0.14113550233790254,3,1.7964101040046643e-10,3.410605131648481e-12,0.0,9.883954843385335e-11,1.5708209767039706e-11
145500.0,1.2,0.18228412098067767,0.18228412098067767,0.05500658246814426,0.14109533611662822,3,1.7911425120864521e-10,4.206412995699793e-12,0.0,9.873789167262116e-11,1.5695290208577485e-11
145560.0,1.2000000000000002,0.18222445857208533,0.18222445857208533,0.05500148822575213,0.1410552106779317,3,1.7858932388481463e-10,3.694822225952521e-12,0.0,9.863639512089467e-11,1.568238550256585e-11
145620.0,1.2,0.1821648602864523,0.1821648602864523,0.05499640204747513,0.1410151259572347,3,1.780662561845503e-10,3.240074875066057e-12,0.0,9.85350913466672e-11,1.5669495636409326e-11
145680.0,1.2,0.1821053260181789,0.1821053260181789,0.054991323915215086,0.140975081890104,3,1.7754497871891317e-10,2.9558577807620168e-12,0.0,9.843397476714459e-11,1.5656620597792845e-11
145740.0,1.2,0.18204585566190093,0.18204585566190093,0.05498625381093422,0.14093507841225067,3,1.770255678157362e-10,2.7284841053187847e-12,0.0,9.833295434873138e-11,1.5643760374136644e-11
145800.0,1.2,0.18198644911248932,0.18198644911248932,0.05498119171665468,0.14089511545953015,3,1.7650793326939862e-10,3.694822225952521e-12,0.0,9.823213572448291e-11,1.5630914952417592e-11
145860.0,1.2,0.18192710626504924,0.18192710626504924,0.05497613761445843,0.1408551929679412,3,1.7599214446883948e-10,3.296918293926865e-12,0.0,9.81315623196608e-11,1.561808432008736e-11
145920.0,1.2,0.18186782701491963,0.18186782701491963,0.05497109148648684,0.1408153108736257,3,1.7547813896401365e-10,2.5011104298755527e-12,0.0,9.803093277307144e-11,1.560526846404506e-11
145980.0,1.2,0.18180861125767225,0.18180861125767225,0.054966053314940186,0.1407754691128683,3,1.7496591675492112e-10,3.581135388230905e-12,0.0,9.793058890020199e-11,1.559246737101858e-11
146040.0,1.2000000000000002,0.18174945888911093,0.18174945888911093,0.054961023082077606,0.1407356676220956,3,1.744554986582436e-10,3.296918293926865e-12,0.0,9.783040979387551e-11,1.557968102839838e-11
146100.0,1.2,0.18169036980527112,0.18169036980527112,0.054956000770216416,0.14069590633787601,3,1.7394682916282989e-10,3.183231456205249e-12,0.0,9.773032910811882e-11,1.5566909422320083e-11
146160.0,1.2000000000000002,0.18163134390241853,0.18163134390241853,0.05495098636173196,0.14065618519691903,3,1.7343994990204337e-10,3.183231456205249e-12,0.0,9.763057026311836e-11,1.5554152539702657e-11
146220.0,1.2,0.18157238107704946,0.18157238107704946,0.05494597983905747,0.140616504136075,3,1.7293482618141454e-10,2.8421709430404007e-12,0.0,9.753065816444674e-11,1.554141036717886e-11
146280.0,1.2000000000000002,0.18151348122588903,0.18151348122588903,0.05494098118468345,0.14057686309233447,3,1.724314510620495e-10,3.126388037344441e-12,0.0,9.743115999171821e-11,1.552868289099434e-11
146340.0,1.1999999999999997,0.18145464424589125,0.18145464424589125,0.054935990381157464,0.1405372620028279,3,1.7192984536062994e-10,2.5579538487363607e-12,0.0,9.733159103795199e-11,1.5515970097546103e-11
146400.0,1.2,0.181395870034238,0.181395870034238,0.05493100741108365,0.1404977008048251,3,1.7142997438268637e-10,3.0127011996228248e-12,0.0,9.723239086284924e-11,1.5503271972897815e-11
146460.0,1.2,0.1813371584883382,0.1813371584883382,0.05492603225712272,0.1404581794357348,3,1.7093181037264316e-10,2.6716406864579767e-12,0.0,9.713327627534362e-11,1.5490588503275264e-11
146520.0,1.2000000000000002,0.1812785095058275,0.1812785095058275,0.054921064901991376,0.14041869783310407,3,1.7043538108607592e-10,3.126388037344441e-12,0.0,9.703434688312159e-11,1.5477919674697442e-11
146580.0,1.2,0.18121992298456718,0.18121992298456718,0.054916105328462125,0.14037925593461825,3,1.6994069346187857e-10,3.126388037344441e-12,0.0,9.69354967600544e-11,1.5465265473161837e-11
146640.0,1.2,0.18116139882264395,0.18116139882264395,0.05491115351936295,0.14033985367810003,3,1.6944771974447548e-10,3.296918293926865e-12,0.0,9.683686133569891e-11,1.5452625884646083e-11
146700.0,1.2,0.1811029369183685,0.1811029369183685,0.05490620945757716,0.14030049100150938,3,1.6895641136160933e-10,4.831690603168681e-12,0.0,9.6738393778874e-11,1.544000089482093e-11
146760.0,1.2,0.18104453717027585,0.18104453717027585,0.05490127312604259,0.1402611678429429,3,1.6846683770221915e-10,2.8990143619012088e-12,0.0,9.663995870491559e-11,1.5427390489345547e-11
146820.0,1.2,0.1809861994771234,0.1809861994771234,0.05489634450775211,0.14022188414063352,3,1.6797893631625982e-10,3.183231456205249e-12,0.0,9.654180300232846e-11,1.541479465406853e-11
146880.0,1.2000000000000002,0.18092792373789157,0.18092792373789157,0.05489142358575258,0.14018263983294982,3,1.6749273495930694e-10,3.524291969370097e-12,0.0,9.644377884649913e-11,1.5402213374325617e-11
146940.0,1.2000000000000002,0.18086970985178222,0.18086970985178222,0.054886510343144936,0.14014343485839603,3,1.67008198936891e-10,3.467448550509289e-12,0.0,9.634590841952644e-11,1.538964663562709e-11
147000.0,1.2,0.1808115577182184,0.1808115577182184,0.0548816047630838,0.14010426915561106,3,1.66525328249012e-10,3.353761712787673e-12,0.0,9.624803077795061e-11,1.537709442355188e-11
147060.0,1.2,0.18075346723684338,0.18075346723684338,0.054876706828777266,0.14006514266336856,3,1.6604412289566994e-10,2.9558577807620168e-12,0.0,9.6150484077653e-11,1.536455672317103e-11
147120.0,1.2,0.18069543830752038,0.18069543830752038,0.05487181652348654,0.14002605532057621,3,1.6556460369354653e-10,3.0127011996228248e-12,0.0,9.605302304626766e-11,1.535203351989887e-11
147180.0,1.1999999999999997,0.18063747083033158,0.18063747083033158,0.0548669338305256,0.13998700706627537,3,1.6508669431480882e-10,2.7284841053187847e-12,0.0,9.595559525626683e-11,1.5339524798955328e-11
147240.0,1.2000000000000002,0.18057956470557746,0.18057956470557746,0.05486205873326132,0.13994799783964065,3,1.6461044333171415e-10,3.240074875066057e-12,0.0,9.585867060595425e-11,1.5327030545466876e-11
147300.0,1.2,0.18052171983377657,0.18052171983377657,0.05485719121511241,0.13990902757997947,3,1.64135816049793e-10,3.637978807091713e-12,0.0,9.576161724898533e-11,1.5314550744028927e-11
147360.0,1.2000000000000002,0.18046393611566425,0.18046393611566425,0.054852331259549934,0.13987009622673177,3,1.6366285410240877e-10,2.7284841053187847e-12,0.0,9.566474889121187e-11,1.5302085380088894e-11
147420.0,1.2,0.18040621345219254,0.18040621345219254,0.05484747885009653,0.1398312037194694,3,1.6319150891730416e-10,4.547473508864641e-12,0.0,9.556805380376865e-11,1.528963443857389e-11
147480.0,1.2,0.1803485517445289,0.1803485517445289,0.05484263397032644,0.1397923499978958,3,1.6272175273890355e-10,3.183231456205249e-12,0.0,9.547147719717652e-11,1.527719790418852e-11
147540.0,1.2,0.18029095089405645,0.18029095089405645,0.05483779660386531,0.13975353500184573,3,1.6225362720057035e-10,3.296918293926865e-12,0.0,9.537508582186687e-11,1.526477576198149e-11
147600.0,1.2,0.1802334108023728,0.1802334108023728,0.05483296673438967,0.13971475867128458,3,1.6178709066894115e-10,4.092726157978177e-12,0.0,9.527885590628356e-11,1.5252367996500247e-11
147660.0,1.2,0.1801759313712886,0.1801759313712886,0.05482814434562648,0.13967602094630813,3,1.6132217089959155e-10,4.092726157978177e-12,0.0,9.518281411629431e-11,1.5239974592371633e-11
147720.0,1.2,0.180118512502829,0.180118512502829,0.0548233294213535,0.13963732176714216,3,1.6085881238137034e-10,2.5011104298755527e-12,0.0,9.50867789187625e-11,1.5227595534296944e-11
147780.0,1.2,0.18006115409923099,0.18006115409923099,0.05481852194539867,0.13959866107414198,3,1.6039707062542874e-10,3.126388037344441e-12,0.0,9.499092494985898e-11,1.521523080698161e-11
147840.0,1.2000000000000002,0.18000385606294356,0.18000385606294356,0.05481372190163976,0.13956003880779216,3,1.599368762428277e-10,4.945377440890297e-12,0.0,9.489533576980753e-11,1.520288039461904e-11
147900.0,1.2,0.1799466182966273,0.1799466182966273,0.054808929274004,0.13952145490870582,3,1.5947826392803677e-10,2.9558577807620168e-12,0.0,9.479976839365468e-11,1.5190544281899772e-11
147960.0,1.2000000000000002,0.1798894407031535,0.1798894407031535,0.05480414404646861,0.13948290931762466,3,1.5902124061994982e-10,3.0127011996228248e-12,0.0,9.470454765980626e-11,1.517822245342253e-11
148020.0,1.2,0.1798323231856035,0.1798323231856035,0.054799366203059766,0.13944440197541824,3,1.5856575080741564e-10,3.410605131648481e-12,0.0,9.460915394192475e-11,1.516591489334846e-11
148080.0,1.2000000000000002,0.17977526564726815,0.17977526564726815,0.054794595727852446,0.1394059328230837,3,1.5811182918490374e-10,3.296918293926865e-12,0.0,9.451417597957748e-11,1.5153621585940454e-11
148140.0,1.1999999999999997,0.1797182679916471,0.1797182679916471,0.054789832604970626,0.13936750180174534,3,1.576594479968385e-10,3.183231456205249e-12,0.0,9.44191227803757e-11,1.5141342515679772e-11
148200.0,1.2,0.17966133012244845,0.17966133012244845,0.05478507681858652,0.13932910885265445,3,1.5720861418211385e-10,3.183231456205249e-12,0.0,9.432439965212578e-11,1.5129077666424814e-11
148260.0,1.2,0.17960445194358768,0.17960445194358768,0.054780328352920724,0.13929075391718848,3,1.5675929998515414e-10,3.183231456205249e-12,0.0,9.422977889543083e-11,1.511682702270813e-11
148320.0,1.2000000000000002,0.17954763335918753,0.17954763335918753,0.05477558719224184,0.13925243693685102,3,1.563115123448533e-10,3.183231456205249e-12,0.0,9.413531723312271e-11,1.510459056853949e-11
148380.0,1.2,0.1794908742735771,0.1794908742735771,0.05477085332086627,0.13921415785327126,3,1.5586527207789302e-10,3.069544618483633e-12,0.0,9.404090864886369e-11,1.5092368288223142e-11
148440.0,1.2,0.17943417459129135,0.17943417459129135,0.054766126723157935,0.13917591660820375,3,1.554205375509099e-10,3.637978807091713e-12,0.0,9.39467312876586e-11,1.508016016560094e-11
148500.0,1.2,0.17937753421707056,0.17937753421707056,0.054761407383528034,0.1391377131435278,3,1.549772810083283e-10,5.059064278611913e-12,0.0,9.385272969637798e-11,1.5067966184610694e-11
148560.0,1.2,0.17932095305585943,0.17932095305585943,0.05475669528643491,0.13909954740124736,3,1.5453555796129947e-10,3.467448550509289e-12,0.0,9.375875591657716e-11,1.5055786329475584e-11
148620.0,1.2,0.17926443101280712,0.17926443101280712,0.05475199041638378,0.13906141932349034,3,1.540953337153539e-10,5.002220859751105e-12,0.0,9.36649693369869e-11,1.5043620584007687e-11
148680.0,1.2000000000000002,0.17920796799326574,0.17920796799326574,0.05474729275792655,0.13902332885250857,3,1.5365659439270374e-10,2.7284841053187847e-12,0.0,9.357143660215951e-11,1.5031468932182034e-11
148740.0,1.2000000000000002,0.17915156390279055,0.17915156390279055,0.054742602295661476,0.1389852759306771,3,1.5321933999334902e-10,4.092726157978177e-12,0.0,9.347791967466098e-11,1.5019331357840477e-11
148800.0,1.2,0.17909521864713893,0.17909521864713893,0.05473791901423297,0.13894726050049416,3,1.5278354970060803e-10,4.547473508864641e-12,0.0,9.338448748137388e-11,1.500720784471403e-11
148860.0,1.2,0.17903893213227035,0.17903893213227035,0.05473324289833164,0.13890928250458054,3,1.523492651478442e-10,3.353761712787673e-12,0.0,9.329128063823779e-11,1.4995098376870364e-11
148920.0,1.2,0.17898270426434468,0.17898270426434468,0.05472857393269364,0.1388713418856793,3,1.5191643776280017e-10,4.376943252282217e-12,0.0,9.31982287729084e-11,1.4983002937866785e-11
148980.0,1.1999999999999997,0.178926534949723,0.178926534949723,0.0547239121021008,0.13883343858665537,3,1.5148507448436987e-10,5.343281372915953e-12,0.0,9.310516822337372e-11,1.4970921511505442e-11
149040.0,1.2000000000000002,0.178870424094966,0.178870424094966,0.05471925739138022,0.13879557255049535,3,1.510551614347655e-10,3.581135388230905e-12,0.0,9.30125712249014e-11,1.4958854081298144e-11
149100.0,1.2,0.1788143716068338,0.1788143716068338,0.05471460978540428,0.13875774372030691,3,1.5062671249177484e-10,3.296918293926865e-12,0.0,9.291989888962469e-11,1.4946800631318356e-11
149160.0,1.2000000000000002,0.1787583773922854,0.1787583773922854,0.05470996926909006,0.1387199520393186,3,1.5019968602203448e-10,3.637978807091713e-12,0.0,9.282741262588715e-11,1.493476114482973e-11
149220.0,1.2,0.17870244135847801,0.17870244135847801,0.054705335827399684,0.13868219745087945,3,1.4977411672001395e-10,3.467448550509289e-12,0.0,9.273506845785574e-11,1.4922735605866857e-11
149280.0,1.2,0.17864656341276647,0.17864656341276647,0.05470070944533948,0.13864447989845854,3,1.493499629523498e-10,3.296918293926865e-12,0.0,9.264282246009589e-11,1.4910723997609016e-11
149340.0,1.2,0.17859074346270273,0.17859074346270273,0.05469609010796024,0.1386067993256448,3,1.489272524746177e-10,4.035882739117369e-12,0.0,9.255072500608048e-11,1.4898726303892272e-11
149400.0,1.2,0.17853498141603547,0.17853498141603547,0.054691477800356804,0.13856915567614647,3,1.4850594365345415e-10,3.808509063674137e-12,0.0,9.245880290228471e-11,1.488674250809195e-11
149460.0,1.2,0.17847927718070888,0.17847927718070888,0.05468687250766793,0.13853154889379085,3,1.4808609200001044e-10,4.320099833421409e-12,0.0,9.236712991214928e-11,1.4874772593953948e-11
149520.0,1.2,0.17842363066486322,0.17842363066486322,0.054682274215076196,0.138493978922524,3,1.476676142475597e-10,2.4442670110147446e-12,0.0,9.227533258689455e-11,1.48628165446195e-11
149580.0,1.2,0.1783680417768332,0.1783680417768332,0.05467768290780742,0.13845644570641025,3,1.4725055202946535e-10,2.8990143619012088e-12,0.0,9.218378993776553e-11,1.4850874343866767e-11
149640.0,1.2000000000000002,0.17831251042514792,0.17831251042514792,0.05467309857113112,0.13841894918963205,3,1.468348914679396e-10,3.637978807091713e-12,0.0,9.209252782128996e-11,1.4838945975144692e-11
149700.0,1.2,0.17825703651853028,0.17825703651853028,0.05466852119035972,0.13838148931648936,3,1.4642063950187634e-10,2.8990143619012088e-12,0.0,9.200119498476307e-11,1.482703142157879e-11
149760.0,1.2000000000000002,0.1782016199658965,0.1782016199658965,0.05466395075084847,0.1383440660313996,3,1.4600778225348776e-10,2.2168933355715126e-12,0.0,9.191019241104099e-11,1.4815130666835554e-11
149820.0,1.2,0.17814626067635542,0.17814626067635542,0.05465938723799553,0.138306679278897,3,1.4559627808941045e-10,2.9558577807620168e-12,0.0,9.181907340247592e-11,1.4803243694440853e-11
149880.0,1.2000000000000002,0.1780909585592078,0.1780909585592078,0.05465483063724166,0.1382693290036326,3,1.4518616170411391e-10,3.637978807091713e-12,0.0,9.172835513070391e-11,1.4791370487387028e-11
149940.0,1.1999999999999997,0.17803571352394637,0.17803571352394637,0.05465028093406982,0.1382320151503736,3,1.4477744003649207e-10,4.718003765447065e-12,0.0,9.163756554129884e-11,1.4779511029271914e-11
150000.0,1.2,0.17798052548025473,0.17798052548025473,0.05464573811400505,0.13819473766400311,3,1.4437005757539367e-10,3.979039320256561e-12,0.0,9.154705499969846e-11,1.476766530313169e-11
150060.0,1.2,0.17792539433800694,0.17792539433800694,0.054641202162614665,0.13815749648952003,3,1.4396404207639435e-10,3.296918293926865e-12,0.0,9.145660819605682e-11,1.4755833292703574e-11
150120.0,1.2000000000000002,0.1778703200072672,0.1778703200072672,0.05463667306550766,0.13812029157203842,3,1.435593935394941e-10,3.296918293926865e-12,0.0,9.136633792424577e-11,1.4744014980985693e-11
150180.0,1.2,0.17781530239828916,0.17781530239828916,0.05463215080833452,0.1380831228567873,3,1.431560980869051e-10,3.296918293926865e-12,0.0,9.127614382187251e-11,1.473221035150185e-11
150240.0,1.2,0.17776034142151512,0.17776034142151512,0.05462763537678748,0.13804599028911035,3,1.4275413490194566e-10,2.9558577807620168e-12,0.0,9.118618307411161e-11,1.472041938724356e-11
150300.0,1.2,0.17770543698757618,0.17770543698757618,0.054623126756599694,0.1380088938144655,3,1.4235352480129748e-10,3.240074875066057e-12,0.0,9.109642294229261e-11,1.4708642071591937e-11
150360.0,1.2,0.1776505890072912,0.1776505890072912,0.05461862493354563,0.13797183337842453,3,1.4195424696827885e-10,3.524291969370097e-12,0.0,9.100657036487423e-11,1.4696878387940914e-11
150420.0,1.2,0.177595797391666,0.177595797391666,0.05461412989344053,0.13793480892667304,3,1.4155629446399587e-10,2.9558577807620168e-12,0.0,9.091698931106687e-11,1.4685128319224516e-11
150480.0,1.2000000000000002,0.17754106205189368,0.17754106205189368,0.054609641622140465,0.13789782040500986,3,1.4115968116623634e-10,4.149569576838985e-12,0.0,9.082759494840329e-11,1.4673391848867284e-11
150540.0,1.2000000000000002,0.17748638289935378,0.17748638289935378,0.05460516010554199,0.13786086775934664,3,1.4076437931942465e-10,3.694822225952521e-12,0.0,9.073822991722012e-11,1.466166895997033e-11
150600.0,1.2,0.17743175984561121,0.17743175984561121,0.05460068532958206,0.13782395093570798,3,1.403703958624547e-10,3.353761712787673e-12,0.0,9.064901722110087e-11,1.464995963570384e-11
150660.0,1.2,0.17737719280241632,0.17737719280241632,0.05459621728023784,0.13778706988023054,3,1.399777238564326e-10,5.229594535194337e-12,0.0,9.055991308919446e-11,1.4638263859270257e-11
150720.0,1.2,0.17732268168170426,0.17732268168170426,0.05459175594352645,0.13775022453916314,3,1.3958636330135832e-10,3.240074875066057e-12,0.0,9.047101268904066e-11,1.4626581613775656e-11
150780.0,1.1999999999999997,0.1772682263955946,0.1772682263955946,0.054587301305504946,0.1377134148588662,3,1.3919628644165627e-10,3.410605131648481e-12,0.0,9.038207956631005e-11,1.4614912882594948e-11
150840.0,1.2000000000000002,0.1772138268563905,0.1772138268563905,0.05458285335227006,0.1376766407858116,3,1.3880748633843254e-10,4.206412995699793e-12,0.0,9.029358076099368e-11,1.4603257648549246e-11
150900.0,1.2,0.17715948297657824,0.17715948297657824,0.054578412069958164,0.13763990226658213,3,1.3842001156394446e-10,3.0127011996228248e-12,0.0,9.020499270932138e-11,1.4591615895077155e-11
150960.0,1.2000000000000002,0.17710519466882707,0.17710519466882707,0.05457397744474498,0.13760319924787145,3,1.380338204848286e-10,3.296918293926865e-12,0.0,9.01165892934674e-11,1.4579987605233878e-11
151020.0,1.2,0.17705096184598834,0.17705096184598834,0.05456954946284521,0.1375665316764837,3,1.3764889228440325e-10,3.637978807091713e-12,0.0,9.002833577406949e-11,1.4568372761873616e-11
151080.0,1.2,0.17699678442109532,0.17699678442109532,0.05456512811051268,0.13752989949933292,3,1.3726526859603183e-10,4.376943252282217e-12,0.0,8.994019475801115e-11,1.4556771348514796e-11
151140.0,1.2,0.17694266230736244,0.17694266230736244,0.05456071337404038,0.13749330266344306,3,1.368828800307753e-10,3.694822225952521e-12,0.0,8.985217325872518e-11,1.4545183348131144e-11
151200.0,1.2,0.17688859541818483,0.17688859541818483,0.054556305239759594,0.1374567411159477,3,1.3650178903867882e-10,2.9558577807620168e-12,0.0,8.976432225023083e-11,1.4533608743669094e-11
151260.0,1.2,0.176834583667138,0.176834583667138,0.05455190369404033,0.1374202148040893,3,1.3612192623080333e-10,3.0127011996228248e-12,0.0,8.9676713354246e-11,1.4522047518302548e-11
151320.0,1.2,0.1767806269679771,0.1767806269679771,0.05454750872329105,0.1373837236752194,3,1.3574332630161834e-10,2.8990143619012088e-12,0.0,8.95889681257672e-11,1.4510499655229403e-11
151380.0,1.2,0.1767267252346367,0.1767267252346367,0.05454312031395825,0.1373472676767981,3,1.3536600312891167e-10,2.8421709430404007e-12,0.0,8.95015048605805e-11,1.4498965137410977e-11
151440.0,1.2000000000000002,0.1766728783812302,0.1766728783812302,0.054538738452526776,0.1373108467563937,3,1.349898942626382e-10,3.524291969370097e-12,0.0,8.941419761039236e-11,1.4487443947916952e-11
151500.0,1.2,0.17661908632204892,0.17661908632204892,0.0545343631255192,0.13727446086168252,3,1.346150413361613e-10,3.751665644813329e-12,0.0,8.932694054860041e-11,1.4475936069991543e-11
151560.0,1.2000000000000002,0.1765653489715624,0.1765653489715624,0.054529994319495956,0.13723810994044844,3,1.3424140965501152e-10,3.581135388230905e-12,0.0,8.924002450312005e-11,1.4464441486579113e-11
151620.0,1.2,0.17651166624441744,0.17651166624441744,0.05452563202105496,0.1372017939405827,3,1.3386903391365834e-10,3.240074875066057e-12,0.0,8.915284267310041e-11,1.4452960180715843e-11
151680.0,1.2000000000000002,0.17645803805543775,0.17645803805543775,0.05452127621683169,0.13716551281008377,3,1.3349786553984444e-10,3.353761712787673e-12,0.0,8.906614942650782e-11,1.4441492135619065e-11
151740.0,1.1999999999999997,0.1764044643196234,0.1764044643196234,0.05451692689349892,0.1371292664970566,3,1.3312792535025153e-10,3.069544618483633e-12,0.0,8.897928376762937e-11,1.4430037334172758e-11
151800.0,1.2,0.1763509449521502,0.1763509449521502,0.05451258403776658,0.13709305494971283,3,1.327592064059857e-10,2.9558577807620168e-12,0.0,8.889282801636969e-11,1.441859575957771e-11
151860.0,1.2,0.17629747986836952,0.17629747986836952,0.05450824763638154,0.13705687811637013,3,1.3239169482925917e-10,3.183231456205249e-12,0.0,8.880639598711474e-11,1.4407167394929246e-11
151920.0,1.2000000000000002,0.17624406898380796,0.17624406898380796,0.05450391767612761,0.13702073594545205,3,1.32025383681178e-10,3.126388037344441e-12,0.0,8.872006823650944e-11,1.4395752223092318e-11
151980.0,1.2,0.1761907122141661,0.1761907122141661,0.05449959414382516,0.1369846283854878,3,1.3166030071731782e-10,3.183231456205249e-12,0.0,8.863385070564288e-11,1.438435022742157e-11
152040.0,1.2,0.1761374094753189,0.1761374094753189,0.054495277026331265,0.13694855538511172,3,1.312963904265274e-10,2.8990143619012088e-12,0.0,8.85478865621414e-11,1.4372961390613628e-11
152100.0,1.2,0.1760841606833149,0.1760841606833149,0.05449096631053935,0.13691251689306322,3,1.3093368750327627e-10,3.353761712787673e-12,0.0,8.846203248040702e-11,1.436158569607814e-11
152160.0,1.2,0.17603096575437555,0.17603096575437555,0.054486661983379106,0.1368765128581864,3,1.3057219194756442e-10,3.637978807091713e-12,0.0,8.837611741822966e-11,1.435022312657046e-11
152220.0,1.2,0.1759778246048953,0.1759778246048953,0.054482364031816326,0.13684054322942976,3,1.302118413093467e-10,3.410605131648481e-12,0.0,8.82904601683175e-11,1.4338873665352175e-11
152280.0,1.2000000000000002,0.17592473715144022,0.17592473715144022,0.05447807244285281,0.13680460795584592,3,1.2985269803866828e-10,3.183231456205249e-12,0.0,8.82049987359056e-11,1.43275372955914e-11
152340.0,1.2000000000000002,0.17587170331074842,0.17587170331074842,0.054473787203526206,0.13676870698659133,3,1.2949473437995351e-10,2.5579538487363607e-12,0.0,8.811957259766254e-11,1.431621400013034e-11
152400.0,1.2,0.17581872299972942,0.17581872299972942,0.05446950830090979,0.13673284027092594,3,1.291379225776268e-10,3.296918293926865e-12,0.0,8.80342284683024e-11,1.4304903762207422e-11
152460.0,1.2,0.17576579613546314,0.17576579613546314,0.05446523572211253,0.13669700775821303,3,1.2878229732615765e-10,2.9558577807620168e-12,0.0,8.794907915228497e-11,1.429360656470042e-11
152520.0,1.2,0.17571292263520025,0.17571292263520025,0.054460969454278745,0.13666120939791881,3,1.2842783086997045e-10,3.183231456205249e-12,0.0,8.786404454951606e-11,1.428232239081426e-11
152580.0,1.1999999999999997,0.1756601024163612,0.1756601024163612,0.05445670948458787,0.13662544513961222,3,1.280745301479591e-10,4.320099833421409e-12,0.0,8.77790162308846e-11,1.4271051223664118e-11
152640.0,1.2000000000000002,0.17560733539653572,0.17560733539653572,0.0544524558002548,0.13658971493296448,3,1.27722367404548e-10,2.6147972675971687e-12,0.0,8.769439878421892e-11,1.4259793046289894e-11
152700.0,1.2,0.17555462149348275,0.17555462149348275,0.054448208388529186,0.1365540187277491,3,1.2737135651752496e-10,2.8421709430404007e-12,0.0,8.760967418449729e-11,1.4248547841681862e-11
152760.0,1.2000000000000002,0.1755019606251296,0.1755019606251296,0.054443967236695416,0.1365183564738414,3,1.2702149748688996e-10,3.410605131648481e-12,0.0,8.752511937803564e-11,1.4237315592846835e-11
152820.0,1.2,0.17544935270957196,0.17544935270957196,0.05443973233207283,0.13648272812121826,3,1.266727764348552e-10,3.069544618483633e-12,0.0,8.744079466807412e-11,1.422609628321556e-11
152880.0,1.2,0.17539679766507293,0.17539679766507293,0.0544355036620154,0.13644713361995775,3,1.2632520030031458e-10,4.320099833421409e-12,0.0,8.735649647998472e-11,1.4214889895768794e-11
152940.0,1.2,0.17534429541006294,0.17534429541006294,0.05443128121391147,0.13641157292023914,3,1.259787482665864e-10,2.8421709430404007e-12,0.0,8.7272345453282e-11,1.4203696413254033e-11
153000.0,1.2,0.17529184586313912,0.17529184586313912,0.054427064975183695,0.1363760459723423,3,1.2563343421145845e-10,2.5579538487363607e-12,0.0,8.718824522822732e-11,1.4192515819417176e-11
153060.0,1.2,0.17523944894306517,0.17523944894306517,0.05442285493328893,0.1363405527266477,3,1.2528923037935513e-10,3.581135388230905e-12,0.0,8.71044470953557e-11,1.4181348096881641e-11
153120.0,1.2,0.17518710456877043,0.17518710456877043,0.05441865107571815,0.13630509313363587,3,1.2494615064806425e-10,2.4442670110147446e-12,0.0,8.702058526094777e-11,1.4170193228993801e-11
153180.0,1.2,0.17513481265934996,0.17513481265934996,0.05441445338999627,0.13626966714388733,3,1.2460418113979799e-10,3.296918293926865e-12,0.0,8.6936900255679e-11,1.4159051198729865e-11
153240.0,1.2000000000000002,0.1750825731340638,0.1750825731340638,0.05441026186368171,0.13623427470808225,3,1.2426333573234416e-10,3.069544618483633e-12,0.0,8.685341518787875e-11,1.4147921989065629e-11
153300.0,1.2,0.17503038591233636,0.17503038591233636,0.054406076484366836,0.13619891577700022,3,1.2392359360902105e-10,2.9558577807620168e-12,0.0,8.676998304523814e-11,1.4136805583568322e-11
153360.0,1.2000000000000002,0.17497825091375654,0.17497825091375654,0.054401897239677685,0.1361635903015198,3,1.2358494089204086e-10,5.002220859751105e-12,0.0,8.66867806454614e-11,1.412570196528157e-11
153420.0,1.2,0.17492616805807693,0.17492616805807693,0.05439772411727357,0.13612829823261863,3,1.232473914591914e-10,3.353761712787673e-12,0.0,8.660343785971453e-11,1.411461111712616e-11
153480.0,1.2000000000000002,0.17487413726521334,0.17487413726521334,0.05439355710484704,0.13609303952137275,3,1.2291095224936655e-10,2.8421709430404007e-12,0.0,8.652051991689489e-11,1.410353302240173e-11
153540.0,1.1999999999999997,0.17482215845524446,0.17482215845524446,0.054389396190123784,0.13605781411895657,3,1.225755885680968e-10,3.069544618483633e-12,0.0,8.643745679389863e-11,1.4092467664304106e-11
153600.0,1.2,0.17477023154841165,0.17477023154841165,0.054385241360862646,0.1360226219766425,3,1.2224132123206388e-10,3.126388037344441e-12,0.0,8.635473143291339e-11,1.4081415025727192e-11
153660.0,1.2,0.17471835646511813,0.17471835646511813,0.05438109260485519,0.13598746304580087,3,1.2190810860790435e-10,2.7284841053187847e-12,0.0,8.627206777065506e-11,1.4070375090325072e-11
153720.0,1.2000000000000002,0.17466653312592895,0.17466653312592895,0.05437694990992606,0.13595233727789938,3,1.2157601314566335e-10,3.069544618483633e-12,0.0,8.618951325663879e-11,1.4059347840875847e-11
153780.0,1.2,0.17461476145157023,0.17461476145157023,0.05437281326393223,0.13591724462450305,3,1.2124499321197746e-10,5.059064278611913e-12,0.0,8.610701494707023e-11,1.4048333260786272e-11
153840.0,1.2,0.17456304136292888,0.17456304136292888,0.05436868265476352,0.13588218503727398,3,1.2091499329569544e-10,3.410605131648481e-12,0.0,8.602474917218612e-11,1.403733133343953e-11
153900.0,1.2,0.17451137278105236,0.17451137278105236,0.054364558070342094,0.13584715846797085,3,1.2058610360243804e-10,3.240074875066057e-12,0.0,8.594262716081602e-11,1.4026342041681137e-11
153960.0,1.2,0.17445975562714772,0.17445975562714772,0.05436043949862238,0.13581216486844894,3,1.2025824780437233e-10,2.9558577807620168e-12,0.0,8.586045971798676e-11,1.4015365368949282e-11
154020.0,1.2,0.1744081898225822,0.1744081898225822,0.05435632692759092,0.13577720419065975,3,1.1993147447375563e-10,2.7284841053187847e-12,0.0,8.577849827865247e-11,1.4004401298261946e-11
154080.0,1.2000000000000002,0.1743566752888815,0.1743566752888815,0.05435222034526636,0.13574227638665068,3,1.1960574891611842e-10,2.9558577807620168e-12,0.0,8.569672907132798e-11,1.3993449813304233e-11
154140.0,1.2000000000000002,0.1743052119477306,0.1743052119477306,0.05434811973969937,0.1357073814085649,3,1.192810711314607e-10,3.126388037344441e-12,0.0,8.561501422149585e-11,1.3982510896868719e-11
154200.0,1.2,0.1742537997209725,0.1742537997209725,0.054344025098972425,0.13567251920864098,3,1.1895744111978246e-10,3.581135388230905e-12,0.0,8.553337398637252e-11,1.3971584532454804e-11
154260.0,1.2,0.17420243853060818,0.17420243853060818,0.05433993641119959,0.1356376897392128,3,1.1863487275887152e-10,3.240074875066057e-12,0.0,8.545186900885834e-11,1.3960670703375775e-11
154320.0,1.2,0.17415112829879628,0.17415112829879628,0.0543358536645267,0.13560289295270908,3,1.1831329665978885e-10,2.8421709430404007e-12,0.0,8.537055334744304e-11,1.3949769392776584e-11
154380.0,1.1999999999999997,0.17409986894785237,0.17409986894785237,0.05433177684713078,0.13556812880165325,3,1.1799279608926128e-10,5.286437954055145e-12,0.0,8.528919181072331e-11,1.3938880583988303e-11
154440.0,1.2000000000000002,0.17404866040024858,0.17404866040024858,0.054327705947220535,0.13553339723866323,3,1.1767330165834977e-10,2.3305801732931286e-12,0.0,8.520820139090152e-11,1.392800426041686e-11
154500.0,1.2,0.17399750257861385,0.17399750257861385,0.054323640953035775,0.1354986982164511,3,1.1735484806152385e-10,3.240074875066057e-12,0.0,8.512716862747917e-11,1.3917140405281244e-11
154560.0,1.2000000000000002,0.1739463954057328,0.1739463954057328,0.05431958185284743,0.13546403168782292,3,1.170374144821018e-10,3.126388037344441e-12,0.0,8.504630841017389e-11,1.3906289001922862e-11
154620.0,1.2,0.17389533880454527,0.17389533880454527,0.054315528634957394,0.1354293976056784,3,1.1672099398118974e-10,2.7284841053187847e-12,0.0,8.496556979291852e-11,1.3895450033623156e-11
154680.0,1.2,0.17384433269814661,0.17384433269814661,0.054311481287698485,0.13539479592301076,3,1.1640560043657544e-10,4.661160346586257e-12,0.0,8.488491832645958e-11,1.3884623484031658e-11
154740.0,1.2,0.17379337700978667,0.17379337700978667,0.05430743979943456,0.1353602265929063,3,1.1609121303157721e-10,3.126388037344441e-12,0.0,8.480435964229561e-11,1.3873809336248242e-11
154800.0,1.2,0.17374247166286977,0.17374247166286977,0.054303404158559804,0.13532568956854446,3,1.1577783176619505e-10,2.9558577807620168e-12,0.0,8.472396260547578e-11,1.3863007573713165e-11
154860.0,1.2,0.173691616580954,0.173691616580954,0.05429937435349917,0.1352911848031973,3,1.1546546357932286e-10,3.126388037344441e-12,0.0,8.46437654324326e-11,1.3852218179665267e-11
154920.0,1.2,0.17364081168775097,0.17364081168775097,0.05429535037270785,0.13525671225022923,3,1.1515408071538502e-10,2.8421709430404007e-12,0.0,8.45634930631925e-11,1.3841441137792547e-11
154980.0,1.2,0.1735900569071257,0.1735900569071257,0.05429133220467171,0.13522227186309707,3,1.1484371786885106e-10,2.4442670110147446e-12,0.0,8.448340443233931e-11,1.3830676431326811e-11
155040.0,1.2000000000000002,0.17353935216309577,0.17353935216309577,0.05428731983790667,0.13518786359534954,3,1.1453432646746364e-10,2.8421709430404007e-12,0.0,8.440351568855619e-11,1.381992404385018e-11
155100.0,1.2,0.1734886973798312,0.1734886973798312,0.05428331326095881,0.13515348740062716,3,1.1422592038901058e-10,3.240074875066057e-12,0.0,8.432367083039709e-11,1.3809183958609352e-11
155160.0,1.2000000000000002,0.17343809248165398,0.17343809248165398,0.054279312462404146,0.13511914323266178,3,1.1391851351127968e-10,3.467448550509289e-12,0.0,8.424410628635694e-11,1.3798456159100831e-11
155220.0,1.2,0.17338753739303767,0.17338753739303767,0.05427531743084859,0.1350848310452767,3,1.1361210583427095e-10,2.7284841053187847e-12,0.0,8.41643215082448e-11,1.3787740628657342e-11
155280.0,1.2000000000000002,0.17333703203860734,0.17333703203860734,0.05427132815492805,0.13505055079238615,3,1.1330664184683314e-10,3.410605131648481e-12,0.0,8.408496132742031e-11,1.3777037351274182e-11
155340.0,1.1999999999999997,0.1732865763431384,0.1732865763431384,0.05426734462330798,0.13501630242799517,3,1.130021631823297e-10,2.8990143619012088e-12,0.0,8.400543930316357e-11,1.376634630997843e-11
155400.0,1.2,0.173236170231557,0.173236170231557,0.054263366824683495,0.13498208590619937,3,1.126986767796545e-10,3.467448550509289e-12,0.0,8.392626715052437e-11,1.375566748832491e-11
155460.0,1.2,0.17318581362893937,0.17318581362893937,0.054259394747779216,0.13494790118118458,3,1.1239614100544415e-10,3.637978807091713e-12,0.0,8.384712526914864e-11,1.3745000869827499e-11
155520.0,1.2000000000000002,0.17313550646051148,0.17313550646051148,0.054255428381349044,0.13491374820722682,3,1.1209456279859253e-10,2.9558577807620168e-12,0.0,8.376810967445611e-11,1.3734346438290413e-11
155580.0,1.2,0.17308524865164857,0.17308524865164857,0.05425146771417621,0.13487962693869188,3,1.1179394909799356e-10,3.353761712787673e-12,0.0,8.368914378916264e-11,1.3723704176941324e-11
155640.0,1.2,0.1730350401278748,0.1730350401278748,0.05424751273507316,0.13484553733003515,3,1.1149428602585942e-10,5.002220859751105e-12,0.0,8.361037838089768e-11,1.3713074069586518e-11
155700.0,1.2,0.17298488081486305,0.17298488081486305,0.054243563432881406,0.13481147933580145,3,1.1119559439887183e-10,2.7853275241795927e-12,0.0,8.353179148524987e-11,1.370245609959553e-11
155760.0,1.2,0.17293477063843415,0.17293477063843415,0.054239619796471364,0.13477745291062468,3,1.1089784646145517e-10,2.8421709430404007e-12,0.0,8.34531883248754e-11,1.3691850250702677e-11
155820.0,1.2,0.17288470952455723,0.17288470952455723,0.05423568181474233,0.13474345800922768,3,1.1060105609139725e-10,3.524291969370097e-12,0.0,8.337474245682518e-11,1.3681256506334985e-11
155880.0,1.2000000000000002,0.17283469739934826,0.17283469739934826,0.05423174947662243,0.13470949458642195,3,1.1030520941091027e-10,3.637978807091713e-12,0.0,8.329645458456005e-11,1.3670674850486508e-11
155940.0,1.2000000000000002,0.17278473418907075,0.17278473418907075,0.05422782277106843,0.13467556259710747,3,1.1001027866441859e-10,3.0127011996228248e-12,0.0,8.321822303913889e-11,1.3660105266263737e-11
156000.0,1.2,0.17273481982013475,0.17273481982013475,0.05422390168706553,0.13464166199627245,3,1.0971630548528566e-10,4.774847184307873e-12,0.0,8.31400554307292e-11,1.3649547737665689e-11
156060.0,1.2,0.17268495421909685,0.17268495421909685,0.05421998621362759,0.13460779273899304,3,1.0942324824014804e-10,3.581135388230905e-12,0.0,8.306209231174309e-11,1.3639002248518088e-11
156120.0,1.2,0.17263513731265967,0.17263513731265967,0.0542160763397969,0.13457395478043316,3,1.0913112774568745e-10,4.945377440890297e-12,0.0,8.298418350450955e-11,1.3628468782249613e-11
156180.0,1.1999999999999997,0.17258536902767108,0.17258536902767108,0.054212172054643695,0.13454014807584436,3,1.0883993706300998e-10,3.126388037344441e-12,0.0,8.290628786186208e-11,1.361794732241343e-11
156240.0,1.2000000000000002,0.17253564929112455,0.17253564929112455,0.0542082733472665,0.13450637258056533,3,1.0854966925322174e-10,3.296918293926865e-12,0.0,8.282882637188096e-11,1.3607437852804657e-11
156300.0,1.2,0.17248597803015842,0.17248597803015842,0.05420438020679204,0.13447262825002207,3,1.0826029656074709e-10,2.6716406864579767e-12,0.0,8.27512468444705e-11,1.3596940357381782e-11
156360.0,1.2000000000000002,0.17243635517205544,0.17243635517205544,0.05420049262237489,0.13443891503972727,3,1.0797186061894948e-10,2.7853275241795927e-12,0.0,8.267385899383975e-11,1.3586454819722374e-11
156420.0,1.2,0.17238678064424276,0.17238678064424276,0.05419661058319759,0.13440523290528028,3,1.0768433367225327e-10,2.8421709430404007e-12,0.0,8.259646979939122e-11,1.3575981223667873e-11
156480.0,1.2,0.17233725437429132,0.17233725437429132,0.054192734078470396,0.13437158180236702,3,1.0739771572065848e-10,3.410605131648481e-12,0.0,8.251923044252997e-11,1.3565519552784682e-11
156540.0,1.2,0.17228777628991532,0.17228777628991532,0.05418886309743128,0.1343379616867594,3,1.0711202064195291e-10,2.7853275241795927e-12,0.0,8.244216569769914e-11,1.3555069790972558e-11
156600.0,1.2,0.17223834631897225,0.17223834631897225,0.054184997629345706,0.13430437251431548,3,1.0682721374166704e-10,4.718003765447065e-12,0.0,8.236517383708881e-11,1.3544631922151523e-11
156660.0,1.2,0.17218896438946243,0.17218896438946243,0.05418113766350672,0.1342708142409789,3,1.0654329501980087e-10,2.8421709430404007e-12,0.0,8.228837960239408e-11,1.3534205930159295e-11
156720.0,1.2,0.17213963042952846,0.17213963042952846,0.05417728318923486,0.13423728682277897,3,1.062602783541422e-10,2.8421709430404007e-12,0.0,8.221152240858742e-11,1.3523791798597018e-11
156780.0,1.2,0.17209034436745504,0.17209034436745504,0.0541734341958777,0.13420379021583032,3,1.0597817762247885e-10,5.286437954055145e-12,0.0,8.213487372591677e-11,1.3513389511449649e-11
156840.0,1.2000000000000002,0.17204110613166876,0.17204110613166876,0.05416959067281011,0.13417032437633258,3,1.0569693731365959e-10,2.7853275241795927e-12,0.0,8.205836663835578e-11,1.3502999052569381e-11
156900.0,1.2,0.17199191565073715,0.17199191565073715,0.0541657526094342,0.13413688926057032,3,1.0541659906104783e-10,3.467448550509289e-12,0.0,8.198185465833248e-11,1.3492620405928763e-11
156960.0,1.2000000000000002,0.1719427728533692,0.1719427728533692,0.05416191999517923,0.1341034848249128,3,1.0513711429238626e-10,3.353761712787673e-12,0.0,8.190565281179953e-11,1.3482253555407285e-11
157020.0,1.2,0.17189367766841446,0.17189367766841446,0.054158092819501014,0.13407011102581373,3,1.048585523966139e-10,2.9558577807620168e-12,0.0,8.182929032335054e-11,1.3471898484776077e-11
157080.0,1.2000000000000002,0.1718446300248625,0.1718446300248625,0.054154271071882434,0.134036767819811,3,1.0458083704589782e-10,2.8421709430404007e-12,0.0,8.175325199229289e-11,1.346155517814376e-11
157140.0,1.1999999999999997,0.17179562985184324,0.17179562985184324,0.054150454741833026,0.1340034551635265,3,1.0430401681249535e-10,2.2168933355715126e-12,0.0,8.167711921367349e-11,1.3451223619353427e-11
157200.0,1.2,0.17174667707862598,0.17174667707862598,0.054146643818889076,0.13397017301366604,3,1.0402805006304305e-10,2.8421709430404007e-12,0.0,8.160133468926222e-11,1.344090379222253e-11
157260.0,1.2,0.17169777163461952,0.17169777163461952,0.05414283829261339,0.13393692132701893,3,1.0375295761422265e-10,2.6147972675971687e-12,0.0,8.15255552847416e-11,1.3430595681226132e-11
157320.0,1.2000000000000002,0.1716489134493714,0.1716489134493714,0.05413903815259527,0.13390370006045788,3,1.0347871864935243e-10,3.353761712787673e-12,0.0,8.144985198528426e-11,1.3420299269999703e-11
157380.0,1.2,0.17160010245256796,0.17160010245256796,0.05413524338845043,0.1338705091709388,3,1.0320534010732629e-10,2.8990143619012088e-12,0.0,8.137423927515359e-11,1.3410014542722173e-11
157440.0,1.2,0.1715513385740337,0.1715513385740337,0.05413145398982075,0.13383734861550053,3,1.0293284280482595e-10,3.524291969370097e-12,0.0,8.129883970985267e-11,1.3399741483155988e-11
157500.0,1.2,0.17150262174373093,0.17150262174373093,0.05412766994637452,0.13380421835126471,3,1.0266118510848798e-10,2.9558577807620168e-12,0.0,8.122357817407622e-11,1.338948007554708e-11
157560.0,1.2,0.1714539518917599,0.1714539518917599,0.054123891247805825,0.1337711183354354,3,1.023903808961002e-10,3.524291969370097e-12,0.0,8.114825213716435e-11,1.3379230303990004e-11
157620.0,1.2,0.17140532894835764,0.17140532894835764,0.05412011788383509,0.13373804852529908,3,1.0212040241208697e-10,2.5579538487363607e-12,0.0,8.107312015719477e-11,1.3368992152743515e-11
157680.0,1.2000000000000002,0.1713567528438985,0.1713567528438985,0.054116349844208635,0.13370500887822445,3,1.0185131210649345e-10,3.296918293926865e-12,0.0,8.099817226204858e-11,1.3358765605626306e-11
157740.0,1.2000000000000002,0.17130822350889313,0.17130822350889313,0.05411258711869864,0.1336719993516619,3,1.0158303365148669e-10,2.7284841053187847e-12,0.0,8.092327109771009e-11,1.334855064688348e-11
157800.0,1.2,0.17125974087398882,0.17125974087398882,0.054108829697102935,0.1336390199031437,3,1.013156017415362e-10,5.115907697472721e-12,0.0,8.084834005301383e-11,1.3338347260597189e-11
157860.0,1.2,0.17121130486996824,0.17121130486996824,0.05410507756924507,0.1336060704902835,3,1.0104901637664199e-10,5.343281372915953e-12,0.0,8.077364562781843e-11,1.3328155430905415e-11
157920.0,1.2,0.1711629154277502,0.1711629154277502,0.054101330724974285,0.13357315107077647,3,1.0078322898454672e-10,3.865352482534945e-12,0.0,8.069906804150073e-11,1.3317975142027208e-11
157980.0,1.1999999999999997,0.17111457247838835,0.17111457247838835,0.05409758915416519,0.13354026160239862,3,1.0051831589308335e-10,3.353761712787673e-12,0.0,8.062443045391015e-11,1.3307806378420671e-11
158040.0,1.2000000000000002,0.17106627595307142,0.17106627595307142,0.054093852846718075,0.13350740204300698,3,1.0025420077441893e-10,3.751665644813329e-12,0.0,8.0550205001635e-11,1.3297649123895812e-11
158100.0,1.2,0.1710180257831229,0.1710180257831229,0.05409012179255829,0.13347457235053922,3,9.999091138412908e-11,2.7284841053187847e-12,0.0,8.04758654421634e-11,1.3287503362931413e-11
158160.0,1.2000000000000002,0.17096982190000015,0.17096982190000015,0.054086395981636615,0.1334417724830136,3,9.97284616000016e-11,3.296918293926865e-12,0.0,8.040174614217478e-11,1.3277369079625755e-11
158220.0,1.2,0.17092166423529487,0.17092166423529487,0.054082675403929026,0.1334090023985285,3,9.946682366646087e-11,3.467448550509289e-12,0.0,8.032763020617752e-11,1.3267246258423705e-11
158280.0,1.2,0.17087355272073226,0.17087355272073226,0.05407896004943641,0.1333762620552625,3,9.9205990644613e-11,2.4442670110147446e-12,0.0,8.025369048903218e-11,1.325713488343802e-11
158340.0,1.2,0.1708254872881709,0.1708254872881709,0.054075249908184846,0.13334355141147405,3,9.894598335113969e-11,2.8990143619012088e-12,0.0,8.017980740832135e-11,1.324703493908958e-11
158400.0,1.2,0.17077746786960207,0.17077746786960207,0.05407154497022524,0.13331087042550122,3,9.868677403046533e-11,2.5011104298755527e-12,0.0,8.010606285010816e-11,1.323694640960736e-11
158460.0,1.2,0.17072949439714996,0.17072949439714996,0.05406784522563333,0.13327821905576165,3,9.842836962148382e-11,2.8421709430404007e-12,0.0,8.003252841620522e-11,1.3226869279244321e-11
158520.0,1.2,0.17068156680307117,0.17068156680307117,0.05406415066450971,0.1332455972607522,3,9.817077012419517e-11,4.490630090003833e-12,0.0,7.995886545182881e-11,1.3216803532802261e-11
158580.0,1.2,0.17063368501975393,0.17063368501975393,0.0540604612769796,0.13321300499904884,3,9.791398247749328e-11,2.8990143619012088e-12,0.0,7.988545429340695e-11,1.3206749154302946e-11
158640.0,1.2000000000000002,0.1705858489797186,0.1705858489797186,0.05405677705319282,0.13318044222930644,3,9.765797892580252e-11,2.8421709430404007e-12,0.0,7.98121237034885e-11,1.3196706128024568e-11
158700.0,1.2,0.17053805861561683,0.17053805861561683,0.0540530979833237,0.13314790891025852,3,9.740275946912291e-11,3.467448550509289e-12,0.0,7.973885670245097e-11,1.3186674438665111e-11
158760.0,1.2000000000000002,0.17049031386023103,0.17049031386023103,0.05404942405757108,0.13311540500071717,3,9.714836574081787e-11,2.8421709430404007e-12,0.0,7.966583759831094e-11,1.3176654070650835e-11
158820.0,1.2,0.1704426146464746,0.1704426146464746,0.05404575526615803,0.1330829304595727,3,9.689475610752396e-11,3.410605131648481e-12,0.0,7.959262835560306e-11,1.3166645007990681e-11
158880.0,1.2000000000000002,0.17039496090739142,0.17039496090739142,0.05404209159933194,0.13305048524579363,3,9.664190975255949e-11,2.7853275241795927e-12,0.0,7.951983917220382e-11,1.3156647235831797e-11
158940.0,1.1999999999999997,0.17034735257615533,0.17034735257615533,0.05403843304736455,0.1330180693184263,3,9.638985443150005e-11,3.467448550509289e-12,0.0,7.944684620284187e-11,1.3146660738268738e-11
159000.0,1.2,0.1702997895860702,0.1702997895860702,0.05403477960055143,0.1329856826365948,3,9.613859014434567e-11,4.263256414560601e-12,0.0,7.937423829126961e-11,1.3136685499721559e-11
159060.0,1.2,0.170252271870569,0.170252271870569,0.05403113124921249,0.13295332515950078,3,9.588810301330852e-11,3.751665644813329e-12,0.0,7.930160550572782e-11,1.3126721504906856e-11
159120.0,1.2000000000000002,0.17020479936321442,0.17020479936321442,0.054027487983691405,0.13292099684642322,3,9.563840691617642e-11,2.8421709430404007e-12,0.0,7.92291623598515e-11,1.3116768738396472e-11
159180.0,1.2,0.17015737199769757,0.17015737199769757,0.054023849794355934,0.13288869765671812,3,9.538944634179813e-11,3.353761712787673e-12,0.0,7.915664209077829e-11,1.31068271847974e-11
159240.0,1.2,0.17010998970783803,0.17010998970783803,0.0540202166715974,0.1328564275498187,3,9.514126986243099e-11,3.353761712787673e-12,0.0,7.908440225779678e-11,1.3096896828416372e-11
159300.0,1.2,0.17006265242758437,0.17006265242758437,0.05401658860583089,0.13282418648523464,3,9.489387053918108e-11,4.035882739117369e-12,0.0,7.901227193516392e-11,1.3086977653867827e-11
159360.0,1.2,0.17001536009101256,0.17001536009101256,0.05401296558749535,0.13279197442255253,3,9.464720673868499e-11,3.865352482534945e-12,0.0,7.894011644506461e-11,1.3077069646250935e-11
159420.0,1.2,0.16996811263232606,0.16996811263232606,0.054009347607053226,0.13275979132143495,3,9.440132703320003e-11,3.296918293926865e-12,0.0,7.886809599488698e-11,1.3067172789956796e-11
159480.0,1.2000000000000002,0.169920909985856,0.169920909985856,0.05400573465499043,0.132727637141621,3,9.415621754493841e-11,3.467448550509289e-12,0.0,7.879626565532514e-11,1.3057287069450545e-11
159540.0,1.2000000000000002,0.1698737520860606,0.1698737520860606,0.054002126721816195,0.13269551184292566,3,9.391184357943061e-11,3.467448550509289e-12,0.0,7.872443412483497e-11,1.3047412469380538e-11
159600.0,1.2,0.16982663886752442,0.16982663886752442,0.053998523798063185,0.1326634153852397,3,9.366823289225223e-11,3.126388037344441e-12,0.0,7.865270494048879e-11,1.3037548974533269e-11
159660.0,1.2,0.16977957026495877,0.16977957026495877,0.053994925874287364,0.1326313477285297,3,9.342537160561548e-11,3.581135388230905e-12,0.0,7.858112348250025e-11,1.302769656990823e-11
159720.0,1.2,0.1697325462132009,0.1697325462132009,0.05399133294106786,0.1325993088328374,3,9.318324584173254e-11,2.7853275241795927e-12,0.0,7.850965336656912e-11,1.3017855239883289e-11
159780.0,1.1999999999999997,0.16968556664721404,0.16968556664721404,0.0539877449890071,0.13256729865828007,3,9.294188335617903e-11,3.922195901395753e-12,0.0,7.84380824109421e-11,1.3008024969537348e-11
159840.0,1.2000000000000002,0.1696386315020869,0.1696386315020869,0.05398416200873032,0.13253531716504996,3,9.270126333227324e-11,3.637978807091713e-12,0.0,7.836698703593935e-11,1.2998205743461273e-11
159900.0,1.2,0.16959174071303337,0.16959174071303337,0.05398058399088588,0.13250336431341417,3,9.246136495333346e-11,3.0127011996228248e-12,0.0,7.829570898472901e-11,1.2988397546309623e-11
159960.0,1.2000000000000002,0.1695448942153924,0.1695448942153924,0.05397701092614494,0.13247144006371459,3,9.22222229138292e-11,2.7853275241795927e-12,0.0,7.822461388712955e-11,1.2978600362920178e-11
160020.0,1.2,0.16949809194462725,0.16949809194462725,0.05397344280520147,0.13243954437636762,3,9.198379558039704e-11,3.751665644813329e-12,0.0,7.815360896889283e-11,1.2968814178411131e-11
160080.0,1.2,0.16945133383632596,0.16945133383632596,0.053969879618772434,0.13240767721186403,3,9.174612458640041e-11,3.751665644813329e-12,0.0,7.808275488520116e-11,1.2959038977525962e-11
160140.0,1.2,0.16940461982620014,0.16940461982620014,0.05396632135759727,0.13237583853076865,3,9.150918217626369e-11,3.467448550509289e-12,0.0,7.801191252402196e-11,1.2949274745064402e-11
160200.0,1.2,0.1693579498500855,0.1693579498500855,0.05396276801243806,0.13234402829372038,3,9.127296141109298e-11,2.7284841053187847e-12,0.0,7.794119013828347e-11,1.2939521465750491e-11
160260.0,1.2,0.16931132384394101,0.16931132384394101,0.05395921957407933,0.13231224646143197,3,9.103745535199437e-11,4.945377440890297e-12,0.0,7.787075500471081e-11,1.2929779124725998e-11
160320.0,1.2,0.16926474174384898,0.16926474174384898,0.05395567603332841,0.1322804929946897,3,9.080268481564957e-11,2.8990143619012088e-12,0.0,7.780015129040582e-11,1.2920047707092574e-11
160380.0,1.2,0.16921820348601443,0.16921820348601443,0.05395213738101475,0.13224876785435336,3,9.056862204648297e-11,5.4001247917767614e-12,0.0,7.772975846104667e-11,1.2910327197369532e-11
160440.0,1.2000000000000002,0.16917170900676498,0.16917170900676498,0.053948603607990114,0.13221707100135593,3,9.033528092228238e-11,3.183231456205249e-12,0.0,7.765952083861664e-11,1.2900617580629572e-11
160500.0,1.2,0.16912525824255056,0.16912525824255056,0.053945074705128646,0.13218540239670354,3,9.010264062636608e-11,3.410605131648481e-12,0.0,7.758925351074116e-11,1.2890918842155496e-11
160560.0,1.2000000000000002,0.1690788511299432,0.1690788511299432,0.05394155066332662,0.13215376200147522,3,8.98707289143097e-11,3.126388037344441e-12,0.0,7.751923041380459e-11,1.288123096674083e-11
160620.0,1.2,0.1690324876056363,0.1690324876056363,0.053938031473502526,0.13212214977682274,3,8.963953190832541e-11,5.343281372915953e-12,0.0,7.744907852423784e-11,1.2871553939536027e-11
160680.0,1.2000000000000002,0.16898616760644503,0.16898616760644503,0.05393451712659681,0.13209056568397043,3,8.940902185283761e-11,4.092726157978177e-12,0.0,7.737928356800231e-11,1.2861887745415262e-11
160740.0,1.1999999999999997,0.1689398910693055,0.1689398910693055,0.05393100761357181,0.13205900968421494,3,8.917923344231582e-11,5.229594535194337e-12,0.0,7.730933120382255e-11,1.2852232369442135e-11
160800.0,1.2,0.16889365793127484,0.16889365793127484,0.053927502925411805,0.13202748173892515,3,8.895013198229051e-11,3.240074875066057e-12,0.0,7.723965995420787e-11,1.2842587796632269e-11
160860.0,1.2,0.1688474681295306,0.1688474681295306,0.05392400305312301,0.13199598180954208,3,8.872174522833731e-11,2.6147972675971687e-12,0.0,7.717003769401425e-11,1.2832954012497596e-11
160920.0,1.2000000000000002,0.16880132160137054,0.16880132160137054,0.05392050798773341,0.1319645098575785,3,8.84940454248806e-11,2.6147972675971687e-12,0.0,7.710059684583155e-11,1.282333100178325e-11
160980.0,1.2,0.1687552182842126,0.1687552182842126,0.05391701772029272,0.13193306584461878,3,8.826703951081427e-11,2.7853275241795927e-12,0.0,7.703108143545609e-11,1.2813718749636378e-11
161040.0,1.2,0.16870915811559448,0.16870915811559448,0.053913532241871974,0.13190164973231894,3,8.804072054724443e-11,3.240074875066057e-12,0.0,7.696183507366138e-11,1.2804117241511421e-11
161100.0,1.2,0.168663141033173,0.168663141033173,0.05391005154356419,0.1318702614824063,3,8.781510241195889e-11,2.8990143619012088e-12,0.0,7.689264840524308e-11,1.2794526462258567e-11
161160.0,1.2,0.16861716697472431,0.16861716697472431,0.05390657561648359,0.13183890105667934,3,8.759017816606374e-11,4.718003765447065e-12,0.0,7.682344103618658e-11,1.2784946397409185e-11
161220.0,1.2,0.1685712358781436,0.1685712358781436,0.05390310445176606,0.13180756841700747,3,8.736592005398336e-11,4.490630090003833e-12,0.0,7.6754355871538e-11,1.2775377031878397e-11
161280.0,1.2000000000000002,0.16852534768144425,0.16852534768144425,0.05389963804056862,0.13177626352533106,3,8.714235583129337e-11,3.296918293926865e-12,0.0,7.668554709543417e-11,1.2765818351103688e-11
161340.0,1.2000000000000002,0.16847950232275827,0.16847950232275827,0.05389617637406987,0.13174498634366094,3,8.691947162020597e-11,2.9558577807620168e-12,0.0,7.661668630261353e-11,1.2756270340381095e-11
161400.0,1.2,0.16843369974033565,0.16843369974033565,0.053892719443469426,0.13171373683407858,3,8.669726048182724e-11,3.922195901395753e-12,0.0,7.654790333348603e-11,1.2746732984806064e-11
161460.0,1.2,0.16838793987254408,0.16838793987254408,0.05388926723998805,0.13168251495873567,3,8.647571547726329e-11,3.524291969370097e-12,0.0,7.647919813765319e-11,1.2737206269854959e-11
161520.0,1.2,0.16834222265786855,0.16834222265786855,0.053885819754867746,0.13165132067985413,3,8.625485048430193e-11,3.467448550509289e-12,0.0,7.641067611184816e-11,1.2727690180751852e-11
161580.0,1.1999999999999997,0.16829654803491167,0.16829654803491167,0.05388237697937148,0.13162015395972573,3,8.603467244183705e-11,3.0127011996228248e-12,0.0,7.634207736730448e-11,1.271818470279278e-11
161640.0,1.2000000000000002,0.1682509159423926,0.1682509159423926,0.05387893890478312,0.1315890147607121,3,8.581513971650523e-11,3.581135388230905e-12,0.0,7.62738825537151e-11,1.270868982147644e-11
161700.0,1.2,0.1682053263191476,0.1682053263191476,0.053875505522407524,0.13155790304524456,3,8.559628006388209e-11,4.888534022029489e-12,0.0,7.6205571787668e-11,1.2699205522134024e-11
161760.0,1.2000000000000002,0.16815977910412877,0.16815977910412877,0.053872076823570474,0.13152681877582378,3,8.537810042286154e-11,3.126388037344441e-12,0.0,7.613736572802219e-11,1.2689731790134776e-11
161820.0,1.2,0.16811427423640463,0.16811427423640463,0.05386865279961833,0.1314957619150199,3,8.516055222118624e-11,2.6716406864579767e-12,0.0,7.606928425337039e-11,1.2680268611010066e-11
161880.0,1.2,0.16806881165515944,0.16806881165515944,0.05386523344191828,0.13146473242547205,3,8.494369097000742e-11,2.9558577807620168e-12,0.0,7.600128776026364e-11,1.2670815970042283e-11
161940.0,1.2,0.16802339129969324,0.16802339129969324,0.05386181874185816,0.13143373026988842,3,8.472745421927996e-11,3.126388037344441e-12,0.0,7.593344177982941e-11,1.2661373852743772e-11
162000.0,1.2,0.16797801310942106,0.16797801310942106,0.05385840869084627,0.1314027554110459,3,8.451189748015508e-11,3.183231456205249e-12,0.0,7.586561099686033e-11,1.2651942244563185e-11
162060.0,1.2,0.16793267702387327,0.16793267702387327,0.053855003280311585,0.13137180781179017,3,8.429697218037546e-11,2.6716406864579767e-12,0.0,7.579797698769171e-11,1.2642521131139013e-11
162120.0,1.2,0.16788738298269446,0.16788738298269446,0.053851602501703524,0.13134088743503528,3,8.408273383109233e-11,2.9558577807620168e-12,0.0,7.573028519774707e-11,1.2633110497854974e-11
162180.0,1.2,0.16784213092564454,0.16784213092564454,0.053848206346491824,0.13130999424376363,3,8.386910610447273e-11,3.126388037344441e-12,0.0,7.566278600573047e-11,1.2623710330384713e-11
162240.0,1.2000000000000002,0.16779692079259703,0.16779692079259703,0.05384481480616651,0.13127912820102577,3,8.365614451166792e-11,2.3305801732931286e-12,0.0,7.559536415459821e-11,1.2614320614140073e-11
162300.0,1.2,0.16775175252353966,0.16775175252353966,0.05384142787223805,0.13124828926994025,3,8.344381435820836e-11,3.0127011996228248e-12,0.0,7.552798586764098e-11,1.260494133490761e-11
162360.0,1.2000000000000002,0.1677066260585735,0.1677066260585735,0.05383804553623703,0.13121747741369344,3,8.323212952188186e-11,3.0127011996228248e-12,0.0,7.546088692664404e-11,1.2595572478022652e-11
162420.0,1.2,0.16766154133791353,0.16766154133791353,0.05383466778971402,0.1311866925955394,3,8.302107612490062e-11,2.6716406864579767e-12,0.0,7.539353731598724e-11,1.2586214029186555e-11
162480.0,1.2000000000000002,0.16761649830188766,0.16761649830188766,0.05383129462423993,0.13115593477879964,3,8.281065416726463e-11,3.637978807091713e-12,0.0,7.532661783670786e-11,1.2576865974097366e-11
162540.0,1.1999999999999997,0.16757149689093692,0.16757149689093692,0.05382792603140551,0.13112520392686305,3,8.260089834344342e-11,2.9558577807620168e-12,0.0,7.525950225109e-11,1.2567528298583e-11
162600.0,1.2,0.1675265370456145,0.1675265370456145,0.05382456200282163,0.13109450000318568,3,8.239174620339185e-11,3.069544618483633e-12,0.0,7.519270445232866e-11,1.2558200987923365e-11
162660.0,1.2,0.1674816187065865,0.1674816187065865,0.05382120253011889,0.1310638229712907,3,8.218322550268553e-11,3.694822225952521e-12,0.0,7.512592533149084e-11,1.2548884028167645e-11
162720.0,1.2000000000000002,0.16743674181463103,0.16743674181463103,0.053817847604947885,0.131033172794768,3,8.197532930243057e-11,3.808509063674137e-12,0.0,7.505922938208867e-11,1.2539577404862928e-11
162780.0,1.2,0.16739190631063766,0.16739190631063766,0.053814497218978935,0.13100254943727435,3,8.176805760262695e-11,3.353761712787673e-12,0.0,7.499262103156335e-11,1.2530281103869388e-11
162840.0,1.2,0.16734711213560785,0.16734711213560785,0.05381115136390198,0.1309719528625329,3,8.15614173421686e-11,3.694822225952521e-12,0.0,7.492616222936355e-11,1.252099511077423e-11
162900.0,1.2,0.1673023592306547,0.1673023592306547,0.05380781003142678,0.1309413830343333,3,8.135540158216159e-11,4.774847184307873e-12,0.0,7.485983138123131e-11,1.2511719411506697e-11
162960.0,1.2,0.16725764753700192,0.16725764753700192,0.05380447321328251,0.13091083991653138,3,8.114999644481813e-11,4.888534022029489e-12,0.0,7.479340548202635e-11,1.2502453991771456e-11
163020.0,1.2,0.16721297699598411,0.16721297699598411,0.053801140901218084,0.13088032347304915,3,8.094521580792602e-11,3.467448550509289e-12,0.0,7.472716616893307e-11,1.2493198837649538e-11
163080.0,1.2000000000000002,0.1671683475490468,0.1671683475490468,0.0537978130870018,0.1308498336678744,3,8.074104579369745e-11,3.467448550509289e-12,0.0,7.466107600733038e-11,1.2483953934373287e-11
163140.0,1.2000000000000002,0.16712375913774546,0.16712375913774546,0.0537944897624212,0.1308193704650608,3,8.053749334102633e-11,3.069544618483633e-12,0.0,7.459508429763769e-11,1.2474719268495227e-11
163200.0,1.2,0.1670792117037458,0.1670792117037458,0.05379117091928357,0.13078893382872753,3,8.033453763323095e-11,3.353761712787673e-12,0.0,7.45290096977243e-11,1.2465494825587676e-11
163260.0,1.2,0.1670347051888232,0.1670347051888232,0.05378785654941528,0.13075852372305938,3,8.013219948699302e-11,2.6716406864579767e-12,0.0,7.446315162187861e-11,1.2456280591485578e-11
163320.0,1.2,0.1669902395348628,0.1669902395348628,0.05378454664466196,0.1307281401123063,3,7.993045808563082e-11,4.604316927725449e-12,0.0,7.439739623861337e-11,1.2447076552192624e-11
163380.0,1.1999999999999997,0.16694581468385897,0.16694581468385897,0.053781241196888374,0.13069778296078347,3,7.972934812361387e-11,4.320099833421409e-12,0.0,7.433154580596948e-11,1.243788269359008e-11
163440.0,1.2000000000000002,0.16690143057791496,0.16690143057791496,0.0537779401979785,0.13066745223287102,3,7.952880021200315e-11,3.410605131648481e-12,0.0,7.426618927315493e-11,1.2428699001701492e-11
163500.0,1.2,0.1668570871592429,0.1668570871592429,0.053774643639835404,0.13063714789301395,3,7.932886986194987e-11,3.183231456205249e-12,0.0,7.420060816691859e-11,1.2419525462497048e-11
163560.0,1.2000000000000002,0.16681278437016356,0.16681278437016356,0.053771351514381054,0.13060686990572196,3,7.912955707345404e-11,2.8421709430404007e-12,0.0,7.413515288403843e-11,1.2410362061965962e-11
163620.0,1.2,0.1667685221531059,0.1667685221531059,0.053768063813556546,0.13057661823556932,3,7.893081327425833e-11,3.581135388230905e-12,0.0,7.406987815046615e-11,1.2401208786106962e-11
163680.0,1.2,0.16672430045060718,0.16672430045060718,0.05376478052932168,0.13054639284719455,3,7.873266621993835e-11,3.240074875066057e-12,0.0,7.400458985335528e-11,1.239206562094566e-11
163740.0,1.2,0.16668011920531214,0.16668011920531214,0.053761501653655286,0.1305161937053006,3,7.853512284938802e-11,2.7284841053187847e-12,0.0,7.39394569550265e-11,1.2382932552658625e-11
163800.0,1.2,0.16663597835997315,0.16663597835997315,0.05375822717855485,0.13048602077465438,3,7.833815540703171e-11,3.637978807091713e-12,0.0,7.387439955952057e-11,1.237380956722556e-11
163860.0,1.2,0.16659187785744997,0.16659187785744997,0.05375495709603675,0.1304558740200868,3,7.814179164844504e-11,2.7284841053187847e-12,0.0,7.380951253960978e-11,1.2364696650787054e-11
163920.0,1.2,0.16654781764070925,0.16654781764070925,0.05375169139813588,0.13042575340649243,3,7.794599687915849e-11,3.0127011996228248e-12,0.0,7.374452419422971e-11,1.2355593789378231e-11
163980.0,1.2,0.16650379765282453,0.16650379765282453,0.05374843007690572,0.1303956588988297,3,7.775079191585377e-11,5.286437954055145e-12,0.0,7.367973740669218e-11,1.2346500969099974e-11
164040.0,1.2000000000000002,0.16645981783697625,0.16645981783697625,0.053745173124418455,0.13036559046212037,3,7.755616981963698e-11,4.831690603168681e-12,0.0,7.361508859828067e-11,1.2337418176245074e-11
164100.0,1.2,0.16641587813645062,0.16641587813645062,0.05374192053276475,0.13033554806144954,3,7.736211671272031e-11,3.296918293926865e-12,0.0,7.355040638416026e-11,1.2328345396993824e-11
164160.0,1.2000000000000002,0.16637197849464025,0.16637197849464025,0.05373867229405375,0.1303055316619656,3,7.716863953399766e-11,2.6716406864579767e-12,0.0,7.348599982336001e-11,1.2319282617535617e-11
164220.0,1.2,0.16632811885504342,0.16632811885504342,0.05373542840041282,0.13027554122887985,3,7.697576603904466e-11,3.183231456205249e-12,0.0,7.342136418080511e-11,1.2310229823906816e-11
164280.0,1.2000000000000002,0.1662842991612642,0.1662842991612642,0.05373218884398791,0.13024557672746667,3,7.678345459449787e-11,3.637978807091713e-12,0.0,7.335711047684108e-11,1.2301187002452325e-11
164340.0,1.1999999999999997,0.16624051935701178,0.16624051935701178,0.05372895361694304,0.13021563812306308,3,7.65917121392512e-11,3.694822225952521e-12,0.0,7.329277706411209e-11,1.2292154139671727e-11
164400.0,1.2,0.16619677938610072,0.16619677938610072,0.053725722711460706,0.1301857253810686,3,7.640051091772904e-11,2.5579538487363607e-12,0.0,7.322859446856397e-11,1.2283131221568715e-11
164460.0,1.2,0.16615307919245018,0.16615307919245018,0.05372249611974144,0.13015583846694545,3,7.620992031887042e-11,3.524291969370097e-12,0.0,7.316454402413167e-11,1.2274118234423256e-11
164520.0,1.2000000000000002,0.16610941872008417,0.16610941872008417,0.053719273834003836,0.130125977346218,3,7.60198709537363e-11,3.069544618483633e-12,0.0,7.310054611268276e-11,1.226511516462823e-11
164580.0,1.2,0.16606579791313078,0.16606579791313078,0.053716055846484756,0.1300961419844729,3,7.583039057790231e-11,2.6716406864579767e-12,0.0,7.303657791345557e-11,1.2256121998667091e-11
164640.0,1.2,0.16602221671582268,0.16602221671582268,0.0537128421494389,0.13006633234735862,3,7.564147225247453e-11,3.069544618483633e-12,0.0,7.297279082469558e-11,1.2247138722650237e-11
164700.0,1.2,0.16597867507249608,0.16597867507249608,0.05370963273513914,0.13003654840058576,3,7.545310903855906e-11,2.7284841053187847e-12,0.0,7.290908711192969e-11,1.2238165323076011e-11
164760.0,1.2,0.1659351729275911,0.1659351729275911,0.053706427595876,0.13000679010992655,3,7.526531481394372e-11,2.7853275241795927e-12,0.0,7.28453549422449e-11,1.2229201786178889e-11
164820.0,1.2,0.16589171022565138,0.16589171022565138,0.05370322672395799,0.1299770574412148,3,7.507806182305288e-11,2.9558577807620168e-12,0.0,7.278182145811394e-11,1.2220248098584599e-11
164880.0,1.2000000000000002,0.16584828691132322,0.16584828691132322,0.05370003011171149,0.12994735036034577,3,7.489137088256825e-11,2.7853275241795927e-12,0.0,7.271837041569973e-11,1.2211304246552431e-11
164940.0,1.2000000000000002,0.16580490292935632,0.16580490292935632,0.053696837751480514,0.12991766883327616,3,7.470523505359594e-11,3.865352482534945e-12,0.0,7.265496555648642e-11,1.2202370216845015e-11
165000.0,1.2,0.16576155822460314,0.16576155822460314,0.05369364963562699,0.1298880128260236,3,7.451964739724204e-11,3.353761712787673e-12,0.0,7.259158017776035e-11,1.2193445995665804e-11
165060.0,1.2,0.16571825274201868,0.16571825274201868,0.05369046575653034,0.12985838230466698,3,7.433461485240045e-11,2.5579538487363607e-12,0.0,7.252836160480906e-11,1.2184531569540026e-11
165120.0,1.2,0.16567498642665973,0.16567498642665973,0.05368728610658756,0.12982877723534592,3,7.415010966349556e-11,3.467448550509289e-12,0.0,7.246523125626847e-11,1.2175626925034268e-11
165180.0,1.1999999999999997,0.16563175922368575,0.16563175922368575,0.053684110678213263,0.1297991975842609,3,7.396616652499688e-11,4.945377440890297e-12,0.0,7.240204935264402e-11,1.2166732048609239e-11
165240.0,1.2000000000000002,0.16558857107835748,0.16558857107835748,0.05368093946383951,0.12976964331767293,3,7.378276462022271e-11,2.8421709430404007e-12,0.0,7.233927364155184e-11,1.2157846926840209e-11
165300.0,1.2,0.16554542193603758,0.16554542193603758,0.053677772455915894,0.12974011440190353,3,7.359989701027914e-11,2.6147972675971687e-12,0.0,7.227631242304444e-11,1.2148971546391373e-11
165360.0,1.2000000000000002,0.16550231174218977,0.16550231174218977,0.05367460964690933,0.12971061080333446,3,7.341757757295397e-11,2.9558577807620168e-12,0.0,7.221352439566969e-11,1.2140105893873987e-11
165420.0,1.2,0.16545924044237925,0.16545924044237925,0.05367145102930412,0.1296811324884078,3,7.323578549156551e-11,2.5579538487363607e-12,0.0,7.215078341546945e-11,1.2131249955680101e-11
165480.0,1.2,0.16541620798227166,0.16541620798227166,0.05366829659560189,0.12965167942362557,3,7.305454158279545e-11,3.069544618483633e-12,0.0,7.208816082167612e-11,1.2122403718684841e-11
165540.0,1.2,0.1653732143076335,0.1653732143076335,0.05366514633832136,0.12962225157554977,3,7.287381809106819e-11,3.069544618483633e-12,0.0,7.202561941048506e-11,1.2113567169217806e-11
165600.0,1.2,0.16533025936433177,0.16533025936433177,0.05366200024999857,0.12959284891080214,3,7.269363583306543e-11,2.5011104298755527e-12,0.0,7.196310769965727e-11,1.2104740294397314e-11
165660.0,1.2,0.16528734309833346,0.16528734309833346,0.05365885832318668,0.1295634713960641,3,7.251397399210546e-11,2.5579538487363607e-12,0.0,7.190084214634483e-11,1.2095923080622445e-11
165720.0,1.2,0.16524446545570556,0.16524446545570556,0.05365572055045604,0.12953411899807654,3,7.23348464459761e-11,3.296918293926865e-12,0.0,7.18384366297317e-11,1.2087115514607854e-11
165780.0,1.2,0.1652016263826151,0.1652016263826151,0.05365258692439375,0.12950479168363965,3,7.215626013357124e-11,2.6716406864579767e-12,0.0,7.177626688939813e-11,1.2078317583080185e-11
165840.0,1.2000000000000002,0.16515882582532812,0.16515882582532812,0.053649457437604166,0.1294754894196129,3,7.197817342152746e-11,3.0127011996228248e-12,0.0,7.1714153167165e-11,1.2069529272921596e-11
165900.0,1.2,0.1651160637302105,0.1651160637302105,0.05364633208270859,0.12944621217291494,3,7.180062100431428e-11,2.7853275241795927e-12,0.0,7.165208944952191e-11,1.2060750570938556e-11
165960.0,1.2000000000000002,0.16507334004372673,0.16507334004372673,0.053643210852345066,0.1294169599105232,3,7.16235890041439e-11,3.467448550509289e-12,0.0,7.159024335751286e-11,1.2051981463512362e-11
166020.0,1.2,0.1650306547124402,0.1650306547124402,0.05364009373916865,0.12938773259947411,3,7.14470635432285e-11,3.524291969370097e-12,0.0,7.152820335552175e-11,1.2043221937977225e-11
166080.0,1.2000000000000002,0.16498800768301317,0.16498800768301317,0.05363698073585111,0.12935853020686267,3,7.12710793160376e-11,3.751665644813329e-12,0.0,7.146648445355655e-11,1.2034471980834386e-11
166140.0,1.1999999999999997,0.16494539890220605,0.16494539890220605,0.05363387183508095,0.12932935269984241,3,7.10956085669956e-11,2.9558577807620168e-12,0.0,7.140464590014073e-11,1.2025731578986266e-11
166200.0,1.2,0.16490282831687766,0.16490282831687766,0.05363076702956333,0.12930020004562537,3,7.092063047942077e-11,2.8990143619012088e-12,0.0,7.134307933916867e-11,1.2017000719296823e-11
166260.0,1.2,0.16486029587398443,0.16486029587398443,0.05362766631202016,0.12927107221148187,3,7.074617280888873e-11,3.183231456205249e-12,0.0,7.128155007051618e-11,1.2008279388776427e-11
166320.0,1.2000000000000002,0.16481780152058076,0.16481780152058076,0.053624569675189894,0.1292419691647403,3,7.057224249429339e-11,3.126388037344441e-12,0.0,7.122009103360051e-11,1.1999567574095475e-11
166380.0,1.2,0.1647753452038185,0.1647753452038185,0.053621477111827624,0.1292128908727871,3,7.039879790227133e-11,2.7853275241795927e-12,0.0,7.115867344920673e-11,1.1990865262426465e-11
166440.0,1.2,0.16473292687094676,0.16473292687094676,0.053618388614704866,0.12918383730306665,3,7.022587372729205e-11,3.296918293926865e-12,0.0,7.109739495058751e-11,1.1982172440594064e-11
166500.0,1.2,0.1646905464693116,0.1646905464693116,0.05361530417660956,0.12915480842308108,3,7.005345609156777e-11,2.7853275241795927e-12,0.0,7.103626781082673e-11,1.19734890955648e-11
166560.0,1.2,0.16464820394635624,0.16464820394635624,0.053612223790346206,0.12912580420039005,3,6.988153805620456e-11,3.240074875066057e-12,0.0,7.0975054316904e-11,1.1964815214322572e-11
166620.0,1.2,0.1646058992496203,0.1646058992496203,0.05360914744873568,0.12909682460261077,3,6.971011268230853e-11,3.183231456205249e-12,0.0,7.091401960114326e-11,1.1956150783937307e-11
166680.0,1.2000000000000002,0.16456363232673984,0.16456363232673984,0.05360607514461495,0.12906786959741784,3,6.95392077254553e-11,3.126388037344441e-12,0.0,7.085306090574251e-11,1.1947495791170393e-11
166740.0,1.2000000000000002,0.16452140312544705,0.16452140312544705,0.05360300687083731,0.12903893915254314,3,6.936879543006924e-11,3.581135388230905e-12,0.0,7.079217830820525e-11,1.1938850223289866e-11
166800.0,1.2,0.1644792115935702,0.1644792115935702,0.05359994262027253,0.12901003323577548,3,6.919888273504426e-11,4.888534022029489e-12,0.0,7.073135714046194e-11,1.1930214067494692e-11
166860.0,1.2,0.1644370576790333,0.1644370576790333,0.05359688238580631,0.12898115181496078,3,6.902946270148647e-11,3.637978807091713e-12,0.0,7.067061474974734e-11,1.1921587310426732e-11
166920.0,1.2,0.16439494132985596,0.16439494132985596,0.053593826160340516,0.12895229485800175,3,6.886051451271413e-11,3.296918293926865e-12,0.0,7.060993006188172e-11,1.1912969939632368e-11
166980.0,1.1999999999999997,0.16435286249415296,0.16435286249415296,0.05359077393679324,0.12892346233285784,3,6.86920936798785e-11,2.5011104298755527e-12,0.0,7.054929064792713e-11,1.1904361941945366e-11
167040.0,1.2000000000000002,0.16431082112013418,0.16431082112013418,0.05358772570809853,0.1288946542075451,3,6.852413081404052e-11,2.6716406864579767e-12,0.0,7.048895140508488e-11,1.1895763304572137e-11
167100.0,1.2,0.16426881715610486,0.16426881715610486,0.05358468146720633,0.12886587045013592,3,6.835667448745752e-11,3.296918293926865e-12,0.0,7.042849338281243e-11,1.1887174014755074e-11
167160.0,1.2000000000000002,0.16422685055046438,0.16422685055046438,0.05358164120708267,0.12883711102875922,3,6.81897038834478e-11,4.206412995699793e-12,0.0,7.036814147471003e-11,1.1878594059602982e-11
167220.0,1.2,0.1641849212517067,0.1641849212517067,0.0535786049207095,0.1288083759116,3,6.802321206311746e-11,3.069544618483633e-12,0.0,7.030794083991574e-11,1.1870023426264368e-11
167280.0,1.2,0.1641430292084204,0.1641430292084204,0.05357557260108455,0.12877966506689925,3,6.785721290425428e-11,2.5011104298755527e-12,0.0,7.024775683153118e-11,1.1861462101977077e-11
167340.0,1.2,0.16410117436928767,0.16410117436928767,0.05357254424122132,0.12875097846295414,3,6.769171334575219e-11,3.0127011996228248e-12,0.0,7.018767495541478e-11,1.1852910074094758e-11
167400.0,1.2,0.16405935668308472,0.16405935668308472,0.05356951983414914,0.12872231606811743,3,6.752664399867214e-11,3.296918293926865e-12,0.0,7.012769506079469e-11,1.184436732957608e-11
167460.0,1.2,0.16401757609868145,0.16401757609868145,0.05356649937291308,0.12869367785079772,3,6.736209506863489e-11,3.694822225952521e-12,0.0,7.006782538040762e-11,1.1835833855977768e-11
167520.0,1.2,0.1639758325650412,0.1639758325650412,0.05356348285057384,0.1286650637794591,3,6.71980179833831e-11,2.3305801732931286e-12,0.0,7.000789426408562e-11,1.1827309640475625e-11
167580.0,1.2,0.16393412603122037,0.16393412603122037,0.05356047026020787,0.12863647382262117,3,6.703439886512896e-11,2.8990143619012088e-12,0.0,6.994809137796391e-11,1.1818794670348027e-11
167640.0,1.2000000000000002,0.16389245644636857,0.16389245644636857,0.05355746159490703,0.1286079079488588,3,6.687127240834201e-11,3.353761712787673e-12,0.0,6.98884969792613e-11,1.181028893302183e-11
167700.0,1.2,0.163850823759728,0.163850823759728,0.053554456847778834,0.12857936612680215,3,6.670860391855271e-11,3.296918293926865e-12,0.0,6.982887026222834e-11,1.1801792415783267e-11
167760.0,1.2000000000000002,0.16380922792063374,0.16380922792063374,0.0535514560119463,0.12855084832513625,3,6.654642115133669e-11,3.296918293926865e-12,0.0,6.976942573817069e-11,1.179330510595869e-11
167820.0,1.2,0.1637676688785128,0.1637676688785128,0.05354845908054782,0.12852235451260124,3,6.638470329001223e-11,3.467448550509289e-12,0.0,6.970977436527918e-11,1.17848269909642e-11
167880.0,1.2000000000000002,0.16372614658288476,0.16372614658288476,0.05354546604673742,0.12849388465799216,3,6.622345727347323e-11,3.979039320256561e-12,0.0,6.965054718796997e-11,1.1776358058301513e-11
167940.0,1.1999999999999997,0.16368466098336104,0.16368466098336104,0.05354247690368427,0.12846543873015856,3,6.606266228503799e-11,3.751665644813329e-12,0.0,6.959113629408494e-11,1.176789829522088e-11
168000.0,1.2,0.16364321202964469,0.16364321202964469,0.05353949164457293,0.12843701669800464,3,6.590233914138821e-11,4.604316927725449e-12,0.0,6.953200077463446e-11,1.175944768916115e-11
168060.0,1.2,0.16360179967153066,0.16360179967153066,0.05353651026260319,0.1284086185304891,3,6.57424947814178e-11,4.945377440890297e-12,0.0,6.947290198380313e-11,1.175100622773157e-11
168120.0,1.2000000000000002,0.1635604238589049,0.1635604238589049,0.05353353275099023,0.12838024419662492,3,6.558308757176334e-11,3.410605131648481e-12,0.0,6.941382124006753e-11,1.174257389839746e-11
168180.0,1.2,0.16351908454174463,0.16351908454174463,0.05353055910296437,0.12835189366547933,3,6.542415220689435e-11,2.6147972675971687e-12,0.0,6.935481852437176e-11,1.1734150688518258e-11
168240.0,1.2,0.1634777816701182,0.1634777816701182,0.053527589311770936,0.1283235669061736,3,6.526568868681082e-11,3.865352482534945e-12,0.0,6.929593829006368e-11,1.172573658565565e-11
168300.0,1.2,0.16343651519418448,0.16343651519418448,0.05352462337067045,0.12829526388788307,3,6.510766231704324e-11,3.694822225952521e-12,0.0,6.923718604222217e-11,1.1717331577480509e-11
168360.0,1.2,0.16339528506419285,0.16339528506419285,0.053521661272938635,0.1282669845798368,3,6.495010779206112e-11,3.410605131648481e-12,0.0,6.9178387154629e-11,1.170893565135062e-11
168420.0,1.2,0.16335409123048336,0.16335409123048336,0.053518703011866134,0.12823872895131766,3,6.479298347850104e-11,4.206412995699793e-12,0.0,6.911972789914664e-11,1.170054879489467e-11
168480.0,1.2000000000000002,0.16331293364348584,0.16331293364348584,0.05351574858075859,0.12821049697166215,3,6.463633794862034e-11,3.581135388230905e-12,0.0,6.906119078327417e-11,1.169217099593325e-11
168540.0,1.2000000000000002,0.16327181225372026,0.16327181225372026,0.05351279797293655,0.12818228861026015,3,6.448012263016167e-11,4.888534022029489e-12,0.0,6.900262509422753e-11,1.168380224164465e-11
168600.0,1.2,0.16323072701179628,0.16323072701179628,0.053509851181735485,0.12815410383655507,3,6.432436527870067e-11,3.865352482534945e-12,0.0,6.894419394514138e-11,1.1675442519915635e-11
168660.0,1.2,0.16318967786841293,0.16318967786841293,0.05350690820050575,0.1281259426200434,3,6.416905895534342e-11,3.296918293926865e-12,0.0,6.88858095812848e-11,1.1667091818522543e-11
168720.0,1.2,0.16314866477435896,0.16314866477435896,0.05350396902261252,0.12809780493027484,3,6.401420366008992e-11,3.524291969370097e-12,0.0,6.882750978985635e-11,1.1658750124915392e-11
168780.0,1.1999999999999997,0.16310768768051184,0.16310768768051184,0.05350103364143572,0.12806969073685218,3,6.385977163736456e-11,3.296918293926865e-12,0.0,6.876922257898475e-11,1.165041742692263e-11
168840.0,1.2000000000000002,0.16306674653783848,0.16306674653783848,0.05349810205037002,0.12804160000943096,3,6.370579758163686e-11,3.183231456205249e-12,0.0,6.871128381586831e-11,1.1642093711945058e-11
168900.0,1.2,0.163025841297394,0.163025841297394,0.0534951742428247,0.12801353271771962,3,6.355227455401291e-11,4.831690603168681e-12,0.0,6.865319011856735e-11,1.1633778968089059e-11
168960.0,1.2000000000000002,0.16298497191032257,0.16298497191032257,0.05349225021222385,0.1279854888314792,3,6.3399181737811e-11,3.296918293926865e-12,0.0,6.859519893004071e-11,1.1625473182877853e-11
169020.0,1.2,0.16294413832785642,0.16294413832785642,0.053489329952006094,0.12795746832052324,3,6.324652607192505e-11,3.0127011996228248e-12,0.0,6.853726956581361e-11,1.1617176344081989e-11
169080.0,1.2,0.16290334050131589,0.16290334050131589,0.053486413455624555,0.12792947115471787,3,6.309430755635503e-11,3.296918293926865e-12,0.0,6.847948671901639e-11,1.160888843959816e-11
169140.0,1.2,0.16286257838210946,0.16286257838210946,0.053483500716547006,0.12790149730398132,3,6.294252619110097e-11,3.524291969370097e-12,0.0,6.842175466603215e-11,1.1600609457176236e-11
169200.0,1.2,0.16282185192173312,0.16282185192173312,0.053480591728255714,0.12787354673828416,3,6.279118891505675e-11,2.6147972675971687e-12,0.0,6.836407953133264e-11,1.159233938451604e-11
169260.0,1.2,0.162781161071771,0.162781161071771,0.05347768648424727,0.127845619427649,3,6.264027491154067e-11,3.0127011996228248e-12,0.0,6.83065927193741e-11,1.1584078209560174e-11
169320.0,1.2,0.1627405057838939,0.1627405057838939,0.05347478497803274,0.12781771534215036,3,6.248981193612835e-11,2.8990143619012088e-12,0.0,6.824896278192913e-11,1.1575825920290945e-11
169380.0,1.2,0.16269988600986032,0.16269988600986032,0.05347188720313768,0.12778983445191472,3,6.233974447766855e-11,3.069544618483633e-12,0.0,6.819152480036122e-11,1.1567582504209654e-11
169440.0,1.2000000000000002,0.16265930170151557,0.16265930170151557,0.05346899315310164,0.1277619767271202,3,6.21901419251003e-11,2.6716406864579767e-12,0.0,6.813422133376632e-11,1.1559347949309773e-11
169500.0,1.2,0.16261875281079166,0.16261875281079166,0.05346610282147874,0.12773414213799655,3,6.20409487672724e-11,4.320099833421409e-12,0.0,6.807686153820988e-11,1.1551122243768824e-11
169560.0,1.2000000000000002,0.16257823928970755,0.16257823928970755,0.053463216201837443,0.12770633065482506,3,6.189217194307872e-11,2.7853275241795927e-12,0.0,6.801975632560551e-11,1.1542905375404919e-11
169620.0,1.2,0.16253776109036824,0.16253776109036824,0.05346033328776019,0.1276785422479384,3,6.17438530858827e-11,4.206412995699793e-12,0.0,6.796240055239678e-11,1.1534697331968338e-11
169680.0,1.2000000000000002,0.16249731816496502,0.16249731816496502,0.05345745407284356,0.12765077688772053,3,6.159594362342702e-11,3.353761712787673e-12,0.0,6.79054965850798e-11,1.1526498101573326e-11
169740.0,1.1999999999999997,0.16245691046577534,0.16245691046577534,0.053454578550698593,0.1276230345446065,3,6.144842967792385e-11,3.581135388230905e-12,0.0,6.784836630474712e-11,1.1518307672329986e-11
169800.0,1.2,0.16241653794516253,0.16241653794516253,0.05345170671495003,0.12759531518908251,3,6.130136676052444e-11,3.694822225952521e-12,0.0,6.779151533797572e-11,1.1510126031870315e-11
169860.0,1.2,0.16237620055557558,0.16237620055557558,0.05344883855923684,0.12756761879168566,3,6.115472017675927e-11,3.126388037344441e-12,0.0,6.773468044979548e-11,1.150195316859724e-11
169920.0,1.2000000000000002,0.16233589824954886,0.16233589824954886,0.05344597407721215,0.12753994532300383,3,6.100845523215881e-11,3.524291969370097e-12,0.0,6.767788829823908e-11,1.1493789070292891e-11
169980.0,1.2,0.16229563097970198,0.16229563097970198,0.05344311326254288,0.1275122947536757,3,6.086265519344991e-11,2.9558577807620168e-12,0.0,6.762119643580715e-11,1.1485633725214197e-11
170040.0,1.2,0.16225539869873973,0.16225539869873973,0.05344025610890983,0.1274846670543905,3,6.071725067169353e-11,3.581135388230905e-12,0.0,6.75645992261307e-11,1.1477487121151973e-11
170100.0,1.2,0.16221520135945172,0.16221520135945172,0.05343740261000777,0.12745706219588793,3,6.05722694224653e-11,3.353761712787673e-12,0.0,6.750812200502398e-11,1.1469349246292012e-11
170160.0,1.2,0.16217503891471255,0.16217503891471255,0.053434552759545464,0.1274294801489581,3,6.042769062908349e-11,3.296918293926865e-12,0.0,6.745153876885006e-11,1.1461220088947906e-11
170220.0,1.2,0.16213491131748103,0.16213491131748103,0.05343170655124536,0.12740192088444147,3,6.028352816933591e-11,3.524291969370097e-12,0.0,6.739519548969857e-11,1.1453099637072596e-11
170280.0,1.2000000000000002,0.1620948185208004,0.1620948185208004,0.05342886397884365,0.1273743843732285,3,6.013976816543476e-11,3.183231456205249e-12,0.0,6.733888079325036e-11,1.1444987878817134e-11
170340.0,1.2000000000000002,0.16205476047779802,0.16205476047779802,0.05342602503609046,0.12734687058625982,3,5.999641755627394e-11,3.979039320256561e-12,0.0,6.728262600744251e-11,1.1436884802436796e-11
170400.0,1.2,0.16201473714168552,0.16201473714168552,0.053423189716749434,0.12731937949452596,3,5.985348328074735e-11,3.296918293926865e-12,0.0,6.722642262785247e-11,1.1428790395998261e-11
170460.0,1.2,0.16197474846575802,0.16197474846575802,0.053420358014598074,0.12729191106906723,3,5.97109514610672e-11,3.183231456205249e-12,0.0,6.717029306167807e-11,1.1420704647644722e-11
170520.0,1.2,0.16193479440339423,0.16193479440339423,0.05341752992342731,0.1272644652809738,3,5.956880821944566e-11,3.410605131648481e-12,0.0,6.711429040856774e-11,1.1412627545746433e-11
170580.0,1.1999999999999997,0.1618948749080564,0.1618948749080564,0.05341470543704181,0.12723704210138526,3,5.942708131145835e-11,3.240074875066057e-12,0.0,6.705823980534578e-11,1.1404559078466853e-11
170640.0,1.2000000000000002,0.1618549899332901,0.1618549899332901,0.05341188454925968,0.12720964150149083,3,5.928574298152967e-11,5.115907697472721e-12,0.0,6.70025147192148e-11,1.1396499234153075e-11
170700.0,1.2,0.16181513943272383,0.16181513943272383,0.0534090672539127,0.12718226345252917,3,5.914482792412912e-11,2.7853275241795927e-12,0.0,6.694660181983314e-11,1.1388448000753078e-11
170760.0,1.2000000000000002,0.16177532336006908,0.16177532336006908,0.053406253544846016,0.12715490792578812,3,5.900430144478719e-11,3.0127011996228248e-12,0.0,6.689088899344527e-11,1.1380405366960544e-11
170820.0,1.2,0.16173554166912002,0.16173554166912002,0.05340344341591825,0.12712757489260468,3,5.886417048239778e-11,3.069544618483633e-12,0.0,6.683518309832801e-11,1.1372371320909566e-11
170880.0,1.2,0.161695794313753,0.161695794313753,0.053400636861001584,0.12710026432436505,3,5.87244350369609e-11,3.353761712787673e-12,0.0,6.677962762122735e-11,1.1364345851016307e-11
170940.0,1.2,0.16165608124792713,0.16165608124792713,0.05339783387398146,0.1270729761925043,3,5.858510204737044e-11,3.637978807091713e-12,0.0,6.67241143159913e-11,1.1356328945423548e-11
171000.0,1.2,0.16161640242568348,0.16161640242568348,0.05339503444875649,0.12704571046850638,3,5.844616457473251e-11,3.410605131648481e-12,0.0,6.666865959176565e-11,1.1348320592563166e-11
171060.0,1.2,0.16157675780114522,0.16157675780114522,0.05339223857923883,0.12701846712390397,3,5.830761568015319e-11,5.343281372915953e-12,0.0,6.661331061854467e-11,1.1340320780813275e-11
171120.0,1.2,0.16153714732851698,0.16153714732851698,0.05338944625935368,0.12699124613027843,3,5.8169455363632494e-11,2.8990143619012088e-12,0.0,6.655795681554183e-11,1.133232949862602e-11
171180.0,1.2,0.1614975709620854,0.1614975709620854,0.053386657483039716,0.12696404745925965,3,5.803169056406432e-11,2.8990143619012088e-12,0.0,6.650273008632756e-11,1.1324346734457266e-11
171240.0,1.2000000000000002,0.16145802865621847,0.16145802865621847,0.053383872244248766,0.12693687108252594,3,5.789430740366086e-11,3.467448550509289e-12,0.0,6.644755757823334e-11,1.1316372476685128e-11
171300.0,1.2,0.1614185203653653,0.1614185203653653,0.053381090536945654,0.126909716971804,3,5.7757305882422116e-11,3.524291969370097e-12,0.0,6.639246749216236e-11,1.1308406713657113e-11
171360.0,1.2000000000000002,0.1613790460440561,0.1613790460440561,0.05337831235510844,0.12688258509886863,3,5.7620699878135895e-11,3.751665644813329e-12,0.0,6.633754214425874e-11,1.1300449433986664e-11
171420.0,1.2,0.16133960564690208,0.16133960564690208,0.05337553769272827,0.12685547543554282,3,5.748448245190829e-11,2.7284841053187847e-12,0.0,6.628240025534677e-11,1.1292500625955942e-11
171480.0,1.2000000000000002,0.1613001991285951,0.1613001991285951,0.05337276654380926,0.12682838795369764,3,5.7348646664845404e-11,3.751665644813329e-12,0.0,6.622765566617992e-11,1.1284560278420756e-11
171540.0,1.1999999999999997,0.16126082644390757,0.16126082644390757,0.0533699989023687,0.12680132262525193,3,5.721320639473504e-11,3.694822225952521e-12,0.0,6.617272928955479e-11,1.1276628379517267e-11
171600.0,1.2,0.16122148754769228,0.16122148754769228,0.053367234762436766,0.12677427942217245,3,5.707812694710768e-11,3.467448550509289e-12,0.0,6.61180841600554e-11,1.126870491792096e-11
171660.0,1.2,0.1611821823948824,0.1611821823948824,0.053364474118056525,0.12674725831647357,3,5.6943422199751126e-11,3.0127011996228248e-12,0.0,6.606336669288352e-11,1.1260789882397482e-11
171720.0,1.2000000000000002,0.16114291094049063,0.16114291094049063,0.05336171696328398,0.12672025928021735,3,5.68091129693471e-11,3.410605131648481e-12,0.0,6.600879488657945e-11,1.1252883261110291e-11
171780.0,1.2,0.16110367313961016,0.16110367313961016,0.053358963292188165,0.1266932822855133,3,5.6675171500319976e-11,2.5011104298755527e-12,0.0,6.59542172359598e-11,1.1244985043005773e-11
171840.0,1.2,0.16106446894741322,0.16106446894741322,0.053356213098850754,0.12666632730451827,3,5.654159085377586e-11,3.126388037344441e-12,0.0,6.589977131293949e-11,1.123709521652201e-11
171900.0,1.2,0.1610252983191522,0.1610252983191522,0.05335346637736627,0.1266393943094365,3,5.640844041865378e-11,4.035882739117369e-12,0.0,6.584546037817185e-11,1.1229213770255491e-11
171960.0,1.2,0.16098616121015835,0.16098616121015835,0.05335072312184202,0.12661248327251934,3,5.627561611154519e-11,3.581135388230905e-12,0.0,6.579110627204072e-11,1.1221340692913133e-11
172020.0,1.2,0.1609470575758422,0.1609470575758422,0.05334798332639809,0.1265855941660653,3,5.614317344360131e-11,3.0127011996228248e-12,0.0,6.573686706444658e-11,1.1213475973118306e-11
172080.0,1.2000000000000002,0.1609079873716931,0.1609079873716931,0.05334524698516726,0.12655872696241977,3,5.6011119353716055e-11,3.126388037344441e-12,0.0,6.568271935377491e-11,1.1205619599625905e-11
172140.0,1.2000000000000002,0.1608689505532796,0.1608689505532796,0.05334251409229496,0.12653188163397508,3,5.587941220852599e-11,3.296918293926865e-12,0.0,6.562859943340721e-11,1.1197771561118857e-11
172200.0,1.2,0.16082994707624867,0.16082994707624867,0.0533397846419393,0.12650505815317042,3,5.5748086702500643e-11,4.320099833421409e-12,0.0,6.557452094862074e-11,1.1189931846181243e-11
172260.0,1.2,0.16079097689632557,0.16079097689632557,0.05333705862827091,0.1264782564924915,3,5.5617135896746106e-11,2.6716406864579767e-12,0.0,6.552055126923975e-11,1.1182100443725534e-11
172320.0,1.2,0.16075203996931411,0.16075203996931411,0.053334336045473094,0.1264514766244707,3,5.548653897458067e-11,3.808509063674137e-12,0.0,6.546664689440493e-11,1.117427734229652e-11
172380.0,1.1999999999999997,0.16071313625109637,0.16071313625109637,0.05333161688774151,0.1264247185216869,3,5.535630981379214e-11,3.467448550509289e-12,0.0,6.54127238431289e-11,1.1166462530807911e-11
172440.0,1.2000000000000002,0.16067426569763188,0.16067426569763188,0.0533289011492845,0.12639798215676532,3,5.5226434536592706e-11,3.524291969370097e-12,0.0,6.535910489319807e-11,1.1158655997974897e-11
172500.0,1.2,0.16063542826495844,0.16063542826495844,0.05332618882432286,0.12637126750237743,3,5.509694783745189e-11,2.8990143619012088e-12,0.0,6.530536654275014e-11,1.115085773268017e-11
172560.0,1.2000000000000002,0.16059662390919116,0.16059662390919116,0.05332347990708971,0.12634457453124098,3,5.496781502190018e-11,3.0127011996228248e-12,0.0,6.525175067305463e-11,1.1143067723621548e-11
172620.0,1.2,0.16055785258652283,0.16055785258652283,0.05332077439183061,0.12631790321611963,3,5.483902915104366e-11,3.581135388230905e-12,0.0,6.519817638971221e-11,1.1135285959614722e-11
172680.0,1.2,0.16051911425322335,0.16051911425322335,0.05331807227280352,0.12629125352982323,3,5.471061104156405e-11,3.069544618483633e-12,0.0,6.514471058524407e-11,1.1127512429616417e-11
172740.0,1.2,0.1604804088656398,0.1604804088656398,0.053315373544278705,0.1262646254452074,3,5.4582539876779634e-11,3.296918293926865e-12,0.0,6.509128555122454e-11,1.1119747122386902e-11
172800.0,1.2,0.1604417363801964,0.1604417363801964,0.053312678200538616,0.12623801893517347,3,5.445485729005384e-11,3.922195901395753e-12,0.0,6.503795771105934e-11,1.1111990026909374e-11
172860.0,1.2,0.1604030967533937,0.1604030967533937,0.05330998623587819,0.1262114339726686,3,5.432750777023543e-11,3.183231456205249e-12,0.0,6.49847195668128e-11,1.1104241132087203e-11
172920.0,1.2,0.1603644899418094,0.1603644899418094,0.05330729764460452,0.12618487053068547,3,5.420051907290002e-11,3.183231456205249e-12,0.0,6.493142893151102e-11,1.1096500426727396e-11
172980.0,1.2,0.16032591590209713,0.16032591590209713,0.053304612421036804,0.12615832858226222,3,5.407387732025981e-11,2.6716406864579767e-12,0.0,6.487830300345989e-11,1.1088767899829691e-11
173040.0,1.2000000000000002,0.16028737459098735,0.16028737459098735,0.053301930559506536,0.12613180810048247,3,5.3947596390102603e-11,3.126388037344441e-12,0.0,6.482528319487276e-11,1.1081043540383074e-11
173100.0,1.2,0.16024886596528615,0.16024886596528615,0.05329925205435732,0.12610530905847506,3,5.382166240464059e-11,3.581135388230905e-12,0.0,6.47721997330302e-11,1.1073327337381492e-11
173160.0,1.2000000000000002,0.1602103899818759,0.1602103899818759,0.05329657689994473,0.126078831429414,3,5.369606842497987e-11,2.7284841053187847e-12,0.0,6.471938332881745e-11,1.1065619279509116e-11
173220.0,1.2,0.16017194659771458,0.16017194659771458,0.05329390509063664,0.12605237518651854,3,5.3570842206696057e-11,3.069544618483633e-12,0.0,6.466637128540487e-11,1.1057919356289701e-11
173280.0,1.2000000000000002,0.160133535769836,0.160133535769836,0.05329123662081275,0.12602594030305275,3,5.344596293310744e-11,3.581135388230905e-12,0.0,6.461364835276015e-11,1.1050227556319738e-11
173340.0,1.1999999999999997,0.1600951574553491,0.1600951574553491,0.053288571484864905,0.12599952675232579,3,5.3321430604214015e-11,3.296918293926865e-12,0.0,6.456078814466205e-11,1.1042543868816098e-11
173400.0,1.2,0.16005681161143853,0.16005681161143853,0.053285909677196874,0.1259731345076915,3,5.3197238281121884e-11,2.7853275241795927e-12,0.0,6.450817060705641e-11,1.1034868282791343e-11
173460.0,1.2,0.16001849819536382,0.16001849819536382,0.0532832511922244,0.12594676354254847,3,5.3073385963831043e-11,2.8990143619012088e-12,0.0,6.445557032478246e-11,1.1027200787260513e-11
173520.0,1.2000000000000002,0.15998021716445934,0.15998021716445934,0.05328059602437508,0.12592041383033997,3,5.29498805912354e-11,3.865352482534945e-12,0.0,6.44030270232619e-11,1.1019541371471502e-11
173580.0,1.2,0.15994196847613462,0.15994196847613462,0.05327794416808847,0.1258940853445537,3,5.282672216333495e-11,5.4569682106375694e-12,0.0,6.435051621943091e-11,1.1011890024350428e-11
173640.0,1.2,0.15990375208787383,0.15990375208787383,0.053275295617815896,0.1258677780587219,3,5.27039176190236e-11,2.5579538487363607e-12,0.0,6.429818440954354e-11,1.1004246735045923e-11
173700.0,1.2,0.1598655679572354,0.1598655679572354,0.053272650368020584,0.12584149194642102,3,5.2581425324937925e-11,3.637978807091713e-12,0.0,6.424587855909843e-11,1.0996611492784374e-11
173760.0,1.2,0.1598274160418522,0.1598274160418522,0.05327000841317738,0.1258152269812719,3,5.245928691444135e-11,2.8421709430404007e-12,0.0,6.419354595088251e-11,1.098898428659447e-11
173820.0,1.2,0.15978929629943114,0.15978929629943114,0.05326736974777314,0.1257889831369394,3,5.2337488509746066e-11,3.0127011996228248e-12,0.0,6.41413520235594e-11,1.0981365105818815e-11
173880.0,1.2000000000000002,0.1597512086877533,0.1597512086877533,0.053264734366306264,0.12576276038713252,3,5.2216016233064266e-11,4.035882739117369e-12,0.0,6.408930368637684e-11,1.0973753939512984e-11
173940.0,1.2000000000000002,0.1597131531646737,0.1597131531646737,0.0532621022632869,0.12573655870560413,3,5.209490477886547e-11,4.206412995699793e-12,0.0,6.40372023380608e-11,1.0966150777009655e-11
174000.0,1.2,0.15967512968812095,0.15967512968812095,0.05325947343323686,0.1257103780661511,3,5.197412639157406e-11,2.8421709430404007e-12,0.0,6.398513795489785e-11,1.0958555607261832e-11
174060.0,1.2,0.15963713821609707,0.15963713821609707,0.05325684787068959,0.12568421844261393,3,5.185365331561442e-11,5.286437954055145e-12,0.0,6.393320671705564e-11,1.0950968419870612e-11
174120.0,1.2,0.1595991787066778,0.1595991787066778,0.05325422557019013,0.1256580798088769,3,5.1733534123243885e-11,3.0127011996228248e-12,0.0,6.388132274619298e-11,1.0943389203757566e-11
174180.0,1.1999999999999997,0.1595612511180117,0.1595612511180117,0.0532516065262951,0.12563196213886788,3,5.1613734119992927e-11,2.9558577807620168e-12,0.0,6.382940635916767e-11,1.0935817948413365e-11
174240.0,1.2000000000000002,0.15952335540832063,0.15952335540832063,0.05324899073357258,0.12560586540655816,3,5.149428800033107e-11,2.3305801732931286e-12,0.0,6.377787807649781e-11,1.0928254643023863e-11
174300.0,1.2,0.1594854915358993,0.1594854915358993,0.05324637818660232,0.12557978958596247,3,5.1375154130894884e-11,3.126388037344441e-12,0.0,6.372610584770386e-11,1.0920699276982949e-11
174360.0,1.2000000000000002,0.1594476594591152,0.1594476594591152,0.05324376887997535,0.1255537346511389,3,5.125633251168438e-11,2.6716406864579767e-12,0.0,6.367447538152034e-11,1.091315183946862e-11
174420.0,1.2,0.15940985913640837,0.15940985913640837,0.05324116280829435,0.1255277005761887,3,5.113786477606297e-11,3.240074875066057e-12,0.0,6.362300213079281e-11,1.0905612319919848e-11
174480.0,1.2,0.15937209052629112,0.15937209052629112,0.05323855996617329,0.12550168733525624,3,5.101971622956114e-11,3.296918293926865e-12,0.0,6.357147229572331e-11,1.089808070753324e-11
174540.0,1.2,0.15933435358734852,0.15933435358734852,0.05323596034823755,0.125475694902529,3,5.090188687217889e-11,2.9558577807620168e-12,0.0,6.352007813648548e-11,1.0890556991985995e-11
174600.0,1.2,0.1592966482782374,0.1592966482782374,0.05323336394912396,0.12544972325223736,3,5.0784397520597935e-11,3.126388037344441e-12,0.0,6.346871215718677e-11,1.0883041162455697e-11
174660.0,1.2,0.15925897455768673,0.15925897455768673,0.05323077076348056,0.12542377235865454,3,5.0667220419242653e-11,3.183231456205249e-12,0.0,6.341750812190549e-11,1.0875533208283709e-11
174720.0,1.2,0.15922133238449693,0.15922133238449693,0.053228180785966646,0.12539784219609657,3,5.055035556811305e-11,3.353761712787673e-12,0.0,6.336620581026178e-11,1.0868033119105871e-11
174780.0,1.2,0.15918372171754055,0.15918372171754055,0.053225594011253076,0.1253719327389221,3,5.043384460057254e-11,2.7284841053187847e-12,0.0,6.33150923302141e-11,1.0860540884205646e-11
174840.0,1.2000000000000002,0.1591461425157615,0.1591461425157615,0.05322301043402163,0.12534604396153243,3,5.031761118878819e-11,2.6147972675971687e-12,0.0,6.326401357025868e-11,1.0853056493031931e-11
174900.0,1.2,0.15910859473817515,0.15910859473817515,0.0532204300489654,0.1253201758383713,3,5.0201738599486845e-11,3.183231456205249e-12,0.0,6.321296261754789e-11,1.0845579935106829e-11
174960.0,1.2000000000000002,0.15907107834386777,0.15907107834386777,0.05321785285078872,0.12529432834392484,3,5.008615744372946e-11,3.467448550509289e-12,0.0,6.316207973734966e-11,1.0838111199750612e-11
175020.0,1.2,0.1590335932919971,0.1590335932919971,0.05321527883420689,0.12526850145272167,3,4.997089547709166e-11,3.524291969370097e-12,0.0,6.311106399029277e-11,1.0830650276655367e-11
175080.0,1.2000000000000002,0.15899613954179123,0.15899613954179123,0.053212707993946624,0.1252426951393323,3,4.985597351625515e-11,3.183231456205249e-12,0.0,6.306030286261038e-11,1.0823197155426744e-11
175140.0,1.1999999999999997,0.1589587170525495,0.1589587170525495,0.05321014032474558,0.12521690937836974,3,4.97413429889626e-11,3.126388037344441e-12,0.0,6.300941322351275e-11,1.0815751825407348e-11
175200.0,1.2,0.15892132578364188,0.15892132578364188,0.053207575821352465,0.12519114414448881,3,4.962704552857744e-11,3.922195901395753e-12,0.0,6.295877075921703e-11,1.0808314276101911e-11
175260.0,1.2,0.15888396569450808,0.15888396569450808,0.05320501447852707,0.1251653994123864,3,4.9513039501736245e-11,4.035882739117369e-12,0.0,6.290809825955653e-11,1.080088449715165e-11
175320.0,1.2000000000000002,0.15884663674465904,0.15884663674465904,0.05320245629104008,0.12513967515680127,3,4.939935960290853e-11,3.637978807091713e-12,0.0,6.285757137841218e-11,1.0793462478266024e-11
175380.0,1.2,0.15880933889367524,0.15880933889367524,0.05319990125367334,0.12511397135251384,3,4.9285991954306496e-11,3.410605131648481e-12,0.0,6.280699524526657e-11,1.078604820878764e-11
175440.0,1.2,0.15877207210120747,0.15877207210120747,0.05319734936121946,0.12508828797434643,3,4.9172915739248424e-11,3.353761712787673e-12,0.0,6.275658073871278e-11,1.0778641678507846e-11
175500.0,1.2,0.15873483632697621,0.15873483632697621,0.05319480060848208,0.1250626249971628,3,4.906017259109774e-11,5.172751116333529e-12,0.0,6.270626225922544e-11,1.0771242877091022e-11
175560.0,1.2,0.1586976315307718,0.1586976315307718,0.05319225499027578,0.12503698239586836,3,4.8947734754278827e-11,3.240074875066057e-12,0.0,6.265588594178736e-11,1.0763851794045622e-11
175620.0,1.2,0.1586604576724539,0.1586604576724539,0.053189712501425915,0.12501136014540984,3,4.883557447321607e-11,3.865352482534945e-12,0.0,6.2605633057802e-11,1.0756468419103853e-11
175680.0,1.2000000000000002,0.15862331471195154,0.15862331471195154,0.05318717313676871,0.1249857582207754,3,4.8723754197954605e-11,3.0127011996228248e-12,0.0,6.255547892430576e-11,1.0749092742027287e-11
175740.0,1.2000000000000002,0.15858620260926357,0.15858620260926357,0.05318463689115125,0.12496017659699443,3,4.8612225356237104e-11,2.9558577807620168e-12,0.0,6.250531053037458e-11,1.074172475229915e-11
175800.0,1.2,0.1585491213244572,0.1585491213244572,0.0531821037594313,0.12493461524913752,3,4.850101570363918e-11,2.9558577807620168e-12,0.0,6.245518526566701e-11,1.0734364439857204e-11
175860.0,1.2,0.15851207081766908,0.15851207081766908,0.0531795737364774,0.12490907415231632,3,4.839010442347913e-11,3.694822225952521e-12,0.0,6.240521332916948e-11,1.0727011794015101e-11
175920.0,1.2,0.15847505104910442,0.15847505104910442,0.05317704681716883,0.1248835532816835,3,4.827948457686304e-11,4.945377440890297e-12,0.0,6.235525182049457e-11,1.0719666805045612e-11
175980.0,1.1999999999999997,0.15843806197903734,0.15843806197903734,0.05317452299639562,0.12485805261243269,3,4.8169170041578724e-11,2.8421709430404007e-12,0.0,6.230528122294438e-11,1.0712329462570101e-11
176040.0,1.2000000000000002,0.15840110356781034,0.15840110356781034,0.05317200226905848,0.12483257211979819,3,4.805916081762618e-11,2.7853275241795927e-12,0.0,6.225557006078626e-11,1.0704999756053597e-11
176100.0,1.2,0.1583641757758344,0.1583641757758344,0.05316948463006862,0.12480711177905528,3,4.79494499661115e-11,4.831690603168681e-12,0.0,6.220580423726271e-11,1.0697677675546356e-11
176160.0,1.2000000000000002,0.15832727856358858,0.15832727856358858,0.053166970074348,0.12478167156551975,3,4.784003748703469e-11,2.7284841053187847e-12,0.0,6.215609891158512e-11,1.069036321085007e-11
176220.0,1.2,0.15829041189162021,0.15829041189162021,0.05316445859682909,0.12475625145454802,3,4.7730930319289655e-11,2.5579538487363607e-12,0.0,6.210645719617604e-11,1.0683056351671303e-11
176280.0,1.2,0.15825357572054452,0.15825357572054452,0.05316195019245497,0.12473085142153696,3,4.7622086829512966e-11,2.9558577807620168e-12,0.0,6.205688786714384e-11,1.0675757087875437e-11
176340.0,1.2,0.15821677001104428,0.15821677001104428,0.05315944485617924,0.12470547144192393,3,4.7513597223325377e-11,3.296918293926865e-12,0.0,6.200740531430774e-11,1.0668465409412643e-11
176400.0,1.2,0.15817999472387018,0.15817999472387018,0.053156942582966014,0.1246801114911865,3,4.740536435621223e-11,3.069544618483633e-12,0.0,6.195793541529685e-11,1.0661181306051523e-11
176460.0,1.2,0.1581432498198405,0.1581432498198405,0.053154443367789864,0.12465477154484259,3,4.729742292264305e-11,5.172751116333529e-12,0.0,6.190859785396077e-11,1.0653904767691374e-11
176520.0,1.2,0.1581065352598408,0.1581065352598408,0.05315194720563585,0.12462945157845023,3,4.718977986151174e-11,2.8421709430404007e-12,0.0,6.185921203800473e-11,1.064663578432538e-11
176580.0,1.2,0.15806985100482357,0.15806985100482357,0.05314945409149945,0.12460415156760751,3,4.7082435172818293e-11,3.808509063674137e-12,0.0,6.180995586637049e-11,1.0639374345744476e-11
176640.0,1.2000000000000002,0.15803319701580884,0.15803319701580884,0.05314696402038653,0.12457887148795253,3,4.6975388856562716e-11,5.4001247917767614e-12,0.0,6.176077747734828e-11,1.06321204419952e-11
176700.0,1.2,0.15799657325388328,0.15799657325388328,0.05314447698731328,0.12455361131516327,3,4.6868620096063296e-11,3.069544618483633e-12,0.0,6.171158347179138e-11,1.0624874062785768e-11
176760.0,1.2000000000000002,0.15795997968020065,0.15795997968020065,0.053141992987306236,0.12452837102495762,3,4.676214276910784e-11,3.410605131648481e-12,0.0,6.166263889012064e-11,1.061763519817099e-11
176820.0,1.2,0.15792341625598116,0.15792341625598116,0.05313951201540227,0.1245031505930931,3,4.665595687569635e-11,3.865352482534945e-12,0.0,6.161346137290709e-11,1.0610403838371109e-11
176880.0,1.2000000000000002,0.15788688294251127,0.15788688294251127,0.05313703406664867,0.12447794999536696,3,4.6550055476934915e-11,3.296918293926865e-12,0.0,6.156460937807847e-11,1.060317997312288e-11
176940.0,1.1999999999999997,0.1578503797011444,0.1578503797011444,0.05313455913610288,0.124452769207616,3,4.644445245061135e-11,3.524291969370097e-12,0.0,6.151556444989677e-11,1.0595963592618425e-11
177000.0,1.2,0.15781390649330002,0.15781390649330002,0.05313208721883249,0.12442760820571654,3,4.6339113102256135e-11,3.183231456205249e-12,0.0,6.146680176770442e-11,1.0588754686612283e-11
177060.0,1.2,0.15777746328046338,0.15777746328046338,0.053129618309915486,0.12440246696558424,3,4.6234065187444884e-11,3.069544618483633e-12,0.0,6.14180491207349e-11,1.0581553245400385e-11
177120.0,1.2000000000000002,0.157741050024186,0.157741050024186,0.053127152404439985,0.12437734546317421,3,4.61293156450715e-11,2.7284841053187847e-12,0.0,6.136932205331337e-11,1.0574359258845633e-11
177180.0,1.2,0.15770466668608524,0.15770466668608524,0.05312468949750405,0.12435224367448072,3,4.6024829780666465e-11,3.296918293926865e-12,0.0,6.132061788076888e-11,1.0567172717107887e-11
177240.0,1.2,0.1576683132278439,0.1576683132278439,0.05312222958421619,0.12432716157553728,3,4.59206422886993e-11,2.8421709430404007e-12,0.0,6.127210419873444e-11,1.055999361026801e-11
177300.0,1.2,0.15763198961121047,0.15763198961121047,0.053119772659694926,0.12430209914241636,3,4.581673929138219e-11,3.0127011996228248e-12,0.0,6.122360100466196e-11,1.0552821928528873e-11
177360.0,1.2,0.15759569579799898,0.15759569579799898,0.05311731871906881,0.12427705635122956,3,4.5713120788715145e-11,2.8421709430404007e-12,0.0,6.117507481830365e-11,1.0545657661779024e-11
177420.0,1.2,0.1575594317500884,0.1575594317500884,0.05311486775747649,0.1242520331781274,3,4.5609765964016447e-11,3.524291969370097e-12,0.0,6.112666224998026e-11,1.0538500800494302e-11
177480.0,1.2000000000000002,0.15752319742942314,0.15752319742942314,0.053112419770066664,0.12422702959929918,3,4.550670257286171e-11,4.490630090003833e-12,0.0,6.107836409632629e-11,1.053135133430476e-11
177540.0,1.2000000000000002,0.15748699279801232,0.15748699279801232,0.053109974751997885,0.12420204559097302,3,4.540390285967533e-11,3.694822225952521e-12,0.0,6.103004523208148e-11,1.0524209253792117e-11
177600.0,1.2,0.15745081781793038,0.15745081781793038,0.05310753269843881,0.1241770811294157,3,4.5301394580032905e-11,2.2168933355715126e-12,0.0,6.098178768666931e-11,1.0517074548971891e-11
177660.0,1.2,0.15741467245131582,0.15741467245131582,0.05310509360456809,0.1241521361909326,3,4.519914303946493e-11,2.7853275241795927e-12,0.0,6.093358469674345e-11,1.0509947210139185e-11
177720.0,1.2,0.15737855666037232,0.15737855666037232,0.053102657465574306,0.1241272107518677,3,4.509718987133482e-11,2.9558577807620168e-12,0.0,6.088548186253437e-11,1.050282722736866e-11
177780.0,1.1999999999999997,0.15734247040736773,0.15734247040736773,0.05310022427665579,0.12410230478860332,3,4.499551425896087e-11,2.5011104298755527e-12,0.0,6.083729468989e-11,1.0495714590936392e-11
177840.0,1.2000000000000002,0.1573064136546341,0.1573064136546341,0.05309779403302096,0.12407741827756025,3,4.4894088446767455e-11,2.6147972675971687e-12,0.0,6.078947934120432e-11,1.0488609291086201e-11
177900.0,1.2,0.15727038636456783,0.15727038636456783,0.05309536672988802,0.12405255119519745,3,4.4792933251436295e-11,3.296918293926865e-12,0.0,6.074150899628896e-11,1.048151131807638e-11
177960.0,1.2000000000000002,0.15723438849962937,0.15723438849962937,0.05309294236248486,0.12402770351801222,3,4.469208336743691e-11,3.126388037344441e-12,0.0,6.069361490826753e-11,1.0474420662159847e-11
178020.0,1.2,0.15719842002234305,0.15719842002234305,0.05309052092604936,0.12400287522253993,3,4.459148328361806e-11,2.7853275241795927e-12,0.0,6.064582191193429e-11,1.0467337313587865e-11
178080.0,1.2,0.15716248089529694,0.15716248089529694,0.053088102415829036,0.12397806628535396,3,4.4491132999979754e-11,5.4569682106375694e-12,0.0,6.059804233556755e-11,1.0460261262677457e-11
178140.0,1.2,0.15712657108114286,0.15712657108114286,0.0530856868270813,0.12395327668306576,3,4.439108802767322e-11,3.808509063674137e-12,0.0,6.055033495054836e-11,1.0453192499791141e-11
178200.0,1.2,0.15709069054259603,0.15709069054259603,0.05308327415507314,0.12392850639232461,3,4.4291292855547226e-11,3.922195901395753e-12,0.0,6.050271658615082e-11,1.0446131015118144e-11
178260.0,1.2,0.15705483924243493,0.15705483924243493,0.053080864395081355,0.12390375538981763,3,4.419178217807129e-11,2.7284841053187847e-12,0.0,6.045516223923289e-11,1.0439076799214542e-11
178320.0,1.2,0.15701901714350142,0.15701901714350142,0.05307845754239251,0.12387902365226972,3,4.409250742298809e-11,3.069544618483633e-12,0.0,6.040760506470722e-11,1.0432029842348143e-11
178380.0,1.2,0.15698322420870067,0.15698322420870067,0.053076053592302594,0.12385431115644338,3,4.399353797923666e-11,4.320099833421409e-12,0.0,6.036012441431438e-11,1.0424990134740432e-11
178440.0,1.2000000000000002,0.15694746040100024,0.15694746040100024,0.053073652540117394,0.12382961787913875,3,4.389480445787797e-11,2.7853275241795927e-12,0.0,6.031278133287184e-11,1.0417957666955758e-11
178500.0,1.2,0.15691172568343115,0.15691172568343115,0.053071254381152295,0.12380494379719344,3,4.3796341553381524e-11,3.410605131648481e-12,0.0,6.026535964253664e-11,1.0410932429225533e-11
178560.0,1.2000000000000002,0.15687602001908674,0.15687602001908674,0.053068859110732114,0.12378028888748253,3,4.369814232685343e-11,3.0127011996228248e-12,0.0,6.02181893560271e-11,1.0403914412167047e-11
178620.0,1.2,0.1568403433711232,0.1568403433711232,0.053066466724191456,0.12375565312691847,3,4.3600213717187586e-11,2.3874235921539366e-12,0.0,6.017080572987024e-11,1.0396903606186659e-11
178680.0,1.2000000000000002,0.15680469570275904,0.15680469570275904,0.053064077216874235,0.12373103649245092,3,4.350254878549009e-11,3.296918293926865e-12,0.0,6.012373719128766e-11,1.0389900001595188e-11
178740.0,1.1999999999999997,0.15676907697727496,0.15676907697727496,0.05306169058413411,0.12370643896106681,3,4.340513365397314e-11,3.183231456205249e-12,0.0,6.007648210153351e-11,1.0382903588973944e-11
178800.0,1.2,0.15673348715801405,0.15673348715801405,0.053059306821334036,0.1236818605097902,3,4.330798220042453e-11,3.467448550509289e-12,0.0,6.002946139998367e-11,1.0375914358562608e-11
178860.0,1.2,0.1566979262083814,0.1566979262083814,0.05305692592384651,0.12365730111568218,3,4.3211094424844276e-11,4.035882739117369e-12,0.0,5.998251289676939e-11,1.0368932301109165e-11
178920.0,1.2000000000000002,0.15666239409184396,0.15666239409184396,0.053054547887053466,0.12363276075584084,3,4.311445644944456e-11,3.467448550509289e-12,0.0,5.9935573549346e-11,1.0361957407086149e-11
178980.0,1.2,0.15662689077193065,0.15662689077193065,0.05305217270634623,0.12360823940740112,3,4.301808215201319e-11,2.8990143619012088e-12,0.0,5.988863238397814e-11,1.035498966691398e-11
179040.0,1.2,0.15659141621223188,0.15659141621223188,0.05304980037712548,0.12358373704753484,3,4.292196459365627e-11,3.524291969370097e-12,0.0,5.984184810859388e-11,1.0348029071202093e-11
179100.0,1.2,0.15655597037639954,0.15655597037639954,0.053047430894801344,0.12355925365345058,3,4.2826110713267695e-11,3.751665644813329e-12,0.0,5.979517272607124e-11,1.0341075610486298e-11
179160.0,1.2,0.15652055322814726,0.15652055322814726,0.05304506425479334,0.12353478920239354,3,4.273049969416576e-11,4.035882739117369e-12,0.0,5.974837500573301e-11,1.03341292753082e-11
179220.0,1.2,0.15648516473124946,0.15648516473124946,0.0530427004525302,0.1235103436716456,3,4.2635166230819976e-11,3.240074875066057e-12,0.0,5.970169920647016e-11,1.03271900562276e-11
179280.0,1.2000000000000002,0.15644980484954238,0.15644980484954238,0.053040339483449946,0.1234859170385251,3,4.254007562876083e-11,3.183231456205249e-12,0.0,5.965515926239822e-11,1.0320257943886604e-11
179340.0,1.2000000000000002,0.15641447354692264,0.15641447354692264,0.053037981343,0.12346150928038688,3,4.2445227887988324e-11,3.183231456205249e-12,0.0,5.960860941312298e-11,1.0313332928946755e-11
179400.0,1.2,0.15637917078734817,0.15637917078734817,0.05303562602663693,0.12343712037462215,3,4.235065076407807e-11,3.467448550509289e-12,0.0,5.956209700545687e-11,1.0306415001773468e-11
179460.0,1.2,0.15634389653483752,0.15634389653483752,0.05303327352982647,0.12341275029865839,3,4.225628180698493e-11,3.410605131648481e-12,0.0,5.951565075254625e-11,1.0299504153242528e-11
179520.0,1.2,0.15630865075346984,0.15630865075346984,0.053030923848043726,0.12338839902995938,3,4.216221122232966e-11,3.069544618483633e-12,0.0,5.946930435613803e-11,1.0292600373977427e-11
179580.0,1.1999999999999997,0.15627343340738503,0.15627343340738503,0.05302857697677284,0.12336406654602497,3,4.206836962117322e-11,2.9558577807620168e-12,0.0,5.942281400118646e-11,1.0285703654538382e-11
179640.0,1.2000000000000002,0.1562382444607832,0.1562382444607832,0.053026232911507216,0.12333975282439125,3,4.197478475909122e-11,3.694822225952521e-12,0.0,5.937676431872559e-11,1.0278813985737897e-11
179700.0,1.2,0.15620308387792456,0.15620308387792456,0.05302389164774929,0.1233154578426301,3,4.1881449697189765e-11,3.751665644813329e-12,0.0,5.933049772256187e-11,1.0271931358106408e-11
179760.0,1.2000000000000002,0.1561679516231299,0.1561679516231299,0.05302155318101072,0.12329118157834953,3,4.178835055768104e-11,5.115907697472721e-12,0.0,5.928437329410209e-11,1.0265055762423333e-11
179820.0,1.2,0.1561328476607798,0.1561328476607798,0.05301921750681214,0.12326692400919334,3,4.1695508157246763e-11,5.4001247917767614e-12,0.0,5.923828431841807e-11,1.0258187189604161e-11
179880.0,1.2,0.15609777195531466,0.15609777195531466,0.05301688462068343,0.12324268511284113,3,4.1602915556993025e-11,3.637978807091713e-12,0.0,5.919222312795582e-11,1.0251325630077999e-11
179940.0,1.2,0.15606272447123481,0.15606272447123481,0.0530145545181634,0.12321846486700821,3,4.151057275691983e-11,3.296918293926865e-12,0.0,5.914628093757585e-11,1.0244471074812448e-11
180000.0,1.2,0.15602770517310013,0.15602770517310013,0.05301222719479984,0.12319426324944555,3,4.1418465879239363e-11,3.865352482534945e-12,0.0,5.91003419870969e-11,1.0237623514436793e-11
180060.0,1.2,0.1559927140255299,0.1559927140255299,0.05300990264614956,0.12317008023793971,3,4.132658798505773e-11,2.8990143619012088e-12,0.0,5.905453062116739e-11,1.0230782939794143e-11
180120.0,1.2,0.15595775099320316,0.15595775099320316,0.0530075808677784,0.12314591581031276,3,4.1234966829950537e-11,3.467448550509289e-12,0.0,5.900867011779781e-11,1.0223949341653991e-11
180180.0,1.2,0.15592281604085784,0.15592281604085784,0.053005261855261165,0.12312176994442214,3,4.1143609352811694e-11,3.183231456205249e-12,0.0,5.896291794274242e-11,1.021712271084125e-11
180240.0,1.2000000000000002,0.15588790913329137,0.15588790913329137,0.053002945604181485,0.12309764261816078,3,4.105246004248997e-11,3.808509063674137e-12,0.0,5.89172480429618e-11,1.0210303038110107e-11
180300.0,1.2,0.1558530302353599,0.1558530302353599,0.05300063211013207,0.12307353380945678,3,4.096157441013659e-11,5.229594535194337e-12,0.0,5.887156861575459e-11,1.020349031445174e-11
180360.0,1.2000000000000002,0.1558181793119788,0.1558181793119788,0.0529983213687143,0.1230494434962735,3,4.0870917761282044e-11,4.888534022029489e-12,0.0,5.882609836227492e-11,1.0196684530519833e-11
180420.0,1.2,0.15578335632812193,0.15578335632812193,0.052996013375538616,0.12302537165660948,3,4.0780510912608037e-11,3.0127011996228248e-12,0.0,5.878042552943096e-11,1.0189885677404412e-11
180480.0,1.2000000000000002,0.155748561248822,0.155748561248822,0.05299370812622423,0.12300131826849829,3,4.069033998632676e-11,3.069544618483633e-12,0.0,5.873503714909718e-11,1.0183093745756268e-11
180540.0,1.1999999999999997,0.15571379403917018,0.15571379403917018,0.052991405616399145,0.12297728331000853,3,4.060041886022603e-11,3.524291969370097e-12,0.0,5.868948377627439e-11,1.0176308726593872e-11
180600.0,1.2,0.15567905466431617,0.15567905466431617,0.052989105841700246,0.12295326675924373,3,4.051069896204851e-11,3.183231456205249e-12,0.0,5.864421480810441e-11,1.0169530610829406e-11
180660.0,1.2,0.15564434308946795,0.15564434308946795,0.05298680879777306,0.12292926859434226,3,4.0421221925157624e-11,3.524291969370097e-12,0.0,5.859888426741543e-11,1.0162759389252627e-11
180720.0,1.2000000000000002,0.15560965927989143,0.15560965927989143,0.05298451448027206,0.1229052887934774,3,4.033200856623509e-11,2.8990143619012088e-12,0.0,5.855364505424234e-11,1.0155995053039999e-11
180780.0,1.2,0.15557500320091092,0.15557500320091092,0.05298222288486032,0.12288132733485702,3,4.024301725191748e-11,3.410605131648481e-12,0.0,5.85083723053408e-11,1.0149237592935371e-11
180840.0,1.2,0.15554037481790842,0.15554037481790842,0.052979934007209656,0.12285738419672368,3,4.01542549210987e-11,2.7853275241795927e-12,0.0,5.846329875889494e-11,1.0142486999905105e-11
180900.0,1.2,0.15550577409632402,0.15550577409632402,0.052977647843000485,0.12283345935735458,3,4.006572851267265e-11,2.8421709430404007e-12,0.0,5.841828527555537e-11,1.0135743265013994e-11
180960.0,1.2,0.15547120100165535,0.15547120100165535,0.05297536438792219,0.12280955279506138,3,3.997744496553324e-11,3.581135388230905e-12,0.0,5.837312691442995e-11,1.0129006379292092e-11
181020.0,1.2,0.15543665549945757,0.15543665549945757,0.05297308363767248,0.12278566448819025,3,3.988938346299875e-11,3.126388037344441e-12,0.0,5.832816433205304e-11,1.012227633358251e-11
181080.0,1.2000000000000002,0.1554021375553435,0.1554021375553435,0.05297080558795783,0.12276179441512171,3,3.98015648217509e-11,2.7853275241795927e-12,0.0,5.828329581776712e-11,1.0115553119026558e-11
181140.0,1.2000000000000002,0.15536764713498302,0.15536764713498302,0.052968530234493355,0.12273794255427053,3,3.9713982102895784e-11,2.8990143619012088e-12,0.0,5.823842426771511e-11,1.0108836726664628e-11
181200.0,1.2,0.15533318420410352,0.15533318420410352,0.05296625757300269,0.12271410888408582,3,3.962660061196388e-11,3.296918293926865e-12,0.0,5.8193574765507205e-11,1.0102127147498235e-11
181260.0,1.2,0.15529874872848934,0.15529874872848934,0.05296398759921796,0.12269029338305078,3,3.953946892121252e-11,4.547473508864641e-12,0.0,5.814877692299172e-11,1.0095424372445765e-11
181320.0,1.2,0.1552643406739819,0.1552643406739819,0.05296172030888007,0.12266649602968277,3,3.945256621395998e-11,3.353761712787673e-12,0.0,5.810406503886203e-11,1.0088728392883446e-11
181380.0,1.1999999999999997,0.15522996000647948,0.15522996000647948,0.052959455697738196,0.12264271680253316,3,3.936589249020628e-11,2.6147972675971687e-12,0.0,5.805926605454613e-11,1.0082039199670104e-11
181440.0,1.2000000000000002,0.155195606691937,0.155195606691937,0.05295719376155018,0.12261895568018731,3,3.92794408110575e-11,3.751665644813329e-12,0.0,5.801484681627631e-11,1.007535678391148e-11
181500.0,1.2,0.15516128069636595,0.15516128069636595,0.05295493449608227,0.12259521264126448,3,3.919321117651364e-11,2.6147972675971687e-12,0.0,5.797026691936156e-11,1.0068681136800996e-11
181560.0,1.2000000000000002,0.15512698198583494,0.15512698198583494,0.052952677897109224,0.12257148766441771,3,3.9107210525468616e-11,3.467448550509289e-12,0.0,5.792576694297e-11,1.0062012249604865e-11
181620.0,1.2,0.15509271052646817,0.15509271052646817,0.05295042396041419,0.12254778072833386,3,3.9021431919028515e-11,2.9558577807620168e-12,0.0,5.788130959308799e-11,1.0055350113049565e-11
181680.0,1.2,0.15505846628444675,0.15505846628444675,0.05294817268178872,0.12252409181173345,3,3.893588923498115e-11,3.069544618483633e-12,0.0,5.783693264907905e-11,1.0048694718735492e-11
181740.0,1.2,0.15502424922600755,0.15502424922600755,0.052945924057032814,0.12250042089337071,3,3.8850568595538704e-11,2.1600499167107046e-12,0.0,5.779258428226769e-11,1.0042046057602948e-11
181800.0,1.2,0.15499005931744392,0.15499005931744392,0.052943678081954854,0.12247676795203329,3,3.8765470000701185e-11,3.069544618483633e-12,0.0,5.7748311241672805e-11,1.0035404120937587e-11
181860.0,1.2,0.15495589652510472,0.15495589652510472,0.052941434752371556,0.12245313296654252,3,3.86806073282564e-11,2.8990143619012088e-12,0.0,5.7704164728318485e-11,1.0028768899692948e-11
181920.0,1.2,0.15492176081539494,0.15492176081539494,0.05293919406410797,0.12242951591575296,3,3.859593200594702e-11,3.183231456205249e-12,0.0,5.7659894512154965e-11,1.0022140385407386e-11
181980.0,1.2,0.15488765215477523,0.15488765215477523,0.05293695601299743,0.1224059167785527,3,3.851150648381818e-11,3.069544618483633e-12,0.0,5.761579593980667e-11,1.0015518569066701e-11
182040.0,1.2000000000000002,0.1548535705097618,0.1548535705097618,0.05293472059488156,0.12238233553386303,3,3.842729606740036e-11,2.9558577807620168e-12,0.0,5.7571745266324505e-11,1.0008903441988806e-11
182100.0,1.2,0.15481951584692655,0.15481951584692655,0.05293248780561026,0.12235877216063852,3,3.8343314634481374e-11,3.581135388230905e-12,0.0,5.7527693744750604e-11,1.0002294995467623e-11
182160.0,1.2000000000000002,0.15478548813289625,0.15478548813289625,0.052930257641041846,0.12233522663786683,3,3.8259527490591694e-11,3.581135388230905e-12,0.0,5.74838324036727e-11,9.99569322076275e-12
182220.0,1.2,0.15475148733435343,0.15475148733435343,0.052928030097042666,0.12231169894456884,3,3.817598320798865e-11,4.376943252282217e-12,0.0,5.74397683362703e-11,9.989098109022113e-12
182280.0,1.2000000000000002,0.15471751341803555,0.15471751341803555,0.052925805169487444,0.12228818905979835,3,3.809262627552101e-11,3.126388037344441e-12,0.0,5.739603072574193e-11,9.9825096517394e-12
182340.0,1.1999999999999997,0.15468356635073527,0.15468356635073527,0.05292358285425893,0.1222646969626422,3,3.8009519143233916e-11,3.183231456205249e-12,0.0,5.735209424161842e-11,9.975927840122508e-12
182400.0,1.2,0.1546496460992998,0.1546496460992998,0.05292136314724817,0.12224122263222006,3,3.7926620177763937e-11,3.637978807091713e-12,0.0,5.7308402655472266e-11,9.969352665416144e-12
182460.0,1.2,0.15461575263063146,0.15461575263063146,0.052919146044354354,0.1222177660476845,3,3.784392244021717e-11,3.126388037344441e-12,0.0,5.7264698220895095e-11,9.962784119048236e-12
182520.0,1.2000000000000002,0.15458188591168745,0.15458188591168745,0.0529169315414847,0.12219432718822085,3,3.776145368616923e-11,3.581135388230905e-12,0.0,5.722105687608469e-11,9.956222192260595e-12
182580.0,1.2,0.15454804590947918,0.15454804590947918,0.05291471963455465,0.1221709060330471,3,3.767919309893841e-11,3.183231456205249e-12,0.0,5.717739424575984e-11,9.949666876428209e-12
182640.0,1.2,0.15451423259107264,0.15451423259107264,0.05291251031948765,0.12214750256141396,3,3.759716149520642e-11,2.9558577807620168e-12,0.0,5.713391256051901e-11,9.943118163082403e-12
182700.0,1.2,0.15448044592358842,0.15448044592358842,0.052910303592215366,0.12212411675260465,3,3.7515317241609836e-11,3.126388037344441e-12,0.0,5.709048904484231e-11,9.936576043538607e-12
182760.0,1.2,0.15444668587420102,0.15444668587420102,0.05290809944867741,0.1221007485859349,3,3.7433729727087695e-11,3.069544618483633e-12,0.0,5.704698162059955e-11,9.93004050900141e-12
182820.0,1.2,0.15441295241013928,0.15441295241013928,0.05290589788482145,0.12207739804075296,3,3.7352322623807055e-11,5.4001247917767614e-12,0.0,5.7003628976804826e-11,9.923511551168815e-12
182880.0,1.2000000000000002,0.15437924549868595,0.15437924549868595,0.0529036988966032,0.12205406509643935,3,3.727112368734353e-11,3.296918293926865e-12,0.0,5.696029762170092e-11,9.916989161228452e-12
182940.0,1.2000000000000002,0.15434556510717798,0.15434556510717798,0.052901502479986304,0.122030749732407,3,3.7190146795484935e-11,3.240074875066057e-12,0.0,5.691699947473547e-11,9.910473330690139e-12
183000.0,1.2,0.15431191120300594,0.15431191120300594,0.052899308630942415,0.12200745192810108,3,3.710937113154955e-11,2.5579538487363607e-12,0.0,5.687372719636799e-11,9.903964051130283e-12
183060.0,1.2,0.15427828375361383,0.15427828375361383,0.05289711734545121,0.12198417166299895,3,3.702879669553738e-11,2.9558577807620168e-12,0.0,5.683057183882866e-11,9.89746131377291e-12
183120.0,1.2,0.1542446827264996,0.1542446827264996,0.05289492861950012,0.12196090891661004,3,3.694847205970575e-11,2.4442670110147446e-12,0.0,5.6787416833231516e-11,9.890965110297826e-12
183180.0,1.1999999999999997,0.15421110808921482,0.15421110808921482,0.052892742449084755,0.12193766366847594,3,3.686830701843391e-11,3.126388037344441e-12,0.0,5.674422055934215e-11,9.884475432202026e-12
183240.0,1.2000000000000002,0.15417755980936396,0.15417755980936396,0.05289055883020843,0.12191443589817014,3,3.67883778995548e-11,2.8990143619012088e-12,0.0,5.670136902045078e-11,9.877992270844782e-12
183300.0,1.2,0.15414403785460498,0.15414403785460498,0.052888377758882436,0.12189122558529815,3,3.670865000859891e-11,3.865352482534945e-12,0.0,5.6658358387807846e-11,9.871515617787197e-12
183360.0,1.2000000000000002,0.1541105421926492,0.1541105421926492,0.052886199231125926,0.12186803270949734,3,3.662913028446013e-11,3.581135388230905e-12,0.0,5.661539488026645e-11,9.865045464627599e-12
183420.0,1.2,0.1540770727912608,0.1540770727912608,0.05288402324296578,0.12184485725043687,3,3.654981178824457e-11,2.7284841053187847e-12,0.0,5.657254767119575e-11,9.858581802768684e-12
183480.0,1.2,0.1540436296182567,0.1540436296182567,0.05288184979043686,0.12182169918781767,3,3.647070145884612e-11,2.5579538487363607e-12,0.0,5.652972548686644e-11,9.852124623929135e-12
183540.0,1.2,0.1540102126415071,0.1540102126415071,0.05287967886958173,0.12179855850137228,3,3.63918131740526e-11,3.296918293926865e-12,0.0,5.648691174745561e-11,9.845673919506273e-12
183600.0,1.2,0.15397682182893474,0.15397682182893474,0.05287751047645072,0.12177543517086502,3,3.631308448381887e-11,4.035882739117369e-12,0.0,5.644423518884224e-11,9.839229681289917e-12
183660.0,1.2,0.1539434571485148,0.1539434571485148,0.05287534460710211,0.12175232917609163,3,3.623458477708397e-11,5.229594535194337e-12,0.0,5.640161702806839e-11,9.832791900735705e-12
183720.0,1.2,0.15391011856827508,0.15391011856827508,0.05287318125760164,0.12172924049687942,3,3.6156300176060086e-11,3.183231456205249e-12,0.0,5.635893540462151e-11,9.82636056938861e-12
183780.0,1.2,0.15387680605629592,0.15387680605629592,0.05287102042402298,0.12170616911308708,3,3.607820292517161e-11,3.183231456205249e-12,0.0,5.631635503019919e-11,9.819935679003296e-12
183840.0,1.2000000000000002,0.15384351958070983,0.15384351958070983,0.05286886210244754,0.12168311500460477,3,3.600031384110025e-11,2.7853275241795927e-12,0.0,5.6273903570168036e-11,9.813517221220276e-12
183900.0,1.2,0.15381025910970142,0.15381025910970142,0.05286670628896439,0.12166007815135388,3,3.59226190460582e-11,3.126388037344441e-12,0.0,5.623137749098115e-11,9.807105187621332e-12
183960.0,1.2000000000000002,0.15377702461150758,0.15377702461150758,0.052864552979670146,0.1216370585332871,3,3.584511160115156e-11,2.7284841053187847e-12,0.0,5.618907139112111e-11,9.80069956982092e-12
184020.0,1.2,0.15374381605441692,0.15374381605441692,0.0528624021706692,0.12161405613038832,3,3.576782620084984e-11,2.7853275241795927e-12,0.0,5.614653108453357e-11,9.794300359482716e-12
184080.0,1.2000000000000002,0.15371063340677052,0.15371063340677052,0.05286025385807347,0.1215910709226725,3,3.5690742028471334e-11,2.5579538487363607e-12,0.0,5.6104318148556846e-11,9.787907548328709e-12
184140.0,1.1999999999999997,0.15367747663696063,0.15367747663696063,0.05285810803800265,0.12156810289018574,3,3.561382438954652e-11,5.286437954055145e-12,0.0,5.606193950392476e-11,9.781521128207447e-12
184200.0,1.2,0.1536443457134313,0.1536443457134313,0.0528559647065839,0.12154515201300514,3,3.5537163489696155e-11,2.3874235921539366e-12,0.0,5.601980015160599e-11,9.775141090467862e-12
184260.0,1.2,0.15361124060467835,0.15361124060467835,0.05285382385995206,0.12152221827123866,3,3.546064830661777e-11,3.581135388230905e-12,0.0,5.5977626852536034e-11,9.768767427191768e-12
184320.0,1.2000000000000002,0.1535781612792487,0.1535781612792487,0.052851685494249546,0.12149930164502527,3,3.538435516814431e-11,3.865352482534945e-12,0.0,5.593550333846283e-11,9.762400130070135e-12
184380.0,1.2,0.153545107705741,0.153545107705741,0.0528495496056263,0.1214764021145347,3,3.5308263257594064e-11,2.7853275241795927e-12,0.0,5.5893399714840804e-11,9.756039190660758e-12
184440.0,1.2,0.15351207985280493,0.15351207985280493,0.05284741619023969,0.12145351965996748,3,3.52323240027097e-11,3.410605131648481e-12,0.0,5.5851431217326066e-11,9.749684600851477e-12
184500.0,1.2,0.1534790776891414,0.1534790776891414,0.05284528524425468,0.12143065426155483,3,3.515661373132417e-11,3.751665644813329e-12,0.0,5.580950537046132e-11,9.743336352255507e-12
184560.0,1.2,0.1534461011835024,0.1534461011835024,0.0528431567638437,0.1214078058995586,3,3.5081090810074045e-11,4.831690603168681e-12,0.0,5.576751016388017e-11,9.736994436820246e-12
184620.0,1.2,0.1534131503046907,0.1534131503046907,0.05284103074518664,0.12138497455427127,3,3.5005776055641036e-11,5.172751116333529e-12,0.0,5.572566695566734e-11,9.730658846405822e-12
184680.0,1.2000000000000002,0.15338022502155996,0.15338022502155996,0.05283890718447092,0.12136216020601578,3,3.493064865134343e-11,2.6716406864579767e-12,0.0,5.568391878306889e-11,9.724329572641167e-12
184740.0,1.2000000000000002,0.15334732530301468,0.15334732530301468,0.052836786077891384,0.1213393628351456,3,3.485571553607514e-11,3.467448550509289e-12,0.0,5.564211852006176e-11,9.718006607352911e-12
184800.0,1.2,0.1533144511180099,0.1533144511180099,0.052834667421650224,0.12131658242204457,3,3.4780962832048345e-11,3.467448550509289e-12,0.0,5.560035825416216e-11,9.711689942579853e-12
184860.0,1.2,0.15328160243555136,0.15328160243555136,0.05283255121195701,0.1212938189471269,3,3.470638360036915e-11,2.8421709430404007e-12,0.0,5.5558663421345975e-11,9.705379569964574e-12
184920.0,1.2,0.153248779224695,0.153248779224695,0.052830437445028855,0.12127107239083713,3,3.4632033352188785e-11,2.9558577807620168e-12,0.0,5.5517039944279333e-11,9.699075481403185e-12
184980.0,1.1999999999999997,0.15321598145454696,0.15321598145454696,0.05282832611709014,0.12124834273364996,3,3.455784963746211e-11,3.922195901395753e-12,0.0,5.547535645746948e-11,9.692777668888992e-12
185040.0,1.2000000000000002,0.1531832090942642,0.1531832090942642,0.052826217224372564,0.12122562995607031,3,3.448387408955256e-11,3.126388037344441e-12,0.0,5.5434003130761693e-11,9.686486124184103e-12
185100.0,1.2,0.15315046211305325,0.15315046211305325,0.052824110763115245,0.12120293403863318,3,3.441008589177841e-11,3.410605131648481e-12,0.0,5.539247999131216e-11,9.68020083917429e-12
185160.0,1.2000000000000002,0.15311774048017068,0.15311774048017068,0.05282200672956453,0.12118025496190363,3,3.433646422745795e-11,3.524291969370097e-12,0.0,5.5351020320041364e-11,9.673921805911174e-12
185220.0,1.2,0.1530850441649234,0.1530850441649234,0.05281990511997418,0.12115759270647676,3,3.426304379106071e-11,3.126388037344441e-12,0.0,5.530964958490069e-11,9.667649016264811e-12
185280.0,1.2,0.15305237313666772,0.15305237313666772,0.052817805930605095,0.12113494725297755,3,3.418982458258668e-11,5.4569682106375694e-12,0.0,5.526832649049286e-11,9.661382462039908e-12
185340.0,1.2,0.1530197273648098,0.1530197273648098,0.052815709157725495,0.1211123185820609,3,3.4116771907566346e-11,5.4001247917767614e-12,0.0,5.522706068452314e-11,9.655122135208678e-12
185400.0,1.2,0.15298710681880565,0.15298710681880565,0.052813614797610924,0.1210897066744115,3,3.4043920460469224e-11,3.694822225952521e-12,0.0,5.5185818675732316e-11,9.648868027944752e-12
185460.0,1.2,0.15295451146816047,0.15295451146816047,0.052811522846543967,0.12106711151074381,3,3.397125636350751e-11,3.637978807091713e-12,0.0,5.514468836687031e-11,9.642620131888228e-12
185520.0,1.2,0.15292194128242906,0.15292194128242906,0.052809433300814564,0.12104453307180207,3,3.389877267778729e-11,3.0127011996228248e-12,0.0,5.510350276877971e-11,9.636378439356254e-12
185580.0,1.2,0.15288939623121536,0.15288939623121536,0.05280734615671995,0.12102197133836005,3,3.382645552552077e-11,3.0127011996228248e-12,0.0,5.506240465500476e-11,9.630142942132857e-12
185640.0,1.2000000000000002,0.15285687628417288,0.15285687628417288,0.05280526141056431,0.1209994262912212,3,3.3754360417859175e-11,3.069544618483633e-12,0.0,5.502139933834786e-11,9.623913632246911e-12
185700.0,1.2,0.15282438141100388,0.15282438141100388,0.05280317905865907,0.1209768979112184,3,3.368241102696956e-11,5.286437954055145e-12,0.0,5.4980331281960555e-11,9.617690501788503e-12
185760.0,1.2000000000000002,0.1527919115814599,0.1527919115814599,0.05280109909732279,0.1209543861792142,3,3.361066286400316e-11,2.7853275241795927e-12,0.0,5.4939519341443206e-11,9.611473542751764e-12
185820.0,1.2,0.1527594667653414,0.1527594667653414,0.05279902152288122,0.12093189107610036,3,3.3539122867853877e-11,3.296918293926865e-12,0.0,5.489848621669465e-11,9.605262747247046e-12
185880.0,1.2000000000000002,0.15272704693249745,0.15272704693249745,0.05279694633166727,0.12090941258279812,3,3.346770083290096e-11,3.353761712787673e-12,0.0,5.485772311694407e-11,9.59905810727179e-12
185940.0,1.1999999999999997,0.1526946520528259,0.1526946520528259,0.052794873520020776,0.120886950680258,3,3.3396514720340775e-11,2.8421709430404007e-12,0.0,5.4816807318328926e-11,9.592859614820956e-12
186000.0,1.2,0.1526622820962736,0.1526622820962736,0.05279280308428878,0.12086450534945975,3,3.3325495141234285e-11,3.979039320256561e-12,0.0,5.477611991473647e-11,9.586667262088853e-12
186060.0,1.2,0.15262993703283553,0.15262993703283553,0.05279073502082522,0.12084207657141237,3,3.3254669851157104e-11,3.0127011996228248e-12,0.0,5.473541041141915e-11,9.580481041118419e-12
186120.0,1.2000000000000002,0.1525976168325553,0.1525976168325553,0.05278866932599129,0.12081966432715391,3,3.318399721674581e-11,3.183231456205249e-12,0.0,5.469478510232975e-11,9.57430094402662e-12
186180.0,1.2,0.1525653214655246,0.1525653214655246,0.05278660599615508,0.12079726859775156,3,3.311351887136382e-11,2.9558577807620168e-12,0.0,5.465411867826109e-11,9.568126962877488e-12
186240.0,1.2,0.15253305090188382,0.15253305090188382,0.052784545027691684,0.12077488936430152,3,3.304322093722334e-11,2.8990143619012088e-12,0.0,5.461359543981821e-11,9.56195908995963e-12
186300.0,1.2,0.1525008051118212,0.1525008051118212,0.05278248641698321,0.12075252660792897,3,3.297308953653655e-11,3.0127011996228248e-12,0.0,5.457314461168089e-11,9.55579731719232e-12
186360.0,1.2,0.15246858406557304,0.15246858406557304,0.05278043016041875,0.120730180309788,3,3.2903145485985164e-11,3.183231456205249e-12,0.0,5.4532605030160804e-11,9.549641636886086e-12
186420.0,1.2,0.15243638773342374,0.15243638773342374,0.05277837625439445,0.1207078504510615,3,3.283338184667528e-11,3.637978807091713e-12,0.0,5.449217221968482e-11,9.543492041159137e-12
186480.0,1.2000000000000002,0.15240421608570537,0.15240421608570537,0.05277632469531322,0.12068553701296128,3,3.2763791679712995e-11,2.8990143619012088e-12,0.0,5.4451857085802136e-11,9.537348522256242e-12
186540.0,1.2000000000000002,0.15237206909279782,0.15237206909279782,0.05277427547958512,0.12066323997672779,3,3.2694374985098307e-11,2.9558577807620168e-12,0.0,5.441153317030537e-11,9.531211072280722e-12
186600.0,1.2,0.1523399467251288,0.1523399467251288,0.0527722286036268,0.12064095932363017,3,3.2625131762831217e-11,2.4442670110147446e-12,0.0,5.4371195184744315e-11,9.525079683469899e-12
186660.0,1.2,0.15230784895317342,0.15230784895317342,0.052770184063862066,0.12061869503496625,3,3.2556082829593436e-11,3.694822225952521e-12,0.0,5.433095929015857e-11,9.518954347954804e-12
186720.0,1.2,0.1522757757474544,0.1522757757474544,0.05276814185672148,0.12059644709206246,3,3.248717961312764e-11,2.7853275241795927e-12,0.0,5.42908040818138e-11,9.512835058137371e-12
186780.0,1.1999999999999997,0.15224372707854178,0.15224372707854178,0.05276610197864257,0.12057421547627367,3,3.241847068569115e-11,3.069544618483633e-12,0.0,5.4250523638165466e-11,9.506721806134154e-12
186840.0,1.2000000000000002,0.15221170291705277,0.15221170291705277,0.05276406442606962,0.12055200016898326,3,3.234992135281445e-11,3.353761712787673e-12,0.0,5.421057445046808e-11,9.500614584095209e-12
186900.0,1.2,0.15217970323365207,0.15217970323365207,0.05276202919545375,0.12052980115160306,3,3.228156630896706e-11,3.069544618483633e-12,0.0,5.417052255748474e-11,9.494513384445216e-12
186960.0,1.2000000000000002,0.1521477279990512,0.1521477279990512,0.052759996283252945,0.12050761840557317,3,3.221335698189165e-11,2.2168933355715126e-12,0.0,5.413047882587561e-11,9.488418199380554e-12
187020.0,1.2,0.15211577718400882,0.15211577718400882,0.05275796568593192,0.12048545191236212,3,3.2145328066057743e-11,2.7284841053187847e-12,0.0,5.4090557709061854e-11,9.482329021287851e-12
187080.0,1.2,0.15208385075933062,0.15208385075933062,0.052755937399962274,0.1204633016534666,3,3.207748650035924e-11,2.8421709430404007e-12,0.0,5.405064204608149e-11,9.476245842350665e-12
187140.0,1.2,0.15205194869586883,0.15205194869586883,0.052753911421822224,0.12044116761041153,3,3.2009811468114435e-11,3.183231456205249e-12,0.0,5.4010782904127385e-11,9.470168654928329e-12
187200.0,1.2,0.15202007096452258,0.15202007096452258,0.05275188774799688,0.12041904976474999,3,3.194230296932332e-11,3.183231456205249e-12,0.0,5.397098797002354e-11,9.464097451274295e-12
187260.0,1.2,0.15198821753623767,0.15198821753623767,0.05274986637497807,0.12039694809806306,3,3.1874967942879806e-11,3.637978807091713e-12,0.0,5.393126851735497e-11,9.458032223830201e-12
187320.0,1.2,0.1519563883820063,0.1519563883820063,0.052747847299264204,0.12037486259195998,3,3.1807799449889984e-11,4.774847184307873e-12,0.0,5.389149815228879e-11,9.451972964854878e-12
187380.0,1.2,0.15192458347286728,0.15192458347286728,0.05274583051736053,0.1203527932280779,3,3.174078361256605e-11,2.9558577807620168e-12,0.0,5.385178941691634e-11,9.445919666633625e-12
187440.0,1.2000000000000002,0.15189280277990574,0.15189280277990574,0.0527438160257788,0.12033073998808193,3,3.167397594205923e-11,3.296918293926865e-12,0.0,5.381221126713106e-11,9.43987232169907e-12
187500.0,1.2,0.15186104627425304,0.15186104627425304,0.05274180382103773,0.12030870285366503,3,3.160731398832439e-11,3.0127011996228248e-12,0.0,5.3772601078959825e-11,9.433830922377043e-12
187560.0,1.2000000000000002,0.15182931392708665,0.15182931392708665,0.0527397938996625,0.12028668180654799,3,3.154081856804325e-11,2.8990143619012088e-12,0.0,5.373317614621152e-11,9.427795460978075e-12
187620.0,1.2,0.15179760570963027,0.15179760570963027,0.05273778625818491,0.12026467682847937,3,3.1474482742321896e-11,2.9558577807620168e-12,0.0,5.369349848403098e-11,9.421765929948765e-12
187680.0,1.2000000000000002,0.15176592159315347,0.15176592159315347,0.05273578089314345,0.12024268790123546,3,3.140833426673595e-11,2.7284841053187847e-12,0.0,5.365414540318176e-11,9.41574232175019e-12
187740.0,1.1999999999999997,0.15173426154897166,0.15173426154897166,0.05273377780108325,0.12022071500662021,3,3.1342331507921983e-11,3.126388037344441e-12,0.0,5.361466250203964e-11,9.409724628855833e-12
187800.0,1.2,0.15170262554844635,0.15170262554844635,0.052731776978556064,0.1201987581264651,3,3.1276516099243423e-11,2.7853275241795927e-12,0.0,5.3575351828530205e-11,9.403712843531555e-12
187860.0,1.2,0.15167101356298437,0.15167101356298437,0.05272977842212001,0.12017681724262934,3,3.121083946844294e-11,2.5579538487363607e-12,0.0,5.353604824934522e-11,9.39770695822892e-12
187920.0,1.2000000000000002,0.1516394255640386,0.1516394255640386,0.05272778212833998,0.12015489233699947,3,3.114534324888396e-11,3.240074875066057e-12,0.0,5.349677847122175e-11,9.391706965595532e-12
187980.0,1.2,0.15160786152310698,0.15160786152310698,0.05272578809378735,0.12013298339148959,3,3.108002744056648e-11,2.8421709430404007e-12,0.0,5.345752560622865e-11,9.38571285788774e-12
188040.0,1.2,0.15157632141173355,0.15157632141173355,0.052723796315039984,0.12011109038804114,3,3.101485041012708e-11,3.0127011996228248e-12,0.0,5.3418370339548113e-11,9.379724627739502e-12
188100.0,1.2,0.1515448052015071,0.1515448052015071,0.05272180678868227,0.12008921330862296,3,3.094983297424747e-11,4.774847184307873e-12,0.0,5.3379302718543e-11,9.373742267592868e-12
188160.0,1.2,0.15151331286406192,0.15151331286406192,0.05271981951130513,0.12006735213523116,3,3.088499594960936e-11,3.581135388230905e-12,0.0,5.3340175109394013e-11,9.367765769935796e-12
188220.0,1.2,0.15148184437107745,0.15148184437107745,0.05271783447950603,0.12004550684988906,3,3.082029770284933e-11,2.7284841053187847e-12,0.0,5.330112570425595e-11,9.361795127317458e-12
188280.0,1.2000000000000002,0.1514503996942782,0.1514503996942782,0.0527158516898889,0.12002367743464723,3,3.075579374511861e-11,2.6716406864579767e-12,0.0,5.3262178504654396e-11,9.35583033232094e-12
188340.0,1.2000000000000002,0.15141897880543378,0.15141897880543378,0.05271387113906394,0.12000186387158338,3,3.069142162637206e-11,3.467448550509289e-12,0.0,5.322324321814773e-11,9.349871377354789e-12
188400.0,1.2,0.15138758167635863,0.15138758167635863,0.05271189282364804,0.11998006614280221,3,3.0627229918867016e-11,2.6147972675971687e-12,0.0,5.318428016166589e-11,9.343918254930541e-12
188460.0,1.2,0.15135620827891197,0.15135620827891197,0.052709916740264304,0.11995828423043561,3,3.056321168370957e-11,3.467448550509289e-12,0.0,5.314541768187621e-11,9.337970957792995e-12
188520.0,1.2,0.15132485858499783,0.15132485858499783,0.05270794288554244,0.11993651811664233,3,3.04993322264302e-11,3.240074875066057e-12,0.0,5.3106599412971206e-11,9.332029478478913e-12
188580.0,1.1999999999999997,0.15129353256656505,0.15129353256656505,0.05270597125611838,0.11991476778360813,3,3.043561236371062e-11,3.467448550509289e-12,0.0,5.3067701723292455e-11,9.326093809429519e-12
188640.0,1.2000000000000002,0.1512622301956066,0.1512622301956066,0.05270400184863457,0.11989303321354561,3,3.037205209555083e-11,3.0127011996228248e-12,0.0,5.302914561447276e-11,9.320163943380099e-12
188700.0,1.2,0.15123095144416032,0.15123095144416032,0.05270203465973975,0.11987131438869422,3,3.030865142195083e-11,3.637978807091713e-12,0.0,5.299043782195749e-11,9.31423987283226e-12
188760.0,1.2000000000000002,0.15119969628430802,0.15119969628430802,0.052700069686089056,0.11984961129132018,3,3.024541034291062e-11,3.126388037344441e-12,0.0,5.29517943613828e-11,9.30832159042782e-12
188820.0,1.2,0.15116846468817632,0.15116846468817632,0.052698106924343825,0.11982792390371647,3,3.01823357973241e-11,3.183231456205249e-12,0.0,5.291319926300127e-11,9.302409088885104e-12
188880.0,1.2,0.15113725662793576,0.15113725662793576,0.052696146371171995,0.11980625220820273,3,3.011942778519128e-11,3.0127011996228248e-12,0.0,5.287464007966373e-11,9.296502360789681e-12
188940.0,1.2,0.15110607207580076,0.15110607207580076,0.052694188023247525,0.11978459618712521,3,3.005663773425482e-11,3.865352482534945e-12,0.0,5.283613110272184e-11,9.29060139875276e-12
189000.0,1.2,0.1510749110040303,0.1510749110040303,0.05269223187725088,0.1197629558228568,3,2.9994041972347674e-11,2.8421709430404007e-12,0.0,5.27976900959388e-11,9.284706195576628e-12
189060.0,1.2,0.151043773384927,0.151043773384927,0.052690277929868676,0.11974133109779686,3,2.993159886610641e-11,3.581135388230905e-12,0.0,5.275933809791895e-11,9.278816743770751e-12
189120.0,1.2,0.15101265919083737,0.15101265919083737,0.05268832617779387,0.11971972199437124,3,2.986928065995542e-11,3.296918293926865e-12,0.0,5.27209113077369e-11,9.272933036019545e-12
189180.0,1.2,0.15098156839415164,0.15098156839415164,0.05268637661772554,0.11969812849503221,3,2.980713592615203e-11,3.751665644813329e-12,0.0,5.268255505401177e-11,9.267055065048369e-12
189240.0,1.2000000000000002,0.1509505009673038,0.1509505009673038,0.05268442924636907,0.11967655058225848,3,2.974514384801452e-11,4.376943252282217e-12,0.0,5.2644347451392506e-11,9.261182823573898e-12
189300.0,1.2,0.1509194568827716,0.1509194568827716,0.05268248406043621,0.11965498823855503,3,2.968332524222461e-11,3.467448550509289e-12,0.0,5.260601707177106e-11,9.255316304484446e-12
189360.0,1.2000000000000002,0.15088843611307598,0.15088843611307598,0.05268054105664474,0.11963344144645315,3,2.962163153652497e-11,2.8990143619012088e-12,0.0,5.256793097729863e-11,9.249455500251844e-12
189420.0,1.2,0.1508574386307814,0.1508574386307814,0.05267860023171873,0.11961191018851033,3,2.956011130317293e-11,2.7853275241795927e-12,0.0,5.2529659611944923e-11,9.243600403841746e-12
189480.0,1.2000000000000002,0.15082646440849573,0.15082646440849573,0.052676661582388366,0.11959039444731023,3,2.949873678659287e-11,2.8421709430404007e-12,0.0,5.249162372217407e-11,9.23775100775328e-12
189540.0,1.1999999999999997,0.15079551341887032,0.15079551341887032,0.05267472510538997,0.11956889420546274,3,2.94375218645726e-11,2.7284841053187847e-12,0.0,5.24534473373776e-11,9.231907304959958e-12
189600.0,1.2,0.1507645856345994,0.1507645856345994,0.05267279079746611,0.11954740944560369,3,2.937644572043041e-11,3.183231456205249e-12,0.0,5.241551074294981e-11,9.226069288081264e-12
189660.0,1.2,0.15073368102842022,0.15073368102842022,0.052670858655365436,0.11952594015039503,3,2.931552917084801e-11,2.5011104298755527e-12,0.0,5.2377491608761204e-11,9.220236949949262e-12
189720.0,1.2000000000000002,0.15070279957311333,0.15070279957311333,0.05266892867584278,0.11950448630252467,3,2.925474446024978e-11,2.7284841053187847e-12,0.0,5.2339565003392964e-11,9.214410283510584e-12
189780.0,1.2,0.15067194124150188,0.15067194124150188,0.052667000855658966,0.11948304788470648,3,2.9194140160893056e-11,5.4569682106375694e-12,0.0,5.230162684364829e-11,9.20858928138926e-12
189840.0,1.2,0.15064110600645222,0.15064110600645222,0.052665075191581,0.11946162487968019,3,2.913367463941441e-11,3.183231456205249e-12,0.0,5.2263811635182834e-11,9.20277393634746e-12
189900.0,1.2,0.15061029384087318,0.15061029384087318,0.0526631516803819,0.11944021727021137,3,2.9073354834707743e-11,3.922195901395753e-12,0.0,5.222609238729173e-11,9.196964241340913e-12
189960.0,1.2,0.1505795047177165,0.1505795047177165,0.0526612303188407,0.11941882503909136,3,2.901320156345477e-11,2.5579538487363607e-12,0.0,5.218825708424015e-11,9.191160189204996e-12
190020.0,1.2,0.15054873860997614,0.15054873860997614,0.05265931110374276,0.11939744816913729,3,2.8953166253398166e-11,3.0127011996228248e-12,0.0,5.215054413488604e-11,9.185361772884684e-12
190080.0,1.2000000000000002,0.15051799549068887,0.15051799549068887,0.052657394031879266,0.11937608664319196,3,2.889329053790135e-11,2.7853275241795927e-12,0.0,5.211288918336014e-11,9.179568985031719e-12
190140.0,1.2000000000000002,0.1504872753329338,0.1504872753329338,0.052655479100047455,0.11935474044412378,3,2.8833574416964325e-11,5.343281372915953e-12,0.0,5.2075254621611344e-11,9.17378181860183e-12
190200.0,1.2,0.1504565781098323,0.1504565781098323,0.052653566305050505,0.11933340955482681,3,2.8773990135011474e-11,5.002220859751105e-12,0.0,5.203762954599628e-11,9.168000266463065e-12
190260.0,1.2,0.15042590379454812,0.15042590379454812,0.05265165564369774,0.11931209395822064,3,2.8714572386512316e-11,2.4442670110147446e-12,0.0,5.200007691499162e-11,9.162224321610447e-12
190320.0,1.2,0.15039525236028714,0.15039525236028714,0.05264974711280438,0.11929079363725026,3,2.865530035478514e-11,3.353761712787673e-12,0.0,5.196256871658251e-11,9.1564539767652e-12
190380.0,1.1999999999999997,0.15036462378029714,0.15036462378029714,0.05264784070919156,0.11926950857488632,3,2.8596174039829947e-11,3.637978807091713e-12,0.0,5.192500950561415e-11,9.150689225027396e-12
190440.0,1.2000000000000002,0.1503340180278682,0.1503340180278682,0.05264593642968656,0.11924823875412469,3,2.8537179563858928e-11,2.5579538487363607e-12,0.0,5.188775416348046e-11,9.144930059166649e-12
190500.0,1.2,0.1503034350763323,0.1503034350763323,0.052644034271122395,0.11922698415798666,3,2.847833080465989e-11,3.296918293926865e-12,0.0,5.1850313591123067e-11,9.139176472170122e-12
190560.0,1.2000000000000002,0.15027287489906305,0.15027287489906305,0.05264213423033803,0.11920574476951883,3,2.8419627762232835e-11,5.4001247917767614e-12,0.0,5.1812954787303e-11,9.133428456936884e-12
190620.0,1.2,0.1502423374694759,0.1502423374694759,0.052640236304178495,0.11918452057179311,3,2.8361091253259474e-11,3.126388037344441e-12,0.0,5.177568916960086e-11,9.127686006689016e-12
190680.0,1.2,0.15021182276102804,0.15021182276102804,0.05263834048949469,0.1191633115479065,3,2.8302679644376383e-11,3.296918293926865e-12,0.0,5.173841363483698e-11,9.121949114147329e-12
190740.0,1.2,0.15018133074721812,0.15018133074721812,0.05263644678314331,0.11914211768098132,3,2.8244413752265274e-11,3.410605131648481e-12,0.0,5.1701216412292477e-11,9.116217772251009e-12
190800.0,1.2,0.15015086140158662,0.15015086140158662,0.05263455518198691,0.11912093895416488,3,2.818630051582005e-11,4.774847184307873e-12,0.0,5.166404767228962e-11,9.110491974144384e-12
190860.0,1.2,0.15012041469771525,0.15012041469771525,0.05263266568289398,0.11909977535062968,3,2.812833299614681e-11,3.0127011996228248e-12,0.0,5.1627025457763446e-11,9.10477171269881e-12
190920.0,1.2,0.15008999060922704,0.15008999060922704,0.052630778282738856,0.11907862685357312,3,2.8070469559882127e-11,2.6716406864579767e-12,0.0,5.15898709428319e-11,9.09905698093826e-12
190980.0,1.2,0.1500595891097863,0.1500595891097863,0.052628892978401676,0.11905749344621763,3,2.8012800412646754e-11,4.092726157978177e-12,0.0,5.155282602337582e-11,9.093347771942956e-12
191040.0,1.2000000000000002,0.15002921017309856,0.15002921017309856,0.05262700976676845,0.11903637511181064,3,2.7955228409926036e-11,3.410605131648481e-12,0.0,5.151585338589981e-11,9.087644078741418e-12
191097.7336093787,1.2,0.14999999999999525,0.14999999999999525,0.052625199660647944,0.11901606868380521,2,3.313876950628014e-13,1.1368683772161603e-13,0.0,5.934124632598912e-13,9.082161638814613e-12
