time_s,scheme,environment_temperature_c,environment_moisture_kg_kg,picard_iterations,temperature_residual,moisture_residual,temperature_linear_residual,moisture_linear_residual,surface_heat_internal_w_m2,surface_heat_robin_w_m2,surface_heat_boundary_residual_w_m2,surface_moisture_internal_kg_m2_s,surface_moisture_robin_kg_m2_s,surface_moisture_boundary_residual_kg_m2_s,surface_k_w_m_k,surface_D_m2_s,mass_step_residual,heat_step_residual_j,property_min_json,property_max_json,picard_history_json,temperature_min_k,temperature_max_k,moisture_min_kg_kg,moisture_max_kg_kg,center_heat_flux_w_m2,center_moisture_flux_kg_m2_s
43260.0,bdf2,50.165,0.04986,3,1.4944220352189076e-14,2.981128954804291e-10,2.3237589630298316e-10,8.881784197001252e-16,-4.791758689972427e-09,8.93862761586206e-10,-5.685621451558633e-09,9.088410292280793e-08,9.088898283285421e-08,-4.8799100462860285e-12,0.26339114996724056,1.0307736329797291e-09,7.138404018933073e-10,-2.3109462649745584e-11,"{""D"": 1.0307736329797291e-09, ""cp"": 1834.416279764132, ""k"": 0.26339114996724056, ""rho"": 670.9243172532567}","{""D"": 6.001217435195377e-09, ""cp"": 2304.33240079504, ""k"": 0.3286572778882, ""rho"": 708.1157625012885}","[[3.3404727846069677e-15, 3.077335555712324e-06], [2.0042836707641818e-14, 3.364302170183464e-08], [1.4944220352189076e-14, 2.981128954804291e-10]]",323.31500000003376,323.31500000004485,0.16347122854106777,0.4540293945413161,0.0,0.0
43320.0,bdf2,50.165,0.04986,3,2.4614009991840862e-15,2.998185311131607e-10,5.370566213969141e-10,3.3306690738754696e-16,-9.57883408211927e-09,5.272227099339943e-10,-1.0106056792053264e-08,9.05169127244833e-08,9.052176789404982e-08,-4.855169566528938e-12,0.2632622437014033,1.0228145580369577e-09,7.109563025103681e-10,-5.7065933257425094e-12,"{""D"": 1.0228145580369577e-09, ""cp"": 1833.4881546501035, ""k"": 0.2632622437014033, ""rho"": 670.865562863048}","{""D"": 5.991551325327716e-09, ""cp"": 2303.3778435230606, ""k"": 0.32852470048931404, ""rho"": 708.0213951031814}","[[4.39535892711444e-15, 3.0664555789594594e-06], [8.614903497144304e-15, 3.366234255230971e-08], [2.4614009991840862e-15, 2.998185311131607e-10]]",323.315000000021,323.31500000004445,0.1630122098675623,0.4532921492436042,0.0,0.0
43380.0,bdf2,50.165,0.04986,3,7.38420299755224e-15,3.0152866314914206e-10,3.192326403222978e-10,5.551115123125783e-16,-0.0,9.2228447101661e-10,-9.2228447101661e-10,9.015136133871508e-08,9.015619180682969e-08,-4.830468114608985e-12,0.2631338116209204,1.0149079163248365e-09,7.080850746269894e-10,3.121289146806672e-11,"{""D"": 1.0149079163248365e-09, ""cp"": 1832.563443670627, ""k"": 0.2631338116209204, ""rho"": 670.8070706890927}","{""D"": 5.9819036158268645e-09, ""cp"": 2302.425696283387, ""k"": 0.3283924578171371, ""rho"": 707.9273612455744}","[[1.933957927930348e-15, 3.0556203578502306e-06], [3.69210149877612e-15, 3.368130557790394e-08], [7.38420299755224e-15, 3.0152866314914206e-10]]",323.3150000000333,323.31500000004525,0.1625552397585371,0.4525575097310502,0.0,0.0
43440.0,bdf2,50.165,0.04986,3,5.80187378379105e-15,3.0324401323333916e-10,3.865352482534945e-10,6.661338147750939e-16,4.784759666654193e-09,8.128608897095546e-10,3.971898776944638e-09,8.978744363554945e-08,8.979224944148439e-08,-4.805805934934881e-12,0.26300585316012537,1.0070535525437242e-09,7.052266779777105e-10,9.351270533125466e-12,"{""D"": 1.0070535525437242e-09, ""cp"": 1831.6421427529028, ""k"": 0.26300585316012537, ""rho"": 670.7488399106375}","{""D"": 5.97227430712239e-09, ""cp"": 2301.4759539466613, ""k"": 0.3282605491592585, ""rho"": 707.8336595563334}","[[4.57117328419901e-15, 3.044829713916286e-06], [1.9339579279303504e-15, 3.369990816959323e-08], [5.80187378379105e-15, 3.0324401323333916e-10]]",323.3150000000325,323.315000000045,0.1621003118018555,0.45182546528385437,0.0,0.0
43500.0,bdf2,50.165,0.04986,3,8.26327478297515e-15,3.0496416503211776e-10,2.0600054995156825e-10,3.3306690738754696e-16,-0.0,7.87281351222191e-10,-7.87281351222191e-10,8.942515448864293e-08,8.942993567197903e-08,-4.78118333610455e-12,0.26287836774593065,9.992513093984315e-10,7.023810722837585e-10,3.765556300004757e-11,"{""D"": 9.992513093984315e-10, ""cp"": 1830.7242477707007, ""k"": 0.26287836774593065, ""rho"": 670.6908697075166}","{""D"": 5.962663399286639e-09, ""cp"": 2300.5286113747507, ""k"": 0.3281289738020487, ""rho"": 707.740288668791}","[[3.692101498776132e-15, 3.0340834697439867e-06], [7.560017354636844e-15, 3.371814633057468e-08], [8.26327478297515e-15, 3.0496416503211776e-10]]",323.3150000000308,323.31500000004434,0.1616474195899738,0.4510960052249295,0.0,0.0
43560.0,bdf2,50.165,0.04986,3,1.353770549551245e-14,3.066890075231754e-10,5.061338015366346e-10,8.881784197001252e-16,-4.780136788064728e-09,8.412825991399586e-10,-5.621419387204686e-09,8.906448877512676e-08,8.906924537573465e-08,-4.75660060788267e-12,0.26275135479777506,9.915010276160671e-10,6.995482173268406e-10,-5.026730434068151e-11,"{""D"": 9.915010276160671e-10, ""cp"": 1829.8097545439805, ""k"": 0.26275135479777506, ""rho"": 670.6331592601175}","{""D"": 5.953070892035767e-09, ""cp"": 2299.583663420946, ""k"": 0.3279977310306869, ""rho"": 707.647247221729}","[[1.2482819353004989e-14, 3.023381447975204e-06], [1.0197232710905481e-14, 3.373601770162438e-08], [1.353770549551245e-14, 3.066890075231754e-10]]",323.3150000000336,323.315000000045,0.16119655671966832,0.45036911891975784,0.0,0.0
43620.0,bdf2,50.165,0.04986,3,1.9339579279303385e-14,3.084192345959025e-10,1.8735590856522322e-10,3.885780586188048e-16,-0.0,1.1738165994756855e-09,-1.1738165994756855e-09,8.870544137536516e-08,8.871017343339818e-08,-4.732058033019426e-12,0.26262481372756674,9.838025459687415e-10,6.967280728870608e-10,7.759903639331193e-11,"{""D"": 9.838025459687415e-10, ""cp"": 1828.8986588384807, ""k"": 0.26262481372756674, ""rho"": 670.5757077493437}","{""D"": 5.943496784731796e-09, ""cp"": 2298.6411049301687, ""k"": 0.32786682012919005, ""rho"": 707.5545338593604}","[[8.614903497144262e-15, 3.0127234723620333e-06], [6.1535024979601886e-15, 3.375351931289572e-08], [1.9339579279303385e-14, 3.084192345959025e-10]]",323.31500000004087,323.31500000004695,0.16074771679174774,0.44964479577625277,0.0,0.0
43680.0,bdf2,50.165,0.04986,3,2.4614009991840637e-14,3.101546519612697e-10,5.729816621169448e-10,1.6653345369377348e-16,4.775548320886275e-09,9.166001291305292e-10,3.858948191755746e-09,8.834800717270228e-08,8.83527147286299e-08,-4.7075559276169275e-12,0.262498743939632,9.761557012938484e-10,6.939205987828002e-10,-6.743161187645411e-11,"{""D"": 9.761557012938484e-10, ""cp"": 1827.9909563653505, ""k"": 0.262498743939632, ""rho"": 670.5185143565808}","{""D"": 5.9339410763851506e-09, ""cp"": 2297.7009307391722, ""k"": 0.3277362403804406, ""rho"": 707.4621472313114}","[[1.599910649469642e-14, 3.0021093668231025e-06], [2.1449351564318265e-14, 3.377064786147521e-08], [2.4614009991840637e-14, 3.101546519612697e-10]]",323.31500000003666,323.3150000000474,0.16030089341078738,0.4489230252446206,0.0,0.0
43740.0,bdf2,50.165,0.04986,3,8.263274782975042e-15,3.118936775514669e-10,2.3078428057488054e-10,1.0547118733938987e-15,-0.0,6.536993168992922e-10,-6.536993168992922e-10,8.799218105328377e-08,8.799686414789776e-08,-4.683094613997679e-12,0.2623731448306665,9.685603285202101e-10,6.911257548575536e-10,8.848464428215248e-11,"{""D"": 9.685603285202101e-10, ""cp"": 1827.0866427807987, ""k"": 0.2623731448306665, ""rho"": 670.4615782636637}","{""D"": 5.924403765655492e-09, ""cp"": 2296.763135676716, ""k"": 0.3276059910662105, ""rho"": 707.3700859926015}","[[1.1252118853412825e-14, 2.9915389561097072e-06], [9.669789639651644e-15, 3.378740109916123e-08], [8.263274782975042e-15, 3.118936775514669e-10]]",323.31500000002615,323.31500000004854,0.1598560801848722,0.44820379681719924,0.0,0.0
43800.0,bdf2,50.165,0.04986,3,9.142346568397878e-15,3.1363808772333357e-10,4.31100488640368e-10,1.0824674490095276e-15,4.770994178500851e-09,4.007461029686965e-10,4.370248075532155e-09,8.763795790590343e-08,8.764261658026776e-08,-4.658674364337191e-12,0.2622480157896846,9.610162606877642e-10,6.883435009657743e-10,-6.020521923666554e-11,"{""D"": 9.610162606877642e-10, ""cp"": 1826.1857136857293, ""k"": 0.2622480157896846, ""rho"": 670.4048986528428}","{""D"": 5.914884850855538e-09, ""cp"": 2295.8277145637767, ""k"": 0.32747607146719115, ""rho"": 707.2783488036263}","[[1.5471663423442573e-14, 2.9810120655837657e-06], [9.669789639651609e-15, 3.3803776361418514e-08], [9.142346568397878e-15, 3.1363808772333357e-10]]",323.315000000016,323.31500000004996,0.1594132707253347,0.44748710002833,0.0,0.0
43860.0,bdf2,50.165,0.04986,3,1.652654956595008e-14,3.153863559202108e-10,2.8694557840935886e-10,3.3306690738754696e-16,-4.768729951425007e-09,7.005951374594588e-10,-5.4693250888844655e-09,8.728533262164155e-08,8.728996691719694e-08,-4.63429555539307e-12,0.2621233561979701,9.535233289720078e-10,6.85573796991607e-10,6.712720554760145e-11,"{""D"": 9.535233289720078e-10, ""cp"": 1825.288164625385, ""k"": 0.2621233561979701, ""rho"": 670.3484747067515}","{""D"": 5.905384329951845e-09, ""cp"": 2294.894662213741, ""k"": 0.32734648086301954, ""rho"": 707.1869343301394}","[[3.8679158558606574e-15, 2.9705285210512855e-06], [8.966532211313341e-15, 3.381977045635587e-08], [1.652654956595008e-14, 3.153863559202108e-10]]",323.3150000000275,323.3150000000486,0.15897245864649617,0.44677292445421396,0.0,0.0
43920.0,bdf2,50.165,0.04986,3,4.922801998368132e-15,3.1713981440972816e-10,2.064552973024547e-10,1.6653345369377348e-16,-0.0,7.261746759468224e-10,-7.261746759468224e-10,8.693430009382889e-08,8.69389100523258e-08,-4.609958496914677e-12,0.2619991654290259,9.460813627044287e-10,6.828166028216433e-10,1.4018428698195507e-11,"{""D"": 9.460813627044287e-10, ""cp"": 1824.3939910889867, ""k"": 0.2619991654290259, ""rho"": 670.2923056083721}","{""D"": 5.895902200567988e-09, ""cp"": 2293.96397343259, ""k"": 0.3272172185323042, ""rho"": 707.0958412432337}","[[1.2131190638835755e-14, 2.96008814909543e-06], [3.8679158558606756e-15, 3.383538058066016e-08], [4.922801998368132e-15, 3.1713981440972816e-10]]",323.31500000002893,323.31500000004706,0.15853363756540725,0.4460612597127634,0.0,0.0
43980.0,bdf2,50.165,0.04986,3,1.0021418353820871e-14,3.1889757501346594e-10,3.2514435588382185e-10,2.220446049250313e-16,4.764227128906871e-09,7.58859641791787e-10,4.005367487115084e-09,8.658485521776227e-08,8.658944088128809e-08,-4.5856635258226025e-12,0.26187544284852987,9.386901893996315e-10,6.80071878372875e-10,-5.240783436668755e-11,"{""D"": 9.386901893996315e-10, ""cp"": 1823.5031885094152, ""k"": 0.26187544284852987, ""rho"": 670.2363905410061}","{""D"": 5.886438459985923e-09, ""cp"": 2293.035643019093, ""k"": 0.32708828375265186, ""rho"": 707.0050682193232}","[[1.2307004995920363e-14, 2.94969077663243e-06], [9.669789639651718e-15, 3.38506044306186e-08], [1.0021418353820871e-14, 3.1889757501346594e-10]]",323.31500000002933,323.3150000000461,0.15809680110161012,0.44535209546346294,0.0,0.0
44040.0,bdf2,50.165,0.04986,3,5.4502450696218775e-15,3.206591658866387e-10,9.640643838793039e-11,3.3306690738754696e-16,-0.0,6.338041202980094e-10,-6.338041202980094e-10,8.623699289052678e-08,8.624155430151764e-08,-4.561410990856192e-12,0.2617521878142899,9.313496347769386e-10,6.773395835634637e-10,4.840835710491319e-11,"{""D"": 9.313496347769386e-10, ""cp"": 1822.615752262887, ""k"": 0.2617521878142899, ""rho"": 670.1807286882429}","{""D"": 5.8769931051487995e-09, ""cp"": 2292.109665765005, ""k"": 0.3269596758006952, ""rho"": 706.9146139401258}","[[4.746987641283571e-15, 2.939336231577716e-06], [8.790717854228835e-15, 3.3865439286184795e-08], [5.4502450696218775e-15, 3.206591658866387e-10]]",323.3150000000236,323.3150000000461,0.15766194287689705,0.4446454214072333,0.0,0.0
44100.0,bdf2,50.165,0.04986,3,6.680945569213903e-15,3.224253919409392e-10,7.485141395591199e-10,1.6653345369377348e-16,-4.759758404763186e-09,7.02016222930979e-10,-5.461774627694165e-09,8.589070801082307e-08,8.589524521205899e-08,-4.537201235924058e-12,0.2616293996761995,9.240595227857536e-10,6.746196783338315e-10,4.069740139276084e-11,"{""D"": 9.240595227857536e-10, ""cp"": 1821.7316776686366, ""k"": 0.2616293996761995, ""rho"": 670.1253192339294}","{""D"": 5.8675661326615076e-09, ""cp"": 2291.186036455243, ""k"": 0.3268313939521171, ""rho"": 706.8244770926441}","[[5.801873783791022e-15, 2.92902434184672e-06], [2.742703970519392e-14, 3.387988220526772e-08], [6.680945569213903e-15, 3.224253919409392e-10]]",323.31500000002654,323.3150000000466,0.15722905651507374,0.44394122728628166,0.0,0.0
44160.0,bdf2,50.165,0.04986,3,7.208388640467626e-15,3.241952262200698e-10,8.986944521893747e-11,1.304512053934559e-15,-0.0,8.171241461241152e-10,-8.171241461241152e-10,8.554599547875381e-08,8.5550508513379e-08,-4.513034625197427e-12,0.2615070777761945,9.168196756283999e-10,6.719121226329893e-10,6.294901481751036e-12,"{""D"": 9.168196756283999e-10, ""cp"": 1820.8509599886002, ""k"": 0.2615070777761945, ""rho"": 670.0701613621407}","{""D"": 5.858157538793966e-09, ""cp"": 2290.2647498680863, ""k"": 0.3267034374816786, ""rho"": 706.7346563691481}","[[3.3404727846069437e-15, 2.9187549364650955e-06], [1.6878178280119323e-14, 3.3893931855599746e-08], [7.208388640467626e-15, 3.241952262200698e-10]]",323.3150000000327,323.31500000004695,0.15679813564172376,0.44323950288396885,0.0,0.0
44220.0,bdf2,50.165,0.04986,3,7.208388640467638e-15,3.2596983445820626e-10,2.0463630789890885e-10,6.106226635438361e-16,-0.0,7.02016222930979e-10,-7.02016222930979e-10,8.520285019568846e-08,8.520733910718531e-08,-4.488911496854204e-12,0.26138522144821086,9.096299137851948e-10,6.692168764196941e-10,-1.4766014938946204e-11,"{""D"": 9.096299137851948e-10, ""cp"": 1819.973594427118, ""k"": 0.26138522144821086, ""rho"": 670.0152542571496}","{""D"": 5.848767319483661e-09, ""cp"": 2289.345800775355, ""k"": 0.32657580566324373, ""rho"": 706.6451504671571}","[[9.493975282567135e-15, 2.9085278449025864e-06], [1.1779561924666631e-14, 3.3907584240377986e-08], [7.208388640467638e-15, 3.2596983445820626e-10]]",323.3150000000281,323.3150000000463,0.15636917388398164,0.44254023802466524,0.0,0.0
44280.0,bdf2,50.165,0.04986,3,1.933957927930347e-15,3.277484394992314e-10,3.540208126651123e-10,9.43689570931383e-16,-0.0,6.821210263296962e-10,-6.821210263296962e-10,8.486126706403917e-08,8.486573189625087e-08,-4.464832211703954e-12,0.26126383001814574,9.024900560402649e-10,6.665338996631706e-10,2.2191009679000764e-11,"{""D"": 9.024900560402649e-10, ""cp"": 1819.0995761306494, ""k"": 0.26126383001814574, ""rho"": 669.9605971034001}","{""D"": 5.839395470336805e-09, ""cp"": 2288.429183942604, ""k"": 0.3264484977698061, ""rho"": 706.5559580894225}","[[3.340472784606962e-15, 2.898342897073025e-06], [2.4614009991840776e-15, 3.3920837166911966e-08], [1.933957927930347e-15, 3.277484394992314e-10]]",323.3150000000273,323.31500000004553,0.1559421648703136,0.44184342257361314,0.0,0.0
44340.0,bdf2,50.165,0.04986,3,5.8018737837910295e-15,3.2953065276508653e-10,1.2505552149377763e-10,3.608224830031759e-16,-0.0,7.986500349943526e-10,-7.986500349943526e-10,8.452124098705868e-08,8.452568178424957e-08,-4.440797190894106e-12,0.2611429028038217,8.953999195055763e-10,6.638631523214337e-10,6.320746258753848e-11,"{""D"": 8.953999195055763e-10, ""cp"": 1818.2289001875163, ""k"": 0.2611429028038217, ""rho"": 669.9061890854799}","{""D"": 5.830041986631774e-09, ""cp"": 2287.514894129301, ""k"": 0.326321513073514, ""rho"": 706.4670779439086}","[[3.516287141691534e-15, 2.888199923500867e-06], [6.3293168550447606e-15, 3.3933689108645027e-08], [5.8018737837910295e-15, 3.2953065276508653e-10]]",323.3150000000316,323.31500000004615,0.15551710223031198,0.44114904643678654,0.0,0.0
44400.0,bdf2,50.165,0.04986,3,1.2482819353004927e-14,3.313169461005572e-10,1.446096575818956e-10,4.440892098500626e-16,-0.0,8.213874025386758e-10,-8.213874025386758e-10,8.41827668688067e-08,8.418718367557397e-08,-4.416806767268904e-12,0.2610224391149445,8.883593196459595e-10,6.61204594394039e-10,-1.5328092673250815e-11,"{""D"": 8.883593196459595e-10, ""cp"": 1817.3615616276002, ""k"": 0.2610224391149445, ""rho"": 669.8520293880919}","{""D"": 5.820706863319128e-09, ""cp"": 2286.6029260890073, ""k"": 0.32619485084569544, ""rho"": 706.3785087437757}","[[4.922801998368139e-15, 2.87809875532119e-06], [7.032574283383056e-15, 3.394613687368597e-08], [1.2482819353004927e-14, 3.313169461005572e-10]]",323.3150000000328,323.31500000004655,0.15509397959446747,0.4404570995607479,0.0,0.0
44460.0,bdf2,50.165,0.04986,3,2.6196339205601888e-14,3.3310704194988716e-10,4.945377440890297e-10,1.6653345369377348e-16,4.74655586498551e-09,5.186961971048731e-10,4.227859667880637e-09,8.384583961382592e-08,8.385023247517394e-08,-4.392861348012966e-12,0.2609024382530684,8.813680703050581e-10,6.585581858559683e-10,-4.051424570012226e-11,"{""D"": 8.813680703050581e-10, ""cp"": 1816.4975554220928, ""k"": 0.2609024382530684, ""rho"": 669.7981171960279}","{""D"": 5.8113900950256925e-09, ""cp"": 2285.6932745695813, ""k"": 0.3260685103568862, ""rho"": 706.2902492073631}","[[8.439089140059663e-15, 2.8680392245572506e-06], [1.5823292137611878e-14, 3.395817826934433e-08], [2.6196339205601888e-14, 3.3310704194988716e-10]]",323.31500000002075,323.31500000004655,0.15467279059396744,0.43976757193252414,0.0,0.0
44520.0,bdf2,50.165,0.04986,3,4.571173284198984e-15,3.34900468468291e-10,2.3737811716273427e-10,6.38378239159465e-16,4.744385008188856e-09,9.350742402602918e-10,3.809310767928564e-09,8.351045412711191e-08,8.35148230884083e-08,-4.368961296397549e-12,0.2607828995115662,8.744259837329489e-10,6.5592388669649e-10,3.873139878573331e-11,"{""D"": 8.744259837329489e-10, ""cp"": 1815.6368764832764, ""k"": 0.2607828995115662, ""rho"": 669.7444516941454}","{""D"": 5.802091676056047e-09, ""cp"": 2284.785934313335, ""k"": 0.32594249087685206, ""rho"": 706.2022980581698}","[[4.5711732841989834e-15, 2.8580211630657715e-06], [4.3953589271144074e-15, 3.396981157477441e-08], [4.571173284198984e-15, 3.34900468468291e-10]]",323.3150000000363,323.3150000000468,0.15425352886051039,0.43908045357945197,0.0,0.0
44580.0,bdf2,50.165,0.04986,3,4.746987641283556e-15,3.3669772525612984e-10,1.7917045624926686e-10,5.828670879282072e-16,4.742222564974628e-09,7.332801033044234e-10,4.0089424616702044e-09,8.317660531384606e-08,8.31809504208724e-08,-4.345107026330596e-12,0.2606638221755899,8.675328706070098e-10,6.533016568899337e-10,1.490136028246372e-11,"{""D"": 8.675328706070098e-10, ""cp"": 1814.7795196642473, ""k"": 0.2606638221755899, ""rho"": 669.6910320673396}","{""D"": 5.792811600394567e-09, ""cp"": 2283.8809000572232, ""k"": 0.32581679167461436, ""rho"": 706.1146540248377}","[[1.8987950565134222e-14, 2.8480444038136987e-06], [2.5668896134348114e-14, 3.3981034264218835e-08], [4.746987641283556e-15, 3.3669772525612984e-10]]",323.31500000002933,323.31500000004706,0.1538361880260905,0.4383957345690445,0.0,0.0
44640.0,bdf2,50.165,0.04986,3,5.098616355452695e-15,3.384983959797694e-10,8.907363735488616e-11,1.5265566588595902e-15,4.740068522259451e-09,7.830180948076304e-10,3.957050427451821e-09,8.284428807933625e-08,8.284860937826746e-08,-4.321298931205971e-12,0.26054520552204735,8.606885400644469e-10,6.506914564549865e-10,-3.477452321980448e-12,"{""D"": 8.606885400644469e-10, ""cp"": 1813.925479758741, ""k"": 0.26054520552204735, ""rho"": 669.6378575005228}","{""D"": 5.783549861707663e-09, ""cp"": 2282.9781665330365, ""k"": 0.3256914120184773, ""rho"": 706.0273158411346}","[[7.560017354636755e-15, 2.8381087806006455e-06], [6.329316855044725e-15, 3.399184356212004e-08], [5.098616355452695e-15, 3.384983959797694e-10]]",323.31500000002904,323.3150000000479,0.15342076172283434,0.4377134050088646,0.0,0.0
44700.0,bdf2,50.165,0.04986,3,2.8130297133532256e-15,3.4030248063920965e-10,2.1691448637284338e-10,1.3877787807814457e-16,4.7379228668087544e-09,5.570655048359185e-10,4.180857361972836e-09,8.251349732885058e-08,8.251779486624148e-08,-4.297537390891482e-12,0.2604270488195673,8.538927997237479e-10,6.480932453488155e-10,-4.9556605826163206e-11,"{""D"": 8.538927997237479e-10, ""cp"": 1813.0747515008848, ""k"": 0.2604270488195673, ""rho"": 669.5849271785986}","{""D"": 5.774306453345145e-09, ""cp"": 2282.077728467558, ""k"": 0.3255663511760497, ""rho"": 705.9402822459355}","[[1.2834448067174092e-14, 2.828214127115203e-06], [1.547166342344274e-14, 3.40022382472327e-08], [2.8130297133532256e-15, 3.4030248063920965e-10]]",323.3150000000223,323.31500000004627,0.15300724358280185,0.43703345504637103,0.0,0.0
44760.0,bdf2,50.165,0.04986,3,1.0373047067990042e-14,3.421100625011775e-10,9.339373718830757e-11,3.608224830031759e-16,-0.0,8.79651906871004e-10,-8.79651906871004e-10,8.218422796741493e-08,8.218850179025539e-08,-4.273822840457661e-12,0.2603093513284749,8.4714545571493e-10,6.455069835741132e-10,9.158357841111885e-12,"{""D"": 8.4714545571493e-10, ""cp"": 1812.227329565019, ""k"": 0.2603093513284749, ""rho"": 669.5322402864408}","{""D"": 5.7650813683450554e-09, ""cp"": 2281.1795805827605, ""k"": 0.3254416084142723, ""rho"": 705.8535519832062}","[[8.790717854228846e-15, 2.818360277989651e-06], [1.2482819353004954e-14, 3.401221565502155e-08], [1.0373047067990042e-14, 3.421100625011775e-10]]",323.3150000000331,323.31500000004553,0.15259562723781925,0.43635587486879823,0.0,0.0
44820.0,bdf2,50.165,0.04986,3,1.4416777280935276e-14,3.439205031874337e-10,3.3378455555066466e-10,2.7755575615628914e-16,-4.7336566640036245e-09,9.094947017729282e-10,-5.643151365776553e-09,8.185647489975608e-08,8.186072505543119e-08,-4.2501556751115515e-12,0.2601921123007592,8.404463127021764e-10,6.429326311205534e-10,7.691999928933723e-11,"{""D"": 8.404463127021764e-10, ""cp"": 1811.3832085654665, ""k"": 0.2601921123007592, ""rho"": 669.479796008869}","{""D"": 5.755874599432606e-09, ""cp"": 2280.2837175959703, ""k"": 0.32531718299944035, ""rho"": 705.767123801985}","[[3.3404727846069547e-15, 2.8085470685224045e-06], [6.680945569213917e-15, 3.402177398137418e-08], [1.4416777280935276e-14, 3.439205031874337e-10]]",323.315000000031,323.3150000000463,0.152185906319289,0.435680654703008,0.0,0.0
44880.0,bdf2,50.165,0.04986,3,1.5471663423442794e-14,3.4573485740985177e-10,1.0231815394945443e-10,5.273559366969494e-16,-4.7315360894196726e-09,6.608047442568932e-10,-5.392340833676566e-09,8.153023303013869e-08,8.153445956644528e-08,-4.226536306590576e-12,0.26007533098005836,8.337951739144899e-10,6.403701479644295e-10,-2.349646761852026e-11,"{""D"": 8.337951739144899e-10, ""cp"": 1810.5423830564205, ""k"": 0.26007533098005836, ""rho"": 669.4275935306313}","{""D"": 5.746686139023649e-09, ""cp"": 2279.3901342200497, ""k"": 0.32519307419722915, ""rho"": 705.6809964563663}","[[6.1535024979602036e-15, 2.798774334178411e-06], [2.3559123849333347e-14, 3.4030911116866847e-08], [1.5471663423442794e-14, 3.4573485740985177e-10]]",323.3150000000264,323.31500000004513,0.1517780744580566,0.4350077848153616,0.0,0.0
44940.0,bdf2,50.165,0.04986,3,7.735831711721376e-15,3.4755157085619715e-10,5.911715561524034e-11,1.942890293094024e-16,-0.0,5.371703082346357e-10,-5.371703082346357e-10,8.120549726220368e-08,8.120970022738404e-08,-4.202965180367891e-12,0.25995900660162985,8.271918411718597e-10,6.378194940749136e-10,-4.873917494947002e-11,"{""D"": 8.271918411718597e-10, ""cp"": 1809.704847531735, ""k"": 0.25995900660162985, ""rho"": 669.3756320363815}","{""D"": 5.73751597922757e-09, ""cp"": 2278.4988251635705, ""k"": 0.32506928127271817, ""rho"": 705.5951687054824}","[[7.208388640467637e-15, 2.7890419111997744e-06], [7.208388640467644e-15, 3.403962600678767e-08], [7.735831711721376e-15, 3.4755157085619715e-10]]",323.3150000000215,323.315000000046,0.15137212528423005,0.43433725551158076,0.0,0.0
45000.0,bdf2,50.165,0.04986,3,4.3953589271144335e-15,3.4937153170488955e-10,3.601599019020796e-10,2.498001805406602e-16,-0.0,9.904965736495797e-10,-9.904965736495797e-10,8.088226249894658e-08,8.08864419416372e-08,-4.179442690618218e-12,0.2598431383923351,8.206361149124304e-10,6.352806294448668e-10,3.3707666595966024e-11,"{""D"": 8.206361149124304e-10, ""cp"": 1808.8705964248127, ""k"": 0.2598431383923351, ""rho"": 669.323910710662}","{""D"": 5.728364111848091e-09, ""cp"": 2277.6097851309846, ""k"": 0.3249458034904145, ""rho"": 705.5096393134864}","[[1.107630449632837e-14, 2.7793496368833104e-06], [1.1252118853412948e-14, 3.4047915098422976e-08], [4.3953589271144335e-15, 3.4937153170488955e-10]]",323.3150000000332,323.3150000000449,0.1509680524270465,0.43366905713661313,0.0,0.0
45060.0,bdf2,50.165,0.04986,3,6.153502497960225e-15,3.511941015776898e-10,3.1877789297141135e-10,5.828670879282072e-16,4.72522430635164e-09,1.0558665053395089e-09,3.669357801012131e-09,8.056052364248871e-08,8.056467961176238e-08,-4.1559692736694046e-12,0.25972772557061363,8.141277942178401e-10,6.327535140097822e-10,2.9048438303194257e-11,"{""D"": 8.141277942178401e-10, ""cp"": 1808.0396241084184, ""k"": 0.25972772557061363, ""rho"": 669.272428737882}","{""D"": 5.719230528386471e-09, ""cp"": 2276.7230088227943, ""k"": 0.324822640114277, ""rho"": 705.4244070495354}","[[9.66978963965178e-15, 2.7696973480262344e-06], [1.863632185096525e-14, 3.405577803095028e-08], [6.153502497960225e-15, 3.511941015776898e-10]]",323.315000000038,323.31500000004394,0.15056584951470298,0.4330031800744955,0.0,0.0
45120.0,bdf2,50.165,0.04986,3,2.057027977889557e-14,3.530202241641689e-10,3.3242031349800527e-10,1.304512053934559e-15,4.723136978385416e-09,6.650680006714538e-10,4.058068977713962e-09,8.024027559402762e-08,8.024440813937977e-08,-4.132545352151187e-12,0.25961276734646793,8.076666768437975e-10,6.302381077465232e-10,-6.412467735519749e-11,"{""D"": 8.076666768437975e-10, ""cp"": 1807.211924894569, ""k"": 0.25961276734646793, ""rho"": 669.2211853023008}","{""D"": 5.710115220044184e-09, ""cp"": 2275.838490935736, ""k"": 0.3246997904077411, ""rho"": 705.3394706877731}","[[1.5647477780527393e-14, 2.7600848831466074e-06], [1.7053992637204038e-14, 3.40632125006568e-08], [2.057027977889557e-14, 3.530202241641689e-10]]",323.3150000000266,323.31500000004456,0.15016551017422472,0.4323396147482271,0.0,0.0
45180.0,bdf2,50.165,0.04986,3,1.1252118853412948e-14,3.5484828964094106e-10,3.456079866737127e-11,5.551115123125783e-16,4.7210579263096085e-09,8.498091119690798e-10,3.871248814340529e-09,7.992151325371298e-08,7.992562242508326e-08,-4.109171370279406e-12,0.25949826292145384,8.012525592484063e-10,6.277343706012807e-10,1.3077593319917508e-11,"{""D"": 8.012525592484063e-10, ""cp"": 1806.3874930344678, ""k"": 0.25949826292145384, ""rho"": 669.1701795880133}","{""D"": 5.701018177722724e-09, ""cp"": 2274.956226162934, ""k"": 0.3245772536337408, ""rho"": 705.2548290073121}","[[7.560017354636819e-15, 2.750512080207379e-06], [7.384202997552246e-15, 3.407021698098589e-08], [1.1252118853412948e-14, 3.5484828964094106e-10]]",323.315000000034,323.31500000004496,0.14976702803135408,0.43167835161962587,0.0,0.0
45240.0,bdf2,50.165,0.04986,3,8.439089140059677e-15,3.566794914977578e-10,3.4856384445447475e-10,1.2212453270876722e-15,-0.0,8.668621376273222e-10,-8.668621376273222e-10,7.96042315205596e-08,7.960831736831869e-08,-4.0858477590879534e-12,0.25938421148866003,7.948852366162543e-10,6.252422625153519e-10,5.6030190813768234e-11,"{""D"": 7.948852366162543e-10, ""cp"": 1805.5663227183522, ""k"": 0.25938421148866003, ""rho"": 669.119410778931}","{""D"": 5.6919393920285096e-09, ""cp"": 2274.076209194084, ""k"": 0.3244550290547339, ""rho"": 705.1704807922182}","[[8.263274782975102e-15, 2.7409787789478557e-06], [4.922801998368146e-15, 3.407678919598034e-08], [8.439089140059677e-15, 3.566794914977578e-10]]",323.3150000000305,323.3150000000462,0.14937039671039837,0.4310193811892046,0.0,0.0
45300.0,bdf2,50.165,0.04986,3,1.125211885341291e-14,3.5851269175601885e-10,8.003553375601768e-11,1.1102230246251565e-16,-0.0,7.617018127348274e-10,-7.617018127348274e-10,7.92884252923308e-08,7.929248786730189e-08,-4.062574971090946e-12,0.259270612232701,7.885645028898129e-10,6.227617434119442e-10,-5.6578866193399284e-11,"{""D"": 7.885645028898129e-10, ""cp"": 1804.7484080754468, ""k"": 0.259270612232701, ""rho"": 669.0688780587683}","{""D"": 5.682878853272881e-09, ""cp"": 2273.1984347156053, ""k"": 0.32433311593272296, ""rho"": 705.0864248314912}","[[1.2658633710089521e-14, 2.7314848183856988e-06], [1.793306442262682e-14, 3.4082928618284214e-08], [1.125211885341291e-14, 3.5851269175601885e-10]]",323.31500000003047,323.31500000004604,0.14897560983412736,0.4303626939960248,0.0,0.0
45360.0,bdf2,50.165,0.04986,3,1.4416777280935264e-14,3.6034863981626586e-10,4.749836080009118e-10,1.1102230246251565e-16,-0.0,7.759126674500294e-10,-7.759126674500294e-10,7.897408946548017e-08,7.897812881891165e-08,-4.039353431472453e-12,0.2591574643297013,7.822901507965706e-10,6.202927732251854e-10,-5.050722124243921e-11,"{""D"": 7.822901507965706e-10, ""cp"": 1803.9337431738497, ""k"": 0.2591574643297013, ""rho"": 669.0185806110259}","{""D"": 5.673836551476333e-09, ""cp"": 2272.3228974108306, ""k"": 0.324211513529282, ""rho"": 705.0026599190506}","[[3.5162871416915287e-15, 2.7220300388708374e-06], [3.867915855860682e-15, 3.408863349929625e-08], [1.4416777280935264e-14, 3.6034863981626586e-10]]",323.31500000003103,323.3150000000466,0.14858266102363957,0.42970828061758315,0.0,0.0
45420.0,bdf2,50.165,0.04986,3,1.2307004995920336e-14,3.6218683607813773e-10,1.978150976356119e-10,7.216449660063518e-16,-0.0,5.371703082346357e-10,-5.371703082346357e-10,7.866121893502177e-08,7.86652351186213e-08,-4.016183599536091e-12,0.2590447669472944,7.760619718767393e-10,6.178353118493924e-10,-4.968255372090061e-11,"{""D"": 7.760619718767393e-10, ""cp"": 1803.1223220205197, ""k"": 0.2590447669472944, ""rho"": 668.9685176189794}","{""D"": 5.664812476369117e-09, ""cp"": 2271.4495919601513, ""k"": 0.32409022110557656, ""rho"": 704.9191848537168}","[[3.1646584275223704e-15, 2.712614281252801e-06], [1.4065148566766098e-15, 3.4093901507548097e-08], [1.2307004995920336e-14, 3.6218683607813773e-10]]",323.3150000000215,323.31500000004695,0.14819154389827663,0.4290561316696624,0.0,0.0
45480.0,bdf2,50.165,0.04986,3,1.2482819353004925e-14,3.6402703074145393e-10,9.00399754755199e-11,2.220446049250313e-16,4.710786287353035e-09,7.148059921746608e-10,3.995980295178374e-09,7.834980859450327e-08,7.835380166041573e-08,-3.993065912456739e-12,0.2589325192446147,7.698797565135134e-10,6.1538931918726e-10,-1.2792686652652712e-11,"{""D"": 7.698797565135134e-10, ""cp"": 1802.314138561226, ""k"": 0.2589325192446147, ""rho"": 668.9186882656666}","{""D"": 5.6558066173939455e-09, ""cp"": 2270.5785130411864, ""k"": 0.32396923792238697, ""rho"": 704.8359984391939}","[[4.043730212945256e-15, 2.7032373867141857e-06], [1.9339579279303404e-14, 3.409873197690594e-08], [1.2482819353004925e-14, 3.6402703074145393e-10]]",323.3150000000286,323.3150000000466,0.14780225207551967,0.4284062378062019,0.0,0.0
45540.0,bdf2,50.165,0.04986,3,1.635073520886556e-14,3.6586939033966814e-10,5.588844942394644e-10,6.38378239159465e-16,-0.0,8.01492205937393e-10,-8.01492205937393e-10,7.803985333587707e-08,7.804382333670626e-08,-3.970000829193906e-12,0.2588207203722908,7.637432939588373e-10,6.12954755122798e-10,1.193839394695062e-10,"{""D"": 7.637432939588373e-10, ""cp"": 1801.5091866804937, ""k"": 0.2588207203722908, ""rho"": 668.869091733873}","{""D"": 5.6468189637086106e-09, ""cp"": 2269.709655328958, ""k"": 0.32384856324013306, ""rho"": 704.7530994840545}","[[1.5295849066358094e-14, 2.6938991969371884e-06], [6.505131212129311e-15, 3.4103123325301965e-08], [1.635073520886556e-14, 3.6586939033966814e-10]]",323.31500000002916,323.3150000000475,0.14741477917088283,0.42775858971917563,0.0,0.0
45600.0,bdf2,50.165,0.04986,3,1.5647477780527244e-14,3.677139148727804e-10,3.815330273937434e-10,2.220446049250313e-16,-0.0,8.15703060652595e-10,-8.15703060652595e-10,7.773134804946486e-08,7.773529503826772e-08,-3.946988802857279e-12,0.2587093694724454,7.576523723640926e-10,6.105315795371637e-10,1.4129005592871367e-10,"{""D"": 7.576523723640926e-10, ""cp"": 1800.7074602016069, ""k"": 0.2587093694724454, ""rho"": 668.8197272061228}","{""D"": 5.6378495041871475e-09, ""cp"": 2268.843013496038, ""k"": 0.32372819631889416, ""rho"": 704.6704868017214}","[[3.164658427522363e-15, 2.6845995546032064e-06], [2.2855866420994854e-15, 3.4107074053935094e-08], [1.5647477780527244e-14, 3.677139148727804e-10]]",323.31500000003115,323.31500000004775,0.14702911879783465,0.42711317813844846,0.0,0.0
45660.0,bdf2,50.165,0.04986,3,9.493975282567089e-15,3.695605488296394e-10,3.8744474295526743e-10,2.220446049250313e-16,-0.0,7.87281351222191e-10,-7.87281351222191e-10,7.742428762388477e-08,7.742821165417904e-08,-3.924030294272486e-12,0.25859846567869704,7.516067788082951e-10,6.081197522783256e-10,-8.05466335897796e-12,"{""D"": 7.516067788082951e-10, ""cp"": 1799.9089528866189, ""k"": 0.25859846567869704, ""rho"": 668.7705938646686}","{""D"": 5.628898227423018e-09, ""cp"": 2267.978582212727, ""k"": 0.32360813641843433, ""rho"": 704.5881592104523}","[[6.153502497960151e-15, 2.675338302338126e-06], [1.265863371008945e-14, 3.411058349667151e-08], [9.493975282567089e-15, 3.695605488296394e-10]]",323.31500000003103,323.31500000004786,0.1466452645677238,0.4264699938316584,0.0,0.0
45720.0,bdf2,50.165,0.04986,3,3.164658427522359e-15,3.714089313877622e-10,5.752553988713771e-11,1.942890293094024e-16,-0.0,6.139089236967266e-10,-6.139089236967266e-10,7.711866694601533e-08,7.712256807175934e-08,-3.9011257440025394e-12,0.25848800811616063,7.456062993266063e-10,6.057192331932249e-10,5.54404632784928e-11,"{""D"": 7.456062993266063e-10, ""cp"": 1799.1136584363567, ""k"": 0.25848800811616063, ""rho"": 668.7216908914814}","{""D"": 5.619965121731076e-09, ""cp"": 2267.1163561471953, ""k"": 0.32348838279822156, ""rho"": 704.506115533321}","[[1.4944220352188915e-14, 2.6661152838780566e-06], [7.560017354636746e-15, 3.41136499604211e-08], [3.164658427522359e-15, 3.714089313877622e-10]]",323.3150000000245,323.31500000004826,0.14626321008969917,0.4258290276040705,0.0,0.0
45780.0,bdf2,50.165,0.04986,3,1.0548861425074553e-14,3.7325900703599757e-10,3.296918293926865e-10,4.440892098500626e-16,4.7007192875399295e-09,6.892264536872972e-10,4.011492833852632e-09,7.681448090089284e-08,7.681835917651612e-08,-3.87827562327569e-12,0.2583779959014516,7.39650718939895e-10,6.033299821158585e-10,-3.255049015979061e-11,"{""D"": 7.39650718939895e-10, ""cp"": 1798.3215704904517, ""k"": 0.2583779959014516, ""rho"": 668.6730174682426}","{""D"": 5.611050175149057e-09, ""cp"": 2266.2563299656604, ""k"": 0.3233689347174528, ""rho"": 704.424354598203}","[[7.032574283383035e-15, 2.656930342848085e-06], [1.5647477780527247e-14, 3.411627269578332e-08], [1.0548861425074553e-14, 3.7325900703599757e-10]]",323.31500000002757,323.3150000000476,0.14588294897064516,0.425190270298461,0.0,0.0
45840.0,bdf2,50.165,0.04986,3,1.5120034709273495e-14,3.751109978189504e-10,5.911715561524034e-10,1.6653345369377348e-16,-0.0,5.314859663485549e-10,-5.314859663485549e-10,7.651172437169998e-08,7.65155798520977e-08,-3.85548039772183e-12,0.25826842814269246,7.337398216821412e-10,6.009519588630054e-10,-6.883487504243254e-11,"{""D"": 7.337398216821412e-10, ""cp"": 1797.5326826273858, ""k"": 0.25826842814269246, ""rho"": 668.6245727763356}","{""D"": 5.602153375440909e-09, ""cp"": 2265.3984983325336, ""k"": 0.32324979143507415, ""rho"": 704.3428752377572}","[[5.450245069621843e-15, 2.647783324150055e-06], [6.680945569213871e-15, 3.4118450009668067e-08], [1.5120034709273495e-14, 3.751109978189504e-10]]",323.31500000002126,323.3150000000482,0.14550447481512213,0.4245537127949785,0.0,0.0
45900.0,bdf2,50.165,0.04986,3,9.142346568397905e-15,3.7696384902474733e-10,5.3432813729159534e-11,5.273559366969494e-16,4.6967493458479695e-09,7.23332505003782e-10,3.9734168408441876e-09,7.621039223973164e-08,7.621422498024725e-08,-3.832740515606678e-12,0.25815930393951964,7.278733906314523e-10,5.985851232370648e-10,6.369325174664337e-11,"{""D"": 7.278733906314523e-10, ""cp"": 1796.7469883645417, ""k"": 0.25815930393951964, ""rho"": 668.5763559968395}","{""D"": 5.593274710098084e-09, ""cp"": 2264.54285591059, ""k"": 0.32313095220980415, ""rho"": 704.2616762894108}","[[9.845603996736205e-15, 2.638674072574787e-06], [5.80187378379098e-15, 3.412018201309763e-08], [9.142346568397905e-15, 3.7696384902474733e-10]]",323.31500000002626,323.315000000049,0.14512778122530906,0.4239193460110225,0.0,0.0
45960.0,bdf2,50.165,0.04986,3,1.1779561924666511e-14,3.7881883740986666e-10,1.4938450476620346e-10,6.38378239159465e-16,4.694776493929108e-09,6.409095476556104e-10,4.053866946273498e-09,7.591047938433085e-08,7.591428944077852e-08,-3.810056447668795e-12,0.2580506223830984,7.22051207936848e-10,5.962294350173839e-10,1.7696583766917057e-11,"{""D"": 7.22051207936848e-10, ""cp"": 1795.9644811583084, ""k"": 0.2580506223830984, ""rho"": 668.5283663105246}","{""D"": 5.584414166341741e-09, ""cp"": 2263.6893973611045, ""k"": 0.3230124163001534, ""rho"": 704.1807565953411}","[[4.746987641283519e-15, 2.629602434023326e-06], [8.08746042589044e-15, 3.4121466679915e-08], [1.1779561924666511e-14, 3.7881883740986666e-10]]",323.31500000002563,323.31500000004957,0.14475286180097316,0.42328716090110197,0.0,0.0
46020.0,bdf2,50.165,0.04986,3,1.0900490139243689e-14,3.806747139734057e-10,2.560227585490793e-10,4.718447854656915e-16,-0.0,8.611777957412414e-10,-8.611777957412414e-10,7.561198068287211e-08,7.561576811152917e-08,-3.787428657063148e-12,0.25794238255612956,7.162730548495997e-10,5.938848539816056e-10,-3.4445088386771976e-11,"{""D"": 7.162730548495997e-10, ""cp"": 1795.185154404133, ""k"": 0.25794238255612956, ""rho"": 668.4806028978446}","{""D"": 5.575571731125346e-09, ""cp"": 2262.838117344025, ""k"": 0.3228941829644479, ""rho"": 704.1001150024597}","[[2.0921908493064494e-14, 2.620568254452227e-06], [7.032574283383023e-15, 3.412230367705327e-08], [1.0900490139243689e-14, 3.806747139734057e-10]]",323.3150000000341,323.31500000004803,0.14437971013941148,0.4226571484567165,0.0,0.0
46080.0,bdf2,50.165,0.04986,3,1.1603747567581982e-14,3.825322003603304e-10,2.2919266484677792e-10,1.6653345369377348e-16,-0.0,5.854872142663226e-10,-5.854872142663226e-10,7.531489101072599e-08,7.53186558683403e-08,-3.7648576143165395e-12,0.25783458353286626,7.10538711749666e-10,5.91551339883785e-10,1.911276233869192e-11,"{""D"": 7.10538711749666e-10, ""cp"": 1794.409001436637, ""k"": 0.25783458353286626, ""rho"": 668.4330649389344}","{""D"": 5.566747391137288e-09, ""cp"": 2261.989010518116, ""k"": 0.32277625146084943, ""rho"": 704.0197503623965}","[[7.73583171172132e-15, 2.6115713805952012e-06], [1.5471663423442633e-14, 3.4122691949800554e-08], [1.1603747567581982e-14, 3.825322003603304e-10]]",323.31500000002336,323.3150000000483,0.1440083198354254,0.4220292997062227,0.0,0.0
46140.0,bdf2,50.165,0.04986,3,1.494422035218891e-14,3.8439004756973816e-10,4.1245584725402296e-10,4.996003610813204e-16,4.688906213830129e-09,7.318590178329032e-10,3.9570471959972255e-09,7.501920524127062e-08,7.502294758504755e-08,-3.742343776932641e-12,0.2577272243791344,7.048479581782812e-10,5.892288524577682e-10,8.896620474719845e-11,"{""D"": 7.048479581782812e-10, ""cp"": 1793.636015529768, ""k"": 0.2577272243791344, ""rho"": 668.3857516136076}","{""D"": 5.557941132801816e-09, ""cp"": 2261.14207154113, ""k"": 0.3226586210473792, ""rho"": 703.9396615314838}","[[5.274430712537264e-15, 2.6026116594635162e-06], [4.219544570029811e-15, 3.4122631553668015e-08], [1.494422035218891e-14, 3.8439004756973816e-10]]",323.31500000002706,323.3150000000484,0.14363868448130945,0.4214036057147177,0.0,0.0
46200.0,bdf2,50.165,0.04986,3,4.922801998368112e-15,3.862498654250146e-10,2.9194779926910996e-10,5.551115123125783e-16,-0.0,8.697043085703626e-10,-8.697043085703626e-10,7.472491824583847e-08,7.472863813344982e-08,-3.719887611348673e-12,0.2576203041523458,6.992005728635181e-10,5.869173514280643e-10,6.104227657989585e-11,"{""D"": 6.992005728635181e-10, ""cp"": 1792.86618989689, ""k"": 0.2576203041523458, ""rho"": 668.3386621013519}","{""D"": 5.5491529422820125e-09, ""cp"": 2260.297295069933, ""k"": 0.3225412909819352, ""rho"": 703.8598473707384}","[[6.329316855044704e-15, 2.5936889393451956e-06], [1.5823292137611774e-14, 3.412212040698748e-08], [4.922801998368112e-15, 3.862498654250146e-10]]",323.31500000003416,323.3150000000484,0.14327079766681228,0.42078005758389364,0.0,0.0
46260.0,bdf2,50.165,0.04986,3,9.845603996736242e-15,3.88110266147379e-10,2.6125235308427364e-10,1.6653345369377348e-16,-0.0,9.36495325731812e-10,-9.36495325731812e-10,7.443202489370544e-08,7.443572238330949e-08,-3.697489604052716e-12,0.25751382190152244,6.93596333751397e-10,5.846167965035832e-10,6.059329950326079e-11,"{""D"": 6.93596333751397e-10, ""cp"": 1792.0995176909614, ""k"": 0.25751382190152244, ""rho"": 668.2917955813296}","{""D"": 5.540382805481913e-09, ""cp"": 2259.454675760668, ""k"": 0.322424260522315, ""rho"": 703.7803067458455}","[[1.582329213761184e-15, 2.5848030680286627e-06], [1.4592591638019787e-14, 3.412115914813718e-08], [9.845603996736242e-15, 3.88110266147379e-10]]",323.3150000000365,323.3150000000478,0.14290465297913688,0.4201586464519175,0.0,0.0
46320.0,bdf2,50.165,0.04986,3,5.098616355452696e-15,3.8997116647010444e-10,7.166818249970675e-10,1.6653345369377348e-16,4.683107989845061e-09,7.460698725481052e-10,3.937038117296956e-09,7.414052005213797e-08,7.41441952023396e-08,-3.675150201629655e-12,0.25740777666731596,6.880350180343203e-10,5.823271473783175e-10,-9.402455513445506e-12,"{""D"": 6.880350180343203e-10, ""cp"": 1791.3359920046748, ""k"": 0.25740777666731596, ""rho"": 668.2451512323744}","{""D"": 5.5316307080490704e-09, ""cp"": 2258.614208268914, ""k"": 0.32230752892623804, ""rho"": 703.701038527144}","[[9.142346568397935e-15, 2.5759538943015414e-06], [2.2855866420994846e-15, 3.4119746833427556e-08], [5.098616355452696e-15, 3.8997116647010444e-10]]",323.31500000002956,323.31500000004786,0.1425402440029245,0.4195393634933126,0.0,0.0
46380.0,bdf2,50.165,0.04986,3,8.790717854228793e-15,3.918329549712496e-10,3.824425220955163e-10,4.440892098500626e-16,-4.681191180138222e-09,9.094947017729282e-10,-5.59068588191115e-09,7.385039858634586e-08,7.385405145622438e-08,-3.65286987852382e-12,0.25730216748204016,6.825164021814649e-10,5.800483637233722e-10,3.4991890912128526e-11,"{""D"": 6.825164021814649e-10, ""cp"": 1790.575605870689, ""k"": 0.25730216748204016, ""rho"": 668.1987282329959}","{""D"": 5.52289663537526e-09, ""cp"": 2257.7758872498157, ""k"": 0.32219109545136326, ""rho"": 703.6220415896086}","[[1.7581435708457573e-15, 2.5671412678951455e-06], [3.867915855860668e-15, 3.4117882491413454e-08], [8.790717854228793e-15, 3.918329549712496e-10]]",323.31500000003473,323.31500000004763,0.14217756432028048,0.41892219991881663,0.0,0.0
46440.0,bdf2,50.165,0.04986,3,9.493975282567087e-15,3.936953818506339e-10,3.744844434550032e-10,5.273559366969494e-16,-0.0,6.66489086142974e-10,-6.66489086142974e-10,7.356165535950907e-08,7.356528600860469e-08,-3.630649095627014e-12,0.25719699336969015,6.770402619652534e-10,5.777804051989943e-10,5.929699399923399e-11,"{""D"": 6.770402619652534e-10, ""cp"": 1789.818352261769, ""k"": 0.25719699336969015, ""rho"": 668.1525257613768}","{""D"": 5.514180572600827e-09, ""cp"": 2256.9397073582513, ""k"": 0.3220749593553127, ""rho"": 703.5433148128348}","[[1.7757250065542147e-14, 2.558365038318744e-06], [1.9339579279303325e-14, 3.411556659393966e-08], [9.493975282567087e-15, 3.936953818506339e-10]]",323.31500000002563,323.3150000000479,0.14181660751075587,0.4183071469752711,0.0,0.0
46500.0,bdf2,50.165,0.04986,3,2.2504237706825694e-14,3.955590022197697e-10,2.773958840407431e-11,5.551115123125783e-16,-0.0,8.640199666842818e-10,-8.640199666842818e-10,7.327428523278174e-08,7.327789372111205e-08,-3.6084883303084768e-12,0.2570922533459797,6.716063724938286e-10,5.755232314586704e-10,-1.2912840317785447e-11,"{""D"": 6.716063724938286e-10, ""cp"": 1789.0642240910538, ""k"": 0.2570922533459797, ""rho"": 668.1065429953779}","{""D"": 5.50548250461469e-09, ""cp"": 2256.1056632489604, ""k"": 0.3219591198956889, ""rho"": 703.4648570810214}","[[1.6702363923034692e-14, 2.5496250561918288e-06], [2.373493820641772e-14, 3.411279733689376e-08], [2.2504237706825694e-14, 3.955590022197697e-10]]",323.31500000003143,323.31500000004786,0.14145736715139007,0.41769419594547963,0.0,0.0
46560.0,bdf2,50.165,0.04986,3,2.1449351564318234e-14,3.9742170665491017e-10,2.396518539171666e-10,1.1102230246251565e-16,-0.0,9.08073616301408e-10,-9.08073616301408e-10,7.298828306533234e-08,7.299186945336692e-08,-3.5863880345794e-12,0.25698794641836564,6.662145082366348e-10,5.732768021119485e-10,-2.4353264717088514e-12,"{""D"": 6.662145082366348e-10, ""cp"": 1788.3132142122327, ""k"": 0.25698794641836564, ""rho"": 668.0607791125387}","{""D"": 5.496802416058588e-09, ""cp"": 2255.273749576706, ""k"": 0.321843576330098, ""rho"": 703.3866672829564}","[[8.614903497144208e-15, 2.5409211724114478e-06], [3.059169813271617e-14, 3.4109576579899326e-08], [2.1449351564318234e-14, 3.9742170665491017e-10]]",323.31500000003376,323.3150000000479,0.14109983681670865,0.41708333814809684,0.0,0.0
46620.0,bdf2,50.165,0.04986,3,3.006425506146237e-14,3.9928532702404596e-10,5.647962098009884e-10,1.6653345369377348e-16,-4.6736031262547e-09,7.815970093361102e-10,-5.45520013559081e-09,7.270364371431571e-08,7.270720806300822e-08,-3.5643486925058777e-12,0.2568840715860838,6.608644430555434e-10,5.71041076779714e-10,4.348456731453967e-12,"{""D"": 6.608644430555434e-10, ""cp"": 1787.5653154198035, ""k"": 0.2568840715860838, ""rho"": 668.0152332900814}","{""D"": 5.488140291327311e-09, ""cp"": 2254.4439609964056, ""k"": 0.32172832791616746, ""rho"": 703.3087443119989}","[[8.087460425890464e-15, 2.5322532380966933e-06], [2.3207495135163938e-14, 3.410590196373242e-08], [3.006425506146237e-14, 3.9928532702404596e-10]]",323.31500000002876,323.31500000004866,0.14074401007876028,0.4164745649374911,0.0,0.0
46680.0,bdf2,50.165,0.04986,3,6.505131212129292e-15,4.0114964128257213e-10,1.3869794202037156e-10,1.1102230246251565e-16,-0.0,9.86233317235019e-10,-9.86233317235019e-10,7.242036203498304e-08,7.242390440573982e-08,-3.542370756774081e-12,0.25678062784019134,6.555559502340183e-10,5.688160150610412e-10,2.1741499766211398e-11,"{""D"": 6.555559502340183e-10, ""cp"": 1786.8205204493777, ""k"": 0.25678062784019134, ""rho"": 667.9699047049183}","{""D"": 5.4794961145718006e-09, ""cp"": 2253.6162921632813, ""k"": 0.3216133739115668, ""rho"": 703.231087066064}","[[2.2328423349741045e-14, 2.523621105532392e-06], [2.2152608992656515e-14, 3.4101773904726684e-08], [6.505131212129292e-15, 4.0114964128257213e-10]]",323.3150000000333,323.31500000004837,0.14038988050717477,0.415867867703625,0.0,0.0
46740.0,bdf2,50.165,0.04986,3,1.1427933210497448e-14,4.0301370574091777e-10,1.2096279533579946e-10,4.440892098500626e-16,-0.0,5.414335646491963e-10,-5.414335646491963e-10,7.213843288064067e-08,7.214195333533145e-08,-3.5204546907772063e-12,0.2566776141635926,6.50288802503432e-10,5.66601576531887e-10,-9.586079478343124e-12,"{""D"": 6.50288802503432e-10, ""cp"": 1786.0788219778667, ""k"": 0.2566776141635926, ""rho"": 667.9247925336531}","{""D"": 5.470869869701649e-09, ""cp"": 2252.790737733005, ""k"": 0.3214987135740285, ""rho"": 703.1536944476076}","[[1.2658633710089479e-14, 2.5150246270588816e-06], [5.0986163554527074e-15, 3.409719342983841e-08], [1.1427933210497448e-14, 4.0301370574091777e-10]]",323.31500000002166,323.3150000000471,0.14003744166916432,0.4152632378719339,0.0,0.0
46800.0,bdf2,50.165,0.04986,3,2.8130297133532204e-15,4.048777701992634e-10,2.412434696452692e-10,9.992007221626409e-16,-4.667994721595856e-09,6.59383658785373e-10,-5.327378380381229e-09,7.185785110273744e-08,7.186134970369593e-08,-3.4986009584907854e-12,0.25657502953109296,6.450627720761111e-10,5.643977207588408e-10,1.6651196641050794e-11,"{""D"": 6.450627720761111e-10, ""cp"": 1785.3402126238695, ""k"": 0.25657502953109296, ""rho"": 667.8798959525914}","{""D"": 5.462261540387111e-09, ""cp"": 2251.9672923618327, ""k"": 0.3213843461613657, ""rho"": 703.0765653636089}","[[2.4614009991840677e-15, 2.5064636556826336e-06], [2.9888440704377956e-15, 3.4092158901488645e-08], [2.8130297133532204e-15, 4.048777701992634e-10]]",323.3150000000263,323.31500000004684,0.13968668712961993,0.41466066690319425,0.0,0.0
46860.0,bdf2,50.165,0.04986,3,1.547166342344267e-14,4.067416126130041e-10,5.425135896075517e-10,1.6653345369377348e-16,4.66614089488292e-09,8.043343768804334e-10,3.861806518002486e-09,7.157861155087598e-08,7.158208836090557e-08,-3.4768100295945877e-12,0.2564728729094309,6.398776306697259e-10,5.622044073013556e-10,-7.966296677547972e-11,"{""D"": 6.398776306697259e-10, ""cp"": 1784.6046849479026, ""k"": 0.2564728729094309, ""rho"": 667.8352141377449}","{""D"": 5.453671110060756e-09, ""cp"": 2251.1459507067457, ""k"": 0.32127027093149246, ""rho"": 702.9996987255554}","[[7.735831711721335e-15, 2.497938044965231e-06], [5.626059426706428e-15, 3.4086671568678284e-08], [1.547166342344267e-14, 4.067416126130041e-10]]",323.31500000003217,323.3150000000477,0.13933761045113197,0.4140601462934019,0.0,0.0
46920.0,bdf2,50.165,0.04986,3,2.1097722850149096e-14,4.086048721596569e-10,1.6848389350343496e-10,1.3877787807814457e-16,-0.0,1.0160761121369433e-09,-1.0160761121369433e-09,7.13007090729037e-08,7.130416415525144e-08,-3.455082347735354e-12,0.2563711432573254,6.347331495383466e-10,5.600215956960522e-10,6.457839048428045e-11,"{""D"": 6.347331495383466e-10, ""cp"": 1783.872231452743, ""k"": 0.2563711432573254, ""rho"": 667.7907462648402}","{""D"": 5.44509856191949e-09, ""cp"": 2250.3267074255964, ""k"": 0.32115648714244394, ""rho"": 702.9230934494276}","[[4.219544570029818e-15, 2.489447648745813e-06], [8.439089140059628e-15, 3.4080731015073695e-08], [2.1097722850149096e-14, 4.086048721596569e-10]]",323.31500000003655,323.31500000004775,0.1389902051940643,0.4134616675736529,0.0,0.0
46980.0,bdf2,50.165,0.04986,3,3.340472784606934e-15,4.1046838150649023e-10,1.5370460459962487e-10,4.440892098500626e-16,-0.0,8.114398042380344e-10,-8.114398042380344e-10,7.102413851492013e-08,7.102757193330157e-08,-3.433418381441418e-12,0.2562698395255238,6.296290994999933e-10,5.578492454629866e-10,4.751078854869038e-11,"{""D"": 6.296290994999933e-10, ""cp"": 1783.1428445837714, ""k"": 0.2562698395255238, ""rho"": 667.7464915093283}","{""D"": 5.436543878927662e-09, ""cp"": 2249.5095571772417, ""k"": 0.32104299405239467, ""rho"": 702.8467484556821}","[[9.669789639651655e-15, 2.480992321751696e-06], [9.669789639651655e-15, 3.407433743496391e-08], [3.340472784606934e-15, 4.1046838150649023e-10]]",323.31500000003234,323.3150000000483,0.13864446491662696,0.41286522231001704,0.0,0.0
47040.0,bdf2,50.165,0.04986,3,9.142346568397864e-15,4.1233130798623563e-10,4.5292836148291826e-10,6.106226635438361e-16,-0.0,9.563905223330949e-10,-9.563905223330949e-10,7.074889472138721e-08,7.075230653996596e-08,-3.4118185787535048e-12,0.2561689606568517,6.245652509668217e-10,5.556873161201479e-10,4.9889017040066267e-11,"{""D"": 6.245652509668217e-10, ""cp"": 1782.4165167293322, ""k"": 0.2561689606568517, ""rho"": 667.7024490463946}","{""D"": 5.4280070438188e-09, ""cp"": 2248.6944946216745, ""k"": 0.320929790919677, ""rho"": 702.7706626692365}","[[7.208388640467545e-15, 2.472571919043265e-06], [1.0197232710905309e-14, 3.406749077283777e-08], [9.142346568397864e-15, 4.1233130798623563e-10]]",323.31500000003797,323.3150000000505,0.13830038317495746,0.4122708021034099,0.0,0.0
47100.0,bdf2,50.165,0.04986,3,1.5823292137611717e-14,4.1419354057659064e-10,6.407390173990279e-10,2.498001805406602e-16,-4.658803290589926e-09,6.892264536872972e-10,-5.3480297442772234e-09,7.047497253513816e-08,7.0478362818544e-08,-3.3902834058309023e-12,0.25606850558625716,6.195413739705376e-10,5.535357671623255e-10,1.664747053253781e-11,"{""D"": 6.195413739705376e-10, ""cp"": 1781.6932402210516, ""k"": 0.25606850558625716, ""rho"": 667.658618050967}","{""D"": 5.419488039096249e-09, ""cp"": 2247.8815144201744, ""k"": 0.320816877002802, ""rho"": 702.6948350194536}","[[5.450245069621812e-15, 2.4641862959584593e-06], [6.153502497960113e-15, 3.4060191472784496e-08], [1.5823292137611717e-14, 4.1419354057659064e-10]]",323.3150000000261,323.31500000004985,0.13795795352318,0.4116783985894817,0.0,0.0
47160.0,bdf2,50.165,0.04986,3,2.1097722850148957e-14,4.160556899002188e-10,4.0245140553452075e-11,2.220446049250313e-16,-0.0,5.286437954055145e-10,-5.286437954055145e-10,7.020236679751471e-08,7.020573561082618e-08,-3.368813311468724e-12,0.2559684732408747,6.145572381937988e-10,5.513945580772436e-10,-2.2913070780284106e-12,"{""D"": 6.145572381937988e-10, ""cp"": 1780.9730073342978, ""k"": 0.2559684732408747, ""rho"": 667.6149976977322}","{""D"": 5.410986847038508e-09, ""cp"": 2247.070611235422, ""k"": 0.32070425156047533, ""rho"": 702.6192644401254}","[[5.626059426706389e-15, 2.4558353087789087e-06], [1.5823292137611714e-14, 3.405243972909311e-08], [2.1097722850148957e-14, 4.160556899002188e-10]]",323.31500000002114,323.31500000004985,0.13761716951353273,0.4110880034384798,0.0,0.0
47220.0,bdf2,50.165,0.04986,3,3.516287141691499e-15,4.179164792006418e-10,3.68913788406644e-11,4.163336342344337e-16,-0.0,6.963318810448982e-10,-6.963318810448982e-10,6.993107234842089e-08,6.993441975714029e-08,-3.3474087193952013e-12,0.2558688625400691,6.096126129962994e-10,5.492636483515298e-10,3.092711081656244e-11,"{""D"": 6.096126129962994e-10, ""cp"": 1780.2558102884975, ""k"": 0.2558688625400691, ""rho"": 667.5715871611425}","{""D"": 5.402503449698502e-09, ""cp"": 2246.261779731653, ""k"": 0.32059191385161845, ""rho"": 702.543949869458}","[[1.0373047067989924e-14, 2.4475188138972648e-06], [5.977688140875552e-15, 3.4044236596475486e-08], [3.516287141691499e-15, 4.179164792006418e-10]]",323.3150000000274,323.3150000000493,0.13727802469642536,0.41049960835514,0.0,0.0
47280.0,bdf2,50.165,0.04986,3,3.164658427522353e-15,4.197765468560988e-10,2.0099832909181714e-10,2.498001805406602e-16,4.653381133681799e-09,7.389644451905042e-10,3.914416688491295e-09,6.96610840263351e-08,6.966441009645066e-08,-3.3260701155557836e-12,0.25576967239549914,6.047072674427596e-10,5.471429974363797e-10,-2.2950010103708627e-11,"{""D"": 6.047072674427596e-10, ""cp"": 1779.5416412475938, ""k"": 0.25576967239549914, ""rho"": 667.5283856154321}","{""D"": 5.394037828907417e-09, ""cp"": 2245.455014574778, ""k"": 0.3204798631353858, ""rho"": 702.4688902500556}","[[4.043730212945228e-15, 2.439236668649869e-06], [6.6809455692138566e-15, 3.403558174186472e-08], [3.164658427522353e-15, 4.197765468560988e-10]]",323.3150000000283,323.3150000000489,0.13694051262056334,0.40991320507855866,0.0,0.0
47340.0,bdf2,50.165,0.04986,3,2.900936891895509e-14,4.2163605940004345e-10,5.725269147660583e-10,3.885780586188048e-16,4.651589080608781e-09,7.119638212316204e-10,3.939625259377161e-09,6.939239666851036e-08,6.939570146643446e-08,-3.304797924102219e-12,0.255670901711173,5.99840970331656e-10,5.450325647937832e-10,-1.7260149099631917e-11,"{""D"": 5.99840970331656e-10, ""cp"": 1778.8304923204455, ""k"": 0.255670901711173, ""rho"": 667.4853922346296}","{""D"": 5.385589966275014e-09, ""cp"": 2244.6503104325193, ""k"": 0.32036809867118327, ""rho"": 702.3940845289052}","[[5.801873783791018e-15, 2.4309887303175515e-06], [2.3207495135164074e-14, 3.4026475859150196e-08], [2.900936891895509e-14, 4.2163605940004345e-10]]",323.3150000000285,323.31500000004684,0.13660462683304309,0.409328785382072,0.0,0.0
47400.0,bdf2,50.165,0.04986,3,6.1535024979601775e-15,4.234937955871487e-10,1.9394974515307695e-10,6.661338147750939e-16,-0.0,6.295408638834488e-10,-6.295408638834488e-10,6.91250051110041e-08,6.912828870357043e-08,-3.2835925663275194e-12,0.25557254938350815,5.95013490222376e-10,5.429323098668864e-10,4.342540833351752e-12,"{""D"": 5.95013490222376e-10, ""cp"": 1778.1223555612587, ""k"": 0.25557254938350815, ""rho"": 667.4426061925712}","{""D"": 5.377159843194795e-09, ""cp"": 2243.84766197454, ""k"": 0.32025661971868613, ""rho"": 702.3195316573613}","[[1.1779561924666628e-14, 2.4227748572358543e-06], [1.881213620804969e-14, 3.4016920308355125e-08], [6.1535024979601775e-15, 4.234937955871487e-10]]",323.3150000000252,323.31500000004644,0.13627036087946304,0.40874634107313446,0.0,0.0
47460.0,bdf2,50.165,0.04986,3,8.08746042589052e-15,4.2535072686256115e-10,3.4492586564738303e-10,1.6653345369377348e-16,-4.648027853269735e-09,7.176481631177012e-10,-5.365676016387436e-09,6.885890418874367e-08,6.886216664325345e-08,-3.262454509780637e-12,0.2554746143014015,5.90224595463328e-10,5.408421920845889e-10,3.7835963513102116e-11,"{""D"": 5.90224595463328e-10, ""cp"": 1777.417222970091, ""k"": 0.2554746143014015, ""rho"": 667.4000266629206}","{""D"": 5.3687474408427166e-09, ""cp"": 2243.047063872572, ""k"": 0.3201454255378572, ""rho"": 702.2452305911293}","[[7.384202997552215e-15, 2.414594907629297e-06], [2.637215356268646e-15, 3.400691447885684e-08], [8.08746042589052e-15, 4.2535072686256115e-10]]",323.31500000002865,323.3150000000464,0.13593770830406682,0.40816586399319743,0.0,0.0
47520.0,bdf2,50.165,0.04986,3,7.384202997552221e-15,4.2720671444840264e-10,1.1095835361629725e-10,3.0531133177191805e-16,4.646258638508855e-09,6.977529665164184e-10,3.948505671992437e-09,6.859408873569945e-08,6.859733011987379e-08,-3.241384174338451e-12,0.25537709534628644,5.854740542183046e-10,5.387621708907925e-10,-2.7560990200352643e-11,"{""D"": 5.854740542183046e-10, ""cp"": 1776.7150864932626, ""k"": 0.25537709534628644, ""rho"": 667.3576528191799}","{""D"": 5.360352740181111e-09, ""cp"": 2242.2485108005453, ""k"": 0.3200345153889646, ""rho"": 702.1711802902516}","[[4.219544570029838e-15, 2.406448741221201e-06], [1.4416777280935292e-14, 3.399645986945643e-08], [7.384202997552221e-15, 4.2720671444840264e-10]]",323.3150000000279,323.31500000004604,0.13560666264984225,0.40758734601759067,0.0,0.0
47580.0,bdf2,50.165,0.04986,3,7.384202997552207e-15,4.2906078689952665e-10,9.242739906767383e-11,1.3877787807814457e-16,-0.0,9.535483513900544e-10,-9.535483513900544e-10,6.83305535849401e-08,6.833377396693211e-08,-3.220381992000999e-12,0.2552799913922032,5.807616344949061e-10,5.366922057107413e-10,4.408510558558947e-11,"{""D"": 5.807616344949061e-10, ""cp"": 1776.0159380238629, ""k"": 0.2552799913922032, ""rho"": 667.3154838347091}","{""D"": 5.35197572196105e-09, ""cp"": 2241.451997434723, ""k"": 0.31992388853260045, ""rho"": 702.0973797190917}","[[1.0724675782159161e-14, 2.3983362170132416e-06], [6.3293168550447496e-15, 3.39855569242431e-08], [7.384202997552207e-15, 4.2906078689952665e-10]]",323.3150000000326,323.31500000004667,0.13527721745866514,0.4070107790554041,0.0,0.0
47640.0,bdf2,50.165,0.04986,3,6.856759926298468e-15,4.3091377688320165e-10,7.685230229981244e-10,1.1102230246251565e-16,-4.642742904549473e-09,6.437517185986508e-10,-5.286494623148124e-09,6.80682935687449e-08,6.807149301714513e-08,-3.199448400221094e-12,0.25518330130586614,5.760871041698778e-10,5.346322559467541e-10,6.4910926609083295e-12,"{""D"": 5.760871041698778e-10, ""cp"": 1775.3197694022365, ""k"": 0.25518330130586614, ""rho"": 667.2735188827432}","{""D"": 5.343616366723232e-09, ""cp"": 2240.6575184538087, ""k"": 0.31981354422969566, ""rho"": 702.0238278463177}","[[2.9888440704377933e-15, 2.3902571952838514e-06], [3.516287141691522e-15, 3.3974206864462175e-08], [6.856759926298468e-15, 4.3091377688320165e-10]]",323.3150000000257,323.3150000000472,0.13494936627143142,0.40643615504935693,0.0,0.0
47700.0,bdf2,50.165,0.04986,3,1.5823292137611903e-14,4.327647129542811e-10,3.551576810423285e-10,1.942890293094024e-16,-0.0,7.87281351222191e-10,-7.87281351222191e-10,6.780730351876409e-08,6.781048210256813e-08,-3.178583804039303e-12,0.25508702394673766,5.714502310187613e-10,5.325822810185514e-10,8.310183908934816e-11,"{""D"": 5.714502310187613e-10, ""cp"": 1774.626572416511, ""k"": 0.25508702394673766, ""rho"": 667.2317571364109}","{""D"": 5.3352746548008985e-09, ""cp"": 2239.8650685390985, ""k"": 0.3197034817415415, ""rho"": 701.9505236448894}","[[5.098616355452723e-15, 2.382211536866574e-06], [3.867915855860688e-15, 3.3962410217469596e-08], [1.5823292137611903e-14, 4.327647129542811e-10]]",323.3150000000287,323.31500000004604,0.13462310262821017,0.40586346597569795,0.0,0.0
47760.0,bdf2,50.165,0.04986,3,2.9888440704378047e-15,4.3461445553560907e-10,4.824869392905384e-10,3.885780586188048e-16,-0.0,7.133849067031406e-10,-7.133849067031406e-10,6.754757826606517e-08,6.755073605470368e-08,-3.1577886385129235e-12,0.2549911581670966,5.668507827393649e-10,5.305422403288447e-10,3.8489041854600335e-11,"{""D"": 5.668507827393649e-10, ""cp"": 1773.9363388030956, ""k"": 0.2549911581670966, ""rho"": 667.1901977687526}","{""D"": 5.326950566322616e-09, ""cp"": 2239.0746423745804, ""k"": 0.31959370032980283, ""rho"": 701.8774660920404}","[[6.505131212129337e-15, 2.3741991024839315e-06], [9.14234656839799e-15, 3.395016787144378e-08], [2.9888440704378047e-15, 4.3461445553560907e-10]]",323.31500000002825,323.315000000046,0.1342984200683796,0.40529270384406557,0.0,0.0
47820.0,bdf2,50.165,0.04986,3,1.1779561924666622e-14,4.3646228298221956e-10,2.3010215954855084e-10,1.3877787807814457e-16,-0.0,7.815970093361102e-10,-7.815970093361102e-10,6.728911264132778e-08,6.729224970463327e-08,-3.137063305492915e-12,0.25489570281211626,5.62288526980705e-10,5.285120932818634e-10,5.458386039579998e-11,"{""D"": 5.62288526980705e-10, ""cp"": 1773.2490602472371, ""k"": 0.25489570281211626, ""rho"": 667.1488399527414}","{""D"": 5.318644081213117e-09, ""cp"": 2238.2862346470756, ""k"": 0.31948419925653826, ""rho"": 701.8046541692653}","[[6.680945569213903e-15, 2.366219753913157e-06], [2.461400999184069e-15, 3.393748124191909e-08], [1.1779561924666622e-14, 4.3646228298221956e-10]]",323.3150000000305,323.31500000004655,0.13397531213079159,0.4047238606973847,0.0,0.0
47880.0,bdf2,50.165,0.04986,3,3.5162871416915323e-15,4.383084450942931e-10,6.320988177321851e-11,5.551115123125783e-16,-0.0,7.958078640513122e-10,-7.958078640513122e-10,6.703190147490942e-08,6.7035017883136e-08,-3.1164082265899266e-12,0.254800656719937,5.577632313677988e-10,5.264917992840245e-10,-2.25359767907577e-11,"{""D"": 5.577632313677988e-10, ""cp"": 1772.5647283835465, ""k"": 0.254800656719937, ""rho"": 667.1076828613018}","{""D"": 5.310355179195153e-09, ""cp"": 2237.499840046343, ""k"": 0.3193749777842143, ""rho"": 701.732086862302}","[[6.505131212129335e-15, 2.3582733531535283e-06], [3.5162871416915295e-15, 3.392435099502933e-08], [3.5162871416915323e-15, 4.383084450942931e-10]]",323.3150000000309,323.3150000000462,0.13365377235392,0.4041569286117342,0.0,0.0
47940.0,bdf2,50.165,0.04986,3,5.80187378379102e-15,4.401523034935906e-10,3.3924152376130223e-10,1.6653345369377348e-16,4.634084990548668e-09,4.590106073010247e-10,4.175074383247644e-09,6.677593959701503e-08,6.677903542082605e-08,-3.0958238110135163e-12,0.25470601872174653,5.532746635282329e-10,5.244813177197647e-10,-8.240019661765777e-11,"{""D"": 5.532746635282329e-10, ""cp"": 1771.8833347965751, ""k"": 0.25470601872174653, ""rho"": 667.0667256673322}","{""D"": 5.302083839793268e-09, ""cp"": 2236.715453265215, ""k"": 0.31926603517572427, ""rho"": 701.6597631611186}","[[3.1646584275223748e-15, 2.3503597627594353e-06], [5.626059426706438e-15, 3.391077860182001e-08], [5.80187378379102e-15, 4.401523034935906e-10]]",323.31500000001836,323.31500000004667,0.13333379427603256,0.40359189969623926,0.0,0.0
48000.0,bdf2,50.165,0.04986,3,3.1646584275223803e-15,4.4199391369126317e-10,8.446932042716071e-11,2.220446049250313e-16,4.632375768440566e-09,6.892264536872972e-10,3.943149314753269e-09,6.652122183783868e-08,6.652429714829343e-08,-3.0753104547515868e-12,0.2546117876418615,5.488225911191772e-10,5.224806080088189e-10,8.676703715558473e-13,"{""D"": 5.488225911191772e-10, ""cp"": 1771.2048710214026, ""k"": 0.2546117876418615, ""rho"": 667.0259675437269}","{""D"": 5.293830042334065e-09, ""cp"": 2235.933068999713, ""k"": 0.31915737069440464, ""rho"": 701.5876820598977}","[[6.5051312121293405e-15, 2.3424788459514012e-06], [1.3889334209681565e-14, 3.389676500598071e-08], [3.1646584275223803e-15, 4.4199391369126317e-10]]",323.31500000002757,323.3150000000461,0.1330153714353668,0.403028766092951,0.0,0.0
48060.0,bdf2,50.165,0.04986,3,1.0900490139243752e-14,4.4383388630997445e-10,4.824869392905384e-10,1.6653345369377348e-16,4.630673950052647e-09,5.485389920067973e-10,4.08213495804585e-09,6.626774302767299e-08,6.627079789623156e-08,-3.054868558569836e-12,0.25451796229780416,5.444067818503139e-10,5.204896295400967e-10,-3.4831454500695924e-11,"{""D"": 5.444067818503139e-10, ""cp"": 1770.52932854419, ""k"": 0.25451796229780416, ""rho"": 666.985407663397}","{""D"": 5.2855937659500735e-09, ""cp"": 2235.1526819491683, ""k"": 0.31904898360405115, ""rho"": 701.5158425570211}","[[1.2482819353004946e-14, 2.334630466116483e-06], [7.5600173546368e-15, 3.388231123446772e-08], [1.0900490139243752e-14, 4.4383388630997445e-10]]",323.31500000002194,323.31500000004615,0.13269849737028946,0.40246751997672753,0.0,0.0
48120.0,bdf2,50.165,0.04986,3,1.3537705495512459e-14,4.4567108337112415e-10,1.3142198440618813e-10,2.220446049250313e-16,4.628979513774895e-09,7.545963853772264e-10,3.874383128397669e-09,6.601549799709141e-08,6.6018532495596e-08,-3.0344985045860028e-12,0.2544245415003916,5.400270035123728e-10,5.185083417176526e-10,-7.0123935296114776e-12,"{""D"": 5.400270035123728e-10, ""cp"": 1769.8566988028197, ""k"": 0.2544245415003916, ""rho"": 666.9450451992954}","{""D"": 5.277374989579795e-09, ""cp"": 2234.3742868163363, ""k"": 0.3189408731689356, ""rho"": 701.4442436550551}","[[9.493975282567176e-15, 2.326814487307871e-06], [1.31860767813433e-14, 3.386741920241576e-08], [1.3537705495512459e-14, 4.4567108337112415e-10]]",323.3150000000302,323.3150000000448,0.132383165619495,0.4019081535551179,0.0,0.0
48180.0,bdf2,50.165,0.04986,3,1.1955376281751227e-14,4.4750611549737584e-10,3.2036950869951397e-10,2.498001805406602e-16,-4.627292437875739e-09,6.835421118012164e-10,-5.310834549676955e-09,6.576448157703163e-08,6.57674957777313e-08,-3.014200699667069e-12,0.2543315240538124,5.35683023999537e-10,5.16536703948145e-10,-5.18495066007079e-12,"{""D"": 5.35683023999537e-10, ""cp"": 1769.1869731874492, ""k"": 0.2543315240538124, ""rho"": 666.904879324437}","{""D"": 5.269173691971729e-09, ""cp"": 2233.597878307508, ""k"": 0.3188330386538205, ""rho"": 701.3728843607345}","[[4.395358927114425e-15, 2.319030774133868e-06], [3.867915855860694e-15, 3.3852089631469795e-08], [1.1955376281751227e-14, 4.4750611549737584e-10]]",323.3150000000273,323.31500000004576,0.13206936972216413,0.40135065906823775,0.0,0.0
48240.0,bdf2,50.165,0.04986,3,8.79071785422882e-15,4.493384553327928e-10,1.659827830735594e-10,1.942890293094024e-16,4.625612700503796e-09,7.318590178329032e-10,3.893753682670893e-09,6.551468859903109e-08,6.551768257454871e-08,-2.993975517619262e-12,0.2542389087557229,5.313746113367464e-10,5.145746756353107e-10,9.80794921841542e-11,"{""D"": 5.313746113367464e-10, ""cp"": 1768.5201430412053, ""k"": 0.2542389087557229, ""rho"": 666.8649092119279}","{""D"": 5.260989851684961e-09, ""cp"": 2232.823451132645, ""k"": 0.31872547932397843, ""rho"": 701.3017636849496}","[[4.3953589271144074e-15, 2.31127919142482e-06], [7.384202997552207e-15, 3.3836324159208786e-08], [8.79071785422882e-15, 4.493384553327928e-10]]",323.3150000000291,323.3150000000466,0.1317571032181859,0.4007950287886692,0.0,0.0
48300.0,bdf2,50.165,0.04986,3,1.125211885341289e-14,4.5116826941082877e-10,4.956746124662459e-10,3.885780586188048e-16,-0.0,7.37543359718984e-10,-7.37543359718984e-10,6.526611389533092e-08,6.526908771866543e-08,-2.973823334511976e-12,0.2541466943973297,5.271015337028699e-10,5.126222162045714e-10,-3.592680960830981e-11,"{""D"": 5.271015337028699e-10, ""cp"": 1767.8561996607737, ""k"": 0.2541466943973297, ""rho"": 666.8251340349865}","{""D"": 5.252823447091333e-09, ""cp"": 2232.051000005469, ""k"": 0.31861819444520406, ""rho"": 701.2308806427293}","[[1.0197232710905432e-14, 2.3035596048437412e-06], [2.3031680778079513e-14, 3.382012456198957e-08], [1.125211885341289e-14, 4.5116826941082877e-10]]",323.3150000000295,323.3150000000466,0.1314463596483318,0.40024125502132263,0.0,0.0
48360.0,bdf2,50.165,0.04986,3,4.5711732841989716e-15,4.529953634424544e-10,1.405169314239174e-10,4.718447854656915e-16,-4.622275153346122e-09,9.36495325731812e-10,-5.558770479077934e-09,6.501875229904471e-08,6.502170604356389e-08,-2.9537445191751194e-12,0.25405487976347896,5.228635594559374e-10,5.106792850709301e-10,5.111333764704466e-11,"{""D"": 5.228635594559374e-10, ""cp"": 1767.1951342970483, ""k"": 0.25405487976347896, ""rho"": 666.7855529669703}","{""D"": 5.244674456379136e-09, ""cp"": 2231.280519643602, ""k"": 0.31851118328383354, ""rho"": 701.1602342532278}","[[3.692101498776092e-15, 2.295871880386713e-06], [7.560017354636755e-15, 3.38034915892127e-08], [4.5711732841989716e-15, 4.529953634424544e-10]]",323.3150000000325,323.3150000000477,0.13113713255445486,0.3996893301033421,0.0,0.0
48420.0,bdf2,50.165,0.04986,3,2.2504237706825776e-14,4.5482007049457707e-10,3.1172930903267115e-10,4.996003610813204e-16,-0.0,8.171241461241152e-10,-8.171241461241152e-10,6.477259864432019e-08,6.477553238376098e-08,-2.9337394407827087e-12,0.2539634636327506,5.186604571565807e-10,5.087458416685653e-10,-9.697169852525248e-11,"{""D"": 5.186604571565807e-10, ""cp"": 1766.5369381558044, ""k"": 0.2539634636327506, ""rho"": 666.7461651814018}","{""D"": 5.236542857552238e-09, ""cp"": 2230.5120047686523, ""k"": 0.31840444510675725, ""rho"": 701.0898235397083}","[[1.4592591638019847e-14, 2.2882158843273714e-06], [1.2658633710089509e-14, 3.378642771112439e-08], [2.2504237706825776e-14, 4.5482007049457707e-10]]",323.31500000003234,323.31500000004667,0.13082941547970123,0.3991392464039709,0.0,0.0
48480.0,bdf2,50.165,0.04986,3,3.3404727846069452e-15,4.566411693218697e-10,4.984030965715647e-10,1.6653345369377348e-16,-9.237933390308673e-09,9.00968188943807e-10,-1.013890157925248e-08,6.45276477664916e-08,6.453056157496422e-08,-2.9138084726248107e-12,0.25387244477754733,5.14491995593199e-10,5.068218454330088e-10,7.741209816974946e-11,"{""D"": 5.14491995593199e-10, ""cp"": 1765.8816023983409, ""k"": 0.25387244477754733, ""rho"": 666.7069698519942}","{""D"": 5.22842862843593e-09, ""cp"": 2229.7454501063507, ""k"": 0.3182979791814376, ""rho"": 701.0196475295297}","[[9.669789639651683e-15, 2.280591483772021e-06], [4.043730212945249e-15, 3.376893431550343e-08], [3.3404727846069452e-15, 4.566411693218697e-10]]",323.31500000003126,323.31500000004723,0.1305232019687053,0.39859099632445133,0.0,0.0
48540.0,bdf2,50.165,0.04986,3,1.1252118853412863e-14,4.584596591250545e-10,1.8326318240724504e-10,2.498001805406602e-16,4.617323318564844e-09,4.646949491871055e-10,4.152628369377739e-09,6.428389450228512e-08,6.428678845425203e-08,-2.8939519669083126e-12,0.2537818219641928,5.103579438040966e-10,5.04907255820469e-10,-9.0345623141531e-11,"{""D"": 5.103579438040966e-10, ""cp"": 1765.2291181421883, ""k"": 0.2537818219641928, ""rho"": 666.6679661526804}","{""D"": 5.220331746674902e-09, ""cp"": 2228.9808503866443, ""k"": 0.3181917847759228, ""rho"": 700.9497052541309}","[[1.933957927930336e-15, 2.2729985459379876e-06], [6.15350249796016e-15, 3.3751012568083993e-08], [1.1252118853412863e-14, 4.584596591250545e-10]]",323.3150000000186,323.3150000000474,0.13021848556781504,0.39804457229789786,0.0,0.0
48600.0,bdf2,50.165,0.04986,3,2.5844710491432776e-14,4.6027473499243854e-10,3.878994903061539e-10,1.1102230246251565e-16,4.615687146968106e-09,9.393374966748524e-10,3.6763496502932536e-09,6.404133368998281e-08,6.404420786024692e-08,-2.8741702641139895e-12,0.2536915939530278,5.062580711035002e-10,5.030020322951182e-10,1.2118115423384742e-10,"{""D"": 5.062580711035002e-10, ""cp"": 1764.5794764618001, ""k"": 0.2536915939530278, ""rho"": 666.6291532576395}","{""D"": 5.21225218973776e-09, ""cp"": 2228.2182003438134, ""k"": 0.31808586115886295, ""rho"": 700.8799957490162}","[[1.2834448067174095e-14, 2.265436938986287e-06], [8.790717854228836e-16, 3.3732664606045404e-08], [2.5844710491432776e-14, 4.6027473499243854e-10]]",323.31500000003314,323.31500000004604,0.12991525982530866,0.39749996678918925,0.0,0.0
48660.0,bdf2,50.165,0.04986,3,1.1252118853412904e-14,4.620873683691684e-10,6.048139766789973e-11,2.7755575615628914e-16,-0.0,7.94386778579792e-10,-7.94386778579792e-10,6.379996016956234e-08,6.380281463327262e-08,-2.8544637102812702e-12,0.2536017594985001,5.021921471005514e-10,5.011061343222062e-10,-1.8495417438797205e-11,"{""D"": 5.021921471005514e-10, ""cp"": 1763.932668389201, ""k"": 0.2536017594985001, ""rho"": 666.5905303413236}","{""D"": 5.204189934919513e-09, ""cp"": 2227.45749471658, ""k"": 0.31798020759952506, ""rho"": 700.810518053741}","[[2.637215356268647e-15, 2.257906531188958e-06], [2.285586642099496e-15, 3.3713892233500076e-08], [1.1252118853412904e-14, 4.620873683691684e-10]]",323.3150000000314,323.3150000000462,0.1296135182915908,0.39695717229485145,0.0,0.0
48720.0,bdf2,50.165,0.04986,3,9.493975282567142e-15,4.6389617147646334e-10,2.3305801732931286e-10,1.3877787807814457e-16,4.612436328069562e-09,7.673861546209082e-10,3.845050173448654e-09,6.355976878289788e-08,6.356260361555291e-08,-2.8348326550362385e-12,0.2535123173492707,4.981599417264562e-10,4.992195213965252e-10,-8.025367727700034e-11,"{""D"": 4.981599417264562e-10, ""cp"": 1763.288684914749, ""k"": 0.2535123173492707, ""rho"": 666.5520965784884}","{""D"": 5.196144959341009e-09, ""cp"": 2226.6987282482132, ""k"": 0.31787482336780737, ""rho"": 700.7412712118966}","[[5.2744307125373016e-15, 2.2504071913176382e-06], [1.0548861425074603e-14, 3.369469714353812e-08], [9.493975282567142e-15, 4.6389617147646334e-10]]",323.3150000000298,323.31500000004604,0.12931325451944115,0.39641618134294204,0.0,0.0
48780.0,bdf2,50.165,0.04986,3,1.3361891138427781e-14,4.657018104481381e-10,1.475655153626576e-10,2.220446049250313e-16,-0.0,6.366462912410498e-10,-6.366462912410498e-10,6.33207543739715e-08,6.33235696513835e-08,-2.815277411992843e-12,0.2534232662483097,4.941612252545074e-10,4.973421530362227e-10,1.9552081874182035e-11,"{""D"": 4.941612252545074e-10, ""cp"": 1762.6475169878297, ""k"": 0.2534232662483097, ""rho"": 666.5138511442213}","{""D"": 5.188117239953429e-09, ""cp"": 2225.9418956866352, ""k"": 0.3177697077342549, ""rho"": 700.672254271096}","[[4.219544570029827e-15, 2.242938788643567e-06], [8.087460425890503e-15, 3.367508100149408e-08], [1.3361891138427781e-14, 4.657018104481381e-10]]",323.31500000002546,323.31500000004723,0.12901446206422937,0.39587698649293773,0.0,0.0
48840.0,bdf2,50.165,0.04986,3,7.384202997552187e-15,4.675037856838316e-10,3.2036950869951397e-10,1.6653345369377348e-16,-4.609214056040084e-09,6.323830348264892e-10,-5.241597090866573e-09,6.308291178899714e-08,6.308570758732351e-08,-2.7957983263699497e-12,0.253334604933,4.901957683235705e-10,4.954739887532989e-10,7.752588845777449e-11,"{""D"": 4.901957683235705e-10, ""cp"": 1762.0091555176, ""k"": 0.253334604933, ""rho"": 666.4757932139718}","{""D"": 5.180106753538593e-09, ""cp"": 2225.186991784529, ""k"": 0.3176648599700735, ""rho"": 700.6034662829594}","[[4.043730212945245e-15, 2.235501193159628e-06], [9.318160925482525e-15, 3.3655046222103024e-08], [7.384202997552187e-15, 4.675037856838316e-10]]",323.31500000002495,323.3150000000476,0.1287171344841544,0.39533958033562,0.0,0.0
48900.0,bdf2,50.165,0.04986,3,5.801873783791009e-15,4.693024024948755e-10,7.685230229981244e-11,4.718447854656915e-16,4.607613567644784e-09,1.0246026249660645e-09,3.5830109426787194e-09,6.284623587667399e-08,6.284901227237661e-08,-2.776395702622963e-12,0.25324633213523745,4.862633419596967e-10,4.9361498809281e-10,1.0177413269991901e-10,"{""D"": 4.862633419596967e-10, ""cp"": 1761.3735913737096, ""k"": 0.25324633213523745, ""rho"": 666.4379219635803}","{""D"": 5.172113476712039e-09, ""cp"": 2224.4340112994432, ""k"": 0.31756027934714487, ""rho"": 700.5349063030992}","[[8.790717854228802e-15, 2.2280942750807498e-06], [2.2855866420994886e-15, 3.3634594664988526e-08], [5.801873783791009e-15, 4.693024024948755e-10]]",323.3150000000358,323.3150000000473,0.12842126534047077,0.39480395549296227,0.0,0.0
48960.0,bdf2,50.165,0.04986,3,1.7581435708457573e-14,4.710968837251528e-10,2.955857780762017e-10,5.828670879282072e-16,-0.0,6.508571459562518e-10,-6.508571459562518e-10,6.261072148829576e-08,6.261347855816528e-08,-2.757069869519781e-12,0.2531584465815282,4.823637175965646e-10,4.917651106299561e-10,-4.851908518923915e-11,"{""D"": 4.823637175965646e-10, ""cp"": 1760.7408153870033, ""k"": 0.2531584465815282, ""rho"": 666.4002365693065}","{""D"": 5.164137385924828e-09, ""cp"": 2223.6829489939, ""k"": 0.31745596513804164, ""rho"": 700.4665733911066}","[[9.142346568397942e-15, 2.22071790506595e-06], [1.1603747567582e-14, 3.36137282452853e-08], [1.7581435708457573e-14, 4.710968837251528e-10]]",323.31500000002603,323.31500000004786,0.12812684819770662,0.3942701046180203,0.0,0.0
49020.0,bdf2,50.165,0.04986,3,1.4065148566766115e-14,4.728878955084781e-10,7.958078640513122e-11,1.6653345369377348e-16,-4.604433770307792e-09,7.389644451905042e-10,-5.3433982154982965e-09,6.237636347804365e-08,6.23791012991617e-08,-2.7378211180559254e-12,0.25307094699310806,4.784966671002938e-10,4.899243159403083e-10,2.2871015681071586e-11,"{""D"": 4.784966671002938e-10, ""cp"": 1760.110818350378, ""k"": 0.25307094699310806, ""rho"": 666.3627362078659}","{""D"": 5.1561784574645355e-09, ""cp"": 2222.9337996354843, ""k"": 0.3173519166160395, ""rho"": 700.3984666105356}","[[1.1076304496328316e-14, 2.2133719543848684e-06], [1.4768405995104417e-14, 3.359244904466152e-08], [1.4065148566766115e-14, 4.728878955084781e-10]]",323.315000000028,323.31500000004655,0.12783387662395213,0.3937380203948093,0.0,0.0
49080.0,bdf2,50.165,0.04986,3,1.564747778052726e-14,4.746753823337002e-10,2.9831426218152046e-10,1.3877787807814457e-16,-0.0,6.508571459562518e-10,-6.508571459562518e-10,6.214315670308586e-08,6.214587535284669e-08,-2.7186497608262584e-12,0.2529838320860345,4.746619627869518e-10,4.880925636392316e-10,-6.898387233943677e-11,"{""D"": 4.746619627869518e-10, ""cp"": 1759.4835910194483, ""k"": 0.2529838320860345, ""rho"": 666.3254200564554}","{""D"": 5.1482366674592046e-09, ""cp"": 2222.186557996957, ""k"": 0.317248133055133, ""rho"": 700.3305850288896}","[[1.0021418353820829e-14, 2.2060562948067464e-06], [8.61490349714421e-15, 3.3570758700696146e-08], [1.564747778052726e-14, 4.746753823337002e-10]]",323.31500000002603,323.31500000004746,0.12754234419105837,0.39320769553820023,0.0,0.0
49140.0,bdf2,50.165,0.04986,3,4.571173284198993e-15,4.764585392891263e-10,4.2177816794719547e-10,1.1102230246251565e-16,-0.0,7.176481631177012e-10,-7.176481631177012e-10,6.191109602384277e-08,6.191379557992348e-08,-2.6995560807133147e-12,0.2528971005713,4.708593774456913e-10,4.862698133693756e-10,6.513445633244645e-11,"{""D"": 4.708593774456913e-10, ""cp"": 1758.8591241133602, ""k"": 0.2528971005713, ""rho"": 666.2882872927878}","{""D"": 5.140311991876417e-09, ""cp"": 2221.4412188563547, ""k"": 0.3171446137300493, ""rho"": 700.2629277176071}","[[1.1779561924666636e-14, 2.1987707982118465e-06], [6.505131212129338e-15, 3.354866023874692e-08], [4.571173284198993e-15, 4.764585392891263e-10]]",323.3150000000287,323.31500000004615,0.12725224447490435,0.39267912279380585,0.0,0.0
49200.0,bdf2,50.165,0.04986,3,2.074609413598005e-14,4.782380602641467e-10,3.8767211663071066e-10,2.7755575615628914e-16,4.599716672705597e-09,5.215383680479135e-10,4.0781783046576836e-09,6.168017630413502e-08,6.168285684450722e-08,-2.6805403721933924e-12,0.2528107511549361,4.67088684357915e-10,4.844560247776048e-10,-3.932719802634869e-11,"{""D"": 4.67088684357915e-10, ""cp"": 1758.23740831554, ""k"": 0.2528107511549361, ""rho"": 666.2513370951211}","{""D"": 5.132404406528935e-09, ""cp"": 2220.6977769970854, ""k"": 0.31704135791626187, ""rho"": 700.195493752047}","[[5.80187378379103e-15, 2.1915153374241214e-06], [6.32931685504476e-15, 3.3526155213126074e-08], [2.074609413598005e-14, 4.782380602641467e-10]]",323.31500000002086,323.3150000000461,0.12696357105563402,0.3921522949378674,0.0,0.0
49260.0,bdf2,50.165,0.04986,3,9.49397528256714e-15,4.800130015691906e-10,5.3887561080046e-11,1.6653345369377348e-16,-0.0,6.30961949354969e-10,-6.30961949354969e-10,6.145039241142658e-08,6.145305401433728e-08,-2.661602910697783e-12,0.25272478253812636,4.633496573188918e-10,4.826511575739149e-10,3.790047117621509e-11,"{""D"": 4.633496573188918e-10, ""cp"": 1757.6184342745098, ""k"": 0.25272478253812636, ""rho"": 666.214568642294}","{""D"": 5.1245138870728745e-09, ""cp"": 2219.9562272080266, ""k"": 0.3169383648900037, ""rho"": 700.1282822114741}","[[5.626059426706451e-15, 2.184289785434057e-06], [8.087460425890525e-15, 3.35032463716356e-08], [9.49397528256714e-15, 4.800130015691906e-10]]",323.31500000002524,323.31500000004615,0.1266763175179216,0.39162720477714186,0.0,0.0
49320.0,bdf2,50.165,0.04986,3,1.002141835382086e-14,4.81783640760014e-10,2.362412487855181e-10,1.942890293094024e-16,-0.0,7.489120434911456e-10,-7.489120434911456e-10,6.12217392169994e-08,6.122438196096687e-08,-2.642743967475553e-12,0.2526391934173109,4.5964207065616195e-10,4.808551714664291e-10,1.20135121028632e-12,"{""D"": 4.5964207065616195e-10, ""cp"": 1757.0021926046386, ""k"": 0.2526391934173109, ""rho"": 666.1779811137548}","{""D"": 5.11664040901207e-09, ""cp"": 2219.2165642836276, ""k"": 0.3168356339282816, ""rho"": 700.0612921790455}","[[1.9339579279303405e-15, 2.1770940158982732e-06], [4.219544570029831e-15, 3.347993560165463e-08], [1.002141835382086e-14, 4.81783640760014e-10]]",323.31500000002995,323.31500000004644,0.1263904774512086,0.39110384514879315,0.0,0.0
49380.0,bdf2,50.165,0.04986,3,6.68094556921391e-15,4.835502831479488e-10,1.3915268937125802e-10,5.551115123125783e-16,-0.0,7.02016222930979e-10,-7.02016222930979e-10,6.099421159616029e-08,6.09968355599749e-08,-2.6239638146095673e-12,0.2525539824842998,4.5596569924994364e-10,4.790680262123045e-10,6.094219969007718e-11,"{""D"": 4.5596569924994364e-10, ""cp"": 1756.3886738869583, ""k"": 0.2525539824842998, ""rho"": 666.1415736895959}","{""D"": 5.108783947699158e-09, ""cp"": 2218.478783024, ""k"": 0.3167331643088889, ""rho"": 699.9945227417957}","[[3.692101498776109e-15, 2.1699279026954343e-06], [1.1427933210497476e-14, 3.345622520689595e-08], [6.68094556921391e-15, 4.835502831479488e-10]]",323.3150000000275,323.31500000004627,0.12610604444996862,0.39058220892027845,0.0,0.0
49440.0,bdf2,50.165,0.04986,3,8.439089140059685e-15,4.853125123993607e-10,1.6484591469634324e-10,3.0531133177191805e-16,-0.0,5.343281372915953e-10,-5.343281372915953e-10,6.076780442846568e-08,6.077040969116988e-08,-2.6052627041980063e-12,0.25246914842638324,4.5232031855242e-10,4.772896815968913e-10,3.2486754072994284e-11,"{""D"": 4.5232031855242e-10, ""cp"": 1755.7778686699592, ""k"": 0.25246914842638324, ""rho"": 666.1053455505872}","{""D"": 5.100944478337467e-09, ""cp"": 2217.7428782350216, ""k"": 0.3166309553104197, ""rho"": 699.9279729906228}","[[6.6809455692139165e-15, 2.162791320203805e-06], [7.560017354636803e-15, 3.343211787965039e-08], [8.439089140059685e-15, 4.853125123993607e-10]]",323.3150000000213,323.3150000000459,0.12582301211396235,0.39006228898924056,0.0,0.0
49500.0,bdf2,50.165,0.04986,3,3.5162871416915473e-15,4.870702174919472e-10,2.4851942725945264e-10,2.220446049250313e-16,-0.0,6.480149750132114e-10,-6.480149750132114e-10,6.054251259791061e-08,6.054509923880662e-08,-2.5866408960152873e-12,0.252384689926447,4.4870570460693245e-10,4.755200974430735e-10,3.4196315739324727e-11,"{""D"": 4.4870570460693245e-10, ""cp"": 1755.1697674704185, ""k"": 0.252384689926447, ""rho"": 666.069295878209}","{""D"": 5.093121975984068e-09, ""cp"": 2217.008844728426, ""k"": 0.31652900621228136, ""rho"": 699.8616420202748}","[[3.867915855860701e-15, 2.1556841436343177e-06], [9.84560399673633e-15, 3.340761578485285e-08], [3.5162871416915473e-15, 4.870702174919472e-10]]",323.31500000002444,323.31500000004485,0.1255413740485083,0.3895440782833968,0.0,0.0
49560.0,bdf2,50.165,0.04986,3,1.7757250065542295e-14,4.888232596478304e-10,6.673417374258861e-11,1.942890293094024e-16,-0.0,3.936406756110955e-10,-3.936406756110955e-10,6.031833099315112e-08,6.032089909177863e-08,-2.568098627508568e-12,0.2523006056630791,4.451216340653973e-10,4.737592336096581e-10,4.195815649803624e-11,"{""D"": 4.451216340653973e-10, ""cp"": 1754.5643607741695, ""k"": 0.2523006056630791, ""rho"": 666.0334238546845}","{""D"": 5.085316415549571e-09, ""cp"": 2216.2766773218846, ""k"": 0.3164273162947062, ""rho"": 699.7955289293336}","[[7.38420299755224e-15, 2.148606248142393e-06], [6.5051312121293555e-15, 3.3382721476016286e-08], [1.7757250065542295e-14, 4.888232596478304e-10]]",323.3150000000152,323.3150000000452,0.1252611238647233,0.389027569760419,0.0,0.0
49620.0,bdf2,50.165,0.04986,3,6.6809455692139575e-15,4.905721384673711e-10,2.2305357560981065e-10,5.828670879282072e-16,-0.0,6.707523425575346e-10,-6.707523425575346e-10,6.009525450770508e-08,6.0097804143845e-08,-2.54963613992342e-12,0.25221689431068894,4.4156788420860254e-10,4.720070499821845e-10,6.127562827250412e-12,"{""D"": 4.4156788420860254e-10, ""cp"": 1753.9616390369604, ""k"": 0.25221689431068894, ""rho"": 665.9977286630152}","{""D"": 5.077527771801046e-09, ""cp"": 2215.546370839125, ""k"": 0.31632588483876733, ""rho"": 699.7296328202036}","[[1.4065148566766238e-15, 2.1415575096606076e-06], [8.790717854228908e-15, 3.335743727073126e-08], [6.6809455692139575e-15, 4.905721384673711e-10]]",323.31500000002626,323.315000000044,0.12498225517980627,0.38851275640784083,0.0,0.0
49680.0,bdf2,50.165,0.04986,3,9.142346568398088e-15,4.92315882505423e-10,5.161382432561368e-10,5.551115123125783e-17,-0.0,8.782308213994838e-10,-8.782308213994838e-10,5.987327804016923e-08,5.987580929382823e-08,-2.5312536590073585e-12,0.2521335545396166,4.380442329619508e-10,4.702635065079693e-10,-1.481943856256421e-11,"{""D"": 4.380442329619508e-10, ""cp"": 1753.3615926852397, ""k"": 0.2521335545396166, ""rho"": 665.9622094870125}","{""D"": 5.069756019365416e-09, ""cp"": 2214.817920110004, ""k"": 0.3162247111263894, ""rho"": 699.6639527990959}","[[1.3361891138427977e-14, 2.134537804454606e-06], [1.3010262424258818e-14, 3.333176590292197e-08], [9.142346568398088e-15, 4.92315882505423e-10]]",323.3150000000325,323.3150000000425,0.1247047616172853,0.38799963124293674,0.0,0.0
49740.0,bdf2,50.165,0.04986,3,7.735831711721408e-15,4.940549080956202e-10,7.09405867382884e-11,3.608224830031759e-16,4.585938120247121e-09,7.460698725481052e-10,3.839868247699016e-09,5.965239649441397e-08,5.965490944583127e-08,-2.5129514172973973e-12,0.252050585016249,4.3455045891439415e-10,4.685285631582192e-10,1.4613204187378533e-12,"{""D"": 4.3455045891439415e-10, ""cp"": 1752.7642121169927, ""k"": 0.252050585016249, ""rho"": 665.926865511333}","{""D"": 5.06200113272903e-09, ""cp"": 2214.091319970601, ""k"": 0.3161237944403612, ""rho"": 699.5984879760146}","[[8.263274782975152e-15, 2.127547009289632e-06], [9.318160925482623e-15, 3.330570991222359e-08], [7.735831711721408e-15, 4.940549080956202e-10]]",323.3150000000297,323.3150000000447,0.12442863680728909,0.3874881873126137,0.0,0.0
49800.0,bdf2,50.165,0.04986,3,3.867915855860718e-15,4.957889515599945e-10,8.640199666842818e-11,3.885780586188048e-16,4.5844411631115215e-09,6.59383658785373e-10,3.9250575043261485e-09,5.943260477985071e-08,5.943509950946312e-08,-2.4947296124102933e-12,0.2519679844031392,4.310863413361391e-10,4.668021799569624e-10,1.4154666180508935e-11,"{""D"": 4.310863413361391e-10, ""cp"": 1752.1694877026025, ""k"": 0.2519679844031392, ""rho"": 665.8916959215142}","{""D"": 5.054263086239825e-09, ""cp"": 2213.366565263312, ""k"": 0.3160231340643489, ""rho"": 699.533237464743}","[[1.3713519852597092e-14, 2.1205850014305305e-06], [1.4065148566766249e-14, 3.327927197704916e-08], [3.867915855860718e-15, 4.957889515599945e-10]]",323.3150000000264,323.3150000000435,0.1241538743868289,0.3869784176933046,0.0,0.0
49860.0,bdf2,50.165,0.04986,3,3.252565606064697e-14,4.975183182098775e-10,4.49745130026713e-10,8.326672684688674e-17,4.582950915650015e-09,4.320099833421409e-10,4.150940932307874e-09,5.921389781156267e-08,5.921637440003851e-08,-2.4765884758441216e-12,0.25188575135911717,4.276516601946083e-10,4.650843169642213e-10,-7.25843028279692e-11,"{""D"": 4.276516601946083e-10, ""cp"": 1751.5774097856438, ""k"": 0.25188575135911717, ""rho"": 665.8566999040062}","{""D"": 5.046541854110775e-09, ""cp"": 2212.643650836939, ""k"": 0.31592272928290815, ""rho"": 699.46820038283}","[[8.966532211313494e-15, 2.1136516582531684e-06], [4.5711732841990355e-15, 3.3252454276211374e-08], [3.252565606064697e-14, 4.975183182098775e-10]]",323.3150000000173,323.31500000004326,0.12388046800004815,0.3864703154908593,0.0,0.0
49920.0,bdf2,50.165,0.04986,3,2.0394465421811057e-14,4.992421892557886e-10,3.0377123039215803e-10,4.996003610813204e-16,4.581467353392855e-09,3.097966327914037e-10,4.271670720601451e-09,5.899627051061319e-08,5.8998729038800575e-08,-2.4585281873882428e-12,0.25180388453940805,4.2424619617185454e-10,4.633749342943386e-10,-6.98018852993282e-11,"{""D"": 4.2424619617185454e-10, ""cp"": 1750.9879686837382, ""k"": 0.25180388453940805, ""rho"": 665.8218766462081}","{""D"": 5.038837410420831e-09, ""cp"": 2211.9225715467664, ""k"": 0.3158225793814953, ""rho"": 699.4033758515752}","[[8.966532211313478e-15, 2.1067468582991467e-06], [4.043730212945296e-15, 3.322525980731239e-08], [2.0394465421811057e-14, 4.992421892557886e-10]]",323.3150000000124,323.31500000004354,0.12360841129850073,0.38596387384043107,0.0,0.0
49980.0,bdf2,50.165,0.04986,3,9.845603996736384e-15,5.009609255202108e-10,1.3142198440618813e-10,1.6653345369377348e-16,-0.0,6.52278231427772e-10,-6.52278231427772e-10,5.877971780419945e-08,5.878215835313827e-08,-2.44054893881621e-12,0.25172238259574964,4.208697306807018e-10,4.616739921054809e-10,3.440540331782806e-11,"{""D"": 4.208697306807018e-10, ""cp"": 1750.4011546893973, ""k"": 0.25172238259574964, ""rho"": 665.7872253365022}","{""D"": 5.031149729115799e-09, ""cp"": 2211.2033222546647, ""k"": 0.3157226836464812, ""rho"": 699.3387629960162}","[[1.6702363923034932e-14, 2.099870479888022e-06], [8.790717854228906e-15, 3.319769117937632e-08], [9.845603996736384e-15, 5.009609255202108e-10]]",323.3150000000248,323.31500000004314,0.12333769794142284,0.3854590859063758,0.0,0.0
50040.0,bdf2,50.165,0.04986,3,8.263274782975173e-15,5.026742216918123e-10,5.002220859751105e-11,1.1102230246251565e-16,-0.0,5.343281372915953e-10,-5.343281372915953e-10,5.856423462586126e-08,5.856665727679364e-08,-2.422650932383609e-12,0.2516412441765056,4.1752204587972414e-10,4.5998145061443353e-10,7.495310190296803e-12,"{""D"": 4.1752204587972414e-10, ""cp"": 1749.81695807084, ""k"": 0.2516412441765056, ""rho"": 665.752745164287}","{""D"": 5.0234787840119315e-09, ""cp"": 2210.4858978291645, ""k"": 0.3156230413651617, ""rho"": 699.2743609449138}","[[4.922801998368192e-15, 2.0930224020054844e-06], [1.037304706799012e-14, 3.316975159817215e-08], [8.263274782975173e-15, 5.026742216918123e-10]]",323.3150000000211,323.3150000000434,0.12306832159599206,0.3849559448821391,0.0,0.0
50100.0,bdf2,50.165,0.04986,3,8.43908914005976e-15,5.043827994155592e-10,2.637534635141492e-10,1.6653345369377348e-16,-4.577056532196594e-09,8.000711204658728e-10,-5.377127652662467e-09,5.8349815915763524e-08,5.8352220750096216e-08,-2.4048343326927644e-12,0.2515604679267893,4.1420292469106746e-10,4.582972700660689e-10,8.449680861263516e-11,"{""D"": 4.1420292469106746e-10, ""cp"": 1749.2353690728833, ""k"": 0.2515604679267893, ""rho"": 665.7184353200154}","{""D"": 5.015824548796606e-09, ""cp"": 2209.7702931455406, ""k"": 0.3155236518257695, ""rho"": 699.2101688307387}","[[4.219544570029874e-15, 2.0862025040813137e-06], [5.450245069621919e-15, 3.314144246535644e-08], [8.43908914005976e-15, 5.043827994155592e-10]]",323.3150000000305,323.315000000043,0.12280027593762027,0.38445444399014617,0.0,0.0
50160.0,bdf2,50.165,0.04986,3,1.2834448067174257e-14,5.060857288796683e-10,8.503775461576879e-11,2.220446049250313e-16,4.575599464803075e-09,7.204903340607416e-10,3.855109130742333e-09,5.813645662084175e-08,5.813884372015906e-08,-2.3870993173095752e-12,0.25148005248857375,4.109121508133705e-10,4.5662141079250023e-10,-3.4560001044155504e-11,"{""D"": 4.109121508133705e-10, ""cp"": 1748.6563779177313, ""k"": 0.25148005248857375, ""rho"": 665.6842949952254}","{""D"": 5.008186997030323e-09, ""cp"": 2209.056503085911, ""k"": 0.3154245143174877, ""rho"": 699.1461857896584}","[[1.5647477780527497e-14, 2.079410666155912e-06], [2.777866841936343e-14, 3.311276827733245e-08], [1.2834448067174257e-14, 5.060857288796683e-10]]",323.3150000000275,323.31500000004206,0.12253355465019883,0.3839545764817057,0.0,0.0
50220.0,bdf2,50.165,0.04986,3,1.916376492221895e-14,5.077835513178641e-10,4.076810000697151e-10,1.1102230246251565e-16,4.574148959341651e-09,4.519051799434237e-10,4.122243779398228e-09,5.7924151695070943e-08,5.7926521141113204e-08,-2.3694460422601573e-12,0.251399996500815,4.076495087385284e-10,4.549538331594971e-10,-6.649510557523413e-11,"{""D"": 4.076495087385284e-10, ""cp"": 1748.0799748058685, ""k"": 0.251399996500815, ""rho"": 665.6503233825781}","{""D"": 5.000566102149659e-09, ""cp"": 2208.344522539301, ""k"": 0.3153256281304585, ""rho"": 699.0824109615218}","[[1.2131190638835846e-14, 2.072646768547237e-06], [2.1097722850149307e-14, 3.308372992227859e-08], [1.916376492221895e-14, 5.077835513178641e-10]]",323.3150000000181,323.31500000004456,0.12226815142639151,0.3834563356368888,0.0,0.0
50280.0,bdf2,50.165,0.04986,3,2.5668896134348417e-14,5.094756283519075e-10,2.8478552849264815e-11,1.1102230246251565e-16,-0.0,7.105427357601002e-10,-7.105427357601002e-10,5.7712896099658345e-08,5.771524797432669e-08,-2.3518746683418044e-12,0.2513202985995712,4.044147837661432e-10,4.532944975833929e-10,-5.50630286461234e-11,"{""D"": 4.044147837661432e-10, ""cp"": 1747.5061499169128, ""k"": 0.2513202985995712, ""rho"": 665.6165196758923}","{""D"": 4.992961837465903e-09, ""cp"": 2207.6343464017446, ""k"": 0.3152269925557978, ""rho"": 699.0188434898478}","[[8.263274782975175e-15, 2.0659106921283588e-06], [2.0570279778895646e-14, 3.3054332007620424e-08], [2.5668896134348417e-14, 5.094756283519075e-10]]",323.3150000000284,323.3150000000433,0.12200405996790836,0.38295971476443563,0.0,0.0
50340.0,bdf2,50.165,0.04986,3,7.0325742833830945e-15,5.111616546704667e-10,3.128661774098873e-10,2.498001805406602e-16,4.571267534867046e-09,7.034373084024992e-10,3.867830226464547e-09,5.750268480327784e-08,5.750501918860884e-08,-2.3343853310003785e-12,0.2512409574181153,4.01207762016392e-10,4.516433645614671e-10,-1.2162119225185535e-11,"{""D"": 4.01207762016392e-10, ""cp"": 1746.9348934104303, ""k"": 0.2512409574181153, ""rho"": 665.5828830701774}","{""D"": 4.985374176171453e-09, ""cp"": 2206.925969576333, ""k"": 0.3151286068856018, ""rho"": 698.9554825218083}","[[1.1252118853412942e-14, 2.0592023178278573e-06], [1.4592591638019922e-14, 3.302457721177099e-08], [7.0325742833830945e-15, 5.111616546704667e-10]]",323.31500000002814,323.31500000004485,0.12174127398576105,0.38246470720162773,0.0,0.0
50400.0,bdf2,50.165,0.04986,3,1.9515393636388107e-14,5.128425600853248e-10,1.405169314239174e-10,1.6653345369377348e-16,-0.0,7.94386778579792e-10,-7.94386778579792e-10,5.729351278225313e-08,5.729582976043683e-08,-2.3169781837010444e-12,0.2511619715870569,3.9802823044574245e-10,4.500003946387226e-10,-4.2073870164729505e-11,"{""D"": 3.9802823044574245e-10, ""cp"": 1746.3661954268098, ""k"": 0.2511619715870569, ""rho"": 665.5494127616699}","{""D"": 4.977803091337271e-09, ""cp"": 2206.219386973342, ""k"": 0.3150304704129641, ""rho"": 698.892327208219}","[[5.098616355452747e-15, 2.05252152785107e-06], [2.355912384933339e-14, 3.2994466880875706e-08], [1.9515393636388107e-14, 5.128425600853248e-10]]",323.3150000000318,323.3150000000445,0.12147978720054604,0.38197130631421083,0.0,0.0
50460.0,bdf2,50.165,0.04986,3,4.571173284199012e-15,5.145172760068206e-10,3.624336386565119e-10,1.1102230246251565e-16,4.568412059573921e-09,9.478640095039736e-10,3.6205480500699477e-09,5.7085375020820555e-08,5.708767467417116e-08,-2.299653350606921e-12,0.25108333973445957,3.948759768596292e-10,4.483655484149471e-10,2.5782516138361666e-11,"{""D"": 3.948759768596292e-10, ""cp"": 1745.8000460881087, ""k"": 0.25108333973445957, ""rho"": 665.5161079478673}","{""D"": 4.970248555917813e-09, ""cp"": 2205.5145935102673, ""k"": 0.3149325824319816, ""rho"": 698.8293767035216}","[[7.735831711721403e-15, 2.0458682036261777e-06], [9.669789639651756e-15, 3.296400548358225e-08], [4.571173284199012e-15, 5.145172760068206e-10]]",323.31500000003024,323.31500000004485,0.12121959334271395,0.38147950549626247,0.0,0.0
50520.0,bdf2,50.165,0.04986,3,8.087460425890538e-15,5.161863575464665e-10,9.00399754755199e-11,1.6653345369377348e-16,-0.0,8.483880264975596e-10,-8.483880264975596e-10,5.6878266511319075e-08,5.68805489222736e-08,-2.2824109545245502e-12,0.2510050604859595,3.917507899258501e-10,4.467387865646703e-10,-1.852565731177157e-11,"{""D"": 3.917507899258501e-10, ""cp"": 1745.2364354989083, ""k"": 0.2510050604859595, ""rho"": 665.4829678275638}","{""D"": 4.962710542751033e-09, ""cp"": 2204.8115841119343, ""k"": 0.31483494223776864, ""rho"": 698.7666301657733}","[[8.790717854228843e-15, 2.0392422284687406e-06], [1.3713519852596996e-14, 3.2933195365236756e-08], [8.087460425890538e-15, 5.161863575464665e-10]]",323.3150000000332,323.3150000000457,0.120960686152842,0.38098929817010396,0.0,0.0
50580.0,bdf2,50.165,0.04986,3,1.3361891138427795e-14,5.178494161262037e-10,4.233697836752981e-10,2.0816681711721685e-16,-0.0,7.077005648170598e-10,-7.077005648170598e-10,5.66721822544084e-08,5.6674447505527536e-08,-2.2652511191339777e-12,0.25092713246488524,3.8865245918805584e-10,4.4512006982132316e-10,6.623303378263171e-11,"{""D"": 3.8865245918805584e-10, ""cp"": 1744.6753537471739, ""k"": 0.25092713246488524, ""rho"": 665.4499916008845}","{""D"": 4.955189024560542e-09, ""cp"": 2204.1103537105537, ""k"": 0.31473754912646573, ""rho"": 698.7040867566315}","[[1.4065148566766093e-14, 2.032643484750629e-06], [1.582329213761186e-14, 3.290203981487494e-08], [1.3361891138427795e-14, 5.178494161262037e-10]]",323.31500000002734,323.3150000000469,0.12070305938190942,0.38050067778618324,0.0,0.0
50640.0,bdf2,50.165,0.04986,3,1.2482819353004927e-14,5.195067848129398e-10,6.65295374346897e-10,1.1102230246251565e-16,4.5641770637590036e-09,7.005951374594588e-10,3.863581926299545e-09,5.6467117259314e-08,5.646936543325693e-08,-2.2481739429292532e-12,0.25084955429237676,3.8558077507809765e-10,4.435093589953082e-10,8.477985816682259e-11,"{""D"": 3.8558077507809765e-10, ""cp"": 1744.1167909051128, ""k"": 0.25084955429237676, ""rho"": 665.4171784693211}","{""D"": 4.9476839739572475e-09, ""cp"": 2203.4108972458152, ""k"": 0.3146404023952521, ""rho"": 698.6417456413415}","[[1.4065148566766118e-15, 2.0260718563980262e-06], [1.0021418353820859e-14, 3.2870541066820635e-08], [1.2482819353004927e-14, 5.195067848129398e-10]]",323.315000000028,323.31500000004655,0.12044670679157117,0.38001363782297976,0.0,0.0
50700.0,bdf2,50.165,0.04986,3,8.087460425890517e-15,5.211580472730404e-10,2.1645973902195692e-10,1.5265566588595902e-16,-4.5627781560267325e-09,7.94386778579792e-10,-5.3571649346065246e-09,5.626306654399589e-08,5.626529772352683e-08,-2.2311795309358448e-12,0.2507723245874978,3.8253552892800225e-10,4.419066149497327e-10,1.640976090678498e-11,"{""D"": 3.8253552892800225e-10, ""cp"": 1743.5607370299842, ""k"": 0.2507723245874978, ""rho"": 665.3845276357642}","{""D"": 4.940195363442028e-09, ""cp"": 2202.7132096649475, ""k"": 0.3145435013423538, ""rho"": 698.5796059887217}","[[7.03257428338306e-15, 2.0195272269485365e-06], [1.3889334209681541e-14, 3.283870238235398e-08], [8.087460425890517e-15, 5.211580472730404e-10]]",323.3150000000295,323.3150000000465,0.12019162215440854,0.37952817178688797,0.0,0.0
50760.0,bdf2,50.165,0.04986,3,2.004283670764167e-14,5.228034255511105e-10,1.3005774235352874e-10,1.1102230246251565e-16,4.5613855851345676e-09,5.144329406903125e-10,4.046952644444255e-09,5.6060025135387025e-08,5.606223940336807e-08,-2.2142679810456148e-12,0.25069544196735755,3.795165129819639e-10,4.4031179862956015e-10,-1.247983495747814e-11,"{""D"": 3.795165129819639e-10, ""cp"": 1743.0071821649744, ""k"": 0.25069544196735755, ""rho"": 665.3520383045388}","{""D"": 4.9327231654066406e-09, ""cp"": 2202.017285922809, ""k"": 0.31444684526705685, ""rho"": 698.517666971152}","[[5.450245069621861e-15, 2.013009480827943e-06], [7.560017354636773e-15, 3.280652730031086e-08], [2.004283670764167e-14, 5.228034255511105e-10]]",323.3150000000206,323.31500000004723,0.1199377992542101,0.37904427321212564,0.0,0.0
50820.0,bdf2,50.165,0.04986,3,3.164658427522377e-15,5.24442128613245e-10,6.718892109347507e-10,1.1102230246251565e-16,-0.0,5.485389920067973e-10,-5.485389920067973e-10,5.58579880696357e-08,5.5860185509004645e-08,-2.1974393689422805e-12,0.2506189050472333,3.7652352040907517e-10,4.387248710525897e-10,4.008001614698425e-11,"{""D"": 3.7652352040907517e-10, ""cp"": 1742.4561163400797, ""k"": 0.2506189050472333, ""rho"": 665.3197096814407}","{""D"": 4.925267352134574e-09, ""cp"": 2201.3231209819423, ""k"": 0.3143504334697142, ""rho"": 698.4559277645586}","[[2.1625165921402908e-14, 2.006518502850607e-06], [8.790717854228816e-15, 3.277401856849327e-08], [3.164658427522377e-15, 5.24442128613245e-10]]",323.31500000002194,323.31500000004644,0.11968523188625581,0.37856193566061414,0.0,0.0
50880.0,bdf2,50.165,0.04986,3,9.669789639651715e-15,5.260746838153807e-10,1.0913936421275139e-10,1.5265566588595902e-16,-0.0,7.318590178329032e-10,-7.318590178329032e-10,5.5656950392265965e-08,5.5659131086046796e-08,-2.1806937808312968e-12,0.25054271244068027,3.7355634531320016e-10,4.3714579330646006e-10,4.164043175774563e-11,"{""D"": 3.7355634531320016e-10, ""cp"": 1741.9075295728978, ""k"": 0.25054271244068027, ""rho"": 665.2875409737675}","{""D"": 4.9178278958048885e-09, ""cp"": 2200.6307098126676, ""k"": 0.31425426525175937, ""rho"": 698.3943875484019}","[[3.3404727846069523e-15, 2.000054178163957e-06], [7.20838864046764e-15, 3.2741179073481064e-08], [9.669789639651715e-15, 5.260746838153807e-10]]",323.3150000000283,323.3150000000462,0.1194339138575585,0.37808115272189013,0.0,0.0
50940.0,bdf2,50.165,0.04986,3,3.692101498776113e-15,5.277011050353053e-10,4.718003765447065e-10,1.5265566588595902e-16,-4.55724564123542e-09,8.15703060652595e-10,-5.372948701888015e-09,5.545690715842718e-08,5.545907118971324e-08,-2.1640312860568687e-12,0.2504668627596526,3.706147827445355e-10,4.355745265592353e-10,1.359051828123527e-11,"{""D"": 3.706147827445355e-10, ""cp"": 1741.3614118694986, ""k"": 0.2504668627596526, ""rho"": 665.2555313903541}","{""D"": 4.9104047684921534e-09, ""cp"": 2199.940047393139, ""k"": 0.3141583399157138, ""rho"": 698.3330455056628}","[[9.318160925482569e-15, 1.9936163924150208e-06], [1.1955376281751225e-14, 3.270801189614314e-08], [3.692101498776113e-15, 5.277011050353053e-10]]",323.31500000003126,323.31500000004587,0.11918383898714155,0.3776019180129903,0.0,0.0
51000.0,bdf2,50.165,0.04986,3,3.516287141691535e-15,5.293211979839896e-10,2.0691004465334117e-10,5.551115123125783e-17,-0.0,7.418066161335446e-10,-7.418066161335446e-10,5.5257853433091487e-08,5.5260000885035074e-08,-2.1474519435870477e-12,0.2503913546146174,3.676986287103027e-10,4.3401103204023924e-10,7.835339079542293e-12,"{""D"": 3.676986287103027e-10, ""cp"": 1740.8177532252455, ""k"": 0.2503913546146174, ""rho"": 665.2236801416057}","{""D"": 4.902997942169078e-09, ""cp"": 2199.2511287094285, ""k"": 0.31406265676519846, ""rho"": 698.2719008228295}","[[3.692101498776115e-15, 1.987205031639405e-06], [7.735831711721375e-15, 3.2674519909181576e-08], [3.516287141691535e-15, 5.293211979839896e-10]]",323.3150000000289,323.315000000046,0.11893500110629385,0.37712422517835537,0.0,0.0
51060.0,bdf2,50.165,0.04986,3,1.740562135137318e-14,5.309345879611627e-10,1.4551915228366852e-10,1.1102230246251565e-16,4.554516899827805e-09,8.043343768804334e-10,3.7501825229473715e-09,5.505978429127276e-08,5.506191524707828e-08,-2.1309558055209775e-12,0.2503161866146761,3.6480768018533675e-10,4.3245527107535345e-10,3.126211678906883e-11,"{""D"": 3.6480768018533675e-10, ""cp"": 1740.2765436256677, ""k"": 0.2503161866146761, ""rho"": 665.1919864395326}","{""D"": 4.895607388707479e-09, ""cp"": 2198.563948755587, ""k"": 0.31396721510494263, ""rho"": 698.2109526898844}","[[3.692101498776131e-15, 1.9808199820392502e-06], [1.0724675782159238e-14, 3.2640706873476866e-08], [1.740562135137318e-14, 5.309345879611627e-10]]",323.31500000002393,323.31500000004445,0.11868739405884786,0.3766480678897221,0.0,0.0
51120.0,bdf2,50.165,0.04986,3,6.856759926298516e-15,5.325417606893978e-10,1.3233147910796106e-10,1.3877787807814457e-16,-0.0,5.499600774783175e-10,-5.499600774783175e-10,5.4862694818228204e-08,5.486480936115433e-08,-2.1145429261283237e-12,0.2502413573676809,3.619417351215145e-10,4.3090720507358193e-10,6.912686580118495e-11,"{""D"": 3.619417351215145e-10, ""cp"": 1739.7377730473022, ""k"": 0.2502413573676809, ""rho"": 665.1604494977847}","{""D"": 4.88823307988115e-09, ""cp"": 2197.878502533712, ""k"": 0.3138720142407933, ""rho"": 698.1502003002904}","[[9.318160925482585e-15, 1.974461130926919e-06], [1.4768405995104483e-14, 3.2606575162130724e-08], [6.856759926298516e-15, 5.325417606893978e-10]]",323.3150000000219,323.3150000000449,0.11844101170144292,0.37617343984601886,0.0,0.0
51180.0,bdf2,50.165,0.04986,3,2.1097722850149347e-15,5.341423137128487e-10,2.205524651799351e-10,5.551115123125783e-17,4.551812898948035e-09,9.066525308298878e-10,3.6451603681181468e-09,5.466658010967401e-08,5.4668678323014785e-08,-2.098213340772712e-12,0.25016686548034595,3.591005924583817e-10,4.293667954988543e-10,7.87329952617698e-11,"{""D"": 3.591005924583817e-10, ""cp"": 1739.2014314584908, ""k"": 0.25016686548034595, ""rho"": 665.1290685316824}","{""D"": 4.880874987365537e-09, ""cp"": 2197.1947850540246, ""k"": 0.3137770534797256, ""rho"": 698.0896428509783}","[[4.571173284199024e-15, 1.9681283654482407e-06], [4.395358927114447e-15, 3.257212866092374e-08], [2.1097722850149347e-15, 5.341423137128487e-10]]",323.3150000000342,323.3150000000439,0.11819584790376848,0.37570033477326825,0.0,0.0
51240.0,bdf2,50.165,0.04986,3,6.153502497960199e-15,5.35736122131425e-10,8.326423994731158e-10,1.6653345369377348e-16,4.550470112765776e-09,7.077005648170598e-10,3.842769547948716e-09,5.447143527196702e-08,5.4473517239052044e-08,-2.0819670850229085e-12,0.2500927095583603,3.562840521305776e-10,4.2783400392838396e-10,3.132659105991462e-11,"{""D"": 3.562840521305776e-10, ""cp"": 1738.6675088201944, ""k"": 0.2500927095583603, ""rho"": 665.0978427582484}","{""D"": 4.8735330827418315e-09, ""cp"": 2196.5127913349306, ""k"": 0.31368233212985147, ""rho"": 698.0292795423334}","[[1.5120034709273662e-14, 1.9618215733041566e-06], [1.2658633710089572e-14, 3.253737008990232e-08], [6.153502497960199e-15, 5.35736122131425e-10]]",323.3150000000261,323.3150000000453,0.11795189654881506,0.3752287464244794,0.0,0.0
51300.0,bdf2,50.165,0.04986,3,1.4592591638019897e-14,5.373236716676999e-10,2.0310153558966704e-10,1.1102230246251565e-16,-0.0,6.66489086142974e-10,-6.66489086142974e-10,5.4277255422352805e-08,5.4279321226534024e-08,-2.0658041812194074e-12,0.2500188882065142,3.534919150794188e-10,4.263087920155266e-10,-7.641208685908719e-11,"{""D"": 3.534919150794188e-10, ""cp"": 1738.135995086902, ""k"": 0.2500188882065142, ""rho"": 665.0667713962455}","{""D"": 4.866207337496589e-09, ""cp"": 2195.832516403096, ""k"": 0.31358784950043, ""rho"": 697.9691095781828}","[[6.153502497960195e-15, 1.9555406427507194e-06], [8.966532211313426e-15, 3.25023021413573e-08], [1.4592591638019897e-14, 5.373236716676999e-10]]",323.31500000002666,323.31500000004536,0.11770915153316754,0.3747586685795535,0.0,0.0
51360.0,bdf2,50.165,0.04986,3,5.098616355452738e-15,5.389039769987392e-10,2.419255906715989e-10,1.1102230246251565e-16,-0.0,7.048583938740194e-10,-7.048583938740194e-10,5.4084035689134284e-08,5.408608541378158e-08,-2.0497246472954842e-12,0.24994540002880322,3.507239832598249e-10,4.247911214918347e-10,6.200797548368395e-11,"{""D"": 3.507239832598249e-10, ""cp"": 1737.6068802073833, ""k"": 0.24994540002880322, ""rho"": 665.0358536662051}","{""D"": 4.858897723024179e-09, ""cp"": 2195.15395529349, ""k"": 0.3134936049018736, ""rho"": 697.9091321657811}","[[6.329316855044782e-15, 1.949285462543582e-06], [1.6526549565950257e-14, 3.2466928576169174e-08], [5.098616355452738e-15, 5.389039769987392e-10]]",323.31500000002717,323.3150000000452,0.11746760676722698,0.3742900950451647,0.0,0.0
51420.0,bdf2,50.165,0.04986,3,9.49397528256717e-15,5.404777736472965e-10,2.0509105524979532e-10,5.551115123125783e-17,4.546478306309868e-09,6.693312570860144e-10,3.8771470492238534e-09,5.389177121188765e-08,5.389380494037699e-08,-2.0337284893391884e-12,0.24987224362854482,3.47980059649209e-10,4.232809541862589e-10,-2.916998958423039e-11,"{""D"": 3.47980059649209e-10, ""cp"": 1737.0801541255228, ""k"": 0.24987224362854482, ""rho"": 665.0050887904603}","{""D"": 4.8516042106287785e-09, ""cp"": 2194.4771030494726, ""k"": 0.3133995976457601, ""rho"": 697.8493465157984}","[[4.922801998368161e-15, 1.943055921493908e-06], [2.1097722850149256e-15, 3.243125260010693e-08], [9.49397528256717e-15, 5.404777736472965e-10]]",323.31500000002677,323.31500000004513,0.11722725617547124,0.37382301965467507,0.0,0.0
51480.0,bdf2,50.165,0.04986,3,5.274430712537307e-15,5.420444371129207e-10,5.0249582272954285e-11,2.914335439641036e-16,-0.0,6.707523425575346e-10,-6.707523425575346e-10,5.3700457141654397e-08,5.370247495736708e-08,-2.0178157126841805e-12,0.24979941760849259,3.4525994825579247e-10,4.2177825201070673e-10,3.9709022580959784e-11,"{""D"": 3.4525994825579247e-10, ""cp"": 1736.5558067811467, ""k"": 0.24979941760849259, ""rho"": 664.9744759931788}","{""D"": 4.844326771525474e-09, ""cp"": 2193.801954722855, ""k"": 0.313305827044841, ""rho"": 697.7897518423079}","[[1.4592591638019885e-14, 1.936851909134507e-06], [1.1955376281751233e-14, 3.239527696097255e-08], [5.274430712537307e-15, 5.420444371129207e-10]]",323.3150000000268,323.3150000000457,0.11698809369670886,0.3733574362680297,0.0,0.0
51540.0,bdf2,50.165,0.04986,3,1.1779561924666656e-14,5.436043837292459e-10,9.754330676514655e-11,1.6653345369377348e-16,-0.0,8.540723683836404e-10,-8.540723683836404e-10,5.3510088641142904e-08,5.351209062745917e-08,-2.001986316265052e-12,0.2497269205709476,3.4256345412623163e-10,4.202829769798941e-10,-2.8104227828842573e-11,"{""D"": 3.4256345412623163e-10, ""cp"": 1736.033828110823, ""k"": 0.2497269205709476, ""rho"": 664.9440145003935}","{""D"": 4.837065376841487e-09, ""cp"": 2193.1285053739584, ""k"": 0.3132122924130497, ""rho"": 697.7303473627716}","[[1.7581435708457697e-15, 1.930673315331255e-06], [1.8812136208049737e-14, 3.2359005544546626e-08], [1.1779561924666656e-14, 5.436043837292459e-10]]",323.31500000003194,323.3150000000456,0.11675011328432397,0.3728933387716526,0.0,0.0
51600.0,bdf2,50.165,0.04986,3,2.6372153562686397e-15,5.451573220627282e-10,3.2082425605040044e-10,1.1102230246251565e-16,4.542540793721942e-09,7.887024366937112e-10,3.753838357028231e-09,5.332066088493272e-08,5.332264712521587e-08,-1.9862402831543784e-12,0.24965475111787,3.3989038335277203e-10,4.187950911897805e-10,2.3148534520721837e-11,"{""D"": 3.3989038335277203e-10, ""cp"": 1735.514208048664, ""k"": 0.24965475111787, ""rho"": 664.9137035400346}","{""D"": 4.829819997619961e-09, ""cp"": 2192.45675007168, ""k"": 0.31311899306551105, ""rho"": 697.6711322980286}","[[7.032574283383031e-15, 1.9245200303941168e-06], [6.680945569213891e-15, 3.232244044637511e-08], [2.6372153562686397e-15, 5.451573220627282e-10]]",323.3150000000309,323.3150000000474,0.11651330890651984,0.37243072107834907,0.0,0.0
51660.0,bdf2,50.165,0.04986,3,6.3293168550447724e-15,5.467034047690333e-10,5.084075382910669e-10,1.1102230246251565e-16,4.541240236018865e-09,6.224354365258478e-10,3.918804799493017e-09,5.3132169059657146e-08,5.313413963725355e-08,-1.9705775964048837e-12,0.24958290785099113,3.3724054308106186e-10,4.173145568427339e-10,-2.6128991199948932e-11,"{""D"": 3.3724054308106186e-10, ""cp"": 1734.9969365271363, ""k"": 0.24958290785099113, ""rho"": 664.8835423419606}","{""D"": 4.8225906048169545e-09, ""cp"": 2191.7866838935474, ""k"": 0.31302592831854825, ""rho"": 697.6121058722815}","[[2.1097722850149248e-15, 1.9183919449661246e-06], [1.3537705495512435e-14, 3.228558576040541e-08], [6.3293168550447724e-15, 5.467034047690333e-10]]",323.3150000000249,323.3150000000455,0.11627767454656694,0.37196957712719947,0.0,0.0
51720.0,bdf2,50.165,0.04986,3,1.3186076781343239e-14,5.482424653147078e-10,1.5870682545937598e-10,1.1102230246251565e-16,4.539945609111651e-09,7.673861546209082e-10,3.772559454490743e-09,5.294460836421012e-08,5.294656336243667e-08,-1.9549982265490858e-12,0.24951138937192505,3.3461374151687885e-10,4.158413362220236e-10,1.3842620850184705e-11,"{""D"": 3.3461374151687885e-10, ""cp"": 1734.4820034778604, ""k"": 0.24951138937192505, ""rho"": 664.8535301379899}","{""D"": 4.815377169309533e-09, ""cp"": 2191.118301925791, ""k"": 0.3129330974896932, ""rho"": 697.5532673130838}","[[4.922801998368141e-15, 1.912288950245422e-06], [1.002141835382086e-14, 3.224844409566163e-08], [1.3186076781343239e-14, 5.482424653147078e-10]]",323.3150000000307,323.3150000000464,0.11604320420304584,0.37150990088346664,0.0,0.0
51780.0,bdf2,50.165,0.04986,3,5.098616355452721e-15,5.497740596105416e-10,1.4836132322670892e-10,5.551115123125783e-17,-0.0,7.37543359718984e-10,-7.37543359718984e-10,5.27579740099127e-08,5.2759913512053545e-08,-1.939502140843867e-12,0.24944019428227224,3.3200978793192726e-10,4.1437539173366976e-10,2.933631850467903e-11,"{""D"": 3.3200978793192726e-10, ""cp"": 1733.9693988323602, ""k"": 0.24944019428227224, ""rho"": 664.8236661619286}","{""D"": 4.80817966189071e-09, ""cp"": 2190.4515992633865, ""k"": 0.3128404998976926, ""rho"": 697.494615851326}","[[3.867915855860682e-15, 1.9062109380407755e-06], [8.087460425890513e-15, 3.221101935180215e-08], [5.098616355452721e-15, 5.497740596105416e-10]]",323.3150000000295,323.31500000004627,0.11580989189006693,0.3710516863384846,0.0,0.0
51840.0,bdf2,50.165,0.04986,3,5.450245069621866e-15,5.512985762345934e-10,5.034053174313158e-10,1.1102230246251565e-16,-4.537374045793376e-09,8.910205906431656e-10,-5.428394636436542e-09,5.2572261220719716e-08,5.257418531002209e-08,-1.92408930237712e-12,0.24936932118373512,3.2942849267121855e-10,4.1291668584002836e-10,4.0362402998937294e-11,"{""D"": 3.2942849267121855e-10, ""cp"": 1733.4591125228928, ""k"": 0.24936932118373512, ""rho"": 664.7939496496035}","{""D"": 4.80099805327592e-09, ""cp"": 2189.78657101013, ""k"": 0.31274813486251807, ""rho"": 697.4361507212249}","[[6.153502497960174e-15, 1.900157799827884e-06], [9.493975282567122e-15, 3.217331404070656e-08], [5.450245069621866e-15, 5.512985762345934e-10]]",323.3150000000336,323.3150000000468,0.11557773163752762,0.37059492750956946,0.0,0.0
51900.0,bdf2,50.165,0.04986,3,1.2482819353004911e-14,5.528162372314682e-10,1.382431946694851e-10,2.498001805406602e-16,4.536097058441067e-09,8.782308213994838e-10,3.657866237041583e-09,5.2387465233409964e-08,5.238937399306678e-08,-1.9087596568130047e-12,0.24929876867822254,3.2686966715816125e-10,4.1146518114962255e-10,3.7190673846971895e-11,"{""D"": 3.2686966715816125e-10, ""cp"": 1732.9511344832022, ""k"": 0.24929876867822254, ""rho"": 664.7643798388907}","{""D"": 4.793832314102063e-09, ""cp"": 2189.123212278695, ""k"": 0.31265600170537433, ""rho"": 697.3778711603096}","[[7.032574283383044e-15, 1.8941294281926702e-06], [5.626059426706438e-15, 3.213533147916614e-08], [1.2482819353004911e-14, 5.528162372314682e-10]]",323.3150000000351,323.31500000004695,0.11534671749133348,0.37013961843991894,0.0,0.0
51960.0,bdf2,50.165,0.04986,3,1.705399263720388e-14,5.543259046225657e-10,1.7325874068774283e-10,1.5265566588595902e-16,-0.0,9.194423000735696e-10,-9.194423000735696e-10,5.2203581297754545e-08,5.220547481090326e-08,-1.893513148717185e-12,0.24922853536795705,3.2433312390088575e-10,4.1002084035036074e-10,1.0518326071843067e-10,"{""D"": 3.2433312390088575e-10, ""cp"": 1732.445454649291, ""k"": 0.24922853536795705, ""rho"": 664.7349559697445}","{""D"": 4.786682414929522e-09, ""cp"": 2188.4615181906747, ""k"": 0.3125640997487048, ""rho"": 697.3197764094084}","[[8.966532211313379e-15, 1.888125715998612e-06], [1.072467578215915e-14, 3.2097075497450334e-08], [1.705399263720388e-14, 5.543259046225657e-10]]",323.31500000003444,323.3150000000472,0.11511684351362908,0.36968575319850294,0.0,0.0
52020.0,bdf2,50.165,0.04986,3,2.1097722850149055e-14,5.558292159868472e-10,1.3631051842821762e-10,1.1102230246251565e-16,-0.0,8.341771717823576e-10,-8.341771717823576e-10,5.2020604676690935e-08,5.2022483026421915e-08,-1.8783497309800705e-12,0.24915861985558216,3.2181867649720453e-10,4.085836262406159e-10,-8.278646530371282e-11,"{""D"": 3.2181867649720453e-10, ""cp"": 1731.9420629601916, ""k"": 0.24915861985558216, ""rho"": 664.7056772842275}","{""D"": 4.779548326244413e-09, ""cp"": 2187.801483876648, ""k"": 0.31247242831620115, ""rho"": 697.2618657126363}","[[7.208388640467594e-15, 1.8821465564422546e-06], [7.560017354636748e-15, 3.205854835763855e-08], [2.1097722850149055e-14, 5.558292159868472e-10]]",323.31500000003336,323.31500000004837,0.1148881037830274,0.36923332587997104,0.0,0.0
52080.0,bdf2,50.165,0.04986,3,2.004283670764157e-14,5.57324131289505e-10,4.299636202631518e-10,8.326672684688674e-17,-4.532300968066598e-09,8.569145393266808e-10,-5.389215507393279e-09,5.1838530646545894e-08,5.184039391586434e-08,-1.8632693184483806e-12,0.24908902074426625,3.1932613964008616e-10,4.071535017095968e-10,9.680060311935301e-11,"{""D"": 3.1932613964008616e-10, ""cp"": 1731.440949358717, ""k"": 0.24908902074426625, ""rho"": 664.6765430265383}","{""D"": 4.772430018459184e-09, ""cp"": 2187.1431044762458, ""k"": 0.3123809867328119, ""rho"": 697.2041383173837}","[[1.5823292137611767e-15, 1.8761918429976987e-06], [1.2131190638835687e-14, 3.201975404265589e-08], [2.004283670764157e-14, 5.57324131289505e-10]]",323.31500000003183,323.3150000000489,0.11466049239483043,0.3687823306045599,0.0,0.0
52140.0,bdf2,50.165,0.04986,3,1.0548861425074493e-14,5.588123297428638e-10,1.4779288903810084e-10,1.5265566588595902e-16,-0.0,9.706013770482969e-10,-9.706013770482969e-10,5.1657354497162995e-08,5.1659202769004475e-08,-1.848271841480125e-12,0.24901973663780883,3.168553291222292e-10,4.0573042977298375e-10,7.550078725091002e-11,"{""D"": 3.168553291222292e-10, ""cp"": 1730.9421037922236, ""k"": 0.24901973663780883, ""rho"": 664.6475524430407}","{""D"": 4.765327461914497e-09, ""cp"": 2186.486375138188, ""k"": 0.31228977432474836, ""rho"": 697.1465934743021}","[[2.988844070437772e-15, 1.8702614699162012e-06], [4.043730212945221e-15, 3.198069524479319e-08], [1.0548861425074493e-14, 5.588123297428638e-10]]",323.3150000000353,323.3150000000494,0.1144340034612556,0.36833276151798533,0.0,0.0
52200.0,bdf2,50.165,0.04986,3,1.5823292137611736e-14,5.602932423576235e-10,1.5825207810848951e-10,4.163336342344337e-16,4.5297990464322454e-09,7.986500349943526e-10,3.731149011437893e-09,5.14770715320889e-08,5.147890488931294e-08,-1.8333572240342442e-12,0.24895076614074005,3.1440606184044494e-10,4.0431437353518827e-10,3.693412140054465e-11,"{""D"": 3.1440606184044494e-10, ""cp"": 1730.4455162133283, ""k"": 0.24895076614074005, ""rho"": 664.61870478229}","{""D"": 4.758240626880982e-09, ""cp"": 2185.831291020346, ""k"": 0.3121987904194925, ""rho"": 697.0892304372923}","[[3.340472784606921e-15, 1.8643553315045303e-06], [5.977688140875544e-15, 3.1941375322475096e-08], [1.5823292137611736e-14, 5.602932423576235e-10]]",323.31500000003194,323.31500000004945,0.11420863111164117,0.3678846127913457,0.0,0.0
52260.0,bdf2,50.165,0.04986,3,2.1449351564318114e-14,5.617658838108497e-10,5.156834959052503e-10,1.1102230246251565e-16,4.528556650925474e-09,8.15703060652595e-10,3.712853590272879e-09,5.1297677068779896e-08,5.129949559414203e-08,-1.8185253621308267e-12,0.24888210785842824,3.1197815580067986e-10,4.0290529622444546e-10,3.592381688279626e-11,"{""D"": 3.1197815580067986e-10, ""cp"": 1729.9511765806833, ""k"": 0.24888210785842824, ""rho"": 664.5899992950627}","{""D"": 4.751169483560279e-09, ""cp"": 2185.1778472897977, ""k"": 0.31210803434580525, ""rho"": 697.0320484634917}","[[6.505131212129266e-15, 1.8584733225690542e-06], [8.966532211313313e-15, 3.190179791168202e-08], [2.1449351564318114e-14, 5.617658838108497e-10]]",323.3150000000321,323.31500000004974,0.11398436949267754,0.3674378786210294,0.0,0.0
52320.0,bdf2,50.165,0.04986,3,2.8130297133532062e-15,5.63231655759111e-10,2.4488144845236093e-10,2.220446049250313e-16,-0.0,8.213874025386758e-10,-8.213874025386758e-10,5.1119166438708224e-08,5.1120970214885173e-08,-1.8037761769494862e-12,0.24881376039717745,3.0957143012118734e-10,4.0150316117765324e-10,1.412790264921636e-11,"{""D"": 3.0957143012118734e-10, ""cp"": 1729.4590748596775, ""k"": 0.24881376039717745, ""rho"": 664.5614352343816}","{""D"": 4.744114002086829e-09, ""cp"": 2184.5260391228717, ""k"": 0.31201750543373213, ""rho"": 696.9750468132618}","[[8.087460425890467e-15, 1.852615338526764e-06], [1.1427933210497378e-14, 3.1861965330004516e-08], [2.8130297133532062e-15, 5.63231655759111e-10]]",323.3150000000323,323.3150000000485,0.11376121276860647,0.3669925532286076,0.0,0.0
52380.0,bdf2,50.165,0.04986,3,2.4614009991840582e-15,5.646895312461098e-10,1.823536877054721e-10,1.1102230246251565e-16,4.526088863560537e-09,7.318590178329032e-10,3.794229845727634e-09,5.0941534987580936e-08,5.0943324097145136e-08,-1.789109564199291e-12,0.24874572236432851,3.071857050366632e-10,4.001079318309633e-10,-2.4766582805809852e-11,"{""D"": 3.071857050366632e-10, ""cp"": 1728.9692010231654, ""k"": 0.24874572236432851, ""rho"": 664.5330118555432}","{""D"": 4.737074152529519e-09, ""cp"": 2183.8758617052035, ""k"": 0.31192720301461163, ""rho"": 696.9182247501752}","[[2.8130297133532098e-15, 1.846781274794651e-06], [2.9888440704377854e-15, 3.18218817824123e-08], [2.4614009991840582e-15, 5.646895312461098e-10]]",323.3150000000292,323.3150000000481,0.11353915512143142,0.3665486308607437,0.0,0.0
52440.0,bdf2,50.165,0.04986,3,8.087460425890472e-15,5.66139787827602e-10,1.61662683240138e-10,1.3877787807814457e-16,-0.0,5.428546501207165e-10,-5.428546501207165e-10,5.076477807549167e-08,5.0766552600899404e-08,-1.7745254077308485e-12,0.24867799236835897,3.0482080190172874e-10,3.987195717490354e-10,1.4663847549089226e-11,"{""D"": 3.0482080190172874e-10, ""cp"": 1728.4815450521846, ""k"": 0.24867799236835897, ""rho"": 664.504728416144}","{""D"": 4.730049904892826e-09, ""cp"": 2183.2273102317977, ""k"": 0.311837126421083, ""rho"": 696.8615815410049}","[[2.1273537207233628e-14, 1.8409710275668623e-06], [2.9712626347293257e-14, 3.178155008609629e-08], [8.087460425890472e-15, 5.66139787827602e-10]]",323.3150000000217,323.3150000000483,0.11331819075112426,0.3661061057891,0.0,0.0
52500.0,bdf2,50.165,0.04986,3,1.3010262424258597e-14,5.67582481014739e-10,6.86895873514004e-10,1.1102230246251565e-16,-9.047287157300378e-09,6.778577699151356e-10,-9.725144927215514e-09,5.058889107706638e-08,5.059065110066062e-08,-1.7600235942402667e-12,0.24861056901898088,3.024765431942896e-10,3.9733804459059515e-10,3.6972769415331946e-11,"{""D"": 3.024765431942896e-10, ""cp"": 1727.9960969366623, ""k"": 0.24861056901898088, ""rho"": 664.4765841761057}","{""D"": 4.723041229117962e-09, ""cp"": 2182.580379907049, ""k"": 0.31174727498709015, ""rho"": 696.8051164557087}","[[1.30102624242586e-14, 1.8351844934816341e-06], [1.1076304496328269e-14, 3.1740972655791566e-08], [1.3010262424258597e-14, 5.67582481014739e-10]]",323.31500000002524,323.31500000004803,0.11309831387582578,0.36566497231022443,0.0,0.0
52560.0,bdf2,50.165,0.04986,3,2.2855866420994807e-15,5.690174720296426e-10,5.734364094678313e-10,1.1102230246251565e-16,-0.0,5.627498467219993e-10,-5.627498467219993e-10,5.041386938162032e-08,5.0415614985636015e-08,-1.745604015697758e-12,0.24854345092723826,3.0015275251787465e-10,3.959633141597671e-10,-3.548372754736189e-11,"{""D"": 3.0015275251787465e-10, ""cp"": 1727.5128466761155, ""k"": 0.24854345092723826, ""rho"": 664.4485783977018}","{""D"": 4.71604809508496e-09, ""cp"": 2181.9350659448255, ""k"": 0.3116576480478924, ""rho"": 696.7488287674207}","[[6.8567599262984325e-15, 1.8294215690661808e-06], [1.547166342344264e-14, 3.170015365483447e-08], [2.2855866420994807e-15, 5.690174720296426e-10]]",323.3150000000225,323.31500000004837,0.11287951873204502,0.3652252247454746,0.0,0.0
52620.0,bdf2,50.165,0.04986,3,3.340472784606948e-15,5.704447331167373e-10,1.4142642612569034e-10,1.1102230246251565e-16,-0.0,7.062794793455396e-10,-7.062794793455396e-10,5.023970839335531e-08,5.0241439659882656e-08,-1.7312665273467148e-12,0.24847663670560316,2.978492546052677e-10,3.94595344349899e-10,4.4108793818270486e-11,"{""D"": 2.978492546052677e-10, ""cp"": 1727.0317842803427, ""k"": 0.24847663670560316, ""rho"": 664.4207103455813}","{""D"": 4.709070472613484e-09, ""cp"": 2181.2913635684895, ""k"": 0.31156824494006796, ""rho"": 696.6927177524357}","[[6.680945569213894e-15, 1.8236821517358948e-06], [4.746987641283559e-15, 3.165909567837133e-08], [3.340472784606948e-15, 5.704447331167373e-10]]",323.31500000002825,323.31500000004695,0.11266179957485332,0.3647868574409035,0.0,0.0
52680.0,bdf2,50.165,0.04986,3,1.2131190638835761e-14,5.718643614205376e-10,5.297806637827307e-11,1.1102230246251565e-16,-0.0,6.835421118012164e-10,-6.835421118012164e-10,5.006640353144695e-08,5.006812054245362e-08,-1.717011006665145e-12,0.2484101249680677,2.955658753199778e-10,3.9323409918681757e-10,5.814501340964672e-11,"{""D"": 2.955658753199778e-10, ""cp"": 1726.5528997700876, ""k"": 0.2484101249680677, ""rho"": 664.3929792867925}","{""D"": 4.702108331465565e-09, ""cp"": 2180.6492680109627, ""k"": 0.31147906500152256, ""rho"": 696.6367826901985}","[[1.6350735208865564e-14, 1.8179661392947466e-06], [2.9888440704377972e-15, 3.1617802265238026e-08], [1.2131190638835761e-14, 5.718643614205376e-10]]",323.31500000002603,323.3150000000469,0.11244515067806703,0.3643498647671757,0.0,0.0
52740.0,bdf2,50.165,0.04986,3,8.087460425890503e-15,5.732757046850168e-10,6.02540239924565e-11,1.1102230246251565e-16,-0.0,8.65441052155802e-10,-8.65441052155802e-10,4.989395023024282e-08,4.9895653067560225e-08,-1.7028373174064756e-12,0.24834391433024267,2.933024416593762e-10,3.918795428045621e-10,5.219331289290623e-11,"{""D"": 2.933024416593762e-10, ""cp"": 1726.0761831777472, ""k"": 0.24834391433024267, ""rho"": 664.3653844908097}","{""D"": 4.695161641345194e-09, ""cp"": 2180.0087745147666, ""k"": 0.3113901075714953, ""rho"": 696.5810228632917}","[[3.5162871416915244e-15, 1.812273429602218e-06], [1.5823292137611866e-15, 3.1576276440792306e-08], [8.087460425890503e-15, 5.732757046850168e-10]]",323.3150000000315,323.31500000004706,0.11222956633445029,0.3639142411194661,0.0,0.0
52800.0,bdf2,50.165,0.04986,3,2.092190849306455e-14,5.746798453776236e-10,1.3642420526593924e-10,1.1102230246251565e-16,4.517627486163363e-09,7.645439836778678e-10,3.753083502485495e-09,4.9722343939398575e-08,4.972403268470772e-08,-1.688745309142949e-12,0.24827800340944545,2.9105878175578915e-10,3.905316394730334e-10,-4.2256923405970266e-11,"{""D"": 2.9105878175578915e-10, ""cp"": 1725.6016245480073, ""k"": 0.24827800340944545, ""rho"": 664.3379252295532}","{""D"": 4.688230371900897e-09, ""cp"": 2179.3698783320647, ""k"": 0.3113013719905645, ""rho"": 696.5254375574223}","[[5.450245069621858e-15, 1.806603921294947e-06], [5.80187378379101e-15, 3.1534521327536424e-08], [2.092190849306455e-14, 5.746798453776236e-10]]",323.3150000000306,323.31500000004723,0.11201504085588465,0.3634799809173619,0.0,0.0
52860.0,bdf2,50.165,0.04986,3,3.3404727846069523e-15,5.760755206196677e-10,8.128608897095546e-11,1.1102230246251565e-16,-0.0,6.338041202980094e-10,-6.338041202980094e-10,4.9551580124014714e-08,4.9553254858843864e-08,-1.6747348291505545e-12,0.24821239082479324,2.8883472487897963e-10,3.89190353563518e-10,2.288160875404316e-11,"{""D"": 2.8883472487897963e-10, ""cp"": 1725.1292139385114, ""k"": 0.24821239082479324, ""rho"": 664.3106007774151}","{""D"": 4.681314492726485e-09, ""cp"": 2178.7325747247114, ""k"": 0.3112128576006543, ""rho"": 696.4700260614105}","[[5.274430712537292e-15, 1.8009575130095712e-06], [3.692101498776102e-15, 3.1492540256139456e-08], [3.3404727846069523e-15, 5.760755206196677e-10]]",323.31500000002535,323.31500000004655,0.11180156857355483,0.3630470786047696,0.0,0.0
52920.0,bdf2,50.165,0.04986,3,6.505131212129302e-15,5.774633271560248e-10,3.48791218129918e-10,1.942890293094024e-16,-0.0,6.59383658785373e-10,-6.59383658785373e-10,4.9381654264778304e-08,4.938331507050727e-08,-1.6608057289669155e-12,0.24814707519729579,2.866301014373782e-10,3.878556495821322e-10,1.1154594449767397e-11,"{""D"": 2.866301014373782e-10, ""cp"": 1724.6589414205298, ""k"": 0.24814707519729579, ""rho"": 664.2834104112811}","{""D"": 4.6744139733635425e-09, ""cp"": 2178.0968589642985, ""k"": 0.31112456374504144, ""rho"": 696.4147876671772}","[[4.922801998368121e-15, 1.7953341043264182e-06], [5.274430712537275e-15, 3.14503359605256e-08], [6.505131212129302e-15, 5.774633271560248e-10]]",323.31500000002444,323.31500000004786,0.11158914383813409,0.3626155286498218,0.0,0.0
52980.0,bdf2,50.165,0.04986,3,5.4502450696218476e-15,5.788434870312997e-10,1.3642420526593924e-10,1.249000902703301e-16,-0.0,9.094947017729282e-10,-9.094947017729282e-10,4.9212561858118115e-08,4.9214208815957936e-08,-1.6469578398207175e-12,0.2480820551499414,2.8444474297922366e-10,3.865274921684905e-10,2.3414225806996465e-11,"{""D"": 2.8444474297922366e-10, ""cp"": 1724.190797079578, ""k"": 0.2480820551499414, ""rho"": 664.2563534105533}","{""D"": 4.667528783301437e-09, ""cp"": 2177.4627263322, ""k"": 0.3110364897683611, ""rho"": 696.359721669732}","[[9.49397528256709e-15, 1.7897335946592818e-06], [1.0021418353820816e-14, 3.140791181299729e-08], [5.4502450696218476e-15, 5.788434870312997e-10]]",323.31500000003336,323.31500000004786,0.11137776101994742,0.36218532554478156,0.0,0.0
53040.0,bdf2,50.165,0.04986,3,7.384202997552177e-15,5.802152230893753e-10,1.830358087318018e-10,1.1102230246251565e-16,-0.0,8.242295734817162e-10,-8.242295734817162e-10,4.904429841631057e-08,4.904593160730571e-08,-1.6331909951442547e-12,0.24801732930778184,2.8227848219329585e-10,3.852058460571883e-10,1.2100847618477685e-11,"{""D"": 2.8227848219329585e-10, ""cp"": 1723.7247710160293, ""k"": 0.24801732930778184, ""rho"": 664.2294290571689}","{""D"": 4.6606588919793275e-09, ""cp"": 2176.8301721196067, ""k"": 0.310948635016612, ""rho"": 696.3048273671608}","[[4.39535892711439e-15, 1.7841558843101346e-06], [4.9228019983681165e-15, 3.1365271199734757e-08], [7.384202997552177e-15, 5.802152230893753e-10]]",323.31500000003103,323.31500000004803,0.11116741450913215,0.36175646380594323,0.0,0.0
53100.0,bdf2,50.165,0.04986,3,1.4065148566766066e-14,5.81579590042125e-10,2.887645678129047e-11,1.6653345369377348e-16,-0.0,8.057554623519536e-10,-8.057554623519536e-10,4.8876859467634184e-08,4.8878478972658e-08,-1.6195050238170196e-12,0.24795289629802492,2.801311529105941e-10,3.83890676144286e-10,4.6124925811435454e-11,"{""D"": 2.801311529105941e-10, ""cp"": 1723.2608533457794, ""k"": 0.24795289629802492, ""rho"": 664.2026366356253}","{""D"": 4.653804268787549e-09, ""cp"": 2176.199191627574, ""k"": 0.310860998837163, ""rho"": 696.2501040606132}","[[4.9228019983681236e-15, 1.7786008734144154e-06], [2.004283670764165e-14, 3.132241624403953e-08], [1.4065148566766066e-14, 5.81579590042125e-10]]",323.31500000003206,323.3150000000477,0.1109580987158225,0.3613289379735414,0.0,0.0
53160.0,bdf2,50.165,0.04986,3,7.384202997552193e-15,5.829353805220094e-10,3.348077370901592e-11,1.1102230246251565e-16,4.510587712246093e-09,5.655920176650397e-10,3.944995694581053e-09,4.871024055648932e-08,4.871184645623643e-08,-1.6058997471084429e-12,0.2478887547501146,2.7800259010406886e-10,3.825819474200442e-10,9.444257445122409e-12,"{""D"": 2.7800259010406886e-10, ""cp"": 1722.7990342008252, ""k"": 0.2478887547501146, ""rho"": 664.1759754329978}","{""D"": 4.646964883069157e-09, ""cp"": 2175.5697801670676, ""k"": 0.3107735805787594, ""rho"": 696.1955510542925}","[[2.0746094135979967e-14, 1.7730684629957416e-06], [1.3537705495512353e-14, 3.1279351414559287e-08], [7.384202997552193e-15, 5.829353805220094e-10]]",323.3150000000226,323.31500000004735,0.11074980807029554,0.36090274261166,0.0,0.0
53220.0,bdf2,50.165,0.04986,3,3.6921014987760885e-15,5.842833022962068e-10,2.992237568832934e-10,5.551115123125783e-17,-0.0,5.329070518200751e-10,-5.329070518200751e-10,4.8544437243537654e-08,4.854602961851596e-08,-1.5923749783073165e-12,0.24782490329582002,2.7589262988974623e-10,3.8127962502182706e-10,2.7117141496902813e-11,"{""D"": 2.7589262988974623e-10, ""cp"": 1722.3393037299043, ""k"": 0.24782490329582002, ""rho"": 664.1494447389625}","{""D"": 4.640140704120882e-09, ""cp"": 2174.9419330589913, ""k"": 0.31068637959152656, ""rho"": 696.1411676554403}","[[1.424096292385062e-14, 1.767558554244264e-06], [1.1076304496328262e-14, 3.123607908439574e-08], [3.6921014987760885e-15, 5.842833022962068e-10]]",323.3150000000213,323.31500000004803,0.11054253702314495,0.3604778723081277,0.0,0.0
53280.0,bdf2,50.165,0.04986,3,4.2195445700298054e-15,5.856229945422342e-10,6.577920430572703e-10,1.1102230246251565e-16,-9.016567552097805e-09,7.545963853772264e-10,-9.771163937475032e-09,4.83794451058065e-08,4.8381024036334394e-08,-1.5789305278966362e-12,0.24776134056931273,2.738011095262568e-10,3.7998367421163535e-10,5.218907186967134e-11,"{""D"": 2.738011095262568e-10, ""cp"": 1721.8816520990517, ""k"": 0.24776134056931273, ""rho"": 664.1230438458135}","{""D"": 4.633331701194387e-09, ""cp"": 2174.315645634245, ""k"": 0.3105993952269785, ""rho"": 696.0869531743283}","[[5.450245069621834e-15, 1.7620710487387115e-06], [7.560017354636736e-15, 3.1192601862573e-08], [4.2195445700298054e-15, 5.856229945422342e-10]]",323.31500000002876,323.31500000004877,0.110336280045418,0.3600543216744397,0.0,0.0
53340.0,bdf2,50.165,0.04986,3,6.505131212129284e-15,5.869546515491209e-10,1.3142198440618813e-10,3.3306690738754696e-16,-0.0,6.934897101018578e-10,-6.934897101018578e-10,4.82152597368165e-08,4.821682530302187e-08,-1.5655662053667805e-12,0.24769806520725182,2.717278674148343e-10,3.7869406037119565e-10,-5.394073789076131e-11,"{""D"": 2.717278674148343e-10, ""cp"": 1721.4260694922132, ""k"": 0.24769806520725182, ""rho"": 664.0967720484834}","{""D"": 4.626537843497684e-09, ""cp"": 2173.6909132337446, ""k"": 0.31051262683802006, ""rho"": 696.032906924243}","[[1.0548861425074514e-15, 1.7566058486684355e-06], [8.61490349714419e-15, 3.1148923676505014e-08], [6.505131212129284e-15, 5.869546515491209e-10]]",323.31500000002774,323.31500000004877,0.11013103162877734,0.35963208534564783,0.0,0.0
53400.0,bdf2,50.165,0.04986,3,6.85675992629844e-15,5.882778569832325e-10,1.2187229003757238e-10,1.1102230246251565e-16,-0.0,7.30437932361383e-10,-7.30437932361383e-10,4.805187674670571e-08,4.80534290285149e-08,-1.5522818091900826e-12,0.24763507584886266,2.6967274309963246e-10,3.774107490387097e-10,1.0938507936823743e-11,"{""D"": 2.6967274309963246e-10, ""cp"": 1720.9725461118112, ""k"": 0.24763507584886266, ""rho"": 664.0706286445624}","{""D"": 4.619759100196859e-09, ""cp"": 2173.0677312084777, ""k"": 0.31042607377895526, ""rho"": 695.979028221476}","[[4.219544570029808e-15, 1.7511628562227877e-06], [4.7469876412835365e-15, 3.110504684378235e-08], [6.85675992629844e-15, 5.882778569832325e-10]]",323.3150000000277,323.3150000000485,0.10992678628564363,0.3592111579802813,0.0,0.0
53460.0,bdf2,50.165,0.04986,3,2.2504237706825773e-14,5.89593499022989e-10,8.213874025386758e-11,1.6653345369377348e-16,-0.0,6.02540239924565e-10,-6.02540239924565e-10,4.788929176233099e-08,4.7890830839470896e-08,-1.5390771399035182e-12,0.24757237113601596,2.676355772666476e-10,3.761337058385298e-10,4.747824279028491e-11,"{""D"": 2.676355772666476e-10, ""cp"": 1720.521072179315, ""k"": 0.24757237113601596, ""rho"": 664.0446129343153}","{""D"": 4.612995440416777e-09, ""cp"": 2172.446094919528, ""k"": 0.31033973540549, ""rho"": 695.9253163853112}","[[6.3293168550447496e-15, 1.7457419742017422e-06], [8.614903497144241e-15, 3.1060974611807346e-08], [2.2504237706825773e-14, 5.89593499022989e-10]]",323.3150000000241,323.3150000000467,0.10972353854933863,0.35879153426024385,0.0,0.0
53520.0,bdf2,50.165,0.04986,3,5.4502450696218554e-15,5.909001898896094e-10,6.798472895752639e-10,2.3592239273284576e-16,4.503738691257884e-09,7.531752999057062e-10,3.750563391352178e-09,4.7727500427407884e-08,4.772902637938411e-08,-1.5259519762263473e-12,0.2475099497133072,2.6561621174367334e-10,3.748628965818742e-10,2.661971802531229e-11,"{""D"": 2.6561621174367334e-10, ""cp"": 1720.0716379358119, ""k"": 0.2475099497133072, ""rho"": 664.0187242207014}","{""D"": 4.606246833243266e-09, ""cp"": 2171.82599973812, ""k"": 0.31025361107473887, ""rho"": 695.871770738013}","[[4.043730212945245e-15, 1.7403431057938512e-06], [1.2482819353004889e-14, 3.101671054717148e-08], [5.4502450696218554e-15, 5.909001898896094e-10]]",323.3150000000301,323.3150000000474,0.10952128297423014,0.358373208890726,0.0,0.0
53580.0,bdf2,50.165,0.04986,3,1.9515393636388012e-14,5.921987206169987e-10,8.679990060045384e-11,1.1102230246251565e-16,-0.0,8.72546479513403e-10,-8.72546479513403e-10,4.756649840256743e-08,4.7568011308678704e-08,-1.51290611127739e-12,0.24744781022812698,2.6361448949869766e-10,3.7359828718143616e-10,6.148123720593717e-11,"{""D"": 2.6361448949869766e-10, ""cp"": 1719.6242336425144, ""k"": 0.24744781022812698, ""rho"": 663.9929618093886}","{""D"": 4.599513247722481e-09, ""cp"": 2171.207441045656, ""k"": 0.31016770014523, ""rho"": 695.8183906048146}","[[2.6372153562686496e-15, 1.7349661546872674e-06], [7.560017354636798e-15, 3.0972256787054064e-08], [1.9515393636388012e-14, 5.921987206169987e-10]]",323.31500000003155,323.3150000000461,0.10932001413584838,0.35795617660011364,0.0,0.0
53640.0,bdf2,50.165,0.04986,3,1.4416777280935276e-14,5.934896601944573e-10,8.833467290969566e-11,1.1102230246251565e-16,4.501497146884525e-09,7.787548383930698e-10,3.722742308491455e-09,4.7406281365501766e-08,4.740778130483353e-08,-1.4999393317631622e-12,0.24738595133074373,2.616302546394737e-10,3.7233984367142175e-10,3.647475361258761e-11,"{""D"": 2.616302546394737e-10, ""cp"": 1719.1788495813548, ""k"": 0.24738595133074373, ""rho"": 663.9673250087734}","{""D"": 4.592794652864857e-09, ""cp"": 2170.5904142337426, ""k"": 0.31008200197690866, ""rho"": 695.7651753139058}","[[1.3713519852596983e-14, 1.7296110245701435e-06], [5.2744307125373016e-15, 3.0927616689879756e-08], [1.4416777280935276e-14, 5.934896601944573e-10]]",323.31500000003115,323.3150000000464,0.10911972663104191,0.357540432139889,0.0,0.0
53700.0,bdf2,50.165,0.04986,3,1.1076304496328321e-14,5.947718012544456e-10,2.0054358174093068e-10,2.636779683484747e-16,4.500384038022139e-09,5.613287612504791e-10,3.93905527677166e-09,4.7246845011060225e-08,4.7248332062466814e-08,-1.4870514065892531e-12,0.2473243716743706,2.59663352412148e-10,3.7108753225350403e-10,-1.0674656605751993e-11,"{""D"": 2.59663352412148e-10, ""cp"": 1718.7354760554686, ""k"": 0.2473243716743706, ""rho"": 663.9418131299947}","{""D"": 4.58609101764412e-09, ""cp"": 2169.974914704235, ""k"": 0.30999651593114375, ""rho"": 695.7121241964219}","[[2.1097722850149177e-15, 1.724277619907788e-06], [6.153502497960178e-15, 3.0882793197739566e-08], [1.1076304496328321e-14, 5.947718012544456e-10]]",323.31500000002245,323.3150000000464,0.10892041507808352,0.3571259702845461,0.0,0.0
53760.0,bdf2,50.165,0.04986,3,1.2307004995920303e-15,5.960457127862639e-10,8.066081136348657e-11,1.1102230246251565e-16,-0.0,6.409095476556104e-10,-6.409095476556104e-10,4.708818505134324e-08,4.708965929344707e-08,-1.474242103827454e-12,0.24726306991524252,2.577136292000371e-10,3.6984131923646677e-10,2.890306444064978e-12,"{""D"": 2.577136292000371e-10, ""cp"": 1718.2941033897462, ""k"": 0.24726306991524252, ""rho"": 663.9164254869515}","{""D"": 4.579402310999494e-09, ""cp"": 2169.3609378692763, ""k"": 0.3099112413707328, ""rho"": 695.6592365864321}","[[4.922801998368124e-15, 1.718965845609599e-06], [4.7469876412835515e-15, 3.083778915558e-08], [1.2307004995920303e-15, 5.960457127862639e-10]]",323.31500000002563,323.3150000000478,0.10872207411680884,0.35671278583150107,0.0,0.0
53820.0,bdf2,50.165,0.04986,3,4.3953589271144074e-15,5.973112560120342e-10,8.270717444247566e-11,2.220446049250313e-16,4.498173024428562e-09,5.982769835100044e-10,3.899896040918558e-09,4.693029721578277e-08,4.693175872698767e-08,-1.4615112048969421e-12,0.24720204471268656,2.5578093252159716e-10,3.6860117108433286e-10,4.797215116927474e-11,"{""D"": 2.5578093252159716e-10, ""cp"": 1717.8547219313434, ""k"": 0.24720204471268656, ""rho"": 663.891161396318}","{""D"": 4.572728501836526e-09, ""cp"": 2168.748479151306, ""k"": 0.3098261776599036, ""rho"": 695.6065118209261}","[[6.329316855044748e-15, 1.71367560636293e-06], [5.977688140875596e-15, 3.0792607699781094e-08], [4.3953589271144074e-15, 5.973112560120342e-10]]",323.31500000002393,323.3150000000468,0.10852469840873459,0.35630087360098533,0.0,0.0
53880.0,bdf2,50.165,0.04986,3,1.4944220352189003e-14,5.985682505205148e-10,1.8781065591610968e-10,1.1102230246251565e-16,-0.0,6.323830348264892e-10,-6.323830348264892e-10,4.6773177251272196e-08,4.677462610973415e-08,-1.4488584619545538e-12,0.24714129472918972,2.538651110291737e-10,3.6736705439669283e-10,4.180230948338009e-11,"{""D"": 2.538651110291737e-10, ""cp"": 1717.417322050166, ""k"": 0.24714129472918972, ""rho"": 663.8660201775575}","{""D"": 4.566069559029194e-09, ""cp"": 2168.13753398312, ""k"": 0.30974132416432226, ""rho"": 695.5539492398043}","[[1.0900490139243747e-14, 1.7084068079098458e-06], [8.263274782975094e-15, 3.074725175855608e-08], [1.4944220352189003e-14, 5.985682505205148e-10]]",323.315000000023,323.3150000000464,0.10832828263716769,0.3558902284359715,0.0,0.0
53940.0,bdf2,50.165,0.04986,3,1.125211885341289e-14,5.998172097898546e-10,3.8107828004285693e-10,5.551115123125783e-17,-0.0,8.967049325292464e-10,-8.967049325292464e-10,4.6616820922218254e-08,4.6618257205856125e-08,-1.4362836378707685e-12,0.24708081863046794,2.5196601450686396e-10,3.6613893589683594e-10,5.866263914032964e-11,"{""D"": 2.5196601450686396e-10, ""cp"": 1716.9818941393692, ""k"": 0.24708081863046794, ""rho"": 663.841001152937}","{""D"": 4.559425451420391e-09, ""cp"": 2167.5280978078918, ""k"": 0.30965668025109605, ""rho"": 695.5015481858657}","[[1.846050749388052e-14, 1.7031593558813896e-06], [1.2482819353004927e-14, 3.070172401031801e-08], [1.125211885341289e-14, 5.998172097898546e-10]]",323.3150000000334,323.3150000000466,0.10813282150732016,0.35548084520207546,0.0,0.0
54000.0,bdf2,50.165,0.04986,3,1.090049013924372e-14,6.010577868753586e-10,5.434230843093246e-10,2.0816681711721685e-16,-0.0,4.064304448547773e-10,-4.064304448547773e-10,4.646122401062907e-08,4.646264779712158e-08,-1.423786492505128e-12,0.24702061508552864,2.500834938678916e-10,3.649167824612847e-10,-8.47877467695139e-12,"{""D"": 2.500834938678916e-10, ""cp"": 1716.5484286158062, ""k"": 0.24702061508552864, ""rho"": 663.8161036475394}","{""D"": 4.552796147822771e-09, ""cp"": 2166.920166079204, ""k"": 0.3095722452887783, ""rho"": 695.4493080047957}","[[4.746987641283557e-15, 1.697933156574738e-06], [6.329316855044742e-15, 3.065602720286886e-08], [1.090049013924372e-14, 6.010577868753586e-10]]",323.31500000001625,323.3150000000471,0.10793830974640198,0.35507271878746677,0.0,0.0
54060.0,bdf2,50.165,0.04986,3,1.5471663423442727e-14,6.022894405433021e-10,2.9035618354100734e-10,1.5265566588595902e-16,-4.493811131233757e-09,7.16227077646181e-10,-5.210038208879938e-09,4.630638231624869e-08,4.6307793683013465e-08,-1.4113667647729615e-12,0.2469606827667489,2.4821740115412933e-10,3.637005610958621e-10,4.600459143417975e-11,"{""D"": 2.4821740115412933e-10, ""cp"": 1716.116915920592, ""k"": 0.2469606827667489, ""rho"": 663.7913269892822}","{""D"": 4.546181617021015e-09, ""cp"": 2166.3137342610753, ""k"": 0.3094880186473716, ""rho"": 695.3972280451551}","[[2.2152608992656616e-14, 1.692728116731157e-06], [5.801873783791018e-15, 3.061016470851108e-08], [1.5471663423442727e-14, 6.022894405433021e-10]]",323.3150000000256,323.31500000004655,0.10774474210376683,0.35466584410277413,0.0,0.0
54120.0,bdf2,50.165,0.04986,3,5.801873783791033e-15,6.035132393833464e-10,9.390532795805484e-11,1.1102230246251565e-16,-0.0,6.124878382252064e-10,-6.124878382252064e-10,4.615229165656824e-08,4.615369068077797e-08,-1.3990242097295458e-12,0.24690102034992756,2.4636758953135246e-10,3.6249023894412467e-10,2.056279165228503e-11,"{""D"": 2.4636758953135246e-10, ""cp"": 1715.6873465194785, ""k"": 0.24690102034992756, ""rho"": 663.7666705089244}","{""D"": 4.539581827771973e-09, ""cp"": 2165.708797828, ""k"": 0.3094039996983334, ""rho"": 695.3453076583683}","[[7.735831711721375e-15, 1.6875441430919125e-06], [5.801873783791032e-15, 3.056413885871301e-08], [5.801873783791033e-15, 6.035132393833464e-10]]",323.3150000000245,323.315000000046,0.10755211335097246,0.35426021608100217,0.0,0.0
54180.0,bdf2,50.165,0.04986,3,5.977688140875638e-15,6.047284756283133e-10,1.1095835361629725e-10,1.1102230246251565e-16,-0.0,6.011191544530448e-10,-6.011191544530448e-10,4.5998947866941696e-08,4.6000334625512995e-08,-1.3867585712996156e-12,0.24684162651435257,2.445339132884797e-10,3.612857833015673e-10,4.2097914891394546e-11,"{""D"": 2.445339132884797e-10, ""cp"": 1715.2597109033386, ""k"": 0.24684162651435257, ""rho"": 663.742133540082}","{""D"": 4.532996748806472e-09, ""cp"": 2165.105352264965, ""k"": 0.3093201878145785, ""rho"": 695.2935461987115}","[[2.1097722850149307e-15, 1.6823811431754265e-06], [7.384202997552258e-15, 3.051795276209912e-08], [5.977688140875638e-15, 6.047284756283133e-10]]",323.31500000002404,323.31500000004445,0.10736041828189125,0.35385582967743323,0.0,0.0
54240.0,bdf2,50.165,0.04986,3,2.988844070437826e-15,6.059350521336881e-10,6.534719432238489e-10,8.326672684688674e-17,-0.0,6.139089236967266e-10,-6.139089236967266e-10,4.5846346800655276e-08,4.584772137024436e-08,-1.3745695890867142e-12,0.24678249994286314,2.427162278340508e-10,3.6008716159529216e-10,2.112067947838882e-11,"{""D"": 2.427162278340508e-10, ""cp"": 1714.8339995886147, ""k"": 0.24678249994286314, ""rho"": 663.7177154192391}","{""D"": 4.526426348830612e-09, ""cp"": 2164.503393067492, ""k"": 0.309236582370485, ""rho"": 695.241943023302}","[[3.5162871416915567e-15, 1.6772390246111435e-06], [3.692101498776133e-15, 3.047160906932689e-08], [2.988844070437826e-15, 6.059350521336881e-10]]",323.31500000002455,323.31500000004365,0.10716965171280546,0.35345267986954754,0.0,0.0
54300.0,bdf2,50.165,0.04986,3,1.3713519852597059e-14,6.071330382884099e-10,1.0459189070388675e-10,1.1102230246251565e-16,-4.489528125400701e-09,7.858602657506708e-10,-5.275388391151372e-09,4.569448432900717e-08,4.569584678599936e-08,-1.3624569921858822e-12,0.24672363932191124,2.4091438969369115e-10,3.5889434139855235e-10,5.109548993519269e-11,"{""D"": 2.4091438969369115e-10, ""cp"": 1714.410203117761, ""k"": 0.24672363932191124, ""rho"": 663.6934154857599}","{""D"": 4.5198705965267276e-09, ""cp"": 2163.9029157416567, ""k"": 0.30915318274189674, ""rho"": 695.1904974920865}","[[7.20838864046768e-15, 1.6721176955836192e-06], [6.329316855044791e-15, 3.04251107502429e-08], [1.3713519852597059e-14, 6.071330382884099e-10]]",323.3150000000287,323.3150000000443,0.1069798084824992,0.3530507616569256,0.0,0.0
54360.0,bdf2,50.165,0.04986,3,1.0900490139243818e-14,6.083229336928397e-10,3.5174707591068e-10,8.326672684688674e-17,-4.488469519795369e-09,7.02016222930979e-10,-5.1904857427263476e-09,4.554335634134685e-08,4.5544706761867034e-08,-1.3504205201874278e-12,0.2466650433416174,2.3912825650675856e-10,3.577072904287946e-10,-1.0819497929900983e-11,"{""D"": 2.3912825650675856e-10, ""cp"": 1713.9883120596453, ""k"": 0.2466650433416174, ""rho"": 663.6692330818987}","{""D"": 4.5133294605534825e-09, ""cp"": 2163.3039158041192, ""k"": 0.30906998830612764, ""rho"": 695.139208967829}","[[8.087460425890572e-15, 1.6670170642218984e-06], [6.680945569213956e-15, 3.037846058040472e-08], [1.0900490139243818e-14, 6.083229336928397e-10]]",323.315000000028,323.3150000000442,0.1067908834523338,0.352650070061164,0.0,0.0
54420.0,bdf2,50.165,0.04986,3,6.329316855044795e-15,6.095040167020116e-10,6.775735528208315e-11,1.1102230246251565e-16,-0.0,7.688072400924284e-10,-7.688072400924284e-10,4.5392958745170924e-08,4.53942972050672e-08,-1.3384598962770134e-12,0.24660671069582982,2.3735768702374563e-10,3.565259765300956e-10,6.789575443271616e-12,"{""D"": 2.3735768702374563e-10, ""cp"": 1713.5683170099746, ""k"": 0.24660671069582982, ""rho"": 663.6451675528108}","{""D"": 4.506802909549036e-09, ""cp"": 2162.7063887821478, ""k"": 0.308986998441965, ""rho"": 695.0880768161}","[[5.450245069621906e-15, 1.6619370398762712e-06], [2.109772285014931e-15, 3.033166083576955e-08], [6.329316855044795e-15, 6.095040167020116e-10]]",323.31500000003075,323.31500000004434,0.106602871506334,0.3522506001257814,0.0,0.0
54480.0,bdf2,50.165,0.04986,3,8.614903497144273e-15,6.106766203828329e-10,5.288711690809578e-10,1.1102230246251565e-16,4.4863667165913785e-09,5.6701310313656e-10,3.9193536134548185e-09,4.5243287466165257e-08,4.5244614041015614e-08,-1.326574850357008e-12,0.2465486400821819,2.3560254110246874e-10,3.553503677105744e-10,1.1083602994115605e-12,"{""D"": 2.3560254110246874e-10, ""cp"": 1713.15020859171, ""k"": 0.2465486400821819, ""rho"": 663.6212182465625}","{""D"": 4.500290912130564e-09, ""cp"": 2162.1103302136457, ""k"": 0.30890421252967304, ""rho"": 695.037100405265}","[[1.0548861425074625e-14, 1.656877531341916e-06], [1.933957927930349e-14, 3.028471448618397e-08], [8.614903497144273e-15, 6.106766203828329e-10]]",323.3150000000227,323.31500000004553,0.10641576755126952,0.3518523469161329,0.0,0.0
54540.0,bdf2,50.165,0.04986,3,1.9339579279303413e-15,6.118406198352133e-10,7.429434845107608e-11,5.551115123125783e-17,-4.485322471545818e-09,5.258016244624741e-10,-5.011124096008292e-09,4.5094338448290316e-08,4.50956532133874e-08,-1.3147650970831875e-12,0.24649083020214896,2.338626797053046e-10,3.5418043210447907e-10,6.6612505196947495e-12,"{""D"": 2.338626797053046e-10, ""cp"": 1712.7339774554725, ""k"": 0.24649083020214896, ""rho"": 663.5973845141419}","{""D"": 4.493793436895874e-09, ""cp"": 2161.515735647182, ""k"": 0.3088216299509975, ""rho"": 694.9862791064734}","[[5.098616355452718e-15, 1.6518384483021897e-06], [3.5162871416915263e-15, 3.0237624695783616e-08], [1.9339579279303413e-15, 6.118406198352133e-10]]",323.31500000002075,323.31500000004644,0.10622956651673425,0.3514553055193233,0.0,0.0
54600.0,bdf2,50.165,0.04986,3,1.652654956595024e-14,6.129963342482725e-10,1.305124897044152e-10,1.249000902703301e-16,4.484282966023008e-09,4.234834705130197e-10,4.060799495509988e-09,4.494610765379532e-08,4.4947410684161135e-08,-1.3030303658152904e-12,0.24643327976109702,2.321379648950006e-10,3.5301613800565483e-10,-3.42949066670025e-11,"{""D"": 2.321379648950006e-10, ""cp"": 1712.3196142798988, ""k"": 0.24643327976109702, ""rho"": 663.5736657094658}","{""D"": 4.48731045242439e-09, ""cp"": 2160.922600642012, ""k"": 0.30873925008916836, ""rho"": 694.9356122936471}","[[3.516287141691538e-15, 1.6468197008290275e-06], [4.219544570029848e-15, 3.0190393504603286e-08], [1.652654956595024e-14, 6.129963342482725e-10]]",323.31500000001694,323.31500000004553,0.10604426335520142,0.35105947104411755,0.0,0.0
54660.0,bdf2,50.165,0.04986,3,1.0021418353820895e-14,6.141428476880151e-10,4.96811480843462e-10,1.1102230246251565e-16,-4.483248176475588e-09,5.88329385209363e-10,-5.071577561684951e-09,4.479859106332502e-08,4.479988243368521e-08,-1.2913703601910467e-12,0.24637598746834044,2.3042825983158908e-10,3.5185745383509995e-10,3.3103333469319505e-11,"{""D"": 2.3042825983158908e-10, ""cp"": 1711.9071097720512, ""k"": 0.24637598746834044, ""rho"": 663.5500611893897}","{""D"": 4.480841927279082e-09, ""cp"": 2160.330920768097, ""k"": 0.3086570723289023, ""rho"": 694.8850993434685}","[[1.828469313679601e-14, 1.6418211989943643e-06], [1.9339579279303467e-14, 3.014302427106763e-08], [1.0021418353820895e-14, 6.141428476880151e-10]]",323.3150000000221,323.3150000000453,0.10585985304210652,0.3506648386208479,0.0,0.0
54720.0,bdf2,50.165,0.04986,3,1.7053992637204048e-14,6.152810899662242e-10,2.423803380224854e-10,1.1102230246251565e-16,4.482218079428313e-09,4.831690603168681e-10,3.999049019111445e-09,4.465178467591994e-08,4.465306446071789e-08,-1.2797847979499617e-12,0.24631895203718884,2.287334287680149e-10,3.507043481699366e-10,7.376769263739695e-11,"{""D"": 2.287334287680149e-10, ""cp"": 1711.4964546677597, ""k"": 0.24631895203718884, ""rho"": 663.5265703137148}","{""D"": 4.474387830006161e-09, ""cp"": 2159.7406916061377, ""k"": 0.308575096056408, ""rho"": 694.834739635371}","[[1.1252118853412995e-14, 1.63684285359178e-06], [8.966532211313467e-15, 3.0095518424588796e-08], [1.7053992637204048e-14, 6.152810899662242e-10]]",323.31500000001756,323.315000000044,0.10567633057589737,0.3502714034013356,0.0,0.0
54780.0,bdf2,50.165,0.04986,3,7.735831711721433e-15,6.164110333273243e-10,1.1300471669528633e-10,1.1102230246251565e-16,-0.0,4.789058039023075e-10,-4.789058039023075e-10,4.450568450909277e-08,4.450695278248644e-08,-1.2682733936684019e-12,0.24626217218500154,2.2705333704698106e-10,3.495567897374236e-10,4.2810412331653786e-11,"{""D"": 2.2705333704698106e-10, ""cp"": 1711.0876397320112, ""k"": 0.24626217218500154, ""rho"": 663.5031924451978}","{""D"": 4.467948129137795e-09, ""cp"": 2159.1519087475867, ""k"": 0.308493320659387, ""rho"": 694.7845325515256}","[[6.6809455692139654e-15, 1.6318845756368994e-06], [1.1427933210497575e-14, 3.0047879795436216e-08], [7.735831711721433e-15, 6.164110333273243e-10]]",323.3150000000188,323.3150000000436,0.10549369097810805,0.34987916055879315,0.0,0.0
54840.0,bdf2,50.165,0.04986,3,1.4240962923850838e-14,6.17531900615198e-10,3.7562131183221936e-10,1.1102230246251565e-16,-4.480171869299532e-09,8.341771717823576e-10,-5.31434904108189e-09,4.436028659887876e-08,4.4361543434726214e-08,-1.2568358474569994e-12,0.24620564663323374,2.2538785109652993e-10,3.484147473844806e-10,-1.8018637861752023e-11,"{""D"": 2.2538785109652993e-10, ""cp"": 1710.680655759283, ""k"": 0.24620564663323374, ""rho"": 663.4799269495562}","{""D"": 4.461522793191389e-09, ""cp"": 2158.5645677946836, ""k"": 0.30841174552703937, ""rho"": 694.7344774768318}","[[1.3361891138427948e-14, 1.6269462765339249e-06], [1.019723271090554e-14, 3.0000110756711607e-08], [1.4240962923850838e-14, 6.17531900615198e-10]]",323.31500000002654,323.3150000000432,0.10531192929340777,0.34948810528774843,0.0,0.0
54900.0,bdf2,50.165,0.04986,3,8.790717854228957e-15,6.186445383749017e-10,1.4006218407303095e-10,1.1102230246251565e-16,-0.0,8.455458555545192e-10,-8.455458555545192e-10,4.4215586999855516e-08,4.4216832471717616e-08,-1.2454718620998338e-12,0.24614937410748183,2.2373683842559763e-10,3.472781901440604e-10,5.944409586651814e-11,"{""D"": 2.2373683842559763e-10, ""cp"": 1710.2754935738694, ""k"": 0.24614937410748183, ""rho"": 663.4567731954749}","{""D"": 4.455111790671444e-09, ""cp"": 2157.978664360461, ""k"": 0.30833037005006403, ""rho"": 694.684573798905}","[[7.384202997552322e-15, 1.6220278680756373e-06], [1.1252118853413062e-14, 2.9952213209671896e-08], [8.790717854228957e-15, 6.186445383749017e-10]]",323.31500000002745,323.3150000000416,0.10513104058964702,0.349098232803946,0.0,0.0
54960.0,bdf2,50.165,0.04986,3,7.208388640467745e-15,6.19748544150589e-10,4.439471013029106e-11,1.3877787807814457e-16,-0.0,4.305888978706207e-10,-4.305888978706207e-10,4.4071581785186904e-08,4.407281596633191e-08,-1.234181145006579e-12,0.24609335333753224,2.2210016762039483e-10,3.461470871526003e-10,-3.202198086176006e-11,"{""D"": 2.2210016762039483e-10, ""cp"": 1709.8721440302322, ""k"": 0.24609335333753224, ""rho"": 663.4337305546131}","{""D"": 4.4487150900720815e-09, ""cp"": 2157.394194068777, ""k"": 0.30824919362066344, ""rho"": 694.6348209080662}","[[8.790717854228957e-15, 1.6171292622213507e-06], [2.813029713353267e-15, 2.990419041559722e-08], [7.208388640467745e-15, 6.19748544150589e-10]]",323.3150000000172,323.31500000004155,0.10495101995791489,0.3487095383442672,0.0,0.0
55020.0,bdf2,50.165,0.04986,3,3.867915855860742e-15,6.208436403865036e-10,2.3374013835564256e-10,1.1102230246251565e-16,-0.0,9.492850949754938e-10,-9.492850949754938e-10,4.392826704669132e-08,4.3929490010078064e-08,-1.2229633867455113e-12,0.2460375830574098,2.2047770834046497e-10,3.450214077248912e-10,7.190421744970956e-11,"{""D"": 2.2047770834046497e-10, ""cp"": 1709.4705980133508, ""k"": 0.2460375830574098, ""rho"": 663.4107984016125}","{""D"": 4.4423326598749975e-09, ""cp"": 2156.811152554328, ""k"": 0.3081682156325456, ""rho"": 694.58521819733}","[[5.098616355452793e-15, 1.6122503717075354e-06], [7.560017354636904e-15, 2.985604441452239e-08], [3.867915855860742e-15, 6.208436403865036e-10]]",323.31500000003126,323.31500000004155,0.10477186251259758,0.34832201716664135,0.0,0.0
55080.0,bdf2,50.165,0.04986,3,1.8108878779711622e-14,6.21930021371675e-10,9.185896487906575e-11,1.1102230246251565e-16,-0.0,6.352252057695296e-10,-6.352252057695296e-10,4.3785638894820385e-08,4.3786850713112544e-08,-1.211818292158736e-12,0.2459820620054124,2.1886933131249273e-10,3.439011213055671e-10,-7.73101218058668e-12,"{""D"": 2.1886933131249273e-10, ""cp"": 1709.0708464389693, ""k"": 0.2459820620054124, ""rho"": 663.387976114098}","{""D"": 4.435964468553043e-09, ""cp"": 2156.229535462682, ""k"": 0.3080874354809281, ""rho"": 694.5357650623955}","[[1.2131190638835936e-14, 1.6073911088820836e-06], [5.098616355452786e-15, 2.980777823180514e-08], [1.8108878779711622e-14, 6.21930021371675e-10]]",323.315000000025,323.3150000000421,0.10459356339139068,0.3479356645499646,0.0,0.0
55140.0,bdf2,50.165,0.04986,3,2.0746094135980318e-14,6.230083948732812e-10,6.209575076354668e-10,1.3877787807814457e-16,4.475136833744975e-09,5.613287612504791e-10,3.9138080724944955e-09,4.364369345875018e-08,4.364489420429847e-08,-1.2007455482874312e-12,0.24592678892416384,2.172749083280534e-10,3.427861974919474e-10,-5.1604986280842866e-11,"{""D"": 2.172749083280534e-10, ""cp"": 1708.6728802539797, ""k"": 0.24592678892416384, ""rho"": 663.3652630726878}","{""D"": 4.429610484570066e-09, ""cp"": 2155.64933845028, ""k"": 0.30800685256253885, ""rho"": 694.4864609016328}","[[1.0548861425074742e-14, 1.6025513875361774e-06], [6.153502497960266e-15, 2.9759393865846917e-08], [2.0746094135980318e-14, 6.230083948732812e-10]]",323.31500000002245,323.3150000000419,0.10441611775537309,0.34755047579400583,0.0,0.0
55200.0,bdf2,50.165,0.04986,3,1.476840599510462e-14,6.240775118904196e-10,3.246896085329354e-10,8.326672684688674e-17,4.474143440539314e-09,6.650680006714538e-10,3.80907543986786e-09,4.3502426886364245e-08,4.3503616631212705e-08,-1.189744848459348e-12,0.24587176256064686,2.1569431223745674e-10,3.416766060279934e-10,8.350047149465299e-12,"{""D"": 2.1569431223745674e-10, ""cp"": 1708.2766904366572, ""k"": 0.24587176256064686, ""rho"": 663.3426586609941}","{""D"": 4.423270676382791e-09, ""cp"": 2155.070557184467, ""k"": 0.30792646627562037, ""rho"": 694.4373051160738}","[[1.670236392303498e-14, 1.5977311209058875e-06], [2.2680052063910646e-14, 2.971089388403847e-08], [1.476840599510462e-14, 6.240775118904196e-10]]",323.3150000000242,323.3150000000422,0.10423952078901588,0.3471664462193272,0.0,0.0
55260.0,bdf2,50.165,0.04986,3,1.2307004995920477e-15,6.251380246791172e-10,3.956301952712238e-10,1.249000902703301e-16,-0.0,8.79651906871004e-10,-8.79651906871004e-10,4.3361835344305524e-08,4.3363014160184274e-08,-1.1788158787495177e-12,0.2458169816662477,2.1412741694555713e-10,3.4057231680358095e-10,2.6174283223617592e-11,"{""D"": 2.1412741694555713e-10, ""cp"": 1707.8822679969835, ""k"": 0.2458169816662477, ""rho"": 663.3201622656295}","{""D"": 4.41694501244077e-09, ""cp"": 2154.4931873435044, ""k"": 0.30784627601993114, ""rho"": 694.3882971094009}","[[9.669789639651801e-15, 1.5929302228379072e-06], [8.614903497144331e-15, 2.9662281075815145e-08], [1.2307004995920477e-15, 6.251380246791172e-10]]",323.3150000000325,323.31500000004326,0.10406376770023035,0.3467835711671944,0.0,0.0
55320.0,bdf2,50.165,0.04986,3,9.669789639651863e-15,6.261898222170714e-10,4.015419108327478e-10,1.6653345369377348e-16,-0.0,7.73070496506989e-10,-7.73070496506989e-10,4.322191501797921e-08,4.3223082976310175e-08,-1.167958330963679e-12,0.24576244499679217,2.1257409740676338e-10,3.3947329985153694e-10,-1.2701144809957827e-11,"{""D"": 2.1257409740676338e-10, ""cp"": 1707.4896039769037, ""k"": 0.24576244499679217, ""rho"": 663.2977732762097}","{""D"": 4.410633461187405e-09, ""cp"": 2153.9172246165863, ""k"": 0.3077662811967481, ""rho"": 694.3394362879351}","[[1.4240962923850917e-14, 1.5881486077895524e-06], [1.0548861425074753e-14, 2.9613557828156445e-08], [9.669789639651863e-15, 6.261898222170714e-10]]",323.3150000000307,323.31500000004127,0.10388885372038772,0.3464018459994924,0.0,0.0
55380.0,bdf2,50.165,0.04986,3,8.966532211313482e-15,6.272329738932214e-10,1.3096723705530167e-10,1.1102230246251565e-16,-0.0,8.29913915367797e-10,-8.29913915367797e-10,4.308266211159197e-08,4.308381928347902e-08,-1.1571718870475777e-12,0.24570815131258397,2.1103422962060218e-10,3.383795253715141e-10,-1.0024332192008016e-11,"{""D"": 2.1103422962060218e-10, ""cp"": 1707.0986894506048, ""k"": 0.24570815131258397, ""rho"": 663.2754910853566}","{""D"": 4.404335991063448e-09, ""cp"": 2153.342664703863, ""k"": 0.3076864812088699, ""rho"": 694.2907220606263}","[[2.109772285014937e-15, 1.5833861901626278e-06], [5.626059426706498e-15, 2.9564725945174786e-08], [8.966532211313482e-15, 6.272329738932214e-10]]",323.315000000031,323.31500000004354,0.10371477410434878,0.34602126609864287,0.0,0.0
55440.0,bdf2,50.165,0.04986,3,1.6878178280119553e-14,6.282673686852647e-10,1.4625811672885902e-10,1.1102230246251565e-16,-0.0,9.777068044058979e-10,-9.777068044058979e-10,4.2944072848167555e-08,4.2945219304393564e-08,-1.146456226008814e-12,0.24565409937844293,2.0950769062634057e-10,3.3729096367738937e-10,1.0444110137881311e-10,"{""D"": 2.0950769062634057e-10, ""cp"": 1706.7095155247891, ""k"": 0.24565409937844293, ""rho"": 663.253315088703}","{""D"": 4.398052570503068e-09, ""cp"": 2152.769503316452, ""k"": 0.3076068754606183, ""rho"": 694.2421538390423}","[[1.9339579279303666e-15, 1.5786428850805834e-06], [1.1252118853413038e-14, 2.9515788105283214e-08], [1.6878178280119553e-14, 6.282673686852647e-10]]",323.3150000000322,323.31500000004246,0.10354152413049196,0.3456418268675177,0.0,0.0
55500.0,bdf2,50.165,0.04986,3,5.098616355452771e-15,6.292932980267452e-10,1.4370016288012266e-10,1.1102230246251565e-16,-0.0,7.290168468898628e-10,-7.290168468898628e-10,4.280614346954415e-08,4.2807279280582675e-08,-1.1358110385281608e-12,0.24560028796373862,2.0799435849796282e-10,3.3620758526709136e-10,3.038974837344835e-11,"{""D"": 2.0799435849796282e-10, ""cp"": 1706.322073338918, ""k"": 0.24560028796373862, ""rho"": 663.2312446848932}","{""D"": 4.39178316794025e-09, ""cp"": 2152.1977361764575, ""k"": 0.3075274633578413, ""rho"": 694.1937310373576}","[[3.3404727846069874e-15, 1.5739186078334022e-06], [9.493975282567226e-15, 2.9466747014650352e-08], [5.098616355452771e-15, 6.292932980267452e-10]]",323.3150000000287,323.3150000000431,0.10336909910072835,0.345263523729356,0.0,0.0
55560.0,bdf2,50.165,0.04986,3,8.263274782975127e-15,6.303106231397848e-10,3.5993252822663635e-10,1.5265566588595902e-16,-4.4682764662704205e-09,6.23856521997368e-10,-5.0921329882677884e-09,4.266887023641896e-08,4.2669995472412846e-08,-1.1252359938855745e-12,0.24554671584242366,2.0649411233948363e-10,3.351293607604906e-10,-7.04548340769319e-11,"{""D"": 2.0649411233948363e-10, ""cp"": 1705.9363540654504, ""k"": 0.24554671584242366, ""rho"": 663.209279275586}","{""D"": 4.385527751805962e-09, ""cp"": 2151.627359016977, ""k"": 0.3074482443079135, ""rho"": 694.1454530723423}","[[2.109772285014926e-15, 1.5692132740441345e-06], [2.1097722850149256e-15, 2.9417604671677644e-08], [8.263274782975127e-15, 6.303106231397848e-10]]",323.3150000000249,323.3150000000452,0.10319749434051606,0.34488635212767416,0.0,0.0
55620.0,bdf2,50.165,0.04986,3,9.669789639651711e-15,6.313188444240225e-10,1.128682924900204e-09,1.942890293094024e-16,8.934627982718275e-09,6.693312570860144e-10,8.265296725632261e-09,4.2532249428331905e-08,4.253336415910583e-08,-1.114730773927539e-12,0.24549338179306934,2.0500683227935958e-10,3.3405626093095985e-10,-6.148046768103933e-11,"{""D"": 2.0500683227935958e-10, ""cp"": 1705.5523489100992, ""k"": 0.24549338179306934, ""rho"": 663.1874182654569}","{""D"": 4.379286290530029e-09, ""cp"": 2151.05836758213, ""k"": 0.3073692177197403, ""rho"": 694.0973193633524}","[[6.8567599262984846e-15, 1.5645267997244083e-06], [7.032574283383068e-15, 2.936836349110017e-08], [9.669789639651711e-15, 6.313188444240225e-10]]",323.31500000002677,323.3150000000463,0.1030267051988823,0.3445103075261913,0.0,0.0
55680.0,bdf2,50.165,0.04986,3,2.3734938206417826e-14,6.323189333246049e-10,3.8176040106918663e-10,1.1102230246251565e-16,-0.0,6.750155989720952e-10,-6.750155989720952e-10,4.2396277343691424e-08,4.239738163874014e-08,-1.1042950487148691e-12,0.24544028459889455,2.0353239946526957e-10,3.3298825671424123e-10,1.4685514669803816e-11,"{""D"": 2.0353239946526957e-10, ""cp"": 1705.170049112041, ""k"": 0.24544028459889455, ""rho"": 663.1656610621984}","{""D"": 4.3730587525432415e-09, ""cp"": 2150.4907576270566, ""k"": 0.3072903830037579, ""rho"": 694.0493293323182}","[[1.1955376281751201e-14, 1.5598591013299412e-06], [3.6217757559422764e-14, 2.9319025082741312e-08], [2.3734938206417826e-14, 6.323189333246049e-10]]",323.315000000027,323.31500000004644,0.10285672704842518,0.34413538540873573,0.0,0.0
55740.0,bdf2,50.165,0.04986,3,8.087460425890506e-15,6.33309793496295e-10,5.939000402577221e-10,1.1102230246251565e-16,-0.0,6.124878382252064e-10,-6.124878382252064e-10,4.226095029976317e-08,4.2262044228261654e-08,-1.0939284984860098e-12,0.24538742304779823,2.020706960589547e-10,3.319253191777609e-10,-4.099436890834707e-11,"{""D"": 2.020706960589547e-10, ""cp"": 1704.7894459441475, ""k"": 0.24538742304779823, ""rho"": 663.1440070765219}","{""D"": 4.366845106276831e-09, ""cp"": 2149.9245249179426, ""k"": 0.3072117395719364, ""rho"": 694.0014824037336}","[[1.8284693136795902e-14, 1.5552100954274728e-06], [2.0218651064726243e-14, 2.9269593040948116e-08], [8.087460425890506e-15, 6.33309793496295e-10]]",323.3150000000245,323.31500000004695,0.10268755528532707,0.34376158127916856,0.0,0.0
55800.0,bdf2,50.165,0.04986,3,8.790717854228857e-16,6.342919522950297e-10,7.185008144006133e-11,1.5265566588595902e-16,-0.0,7.929656931082718e-10,-7.929656931082718e-10,4.2126264632692075e-08,4.2127348263482134e-08,-1.0836307900592277e-12,0.24533479593238677,2.0062160523083423e-10,3.308674195448507e-10,-2.1021888982051784e-11,"{""D"": 2.0062160523083423e-10, ""cp"": 1704.410530713185, ""k"": 0.24533479593238677, ""rho"": 663.1224557221572}","{""D"": 4.360645320164004e-09, ""cp"": 2149.3596652320257, ""k"": 0.3071332868377813, ""rho"": 693.9537780046459}","[[1.424096292385075e-14, 1.5505796991943654e-06], [1.4944220352189048e-14, 2.9220068711866e-08], [8.790717854228857e-16, 6.342919522950297e-10]]",323.3150000000316,323.31500000004525,0.10251918532935267,0.3433888906612962,0.0,0.0
55860.0,bdf2,50.165,0.04986,3,1.0724675782159199e-14,6.352653680874454e-10,2.4442670110147446e-11,1.1102230246251565e-16,4.4635071447140565e-09,7.901235221652314e-10,3.673383622548825e-09,4.199221669748807e-08,4.199329009908573e-08,-1.0734015976643279e-12,0.24528240205000448,1.991850111542973e-10,3.298145291832496e-10,-1.611732055934253e-11,"{""D"": 1.991850111542973e-10, ""cp"": 1704.0332947600323, ""k"": 0.24528240205000448, ""rho"": 663.1010064158537}","{""D"": 4.354459362641724e-09, ""cp"": 2148.796174357615, ""k"": 0.3070550242163354, ""rho"": 693.9062155646453}","[[6.680945569213928e-15, 1.5459678300855373e-06], [2.426238127767163e-14, 2.917045494044146e-08], [1.0724675782159199e-14, 6.352653680874454e-10]]",323.3150000000299,323.3150000000455,0.10235161262385717,0.3430173090987917,0.0,0.0
55920.0,bdf2,50.165,0.04986,3,1.3537705495512443e-14,6.36230484962752e-10,5.081801646156237e-10,1.1102230246251565e-16,-4.462566086307239e-09,7.16227077646181e-10,-5.17879316395342e-09,4.185880286803763e-08,4.18598661086258e-08,-1.0632405881658991e-12,0.24523024020275982,1.977607990005592e-10,3.287666196130207e-10,8.60693629783104e-13,"{""D"": 1.977607990005592e-10, ""cp"": 1703.6577294598708, ""k"": 0.24523024020275982, ""rho"": 663.0796585773801}","{""D"": 4.348287202149467e-09, ""cp"": 2148.234048094088, ""k"": 0.3069769511241789, ""rho"": 693.8587945158531}","[[1.7757250065542298e-14, 1.5413744057224399e-06], [2.566889613434827e-14, 2.912075242056389e-08], [1.3537705495512443e-14, 6.36230484962752e-10]]",323.3150000000286,323.3150000000452,0.10218483263578225,0.34264683215510267,0.0,0.0
55980.0,bdf2,50.165,0.04986,3,9.845603996736272e-15,6.371865673981958e-10,4.5929482439532876e-11,1.1102230246251565e-16,-0.0,6.52278231427772e-10,-6.52278231427772e-10,4.1726019537094925e-08,4.172707268452417e-08,-1.053147429242476e-12,0.2451783091975528,1.9634885493296103e-10,3.277236624984453e-10,-1.1441319132952666e-11,"{""D"": 1.9634885493296103e-10, ""cp"": 1703.2838262223802, ""k"": 0.2451783091975528, ""rho"": 663.0584116295239}","{""D"": 4.342128807132467e-09, ""cp"": 2147.6732822519234, ""k"": 0.3068990669794338, ""rho"": 693.811514292913}","[[3.867915855860676e-15, 1.5367993442261252e-06], [8.263274782975081e-15, 2.9070965204547328e-08], [9.845603996736272e-15, 6.371865673981958e-10]]",323.3150000000261,323.31500000004684,0.10201884085565521,0.34227745541338256,0.0,0.0
56040.0,bdf2,50.165,0.04986,3,1.3010262424258646e-14,6.381336847827157e-10,4.090452421223745e-10,1.1102230246251565e-16,-0.0,8.01492205937393e-10,-8.01492205937393e-10,4.159386311627609e-08,4.159490623806468e-08,-1.043121788585828e-12,0.24512660784609946,1.9494906610139122e-10,3.2668562965459e-10,3.634321883843279e-11,"{""D"": 1.9494906610139122e-10, ""cp"": 1702.9115764919163, ""k"": 0.24512660784609946, ""rho"": 663.0372649980903}","{""D"": 4.335984146040576e-09, ""cp"": 2147.113872652697, ""k"": 0.30682137120176345, ""rho"": 693.764374332979}","[[1.933957927930339e-15, 1.5322425639952009e-06], [1.2307004995920338e-14, 2.9021094638537193e-08], [1.3010262424258646e-14, 6.381336847827157e-10]]",323.31500000002603,323.3150000000468,0.10185363279758085,0.34190917447639807,0.0,0.0
56100.0,bdf2,50.165,0.04986,3,4.289870312863672e-14,6.390730306060632e-10,6.079972081352025e-10,1.1102230246251565e-16,4.4597681300179464e-09,3.666400516522117e-10,4.093128078365735e-09,4.1462330036041434e-08,4.146336319937943e-08,-1.0331633379971577e-12,0.24507513496495373,1.9356132063624113e-10,3.25652493043898e-10,-1.038763852001946e-10,"{""D"": 1.9356132063624113e-10, ""cp"": 1702.5409717476668, ""k"": 0.24507513496495373, ""rho"": 663.0162181119007}","{""D"": 4.329853187330299e-09, ""cp"": 2146.5558151290884, ""k"": 0.30674386321237335, ""rho"": 693.7173740757052}","[[1.1076304496328333e-14, 1.5277039839833861e-06], [2.918518327603973e-14, 2.8971142096434477e-08], [4.289870312863672e-14, 6.390730306060632e-10]]",323.31500000001466,323.31500000004604,0.10168920399922429,0.3415419849664469,0.0,0.0
56160.0,bdf2,50.165,0.04986,3,1.0021418353820852e-14,6.400023705444013e-10,2.6557245291769505e-10,1.1102230246251565e-16,-0.0,6.73594513500575e-10,-6.73594513500575e-10,4.133141674573007e-08,4.133244001745393e-08,-1.023271723860062e-12,0.245023889375536,1.9218550764374854e-10,3.246242247817324e-10,8.02834713834707e-11,"{""D"": 1.9218550764374854e-10, ""cp"": 1702.1720035038595, ""k"": 0.245023889375536, ""rho"": 662.9952704027926}","{""D"": 4.3237358994660505e-09, ""cp"": 2145.9991055249056, ""k"": 0.30666654243401464, ""rho"": 693.6705129632361}","[[7.384202997552207e-15, 1.523183523088889e-06], [9.845603996736274e-15, 2.8921111033808344e-08], [1.0021418353820852e-14, 6.400023705444013e-10]]",323.31500000002313,323.3150000000467,0.10152555002181742,0.3411758825252822,0.0,0.0
56220.0,bdf2,50.165,0.04986,3,5.626059426706479e-15,6.409238140214768e-10,5.070432962384075e-10,8.326672684688674e-17,-4.457923625734036e-09,4.590106073010247e-10,-4.916934233035061e-09,4.1201119713467e-08,4.12021331600965e-08,-1.0134466294967153e-12,0.24497286990414818,1.9082151719869947e-10,3.2360079711227205e-10,-3.479315217699256e-11,"{""D"": 1.9082151719869947e-10, ""cp"": 1701.804663309867, ""k"": 0.24497286990414818, ""rho"": 662.9744213056155}","{""D"": 4.317632250919228e-09, ""cp"": 2145.4437396950802, ""k"": 0.30658940829098336, ""rho"": 693.6237904401952}","[[1.0724675782159199e-14, 1.5186811008760515e-06], [7.384202997552235e-15, 2.8871002769048637e-08], [5.626059426706479e-15, 6.409238140214768e-10]]",323.31500000001824,323.3150000000447,0.10136266645012063,0.34081086281402506,0.0,0.0
56280.0,bdf2,50.165,0.04986,3,1.3186076781343405e-14,6.418361120363869e-10,4.2450665205251426e-10,1.1102230246251565e-16,-0.0,5.428546501207165e-10,-5.428546501207165e-10,4.107143542623883e-08,4.107243911394248e-08,-1.0036877036465248e-12,0.2449220753820014,1.894692403401546e-10,3.2258218245537706e-10,2.5707143244310563e-11,"{""D"": 1.894692403401546e-10, ""cp"": 1701.43894275041, ""k"": 0.2449220753820014, ""rho"": 662.9536702582308}","{""D"": 4.311542210171468e-09, ""cp"": 2144.8897135056905, ""k"": 0.3065124602091237, ""rho"": 693.5772059536756}","[[1.3186076781343381e-14, 1.5141966372422822e-06], [1.986702235055737e-14, 2.8820819772401585e-08], [1.3186076781343405e-14, 6.418361120363869e-10]]",323.31500000002103,323.31500000004235,0.1012005488924281,0.3404469215130909,0.0,0.0
56340.0,bdf2,50.165,0.04986,3,8.614903497144363e-15,6.427399029673708e-10,1.4370016288012266e-10,8.326672684688674e-17,4.456095561550157e-09,3.694822225952521e-10,4.086613338954905e-09,4.094236038980577e-08,4.094335438442135e-08,-9.939946155762117e-13,0.24487150464522944,1.8812856906445347e-10,3.2156835336341175e-10,-2.098110916650564e-11,"{""D"": 1.8812856906445347e-10, ""cp"": 1701.074833445652, ""k"": 0.24487150464522944, ""rho"": 662.9330167015074}","{""D"": 4.3054657457138966e-09, ""cp"": 2144.3370228339536, ""k"": 0.30643569761582684, ""rho"": 693.5307589532285}","[[4.043730212945314e-15, 1.509730052140501e-06], [1.547166342344294e-14, 2.877056347327933e-08], [8.614903497144363e-15, 6.427399029673708e-10]]",323.3150000000148,323.3150000000421,0.10103919298052669,0.34008405432209765,0.0,0.0
56400.0,bdf2,50.165,0.04986,3,1.0900490139243875e-14,6.43635228447792e-10,6.639311322942376e-11,9.71445146547012e-17,4.455187641415718e-09,6.366462912410498e-10,3.818541350174669e-09,4.0813891128738585e-08,4.0814875495759e-08,-9.843670204176352e-13,0.24482115653491596,1.867993963202897e-10,3.2055928253251656e-10,7.839897257021569e-12,"{""D"": 1.867993963202897e-10, ""cp"": 1700.7123270513948, ""k"": 0.24482115653491596, ""rho"": 662.9124600793215}","{""D"": 4.299402826047975e-09, ""cp"": 2143.7856635682438, ""k"": 0.30635911994003384, ""rho"": 693.4844488908536}","[[3.3404727846069953e-15, 1.5052812661897619e-06], [1.2307004995920519e-14, 2.8720235856205534e-08], [1.0900490139243875e-14, 6.43635228447792e-10]]",323.31500000002546,323.3150000000425,0.10087859436969876,0.3397222569597938,0.0,0.0
56460.0,bdf2,50.165,0.04986,3,1.1603747567582242e-14,6.445212835659575e-10,1.191438059322536e-10,5.551115123125783e-17,-0.0,8.071765478234738e-10,-8.071765478234738e-10,4.068602418634913e-08,4.068699899092946e-08,-9.748045803237632e-13,0.2447710298971009,1.854816160018116e-10,3.1955494280930474e-10,3.776147076772669e-11,"{""D"": 1.854816160018116e-10, ""cp"": 1700.3514152591265, ""k"": 0.2447710298971009, ""rho"": 662.8919998385487}","{""D"": 4.293353419686427e-09, ""cp"": 2143.235631608095, ""k"": 0.3062827266122354, ""rho"": 693.4382752209884}","[[7.20838864046776e-15, 1.5008502000646295e-06], [1.6526549565950463e-14, 2.8669839932660146e-08], [1.1603747567582242e-14, 6.445212835659575e-10]]",323.31500000002836,323.31500000004104,0.10071874873866182,0.33936152516397206,0.0,0.0
56520.0,bdf2,50.165,0.04986,3,3.867915855860751e-15,6.453991230337408e-10,1.7780621419660747e-10,1.3877787807814457e-16,-0.0,8.171241461241152e-10,-8.171241461241152e-10,4.055875612471065e-08,4.0559721431664495e-08,-9.653069538476737e-13,0.24472112358281023,1.8417512294347925e-10,3.185553071985182e-10,9.353900083737567e-12,"{""D"": 1.8417512294347925e-10, ""cp"": 1699.9920897962338, ""k"": 0.24472112358281023, ""rho"": 662.8716354290664}","{""D"": 4.2873174951549766e-09, ""cp"": 2142.6869228642095, ""k"": 0.30620651706447355, ""rho"": 693.3922374004983}","[[9.845603996736457e-15, 1.496436774828247e-06], [2.9888440704378524e-15, 2.861937652143265e-08], [3.867915855860751e-15, 6.453991230337408e-10]]",323.3150000000317,323.31500000004075,0.10055965178958062,0.33900185469139255,0.0,0.0
56580.0,bdf2,50.165,0.04986,3,1.0900490139243911e-14,6.4626787255051e-10,1.5779733075760305e-10,1.1102230246251565e-16,-0.0,6.352252057695296e-10,-6.352252057695296e-10,4.043208352460219e-08,4.043303939840315e-08,-9.558738009585781e-13,0.2446714364480615,1.8287981291368979e-10,3.1756034883908204e-10,2.4091710652769547e-11,"{""D"": 1.8287981291368979e-10, ""cp"": 1699.634342426043, ""k"": 0.2446714364480615, ""rho"": 662.8513663037445}","{""D"": 4.28129502099205e-09, ""cp"": 2142.1395332584643, ""k"": 0.30613049073034226, ""rho"": 693.3463348886658}","[[6.153502497960273e-15, 1.4920409123209133e-06], [1.2307004995920548e-15, 2.8568848134402636e-08], [1.0900490139243911e-14, 6.4626787255051e-10]]",323.3150000000252,323.31500000004144,0.10040129924800394,0.33864324131770157,0.0,0.0
56640.0,bdf2,50.165,0.04986,3,9.84560399673642e-15,6.471280733499896e-10,2.3646862246096134e-11,1.1102230246251565e-16,4.4515962165640406e-09,8.569145393266808e-10,3.5946816772373597e-09,4.0306002985510616e-08,4.0306949490287676e-08,-9.465047770596506e-13,0.24462196735388742,1.815955826091512e-10,3.1657004101390474e-10,5.181244719335266e-12,"{""D"": 1.815955826091512e-10, ""cp"": 1699.2781649479894, ""k"": 0.24462196735388742, ""rho"": 662.831191918446}","{""D"": 4.2752859657499635e-09, ""cp"": 2141.5934587239162, ""k"": 0.3060546470449884, ""rho"": 693.3005671471811}","[[1.740562135137331e-14, 1.4876625339943494e-06], [7.735831711721471e-15, 2.851825670058261e-08], [9.84560399673642e-15, 6.471280733499896e-10]]",323.31500000003,323.31500000004195,0.1002436868628596,0.3382856808373523,0.0,0.0
56700.0,bdf2,50.165,0.04986,3,1.7933064422626988e-14,6.479794617542112e-10,5.716174200642854e-10,1.1102230246251565e-16,4.450708320027854e-09,6.73594513500575e-10,3.777113806527279e-09,4.018051112558105e-08,4.018144832511964e-08,-9.371995385863868e-13,0.24457271516634355,1.8032232964813525e-10,3.155843571653978e-10,7.341462939402998e-11,"{""D"": 1.8032232964813525e-10, ""cp"": 1698.9235491976735, ""k"": 0.24457271516634355, ""rho"": 662.8111117320192}","{""D"": 4.269290297995808e-09, ""cp"": 2141.048695204807, ""k"": 0.30597898544511204, ""rho"": 693.254933640131}","[[1.2482819353005061e-14, 1.4833015621884549e-06], [1.0900490139243859e-14, 2.846760384367375e-08], [1.7933064422626988e-14, 6.479794617542112e-10]]",323.3150000000239,323.3150000000431,0.10008681040639955,0.337929169063523,0.0,0.0
56760.0,bdf2,50.165,0.04986,3,1.1955376281751277e-14,6.488226067524749e-10,6.798472895752639e-11,5.551115123125783e-17,-0.0,2.3163693185779266e-10,-2.3163693185779266e-10,4.00556045815948e-08,4.0056532539343434e-08,-9.27957748631432e-13,0.24452367875652686,1.7905995256518602e-10,3.1460327087904413e-10,5.354648364754478e-12,"{""D"": 1.7905995256518602e-10, ""cp"": 1698.5704870469935, ""k"": 0.24452367875652686, ""rho"": 662.791125206295}","{""D"": 4.26330798631199e-09, ""cp"": 2140.505238656564, ""k"": 0.3059035053689672, ""rho"": 693.2094338339889}","[[1.5823292137611985e-14, 1.4789579191321067e-06], [1.090049013924381e-14, 2.8416892075555644e-08], [1.1955376281751277e-14, 6.488226067524749e-10]]",323.31500000000926,323.3150000000444,0.0999306656741793,0.3375737018280386,0.0,0.0
56820.0,bdf2,50.165,0.04986,3,7.38420299755228e-15,6.496563842439684e-10,2.751221472863108e-10,1.1102230246251565e-16,-0.0,5.357492227631155e-10,-5.357492227631155e-10,3.993128000895856e-08,3.9932198788012486e-08,-9.187790539224902e-13,0.24447485700058696,1.778083508049742e-10,3.136267558846145e-10,-1.0719920907331467e-11,"{""D"": 1.778083508049742e-10, ""cp"": 1698.2189704042262, ""k"": 0.24447485700058696, ""rho"": 662.771231806082}","{""D"": 4.257338999296906e-09, ""cp"": 2139.963085045817, ""k"": 0.3058282062563634, ""rho"": 693.1640671976058}","[[7.38420299755228e-15, 1.4746315279978717e-06], [4.043730212945294e-15, 2.8366122395429016e-08], [7.38420299755228e-15, 6.496563842439684e-10]]",323.3150000000213,323.31500000004354,0.09977524848501561,0.33721927498129584,0.0,0.0
56880.0,bdf2,50.165,0.04986,3,2.285586642099528e-15,6.504818766961407e-10,4.779394657816738e-10,1.1102230246251565e-16,4.44806820333809e-09,7.119638212316204e-10,3.736104382106469e-09,3.9807534081627776e-08,3.980844374474234e-08,-9.096631145611214e-13,0.24442624877973207,1.765674247153315e-10,3.1265478604282186e-10,8.402523774420758e-11,"{""D"": 1.765674247153315e-10, ""cp"": 1697.868991214071, ""k"": 0.24442624877973207, ""rho"": 662.7514309991587}","{""D"": 4.2513833055665674e-09, ""cp"": 2139.422230350384, ""k"": 0.3057530875486644, ""rho"": 693.1188332021984}","[[9.493975282567258e-15, 1.4703223115697384e-06], [4.219544570029895e-15, 2.8315297079251067e-08], [2.285586642099528e-15, 6.504818766961407e-10]]",323.3150000000282,323.3150000000417,0.09962055468092793,0.33686588439217546,0.0,0.0
56940.0,bdf2,50.165,0.04986,3,1.2307004995920565e-15,6.512984734863281e-10,4.0972736314870417e-10,8.326672684688674e-17,4.447195953953857e-09,6.920686246303376e-10,3.755127329323519e-09,3.968436349210161e-08,3.968526410169114e-08,-9.006095895305377e-13,0.24437785298024556,1.7533707554199199e-10,3.116873353877792e-10,3.045143751774009e-11,"{""D"": 1.7533707554199199e-10, ""cp"": 1697.520541457768, ""k"": 0.24437785298024556, ""rho"": 662.7317222562706}","{""D"": 4.245440873754677e-09, ""cp"": 2138.8826705592937, ""k"": 0.30567814868879084, ""rho"": 693.0737313213408}","[[1.512003470927384e-14, 1.4660301934643627e-06], [1.2131190638835988e-14, 2.8264417847867485e-08], [1.2307004995920565e-15, 6.512984734863281e-10]]",323.3150000000245,323.3150000000409,0.09946658012711393,0.33651352594797473,0.0,0.0
57000.0,bdf2,50.165,0.04986,3,2.9009368918955505e-14,6.521069656484357e-10,8.628830983070657e-11,1.6653345369377348e-16,-0.0,5.982769835100044e-10,-5.982769835100044e-10,3.956176495139528e-08,3.956265656952579e-08,-8.916181305082917e-13,0.24432966849349666,1.7411720542230806e-10,3.1072437808288543e-10,-6.208990600475754e-11,"{""D"": 1.7411720542230806e-10, ""cp"": 1697.173613153176, ""k"": 0.24432966849349666, ""rho"": 662.7121050511241}","{""D"": 4.239511672513379e-09, ""cp"": 2138.344401672767, ""k"": 0.30560338912121765, ""rho"": 693.0287610309523}","[[1.142793321049763e-14, 1.4617550974094229e-06], [7.032574283383154e-15, 2.821348665804635e-08], [2.9009368918955505e-14, 6.521069656484357e-10]]",323.31500000002393,323.3150000000422,0.09931332071190724,0.33616219555431515,0.0,0.0
57060.0,bdf2,50.165,0.04986,3,1.301026242425883e-14,6.529060070370463e-10,7.933067536214367e-10,1.1102230246251565e-16,8.89092603558135e-09,4.561684363579843e-10,8.434757599223366e-09,3.943973518897698e-08,3.9440617877369944e-08,-8.826883929637323e-13,0.2442816942159439,1.7290771737887736e-10,3.097658884335739e-10,1.667807223051544e-11,"{""D"": 1.7290771737887736e-10, ""cp"": 1696.828198354796, ""k"": 0.2442816942159439, ""rho"": 662.6925788603792}","{""D"": 4.233595670513523e-09, ""cp"": 2137.8074197022415, ""k"": 0.305528808291978, ""rho"": 692.9839218092901}","[[2.813029713353261e-15, 1.457496947410153e-06], [1.9339579279303666e-15, 2.816250516124441e-08], [1.301026242425883e-14, 6.529060070370463e-10]]",323.31500000001824,323.31500000004223,0.09916077234671243,0.33581188913507865,0.0,0.0
57120.0,bdf2,50.165,0.04986,3,1.6878178280119594e-14,6.536966246084575e-10,1.596163201611489e-10,1.1102230246251565e-16,4.444602290780168e-09,3.595346242946107e-10,4.085067666485557e-09,3.931827095274759e-08,3.931914477278007e-08,-8.738200324787047e-13,0.2442339290491492,1.7170851531357178e-10,3.088118409008053e-10,-3.884839462589771e-11,"{""D"": 1.7170851531357178e-10, ""cp"": 1696.4842891538744, ""k"": 0.2442339290491492, ""rho"": 662.6731431636448}","{""D"": 4.227692836446121e-09, ""cp"": 2137.271720670354, ""k"": 0.30545440564866033, ""rho"": 692.9392131369368}","[[5.098616355452785e-15, 1.4532556681379205e-06], [9.142346568398112e-15, 2.8111475036673994e-08], [1.6878178280119594e-14, 6.536966246084575e-10]]",323.3150000000144,323.31500000004166,0.09900893096597509,0.3354626026323184,0.0,0.0
57180.0,bdf2,50.165,0.04986,3,3.3404727846070076e-15,6.544783603956716e-10,4.874891601502895e-10,1.1102230246251565e-16,-0.0,5.385913937061559e-10,-5.385913937061559e-10,3.9197369008996296e-08,3.919823402169713e-08,-8.650127008366408e-13,0.24418637189978243,1.705195040012969e-10,3.078622100853223e-10,4.8100791101825964e-11,"{""D"": 1.705195040012969e-10, ""cp"": 1696.1418776784335, ""k"": 0.24418637189978243, ""rho"": 662.6537974434715}","{""D"": 4.221803139023338e-09, ""cp"": 2136.737300610963, ""k"": 0.30538018064041156, ""rho"": 692.8946344967926}","[[1.0373047067990181e-14, 1.4490311842085823e-06], [2.1097722850149516e-15, 2.8060398199469816e-08], [3.3404727846070076e-15, 6.544783603956716e-10]]",323.31500000002114,323.3150000000412,0.09885779252712142,0.33511433200619206,0.0,0.0
57240.0,bdf2,50.165,0.04986,3,7.735831711721485e-15,6.552516862434743e-10,4.661160346586257e-11,1.1102230246251565e-16,-0.0,4.547473508864641e-10,-4.547473508864641e-10,3.9077026142345265e-08,3.907788240840423e-08,-8.562660589662813e-13,0.2441390216796277,1.693405890835763e-10,3.0691697072602243e-10,-5.845260368649942e-11,"{""D"": 1.693405890835763e-10, ""cp"": 1695.8009560933194, ""k"": 0.2441390216796277, ""rho"": 662.6345411853447}","{""D"": 4.2159265469782746e-09, ""cp"": 2136.204155569123, ""k"": 0.3053061327179338, ""rho"": 692.8501853740634}","[[5.62605942670654e-15, 1.4448234206820842e-06], [1.1603747567582237e-14, 2.8009275995777294e-08], [7.735831711721485e-15, 6.552516862434743e-10]]",323.3150000000182,323.31500000004144,0.09870735301050529,0.33476707323486987,0.0,0.0
57300.0,bdf2,50.165,0.04986,3,1.933957927930384e-14,6.560160192847775e-10,3.4560798667371273e-10,1.1102230246251565e-16,-0.0,7.702283255639486e-10,-7.702283255639486e-10,3.89572391557267e-08,3.895808673548401e-08,-8.475797573077168e-13,0.24409187730558987,1.681716770628579e-10,3.0597609770776807e-10,3.966138353404614e-11,"{""D"": 1.681716770628579e-10, ""cp"": 1695.4615166002473, ""k"": 0.24409187730558987, ""rho"": 662.6153738776775}","{""D"": 4.210063029065891e-09, ""cp"": 2135.672281601109, ""k"": 0.30523226133348735, ""rho"": 692.8058652562522}","[[2.4086566920587507e-14, 1.440632302951439e-06], [4.008567341528432e-14, 2.795811114564284e-08], [1.933957927930384e-14, 6.560160192847775e-10]]",323.31500000002933,323.31500000003933,0.09855760841935501,0.3344208223144704,0.0,0.0
57360.0,bdf2,50.165,0.04986,3,4.7469876412836564e-15,6.567721366756984e-10,3.212790034012869e-10,8.326672684688674e-17,-0.0,4.675371201301459e-10,-4.675371201301459e-10,3.883800487030716e-08,3.8838843823762505e-08,-8.389534553470851e-13,0.24404493769969515,1.6701267529548342e-10,3.0503956607158523e-10,-1.4025238027852295e-11,"{""D"": 1.6701267529548342e-10, ""cp"": 1695.1235514378052, ""k"": 0.24404493769969515, ""rho"": 662.596295011802}","{""D"": 4.204212554065322e-09, ""cp"": 2135.1416747744056, ""k"": 0.30515856594088964, ""rho"": 692.7616736331493}","[[7.384202997552354e-15, 1.436457756687215e-06], [1.406514856676639e-15, 2.790690339926627e-08], [4.7469876412836564e-15, 6.567721366756984e-10]]",323.3150000000187,323.31500000004024,0.09840855477970313,0.3340755752589784,0.0,0.0
57420.0,bdf2,50.165,0.04986,3,2.2855866420995414e-15,6.575194694269371e-10,7.694325176998973e-10,6.938893903907228e-17,4.4403552701410475e-09,4.675371201301459e-10,3.9728181500109016e-09,3.871932012548781e-08,3.872015051229197e-08,-8.303868041597514e-13,0.24399820178910694,1.6586349198666436e-10,3.04107350985098e-10,-1.150332057869252e-11,"{""D"": 1.6586349198666436e-10, ""cp"": 1694.7870528815702, ""k"": 0.24399820178910694, ""rho"": 662.5773040819668}","{""D"": 4.198375090777075e-09, ""cp"": 2134.61233116771, ""k"": 0.3050850459955152, ""rho"": 692.7176099968217}","[[6.153502497960305e-15, 1.4322997080595812e-06], [6.153502497960304e-15, 2.7855656045683297e-08], [2.2855866420995414e-15, 6.575194694269371e-10]]",323.3150000000187,323.3150000000398,0.09826018814036497,0.33373132810016903,0.0,0.0
57480.0,bdf2,50.165,0.04986,3,5.098616355452813e-15,6.58258114683008e-10,1.0095391189679503e-10,9.71445146547012e-17,-0.0,4.405364961712621e-10,-4.405364961712621e-10,3.86011817788169e-08,3.8602003658274906e-08,-8.21879458004072e-13,0.24395166850611835,1.6472403618320317e-10,3.0317942775887854e-10,-1.9606081261181537e-12,"{""D"": 1.6472403618320317e-10, ""cp"": 1694.4520132440523, ""k"": 0.24395166850611835, ""rho"": 662.558400585324}","{""D"": 4.192550608027598e-09, ""cp"": 2134.0842468709243, ""k"": 0.30501170095429503, ""rho"": 692.6736738416034}","[[3.692101498776175e-15, 1.4281580833497287e-06], [1.1779561924666846e-14, 2.7804370139605794e-08], [5.098616355452813e-15, 6.58258114683008e-10]]",323.3150000000176,323.3150000000404,0.09811250457284364,0.33338807688752714,0.0,0.0
57540.0,bdf2,50.165,0.04986,3,5.626059426706535e-15,6.589881418328503e-10,3.824425220955163e-10,1.1102230246251565e-16,-0.0,4.988010005035903e-10,-4.988010005035903e-10,3.848358670594904e-08,3.848440013702513e-08,-8.134310760948696e-13,0.24390533678815918,1.6359421776779695e-10,3.0225577186349753e-10,-1.8491388341466906e-11,"{""D"": 1.6359421776779695e-10, ""cp"": 1694.118424874746, ""k"": 0.24390533678815918, ""rho"": 662.539584021924}","{""D"": 4.186739074667131e-09, ""cp"": 2133.557417985168, ""k"": 0.30493853027571777, ""rho"": 692.629864664087}","[[4.219544570029901e-15, 1.4240328091719157e-06], [7.735831711721487e-15, 2.775304713820148e-08], [5.626059426706535e-15, 6.589881418328503e-10]]",323.31500000001995,323.31500000004144,0.09796550017128142,0.33304581768817937,0.0,0.0
57600.0,bdf2,50.165,0.04986,3,1.0021418353820982e-14,6.597093565874346e-10,2.078195393551141e-10,1.1102230246251565e-16,-0.0,4.888534022029489e-10,-4.888534022029489e-10,3.836653180060287e-08,3.8367336841913933e-08,-8.050413110626088e-13,0.2438592055777965,1.6247394745261805e-10,3.013363588954438e-10,1.7339710057555097e-11,"{""D"": 1.6247394745261805e-10, ""cp"": 1693.786280160135, ""k"": 0.2438592055777965, ""rho"": 662.5208538947062}","{""D"": 4.180940459571739e-09, ""cp"": 2133.0318406227652, ""k"": 0.30486553341982847, ""rho"": 692.5861819631119}","[[5.274430712537359e-15, 1.4199238126400004e-06], [4.746987641283623e-15, 2.770168891497171e-08], [1.0021418353820982e-14, 6.597093565874346e-10]]",323.3150000000191,323.3150000000425,0.09781917105239242,0.332704546586812,0.0,0.0
57660.0,bdf2,50.165,0.04986,3,8.614903497144402e-15,6.604221614026073e-10,4.2177816794719547e-10,1.1102230246251565e-16,-4.437024413194174e-09,5.343281372915953e-10,-4.9713525504857695e-09,3.8250013974501e-08,3.825081068432374e-08,-7.967098227441521e-13,0.24381327382273854,1.6136313677328124e-10,3.004211645959948e-10,4.1565486686986976e-11,"{""D"": 1.6136313677328124e-10, ""cp"": 1693.4555715237177, ""k"": 0.24381327382273854, ""rho"": 662.5022097094918}","{""D"": 4.1751547316431275e-09, ""cp"": 2132.507510907243, ""k"": 0.30479270984822815, ""rho"": 692.5426252397561}","[[2.461400999184115e-15, 1.4158310209233527e-06], [4.395358927114492e-15, 2.7650296927084206e-08], [8.614903497144402e-15, 6.604221614026073e-10]]",323.3150000000204,323.31500000004064,0.09767351335540468,0.3323642596855945,0.0,0.0
57720.0,bdf2,50.165,0.04986,3,1.7581435708458008e-15,6.611263342337637e-10,3.3651303965598345e-10,1.1102230246251565e-16,-0.0,4.902744876744691e-10,-4.902744876744691e-10,3.813403015732582e-08,3.813481859359077e-08,-7.884362649478695e-13,0.2437675404758335,1.6026169808245934e-10,2.995101648481618e-10,5.545815098193411e-12,"{""D"": 1.6026169808245934e-10, ""cp"": 1693.1262914260012, ""k"": 0.2437675404758335, ""rho"": 662.4836509749746}","{""D"": 4.1693818598109114e-09, ""cp"": 2131.984424973337, ""k"": 0.30472005902407456, ""rho"": 692.499193997326}","[[3.692101498776182e-15, 1.4117543617464534e-06], [5.626059426706562e-15, 2.759887265946226e-08], [1.7581435708458008e-15, 6.611263342337637e-10]]",323.3150000000193,323.31500000003984,0.09752852324198846,0.3320249531041088,0.0,0.0
57780.0,bdf2,50.165,0.04986,3,1.5823292137612215e-15,6.618219167142669e-10,3.4560798667371273e-10,1.1102230246251565e-16,4.435380812215576e-09,6.3806737671257e-10,3.797313435503006e-09,3.801857729666012e-08,3.801935751695455e-08,-7.802202944335113e-13,0.2437220044950711,1.591695445438742e-10,2.986033356697319e-10,-2.7006930735643753e-11,"{""D"": 1.591695445438742e-10, ""cp"": 1692.7984323645119, ""k"": 0.2437220044950711, ""rho"": 662.4651772027128}","{""D"": 4.1636218130313044e-09, ""cp"": 2131.4625789669744, ""k"": 0.30464758041207973, ""rho"": 692.455887741346}","[[8.263274782975258e-15, 1.407693762889295e-06], [8.263274782975274e-15, 2.7547417749684833e-08], [1.5823292137612215e-15, 6.618219167142669e-10]]",323.3150000000255,323.3150000000397,0.0973841968961932,0.3316866229792658,0.0,0.0
57840.0,bdf2,50.165,0.04986,3,1.7757250065542658e-14,6.62508561899422e-10,1.3324097380973399e-10,5.551115123125783e-17,-4.434564401854118e-09,8.057554623519536e-10,-5.240319864206071e-09,3.7903652357928424e-08,3.790442441949278e-08,-7.720615643543208e-13,0.24367666484357825,1.580865901257919e-10,2.977006532379469e-10,1.0599182115882551e-10,"{""D"": 1.580865901257919e-10, ""cp"": 1692.4719868737634, ""k"": 0.24367666484357825, ""rho"": 662.4467879071188}","{""D"": 4.1578745602887186e-09, ""cp"": 2130.941969045295, ""k"": 0.3045752734785132, ""rho"": 692.4127059795514}","[[5.626059426706582e-15, 1.4036491527980033e-06], [2.813029713353291e-15, 2.7495933543897344e-08], [1.7757250065542658e-14, 6.62508561899422e-10]]",323.3150000000261,323.3150000000386,0.09724053052436597,0.33134926546524546,0.0,0.0
57900.0,bdf2,50.165,0.04986,3,3.059169813271704e-14,6.631867138784386e-10,1.6416379367001355e-10,1.1102230246251565e-16,4.433751559732655e-09,5.130118552187923e-10,3.920739704513862e-09,3.778925232433133e-08,3.779001628407449e-08,-7.639597431630733e-13,0.2436315204896216,1.5701274959495595e-10,2.9680209383831626e-10,3.859022760642918e-11,"{""D"": 1.5701274959495595e-10, ""cp"": 1692.1469475252757, ""k"": 0.2436315204896216, ""rho"": 662.4284826054519}","{""D"": 4.152140070596361e-09, ""cp"": 2130.4225913766213, ""k"": 0.3045031376911974, ""rho"": 692.3696482218758}","[[1.1603747567582326e-14, 1.3996204598076822e-06], [3.445961398857782e-14, 2.7444421984990086e-08], [3.059169813271704e-14, 6.631867138784386e-10]]",323.3150000000203,323.31500000003876,0.09709752035509311,0.3310128767334044,0.0,0.0
57960.0,bdf2,50.165,0.04986,3,4.219544570029931e-15,6.638568306183146e-10,3.228706191293895e-10,1.1102230246251565e-16,-0.0,6.423306331271306e-10,-6.423306331271306e-10,3.767537419682421e-08,3.7676130111305325e-08,-7.559144811145711e-13,0.2435865704066068,1.559479385108082e-10,2.959076339281924e-10,-3.8786462746426106e-11,"{""D"": 1.559479385108082e-10, ""cp"": 1691.823306927569, ""k"": 0.2435865704066068, ""rho"": 662.4102608178089}","{""D"": 4.1464183129969535e-09, ""cp"": 2129.904442140475, ""k"": 0.3044311725195104, ""rho"": 692.3267139804436}","[[8.966532211313603e-15, 1.3956076129750805e-06], [3.1646584275224493e-15, 2.7392883350518815e-08], [4.219544570029931e-15, 6.638568306183146e-10]]",323.3150000000246,323.31500000003916,0.09695516263913166,0.3306774529722158,0.0,0.0
58020.0,bdf2,50.165,0.04986,3,5.274430712537404e-15,6.645180100628423e-10,4.4565240386873484e-11,1.1102230246251565e-16,-0.0,6.963318810448982e-10,-6.963318810448982e-10,3.756201499401981e-08,3.75627629194576e-08,-7.479254377875961e-13,0.24354181357307159,1.548920732185666e-10,2.95017250089819e-10,4.48723355365766e-11,"{""D"": 1.548920732185666e-10, ""cp"": 1691.5010577261155, ""k"": 0.24354181357307159, ""rho"": 662.3921220671132}","{""D"": 4.140709256562434e-09, ""cp"": 2129.3875175275534, ""k"": 0.3043593774343824, ""rho"": 692.2839027695593}","[[1.5120034709273893e-14, 1.3916105413569468e-06], [2.1625165921403353e-14, 2.7341320027463034e-08], [5.274430712537404e-15, 6.645180100628423e-10]]",323.3150000000269,323.31500000003973,0.096813453649322,0.3303429903871816,0.0,0.0
58080.0,bdf2,50.165,0.04986,3,1.4065148566766394e-14,6.651706963012316e-10,3.738023224286735e-10,1.1102230246251565e-16,-4.431334255598851e-09,5.755396159656812e-10,-5.0068738715645325e-09,3.744917175214398e-08,3.744991174441725e-08,-7.399922732704736e-13,0.24349724897268532,1.538450708435296e-10,2.9413091903311733e-10,-5.20921008306365e-11,"{""D"": 1.538450708435296e-10, ""cp"": 1691.1801926033343, ""k"": 0.24349724897268532, ""rho"": 662.3740658791068}","{""D"": 4.135012870395756e-09, ""cp"": 2128.871813739741, ""k"": 0.3042877519082973, ""rho"": 692.2412141056985}","[[4.746987641283659e-15, 1.3876291745096303e-06], [1.1779561924666855e-14, 2.7289733653401704e-08], [1.4065148566766394e-14, 6.651706963012316e-10]]",323.31500000002296,323.31500000004013,0.09667238968052157,0.33000948520076945,0.0,0.0
58140.0,bdf2,50.165,0.04986,3,1.933957927930378e-15,6.658145562665752e-10,5.636593414237723e-10,1.1102230246251565e-16,-4.43053549969311e-09,7.23332505003782e-10,-5.153868004696892e-09,3.733684152497097e-08,3.7337573639619016e-08,-7.321146480485756e-13,0.24345287559424367,1.528068492849078e-10,2.9324861762070187e-10,3.3523327559022674e-11,"{""D"": 1.528068492849078e-10, ""cp"": 1690.8607042785545, ""k"": 0.24345287559424367, ""rho"": 662.356091782339}","{""D"": 4.129329123630917e-09, ""cp"": 2128.3573269901, ""k"": 0.3042162954152916, ""rho"": 692.198647507499}","[[2.637215356268698e-15, 1.3836634419339688e-06], [2.9888440704378576e-15, 2.7238125296924487e-08], [1.933957927930378e-15, 6.658145562665752e-10]]",323.31500000002717,323.3150000000403,0.09653196704952377,0.32967693365233575,0.0,0.0
58200.0,bdf2,50.165,0.04986,3,2.6372153562686965e-15,6.664500479258706e-10,2.4715518520679325e-10,1.1102230246251565e-16,-0.0,5.996980689815246e-10,-5.996980689815246e-10,3.7225021383770975e-08,3.722574567599128e-08,-7.24292220304403e-13,0.24340869243166713,1.5177732720939276e-10,2.9237032284213186e-10,-5.917512448703309e-12,"{""D"": 1.5177732720939276e-10, ""cp"": 1690.5425855080032, ""k"": 0.24340869243166713, ""rho"": 662.3381993081586}","{""D"": 4.123657985433392e-09, ""cp"": 2127.844053502859, ""k"": 0.30414500743095263, ""rho"": 692.1562024957502}","[[1.230700499592059e-14, 1.3797132742410234e-06], [1.529584906635844e-14, 2.7186495901720953e-08], [2.6372153562686965e-15, 6.664500479258706e-10]]",323.315000000024,323.3150000000404,0.0963921820949891,0.3293453319980488,0.0,0.0
58260.0,bdf2,50.165,0.04986,3,1.0548861425074786e-14,6.670770602568155e-10,1.6007106751203537e-10,1.1102230246251565e-16,-0.0,6.224354365258478e-10,-6.224354365258478e-10,3.711370841723435e-08,3.7114424941887456e-08,-7.165246531041315e-13,0.2433646984839935,1.507564240454033e-10,2.9149601184221026e-10,2.7564744826205782e-11,"{""D"": 1.507564240454033e-10, ""cp"": 1690.2258290847533, ""k"": 0.2433646984839935, ""rho"": 662.320387990702}","{""D"": 4.117999425001427e-09, ""cp"": 2127.331989513416, ""k"": 0.30407388743241887, ""rho"": 692.1138785933849}","[[6.329316855044872e-15, 1.3757786014867435e-06], [1.635073520886592e-14, 2.7134847466192547e-08], [1.0548861425074786e-14, 6.670770602568155e-10]]",323.3150000000235,323.3150000000404,0.09625303117735932,0.32901467651081967,0.0,0.0
58320.0,bdf2,50.165,0.04986,3,9.318160925482703e-15,6.676951630479877e-10,2.3737811716273427e-10,1.1102230246251565e-16,-0.0,7.034373084024992e-10,-7.034373084024992e-10,3.700289973141769e-08,3.7003608543026767e-08,-7.08811609077185e-13,0.24332089275537466,1.4974405997667732e-10,2.9062566188722995e-10,-2.40548923661725e-11,"{""D"": 1.4974405997667732e-10, ""cp"": 1689.9104278386976, ""k"": 0.24332089275537466, ""rho"": 662.3026573668843}","{""D"": 4.112353411565505e-09, ""cp"": 2126.8211312683256, ""k"": 0.30400293489837854, ""rho"": 692.0716753254691}","[[1.933957927930373e-15, 1.37185935428219e-06], [2.4614009991841115e-15, 2.7083181336484685e-08], [9.318160925482703e-15, 6.676951630479877e-10]]",323.31500000002455,323.31500000004127,0.09611451067878346,0.32868496348022697,0.0,0.0
58380.0,bdf2,50.165,0.04986,3,1.8108878779711663e-14,6.683050501887777e-10,2.6125235308427364e-10,1.1102230246251565e-16,-4.427375046835014e-09,7.474909580196254e-10,-5.17486600485464e-09,3.6892592449673884e-08,3.689329360242428e-08,-7.01152750396384e-13,0.24327727425506807,1.4874015593622875e-10,2.897592503631993e-10,7.705183163902456e-11,"{""D"": 1.4874015593622875e-10, ""cp"": 1689.59637463649, ""k"": 0.24327727425506807, ""rho"": 662.2850069763879}","{""D"": 4.1067199143899524e-09, ""cp"": 2126.311475025296, ""k"": 0.303932149309069, ""rho"": 692.029592219193}","[[1.4592591638020087e-14, 1.3679554639045577e-06], [1.424096292385092e-14, 2.703149813709782e-08], [1.8108878779711663e-14, 6.683050501887777e-10]]",323.315000000026,323.3150000000414,0.09597661700303035,0.3283561892124455,0.0,0.0
58440.0,bdf2,50.165,0.04986,3,7.03257428338318e-15,6.689066800458221e-10,1.1232259566895664e-10,8.326672684688674e-17,-0.0,5.684341886080801e-10,-5.684341886080801e-10,3.6782783712583903e-08,3.6783477260327744e-08,-6.935477438402904e-13,0.24323384199743142,1.4774463360026228e-10,2.8889675482855857e-10,-3.519470882692342e-11,"{""D"": 1.4774463360026228e-10, ""cp"": 1689.2836623815065, ""k"": 0.24323384199743142, ""rho"": 662.2674363616525}","{""D"": 4.101098902772713e-09, ""cp"": 2125.803017053178, ""k"": 0.3038615301462747, ""rho"": 691.9876288038616}","[[7.911646068806076e-15, 1.3640668614089968e-06], [2.9888440704378513e-15, 2.6979800116233577e-08], [7.03257428338318e-15, 6.689066800458221e-10]]",323.31500000002274,323.3150000000409,0.09583934657540968,0.3280283500301687,0.0,0.0
58500.0,bdf2,50.165,0.04986,3,2.549308177726401e-14,6.694997195522134e-10,1.9622348190750927e-10,5.551115123125783e-17,4.42581530889672e-09,4.447997525858227e-10,3.981015556310897e-09,3.667347067790007e-08,3.667415667415218e-08,-6.859962521045029e-13,0.24319059500191598,1.4675741538222797e-10,2.880381529587056e-10,-5.257986426194692e-11,"{""D"": 1.4675741538222797e-10, ""cp"": 1688.9722840137952, ""k"": 0.24319059500191598, ""rho"": 662.2499450678644}","{""D"": 4.095490346046611e-09, ""cp"": 2125.2957536319655, ""k"": 0.3037910768933285, ""rho"": 691.9457846108859}","[[1.1427933210497664e-14, 1.3601934786278136e-06], [1.7933064422627105e-14, 2.6928087565325498e-08], [2.549308177726401e-14, 6.694997195522134e-10]]",323.3150000000178,323.31500000004115,0.09570269584269023,0.32770144227254605,0.0,0.0
58560.0,bdf2,50.165,0.04986,3,1.0724675782159334e-14,6.700839605411346e-10,5.13409759150818e-10,1.3877787807814457e-16,-0.0,6.764366844436154e-10,-6.764366844436154e-10,3.6564650520486656e-08,3.6565329018418036e-08,-6.784979313796717e-13,0.24314753229306102,1.4577842442671772e-10,2.8718342254315927e-10,-2.6383615059245897e-11,"{""D"": 1.4577842442671772e-10, ""cp"": 1688.6622325100393, ""k"": 0.24314753229306102, ""rho"": 662.2325326429469}","{""D"": 4.089894213579131e-09, ""cp"": 2124.789681052778, ""k"": 0.30372078903510813, ""rho"": 691.9040591737729}","[[2.461400999184111e-15, 1.3563352473378032e-06], [7.384202997552324e-15, 2.6876362704819634e-08], [1.0724675782159334e-14, 6.700839605411346e-10]]",323.31500000002524,323.3150000000414,0.09556666127302255,0.3273754622951006,0.0,0.0
58620.0,bdf2,50.165,0.04986,3,6.68094556921402e-15,6.70659597301615e-10,8.611777957412414e-11,1.1102230246251565e-16,4.424269038671435e-09,7.148059921746608e-10,3.709463046496774e-09,3.6456320432213214e-08,3.645699148467247e-08,-6.710524592572636e-13,0.24310465290048155,1.44807584603146e-10,2.8633254154789845e-10,-1.2052211944709657e-11,"{""D"": 1.44807584603146e-10, ""cp"": 1688.3535008834672, ""k"": 0.24310465290048155, ""rho"": 662.2151986375476}","{""D"": 4.084310474773618e-09, ""cp"": 2124.2847956178616, ""k"": 0.30365066605803637, ""rho"": 691.8624520281168}","[[5.626059426706543e-15, 1.3524920998153611e-06], [7.911646068806078e-15, 2.682462652003892e-08], [6.68094556921402e-15, 6.70659597301615e-10]]",323.31500000002416,323.315000000041,0.0954312393558406,0.3270504064696625,0.0,0.0
58680.0,bdf2,50.165,0.04986,3,1.722980699428883e-14,6.712269212671984e-10,1.3437784218695015e-10,1.1102230246251565e-16,-0.0,7.133849067031406e-10,-7.133849067031406e-10,3.634847762192549e-08,3.634914128142456e-08,-6.636594990681521e-13,0.24306195585886137,1.438448205001047e-10,2.8548548803190197e-10,3.032470991021146e-11,"{""D"": 1.438448205001047e-10, ""cp"": 1688.046082183802, ""k"": 0.24306195585886137, ""rho"": 662.197942605028}","{""D"": 4.078739099069251e-09, ""cp"": 2123.781093640571, ""k"": 0.30358070745007926, ""rho"": 691.8209627115897}","[[2.813029713353274e-15, 1.3486639684479051e-06], [1.0021418353821057e-14, 2.6772879815895045e-08], [1.722980699428883e-14, 6.712269212671984e-10]]",323.31500000002626,323.3150000000402,0.0952964266017807,0.3267262711842948,0.0,0.0
58740.0,bdf2,50.165,0.04986,3,9.493975282567316e-15,6.717860850935509e-10,8.884626367944293e-11,1.1102230246251565e-16,-0.0,7.30437932361383e-10,-7.30437932361383e-10,3.6241119315364986e-08,3.62417756340865e-08,-6.563187215150439e-13,0.2430194402079483,1.4289005741929075e-10,2.8464224020609273e-10,-5.221746785761785e-11,"{""D"": 1.4289005741929075e-10, ""cp"": 1687.7399694972278, ""k"": 0.2430194402079483, ""rho"": 662.1807641014539}","{""D"": 4.0731800559421775e-09, ""cp"": 2123.278571445372, ""k"": 0.3035109127007461, ""rho"": 691.779590763933}","[[4.3953589271144966e-15, 1.3448507861224535e-06], [5.4502450696219746e-15, 2.6721124105066885e-08], [9.493975282567316e-15, 6.717860850935509e-10]]",323.3150000000292,323.31500000004013,0.09516221954260813,0.3264030528432265,0.0,0.0
58800.0,bdf2,50.165,0.04986,3,6.153502497960282e-15,6.72336464280221e-10,1.830358087318018e-10,1.1102230246251565e-16,-0.0,5.456968210637569e-10,-5.456968210637569e-10,3.61342427550872e-08,3.613489178487604e-08,-6.490297888435513e-13,0.24297710499253375,1.4194322136925102e-10,2.8380277641827457e-10,8.930872790777837e-11,"{""D"": 1.4194322136925102e-10, ""cp"": 1687.435155946243, ""k"": 0.24297710499253375, ""rho"": 662.1636626855802}","{""D"": 4.0676333149059635e-09, ""cp"": 2122.777225367828, ""k"": 0.3034412813010872, ""rho"": 691.7383357269476}","[[5.626059426706545e-15, 1.3410524859480688e-06], [5.274430712537385e-15, 2.666936049777746e-08], [6.153502497960282e-15, 6.72336464280221e-10]]",323.3150000000211,323.315000000041,0.09502861473109506,0.3260807478667783,0.0,0.0
58860.0,bdf2,50.165,0.04986,3,2.777866841936359e-14,6.728790025167797e-10,2.9604052542708814e-10,8.326672684688674e-17,-0.0,4.376943252282217e-10,-4.376943252282217e-10,3.60278452004116e-08,3.6028486992792884e-08,-6.417923812855019e-13,0.24293494926246165,1.4100423906001338e-10,2.8296707513840836e-10,-1.886373241051997e-11,"{""D"": 1.4100423906001338e-10, ""cp"": 1687.131634689724, ""k"": 0.24293494926246165, ""rho"": 662.1466379188469}","{""D"": 4.062098845510579e-09, ""cp"": 2122.277051754586, ""k"": 0.3033718127436925, ""rho"": 691.6971971444851}","[[7.911646068806095e-15, 1.3372690013113697e-06], [2.9888440704378584e-15, 2.6617590312416617e-08], [2.777866841936359e-14, 6.728790025167797e-10]]",323.3150000000175,323.3150000000406,0.09489560874099111,0.3257593526912897,0.0,0.0
58920.0,bdf2,50.165,0.04986,3,4.746987641283654e-15,6.734123675355974e-10,1.5734258340671659e-10,5.551115123125783e-17,4.420461358600316e-09,6.011191544530448e-10,3.819342204147271e-09,3.5921923927338607e-08,3.5922558533497086e-08,-6.346061584792346e-13,0.24289297207259813,1.4007303789659257e-10,2.821351149599584e-10,-9.502602927202692e-12,"{""D"": 1.4007303789659257e-10, ""cp"": 1686.8293989227066, ""k"": 0.24289297207259813, ""rho"": 662.1296893653596}","{""D"": 4.056576617345372e-09, ""cp"": 2121.778046963372, ""k"": 0.30330250652269053, ""rho"": 691.6561745624385}","[[1.5823292137612178e-15, 1.3335002658765305e-06], [5.626059426706561e-15, 2.656581489512977e-08], [4.746987641283654e-15, 6.734123675355974e-10]]",323.31500000002404,323.3150000000404,0.09476319816687136,0.3254388637690513,0.0,0.0
58980.0,bdf2,50.165,0.04986,3,2.8130297133532847e-15,6.739375307818207e-10,7.839844329282641e-10,1.1102230246251565e-16,-4.41970962543585e-09,5.996980689815246e-10,-5.019407694417375e-09,3.58164762284634e-08,3.581710369926284e-08,-6.274707994389672e-13,0.242851172482831,1.391495459732024e-10,2.8130687463191706e-10,-1.1784121688434222e-12,"{""D"": 1.391495459732024e-10, ""cp"": 1686.528441876383, ""k"": 0.242851172482831, ""rho"": 662.112816591882}","{""D"": 4.051066600037876e-09, ""cp"": 2121.280207362978, ""k"": 0.30323336213374696, ""rho"": 691.6152675287337}","[[5.97768814087573e-15, 1.3297462136407923e-06], [4.922801998368249e-15, 2.6514035036950823e-08], [2.8130297133532847e-15, 6.739375307818207e-10]]",323.31500000002393,323.31500000003945,0.09463137962407855,0.325119277568232,0.0,0.0
59040.0,bdf2,50.165,0.04986,3,3.867915855860765e-15,6.74454395110935e-10,2.0872903405688703e-10,5.551115123125783e-17,-0.0,6.210143510543276e-10,-6.210143510543276e-10,3.571149941293186e-08,3.571211979890647e-08,-6.20385974609326e-13,0.2428095495580588,1.3823369206764273e-10,2.8048233300422655e-10,-4.159882716713359e-12,"{""D"": 1.3823369206764273e-10, ""cp"": 1686.2287568180236, ""k"": 0.2428095495580588, ""rho"": 662.096019167825}","{""D"": 4.045568763254858e-09, ""cp"": 2120.783529333258, ""k"": 0.3031643790740636, ""rho"": 691.57447559332}","[[6.505131212129467e-15, 1.3260067789344632e-06], [6.329316855044886e-15, 2.646225186198059e-08], [3.867915855860765e-15, 6.74454395110935e-10]]",323.3150000000239,323.3150000000396,0.09450014974863309,0.3248005905728127,0.0,0.0
59100.0,bdf2,50.165,0.04986,3,2.4614009991841233e-15,6.74962752356123e-10,7.628386811120436e-11,8.326672684688674e-17,-0.0,5.115907697472721e-10,-5.115907697472721e-10,3.560699080634747e-08,3.560760415770788e-08,-6.133513604104905e-13,0.24276810236817728,1.3732540563520017e-10,2.79661469079152e-10,2.8632301334563803e-11,"{""D"": 1.3732540563520017e-10, ""cp"": 1685.9303370508765, ""k"": 0.24276810236817728, ""rho"": 662.0792966652333}","{""D"": 4.040083076702515e-09, ""cp"": 2120.2880092651103, ""k"": 0.30309555684237643, ""rho"": 691.5337983081617}","[[6.6809455692140475e-15, 1.3222818961433624e-06], [4.2195445700299245e-15, 2.641046691065352e-08], [2.4614009991841233e-15, 6.74962752356123e-10]]",323.31500000002046,323.31500000003956,0.09436950519713486,0.3244827992825134,0.0,0.0
59160.0,bdf2,50.165,0.04986,3,5.8018737837911455e-15,6.754628661953532e-10,8.094502845779061e-11,1.1102230246251565e-16,-0.0,6.110667527536862e-10,-6.110667527536862e-10,3.550294775070648e-08,3.550355411733884e-08,-6.063666323626672e-13,0.24272682998806797,1.3642461680300634e-10,2.788442619745737e-10,3.144903320238905e-11,"{""D"": 1.3642461680300634e-10, ""cp"": 1685.6331759140894, ""k"": 0.24272682998806797, ""rho"": 662.0626486587743}","{""D"": 4.034609510127224e-09, ""cp"": 2119.7936435604684, ""k"": 0.30302689493895396, ""rho"": 691.4932352272284}","[[4.395358927114504e-15, 1.318571500263932e-06], [5.098616355452826e-15, 2.635868093237015e-08], [5.8018737837911455e-15, 6.754628661953532e-10]]",323.31500000002416,323.3150000000397,0.09423944264667355,0.3241659002127217,0.0,0.0
59220.0,bdf2,50.165,0.04986,3,1.424096292385104e-14,6.7595470887305e-10,1.6052581486292183e-10,5.551115123125783e-17,-0.0,5.897504706808832e-10,-5.897504706808832e-10,3.53993676043181e-08,3.539996703578431e-08,-5.994314662110562e-13,0.24268573149758427,1.3553125636396477e-10,2.780306909413295e-10,3.9098797159618803e-11,"{""D"": 1.3553125636396477e-10, ""cp"": 1685.3372667826068, ""k"": 0.24268573149758427, ""rho"": 662.0460747257255}","{""D"": 4.029148033315831e-09, ""cp"": 2119.300428632297, ""k"": 0.30295839286559684, ""rho"": 691.4527859064871}","[[9.845603996736522e-15, 1.3148755263481249e-06], [7.735831711721555e-15, 2.6306895106742445e-08], [1.424096292385104e-14, 6.7595470887305e-10]]",323.31500000002353,323.31500000003865,0.09410995879473039,0.3238498898944304,0.0,0.0
59280.0,bdf2,50.165,0.04986,3,8.614903497144438e-15,6.764377807888522e-10,4.3564796214923263e-10,5.551115123125783e-17,4.415999032902871e-09,6.124878382252064e-10,3.8035111946776645e-09,3.5296247741740164e-08,3.529684028727636e-08,-5.925455361986973e-13,0.24264480598154206,1.3464525577128704e-10,2.772207353467882e-10,2.2681171145630524e-11,"{""D"": 1.3464525577128704e-10, ""cp"": 1685.0426030671028, ""k"": 0.24264480598154206, ""rho"": 662.0295744459643}","{""D"": 4.023698616096589e-09, ""cp"": 2118.808360904567, ""k"": 0.3028900501256343, ""rho"": 691.4124499038923}","[[1.2131190638836051e-14, 1.3111939099474945e-06], [1.1076304496328567e-14, 2.6255110446848917e-08], [8.614903497144438e-15, 6.764377807888522e-10]]",323.31500000002393,323.31500000003933,0.09398105035909546,0.3235347648741585,0.0,0.0
59340.0,bdf2,50.165,0.04986,3,1.1955376281751485e-14,6.769127619543625e-10,4.5861270336899906e-10,5.551115123125783e-17,-0.0,7.332801033044234e-10,-7.332801033044234e-10,3.519358555368773e-08,3.519417126221403e-08,-5.857085263028918e-13,0.24260405252970477,1.3376654713258035e-10,2.7641437471182033e-10,2.3029947246436888e-11,"{""D"": 1.3376654713258035e-10, ""cp"": 1684.7491782138743, ""k"": 0.24260405252970477, ""rho"": 662.0131474019543}","{""D"": 4.018261228338509e-09, ""cp"": 2118.3174368122536, ""k"": 0.30282186622392415, ""rho"": 691.3722267793778}","[[2.8130297133532907e-15, 1.3075265867246166e-06], [6.1535024979603235e-15, 2.620332824332383e-08], [1.1955376281751485e-14, 6.769127619543625e-10]]",323.31500000002876,323.31500000003876,0.09385271407776755,0.32322052171388865,0.0,0.0
59400.0,bdf2,50.165,0.04986,3,8.966532211313616e-15,6.773796523695808e-10,1.07775122160092e-10,8.326672684688674e-17,-0.0,5.229594535194337e-10,-5.229594535194337e-10,3.5091378446961116e-08,3.50919573670778e-08,-5.789201166826753e-13,0.24256347023676592,1.3289506320397462e-10,2.756115886577542e-10,2.864087300240939e-12,"{""D"": 1.3289506320397462e-10, ""cp"": 1684.4569857047147, ""k"": 0.24256347023676592, ""rho"": 661.9967931787324}","{""D"": 4.012835839952984e-09, ""cp"": 2117.827652801324, ""k"": 0.3027538406668505, ""rho"": 691.3321160948477}","[[2.813029713353292e-15, 1.3038734926196227e-06], [3.1646584275224533e-15, 2.6151549259445517e-08], [8.966532211313616e-15, 6.773796523695808e-10]]",323.3150000000209,323.3150000000387,0.09372494670884725,0.322907156990998,0.0,0.0
59460.0,bdf2,50.165,0.04986,3,7.208388640467785e-15,6.77837952434146e-10,5.265974323265254e-10,1.1102230246251565e-16,4.4138105315052125e-09,5.712763595511205e-10,3.842534171954092e-09,3.4989623844393784e-08,3.499019602437817e-08,-5.721799843868844e-13,0.24252305820234527,1.320307373849386e-10,2.748123569418827e-10,1.5502326471836055e-11,"{""D"": 1.320307373849386e-10, ""cp"": 1684.1660190568862, ""k"": 0.24252305820234527, ""rho"": 661.9805113639005}","{""D"": 4.007422420893932e-09, ""cp"": 2117.3390053287176, ""k"": 0.3026859729623219, ""rho"": 691.2921174141678}","[[6.8567599262986234e-15, 1.3002345639612223e-06], [5.801873783791144e-15, 2.609977459155921e-08], [7.208388640467785e-15, 6.77837952434146e-10]]",323.31500000002217,323.3150000000398,0.09359774503047272,0.3225946672981865,0.0,0.0
59520.0,bdf2,50.165,0.04986,3,8.08746042589066e-15,6.782878148037241e-10,5.675246939063072e-10,8.326672684688674e-17,-4.413087240654098e-09,5.343281372915953e-10,-4.947415377945694e-09,3.4888319184747885e-08,3.488888467256388e-08,-5.654878159934763e-13,0.24248281553096857,1.3117350371210494e-10,2.740166594423234e-10,2.8170364691709726e-11,"{""D"": 1.3117350371210494e-10, ""cp"": 1683.8762718229739, ""k"": 0.24248281553096857, ""rho"": 661.9643015476103}","{""D"": 4.0020209411572714e-09, ""cp"": 2116.851490862342, ""k"": 0.3026182626197697, ""rho"": 691.2522303031566}","[[5.62605942670655e-15, 1.2966097373556806e-06], [1.0548861425074778e-14, 2.6048005613565905e-08], [8.08746042589066e-15, 6.782878148037241e-10]]",323.3150000000213,323.3150000000408,0.09347110584070485,0.3222830492434109,0.0,0.0
59580.0,bdf2,50.165,0.04986,3,8.790717854229017e-15,6.787295586674347e-10,3.41970007866621e-10,5.551115123125783e-17,-0.0,5.272227099339943e-10,-5.272227099339943e-10,3.4787461922642526e-08,3.478802076593507e-08,-5.588432925416068e-13,0.24244274133204918,1.3032329685383044e-10,2.7322447617221563e-10,1.535750269264197e-11,"{""D"": 1.3032329685383044e-10, ""cp"": 1683.5877375907542, ""k"": 0.24244274133204918, ""rho"": 661.9481633225496}","{""D"": 3.9966313707824704e-09, ""cp"": 2116.3651058810615, ""k"": 0.3025507091501474, ""rho"": 691.2124543295771}","[[6.680945569214052e-15, 1.2929989496868188e-06], [1.16037475675823e-14, 2.599624276955481e-08], [8.790717854229017e-15, 6.787295586674347e-10]]",323.31500000002046,323.3150000000394,0.09334502595741884,0.321972299449821,0.0,0.0
59640.0,bdf2,50.165,0.04986,3,1.3361891138428037e-14,6.791629619806727e-10,4.943103704135865e-10,1.1102230246251565e-16,-4.411649875439228e-09,4.817479748453479e-10,-4.8933978502845756e-09,3.468704952848471e-08,3.46876017745837e-08,-5.52246098987959e-13,0.24240283471988044,1.2948005210461835e-10,2.7243578725829896e-10,3.536155520635014e-11,"{""D"": 1.2948005210461835e-10, ""cp"": 1683.3004099831392, ""k"": 0.24240283471988044, ""rho"": 661.9320962839334}","{""D"": 3.991253679853293e-09, ""cp"": 2115.8798468746663, ""k"": 0.3024833120659259, ""rho"": 691.1727890631269}","[[2.109772285014954e-14, 1.2894021381160137e-06], [1.6702363923035055e-14, 2.5944487350160195e-08], [1.3361891138428037e-14, 6.791629619806727e-10]]",323.3150000000179,323.31500000004104,0.09321950221822962,0.3216624145556788,0.0,0.0
59700.0,bdf2,50.165,0.04986,3,1.1427933210497675e-14,6.795884965882237e-10,3.4219738154206425e-11,5.551115123125783e-17,4.4109357687404244e-09,5.712763595511205e-10,3.839659409189304e-09,3.458707948838514e-08,3.4587625184313054e-08,-5.456959279125127e-13,0.2423630948136193,1.2864370537960752e-10,2.716505729563107e-10,2.0425154434863213e-12,"{""D"": 1.2864370537960752e-10, ""cp"": 1683.014282658059, ""k"": 0.2423630948136193, ""rho"": 661.91610002949}","{""D"": 3.985887838496553e-09, ""cp"": 2115.395710343887, ""k"": 0.3024160708810954, ""rho"": 691.1332340754316}","[[8.614903497144409e-15, 1.285819239804642e-06], [1.0548861425074785e-14, 2.5892739854982416e-08], [1.1427933210497675e-14, 6.795884965882237e-10]]",323.31500000002285,323.3150000000407,0.09309453148039132,0.3213533912143088,0.0,0.0
59760.0,bdf2,50.165,0.04986,3,1.740562135137331e-14,6.800051077782143e-10,1.9872459233738482e-10,1.1102230246251565e-16,4.410224691237484e-09,6.650680006714538e-10,3.74515669056603e-09,3.4487549304093764e-08,3.448808849655127e-08,-5.391924575089223e-13,0.24232352073726793,1.278141932088567e-10,2.7086881364064014e-10,6.48992722521172e-11,"{""D"": 1.278141932088567e-10, ""cp"": 1682.729349308329, ""k"": 0.24232352073726793, ""rho"": 661.9001741594482}","{""D"": 3.9805338168841125e-09, ""cp"": 2114.912692800347, ""k"": 0.3023489851111593, ""rho"": 691.0937889400333}","[[1.1427933210497613e-14, 1.2822501926912366e-06], [8.790717854228931e-16, 2.5841002143645042e-08], [1.740562135137331e-14, 6.800051077782143e-10]]",323.31500000002546,323.31500000004206,0.09297011062068909,0.32104522609401015,0.0,0.0
59820.0,bdf2,50.165,0.04986,3,9.669789639651882e-15,6.804141694516375e-10,3.1036506698001176e-11,1.1102230246251565e-16,-0.0,7.148059921746608e-10,-7.148059921746608e-10,3.438845649289914e-08,3.4388989228283635e-08,-5.327353844930706e-13,0.2422841116196618,1.2699145273199958e-10,2.700904898037477e-10,-8.425223730478083e-12,"{""D"": 1.2699145273199958e-10, ""cp"": 1682.4456036615652, ""k"": 0.2422841116196618, ""rho"": 661.8843182765254}","{""D"": 3.975191585231931e-09, ""cp"": 2114.4307907665857, ""k"": 0.30228205427313687, ""rho"": 691.0544532323854}","[[2.285586642099535e-15, 1.2786949346588194e-06], [1.0724675782159361e-14, 2.57892742994148e-08], [9.669789639651882e-15, 6.804141694516375e-10]]",323.3150000000284,323.3150000000406,0.09284623653535455,0.3207379158780115,0.0,0.0
59880.0,bdf2,50.165,0.04986,3,5.450245069621977e-15,6.808146268966198e-10,7.833023119019344e-11,1.1102230246251565e-16,-0.0,5.499600774783175e-10,-5.499600774783175e-10,3.42897985875627e-08,3.42903249119587e-08,-5.263243959987802e-13,0.24224486659444822,1.2617542169260327e-10,2.6931558207783005e-10,-7.828529262537146e-12,"{""D"": 1.2617542169260327e-10, ""cp"": 1682.163039480027, ""k"": 0.24224486659444822, ""rho"": 661.8685319859134}","{""D"": 3.969861113802191e-09, ""cp"": 2113.9500007760125, ""k"": 0.3022152778855573, ""rho"": 691.0152265298415}","[[1.1955376281751433e-14, 1.2751534039789902e-06], [9.493975282567316e-15, 2.573755802925959e-08], [5.450245069621977e-15, 6.808146268966198e-10]]",323.315000000022,323.3150000000402,0.09272290613994838,0.32043145726438627,0.0,0.0
59940.0,bdf2,50.165,0.04986,3,7.560017354636877e-15,6.812069242023711e-10,2.8558133635669947e-10,6.938893903907228e-17,4.408109474863592e-09,5.826450433232822e-10,3.82546443154031e-09,3.4191573136252045e-08,3.4192093095436214e-08,-5.199591841692794e-13,0.2422057848000803,1.253660384330771e-10,2.6854407119528505e-10,-4.312392738337116e-11,"{""D"": 1.253660384330771e-10, ""cp"": 1681.881650560578, ""k"": 0.2422057848000803, ""rho"": 661.8528148952698}","{""D"": 3.964542372902551e-09, ""cp"": 2113.4703193729106, ""k"": 0.3021486554684598, ""rho"": 690.9761084116474}","[[4.219544570029885e-15, 1.271625539311927e-06], [1.1252118853413024e-14, 2.56858534580795e-08], [7.560017354636877e-15, 6.812069242023711e-10]]",323.3150000000233,323.3150000000427,0.09260011636929527,0.3201258469659953,0.0,0.0
60000.0,bdf2,50.165,0.04986,3,5.8018737837910784e-15,6.815909503465889e-10,3.815330273937434e-10,5.551115123125783e-17,4.4074103555397786e-09,7.247535904753022e-10,3.6826567650644764e-09,3.409377770243604e-08,3.409429134187656e-08,-5.136394405191393e-13,0.24216686537978832,1.2456324188879793e-10,2.6777593801637564e-10,1.4419169206822497e-11,"{""D"": 1.2456324188879793e-10, ""cp"": 1681.601430734476, ""k"": 0.24216686537978832, ""rho"": 661.8371666147002}","{""D"": 3.959235332885559e-09, ""cp"": 2112.991743112416, ""k"": 0.3020821865433911, ""rho"": 690.9370984589335}","[[4.746987641283614e-15, 1.2681112793733185e-06], [8.790717854228911e-15, 2.56341618765088e-08], [5.8018737837910784e-15, 6.815909503465889e-10]]",323.31500000002694,323.3150000000434,0.0924778641773457,0.31982108171041823,0.0,0.0
60060.0,bdf2,50.165,0.04986,3,7.032574283383129e-15,6.81966871862727e-10,1.7143975128419697e-10,8.326672684688674e-17,-0.0,7.034373084024992e-10,-7.034373084024992e-10,3.3996409864824606e-08,3.3996917229688693e-08,-5.073648640869657e-13,0.24212810748157385,1.2376697158301827e-10,2.6701116353036843e-10,-1.3472627838612558e-11,"{""D"": 1.2376697158301827e-10, ""cp"": 1681.3223738673316, ""k"": 0.24212810748157385, ""rho"": 661.8215867567502}","{""D"": 3.9539399641513125e-09, ""cp"": 2112.5142685605024, ""k"": 0.30201587063340307, ""rho"": 690.8981962547056}","[[4.395358927114454e-15, 1.2646105631564097e-06], [9.142346568398066e-15, 2.5582484255992632e-08], [7.032574283383129e-15, 6.81966871862727e-10]]",323.31500000002666,323.31500000004326,0.09235614653711087,0.31951715823988724,0.0,0.0
60120.0,bdf2,50.165,0.04986,3,1.635073520886571e-14,6.823347442619365e-10,3.751665644813329e-10,1.1102230246251565e-16,-0.0,6.94910795573378e-10,-6.94910795573378e-10,3.3899467217287375e-08,3.389996835243408e-08,-5.011351467049673e-13,0.242089510258186,1.2297716762149802e-10,2.6624972882412737e-10,3.568137155752138e-11,"{""D"": 1.2297716762149802e-10, ""cp"": 1681.0444738589395, ""k"": 0.242089510258186, ""rho"": 661.8060749363895}","{""D"": 3.9486562371463014e-09, ""cp"": 2112.037892293967, ""k"": 0.301949707263051, ""rho"": 690.8594013838363}","[[1.4416777280935355e-14, 1.2611233301540459e-06], [2.953681199020901e-14, 2.5530821123886938e-08], [1.635073520886571e-14, 6.823347442619365e-10]]",323.3150000000278,323.31500000004456,0.09223496044054261,0.31921407331122065,0.0,0.0
60180.0,bdf2,50.165,0.04986,3,7.384202997552259e-15,6.826942622328858e-10,1.2005330063402653e-10,1.1102230246251565e-16,4.405330637572e-09,6.721734280290548e-10,3.733157209542945e-09,3.3802947368764755e-08,3.3803442318752484e-08,-4.949499877293871e-13,0.24205107286710675,1.2219377068711917e-10,2.654916151286986e-10,-3.763257332018161e-11,"{""D"": 1.2219377068711917e-10, ""cp"": 1680.7677246431688, ""k"": 0.24205107286710675, ""rho"": 661.7906307710005}","{""D"": 3.943384122363734e-09, ""cp"": 2111.562610900416, ""k"": 0.3018836959583911, ""rho"": 690.8207134330571}","[[4.395358927114442e-15, 1.2576495199145832e-06], [1.0373047067990085e-14, 2.5479174228792978e-08], [7.384202997552259e-15, 6.826942622328858e-10]]",323.3150000000269,323.3150000000444,0.09211430289844061,0.31891182369575855,0.0,0.0
60240.0,bdf2,50.165,0.04986,3,1.5647477780527468e-14,6.830457865980577e-10,2.751221472863108e-10,5.551115123125783e-17,-0.0,5.968558980384842e-10,-5.968558980384842e-10,3.3706847943197716e-08,3.370733675228192e-08,-4.888090842069803e-13,0.2420127944705333,1.2141672203464079e-10,2.6473680377736005e-10,3.708458251478221e-12,"{""D"": 1.2141672203464079e-10, ""cp"": 1680.4921201878399, ""k"": 0.2420127944705333, ""rho"": 661.7752538803651}","{""D"": 3.9381235903446706e-09, ""cp"": 2111.088420978245, ""k"": 0.30181783624697844, ""rho"": 690.7821319909499}","[[1.758143570845784e-15, 1.2541890723194449e-06], [1.195537628175134e-14, 2.5427543057232604e-08], [1.5647477780527468e-14, 6.830457865980577e-10]]",323.3150000000239,323.31500000004314,0.09199417094035241,0.3186104061792956,0.0,0.0
60300.0,bdf2,50.165,0.04986,3,8.439089140059773e-15,6.833890398016962e-10,1.687112671788782e-10,5.551115123125783e-17,-0.0,5.371703082346357e-10,-5.371703082346357e-10,3.361116657944636e-08,3.36116492915839e-08,-4.827121375387806e-13,0.24197467423536262,1.2064596348551748e-10,2.6398527621612614e-10,6.261151371977651e-11,"{""D"": 1.2064596348551748e-10, ""cp"": 1680.2176544946108, ""k"": 0.24197467423536262, ""rho"": 661.7599438866534}","{""D"": 3.9328746116783486e-09, ""cp"": 2110.6153191366257, ""k"": 0.3017521276578647, ""rho"": 690.7436566479382}","[[5.27443071253736e-15, 1.2507419276386322e-06], [2.637215356268679e-14, 2.537592923290699e-08], [8.439089140059773e-15, 6.833890398016962e-10]]",323.31500000002103,323.3150000000426,0.09187456161447988,0.31830981756201715,0.0,0.0
60360.0,bdf2,50.165,0.04986,3,1.3010262424258837e-14,6.837242855217696e-10,5.088622856419533e-10,5.551115123125783e-17,4.403277056525959e-09,5.172751116333529e-10,3.886001944892606e-09,3.3515900931203804e-08,3.351637759005587e-08,-4.766588520639673e-13,0.24193671133317068,1.198814374226007e-10,2.632370140248801e-10,1.899239944091394e-11,"{""D"": 1.198814374226007e-10, ""cp"": 1679.944321598829, ""k"": 0.24193671133317068, ""rho"": 661.744700414409}","{""D"": 3.927637157001542e-09, ""cp"": 2110.143301995493, ""k"": 0.3016865697215962, ""rho"": 690.7052869962797}","[[1.1603747567582207e-14, 1.24730802630868e-06], [5.801873783791104e-15, 2.5324333949305888e-08], [1.3010262424258837e-14, 6.837242855217696e-10]]",323.3150000000207,323.31500000004206,0.09175547198756984,0.31801005465843546,0.0,0.0
60420.0,bdf2,50.165,0.04986,3,2.1097722850149394e-15,6.840512045691582e-10,3.1320723792305216e-11,9.71445146547012e-17,-0.0,6.750155989720952e-10,-6.750155989720952e-10,3.342104866692743e-08,3.342151931585244e-08,-4.706489250079665e-13,0.24189890494019517,1.1912308678500465e-10,2.624919988796614e-10,3.454559799950222e-12,"{""D"": 1.1912308678500465e-10, ""cp"": 1679.6721155694054, ""k"": 0.24189890494019517, ""rho"": 661.7295230905364}","{""D"": 3.922411197000059e-09, ""cp"": 2109.6723661855217, ""k"": 0.3016211619702113, ""rho"": 690.6670226300573}","[[8.439089140059751e-15, 1.2438873089881675e-06], [1.7053992637204086e-14, 2.527275751174063e-08], [2.1097722850149394e-15, 6.840512045691582e-10]]",323.315000000027,323.31500000004314,0.09163689914481556,0.3177111142973228,0.0,0.0
60480.0,bdf2,50.165,0.04986,3,1.1603747567582176e-14,6.84370393688738e-10,2.0691004465334117e-10,1.1102230246251565e-16,-0.0,5.840661287948024e-10,-5.840661287948024e-10,3.332660746974168e-08,3.3327072151806834e-08,-4.646820651568803e-13,0.24186125423731786,1.1837085506285834e-10,2.617502125896963e-10,-2.221826984453847e-11,"{""D"": 1.1837085506285834e-10, ""cp"": 1679.4010305086888, ""k"": 0.24186125423731786, ""rho"": 661.7144115442891}","{""D"": 3.917196702407897e-09, ""cp"": 2109.202508348112, ""k"": 0.3015559039372378, ""rho"": 690.6288631451707}","[[6.680945569213989e-15, 1.240479716668741e-06], [7.208388640467723e-15, 2.5221200294911483e-08], [1.1603747567582176e-14, 6.84370393688738e-10]]",323.3150000000233,323.3150000000429,0.09151884018975855,0.31741299332164613,0.0,0.0
60540.0,bdf2,50.165,0.04986,3,9.142346568398082e-15,6.846810757243915e-10,1.5279510989785194e-10,1.1102230246251565e-16,-0.0,5.655920176650397e-10,-5.655920176650397e-10,3.323257503737793e-08,3.3233033795354816e-08,-4.587579768895927e-13,0.2418237584100481,1.1762468629246424e-10,2.6101163706468603e-10,9.4327206948073e-11,"{""D"": 1.1762468629246424e-10, ""cp"": 1679.1310605523465, ""k"": 0.2418237584100481, ""rho"": 661.6993654072568}","{""D"": 3.911993644008739e-09, ""cp"": 2108.733725135373, ""k"": 0.3014907951576906, ""rho"": 690.5908081393285}","[[5.97768814087567e-15, 1.2370851905640912e-06], [5.801873783791092e-15, 2.5169663922519625e-08], [9.142346568398082e-15, 6.846810757243915e-10]]",323.3150000000209,323.31500000004274,0.09140129224419352,0.31711568858850386,0.0,0.0
60600.0,bdf2,50.165,0.04986,3,1.916376492221908e-14,6.849843608991435e-10,1.5643308870494366e-10,1.1102230246251565e-16,4.4005788988577436e-09,6.579625733138528e-10,3.742616325543891e-09,3.3138949082080626e-08,3.313940195845144e-08,-4.5287637081200345e-13,0.24178641664850312,1.168845250510233e-10,2.602762543363752e-10,-3.2879159939175045e-11,"{""D"": 1.168845250510233e-10, ""cp"": 1678.8621998692224, ""k"": 0.24178641664850312, ""rho"": 661.6843843133522}","{""D"": 3.9068019926352954e-09, ""cp"": 2108.266013210104, ""k"": 0.30142583516807, ""rho"": 690.5528572120401}","[[3.8679158558607316e-15, 1.2337036722764871e-06], [6.505131212129411e-15, 2.511814860273187e-08], [1.916376492221908e-14, 6.849843608991435e-10]]",323.3150000000263,323.31500000004235,0.0912842524480643,0.3168191969690627,0.0,0.0
60660.0,bdf2,50.165,0.04986,3,2.3207495135164437e-14,6.852787087785472e-10,2.710294211283326e-10,8.326672684688674e-17,-4.399911393979889e-09,6.80699940858176e-10,-5.080611334838065e-09,3.3045727330531314e-08,3.304617436748039e-08,-4.470369490795349e-13,0.24174922814738528,1.1615031645152926e-10,2.595440465499647e-10,5.414299574857643e-11,"{""D"": 1.1615031645152926e-10, ""cp"": 1678.594442661174, ""k"": 0.24174922814738528, ""rho"": 661.6694678987968}","{""D"": 3.901621719170942e-09, ""cp"": 2107.7993692457867, ""k"": 0.3013610235063593, ""rho"": 690.5150099646075}","[[2.6372153562686875e-15, 1.2303351036302423e-06], [1.2482819353005113e-14, 2.5066655640060276e-08], [2.3207495135164437e-14, 6.852787087785472e-10]]",323.315000000025,323.3150000000417,0.0911677179593505,0.3165235153484967,0.0,0.0
60720.0,bdf2,50.165,0.04986,3,5.626059426706538e-15,6.855658957194422e-10,3.228706191293895e-10,5.551115123125783e-17,4.399246673455823e-09,7.119638212316204e-10,3.687282852224203e-09,3.295290752376272e-08,3.295334876319336e-08,-4.412394306360673e-13,0.24171219210597128,1.1542200613800756e-10,2.5881499595997787e-10,-7.353375131074023e-12,"{""D"": 1.1542200613800756e-10, ""cp"": 1678.3277831629935, ""k"": 0.24171219210597128, ""rho"": 661.6546158021109}","{""D"": 3.896452794548333e-09, ""cp"": 2107.3337899265543, ""k"": 0.3012963597120214, ""rho"": 690.4772660001174}","[[3.867915855860742e-15, 1.2269794264496703e-06], [8.26327478297523e-15, 2.5015184951238112e-08], [5.626059426706538e-15, 6.855658957194422e-10]]",323.31500000002785,323.31500000004127,0.0910516859539917,0.3162286406259178,0.0,0.0
60780.0,bdf2,50.165,0.04986,3,1.8636321850965346e-14,6.858449641544695e-10,3.058175934711471e-10,8.326672684688674e-17,4.398584722699589e-09,5.81223957851762e-10,3.817360764847827e-09,3.286048741708507e-08,3.286092290060951e-08,-4.354835244397565e-13,0.2416753077280851,1.146995402803047e-10,2.5808908493438425e-10,-3.254732673685456e-11,"{""D"": 1.146995402803047e-10, ""cp"": 1678.0622156422128, ""k"": 0.2416753077280851, ""rho"": 661.6398276640975}","{""D"": 3.8912951897510954e-09, ""cp"": 2106.8692719471755, ""k"": 0.30123184332599656, ""rho"": 690.439624923432}","[[5.6260594267065174e-15, 1.2236365833362406e-06], [6.8567599262985674e-15, 2.4963738035066463e-08], [1.8636321850965346e-14, 6.858449641544695e-10]]",323.31500000002325,323.31500000004235,0.09093615362576189,0.31593456971431294,0.0,0.0
60840.0,bdf2,50.165,0.04986,3,2.0394465421811208e-14,6.861153034609657e-10,1.8349055608268827e-10,5.551115123125783e-17,-4.397925527207598e-09,5.897504706808832e-10,-4.9876759978884815e-09,3.276846478001215e-08,3.276889454895086e-08,-4.2976893871422186e-13,0.24163857422208515,1.1398286556940527e-10,2.5736629594997857e-10,3.37473439326165e-11,"{""D"": 1.1398286556940527e-10, ""cp"": 1677.7977343990133, ""k"": 0.24163857422208515, ""rho"": 661.6251031278322}","{""D"": 3.886148875812975e-09, ""cp"": 2106.4058120130517, ""k"": 0.30116747389070164, ""rho"": 690.4020863411828}","[[3.8679158558607465e-15, 1.2203065164473337e-06], [1.3186076781343455e-14, 2.491231558543472e-08], [2.0394465421811208e-14, 6.861153034609657e-10]]",323.3150000000229,323.31500000004115,0.09082111818618858,0.31564129954049064,0.0,0.0
60900.0,bdf2,50.165,0.04986,3,5.626059426706534e-15,6.863783846844385e-10,5.038600647822022e-10,1.1102230246251565e-16,-0.0,6.110667527536862e-10,-6.110667527536862e-10,3.2676837396162894e-08,3.267726149155831e-08,-4.240953954142811e-13,0.24160199080084388,1.1327192921235594e-10,2.566466115983109e-10,4.9195862372042424e-11,"{""D"": 1.1327192921235594e-10, ""cp"": 1677.5343337660759, ""k"": 0.24160199080084388, ""rho"": 661.6104418386493}","{""D"": 3.88101382381949e-09, ""cp"": 2105.943406840175, ""k"": 0.3011032509500243, ""rho"": 690.3646498617603}","[[4.0437302129453154e-15, 1.2169891689950418e-06], [8.087460425890642e-15, 2.486091779663191e-08], [5.626059426706534e-15, 6.863783846844385e-10]]",323.31500000002444,323.3150000000415,0.09070657686444789,0.3153488270450028,0.0,0.0
60960.0,bdf2,50.165,0.04986,3,8.087460425890628e-15,6.866332918908924e-10,9.390532795805484e-11,1.1102230246251565e-16,-0.0,5.400124791776761e-10,-5.400124791776761e-10,3.2585603063189486e-08,3.258602152579931e-08,-4.184626098243673e-13,0.24156555668172336,1.1256667892739184e-10,2.559300145851493e-10,2.032701158248986e-11,"{""D"": 1.1256667892739184e-10, ""cp"": 1677.272008108408, ""k"": 0.24156555668172336, ""rho"": 661.5958434441279}","{""D"": 3.875890004907162e-09, ""cp"": 2105.4820531551245, ""k"": 0.30103917404932284, ""rho"": 690.3273150953077}","[[4.746987641283622e-15, 1.2136844839139016e-06], [8.966532211313512e-15, 2.4809545737247696e-08], [8.087460425890628e-15, 6.866332918908924e-10]]",323.3150000000216,323.31500000004206,0.09059252690724914,0.31505714918209143,0.0,0.0
61020.0,bdf2,50.165,0.04986,3,3.5162871416915737e-15,6.868803165138715e-10,8.86757334228605e-11,8.326672684688674e-17,-0.0,6.636469151999336e-10,-6.636469151999336e-10,3.24947595927076e-08,3.249517246300467e-08,-4.12870297070095e-13,0.24152927108656283,1.1186706293930814e-10,2.55216487718426e-10,1.280282431164946e-11,"{""D"": 1.1186706293930814e-10, ""cp"": 1677.0107518232523, ""k"": 0.24152927108656283, ""rho"": 661.5813075940807}","{""D"": 3.870777390263962e-09, ""cp"": 2105.021747695053, ""k"": 0.30097524273542403, ""rho"": 690.2900816537127}","[[7.384202997552302e-15, 1.2103924047490722e-06], [1.6702363923034973e-14, 2.475820014280483e-08], [3.5162871416915737e-15, 6.868803165138715e-10]]",323.31500000002654,323.3150000000424,0.09047896557875584,0.314766262919631,0.0,0.0
61080.0,bdf2,50.165,0.04986,3,1.9163764922219114e-14,6.87119583453466e-10,2.701199264265597e-10,6.938893903907228e-17,-0.0,3.950617610826157e-10,-3.950617610826157e-10,3.240430481019056e-08,3.240471212837063e-08,-4.0731818006581127e-13,0.24149313324165206,1.1117302997432632e-10,2.545060139096009e-10,-6.688607155801658e-12,"{""D"": 1.1117302997432632e-10, ""cp"": 1676.750559339895, ""k"": 0.24149313324165206, ""rho"": 661.5668339405393}","{""D"": 3.865675951129693e-09, ""cp"": 2104.562487207653, ""k"": 0.30091145655661844, ""rho"": 690.252949150599}","[[8.966532211313527e-15, 1.2071128748236681e-06], [4.0437302129453186e-15, 2.4706881221470134e-08], [1.9163764922219114e-14, 6.87119583453466e-10]]",323.3150000000158,323.3150000000418,0.09036589016046329,0.3144761652390545,0.0,0.0
61140.0,bdf2,50.165,0.04986,3,1.5823292137612144e-15,6.873504682092246e-10,2.0691004465334117e-10,5.551115123125783e-17,-0.0,4.817479748453479e-10,-4.817479748453479e-10,3.231423655492168e-08,3.231463836089622e-08,-4.0180597453931814e-13,0.24145714237771865,1.1048452925584447e-10,2.5379857618940373e-10,3.9068572887810804e-12,"{""D"": 1.1048452925584447e-10, ""cp"": 1676.4914251195742, ""k"": 0.24145714237771865, ""rho"": 661.5524221377434}","{""D"": 3.860585658796697e-09, ""cp"": 2104.104268451139, ""k"": 0.3008478150626582, ""rho"": 690.2159172013178}","[[2.057027977889577e-14, 1.203845838182449e-06], [1.2482819353005129e-14, 2.4655590527555837e-08], [1.5823292137612144e-15, 6.873504682092246e-10]]",323.31500000001927,323.31500000004115,0.09025329795112028,0.31418685313529476,0.0,0.0
61200.0,bdf2,50.165,0.04986,3,2.285586642099523e-15,6.875737479372646e-10,1.5580781109747477e-10,1.1102230246251565e-16,-0.0,6.195932655828074e-10,-6.195932655828074e-10,3.222455267988489e-08,3.2224949013294353e-08,-3.9633340946654223e-13,0.24142129772990462,1.0980151049925943e-10,2.530941576997977e-10,3.347148181205421e-11,"{""D"": 1.0980151049925943e-10, ""cp"": 1676.2333436553133, ""k"": 0.24142129772990462, ""rho"": 661.5380718421271}","{""D"": 3.855506484609911e-09, ""cp"": 2103.647088194248, ""k"": 0.3007843178047567, ""rho"": 690.1789854229419}","[[1.1427933210497605e-14, 1.2005912389811968e-06], [5.4502450696219414e-15, 2.4604327852895125e-08], [2.285586642099523e-15, 6.875737479372646e-10]]",323.31500000002353,323.3150000000424,0.09014118626661795,0.313898323616733,0.0,0.0
61260.0,bdf2,50.165,0.04986,3,1.6526549565950422e-14,6.877893116152833e-10,5.456968210637569e-10,8.326672684688674e-17,-0.0,4.277467269275803e-10,-4.277467269275803e-10,3.2135251051699497e-08,3.213564195190764e-08,-3.909002081456425e-13,0.24138559853774505,1.0912392390741989e-10,2.523927416827598e-10,-1.8586028105783086e-11,"{""D"": 1.0912392390741989e-10, ""cp"": 1675.9763094717644, ""k"": 0.24138559853774505, ""rho"": 661.5237827123052}","{""D"": 3.850438399966119e-09, ""cp"": 2103.1909432161992, ""k"": 0.3007209643355832, ""rho"": 690.1421534342561}","[[3.340472784607002e-15, 1.197349021320182e-06], [1.5295849066358375e-14, 2.455309412729978e-08], [1.6526549565950422e-14, 6.877893116152833e-10]]",323.31500000001705,323.31500000004195,0.09002955243988456,0.31361057370512546,0.0,0.0
61320.0,bdf2,50.165,0.04986,3,7.735831711721493e-15,6.879967012762833e-10,4.229150363244116e-11,1.1102230246251565e-16,-0.0,3.950617610826157e-10,-3.950617610826157e-10,3.2046329550542435e-08,3.204671505663559e-08,-3.8550609315347637e-13,0.24135004404515076,1.0845172016618848e-10,2.516943114808031e-10,-1.1007038371872276e-11,"{""D"": 1.0845172016618848e-10, ""cp"": 1675.7203171250856, ""k"": 0.24135004404515076, ""rho"": 661.5095544090617}","{""D"": 3.8453813763157e-09, ""cp"": 2102.735830306677, ""k"": 0.3006577542092607, ""rho"": 690.1054208557497}","[[9.845603996736444e-15, 1.1941191301323428e-06], [8.614903497144391e-15, 2.450189061364849e-08], [7.735831711721493e-15, 6.879967012762833e-10]]",323.3150000000158,323.31500000004115,0.08991839382079449,0.31332360043554447,0.0,0.0
61380.0,bdf2,50.165,0.04986,3,1.3361891138428037e-14,6.881961250870816e-10,1.646185410209e-10,1.1102230246251565e-16,-4.392114401879899e-09,6.750155989720952e-10,-5.0671300008519944e-09,3.195778607005834e-08,3.1958166220850104e-08,-3.8015079176528716e-13,0.24131463350038657,1.077848504396035e-10,2.5099885054706237e-10,1.1706029242728045e-10,"{""D"": 1.077848504396035e-10, ""cp"": 1675.4653612027835, ""k"": 0.24131463350038657, ""rho"": 661.4953865953361}","{""D"": 3.8403353851622775e-09, ""cp"": 2102.2817462658236, ""k"": 0.3005946869813644, ""rho"": 690.0687873096094}","[[6.32931685504486e-15, 1.1909015102395948e-06], [8.263274782975231e-15, 2.445071713153002e-08], [1.3361891138428037e-14, 6.881961250870816e-10]]",323.3150000000226,323.31500000004104,0.08980770777606263,0.31303740085632337,0.0,0.0
61440.0,bdf2,50.165,0.04986,3,1.0197232710905593e-14,6.88387957747949e-10,4.652065399568528e-10,1.1102230246251565e-16,-0.0,9.066525308298878e-10,-9.066525308298878e-10,3.18696185172832e-08,3.1869993351319205e-08,-3.7483403600764363e-13,0.24127936615605228,1.071232663653068e-10,2.5030634245408313e-10,7.586436068595265e-11,"{""D"": 1.071232663653068e-10, ""cp"": 1675.2114363235764, ""k"": 0.24127936615605228, ""rho"": 661.4812789362111}","{""D"": 3.835300398062836e-09, ""cp"": 2101.8286879042066, ""k"": 0.30053176220891753, ""rho"": 690.0322524197106}","[[5.450245069621955e-15, 1.1876961067414094e-06], [6.856759926298588e-15, 2.439957445810048e-08], [1.0197232710905593e-14, 6.88387957747949e-10]]",323.3150000000277,323.3150000000415,0.089697491689149,0.31275197202898974,0.0,0.0
61500.0,bdf2,50.165,0.04986,3,1.775725006554255e-14,6.885719355809172e-10,3.119566827081144e-10,1.1102230246251565e-16,-4.390852157565888e-09,7.574385563202668e-10,-5.148290713886155e-09,3.178182481256205e-08,3.178219436811842e-08,-3.695555563718673e-13,0.24124424126905894,1.064669200500283e-10,2.4961677085083973e-10,9.588909265247832e-11,"{""D"": 1.064669200500283e-10, ""cp"": 1674.9585371372245, ""k"": 0.24124424126905894, ""rho"": 661.467231098899}","{""D"": 3.830276386627672e-09, ""cp"": 2101.3766520428003, ""k"": 0.3004689794503889, ""rho"": 689.9958158116102}","[[1.564747778052759e-14, 1.184502865125836e-06], [1.6702363923035058e-14, 2.434846332888263e-08], [1.775725006554255e-14, 6.885719355809172e-10]]",323.3150000000263,323.3150000000405,0.08958774296014803,0.312467311028205,0.0,0.0
61560.0,bdf2,50.165,0.04986,3,2.4262381277672005e-14,6.887486136974985e-10,3.510649548843503e-10,5.551115123125783e-17,8.780449846904126e-09,5.371703082346357e-10,8.24327953866949e-09,3.169440288947752e-08,3.169476720456539e-08,-3.6431508786899465e-13,0.24120925810061422,1.0581576406528655e-10,2.4893011951267053e-10,-6.205214290338097e-11,"{""D"": 1.0581576406528655e-10, ""cp"": 1674.7066583244225, ""k"": 0.24120925810061422, ""rho"": 661.4532427527305}","{""D"": 3.825263322521623e-09, ""cp"": 2100.925635512977, ""k"": 0.30040633826569124, ""rho"": 689.959477112539}","[[2.813029713353276e-15, 1.1813217308254131e-06], [7.56001735463693e-15, 2.4297384687566037e-08], [2.4262381277672005e-14, 6.887486136974985e-10]]",323.3150000000215,323.31500000004047,0.08947845900570674,0.31218341494171115,0.0,0.0
61620.0,bdf2,50.165,0.04986,3,9.142346568398164e-15,6.889169096302439e-10,8.174083632184193e-11,5.551115123125783e-17,-0.0,4.746425474877469e-10,-4.746425474877469e-10,3.160735069477218e-08,3.160770980712687e-08,-3.5911235468392215e-13,0.24117441591619643,1.0516975144270881e-10,2.4824637230909175e-10,-1.6714571620555676e-11,"{""D"": 1.0516975144270881e-10, ""cp"": 1674.4557945966144, ""k"": 0.24117441591619643, ""rho"": 661.4393135691403}","{""D"": 3.820261177463631e-09, ""cp"": 2100.475635156468, ""k"": 0.30034383821617605, ""rho"": 689.9232359513933}","[[7.032574283383205e-15, 1.1781526499388129e-06], [6.856759926298622e-15, 2.424633874231752e-08], [9.142346568398164e-15, 6.889169096302439e-10]]",323.315000000019,323.31500000003984,0.08936963725890859,0.3119002808702597,0.0,0.0
61680.0,bdf2,50.165,0.04986,3,5.97768814087572e-15,6.890773784906656e-10,3.4515323932282627e-10,5.551115123125783e-17,-4.3889781639822625e-09,6.94910795573378e-10,-5.0838889595556405e-09,3.152066618825797e-08,3.152102013535262e-08,-3.5394709464671776e-13,0.24113971398553935,1.0452883566969542e-10,2.475655132218486e-10,5.660834147529019e-11,"{""D"": 1.0452883566969542e-10, ""cp"": 1674.2059406958833, ""k"": 0.24113971398553935, ""rho"": 661.4254432216565}","{""D"": 3.815269923226735e-09, ""cp"": 2100.0266478253593, ""k"": 0.30028147886463324, ""rho"": 689.887091958728}","[[1.9339579279303796e-15, 1.1749955685647073e-06], [3.3404727846070198e-15, 2.4195326145393103e-08], [5.97768814087572e-15, 6.890773784906656e-10]]",323.31500000002734,323.31500000004,0.08926127516919077,0.31161790592756244,0.0,0.0
61740.0,bdf2,50.165,0.04986,3,1.4592591638020058e-14,6.892302145677931e-10,4.747562343254685e-10,1.1102230246251565e-16,-4.388358611926577e-09,7.389644451905042e-10,-5.127323057117081e-09,3.1434347342734277e-08,3.143469616178303e-08,-3.488190487505881e-13,0.24110515158260637,1.0389297068485519e-10,2.4688752631916226e-10,7.012609427962484e-11,"{""D"": 1.0389297068485519e-10, ""cp"": 1673.957091394766, ""k"": 0.24110515158260637, ""rho"": 661.4116313858852}","{""D"": 3.810289531639053e-09, ""cp"": 2099.5786703820622, ""k"": 0.30021925977528646, ""rho"": 689.8510447667488}","[[1.9339579279303697e-15, 1.1718504329683022e-06], [2.6372153562686847e-15, 2.4144347438026514e-08], [1.4592591638020058e-14, 6.892302145677931e-10]]",323.31500000002745,323.3150000000418,0.08915337020222878,0.3113362872402251,0.0,0.0
61800.0,bdf2,50.165,0.04986,3,1.1603747567582261e-14,6.893753901060506e-10,8.549250196665525e-11,5.551115123125783e-17,-0.0,6.338041202980094e-10,-6.338041202980094e-10,3.134839214391772e-08,3.1348735871872066e-08,-3.4372795434914503e-13,0.2410707279855706,1.0326211087382881e-10,2.4621239578431336e-10,1.1065199385138741e-10,"{""D"": 1.0326211087382881e-10, ""cp"": 1673.7092414961085, ""k"": 0.2410707279855706, ""rho"": 661.3978777394996}","{""D"": 3.8053199745825946e-09, ""cp"": 2099.1316996992928, ""k"": 0.3001571805137907, ""rho"": 689.8150940093042}","[[1.4416777280935535e-14, 1.1687171899144033e-06], [6.680945569214028e-15, 2.409340338349608e-08], [1.1603747567582261e-14, 6.893753901060506e-10]]",323.31500000002416,323.3150000000405,0.08904591983984009,0.311055421947689,0.0,0.0
61860.0,bdf2,50.165,0.04986,3,7.208388640467761e-15,6.895130161277407e-10,3.1946001399774104e-11,6.938893903907228e-17,4.387127096998924e-09,6.52278231427772e-10,3.734848865571152e-09,3.126279859036931e-08,3.126313726391995e-08,-3.386735506422676e-13,0.24103644247679887,1.0263621106501091e-10,2.455401058848971e-10,-2.5603583601521012e-12,"{""D"": 1.0263621106501091e-10, ""cp"": 1673.462385832952, ""k"": 0.24103644247679887, ""rho"": 661.3841819622272}","{""D"": 3.800361223995786e-09, ""cp"": 2098.6857326600566, ""k"": 0.3000952406472301, ""rho"": 689.7792393218785}","[[6.3293168550448655e-15, 1.165595786223328e-06], [2.1097722850149536e-15, 2.404249425935756e-08], [7.208388640467761e-15, 6.895130161277407e-10]]",323.31500000002546,323.3150000000408,0.08893892157989994,0.3107753072021765,0.0,0.0
61920.0,bdf2,50.165,0.04986,3,1.898795056513455e-14,6.896426207880779e-10,1.8917489796876907e-10,1.1102230246251565e-16,-0.0,8.185452315956354e-10,-8.185452315956354e-10,3.1177564693408484e-08,3.117789834898583e-08,-3.336555773459956e-13,0.24100229434282738,1.0201522652512433e-10,2.4487064101240353e-10,2.8372097948717943e-11,"{""D"": 1.0201522652512433e-10, ""cp"": 1673.2165192683572, ""k"": 0.24100229434282738, ""rho"": 661.3705437358377}","{""D"": 3.79541325187154e-09, ""cp"": 2098.240766157621, ""k"": 0.300033439744114, ""rho"": 689.7434803415842}","[[6.153502497960269e-15, 1.16248616904846e-06], [2.795448277644809e-14, 2.3991621134200614e-08], [1.898795056513455e-14, 6.896426207880779e-10]]",323.31500000002893,323.31500000004155,0.08883237293623229,0.31049594016862647,0.0,0.0
61980.0,bdf2,50.165,0.04986,3,4.7469876412836375e-15,6.897650645099063e-10,5.775291356258094e-11,1.1102230246251565e-16,4.3859056136371875e-09,5.712763595511205e-10,3.814629254086067e-09,3.109268847702345e-08,3.10930171508037e-08,-3.2867378025118306e-13,0.24096828287433877,1.0139911295487813e-10,2.4420398564384214e-10,-3.418070146682493e-11,"{""D"": 1.0139911295487813e-10, ""cp"": 1672.9716366952393, ""k"": 0.24096828287433877, ""rho"": 661.3569627441286}","{""D"": 3.790476030258318e-09, ""cp"": 2097.7967970954933, ""k"": 0.2999717773743741, ""rho"": 689.7078167071536}","[[1.7581435708457918e-15, 1.1593882858207394e-06], [7.911646068806064e-15, 2.394078368883612e-08], [4.7469876412836375e-15, 6.897650645099063e-10]]",323.31500000002285,323.31500000004155,0.08872627143850463,0.3102173180246373,0.0,0.0
62040.0,bdf2,50.165,0.04986,3,4.9228019983682206e-15,6.898794591148061e-10,4.5838532969355583e-10,8.326672684688674e-17,-8.770597202643443e-09,7.062794793455396e-10,-9.476876681988982e-09,3.1008167977815515e-08,3.100849170571527e-08,-3.237278997554666e-13,0.24093440736614577,1.0078782648512372e-10,2.4354012434836253e-10,2.3101984904236704e-11,"{""D"": 1.0078782648512372e-10, ""cp"": 1672.7277330362497, ""k"": 0.24093440736614577, ""rho"": 661.3434386729144}","{""D"": 3.78554953126042e-09, ""cp"": 2097.353822387406, ""k"": 0.299910253109362, ""rho"": 689.6722480589325}","[[1.635073520886586e-14, 1.1563020839711058e-06], [2.268005206391073e-14, 2.3889982797564713e-08], [4.9228019983682206e-15, 6.898794591148061e-10]]",323.3150000000257,323.31500000004127,0.08862061463214409,0.3099394379604101,0.0,0.0
62100.0,bdf2,50.165,0.04986,3,5.801873783791095e-15,6.899862348141994e-10,1.673470251262188e-10,5.551115123125783e-17,-0.0,6.266986929404084e-10,-6.266986929404084e-10,3.092400124490344e-08,3.092432006258921e-08,-3.188176857723686e-13,0.24090066711716923,1.0018132367224174e-10,2.4287904181068736e-10,-2.140918692999691e-11,"{""D"": 1.0018132367224174e-10, ""cp"": 1672.4848032436184, ""k"": 0.24090066711716923, ""rho"": 661.3299712100143}","{""D"": 3.78063372703829e-09, ""cp"": 2096.9118389572895, ""k"": 0.2998488665218458, ""rho"": 689.6367740388722}","[[1.3889334209681707e-14, 1.1532275115411217e-06], [1.1076304496328453e-14, 2.3839219959187474e-08], [5.801873783791095e-15, 6.899862348141994e-10]]",323.31500000002507,323.3150000000425,0.08851540007823652,0.30966229717868937,0.0,0.0
62160.0,bdf2,50.165,0.04986,3,5.8018737837911155e-15,6.900854887526009e-10,3.126388037344441e-11,5.551115123125783e-17,-0.0,7.545963853772264e-10,-7.545963853772264e-10,3.0840186339849414e-08,3.084050028273338e-08,-3.1394288396701166e-13,0.2408670614304132,9.957956149428468e-11,2.4222072279680495e-10,-2.0403855007708823e-11,"{""D"": 9.957956149428468e-11, ""cp"": 1672.2428422989751, ""k"": 0.2408670614304132, ""rho"": 661.3165600452373}","{""D"": 3.775728589807564e-09, ""cp"": 2096.4708437392464, ""k"": 0.29978761718600644, ""rho"": 689.6013942905219}","[[1.3713519852597184e-14, 1.1501645165723495e-06], [2.338330949224907e-14, 2.378849411899253e-08], [5.8018737837911155e-15, 6.900854887526009e-10]]",323.31500000002956,323.3150000000414,0.08841062535341673,0.30938589289470203,0.0,0.0
62220.0,bdf2,50.165,0.04986,3,1.002141835382101e-14,6.901769156186788e-10,2.6261659513693303e-10,5.551115123125783e-17,-0.0,7.702283255639486e-10,-7.702283255639486e-10,3.075672133658761e-08,3.0757030439831954e-08,-3.091032443455624e-13,0.24083358961294998,9.898249734671074e-11,2.4156515218433903e-10,-8.644708246356656e-15,"{""D"": 9.898249734671074e-11, ""cp"": 1672.00184521324, ""k"": 0.24083358961294998, ""rho"": 661.3032048703731}","{""D"": 3.770834091841458e-09, ""cp"": 2096.030833677543, ""k"": 0.2997265046774365, ""rho"": 689.5661084590217}","[[3.1646584275224253e-15, 1.1471130473283964e-06], [6.329316855044852e-15, 2.3737807233747965e-08], [1.002141835382101e-14, 6.901769156186788e-10]]",323.31500000003024,323.3150000000416,0.08830628804978995,0.3091102223361069,0.0,0.0
62280.0,bdf2,50.165,0.04986,3,4.922801998368208e-15,6.902609456238551e-10,1.405169314239174e-10,8.326672684688674e-17,-0.0,8.327560863108374e-10,-8.327560863108374e-10,3.067360432133822e-08,3.067390861985376e-08,-3.042985155377588e-13,0.24080025097589358,9.839008903838593e-11,2.4091231493891155e-10,6.520845699077201e-11,"{""D"": 9.839008903838593e-11, ""cp"": 1671.7618070264339, ""k"": 0.24080025097589358, ""rho"": 661.2899053791766}","{""D"": 3.7659502054688205e-09, ""cp"": 2095.5918057265776, ""k"": 0.2996655285731358, ""rho"": 689.5309161910955}","[[2.0042836707641985e-14, 1.1440730525724696e-06], [1.441677728093546e-14, 2.3687159067531383e-08], [4.922801998368208e-15, 6.902609456238551e-10]]",323.31500000002944,323.3150000000421,0.0882023857748172,0.3088352827429335,0.0,0.0
62340.0,bdf2,50.165,0.04986,3,1.933957927930358e-14,6.903377453015835e-10,1.7712409317027777e-10,1.1102230246251565e-16,-0.0,5.542233338928781e-10,-5.542233338928781e-10,3.059083339253463e-08,3.0591132920991015e-08,-2.9952845638405633e-13,0.24076704483438485,9.780229478750592e-11,2.402621961174862e-10,-8.084203389790896e-11,"{""D"": 9.780229478750592e-11, ""cp"": 1671.522722807571, ""k"": 0.24076704483438485, ""rho"": 661.2766612673586}","{""D"": 3.761076903075312e-09, ""cp"": 2095.153756850852, ""k"": 0.29960468845150723, ""rho"": 689.4958171350423}","[[1.758143570845781e-14, 1.1410444809012432e-06], [4.74698764128361e-15, 2.3636549800754025e-08], [1.933957927930358e-14, 6.903377453015835e-10]]",323.31500000002217,323.31500000004365,0.08809891615123877,0.3085610713675183,0.0,0.0
62400.0,bdf2,50.165,0.04986,3,8.96653221131347e-15,6.904063570845054e-10,2.7910118660656735e-11,1.1102230246251565e-16,-0.0,7.190692485892214e-10,-7.190692485892214e-10,3.0508406660754204e-08,3.050870145356612e-08,-2.94792811914303e-13,0.24073397050756426,9.721907321772272e-11,2.396147808867561e-10,8.213728222995232e-11,"{""D"": 9.721907321772272e-11, ""cp"": 1671.2845876544627, ""k"": 0.24073397050756426, ""rho"": 661.2634722325706}","{""D"": 3.756214157103162e-09, ""cp"": 2094.7166840249624, ""k"": 0.2995439838923559, ""rho"": 689.4608109407307}","[[1.2131190638835875e-14, 1.1380272815220138e-06], [7.384202997552272e-15, 2.3585980613027857e-08], [8.96653221131347e-15, 6.904063570845054e-10]]",323.31500000002876,323.31500000004394,0.08799587681695765,0.30828758547445806,0.0,0.0
62460.0,bdf2,50.165,0.04986,3,3.375635656023892e-14,6.904672944507695e-10,3.240074875066057e-10,1.1102230246251565e-16,-0.0,9.350742402602918e-10,-9.350742402602918e-10,3.042632224863119e-08,3.042661233996977e-08,-2.9009133858005675e-13,0.24070102731855672,9.664038335393742e-11,2.389700544988226e-10,8.550461187876917e-11,"{""D"": 9.664038335393742e-11, ""cp"": 1671.0473966936083, ""k"": 0.24070102731855672, ""rho"": 661.2503379743952}","{""D"": 3.751361940052036e-09, ""cp"": 2094.2805842335733, ""k"": 0.2994834144768852, ""rho"": 689.4258972595903}","[[1.3361891138427907e-14, 1.1350214035865669e-06], [4.746987641283603e-15, 2.3535451643130756e-08], [3.375635656023892e-14, 6.904672944507695e-10]]",323.3150000000297,323.31500000004417,0.08789326542496222,0.3080148223405492,0.0,0.0
62520.0,bdf2,50.165,0.04986,3,2.813029713353244e-15,6.905215010899468e-10,1.1687006917782128e-10,5.551115123125783e-17,4.380530324965836e-09,8.810729923425242e-10,3.4994573326233116e-09,3.034457829076548e-08,3.034486371456908e-08,-2.8542380359945824e-13,0.24066821459444435,9.60661846184356e-11,2.383280022977998e-10,-6.0956245486860515e-12,"{""D"": 9.60661846184356e-11, ""cp"": 1670.8111450799993, ""k"": 0.24066821459444435, ""rho"": 661.237258194331}","{""D"": 3.7465202244785644e-09, ""cp"": 2093.8454544713877, ""k"": 0.2994229797876927, ""rho"": 689.3910757446052}","[[4.395358927114445e-15, 1.1320267967462883e-06], [6.329316855044791e-15, 2.3484963612707688e-08], [2.813029713353244e-15, 6.905215010899468e-10]]",323.315000000034,323.3150000000441,0.08779107964321135,0.3077427792547281,0.0,0.0
62580.0,bdf2,50.165,0.04986,3,2.6372153562686673e-15,6.905678667790127e-10,2.2669155441690236e-10,5.551115123125783e-17,-0.0,7.716494110354688e-10,-7.716494110354688e-10,3.026317293368776e-08,3.026345372364246e-08,-2.80789954702273e-13,0.24063553166625,9.549643682712667e-11,2.376886097229756e-10,2.820666805907252e-11,"{""D"": 9.549643682712667e-11, ""cp"": 1670.575827997, ""k"": 0.24063553166625, ""rho"": 661.2242325957828}","{""D"": 3.741688982996721e-09, ""cp"": 2093.411291743131, ""k"": 0.2993626794087682, ""rho"": 689.3563460503063}","[[1.0021418353820934e-14, 1.1290434106525638e-06], [1.3537705495512498e-14, 2.3434516743803258e-08], [2.6372153562686673e-15, 6.905678667790127e-10]]",323.31500000003086,323.315000000044,0.08768931715455308,0.3074714535180179,0.0,0.0
62640.0,bdf2,50.165,0.04986,3,1.1955376281751307e-14,6.906066135625721e-10,4.3223735701758415e-10,1.1102230246251565e-16,4.379362192262694e-09,7.347011887759436e-10,3.6446610034867508e-09,3.0182104335742875e-08,3.018238052529773e-08,-2.7618955485824217e-13,0.24060297786891383,9.493110018554379e-11,2.3705186230945817e-10,-1.640317918336768e-11,"{""D"": 9.493110018554379e-11, ""cp"": 1670.3414406561797, ""k"": 0.24060297786891383, ""rho"": 661.2112608840476}","{""D"": 3.736868188277957e-09, ""cp"": 2092.978093063528, ""k"": 0.29930251292549, ""rho"": 689.3217078327644}","[[7.384202997552275e-15, 1.1260711954563796e-06], [9.142346568398057e-15, 2.3384111480506675e-08], [1.1955376281751307e-14, 6.906066135625721e-10]]",323.3150000000292,323.3150000000436,0.08758797565662217,0.3072008424434726,0.0,0.0
62700.0,bdf2,50.165,0.04986,3,6.856759926298524e-15,6.906381577742593e-10,1.4779288903810084e-10,5.551115123125783e-17,-0.0,9.393374966748524e-10,-9.393374966748524e-10,3.010137066704333e-08,3.010164228940843e-08,-2.716223651048129e-13,0.24057055254127707,9.437013528510932e-11,2.3641774568414943e-10,2.936497821962809e-11,"{""D"": 9.437013528510932e-11, ""cp"": 1670.107978297195, ""k"": 0.24057055254127707, ""rho"": 661.1983427663054}","{""D"": 3.732057813051568e-09, ""cp"": 2092.5458554572742, ""k"": 0.29924247992462144, ""rho"": 689.2871607495831}","[[3.2525656060646845e-14, 1.1231101011421885e-06], [2.5493081777263745e-14, 2.3333748030984758e-08], [6.856759926298524e-15, 6.906381577742593e-10]]",323.3150000000294,323.3150000000445,0.08748705286176055,0.3069309433561183,0.0,0.0
62760.0,bdf2,50.165,0.04986,3,9.493975282567146e-15,6.906622912472571e-10,8.362803782802075e-10,5.551115123125783e-17,-4.378203437720956e-09,8.768097359279636e-10,-5.25501317364892e-09,3.002097010937238e-08,3.002123719752437e-08,-2.6708815199176405e-13,0.24053825502605533,9.381350309913665e-11,2.35786245575473e-10,1.5301881166978874e-11,"{""D"": 9.381350309913665e-11, ""cp"": 1669.8754361875986, ""k"": 0.24053825502605533, ""rho"": 661.1854779516038}","{""D"": 3.727257830104431e-09, ""cp"": 2092.114575959025, ""k"": 0.299182579994309, ""rho"": 689.2527044598916}","[[1.3713519852596991e-14, 1.120160078360577e-06], [1.0548861425074608e-14, 2.328342775526071e-08], [9.493975282567146e-15, 6.906622912472571e-10]]",323.31500000003257,323.3150000000459,0.08738654649690547,0.30666175359290304,0.0,0.0
62820.0,bdf2,50.165,0.04986,3,1.9515393636388053e-14,6.906789307148387e-10,1.887201506178826e-10,5.551115123125783e-17,4.377627547151526e-09,8.043343768804334e-10,3.5732931702710923e-09,2.994090085612002e-08,2.99411634427971e-08,-2.625866770793209e-13,0.24050608466981796,9.326116497926627e-11,2.3515734777716466e-10,3.273121992441546e-11,"{""D"": 9.326116497926627e-11, ""cp"": 1669.6438096226893, ""k"": 0.24050608466981796, ""rho"": 661.1726661508476}","{""D"": 3.7224682122809186e-09, ""cp"": 2091.684251613349, ""k"": 0.2991228127240762, ""rho"": 689.2183386243366}","[[3.1646584275223874e-15, 1.1172210778176428e-06], [1.3889334209681587e-14, 2.3233150375778777e-08], [1.9515393636388053e-14, 6.906789307148387e-10]]",323.31500000003217,323.3150000000454,0.08728645430349638,0.3063932705026297,0.0,0.0
62880.0,bdf2,50.165,0.04986,3,8.966532211313418e-15,6.906879929102772e-10,3.497007128316909e-10,6.938893903907228e-17,4.377053965131501e-09,6.465938895416912e-10,3.7304600755898095e-09,2.9861161112204364e-08,2.9861419229909646e-08,-2.5811770528275344e-13,0.24047404082296878,9.271308265161218e-11,2.3453103819147557e-10,1.823402836440756e-11,"{""D"": 9.271308265161218e-11, ""cp"": 1669.4130939253753, ""k"": 0.24047404082296878, ""rho"": 661.1599070767855}","{""D"": 3.7176889324842982e-09, ""cp"": 2091.2548794747336, ""k"": 0.2990631777048241, ""rho"": 689.1840629050773}","[[6.680945569213917e-15, 1.1142930502749948e-06], [1.1603747567582075e-14, 2.3182916530917197e-08], [8.966532211313418e-15, 6.906879929102772e-10]]",323.31500000002586,323.3150000000458,0.08718677403738706,0.30612549144591683,0.0,0.0
62940.0,bdf2,50.165,0.04986,3,4.0437302129452476e-15,6.906895888558751e-10,1.1505107977427542e-10,1.1102230246251565e-16,-0.0,5.357492227631155e-10,-5.357492227631155e-10,2.9781749094007254e-08,2.9782002775014592e-08,-2.536810073373743e-13,0.24044212283973027,9.216921821321988e-11,2.3390730281169866e-10,2.5563866303846883e-11,"{""D"": 9.216921821321988e-11, ""cp"": 1669.1832844460578, ""k"": 0.24044212283973027, ""rho"": 661.1472004440024}","{""D"": 3.7129199636761096e-09, ""cp"": 2090.8264566075445, ""k"": 0.2990036745288256, ""rho"": 689.149876965777}","[[6.153502497960163e-15, 1.111375946938331e-06], [2.8130297133532177e-15, 2.313272678966527e-08], [4.0437302129452476e-15, 6.906895888558751e-10]]",323.31500000002126,323.3150000000474,0.08708750346876824,0.3058584137951329,0.0,0.0
63000.0,bdf2,50.165,0.04986,3,1.5823292137611887e-14,6.906838434517226e-10,6.139089236967266e-10,5.551115123125783e-17,-0.0,5.911715561524034e-10,-5.911715561524034e-10,2.9702663029282422e-08,2.9702912305633575e-08,-2.4927635115284727e-13,0.24041033007811188,9.162953412818908e-11,2.332861277149145e-10,5.379531982888801e-11,"{""D"": 9.162953412818908e-11, ""cp"": 1668.9543765624055, ""k"": 0.24041033007811188, ""rho"": 661.1345459689014}","{""D"": 3.7081612788750485e-09, ""cp"": 2090.398980086001, ""k"": 0.2989443027897224, ""rho"": 689.1157804715957}","[[1.0021418353820862e-14, 1.1084697192353943e-06], [2.1800980278487488e-14, 2.3082581457334328e-08], [1.5823292137611887e-14, 6.906838434517226e-10]]",323.31500000002364,323.3150000000464,0.08698864038204197,0.30559203493434184,0.0,0.0
63060.0,bdf2,50.165,0.04986,3,6.5051312121293255e-15,6.906711730314541e-10,2.0031620806548744e-10,1.1102230246251565e-16,4.375346952194743e-09,6.210143510543276e-10,3.754332601140415e-09,2.9623901157092728e-08,2.962414606060033e-08,-2.4490350760345136e-13,0.24037866189989618,9.109399322411482e-11,2.3266749907702612e-10,-1.7061399904537122e-11,"{""D"": 9.109399322411482e-11, ""cp"": 1668.7263656792525, ""k"": 0.24037866189989618, ""rho"": 661.121943369696}","{""D"": 3.7034128511596293e-09, ""cp"": 2089.9724469941584, ""k"": 0.29888506208252197, ""rho"": 689.0817730891841}","[[7.560017354636784e-15, 1.105574318593927e-06], [2.109772285014914e-15, 2.303248042290207e-08], [6.5051312121293255e-15, 6.906711730314541e-10]]",323.31500000002484,323.31500000004667,0.08689018257575042,0.3053263522592514,0.0,0.0
63120.0,bdf2,50.165,0.04986,3,9.493975282567117e-15,6.906506894166498e-10,1.5756995708215982e-10,1.1102230246251565e-16,4.374782486542661e-09,6.863842827442568e-10,3.6883982037984043e-09,2.954546172773833e-08,2.9545702289987096e-08,-2.4056224876453187e-13,0.24034711767061775,9.056255868856309e-11,2.3205140314670442e-10,4.010322009420837e-11,"{""D"": 9.056255868856309e-11, ""cp"": 1668.499247228448, ""k"": 0.24034711767061775, ""rho"": 661.109392366398}","{""D"": 3.698674653666478e-09, ""cp"": 2089.5468544258874, ""k"": 0.2988259520035954, ""rho"": 689.0478544866767}","[[8.790717854228812e-15, 1.102689697107806e-06], [2.250423770682575e-14, 2.2982425157414e-08], [9.493975282567117e-15, 6.906506894166498e-10]]",323.31500000002745,323.3150000000469,0.08679212786248387,0.30506136317716154,0.0,0.0
63180.0,bdf2,50.165,0.04986,3,1.3889334209681548e-14,6.906234195636074e-10,2.88082446786575e-10,1.1102230246251565e-16,-0.0,8.171241461241152e-10,-8.171241461241152e-10,2.946734300267681e-08,2.9467579255025488e-08,-2.3625234867681523e-13,0.2403156967595401,9.003519406542218e-11,2.31437826260475e-10,1.5938080982029946e-11,"{""D"": 9.003519406542218e-11, ""cp"": 1668.2730166686888, ""k"": 0.2403156967595401, ""rho"": 661.0968926808041}","{""D"": 3.6939466595906515e-09, ""cp"": 2089.1221994848365, ""k"": 0.2987669721506718, ""rho"": 689.0140243336834}","[[4.57117328419899e-15, 1.0998158067598851e-06], [2.285586642099494e-15, 2.2932414953102942e-08], [1.3889334209681548e-14, 6.906234195636074e-10]]",323.3150000000327,323.3150000000463,0.08669447406878186,0.3047970651069015,0.0,0.0
63240.0,bdf2,50.165,0.04986,3,8.263274782975088e-15,6.905883226382414e-10,6.366462912410498e-11,5.551115123125783e-17,4.373660293658258e-09,6.338041202980094e-10,3.739856173360248e-09,2.93895432544506e-08,2.9389775228032865e-08,-2.3197358226445676e-13,0.2402843985396344,8.95118632513138e-11,2.3082675486343691e-10,-1.873110212093449e-11,"{""D"": 8.95118632513138e-11, ""cp"": 1668.0476694853678, ""k"": 0.2402843985396344, ""rho"": 661.0844440364853}","{""D"": 3.689228842186821e-09, ""cp"": 2088.6984792844232, ""k"": 0.2987081221228366, ""rho"": 688.9802823012844}","[[9.493975282567122e-15, 1.096952599644041e-06], [1.1955376281751186e-14, 2.2882451142236526e-08], [8.263274782975088e-15, 6.905883226382414e-10]]",323.31500000002535,323.3150000000467,0.08659721903504108,0.3045334554787842,0.0,0.0
63300.0,bdf2,50.165,0.04986,3,3.516287141691543e-15,6.90546328452335e-10,1.2141754268668592e-10,1.1102230246251565e-16,4.373102543472056e-09,6.80699940858176e-10,3.69240260261388e-09,2.9312060766625708e-08,2.931228849235049e-08,-2.2772572478248405e-13,0.24025322238756322,8.899253049233722e-11,2.302181754666139e-10,-1.6612381364304484e-11,"{""D"": 8.899253049233722e-11, ""cp"": 1667.8232011904552, ""k"": 0.24025322238756322, ""rho"": 661.0720461587761}","{""D"": 3.6845211747676495e-09, ""cp"": 2088.2756909478057, ""k"": 0.2986494015205286, ""rho"": 688.9466280620226}","[[1.6526549565950257e-14, 1.0941000284092617e-06], [1.6878178280119414e-14, 2.2832533266847754e-08], [3.516287141691543e-15, 6.90546328452335e-10]]",323.3150000000272,323.31500000004525,0.08650036061543812,0.3042705317345516,0.0,0.0
63360.0,bdf2,50.165,0.04986,3,5.6260594267064496e-15,6.904970623056172e-10,2.9876900953240693e-10,5.551115123125783e-17,4.372547008932109e-09,6.693312570860144e-10,3.7032157518460945e-09,2.9234893833700155e-08,2.9235117342257755e-08,-2.2350855760044374e-13,0.24022216768365415,8.847716038027468e-11,2.296120746697238e-10,9.919059735557997e-12,"{""D"": 8.847716038027468e-11, ""cp"": 1667.59960732231, ""k"": 0.24022216768365415, ""rho"": 661.0596987747613}","{""D"": 3.679823630706294e-09, ""cp"": 2087.8538316078466, ""k"": 0.2985908099455343, ""rho"": 688.9130612898961}","[[4.395358927114412e-15, 1.091258045649024e-06], [1.2307004995920336e-14, 2.2782662839615497e-08], [5.6260594267064496e-15, 6.904970623056172e-10]]",323.31500000002677,323.3150000000463,0.0864038966778222,0.3040082913273128,0.0,0.0
63420.0,bdf2,50.165,0.04986,3,5.274430712537312e-15,6.904404270535736e-10,2.205524651799351e-10,1.1102230246251565e-16,4.371993678728197e-09,6.977529665164184e-10,3.6742407122117784e-09,2.9158040761051518e-08,2.9158260082909314e-08,-2.1932185779646947e-13,0.24019123381188293,8.796571784937476e-11,2.2900843916234898e-10,-1.6678886296534702e-11,"{""D"": 8.796571784937476e-11, ""cp"": 1667.376883445557, ""k"": 0.24019123381188293, ""rho"": 661.0474016132655}","{""D"": 3.6751361834334002e-09, ""cp"": 2087.432898407108, ""k"": 0.2985323470009872, ""rho"": 688.8795816603524}","[[8.087460425890543e-15, 1.0884266045119162e-06], [1.3713519852597005e-14, 2.2732839360939394e-08], [5.274430712537312e-15, 6.904404270535736e-10]]",323.3150000000279,323.3150000000454,0.08630782510363665,0.30374673172150285,0.0,0.0
63480.0,bdf2,50.165,0.04986,3,6.856759926298503e-15,6.903766724963845e-10,2.1327650756575167e-10,1.1102230246251565e-16,4.371442541616076e-09,8.256506589532364e-10,3.5457918826628393e-09,2.90814998648489e-08,2.9081715030255528e-08,-2.1516540662761134e-13,0.2401604201598494,8.745816817283425e-11,2.2840725572760062e-10,1.3518008334919955e-12,"{""D"": 8.745816817283425e-11, ""cp"": 1667.1550251509157, ""k"": 0.2401604201598494, ""rho"": 661.0351544048409}","{""D"": 3.670458806440361e-09, ""cp"": 2087.0128884978135, ""k"": 0.298474012291363, ""rho"": 688.8461888502811}","[[5.274430712537309e-15, 1.0856056580910156e-06], [7.208388640467655e-15, 2.2683063163886352e-08], [6.856759926298503e-15, 6.903766724963845e-10]]",323.3150000000314,323.31500000004553,0.08621214378781941,0.3034858503928217,0.0,0.0
63540.0,bdf2,50.165,0.04986,3,1.3186076781343231e-14,6.903057847562621e-10,3.624336386565119e-10,5.551115123125783e-17,4.370893586417173e-09,5.300648808770347e-10,3.840828705540138e-09,2.9005269471987756e-08,2.9005480510979575e-08,-2.1103899181947183e-13,0.24012972611876032,8.695447695940992e-11,2.278085112176198e-10,-6.385007684783625e-11,"{""D"": 8.695447695940992e-11, ""cp"": 1666.9340280550746, ""k"": 0.24012972611876032, ""rho"": 661.0229568817567}","{""D"": 3.665791473277347e-09, ""cp"": 2086.5937990418292, ""k"": 0.29841580542247625, ""rho"": 688.8128825380076}","[[1.3361891138427801e-14, 1.0827951595904217e-06], [9.31816092548255e-15, 2.2633335095001428e-08], [1.3186076781343231e-14, 6.903057847562621e-10]]",323.3150000000212,323.3150000000466,0.08611685063872447,0.3032256448281839,0.0,0.0
63600.0,bdf2,50.165,0.04986,3,2.1625165921402918e-14,6.902272503550577e-10,3.283275873400271e-10,1.1102230246251565e-16,4.370346802018197e-09,8.199663170671556e-10,3.550380484951041e-09,2.892934792003781e-08,2.8929554862424944e-08,-2.0694238713484468e-13,0.24009915108340826,8.645461015033345e-11,2.2721219256351742e-10,4.2305282100567046e-11,"{""D"": 8.645461015033345e-11, ""cp"": 1666.7138878005394, ""k"": 0.24009915108340826, ""rho"": 661.010808777988}","{""D"": 3.6611341575538736e-09, ""cp"": 2086.175627210641, ""k"": 0.29835772600147786, ""rho"": 688.7796624032854}","[[1.2307004995920361e-14, 1.0799950626583232e-06], [2.9888440704377996e-15, 2.2583655528984892e-08], [2.1625165921402918e-14, 6.902272503550577e-10]]",323.3150000000305,323.3150000000463,0.08602194357803118,0.30296611252566774,0.0,0.0
63660.0,bdf2,50.165,0.04986,3,5.0986163554527295e-15,6.901421795157958e-10,2.02817318495363e-10,1.1102230246251565e-16,-0.0,7.119638212316204e-10,-7.119638212316204e-10,2.885373355712508e-08,2.8853936432514903e-08,-2.028753898218356e-13,0.24006869445214682,8.5958534015482e-11,2.2661828680914528e-10,-2.2211110411002557e-11,"{""D"": 8.5958534015482e-11, ""cp"": 1666.4946000554573, ""k"": 0.24006869445214682, ""rho"": 660.9987098292024}","{""D"": 3.6564868329394217e-09, ""cp"": 2085.758370185321, ""k"": 0.2982997736368501, ""rho"": 688.7465281272906}","[[6.680945569213919e-15, 1.077205321386998e-06], [1.1076304496328341e-14, 2.2534024660125773e-08], [5.0986163554527295e-15, 6.901421795157958e-10]]",323.3150000000285,323.31500000004576,0.08592742054064363,0.3027072509944576,0.0,0.0
63720.0,bdf2,50.165,0.04986,3,9.142346568398e-15,6.90049739571208e-10,2.9388047551037744e-11,5.551115123125783e-17,-0.0,7.716494110354688e-10,-7.716494110354688e-10,2.877842474191605e-08,2.877862357969656e-08,-1.988377805088374e-13,0.24003835562687614,8.546621515064212e-11,2.260267810393723e-10,-5.490448085650989e-14,"{""D"": 8.546621515064212e-11, ""cp"": 1666.2761605135083, ""k"": 0.24003835562687614, ""rho"": 660.9866597727514}","{""D"": 3.651849473163104e-09, ""cp"": 2085.342025156508, ""k"": 0.2982419479384039, ""rho"": 688.7134793926136}","[[8.61490349714427e-15, 1.0744258895911685e-06], [1.0900490139243768e-14, 2.2484442613324163e-08], [9.142346568398e-15, 6.90049739571208e-10]]",323.31500000003086,323.31500000004564,0.0858332794746207,0.30244905775479414,0.0,0.0
63780.0,bdf2,50.165,0.04986,3,3.867915855860689e-15,6.899502774659894e-10,5.2295945351943374e-11,5.551115123125783e-17,-0.0,5.542233338928781e-10,-5.542233338928781e-10,2.8703419843503004e-08,2.8703614672850475e-08,-1.9482934747070052e-13,0.24000813401301407,8.49776204737995e-11,2.2543766246101343e-10,-3.126263513886941e-11,"{""D"": 8.49776204737995e-11, ""cp"": 1666.0585648937013, ""k"": 0.24000813401301407, ""rho"": 660.974658347656}","{""D"": 3.64722205201379e-09, ""cp"": 2084.9265893243955, ""k"": 0.29818424851727715, ""rho"": 688.6805158832551}","[[1.1603747567582065e-14, 1.0716567215296458e-06], [7.735831711721376e-15, 2.2434909999202723e-08], [3.867915855860689e-15, 6.899502774659894e-10]]",323.3150000000221,323.3150000000459,0.0857395183410631,0.30219153033793034,0.0,0.0
63840.0,bdf2,50.165,0.04986,3,1.0021418353820832e-14,6.898436683000497e-10,1.864464138634503e-10,1.1102230246251565e-16,-0.0,9.350742402602918e-10,-9.350742402602918e-10,2.862871724138005e-08,2.8628908091262382e-08,-1.9084988233070246e-13,0.23997802901949242,8.449271722248003e-11,2.2485091833993965e-10,1.6591737423033974e-11,"{""D"": 8.449271722248003e-11, ""cp"": 1665.8418089403456, ""k"": 0.23997802901949242, ""rho"": 660.962705294602}","{""D"": 3.6426045433406133e-09, ""cp"": 2084.512059898685, ""k"": 0.29812667498592843, ""rho"": 688.6476372846166}","[[6.153502497960152e-15, 1.068897771683286e-06], [5.4502450696218515e-15, 2.2385427345117392e-08], [1.0021418353820832e-14, 6.898436683000497e-10]]",323.315000000033,323.31500000004735,0.08564613511407798,0.3019346662860669,0.0,0.0
63900.0,bdf2,50.165,0.04986,3,4.0437302129452626e-15,6.897300508512672e-10,2.4874680093489587e-10,1.1102230246251565e-16,-0.0,8.171241461241152e-10,-8.171241461241152e-10,2.8554315325316572e-08,2.8554502224493827e-08,-1.8689917725475124e-13,0.23994804005871248,8.401147294975607e-11,2.2426653603352044e-10,2.4603383377353646e-11,"{""D"": 8.401147294975607e-11, ""cp"": 1665.62588842273, ""k"": 0.23994804005871248, ""rho"": 660.950800355919}","{""D"": 3.6379969210514524e-09, ""cp"": 2084.098434098569, ""k"": 0.2980692269581346, ""rho"": 688.6148432834951}","[[1.2307004995920361e-14, 1.0661489948660119e-06], [7.20838864046764e-15, 2.233599451229029e-08], [4.0437302129452626e-15, 6.897300508512672e-10]]",323.3150000000287,323.3150000000462,0.08555312778061729,0.30167846315230606,0.0,0.0
63960.0,bdf2,50.165,0.04986,3,1.0724675782159185e-14,6.89609327975127e-10,1.6552803572267294e-10,5.551115123125783e-17,-0.0,7.631228982063476e-10,-7.631228982063476e-10,2.848021249534471e-08,2.848039547236891e-08,-1.8297702420030536e-13,0.23991816654654707,8.353385552190147e-11,2.2368450296476548e-10,5.851255490764953e-11,"{""D"": 8.353385552190147e-11, ""cp"": 1665.4107991351389, ""k"": 0.23991816654654707, ""rho"": 660.938943275579}","{""D"": 3.633399159115536e-09, ""cp"": 2083.6857091527168, ""k"": 0.2980119040489884, ""rho"": 688.5821335680773}","[[7.032574283383076e-15, 1.063410345669702e-06], [2.637215356268653e-15, 2.2286612416655416e-08], [1.0724675782159185e-14, 6.89609327975127e-10]]",323.31500000002995,323.31500000004587,0.08546049434046114,0.3014229185006044,0.0,0.0
64020.0,bdf2,50.165,0.04986,3,1.512003470927359e-14,6.894819576386269e-10,4.90899765281938e-10,1.1102230246251565e-16,4.366579173639458e-09,7.65965069149388e-10,3.60061410449007e-09,2.8406407161651146e-08,2.840658624487048e-08,-1.7908321933351829e-13,0.2398884079023061,8.305983311475413e-11,2.2310480664751864e-10,-6.409269964636623e-11,"{""D"": 8.305983311475413e-11, ""cp"": 1665.196536896604, ""k"": 0.2398884079023061, ""rho"": 660.9271337991793}","{""D"": 3.628811231561914e-09, ""cp"": 2083.2738822992364, ""k"": 0.297954705874894, ""rho"": 688.5495078279318}","[[2.9888440704377988e-15, 1.0606817795189016e-06], [2.9888440704377988e-15, 2.2237280947190463e-08], [1.512003470927359e-14, 6.894819576386269e-10]]",323.31500000003064,323.3150000000462,0.0853682328060881,0.3011680299057174,0.0,0.0
64080.0,bdf2,50.165,0.04986,3,1.617492085178103e-14,6.893472320745886e-10,9.089262675843202e-11,5.551115123125783e-17,-0.0,7.815970093361102e-10,-7.815970093361102e-10,2.8332897744528855e-08,2.833307296208166e-08,-1.7521755280528605e-13,0.2398587635487203,8.258937421074489e-11,2.225274346750927e-10,5.040215033825602e-12,"{""D"": 8.258937421074489e-11, ""cp"": 1664.9830975507862, ""k"": 0.2398587635487203, ""rho"": 660.9153716739331}","{""D"": 3.6242331124793403e-09, ""cp"": 2082.862950785653, ""k"": 0.2978976320535629, ""rho"": 688.5169657540029}","[[2.2855866420994936e-14, 1.0579632514495785e-06], [2.900936891895511e-14, 2.2188000270428887e-08], [1.617492085178103e-14, 6.893472320745886e-10]]",323.3150000000277,323.31500000004655,0.08527634120260208,0.3009137949531471,0.0,0.0
64140.0,bdf2,50.165,0.04986,3,1.2307004995920361e-14,6.892052484275268e-10,4.905587047687732e-11,5.551115123125783e-17,-0.0,4.035882739117369e-10,-4.035882739117369e-10,2.8259682674299372e-08,2.8259854054126364e-08,-1.7137982699223414e-13,0.23982923291192454,8.212244759584134e-11,2.2195237471621222e-10,6.574489906438968e-11,"{""D"": 8.212244759584134e-11, ""cp"": 1664.7704769658567, ""k"": 0.23982923291192454, ""rho"": 660.9036566486602}","{""D"": 3.6196647760170415e-09, ""cp"": 2082.4529118688897, ""k"": 0.29784068220401244, ""rho"": 688.4845070386045}","[[7.911646068805948e-15, 1.0552547171638338e-06], [2.8130297133532256e-15, 2.213877169088274e-08], [1.2307004995920361e-14, 6.892052484275268e-10]]",323.31500000001614,323.31500000004627,0.08518481756765796,0.30066021123909825,0.0,0.0
64200.0,bdf2,50.165,0.04986,3,1.0900490139243684e-14,6.89056631197893e-10,3.0468072509393096e-10,1.1102230246251565e-16,-0.0,7.673861546209082e-10,-7.673861546209082e-10,2.8186760391263185e-08,2.818692796110077e-08,-1.6756983758405998e-13,0.2397998154214373,8.165902235672904e-11,2.2137961451894896e-10,3.009144776351447e-11,"{""D"": 8.165902235672904e-11, ""cp"": 1664.5586710343487, ""k"": 0.2397998154214373, ""rho"": 660.8919884737761}","{""D"": 3.615106196385204e-09, ""cp"": 2082.0437628152295, ""k"": 0.29778385594655965, ""rho"": 688.4521313754135}","[[1.4592591638019777e-14, 1.0525561324747912e-06], [1.5471663423442664e-14, 2.2089594819973968e-08], [1.0900490139243684e-14, 6.89056631197893e-10]]",323.3150000000281,323.3150000000482,0.08509365995137597,0.30040727637041764,0.0,0.0
64260.0,bdf2,50.165,0.04986,3,1.0197232710905383e-14,6.889010750743552e-10,4.788489604834467e-10,1.1102230246251565e-16,-0.0,6.892264536872972e-10,-6.892264536872972e-10,2.8114129345599055e-08,2.8114293132985857e-08,-1.637873868018791e-13,0.23977051051013246,8.119906787720228e-11,2.2080914191128841e-10,7.058007666894007e-11,"{""D"": 8.119906787720228e-11, ""cp"": 1664.3476756729538, ""k"": 0.23977051051013246, ""rho"": 660.8803669012777}","{""D"": 3.610557347853195e-09, ""cp"": 2081.6355009003078, ""k"": 0.2977271529028205, ""rho"": 688.4198384594632}","[[5.801873783790994e-15, 1.0498674531955743e-06], [1.388933420968147e-14, 2.20404695050469e-08], [1.0197232710905383e-14, 6.889010750743552e-10]]",323.3150000000259,323.31500000004814,0.08500286641623232,0.30015498796455625,0.0,0.0
64320.0,bdf2,50.165,0.04986,3,1.758143570845768e-14,6.887389547571843e-10,8.094502845779061e-11,1.1102230246251565e-16,-0.0,5.641709321935195e-10,-5.641709321935195e-10,2.80417879973253e-08,2.8041948029603425e-08,-1.600322781241216e-13,0.23974131761422854,8.074255383579782e-11,2.2024094479979063e-10,1.596329344942773e-11,"{""D"": 8.074255383579782e-11, ""cp"": 1664.1374868224455, ""k"": 0.23974131761422854, ""rho"": 660.8687916847365}","{""D"": 3.6060182047512867e-09, ""cp"": 2081.2281234090697, ""k"": 0.29767057269570407, ""rho"": 688.387627987137}","[[5.977688140875618e-15, 1.0471886355278848e-06], [1.9339579279303464e-14, 2.199139675918005e-08], [1.758143570845768e-14, 6.887389547571843e-10]]",323.31500000002256,323.31500000004587,0.08491243503700428,0.29990334364950794,0.0,0.0
64380.0,bdf2,50.165,0.04986,3,7.03257428338306e-15,6.885693681901728e-10,3.956301952712238e-11,5.551115123125783e-17,-0.0,6.252776074688882e-10,-6.252776074688882e-10,2.7969734816235342e-08,2.7969891120542777e-08,-1.563043074356995e-13,0.23971223617326612,8.028945020258438e-11,2.1967501115677203e-10,6.063110556494544e-11,"{""D"": 8.028945020258438e-11, ""cp"": 1663.9281004475163, ""k"": 0.23971223617326612, ""rho"": 660.8572625792868}","{""D"": 3.601488741471484e-09, ""cp"": 2080.8216276357557, ""k"": 0.29761411494941054, ""rho"": 688.3554996561621}","[[4.571173284198989e-15, 1.0445196357844466e-06], [1.758143570845765e-15, 2.19423771652405e-08], [7.03257428338306e-15, 6.885693681901728e-10]]",323.3150000000249,323.31500000004644,0.08482236390067847,0.29965234106376676,0.0,0.0
64440.0,bdf2,50.165,0.04986,3,4.043730212945272e-15,6.883932174295282e-10,6.548361852765083e-11,8.326672684688674e-17,4.362913683142488e-09,5.684341886080801e-10,3.794479494534408e-09,2.7897968281804906e-08,2.789812088509117e-08,-1.526032862651646e-13,0.23968326563008666,7.983972723617036e-11,2.191113290475194e-10,-4.5003401969945516e-11,"{""D"": 7.983972723617036e-11, ""cp"": 1663.7195125366238, ""k"": 0.23968326563008666, ""rho"": 660.8457793416146}","{""D"": 3.59696893246436e-09, ""cp"": 2080.416010883871, ""k"": 0.2975577792894265, ""rho"": 688.323453165603}","[[6.153502497960198e-15, 1.0418604104445173e-06], [1.0900490139243782e-14, 2.1893410473428077e-08], [4.043730212945272e-15, 6.883932174295282e-10]]",323.31500000002274,323.3150000000454,0.08473265110636397,0.29940197785627337,0.0,0.0
64500.0,bdf2,50.165,0.04986,3,3.867915855860706e-15,6.882101138971919e-10,5.577476258622482e-10,5.551115123125783e-17,-4.362398170399443e-09,5.854872142663226e-10,-4.947885384665765e-09,2.7826486883156838e-08,2.7826635812169985e-08,-1.4892901314771563e-13,0.2396544054308133,7.939335548094112e-11,2.1854988659928815e-10,1.752261113580037e-11,"{""D"": 7.939335548094112e-11, ""cp"": 1663.5117191018558, ""k"": 0.2396544054308133, ""rho"": 660.8343417299473}","{""D"": 3.5924587522425258e-09, ""cp"": 2080.011270466161, ""k"": 0.29750156534252237, ""rho"": 688.2914882158551}","[[6.680945569213946e-15, 1.0392109165424657e-06], [2.9888440704378177e-15, 2.1844496822520654e-08], [3.867915855860706e-15, 6.882101138971919e-10]]",323.3150000000231,323.3150000000445,0.08464329476521248,0.2991522516863678,0.0,0.0
64560.0,bdf2,50.165,0.04986,3,1.846050749388064e-14,6.880204878045859e-10,1.50407686305698e-10,1.1102230246251565e-16,4.361884659219966e-09,5.940137270954438e-10,3.767870932124522e-09,2.7755289118970375e-08,2.7755434400271394e-08,-1.4528130101811141e-13,0.23962565502483227,7.89503057641096e-11,2.1799067201503467e-10,-8.023291793219708e-12,"{""D"": 7.89503057641096e-11, ""cp"": 1663.3047161787924, ""k"": 0.23962565502483227, ""rho"": 660.8229495040434}","{""D"": 3.587958175378729e-09, ""cp"": 2079.6074037045864, ""k"": 0.29744547273674815, ""rho"": 688.2596045086386}","[[1.1955376281751255e-14, 1.036571110835105e-06], [4.2195445700298575e-15, 2.1795637003552137e-08], [1.846050749388064e-14, 6.880204878045859e-10]]",323.31500000002376,323.31500000004456,0.08455429300033925,0.29890316022373953,0.0,0.0
64620.0,bdf2,50.165,0.04986,3,1.037304706799009e-14,6.878237007734711e-10,1.737134880386293e-10,5.551115123125783e-17,4.3613731395443535e-09,4.675371201301459e-10,3.8938360194142076e-09,2.768437349743612e-08,2.7684515157390653e-08,-1.4165995453268722e-13,0.23959701386477203,7.851054919288523e-11,2.1743367358687008e-10,-1.0406491227715137e-11,"{""D"": 7.851054919288523e-11, ""cp"": 1663.0984998263586, ""k"": 0.23959701386477203, ""rho"": 660.8116024251825}","{""D"": 3.5834671765062944e-09, ""cp"": 2079.204407930304, ""k"": 0.29738950110143114, ""rho"": 688.2278017469929}","[[1.7229806994288612e-14, 1.0339409505788488e-06], [1.547166342344287e-14, 2.1746831210811557e-08], [1.037304706799009e-14, 6.878237007734711e-10]]",323.3150000000187,323.31500000004405,0.08446564394673832,0.2986547011483823,0.0,0.0
64680.0,bdf2,50.165,0.04986,3,1.7053992637204038e-14,6.876203079153598e-10,2.034994395216927e-10,1.1102230246251565e-16,-0.0,6.494360604847316e-10,-6.494360604847316e-10,2.7613738536181164e-08,2.7613876600963803e-08,-1.3806478263919133e-13,0.23956848140648476,7.80740571517443e-11,2.1687887965725118e-10,7.836224952613814e-11,"{""D"": 7.80740571517443e-11, ""cp"": 1662.8930661266904, ""k"": 0.23956848140648476, ""rho"": 660.8003002561542}","{""D"": 3.5789857303198857e-09, ""cp"": 2078.8022804836296, ""k"": 0.2973336500671708, ""rho"": 688.196079635269}","[[1.5823292137611995e-14, 1.031320393141133e-06], [4.360196055697527e-14, 2.1698078792042885e-08], [1.7053992637204038e-14, 6.876203079153598e-10]]",323.31500000002444,323.3150000000442,0.08437734575120476,0.29840687215053935,0.0,0.0
64740.0,bdf2,50.165,0.04986,3,9.493975282567206e-15,6.87409795752103e-10,3.348077370901592e-11,8.326672684688674e-17,-0.0,7.077005648170598e-10,-7.077005648170598e-10,2.7543382762201277e-08,2.7543517257800387e-08,-1.3449559910948935e-13,0.2395400571090256,7.764080129945719e-11,2.1632627867229795e-10,4.958016281831891e-11,"{""D"": 7.764080129945719e-11, ""cp"": 1662.6884111849843, ""k"": 0.2395400571090256, ""rho"": 660.7890427612481}","{""D"": 3.5745138115741455e-09, ""cp"": 2078.401018714021, ""k"": 0.29727791926583624, ""rho"": 688.1644378791244}","[[9.669789639651786e-15, 1.0287093962779714e-06], [7.384202997552272e-15, 2.16493820509589e-08], [9.493975282567206e-15, 6.87409795752103e-10]]",323.3150000000271,323.3150000000439,0.08428939657225049,0.2981596709306596,0.0,0.0
64800.0,bdf2,50.165,0.04986,3,1.8987950565134455e-14,6.871932051177865e-10,2.2737367544323206e-10,1.1102230246251565e-16,4.359850429822798e-09,4.945377440890297e-10,3.865312685733768e-09,2.747330471180093e-08,2.7473435664019316e-08,-1.3095221838711755e-13,0.2395117404346332,7.721075356646237e-11,2.1577585912470252e-10,-6.416265942845118e-11,"{""D"": 7.721075356646237e-11, ""cp"": 1662.484531129359, ""k"": 0.2395117404346332, ""rho"": 660.7778297062431}","{""D"": 3.5700513950850327e-09, ""cp"": 2078.0006199800446, ""k"": 0.2972223083305618, ""rho"": 688.1328761855161}","[[1.3361891138427953e-14, 1.0261079174123111e-06], [7.735831711721446e-15, 2.1600739794069845e-08], [1.8987950565134455e-14, 6.871932051177865e-10]]",323.3150000000198,323.31500000004314,0.08420179458002415,0.29791309519934484,0.0,0.0
64860.0,bdf2,50.165,0.04986,3,2.109772285014944e-15,6.869693008892952e-10,1.1618794815149158e-10,1.1102230246251565e-16,-0.0,7.403855306620244e-10,-7.403855306620244e-10,2.74035029305495e-08,2.7403630364996588e-08,-1.274344470871749e-13,0.239483530848715,7.67838861522683e-11,2.152276095822427e-10,-1.5757588850505716e-11,"{""D"": 7.67838861522683e-11, ""cp"": 1662.281422110748, ""k"": 0.239483530848715, ""rho"": 660.7666608583994}","{""D"": 3.565598455729307e-09, ""cp"": 2077.601081649354, ""k"": 0.2971668168957436, ""rho"": 688.1013942626948}","[[1.722980699428871e-14, 1.0235159148552775e-06], [1.7053992637204123e-14, 2.1552152673631753e-08], [2.109772285014944e-15, 6.869693008892952e-10]]",323.3150000000289,323.31500000004246,0.08411453795624574,0.29766714267730343,0.0,0.0
64920.0,bdf2,50.165,0.04986,3,3.8679158558607316e-15,6.867390128784123e-10,5.3660187404602766e-11,8.326672684688674e-17,-0.0,6.835421118012164e-10,-6.835421118012164e-10,2.7333975973176737e-08,2.7334099915283547e-08,-1.239421068099643e-13,0.23945542781982043,7.636017152236458e-11,2.146815187072268e-10,-2.9299522855252577e-11,"{""D"": 7.636017152236458e-11, ""cp"": 1662.079080302707, ""k"": 0.23945542781982043, ""rho"": 660.7555359864454}","{""D"": 3.56115496844471e-09, ""cp"": 2077.202401098669, ""k"": 0.2971114445970373, ""rho"": 688.0699918201993}","[[4.219544570029889e-15, 1.0209333466404402e-06], [3.5162871416915745e-15, 2.150362062025568e-08], [3.8679158558607316e-15, 6.867390128784123e-10]]",323.31500000002734,323.31500000004235,0.08402762489410444,0.29742181109530696,0.0,0.0
64980.0,bdf2,50.165,0.04986,3,7.560017354636869e-15,6.865020218960183e-10,6.912159733474255e-11,5.551115123125783e-17,-4.35834528708676e-09,3.339550858072471e-10,-4.692300372894007e-09,2.7264722403540403e-08,2.726484287855e-08,-1.2047500959688954e-13,0.2394274308196242,7.593958240583709e-11,2.1413757521525046e-10,-8.426764805717285e-12,"{""D"": 7.593958240583709e-11, ""cp"": 1661.8775019012944, ""k"": 0.2394274308196242, ""rho"": 660.744454860568}","{""D"": 3.5567209082297684e-09, ""cp"": 2076.80457571374, ""k"": 0.29705619107135284, ""rho"": 688.0386685688494}","[[2.1800980278487703e-14, 1.018360171189947e-06], [1.4768405995104588e-14, 2.14551444666089e-08], [7.560017354636869e-15, 6.865020218960183e-10]]",323.3150000000132,323.315000000043,0.0839410535981875,0.2971770981941361,0.0,0.0
65040.0,bdf2,50.165,0.04986,3,8.966532211313556e-15,6.862584112088399e-10,1.3005774235352874e-10,5.551115123125783e-17,4.357847431157424e-09,4.234834705130197e-10,3.934363960644404e-09,2.7195740794566883e-08,2.7195857827542125e-08,-1.1703297524169109e-13,0.23939953932291538,7.55220917928308e-11,2.13595767894847e-10,4.302789926350639e-11,"{""D"": 7.55220917928308e-11, ""cp"": 1661.6766831249909, ""k"": 0.23939953932291538, ""rho"": 660.7334172524068}","{""D"": 3.5522962501434847e-09, ""cp"": 2076.407602889333, ""k"": 0.2970010559568518, ""rho"": 688.0074242207407}","[[1.0373047067990192e-14, 1.0157963471479903e-06], [1.7581435708457952e-14, 2.1406723740846623e-08], [8.966532211313556e-15, 6.862584112088399e-10]]",323.3150000000165,323.31500000004087,0.08385482228442766,0.2969330017245374,0.0,0.0
65100.0,bdf2,50.165,0.04986,3,2.813029713353269e-15,6.860079865278479e-10,6.225491233635694e-10,5.551115123125783e-17,-4.357351488340058e-09,5.030642569181509e-10,-4.860415745258209e-09,2.7127029728174218e-08,2.7127143343995897e-08,-1.136158216786074e-13,0.23937175280756853,7.510767293156025e-11,2.1305608560399474e-10,3.94243785796575e-11,"{""D"": 7.510767293156025e-11, ""cp"": 1661.4766202144933, ""k"": 0.23937175280756853, ""rho"": 660.7224229350394}","{""D"": 3.5478809693072982e-09, ""cp"": 2076.01148002919, ""k"": 0.296946038892943, ""rho"": 687.976258489238}","[[8.614903497144386e-15, 1.0132418331587623e-06], [1.3361891138428027e-14, 2.135835965033639e-08], [2.813029713353269e-15, 6.860079865278479e-10]]",323.3150000000196,323.31500000004127,0.08376892917999487,0.2966895194471723,0.0,0.0
65160.0,bdf2,50.165,0.04986,3,5.80187378379114e-15,6.857511919422521e-10,2.823981049004942e-10,5.551115123125783e-17,-0.0,7.062794793455396e-10,-7.062794793455396e-10,2.705858779520138e-08,2.705869801857158e-08,-1.1022337019692149e-13,0.23934407075452316,7.469629932588497e-11,2.1251851727283766e-10,5.874185662057113e-11,"{""D"": 7.469629932588497e-11, ""cp"": 1661.2773094325669, ""k"": 0.23934407075452316, ""rho"": 660.7114716829715}","{""D"": 3.543475040901715e-09, ""cp"": 2075.616204546018, ""k"": 0.29689113952028023, ""rho"": 687.9451710889696}","[[4.3953589271145005e-15, 1.0106965881995222e-06], [2.285586642099539e-15, 2.1310052042422534e-08], [5.80187378379114e-15, 6.857511919422521e-10]]",323.31500000002535,323.31500000004,0.08368337252321448,0.2964466491325746,0.0,0.0
65220.0,bdf2,50.165,0.04986,3,1.1955376281751414e-14,6.854878747963866e-10,5.459241947392002e-10,5.551115123125783e-17,-4.356365303922825e-09,7.077005648170598e-10,-5.0640658687398845e-09,2.6990413595375457e-08,2.6990520450816778e-08,-1.068554413216015e-13,0.2393164926477749,7.428794473276584e-11,2.1198305190589797e-10,3.518558261619359e-11,"{""D"": 7.428794473276584e-11, ""cp"": 1661.0787470639793, ""k"": 0.2393164926477749, ""rho"": 660.7005632721307}","{""D"": 3.539078440169975e-09, ""cp"": 2075.2217738614554, ""k"": 0.2968363574807577, ""rho"": 687.914161735821}","[[1.1076304496328518e-14, 1.0081605715250852e-06], [5.801873783791127e-15, 2.1261801042005146e-08], [1.1955376281751414e-14, 6.854878747963866e-10]]",323.3150000000272,323.3150000000407,0.08359815056352098,0.29620438856110215,0.0,0.0
65280.0,bdf2,50.165,0.04986,3,3.164658427522444e-15,6.852177714122831e-10,2.0759216567967087e-10,1.1102230246251565e-16,-0.0,6.3806737671257e-10,-6.3806737671257e-10,2.692250573722767e-08,2.6922609249088613e-08,-1.0351186094436336e-13,0.23928901797434982,7.388258315971404e-11,2.1144967857613304e-10,5.542894133851806e-12,"{""D"": 7.388258315971404e-11, ""cp"": 1660.8809294153186, ""k"": 0.23928901797434982, ""rho"": 660.6896974798542}","{""D"": 3.534691142414911e-09, ""cp"": 2074.8281854060415, ""k"": 0.2967816924175058, ""rho"": 687.8832301469293}","[[4.395358927114504e-15, 1.0056337425012885e-06], [5.274430712537405e-15, 2.1213607120929012e-08], [3.164658427522444e-15, 6.852177714122831e-10]]",323.3150000000255,323.3150000000396,0.08351326156136077,0.2959627355228854,0.0,0.0
65340.0,bdf2,50.165,0.04986,3,2.1097722850149497e-15,6.849412703680002e-10,2.6147972675971687e-10,5.551115123125783e-17,-0.0,7.16227077646181e-10,-7.16227077646181e-10,2.6854862838051745e-08,2.6854963030499422e-08,-1.0019244767773365e-13,0.2392616462242882,7.348018886226382e-11,2.1091838641505038e-10,1.6838426692877484e-11,"{""D"": 7.348018886226382e-11, ""cp"": 1660.683852814875, ""k"": 0.2392616462242882, ""rho"": 660.6788740848799}","{""D"": 3.5303131230017266e-09, ""cp"": 2074.4354366192, ""k"": 0.2967271439748889, ""rho"": 687.8523760406769}","[[3.5162871416915867e-15, 1.0031160605494804e-06], [5.274430712537381e-15, 2.1165470195927405e-08], [2.1097722850149497e-15, 6.849412703680002e-10]]",323.31500000002865,323.3150000000416,0.08342870378812428,0.2957216878177878,0.0,0.0
65400.0,bdf2,50.165,0.04986,3,1.670236392303498e-14,6.846584132969014e-10,3.376499080331996e-10,5.551115123125783e-17,4.354900138850949e-09,6.991740519879386e-10,3.6557260868630105e-09,2.6787483523817078e-08,2.6787580420848022e-08,-9.689703094383516e-14,0.23923437689062269,7.308073634136377e-11,2.1038916463759644e-10,1.9384399723251144e-11,"{""D"": 7.308073634136377e-11, ""cp"": 1660.4875136124833, ""k"": 0.23923437689062269, ""rho"": 660.6680928673356}","{""D"": 3.5259443573556735e-09, ""cp"": 2074.043524949206, ""k"": 0.29667271179850085, ""rho"": 687.8215991366854}","[[1.1779561924666764e-14, 1.00060748559061e-06], [2.6723782276855963e-14, 2.111739066945617e-08], [1.670236392303498e-14, 6.846584132969014e-10]]",323.31500000002796,323.31500000004235,0.08334447552606003,0.29548124325535513,0.0,0.0
65460.0,bdf2,50.165,0.04986,3,3.516287141691567e-15,6.843687699875645e-10,7.812559488229454e-10,5.551115123125783e-17,-4.354415476227932e-09,9.194423000735696e-10,-5.273857776301502e-09,2.6720366429143285e-08,2.6720460054578308e-08,-9.3625435023036e-14,0.23920720946936713,7.268420034112424e-11,2.0986200251388786e-10,3.453355854479103e-11,"{""D"": 7.268420034112424e-11, ""cp"": 1660.2919081794435, ""k"": 0.23920720946936713, ""rho"": 660.6573536087325}","{""D"": 3.5215848209632056e-09, ""cp"": 2073.6524478531646, ""k"": 0.2966183955351617, ""rho"": 687.7908991558108}","[[2.4614009991840965e-15, 9.981079775456259e-07], [3.1646584275224103e-15, 2.1069369388060366e-08], [3.516287141691567e-15, 6.843687699875645e-10]]",323.31500000003314,323.315000000043,0.08326057506822289,0.2952413996547727,0.0,0.0
65520.0,bdf2,50.165,0.04986,3,1.3361891138427888e-14,6.840730065738043e-10,1.4358647604240105e-10,1.1102230246251565e-16,4.353932661069226e-09,7.148059921746608e-10,3.639126668894565e-09,2.665351019720023e-08,2.6653600574692303e-08,-9.037749207377244e-14,0.23918014345948707,7.229055584603614e-11,2.0933688938751817e-10,-5.5017573051848116e-11,"{""D"": 7.229055584603614e-11, ""cp"": 1660.097032908307, ""k"": 0.23918014345948707, ""rho"": 660.6466560919507}","{""D"": 3.5172344893724704e-09, ""cp"": 2073.2622027969846, ""k"": 0.2965641948329145, ""rho"": 687.7602758201367}","[[5.4502450696219004e-15, 9.956174962244546e-07], [4.571173284199015e-15, 2.1021405935406356e-08], [1.3361891138427888e-14, 6.840730065738043e-10]]",323.3150000000286,323.3150000000446,0.08317700071836538,0.29500215484481845,0.0,0.0
65580.0,bdf2,50.165,0.04986,3,3.692101498776111e-15,6.837704430440184e-10,3.1093350116861984e-11,1.1102230246251565e-16,-0.0,7.688072400924284e-10,-7.688072400924284e-10,2.6586913479692497e-08,2.658700063271723e-08,-8.715302473197754e-14,0.239153178362892,7.189977807895233e-11,2.0881381466711304e-10,2.5879216976807264e-11,"{""D"": 7.189977807895233e-11, ""cp"": 1659.9028842128223, ""k"": 0.239153178362892, ""rho"": 660.6360001012348}","{""D"": 3.5128933381920494e-09, ""cp"": 2072.8727872553463, ""k"": 0.29651010934102034, ""rho"": 687.7297288529683}","[[9.318160925482561e-15, 9.931360023252012e-07], [1.5295849066358166e-14, 2.0973500353127505e-08], [3.692101498776111e-15, 6.837704430440184e-10]]",323.3150000000301,323.31500000004604,0.08309375079089654,0.29476350666381457,0.0,0.0
65640.0,bdf2,50.165,0.04986,3,7.560017354636801e-15,6.834615651207798e-10,8.587903721490875e-10,5.551115123125783e-17,-8.705945073108098e-09,9.43600753089413e-10,-9.649545826197511e-09,2.6520574936773973e-08,2.6520658888641588e-08,-8.395186761446836e-14,0.2391263136844149,7.151184249842309e-11,2.0829276782907068e-10,5.137073636621668e-11,"{""D"": 7.151184249842309e-11, ""cp"": 1659.7094585277873, ""k"": 0.2391263136844149, ""rho"": 660.6253854221826}","{""D"": 3.5085613430916036e-09, ""cp"": 2072.484198711685, ""k"": 0.29645613870995624, ""rho"": 687.6992579788271}","[[2.461400999184075e-15, 9.90663456379437e-07], [9.493975282567144e-15, 2.0925653640424535e-08], [7.560017354636801e-15, 6.834615651207798e-10]]",323.3150000000342,323.3150000000459,0.08301082361080199,0.2945254529595868,0.0,0.0
65700.0,bdf2,50.165,0.04986,3,1.7581435708457525e-15,6.831465393375424e-10,2.467004378559068e-11,1.1102230246251565e-16,-0.0,9.123368727159686e-10,-9.123368727159686e-10,2.64544932369788e-08,2.6454574010834287e-08,-8.077385548695443e-14,0.2390995489317852,7.112672479625688e-11,2.0777373841237983e-10,1.8816630605754915e-11,"{""D"": 7.112672479625688e-11, ""cp"": 1659.5167523088535, ""k"": 0.2390995489317852, ""rho"": 660.6148118417335}","{""D"": 3.5042384798027445e-09, ""cp"": 2072.0964346581513, ""k"": 0.2964022825914099, ""rho"": 687.6688629234449}","[[1.4240962923850592e-14, 9.88199818696689e-07], [1.371351985259687e-14, 2.0877865422597175e-08], [1.7581435708457525e-15, 6.831465393375424e-10]]",323.3150000000344,323.3150000000487,0.08292821751354286,0.29428799158941266,0.0,0.0
65760.0,bdf2,50.165,0.04986,3,5.0986163554526585e-15,6.828250603829744e-10,5.820766091346741e-11,8.326672684688674e-17,4.352019692654957e-09,7.02016222930979e-10,3.6500034697239776e-09,2.6388667057200772e-08,2.638874467601495e-08,-7.7618814178286e-14,0.239072883615622,7.074440089539088e-11,2.0725671602541738e-10,2.5771295471901663e-11,"{""D"": 7.074440089539088e-11, ""cp"": 1659.3247620324785, ""k"": 0.239072883615622, ""rho"": 660.6042791481624}","{""D"": 3.4999247241168374e-09, ""cp"": 2071.7094925956026, ""k"": 0.2963485406382781, ""rho"": 687.6385434137582}","[[9.845603996736159e-15, 9.857450505856846e-07], [4.043730212945208e-15, 2.083013649067933e-08], [5.0986163554526585e-15, 6.828250603829744e-10]]",323.3150000000281,323.31500000005025,0.08284593084501869,0.29405112041998527,0.0,0.0
65820.0,bdf2,50.165,0.04986,3,1.7053992637203814e-14,6.824973086683173e-10,1.3437784218695015e-10,5.551115123125783e-17,-0.0,9.50706180447014e-10,-9.50706180447014e-10,2.6323095082606115e-08,2.6323169569188698e-08,-7.448658258345823e-14,0.23904631724941294,7.0364846947542e-11,2.0674169033891222e-10,4.116442770494309e-11,"{""D"": 7.0364846947542e-11, ""cp"": 1659.1334841957732, ""k"": 0.23904631724941294, ""rho"": 660.5937871310701}","{""D"": 3.4956200518868143e-09, ""cp"": 2071.323370033562, ""k"": 0.29629491250466133, ""rho"": 687.6082991779023}","[[7.032574283383014e-15, 9.83299112744529e-07], [5.450245069621838e-15, 2.0782466428337365e-08], [1.7053992637203814e-14, 6.824973086683173e-10]]",323.31500000003706,323.3150000000484,0.08276396196148587,0.29381483732736136,0.0,0.0
65880.0,bdf2,50.165,0.04986,3,2.9888440704377783e-15,6.821630066378148e-10,8.185452315956354e-11,5.551115123125783e-17,-0.0,6.3806737671257e-10,-6.3806737671257e-10,2.6257776006575054e-08,2.62578473835686e-08,-7.137699354581294e-14,0.2390198493494883,6.998803933054964e-11,2.062286510987932e-10,-3.350099290017016e-12,"{""D"": 6.998803933054964e-11, ""cp"": 1658.942915316316, ""k"": 0.2390198493494883, ""rho"": 660.583335581371}","{""D"": 3.491324439027503e-09, ""cp"": 2070.938064490202, ""k"": 0.29624139784586145, ""rho"": 687.5781299452059}","[[1.1427933210497392e-14, 9.808619667595053e-07], [1.2834448067173992e-14, 2.073485606823855e-08], [2.9888440704377783e-15, 6.821630066378148e-10]]",323.3150000000255,323.3150000000488,0.08268230922946075,0.2935791401969212,0.0,0.0
65940.0,bdf2,50.165,0.04986,3,6.856759926298412e-15,6.818226261362526e-10,3.2741809263825417e-11,5.551115123125783e-17,-0.0,6.565414878423326e-10,-6.565414878423326e-10,2.619270853067166e-08,2.619277682055794e-08,-6.828988627798266e-14,0.23899347943501886,6.961395464668944e-11,2.05717588089466e-10,-3.41814260478758e-12,"{""D"": 6.961395464668944e-11, ""cp"": 1658.7530519321358, ""k"": 0.23899347943501886, ""rho"": 660.5729242912893}","{""D"": 3.4870378615138964e-09, ""cp"": 2070.5535734923074, ""k"": 0.296187996318376, ""rho"": 687.5480354461846}","[[1.7405621351372873e-14, 9.784335738838301e-07], [1.687817828011914e-14, 2.0687304827515796e-08], [6.856759926298412e-15, 6.818226261362526e-10]]",323.31500000002626,323.3150000000498,0.08260097102569743,0.29334402692331696,0.0,0.0
66000.0,bdf2,50.165,0.04986,3,1.4416777280935122e-14,6.814756814410572e-10,5.647962098009884e-10,5.551115123125783e-17,-4.350135560305194e-09,7.844391802791506e-10,-5.134574740584345e-09,2.6127891364559125e-08,2.6127956589652566e-08,-6.522509344132947e-14,0.23896720702798158,6.92425697198635e-11,2.0520849118316953e-10,2.258531835203876e-11,"{""D"": 6.92425697198635e-11, ""cp"": 1658.5638906014674, ""k"": 0.23896720702798158, ""rho"": 660.5625530543444}","{""D"": 3.4827602953821126e-09, ""cp"": 2070.1698945752637, ""k"": 0.29613470757989774, ""rho"": 687.5180154125364}","[[1.318607678134309e-14, 9.760138955927644e-07], [4.043730212945215e-15, 2.0639813969047793e-08], [1.4416777280935122e-14, 6.814756814410572e-10]]",323.3150000000281,323.31500000004985,0.08251994573706571,0.2931094954104406,0.0,0.0
66060.0,bdf2,50.165,0.04986,3,1.054886142507449e-15,6.81122949708346e-10,2.710294211283326e-10,8.326672684688674e-17,-0.0,4.874323167314287e-10,-4.874323167314287e-10,2.606332322595042e-08,2.6063385408411577e-08,-6.218246115709838e-14,0.23894103165315284,6.887386159360263e-11,2.047013503183728e-10,-1.3086260173582691e-11,"{""D"": 6.887386159360263e-11, ""cp"": 1658.3754279027005, ""k"": 0.23894103165315284, ""rho"": 660.5522216653459}","{""D"": 3.4784917167294282e-09, ""cp"": 2069.787025283018, ""k"": 0.29608153128930803, ""rho"": 687.4880695771351}","[[6.6809455692138384e-15, 9.73602894027703e-07], [8.439089140059597e-15, 2.0592383201401e-08], [1.054886142507449e-15, 6.81122949708346e-10]]",323.3150000000195,323.3150000000495,0.08243923176051447,0.29287554357136797,0.0,0.0
66120.0,bdf2,50.165,0.04986,3,9.493975282567086e-15,6.807639035821822e-10,7.628386811120436e-11,1.1102230246251565e-16,4.3492041307245985e-09,4.220623850414995e-10,3.927141745683099e-09,2.59990028405728e-08,2.599906200239792e-08,-5.916182512074996e-14,0.2389149528380895,6.850780752898426e-11,2.0419615546204198e-10,3.425183756846152e-11,"{""D"": 6.850780752898426e-11, ""cp"": 1658.1876604342444, ""k"": 0.2389149528380895, ""rho"": 660.5419299203837}","{""D"": 3.4742321017140545e-09, ""cp"": 2069.4049631680573, ""k"": 0.29602846710667463, ""rho"": 687.4581976740251}","[[1.2834448067174019e-14, 9.712005308304406e-07], [1.4065148566766063e-14, 2.054501271886444e-08], [9.493975282567086e-15, 6.807639035821822e-10]]",323.3150000000169,323.315000000048,0.0823588275029974,0.29264216932832116,0.0,0.0
66180.0,bdf2,50.165,0.04986,3,7.384202997552168e-15,6.803984042846878e-10,4.4565240386873484e-10,1.1102230246251565e-16,-0.0,5.499600774783175e-10,-5.499600774783175e-10,2.5934928942086806e-08,2.593498510511203e-08,-5.616302522320484e-14,0.2388889701131069,6.814438500218628e-11,2.0369289668950942e-10,3.8574292944027634e-11,"{""D"": 6.814438500218628e-11, ""cp"": 1658.0005848143696, ""k"": 0.2388889701131069, ""rho"": 660.5316776168179}","{""D"": 3.4699814265556754e-09, ""cp"": 2069.0237057913873, ""k"": 0.29597551469324823, ""rho"": 687.4283994384159}","[[7.38420299755217e-15, 9.688067684754387e-07], [4.7469876412835365e-15, 2.0497702479804758e-08], [7.384202997552168e-15, 6.803984042846878e-10]]",323.315000000022,323.3150000000484,0.08227873138139004,0.29240937061262473,0.0,0.0
66240.0,bdf2,50.165,0.04986,3,4.5711732841989795e-15,6.800270208051629e-10,6.193658919073641e-10,5.551115123125783e-17,-4.348279699479941e-09,6.437517185986508e-10,-4.992031418078592e-09,2.5871100272033782e-08,2.5871153457940786e-08,-5.3185907003372876e-14,0.2388630830112632,6.778357170239353e-11,2.031915641074048e-10,-2.0521083108737537e-13,"{""D"": 6.778357170239353e-11, ""cp"": 1657.814197681095, ""k"": 0.2388630830112632, ""rho"": 660.5214645532706}","{""D"": 3.465739667534047e-09, ""cp"": 2068.6432507224995, ""k"": 0.29592267371145825, ""rho"": 687.3986746066767}","[[2.461400999184065e-15, 9.664215691596034e-07], [5.626059426706435e-15, 2.0450453205866914e-08], [4.5711732841989795e-15, 6.800270208051629e-10]]",323.31500000002563,323.3150000000471,0.08219894182242599,0.2921771453646615,0.0,0.0
66300.0,bdf2,50.165,0.04986,3,3.1998212989392884e-14,6.796497531436074e-10,3.8403413782361895e-10,1.1102230246251565e-16,4.34782008678359e-09,6.892264536872972e-10,3.658593633096293e-09,2.580751557979639e-08,2.580756581011202e-08,-5.0230315629587015e-14,0.23883729106834586,6.742534552974306e-11,2.0269214788638933e-10,-7.62892604084586e-12,"{""D"": 6.742534552974306e-11, ""cp"": 1657.6284956920904, ""k"": 0.23883729106834586, ""rho"": 660.5112905296179}","{""D"": 3.461506800990732e-09, ""cp"": 2068.2635955393453, ""k"": 0.29586994382490905, ""rho"": 687.3690229163299}","[[2.320749513516408e-14, 9.640448953573966e-07], [2.654796791977103e-14, 2.040326470276188e-08], [3.1998212989392884e-14, 6.796497531436074e-10]]",323.31500000002757,323.31500000004684,0.08211945726264003,0.2919454915338268,0.0,0.0
66360.0,bdf2,50.165,0.04986,3,3.692101498776104e-15,6.792655882215115e-10,4.411049303598702e-10,1.1102230246251565e-16,-4.347362198030567e-09,8.37019342725398e-10,-5.184381540755965e-09,2.5744173622541192e-08,2.5744220918629445e-08,-4.72960882531457e-14,0.23881159382285008,6.706968459313315e-11,2.0219463826993166e-10,8.901942684355787e-14,"{""D"": 6.706968459313315e-11, ""cp"": 1657.4434755245206, ""k"": 0.23881159382285008, ""rho"": 660.5011553469807}","{""D"": 3.457282803327655e-09, ""cp"": 2067.8847378283117, ""k"": 0.2958173246983766, ""rho"": 687.3394441060466}","[[8.9665322113134e-15, 9.61676709931858e-07], [8.087460425890497e-15, 2.0356137886423653e-08], [3.692101498776104e-15, 6.792655882215115e-10]]",323.31500000002933,323.3150000000466,0.08204027614828681,0.2917144070784887,0.0,0.0
66420.0,bdf2,50.165,0.04986,3,4.043730212945263e-15,6.788758721842925e-10,1.5279510989785194e-10,8.326672684688674e-17,4.346906024776906e-09,7.51754214434186e-10,3.5951518103427203e-09,2.5681073165141494e-08,2.568111754822109e-08,-4.4383079594663587e-14,0.23878599081596266,6.671656720806864e-11,2.0169902556222056e-10,2.3295817529173296e-11,"{""D"": 6.671656720806864e-11, ""cp"": 1657.2591338749312, ""k"": 0.23878599081596266, ""rho"": 660.4910588077154}","{""D"": 3.4530676510080445e-09, ""cp"": 2067.5066751842014, ""k"": 0.2957648159978058, ""rho"": 687.3099379156413}","[[5.626059426706457e-15, 9.59316975635005e-07], [2.8130297133532287e-15, 2.030907238215196e-08], [4.043730212945263e-15, 6.788758721842925e-10]]",323.31500000002984,323.3150000000461,0.08196139693527636,0.29148388996594715,0.0,0.0
66480.0,bdf2,50.165,0.04986,3,1.265863371008953e-14,6.784798001202574e-10,1.4523493518936448e-10,1.1102230246251565e-16,-0.0,8.498091119690798e-10,-8.498091119690798e-10,2.5618212980162637e-08,2.5618254471292566e-08,-4.1491129928873114e-14,0.2387604815915479,6.636597189474022e-11,2.0120530010817048e-10,1.78561472264739e-11,"{""D"": 6.636597189474022e-11, ""cp"": 1657.0754674591449, ""k"": 0.2387604815915479, ""rho"": 660.4810007154068}","{""D"": 3.4488613205556926e-09, ""cp"": 2067.129405210192, ""k"": 0.29571241739030446, ""rho"": 687.2805040860651}","[[5.098616355452728e-15, 9.569656556074335e-07], [1.1252118853412915e-14, 2.0262068370358044e-08], [1.265863371008953e-14, 6.784798001202574e-10]]",323.31500000003086,323.31500000004587,0.08188281808911571,0.29125393817238354,0.0,0.0
66540.0,bdf2,50.165,0.04986,3,1.6702363923034815e-14,6.780778577519797e-10,1.4307488527265377e-10,1.1102230246251565e-16,-0.0,9.72022462519817e-10,-9.72022462519817e-10,2.5555591847773717e-08,2.5555630467864388e-08,-3.862009067097521e-14,0.23873506569612668,6.601787737577903e-11,2.0071345233209422e-10,9.270865730853776e-11,"{""D"": 6.601787737577903e-11, ""cp"": 1656.892473012112, ""k"": 0.23873506569612668, ""rho"": 660.4709808748584}","{""D"": 3.4446637885552613e-09, ""cp"": 2066.752925517828, ""k"": 0.2956601285441428, ""rho"": 687.2511423594021}","[[1.810887877971141e-14, 9.5462271304525e-07], [1.635073520886567e-14, 2.0215126309008902e-08], [1.6702363923034815e-14, 6.780778577519797e-10]]",323.3150000000322,323.31500000004553,0.08180453808483049,0.2910245496828296,0.0,0.0
66600.0,bdf2,50.165,0.04986,3,1.1603747567582059e-14,6.776703365130032e-10,3.4424374462105334e-10,8.326672684688674e-17,4.345547714303861e-09,6.52278231427772e-10,3.6932694828760894e-09,2.5493208555706274e-08,2.5493244325521558e-08,-3.576981528427e-14,0.23870974267886091,6.567226257425877e-11,2.0022347271950542e-10,-1.8366809465020296e-11,"{""D"": 6.567226257425877e-11, ""cp"": 1656.7101472877985, ""k"": 0.23870974267886091, ""rho"": 660.4609990920834}","{""D"": 3.4404750316525754e-09, ""cp"": 2066.3772337269666, ""k"": 0.2956079491287454, ""rho"": 687.2218524788618}","[[4.043730212945265e-15, 9.522881113110948e-07], [4.043730212945266e-15, 2.016824590667099e-08], [1.1603747567582059e-14, 6.776703365130032e-10]]",323.3150000000261,323.31500000004615,0.08172655540690195,0.2907957224911075,0.0,0.0
66660.0,bdf2,50.165,0.04986,3,9.318160925482564e-15,6.772561678136668e-10,4.656612873077393e-10,5.551115123125783e-17,-0.0,5.258016244624741e-10,-5.258016244624741e-10,2.5431061899219588e-08,2.5431094839365553e-08,-3.2940145965857666e-14,0.23868451209153846,6.53291066118377e-11,1.997353517943048e-10,3.699671137416295e-11,"{""D"": 6.53291066118377e-11, ""cp"": 1656.528487059077, ""k"": 0.23868451209153846, ""rho"": 660.4510551742985}","{""D"": 3.4362950265537296e-09, ""cp"": 2066.0023274657933, ""k"": 0.2955558788146935, ""rho"": 687.1926341887761}","[[1.5647477780527323e-14, 9.499618139896526e-07], [2.3207495135164115e-14, 2.0121428329078483e-08], [9.318160925482564e-15, 6.772561678136668e-10]]",323.3150000000208,323.3150000000461,0.08164886854920694,0.2905674545998134,0.0,0.0
66720.0,bdf2,50.165,0.04986,3,1.2482819353004954e-14,6.768365867770854e-10,2.34194885706529e-10,5.551115123125783e-17,4.344650598864629e-09,5.698552740796003e-10,3.7747953247850286e-09,2.5369150681023743e-08,2.536918081196522e-08,-3.0130941476302976e-14,0.2386593734885579,6.498838880660596e-11,1.9924908015971826e-10,-3.94061660014619e-11,"{""D"": 6.498838880660596e-11, ""cp"": 1656.3474891176168, ""k"": 0.2386593734885579, ""rho"": 660.4411489299144}","{""D"": 3.4321237500258174e-09, ""cp"": 2065.628204370756, ""k"": 0.29550391727371617, ""rho"": 687.1634872345923}","[[4.395358927114419e-15, 9.476437850541863e-07], [9.66978963965172e-15, 2.0074672674175176e-08], [1.2482819353004954e-14, 6.768365867770854e-10]]",323.3150000000228,323.31500000004587,0.08157147601495653,0.29033974402025176,0.0,0.0
66780.0,bdf2,50.165,0.04986,3,9.66978963965176e-15,6.764107746137782e-10,1.9758772396016866e-10,5.551115123125783e-17,-0.0,5.854872142663226e-10,-5.854872142663226e-10,2.530747371123993e-08,2.5307501053286906e-08,-2.7342046977321427e-14,0.2386343264269045,6.465008867105561e-11,1.987646484720171e-10,4.593884392638147e-12,"{""D"": 6.465008867105561e-11, ""cp"": 1656.1671502737124, ""k"": 0.2386343264269045, ""rho"": 660.4312801685259}","{""D"": 3.427961178896462e-09, ""cp"": 2065.254862086558, ""k"": 0.29545206417868863, ""rho"": 687.1344113628678}","[[9.142346568398032e-15, 9.453339882559142e-07], [1.3537705495512467e-14, 2.0027979524828154e-08], [9.66978963965176e-15, 6.764107746137782e-10]]",323.31500000002336,323.3150000000447,0.08149437631660864,0.29011258877240437,0.0,0.0
66840.0,bdf2,50.165,0.04986,3,7.911646068805969e-15,6.75978897857199e-10,8.890310709830374e-11,5.551115123125783e-17,-0.0,8.15703060652595e-10,-8.15703060652595e-10,2.5246029807343676e-08,2.5246054380665226e-08,-2.4573321550423864e-14,0.23860937046614303,6.431418591030469e-11,1.98282047432164e-10,4.394760617570081e-11,"{""D"": 6.431418591030469e-11, ""cp"": 1655.98746735623, ""k"": 0.23860937046614303, ""rho"": 660.4214487009065}","{""D"": 3.4238072900548443e-09, ""cp"": 2064.882298266131, ""k"": 0.2954003192036293, ""rho"": 687.1054063212658}","[[1.213119063883582e-14, 9.430323876791213e-07], [3.867915855860696e-15, 1.9981349658193537e-08], [7.911646068805969e-15, 6.75978897857199e-10]]",323.31500000003024,323.31500000004536,0.08141756797583154,0.28988598688488926,0.0,0.0
66900.0,bdf2,50.165,0.04986,3,7.560017354636856e-15,6.75541372840982e-10,3.47313289239537e-11,1.1102230246251565e-16,-0.0,7.87281351222191e-10,-7.87281351222191e-10,2.518481779411387e-08,2.518483961873108e-08,-2.182461720968998e-14,0.23858450516839275,6.398066041993451e-11,1.9780126781470062e-10,4.7590909748916e-11,"{""D"": 6.398066041993451e-11, ""cp"": 1655.8084372124279, ""k"": 0.23858450516839275, ""rho"": 660.411654338997}","{""D"": 3.4196620604490187e-09, ""cp"": 2064.510510570601, ""k"": 0.29534868202369463, ""rho"": 687.0764718585492}","[[5.801873783791077e-15, 9.407389478521822e-07], [7.735831711721433e-15, 1.993478265793769e-08], [7.560017354636856e-15, 6.75541372840982e-10]]",323.31500000002404,323.3150000000436,0.08134104952341385,0.28965993639491544,0.0,0.0
66960.0,bdf2,50.165,0.04986,3,1.1252118853412972e-14,6.750982273207029e-10,8.753886504564434e-11,5.551115123125783e-17,-0.0,6.338041202980094e-10,-6.338041202980094e-10,2.512383650358462e-08,2.512385559938165e-08,-1.9095797030258617e-14,0.23855973009831968,6.364949228431193e-11,1.9732230044887256e-10,-1.0287101684884371e-11,"{""D"": 6.364949228431193e-11, ""cp"": 1655.6300567079018, ""k"": 0.23855973009831968, ""rho"": 660.401896895901}","{""D"": 3.4155254670895526e-09, ""cp"": 2064.139496669278, ""k"": 0.2952971523151775, ""rho"": 687.0476077245759}","[[2.4614009991840862e-15, 9.384536328038706e-07], [3.867915855860709e-15, 1.988827889876088e-08], [1.1252118853412972e-14, 6.750982273207029e-10]]",323.31500000002535,323.3150000000443,0.08126481949922706,0.2894344353482486,0.0,0.0
67020.0,bdf2,50.165,0.04986,3,1.2307004995920465e-14,6.746489755737883e-10,1.949729266925715e-10,1.1102230246251565e-16,-0.0,3.822719918389339e-10,-3.822719918389339e-10,2.5063084775002746e-08,2.5063101161713373e-08,-1.638671062738569e-14,0.23853504482311375,6.332066177453192e-11,1.9684513621254047e-10,-7.966724046169814e-11,"{""D"": 6.332066177453192e-11, ""cp"": 1655.452322726419, ""k"": 0.23853504482311375, ""rho"": 660.3921761858742}","{""D"": 3.4113974870462565e-09, ""cp"": 2063.769254239614, ""k"": 0.29524572975550195, ""rho"": 687.018813670293}","[[9.669789639651793e-15, 9.361764074511392e-07], [3.516287141691564e-15, 1.984183864434108e-08], [1.2307004995920465e-14, 6.746489755737883e-10]]",323.3150000000153,323.31500000004354,0.08118887645214172,0.2892094817991637,0.0,0.0
67080.0,bdf2,50.165,0.04986,3,1.916376492221904e-14,6.741935898446627e-10,5.547917680814862e-11,8.326672684688674e-17,-0.0,6.039613253960852e-10,-6.039613253960852e-10,2.5002561454767322e-08,2.500257515197992e-08,-1.3697212599263126e-14,0.23851044891247583,6.299414934664412e-11,1.9636976603729517e-10,1.5624986714000762e-11,"{""D"": 6.299414934664412e-11, ""cp"": 1655.275232169826, ""k"": 0.23851044891247583, ""rho"": 660.3824920243168}","{""D"": 3.4072780974497795e-09, ""cp"": 2063.399780967174, ""k"": 0.2951944140232186, ""rho"": 686.9900894477313}","[[1.5647477780527497e-14, 9.339072365999179e-07], [2.689959663394053e-14, 1.9795462227745197e-08], [1.916376492221904e-14, 6.741935898446627e-10]]",323.3150000000241,323.3150000000431,0.0811132189399749,0.2889850738104008,0.0,0.0
67140.0,bdf2,50.165,0.04986,3,8.087460425890598e-15,6.737329721895335e-10,3.512923285597935e-11,5.551115123125783e-17,-0.0,6.52278231427772e-10,-6.52278231427772e-10,2.4942265396370614e-08,2.494227642354131e-08,-1.1027170696254589e-14,0.2384859419386015,6.266993563962285e-11,1.958961809336091e-10,3.469055117405467e-11,"{""D"": 6.266993563962285e-11, ""cp"": 1655.098781957931, ""k"": 0.2384859419386015, ""rho"": 660.3728442277666}","{""D"": 3.4031672754916194e-09, ""cp"": 2063.031074545637, ""k"": 0.2951432047980051, ""rho"": 686.9614348100021}","[[1.8812136208049872e-14, 9.316460851116481e-07], [2.7427039705194203e-14, 1.9749149232639596e-08], [8.087460425890598e-15, 6.737329721895335e-10]]",323.31500000002535,323.31500000004326,0.08103784552942664,0.28876120945314093,0.0,0.0
67200.0,bdf2,50.165,0.04986,3,4.571173284199034e-15,6.73266456474586e-10,3.2241587177850306e-10,1.1102230246251565e-16,4.341128128544167e-09,5.286437954055145e-10,3.812484333138652e-09,2.4882195460371708e-08,2.488220383681343e-08,-8.376441723469879e-15,0.2384615234761646,6.234800147369582e-11,1.9542437194094843e-10,1.6429848548434645e-11,"{""D"": 6.234800147369582e-11, ""cp"": 1654.922969028385, ""k"": 0.2384615234761646, ""rho"": 660.3632326138902}","{""D"": 3.399064998422994e-09, ""cp"": 2062.663132676735, ""k"": 0.29509210176065764, ""rho"": 686.9328495112891}","[[3.692101498776144e-15, 9.293929181253269e-07], [7.735831711721444e-15, 1.9702899992091183e-08], [4.571173284199034e-15, 6.73266456474586e-10]]",323.31500000002114,323.31500000004326,0.08096275479601679,0.28853788680694575,0.0,0.0
67260.0,bdf2,50.165,0.04986,3,3.164658427522417e-15,6.727942647444252e-10,3.6266101233195513e-11,1.1102230246251565e-16,-0.0,5.641709321935195e-10,-5.641709321935195e-10,2.4822350514332892e-08,2.4822356259220368e-08,-5.74488747557225e-15,0.2384371931023019,6.202832784849909e-11,1.9495433016281953e-10,4.327563612752474e-11,"{""D"": 6.202832784849909e-11, ""cp"": 1654.7477903365739, ""k"": 0.2384371931023019, ""rho"": 660.3536570014753}","{""D"": 3.3949712435558014e-09, ""cp"": 2062.2959530702465, ""k"": 0.29504110459308974, ""rho"": 686.9043333068452}","[[3.3404727846069906e-15, 9.271477008909734e-07], [1.1252118853413029e-14, 1.965671526937829e-08], [3.164658427522417e-15, 6.727942647444252e-10]]",323.31500000002256,323.31500000004235,0.08088794532402546,0.2883151039597277,0.0,0.0
67320.0,bdf2,50.165,0.04986,3,1.5823292137612107e-15,6.723163414878996e-10,1.0345502232667059e-10,5.551115123125783e-17,-0.0,5.314859663485549e-10,-5.314859663485549e-10,2.4762729432773344e-08,2.4762732565142697e-08,-3.1323693534869855e-15,0.2384129503965965,6.171089594117764e-11,1.9448604676915322e-10,-3.2705881423636146e-11,"{""D"": 6.171089594117764e-11, ""cp"": 1654.5732428554948, ""k"": 0.2384129503965965, ""rho"": 660.3441172104228}","{""D"": 3.390885988262471e-09, ""cp"": 2061.9295334439757, ""k"": 0.29499021297833, ""rho"": 686.8758859529876}","[[9.845603996736419e-15, 9.249103988806517e-07], [1.4065148566766323e-15, 1.9610594662045067e-08], [1.5823292137612107e-15, 6.723163414878996e-10]]",323.31500000002126,323.3150000000419,0.08081341570642837,0.288092859007715,0.0,0.0
67380.0,bdf2,50.165,0.04986,3,8.439089140059835e-15,6.71832867116251e-10,2.994511305587366e-10,8.326672684688674e-17,4.339833856276851e-09,3.083755473198835e-10,4.031458308956968e-09,2.4703331097118262e-08,2.470333163586915e-08,-5.387508889566267e-16,0.23838879494106183,6.139568710466281e-11,1.9401951296134892e-10,-5.953913799721005e-11,"{""D"": 6.139568710466281e-11, ""cp"": 1654.3993235756452, ""k"": 0.23838879494106183, ""rho"": 660.3346130617391}","{""D"": 3.3868092099752307e-09, ""cp"": 2061.563871523709, ""k"": 0.29493942660051514, ""rho"": 686.8475072070911}","[[1.4592591638020128e-14, 9.226809778994927e-07], [1.195537628175143e-14, 1.956453883622533e-08], [8.439089140059835e-15, 6.71832867116251e-10]]",323.31500000001233,323.3150000000402,0.08073916454483644,0.2878711500553989,0.0,0.0
67440.0,bdf2,50.165,0.04986,3,4.571173284199074e-15,6.713435085625719e-10,8.412825991399586e-11,1.1102230246251565e-16,-0.0,4.973799150320701e-10,-4.973799150320701e-10,2.4644154395665248e-08,2.4644152359559068e-08,2.0361061796038535e-15,0.23836472632013073,6.108268286601794e-11,1.9355472001065903e-10,6.482118136297936e-11,"{""D"": 6.108268286601794e-11, ""cp"": 1654.2260295049412, ""k"": 0.23836472632013073, ""rho"": 660.3251443775295}","{""D"": 3.38274088618703e-09, ""cp"": 2061.1989650431988, ""k"": 0.29488874514488866, ""rho"": 686.8191968275844}","[[5.4502450696219714e-15, 9.204594034195601e-07], [6.505131212129449e-15, 1.951854736170766e-08], [4.571173284199074e-15, 6.713435085625719e-10]]",323.31500000001955,323.3150000000404,0.08066519044944884,0.28764997521550273,0.0,0.0
67500.0,bdf2,50.165,0.04986,3,8.26327478297525e-15,6.708487515494355e-10,2.964952727779746e-10,5.551115123125783e-17,8.677957833706179e-09,5.641709321935195e-10,8.11378690151266e-09,2.458519822350764e-08,2.4585193631177837e-08,4.5923298038003274e-15,0.2383407441206329,6.077186492443303e-11,1.930916592399664e-10,-2.7514417505051457e-11,"{""D"": 6.077186492443303e-11, ""cp"": 1654.053357668557, ""k"": 0.2383407441206329, ""rho"": 660.3157109809885}","{""D"": 3.3786809944503936e-09, ""cp"": 2060.8348117441365, ""k"": 0.29483816829779674, ""rho"": 686.7909545739444}","[[1.758143570845794e-15, 9.182456416900742e-07], [5.274430712537388e-15, 1.9472621182181626e-08], [8.26327478297525e-15, 6.708487515494355e-10]]",323.31500000002256,323.31500000004036,0.0805914920389723,0.2874293326089406,0.0,0.0
67560.0,bdf2,50.165,0.04986,3,5.098616355452807e-15,6.703482630099344e-10,1.0618350643198937e-10,8.326672684688674e-17,-0.0,6.622258297284134e-10,-6.622258297284134e-10,2.4526461482518872e-08,2.4526454352457248e-08,7.130061623423444e-15,0.23831684793178304,6.046321514970231e-11,1.926303220257413e-10,4.084360472134634e-12,"{""D"": 6.046321514970231e-11, ""cp"": 1653.881305108838, ""k"": 0.23831684793178304, ""rho"": 660.3063126963932}","{""D"": 3.3746295123783495e-09, ""cp"": 2060.471409376132, ""k"": 0.294787695746685, ""rho"": 686.7627802066919}","[[1.2131190638835985e-14, 9.160396586826991e-07], [1.6350735208865892e-14, 1.9426759617635625e-08], [5.098616355452807e-15, 6.703482630099344e-10]]",323.3150000000265,323.3150000000408,0.08051806794057156,0.2872092203647806,0.0,0.0
67620.0,bdf2,50.165,0.04986,3,8.087460425890628e-15,6.698421400885834e-10,2.6420821086503565e-10,5.551115123125783e-17,-0.0,6.87805368215777e-10,-6.87805368215777e-10,2.4467943081284342e-08,2.4467933431853584e-08,9.649430758058099e-15,0.23829303734516727,6.015671558045364e-11,1.9217069979056413e-10,5.3636689499454384e-11,"{""D"": 6.015671558045364e-11, ""cp"": 1653.7098688852045, ""k"": 0.23829303734516727, ""rho"": 660.2969493490966}","{""D"": 3.3705864176436224e-09, ""cp"": 2060.1087556966795, ""k"": 0.2947373271800944, ""rho"": 686.7346734873859}","[[5.626059426706521e-15, 9.138414205911438e-07], [7.560017354636893e-15, 1.9380963833803833e-08], [8.087460425890628e-15, 6.698421400885834e-10]]",323.3150000000271,323.3150000000421,0.08044491678981698,0.28698963662020227,0.0,0.0
67680.0,bdf2,50.165,0.04986,3,5.626059426706528e-15,6.693307852412289e-10,6.425580068025738e-10,5.551115123125783e-17,-4.337708219088605e-09,7.645439836778678e-10,-5.102252202766473e-09,2.440964193506041e-08,2.4409629784494045e-08,1.2150566363685138e-14,0.23826931195472553,5.985234842246248e-11,1.917127840156188e-10,-8.22619728128122e-12,"{""D"": 5.985234842246248e-11, ""cp"": 1653.5390460740239, ""k"": 0.23826931195472553, ""rho"": 660.287620765519}","{""D"": 3.3665516879788996e-09, ""cp"": 2059.7468484711308, ""k"": 0.29468706228765706, ""rho"": 686.7066341786184}","[[1.2482819353005113e-14, 9.116508940532064e-07], [1.476840599510464e-14, 1.9335232886996678e-08], [5.626059426706528e-15, 6.693307852412289e-10]]",323.31500000002893,323.31500000004183,0.08037203723061756,0.28677057952045665,0.0,0.0
67740.0,bdf2,50.165,0.04986,3,1.7229806994288754e-14,6.688134907006926e-10,2.3010215954855084e-10,5.551115123125783e-17,-0.0,6.295408638834488e-10,-6.295408638834488e-10,2.435155696573335e-08,2.4351542332130514e-08,1.4633602837301766e-14,0.23824567135673635,5.955009604692198e-11,1.912565662297781e-10,7.01780440604673e-11,"{""D"": 5.955009604692198e-11, ""cp"": 1653.3688337685016, ""k"": 0.23824567135673635, ""rho"": 660.2783267731409}","{""D"": 3.3625253011768205e-09, ""cp"": 2059.3856854726764, ""k"": 0.2946369007600939, ""rho"": 686.6786620440104}","[[3.8679158558607465e-15, 9.094680455956627e-07], [5.450245069621964e-15, 1.9289568040092853e-08], [1.7229806994288754e-14, 6.688134907006926e-10]]",323.31500000002416,323.3150000000416,0.08029942791516315,0.2865520472188314,0.0,0.0
67800.0,bdf2,50.165,0.04986,3,2.0746094135980233e-14,6.682909781119406e-10,1.405169314239174e-10,5.551115123125783e-17,-0.0,6.835421118012164e-10,-6.835421118012164e-10,2.429368710176895e-08,2.4293670003101242e-08,1.709866770699738e-14,0.23822211514980518,5.924994098891653e-11,1.9080203802226285e-10,3.8872962138622605e-11,"{""D"": 5.924994098891653e-11, ""cp"": 1653.1992290785975, ""k"": 0.23822211514980518, ""rho"": 660.2690672004962}","{""D"": 3.358507235090546e-09, ""cp"": 2059.025264482318, ""k"": 0.29458684228921084, ""rho"": 686.6507568482064}","[[3.1646584275224075e-15, 9.07292841911822e-07], [1.494422035218915e-14, 1.9243968807369782e-08], [2.0746094135980233e-14, 6.682909781119406e-10]]",323.315000000027,323.31500000004326,0.08022708750387655,0.2863340378766126,0.0,0.0
67860.0,bdf2,50.165,0.04986,3,1.3361891138427907e-14,6.6776345564179e-10,4.192770575173199e-10,5.551115123125783e-17,-0.0,3.510081114654895e-10,-3.510081114654895e-10,2.4236031278159028e-08,2.4236011732271222e-08,1.9545887806029666e-14,0.23819864293484377,5.895186594556415e-11,1.903491910217346e-10,-3.2568293916759103e-11,"{""D"": 5.895186594556415e-11, ""cp"": 1653.0302291308751, ""k"": 0.23819864293484377, ""rho"": 660.2598418771634}","{""D"": 3.3544974676316103e-09, ""cp"": 2058.665583288833, ""k"": 0.29453688656789345, ""rho"": 686.622918356869}","[[9.318160925482618e-15, 9.051252499170381e-07], [2.8130297133532453e-15, 1.9198435202705255e-08], [1.3361891138427907e-14, 6.6776345564179e-10]]",323.31500000001404,323.31500000004417,0.08015501466533903,0.28611654966303923,0.0,0.0
67920.0,bdf2,50.165,0.04986,3,1.0900490139243836e-14,6.672300767451844e-10,5.720721674151719e-10,1.1102230246251565e-16,4.336035503373804e-09,7.176481631177012e-10,3.6183873402561027e-09,2.417858843640264e-08,2.4178566461004555e-08,2.1975398083952477e-14,0.2381752543150626,5.865585377471397e-11,1.8989801691562106e-10,-9.332313827838527e-12,"{""D"": 5.865585377471397e-11, ""cp"": 1652.8618310684506, ""k"": 0.2381752543150626, ""rho"": 660.2506506337608}","{""D"": 3.3504959767720214e-09, ""cp"": 2058.3066396887634, ""k"": 0.294487033290106, ""rho"": 686.595146336675}","[[2.1097722850149343e-15, 9.029652367487095e-07], [4.39535892711445e-15, 1.915296779508857e-08], [1.0900490139243836e-14, 6.672300767451844e-10]]",323.3150000000274,323.3150000000437,0.0800832080762557,0.2858995807552742,0.0,0.0
67980.0,bdf2,50.165,0.04986,3,8.439089140059788e-15,6.666911467334558e-10,8.86757334228605e-11,1.1102230246251565e-16,-0.0,8.981260180007666e-10,-8.981260180007666e-10,2.41213575244234e-08,2.4121333137101764e-08,2.438732163516713e-14,0.238151948895949,5.836188749293062e-11,1.8944850744198734e-10,3.54444221156884e-11,"{""D"": 5.836188749293062e-11, ""cp"": 1652.694032050833, ""k"": 0.238151948895949, ""rho"": 660.2414933019363}","{""D"": 3.346502740543485e-09, ""cp"": 2057.9484314863794, ""k"": 0.294437282150886, ""rho"": 686.5674405553102}","[[1.9163764922219092e-14, 9.008127698773016e-07], [2.2328423349741506e-14, 1.9107566917586638e-08], [8.439089140059788e-15, 6.666911467334558e-10]]",323.31500000003103,323.315000000042,0.0800116664213772,0.28568312933836115,0.0,0.0
68040.0,bdf2,50.165,0.04986,3,1.722980699428872e-14,6.661469015289967e-10,1.5165824152063578e-10,1.1102230246251565e-16,-0.0,7.005951374594588e-10,-7.005951374594588e-10,2.4064337496543033e-08,2.4064310714761506e-08,2.6781781527605157e-14,0.2381287262852553,5.806995027416981e-11,1.890006543843464e-10,3.2977927561528506e-11,"{""D"": 5.806995027416981e-11, ""cp"": 1652.5268292538383, ""k"": 0.2381287262852553, ""rho"": 660.2323697143619}","{""D"": 3.3425177370374254e-09, ""cp"": 2057.590956493661, ""k"": 0.29438763284634173, ""rho"": 686.5398007814642}","[[5.274430712537365e-15, 8.986678161626571e-07], [5.274430712537364e-15, 1.906223197345458e-08], [1.722980699428872e-14, 6.661469015289967e-10]]",323.31500000002734,323.3150000000423,0.07994038839345188,0.2854671936051897,0.0,0.0
68100.0,bdf2,50.165,0.04986,3,2.461400999184096e-15,6.655977297098659e-10,1.3960743672214448e-10,5.551115123125783e-17,-0.0,6.892264536872972e-10,-6.892264536872972e-10,2.400752731345e-08,2.4007498154545613e-08,2.915890438607473e-14,0.238105586092988,5.778002544825507e-11,1.885544495744023e-10,8.009730714422874e-12,"{""D"": 5.778002544825507e-11, ""cp"": 1652.3602198695135, ""k"": 0.238105586092988, ""rho"": 660.2232797047272}","{""D"": 3.3385409444044936e-09, ""cp"": 2057.2342125302666, ""k"": 0.2943380850736481, ""rho"": 686.5122267848262}","[[1.2834448067174218e-14, 8.965303435748417e-07], [1.3010262424258796e-14, 1.9016963601070636e-08], [2.461400999184096e-15, 6.655977297098659e-10]]",323.31500000002717,323.31500000004314,0.07986937269318202,0.285251771756455,0.0,0.0
68160.0,bdf2,50.165,0.04986,3,1.5823292137612073e-15,6.650429651422485e-10,2.2237145458348095e-10,1.1102230246251565e-16,-4.334386984418917e-09,6.764366844436154e-10,-5.010823668862532e-09,2.3950925942134213e-08,2.3950894423320167e-08,3.1518814046130995e-14,0.23808252793138734,5.7492096499114095e-11,1.881098849129315e-10,1.1180913088145824e-11,"{""D"": 5.7492096499114095e-11, ""cp"": 1652.1942011059891, ""k"": 0.23808252793138734, ""rho"": 660.2142231077312}","{""D"": 3.334572340854213e-09, ""cp"": 2056.878197423509, ""k"": 0.2942886385310429, ""rho"": 686.4847183360795}","[[5.6260594267065135e-15, 8.94400319639832e-07], [7.208388640467719e-15, 1.8971762230646227e-08], [1.5823292137612073e-15, 6.650429651422485e-10]]",323.31500000002694,323.3150000000426,0.07979861802915021,0.28503686200062117,0.0,0.0
68220.0,bdf2,50.165,0.04986,3,6.329316855044802e-15,6.644829131374763e-10,6.502887117676437e-11,1.1102230246251565e-16,-0.0,5.272227099339943e-10,-5.272227099339943e-10,2.389453235585315e-08,2.3894498494218395e-08,3.386163475361068e-14,0.23805955141491583,5.7206147063340884e-11,1.8766695232385952e-10,-3.1680902288522853e-12,"{""D"": 5.7206147063340884e-11, ""cp"": 1652.028770187394, ""k"": 0.23805955141491583, ""rho"": 660.205199759075}","{""D"": 3.330611904656615e-09, ""cp"": 2056.5229090083294, ""k"": 0.2942392929178236, ""rho"": 686.4572752068972}","[[1.4592591638019964e-14, 8.922777122721826e-07], [3.498705705983098e-14, 1.89266281536149e-08], [6.329316855044802e-15, 6.644829131374763e-10]]",323.3150000000211,323.315000000044,0.079728123117773,0.2848224625538843,0.0,0.0
68280.0,bdf2,50.165,0.04986,3,3.164658427522401e-15,6.639176569622762e-10,1.666649040998891e-10,5.551115123125783e-17,-0.0,7.176481631177012e-10,-7.176481631177012e-10,2.383834553409334e-08,2.3838309346604136e-08,3.61874892058684e-14,0.23803665616024663,5.6922160928750245e-11,1.8722564378534108e-10,1.3270682809461317e-11,"{""D"": 5.6922160928750245e-11, ""cp"": 1651.863924353776, ""k"": 0.23803665616024663, ""rho"": 660.1962094954566}","{""D"": 3.3266596141396914e-09, ""cp"": 2056.1683451272734, ""k"": 0.2941900479343435, ""rho"": 686.4298971699374}","[[4.395358927114445e-15, 8.901624895529814e-07], [1.5823292137612e-14, 1.888156042628708e-08], [3.164658427522401e-15, 6.639176569622762e-10]]",323.3150000000287,323.315000000044,0.07965788668325517,0.2846085716401357,0.0,0.0
68340.0,bdf2,50.165,0.04986,3,1.47684059951045e-14,6.633470162054067e-10,2.3783286451362073e-10,1.1102230246251565e-16,-0.0,7.531752999057062e-10,-7.531752999057062e-10,2.3782364462509216e-08,2.3782325966011372e-08,3.849649784371007e-14,0.2380138417862425,5.664012203264756e-11,1.8678595134843272e-10,1.0539754958154347e-11,"{""D"": 5.664012203264756e-11, ""cp"": 1651.6996608609459, ""k"": 0.2380138417862425, ""rho"": 660.1872521545619}","{""D"": 3.322715447691839e-09, ""cp"": 2055.814503630463, ""k"": 0.2941409032820087, ""rho"": 686.4025839988384}","[[3.6921014987761256e-15, 8.880546195078054e-07], [1.01972327109055e-14, 1.8836560047863493e-08], [1.47684059951045e-14, 6.633470162054067e-10]]",323.31500000002757,323.31500000004485,0.07958790745751422,0.2843951874909247,0.0,0.0
68400.0,bdf2,50.165,0.04986,3,4.5711732841990355e-15,6.627715182228044e-10,4.854427970713004e-10,5.551115123125783e-17,4.332762203627101e-09,4.149569576838985e-10,3.9178052459432026e-09,2.3726588132893384e-08,2.372654734411459e-08,4.0788778795144606e-14,0.23799110791394693,5.6360014460505834e-11,1.8634786707387012e-10,5.4182882512363074e-11,"{""D"": 5.6360014460505834e-11, ""cp"": 1651.535976980418, ""k"": 0.23799110791394693, ""rho"": 660.1783275750583}","{""D"": 3.3187793837594798e-09, ""cp"": 2055.4613823755744, ""k"": 0.29409185866327425, ""rho"": 686.3753354682141}","[[1.7581435708457825e-15, 8.859540706063207e-07], [1.002141835382096e-14, 1.879162681017732e-08], [4.5711732841990355e-15, 6.627715182228044e-10]]",323.3150000000156,323.31500000004314,0.07951818418014324,0.2841823083454224,0.0,0.0
68460.0,bdf2,50.165,0.04986,3,1.3537705495512503e-14,6.621908160697743e-10,8.003553375601768e-11,1.1102230246251565e-16,-0.0,4.845901457883883e-10,-4.845901457883883e-10,2.367101554314186e-08,2.3670972478689465e-08,4.30644523950988e-14,0.23796845416657172,5.608182244456222e-11,1.8591138310060425e-10,-2.6186144975228025e-11,"{""D"": 5.608182244456222e-11, ""cp"": 1651.3728699993164, ""k"": 0.23796845416657172, ""rho"": 660.1694355965903}","{""D"": 3.314851400849026e-09, ""cp"": 2055.108979227809, ""k"": 0.29404291378164016, ""rho"": 686.3481513536492}","[[4.043730212945292e-15, 8.838608111516599e-07], [1.0548861425074677e-14, 1.8746761379362376e-08], [1.3537705495512503e-14, 6.621908160697743e-10]]",323.3150000000194,323.31500000004377,0.07944871559836184,0.28396993245038404,0.0,0.0
68520.0,bdf2,50.165,0.04986,3,2.830611149061704e-14,6.616050207686186e-10,4.099547368241474e-10,5.551115123125783e-17,4.3319585745683275e-09,3.367972567502875e-10,3.99516131781804e-09,2.3615645697196687e-08,2.36156003735577e-08,4.5323638988425616e-14,0.2379458801694776,5.580553036208891e-11,1.8547649160588562e-10,-2.1604269935430564e-11,"{""D"": 5.580553036208891e-11, ""cp"": 1651.210337220239, ""k"": 0.2379458801694776, ""rho"": 660.1605760597693}","{""D"": 3.310931477525213e-09, ""cp"": 2054.757292059864, ""k"": 0.29399406834164776, ""rho"": 686.3210314316941}","[[2.988844070437827e-15, 8.817748099465561e-07], [3.1119141203970294e-14, 1.870196331132945e-08], [2.830611149061704e-14, 6.616050207686186e-10]]",323.31500000001347,323.3150000000439,0.07937950046694713,0.28375805806011034,0.0,0.0
68580.0,bdf2,50.165,0.04986,3,2.3734938206418044e-14,6.610133135298568e-10,5.563833838095888e-10,5.551115123125783e-17,-4.331558926173047e-09,7.702283255639486e-10,-5.101787251736996e-09,2.3560477605012768e-08,2.356043003855347e-08,4.7566459297172366e-14,0.23792338555016398,5.553112273422107e-11,1.8504318480561094e-10,9.100849457816541e-11,"{""D"": 5.553112273422107e-11, ""cp"": 1651.0483759611807, ""k"": 0.23792338555016398, ""rho"": 660.1517488061686}","{""D"": 3.3070195924118387e-09, ""cp"": 2054.4063187519214, ""k"": 0.29394532204887797, ""rho"": 686.2939754798617}","[[1.0373047067990108e-14, 8.796960356272088e-07], [8.614903497144326e-15, 1.8657233549768115e-08], [2.3734938206418044e-14, 6.610133135298568e-10]]",323.31500000002296,323.3150000000435,0.07931053754819184,0.2835466834364196,0.0,0.0
68640.0,bdf2,50.165,0.04986,3,1.0021418353821024e-14,6.60417345810238e-10,6.612026481889188e-10,5.551115123125783e-17,-4.3311607127524905e-09,7.23332505003782e-10,-5.0544932177562724e-09,2.3505510282497047e-08,2.3505460489478478e-08,4.979301856849147e-14,0.23790096993825374,5.525858422423691e-11,1.8461145497627655e-10,6.821224266063854e-11,"{""D"": 5.525858422423691e-11, ""cp"": 1650.8869835554272, ""k"": 0.23790096993825374, ""rho"": 660.1429536783165}","{""D"": 3.303115724191207e-09, ""cp"": 2054.056057191608, ""k"": 0.2938966746099455, ""rho"": 686.2669832766212}","[[1.1252118853413071e-14, 8.776244571628844e-07], [1.0373047067990168e-14, 1.861257170610031e-08], [1.0021418353821024e-14, 6.60417345810238e-10]]",323.31500000002455,323.31500000004115,0.0792418256118481,0.2833358068486031,0.0,0.0
68700.0,bdf2,50.165,0.04986,3,2.355912384933376e-14,6.598164792315231e-10,8.139977580867708e-11,5.551115123125783e-17,-0.0,4.561684363579843e-10,-4.561684363579843e-10,2.3450742751499833e-08,2.345069074806032e-08,5.200343951297244e-14,0.23787863296547965,5.498789963639861e-11,1.8418129443706475e-10,-7.461445881586732e-11,"{""D"": 5.498789963639861e-11, ""cp"": 1650.7261573514536, ""k"": 0.23787863296547965, ""rho"": 660.1341905196897}","{""D"": 3.2992198516050783e-09, ""cp"": 2053.7065052739754, ""k"": 0.29384812573249663, ""rho"": 686.2400546013943}","[[1.5999106494696805e-14, 8.755600436893829e-07], [1.846050749388093e-14, 1.8567977419503556e-08], [2.355912384933376e-14, 6.598164792315231e-10]]",323.31500000001824,323.31500000003945,0.0791733634350754,0.2831254265733925,0.0,0.0
68760.0,bdf2,50.165,0.04986,3,4.0437302129453636e-15,6.592100337821094e-10,4.554294719127938e-10,8.326672684688674e-17,4.330368563723492e-09,6.210143510543276e-10,3.7093542126691643e-09,2.339617403975947e-08,2.3396119841915817e-08,5.419784365337343e-14,0.2378563742656724,5.47190539144924e-11,1.8375269553739815e-10,-2.266425929464561e-11,"{""D"": 5.47190539144924e-11, ""cp"": 1650.5658947128416, ""k"": 0.2378563742656724, ""rho"": 660.1254591747065}","{""D"": 3.295331953453207e-09, ""cp"": 2053.357660901477, ""k"": 0.2937996751252051, ""rho"": 686.2131892345504}","[[1.933957927930391e-15, 8.735027643980153e-07], [4.0437302129453636e-15, 1.8523451841834238e-08], [4.0437302129453636e-15, 6.592100337821094e-10]]",323.3150000000236,323.31500000003814,0.07910514980239478,0.28291554089492515,0.0,0.0
68820.0,bdf2,50.165,0.04986,3,2.988844070437874e-15,6.585987033513874e-10,2.262368070660159e-11,5.551115123125783e-17,4.329974614654892e-09,8.01492205937393e-10,3.5284824087174986e-09,2.33418031808459e-08,2.3341746804510854e-08,5.637633504570677e-14,0.23783419347474757,5.445203214032416e-11,1.8332565070134303e-10,-3.8200102312844123e-11,"{""D"": 5.445203214032416e-11, ""cp"": 1650.4061930181826, ""k"": 0.23783419347474757, ""rho"": 660.1167594887218}","{""D"": 3.2914520085943533e-09, ""cp"": 2053.009521983938, ""k"": 0.2937513224977692, ""rho"": 686.1863869574024}","[[7.032574283383213e-15, 8.714525884800928e-07], [2.5493081777264225e-14, 1.8478994862070053e-08], [2.988844070437874e-15, 6.585987033513874e-10]]",323.31500000002825,323.3150000000385,0.07903718350563857,0.28270614810470684,0.0,0.0
68880.0,bdf2,50.165,0.04986,3,5.8018737837911675e-15,6.579824463059936e-10,1.3346834748517722e-10,5.551115123125783e-17,-0.0,5.229594535194337e-10,-5.229594535194337e-10,2.328762921413495e-08,2.328757067510395e-08,5.853903099741822e-14,0.23781209023068556,5.4186819532348486e-11,1.829001523771171e-10,-2.0809774086449915e-11,"{""D"": 5.4186819532348486e-11, ""cp"": 1650.247049660936, ""k"": 0.23781209023068556, ""rho"": 660.1080913080166}","{""D"": 3.2875799959450894e-09, ""cp"": 2052.6620864385304, ""k"": 0.293703067560907, ""rho"": 686.1596475522016}","[[1.002141835382111e-14, 8.694094856820378e-07], [5.2744307125374254e-15, 1.8434605814077187e-08], [5.8018737837911675e-15, 6.579824463059936e-10]]",323.3150000000209,323.3150000000385,0.07896946334387994,0.2824972465015752,0.0,0.0
68940.0,bdf2,50.165,0.04986,3,2.936099763312491e-14,6.573617344907134e-10,8.026290743146092e-11,1.1102230246251565e-16,4.329190934043792e-09,4.135358722123783e-10,3.9156550618314135e-09,2.3233651184772035e-08,2.3233590498729307e-08,6.068604272790421e-14,0.23779006417352788,5.392340144451444e-11,1.8247619306204818e-10,-6.31423497233283e-11,"{""D"": 5.392340144451444e-11, ""cp"": 1650.0884620494007, ""k"": 0.23779006417352788, ""rho"": 660.0994544797967}","{""D"": 3.2837158944808374e-09, ""cp"": 2052.3153521897516, ""k"": 0.29365491002635435, ""rho"": 686.1329708021335}","[[2.8130297133532847e-15, 8.673734255837395e-07], [8.790717854229014e-15, 1.8390285558278485e-08], [2.936099763312491e-14, 6.573617344907134e-10]]",323.31500000001654,323.31500000003945,0.07890198812341163,0.28228883439166796,0.0,0.0
69000.0,bdf2,50.165,0.04986,3,1.1603747567582316e-14,6.567354993158858e-10,3.8835423765704036e-10,8.326672684688674e-17,-0.0,7.460698725481052e-10,-7.460698725481052e-10,2.317986814363263e-08,2.3179805326146007e-08,6.281748662478565e-14,0.23776811494535938,5.366176336474779e-11,1.8205376530667918e-10,-2.1966941136034305e-11,"{""D"": 5.366176336474779e-11, ""cp"": 1649.9304276065875, ""k"": 0.23776811494535938, ""rho"": 660.0908488521834}","{""D"": 3.2798596832347672e-09, ""cp"": 2051.9693171693984, ""k"": 0.2936068496068609, ""rho"": 686.1063564913136}","[[1.0197232710905674e-14, 8.653443781536652e-07], [1.2482819353005219e-14, 1.834603419181846e-08], [1.1603747567582316e-14, 6.567354993158858e-10]]",323.31500000002706,323.315000000039,0.07883475665768251,0.28208091008838726,0.0,0.0
69060.0,bdf2,50.165,0.04986,3,1.2307004995920577e-15,6.561044485486889e-10,3.8744474295526743e-10,5.551115123125783e-17,4.328412832752152e-09,4.547473508864641e-10,3.873665481865688e-09,2.3126279147257688e-08,2.3126214213790163e-08,6.493346752493339e-14,0.23774624219029186,5.34018909135016e-11,1.8163286169306156e-10,-2.1708493942684306e-12,"{""D"": 5.34018909135016e-11, ""cp"": 1649.7729437701016, ""k"": 0.23774624219029186, ""rho"": 660.0822742742064}","{""D"": 3.2760113412994696e-09, ""cp"": 2051.6239793165432, ""k"": 0.2935588860161865, ""rho"": 686.0798044047826}","[[1.1252118853413077e-14, 8.633223129717038e-07], [1.1427933210497689e-14, 1.830185213103075e-08], [1.2307004995920577e-15, 6.561044485486889e-10]]",323.3150000000182,323.3150000000406,0.0787677677672377,0.28187347191236467,0.0,0.0
69120.0,bdf2,50.165,0.04986,3,1.8284693136796322e-14,6.554684711668202e-10,3.8698999560438097e-10,1.1102230246251565e-16,-0.0,7.432277016050648e-10,-7.432277016050648e-10,2.3072883257854296e-08,2.3072816223756285e-08,6.70340980109375e-14,0.2377244455544594,5.3143769842823174e-11,1.8121347486010306e-10,2.2649828241629885e-12,"{""D"": 5.3143769842823174e-11, ""cp"": 1649.6160079921078, ""k"": 0.2377244455544594, ""rho"": 660.073730595801}","{""D"": 3.272170847823902e-09, ""cp"": 2051.279336577498, ""k"": 0.2935110189690969, ""rho"": 686.053314328502}","[[5.4502450696219785e-15, 8.613072003949007e-07], [4.92280199836824e-15, 1.825773879304826e-08], [1.8284693136796322e-14, 6.554684711668202e-10]]",323.3150000000272,323.31500000003996,0.07870102027969536,0.28166651819142174,0.0,0.0
69180.0,bdf2,50.165,0.04986,3,1.1252118853413101e-14,6.548282333040945e-10,4.938556230627e-10,5.551115123125783e-17,4.327640258441919e-09,4.447997525858227e-10,3.882840505856097e-09,2.3019679543213423e-08,2.3019610423731582e-08,6.911948184102531e-14,0.23770272468599446,5.288738603455331e-11,1.8079559748391143e-10,3.129351096779772e-11,"{""D"": 5.288738603455331e-11, ""cp"": 1649.4596177391602, ""k"": 0.23770272468599446, ""rho"": 660.065217667797}","{""D"": 3.2683381820163773e-09, ""cp"": 2050.9353869058054, ""k"": 0.2934632481813618, ""rho"": 686.0268860493495}","[[4.043730212945336e-15, 8.5929901072479e-07], [4.746987641283657e-15, 1.8213694635837996e-08], [1.1252118853413101e-14, 6.548282333040945e-10]]",323.3150000000178,323.3150000000405,0.07863451302966448,0.2814600472605432,0.0,0.0
69240.0,bdf2,50.165,0.04986,3,7.735831711721498e-15,6.541828051487286e-10,5.911715561524034e-11,5.551115123125783e-17,-0.0,5.783817869087216e-10,-5.783817869087216e-10,2.296666707671886e-08,2.296659588698241e-08,7.118973645168274e-14,0.23768107923502532,5.263272549951527e-11,1.803792222860599e-10,4.2289625494767653e-11,"{""D"": 5.263272549951527e-11, ""cp"": 1649.3037704921824, ""k"": 0.23768107923502532, ""rho"": 660.0567353419171}","{""D"": 3.264513323142567e-09, ""cp"": 2050.592128262202, ""k"": 0.2934155733697503, ""rho"": 686.0005193551152}","[[2.2855866420995347e-15, 8.572977140963722e-07], [3.1646584275224335e-15, 1.8169719964711284e-08], [7.735831711721498e-15, 6.541828051487286e-10]]",323.3150000000216,323.3150000000409,0.07856824485872801,0.28125405746183724,0.0,0.0
69300.0,bdf2,50.165,0.04986,3,4.571173284199066e-15,6.535326446677203e-10,3.283275873400271e-10,8.326672684688674e-17,-0.0,3.709033080667723e-10,-3.709033080667723e-10,2.291384493726041e-08,2.291377169229939e-08,7.324496102186524e-14,0.2376595088536566,5.237977437584557e-11,1.7996434202971745e-10,-2.3026252467526552e-11,"{""D"": 5.237977437584557e-11, ""cp"": 1649.1484637463277, ""k"": 0.2376595088536566, ""rho"": 660.048283470768}","{""D"": 3.2606962505260457e-09, ""cp"": 2050.2495586146, ""k"": 0.29336799425202775, ""rho"": 685.9742140344965}","[[1.2834448067174297e-14, 8.553032811997596e-07], [3.692101498776168e-15, 1.81258148074237e-08], [4.571173284199066e-15, 6.535326446677203e-10]]",323.31500000001483,323.315000000041,0.07850221461537424,0.2810485471445041,0.0,0.0
69360.0,bdf2,50.165,0.04986,3,2.2328423349741632e-14,6.528774465497378e-10,4.5201886678114533e-10,5.551115123125783e-17,-4.326491647022407e-09,6.23856521997368e-10,-4.950348169019775e-09,2.286121220923667e-08,2.286113692396703e-08,7.528526963963161e-14,0.23763801319595973,5.2128518928029235e-11,1.795509495267063e-10,7.739070267858588e-11,"{""D"": 5.2128518928029235e-11, ""cp"": 1648.99369501091, ""k"": 0.23763801319595973, ""rho"": 660.0398619078347}","{""D"": 3.2568869435481345e-09, ""cp"": 2049.907675938056, ""k"": 0.29332051054695224, ""rho"": 685.9479698770944}","[[1.142793321049768e-14, 8.533156827250643e-07], [3.516287141691592e-15, 1.8081979302753126e-08], [2.2328423349741632e-14, 6.528774465497378e-10]]",323.31500000002234,323.3150000000404,0.07843642115495879,0.2808435146647995,0.0,0.0
69420.0,bdf2,50.165,0.04986,3,2.46140099918412e-15,6.522181406065641e-10,3.326476871734485e-10,8.326672684688674e-17,-4.3261114843460405e-09,4.689582056016661e-10,-4.795069689947707e-09,2.2808767982482195e-08,2.2808690671722885e-08,7.731075931010665e-14,0.237616591917959,5.187894554538277e-11,1.7913903762435344e-10,-2.8729129777800808e-11,"{""D"": 5.187894554538277e-11, ""cp"": 1648.839461809305, ""k"": 0.237616591917959, ""rho"": 660.0314705074757}","{""D"": 3.2530853816477315e-09, ""cp"": 2049.5664782147487, ""k"": 0.2932731219742707, ""rho"": 685.9217866734082}","[[6.505131212129465e-15, 8.513348894734207e-07], [1.6350735208865952e-14, 1.803821370049974e-08], [2.46140099918412e-15, 6.522181406065641e-10]]",323.3150000000187,323.31500000003996,0.07837086333965361,0.2806389583860011,0.0,0.0
69480.0,bdf2,50.165,0.04986,3,2.1800980278487974e-14,6.51554102337748e-10,1.5234036254696548e-10,5.551115123125783e-17,4.325732665027261e-09,5.115907697472721e-10,3.814141895279989e-09,2.2756511352261143e-08,2.2756432030720162e-08,7.932154098137155e-14,0.2375952446776193,5.163104074105923e-11,1.78728599217306e-10,-1.993738971412978e-11,"{""D"": 5.163104074105923e-11, ""cp"": 1648.685761678859, ""k"": 0.2375952446776193, ""rho"": 660.0231091249152}","{""D"": 3.249291544321373e-09, ""cp"": 2049.2259634339584, ""k"": 0.29322582825471644, ""rho"": 685.8956642148324}","[[1.2482819353005208e-14, 8.493608722459633e-07], [3.8679158558607694e-15, 1.799451768147442e-08], [2.1800980278487974e-14, 6.51554102337748e-10]]",323.31500000002046,323.3150000000392,0.0783055400384002,0.2804348766783783,0.0,0.0
69540.0,bdf2,50.165,0.04986,3,9.84560399673653e-15,6.508850819431089e-10,2.255546860396862e-10,1.1102230246251565e-16,4.325355182794749e-09,5.485389920067973e-10,3.7768161907879515e-09,2.2704441419207194e-08,2.2704360101486774e-08,8.131772042004817e-14,0.23757397113483195,5.138479115062963e-11,1.783196272461722e-10,-5.6610155764356215e-12,"{""D"": 5.138479115062963e-11, ""cp"": 1648.5325921707902, ""k"": 0.23757397113483195, ""rho"": 660.0147776162379}","{""D"": 3.2455054111231263e-09, ""cp"": 2048.886129592041, ""k"": 0.2931786291100057, ""rho"": 685.8696022936522}","[[4.922801998368265e-15, 8.473936022879158e-07], [1.160374756758234e-14, 1.7950891606499653e-08], [9.84560399673653e-15, 6.508850819431089e-10]]",323.31500000002194,323.31500000003837,0.07824045012685847,0.2802312679191577,0.0,0.0
69600.0,bdf2,50.165,0.04986,3,8.087460425890699e-15,6.5021156514522e-10,9.777068044058979e-11,5.551115123125783e-17,-0.0,5.88329385209363e-10,-5.88329385209363e-10,2.2652557289297676e-08,2.2652473989901222e-08,8.329939645436736e-14,0.23755277095140778,5.1140183531010306e-11,1.7791211467403112e-10,-3.925802059492076e-11,"{""D"": 5.1140183531010306e-11, ""cp"": 1648.379950850136, ""k"": 0.23755277095140778, ""rho"": 660.0064758383842}","{""D"": 3.241726961664352e-09, ""cp"": 2048.546974692399, ""k"": 0.29313152426283323, ""rho"": 685.8436007030384}","[[8.26327478297528e-15, 8.454330506779684e-07], [1.1603747567582305e-14, 1.7907335864153495e-08], [8.087460425890699e-15, 6.5021156514522e-10]]",323.31500000002353,323.3150000000392,0.07817559248737653,0.28002813049248765,0.0,0.0
69660.0,bdf2,50.165,0.04986,3,6.680945569214061e-15,6.495333021439009e-10,2.298747858731076e-10,5.551115123125783e-17,-0.0,7.915446076367516e-10,-7.915446076367516e-10,2.2600858073813455e-08,2.260077280713827e-08,8.526667518513195e-14,0.2375316437910576,5.0897204759174115e-11,1.775060545373739e-10,6.336512232230442e-11,"{""D"": 5.0897204759174115e-11, ""cp"": 1648.2278352956148, ""k"": 0.2375316437910576, ""rho"": 659.9982036491422}","{""D"": 3.2379561756133237e-09, ""cp"": 2048.2084967454516, ""k"": 0.29308451343686825, ""rho"": 685.8176592370432}","[[1.582329213761225e-14, 8.434791890499227e-07], [1.933957927930386e-14, 1.786385031565807e-08], [6.680945569214061e-15, 6.495333021439009e-10]]",323.315000000029,323.315000000039,0.07811096600892284,0.2798254627894003,0.0,0.0
69720.0,bdf2,50.165,0.04986,3,1.1955376281751427e-14,6.488506260060589e-10,2.1145751816220582e-10,5.551115123125783e-17,-0.0,7.332801033044234e-10,-7.332801033044234e-10,2.2549342889295016e-08,2.2549255669641587e-08,8.721965342886953e-14,0.23751058931938365,5.065584183095113e-11,1.771014398846667e-10,-7.03822344628454e-12,"{""D"": 5.065584183095113e-11, ""cp"": 1648.0762430995624, ""k"": 0.23751058931938365, ""rho"": 659.9899609071426}","{""D"": 3.2341930326958954e-09, ""cp"": 2047.8706937686275, ""k"": 0.2930375963567538, ""rho"": 685.7917776905973}","[[3.692101498776177e-15, 8.415319886490025e-07], [9.142346568398156e-15, 1.7820435557758252e-08], [1.1955376281751427e-14, 6.488506260060589e-10]]",323.31500000002717,323.31500000004036,0.07804656958705199,0.27962326320779135,0.0,0.0
69780.0,bdf2,50.165,0.04986,3,8.966532211313562e-15,6.481636477539965e-10,2.423803380224854e-10,5.551115123125783e-17,-0.0,5.570655048359185e-10,-5.570655048359185e-10,2.2498010857528722e-08,2.2497921699092646e-08,8.915843607539051e-14,0.23748960720386972,5.041608185996434e-11,1.7669826382043778e-10,8.390393926014737e-12,"{""D"": 5.041608185996434e-11, ""cp"": 1647.925171867862, ""k"": 0.23748960720386972, ""rho"": 659.9817474718549}","{""D"": 3.2304375126946717e-09, ""cp"": 2047.5335637863209, ""k"": 0.29299077274810015, ""rho"": 685.765955859504}","[[1.3361891138428049e-14, 8.395914211090094e-07], [1.7933064422627124e-14, 1.7777090730031198e-08], [8.966532211313562e-15, 6.481636477539965e-10]]",323.3150000000223,323.31500000004064,0.07798240212386581,0.27942153015237436,0.0,0.0
69840.0,bdf2,50.165,0.04986,3,2.373493820641812e-14,6.474716318649598e-10,6.989466783124954e-10,5.551115123125783e-17,-4.323487610879366e-09,5.755396159656812e-10,-4.899027226845047e-09,2.244686110549042e-08,2.2446770022365593e-08,9.108312482820557e-14,0.23746869711386515,5.017791207639221e-11,1.7629651949446142e-10,5.684970641198931e-11,"{""D"": 5.017791207639221e-11, ""cp"": 1647.7746192198292, ""k"": 0.23746869711386515, ""rho"": 659.9735632035785}","{""D"": 3.226689595449564e-09, ""cp"": 2047.1971048298856, ""k"": 0.29294404233748406, ""rho"": 685.7401935404363}","[[5.0986163554527784e-15, 8.376574583968122e-07], [1.6174920851781252e-14, 1.7733817248011263e-08], [2.373493820641812e-14, 6.474716318649598e-10]]",323.31500000002245,323.31500000004246,0.07791846252795699,0.27922026203465844,0.0,0.0
69900.0,bdf2,50.165,0.04986,3,1.1076304496328444e-14,6.467758967287907e-10,1.864464138634503e-10,1.1102230246251565e-16,-0.0,6.139089236967266e-10,-6.139089236967266e-10,2.2395892765307846e-08,2.2395799771493086e-08,9.299381476014558e-14,0.23744785872057367,4.994131982577691e-11,1.75896200077034e-10,-2.339257956414714e-11,"{""D"": 4.994131982577691e-11, ""cp"": 1647.6245827881303, ""k"": 0.23744785872057367, ""rho"": 659.9654079634389}","{""D"": 3.222949260856612e-09, ""cp"": 2046.8613149375942, ""k"": 0.29289740485244364, ""rho"": 685.7144905309322}","[[3.5162871416915737e-15, 8.357300722017236e-07], [1.0021418353820997e-14, 1.769061377943082e-08], [1.1076304496328444e-14, 6.467758967287907e-10]]",323.31500000002455,323.3150000000428,0.07785474971436636,0.2790194572729079,0.0,0.0
69960.0,bdf2,50.165,0.04986,3,4.7469876412836154e-15,6.460752211001619e-10,4.718003765447065e-10,5.551115123125783e-17,4.322749726120433e-09,6.30961949354969e-10,3.691787776765464e-09,2.2345104974244414e-08,2.234501008363553e-08,9.489060888497532e-14,0.23742709169704326,4.970629256795374e-11,1.7549729880229102e-10,-7.799273806338492e-11,"{""D"": 4.970629256795374e-11, ""cp"": 1647.4750602187114, ""k"": 0.23742709169704326, ""rho"": 659.9572816133817}","{""D"": 3.219216488869538e-09, ""cp"": 2046.526192154622, ""k"": 0.29285086002147526, ""rho"": 685.6888466293905}","[[1.05488614250747e-15, 8.338092348236792e-07], [6.1535024979602414e-15, 1.7647481725946434e-08], [4.7469876412836154e-15, 6.460752211001619e-10]]",323.31500000002524,323.315000000043,0.07779126260454441,0.27881911429211265,0.0,0.0
70020.0,bdf2,50.165,0.04986,3,3.164658427522409e-15,6.453702017239493e-10,3.121840563835576e-10,5.551115123125783e-17,-0.0,5.172751116333529e-10,-5.172751116333529e-10,2.229449687464063e-08,2.229440010103728e-08,9.677360335086046e-14,0.23740639571815092,4.9472817875868013e-11,1.7509980893220279e-10,-1.5632068585520456e-11,"{""D"": 4.9472817875868013e-11, ""cp"": 1647.3260491706867, ""k"": 0.23740639571815092, ""rho"": 659.949184016166}","{""D"": 3.2154912594979595e-09, ""cp"": 2046.191734533023, ""k"": 0.2928044075740309, ""rho"": 685.6632616350666}","[[5.2744307125373465e-15, 8.318949181740365e-07], [1.1252118853413011e-14, 1.7604420546324384e-08], [3.164658427522409e-15, 6.453702017239493e-10]]",323.3150000000207,323.31500000004314,0.0777280001262966,0.2786192315239581,0.0,0.0
70080.0,bdf2,50.165,0.04986,3,3.041588377563209e-14,6.446605194110333e-10,2.2782842279411852e-10,8.326672684688674e-17,-0.0,1.021760454023024e-09,-1.021760454023024e-09,2.2244067613906685e-08,2.2243968971007386e-08,9.864289929882885e-14,0.2373857704605973,4.9240883434600586e-11,1.7470372376098257e-10,7.041004806313176e-11,"{""D"": 4.9240883434600586e-11, ""cp"": 1647.1775473163007, ""k"": 0.2373857704605973, ""rho"": 659.9411150353612}","{""D"": 3.2117735528083136e-09, ""cp"": 2045.8579401316974, ""k"": 0.2927580472405135, ""rho"": 685.6377353480688}","[[3.692101498776148e-15, 8.299870946637533e-07], [1.5120034709273747e-14, 1.756143049036485e-08], [3.041588377563209e-14, 6.446605194110333e-10]]",323.3150000000341,323.3150000000427,0.07766496121375924,0.27841980740678707,0.0,0.0
70140.0,bdf2,50.165,0.04986,3,2.63721535626867e-15,6.43947173362136e-10,4.192770575173199e-10,5.551115123125783e-17,-0.0,7.929656931082718e-10,-7.929656931082718e-10,2.219381634444426e-08,2.219371584586063e-08,1.0049858363247567e-13,0.237365215602885,4.901047703993575e-11,1.7430903663817905e-10,3.059592920227106e-13,"{""D"": 4.901047703993575e-11, ""cp"": 1647.0295523407722, ""k"": 0.237365215602885, ""rho"": 659.9330745353377}","{""D"": 3.208063348923747e-09, ""cp"": 2045.5248070163802, ""k"": 0.29271177875227505, ""rho"": 685.6122675693537}","[[2.285586642099514e-15, 8.280857367592986e-07], [2.9888440704378244e-15, 1.7518511460923314e-08], [2.63721535626867e-15, 6.43947173362136e-10]]",323.3150000000317,323.31500000004365,0.07760214480732579,0.2782208403855758,0.0,0.0
70200.0,bdf2,50.165,0.04986,3,1.0373047067990053e-14,6.432289978430816e-10,1.9122126104775816e-10,5.551115123125783e-17,4.321289367086688e-09,8.65441052155802e-10,3.4558483149308856e-09,2.2143742223669906e-08,2.2143639882908783e-08,1.0234076112249728e-13,0.23734473082531768,4.8781586597713986e-11,1.7391574094562874e-10,2.395225181509159e-13,"{""D"": 4.8781586597713986e-11, ""cp"": 1646.8820619422875, ""k"": 0.23734473082531768, ""rho"": 659.9250623812654}","{""D"": 3.204360628023418e-09, ""cp"": 2045.1923332596084, ""k"": 0.2926656018416123, ""rho"": 685.5868581007228}","[[5.9776881408756276e-15, 8.261908170936749e-07], [1.0021418353820908e-14, 1.747566402698908e-08], [1.0373047067990053e-14, 6.432289978430816e-10]]",323.31500000003285,323.3150000000452,0.07753954985363598,0.2780223289118972,0.0,0.0
70260.0,bdf2,50.165,0.04986,3,2.4614009991840736e-15,6.42506797765563e-10,2.2896529117133468e-10,1.1102230246251565e-16,-0.0,8.029132914089132e-10,-8.029132914089132e-10,2.2093844413934174e-08,2.2093740244408587e-08,1.0416952558771877e-13,0.23732431580998103,4.855420012238816e-11,1.7352383010016386e-10,6.400532574055179e-11,"{""D"": 4.855420012238816e-11, ""cp"": 1646.7350738318635, ""k"": 0.23732431580998103, ""rho"": 659.9170784391054}","{""D"": 3.200665370342604e-09, ""cp"": 2044.8605169406953, ""k"": 0.29261951624176324, ""rho"": 685.5615067448177}","[[1.0900490139243755e-14, 8.243023081888623e-07], [2.6372153562686496e-15, 1.7432887827739663e-08], [2.4614009991840736e-15, 6.42506797765563e-10]]",323.3150000000298,323.3150000000461,0.07747717530551074,0.2778242714438885,0.0,0.0
70320.0,bdf2,50.165,0.04986,3,1.1779561924666595e-14,6.41780142918158e-10,1.405169314239174e-10,8.326672684688674e-17,-0.0,7.560174708487466e-10,-7.560174708487466e-10,2.2044122082507297e-08,2.204401609753882e-08,1.0598496847791994e-13,0.23730397024073596,4.832830573615346e-11,1.7313329756511233e-10,1.3866778675474631e-11,"{""D"": 4.832830573615346e-11, ""cp"": 1646.588585733299, ""k"": 0.23730397024073596, ""rho"": 659.9091225756063}","{""D"": 3.196977556172841e-09, ""cp"": 2044.529356145711, ""k"": 0.2925735216869043, ""rho"": 685.5362133051165}","[[5.626059426706433e-15, 8.224201830664413e-07], [1.2482819353004899e-14, 1.7390183487675515e-08], [1.1779561924666595e-14, 6.41780142918158e-10]]",323.3150000000281,323.3150000000473,0.07741502012192353,0.277626666446222,0.0,0.0
70380.0,bdf2,50.165,0.04986,3,1.0197232710905416e-14,6.410493386121985e-10,1.5506884665228426e-10,5.551115123125783e-17,-4.320207395974321e-09,6.437517185986508e-10,-4.963959114572972e-09,2.199457440154387e-08,2.1994466614357733e-08,1.0778718613648109e-13,0.23728369380320352,4.8103891667788916e-11,1.7274413683377394e-10,4.537089203145161e-11,"{""D"": 4.8103891667788916e-11, ""cp"": 1646.4425953830655, ""k"": 0.23728369380320352, ""rho"": 659.9011946582972}","{""D"": 3.1932971658615303e-09, ""cp"": 2044.1988489674616, ""k"": 0.29252761791214743, ""rho"": 685.5109775859298}","[[1.933957927930339e-15, 8.205444147479923e-07], [6.856759926298462e-15, 1.7347550507196274e-08], [1.0197232710905416e-14, 6.410493386121985e-10]]",323.31500000002234,323.31500000004706,0.07735308326794717,0.2774295123900764,0.0,0.0
70440.0,bdf2,50.165,0.04986,3,1.2307004995920307e-15,6.403144403588357e-10,1.3028511602897197e-10,1.1102230246251565e-16,4.3198492408624426e-09,7.275957614183426e-10,3.5922534794441e-09,2.194520054804731e-08,2.1945090971781023e-08,1.0957626628756055e-13,0.2372634861847584,4.7880946251702314e-11,1.723563414466516e-10,-1.1379358510248257e-11,"{""D"": 4.7880946251702314e-11, ""cp"": 1646.2971005302606, ""k"": 0.2372634861847584, ""rho"": 659.893294555485}","{""D"": 3.1896241798124575e-09, ""cp"": 2043.8689935054517, ""k"": 0.29248180465353496, ""rho"": 685.4857993923964}","[[2.2855866420994858e-15, 8.186749760330514e-07], [2.232842334974113e-14, 1.7304989816113725e-08], [1.2307004995920307e-15, 6.403144403588357e-10]]",323.3150000000291,323.3150000000477,0.07729136371472628,0.27723280775309717,0.0,0.0
70500.0,bdf2,50.165,0.04986,3,5.2744307125372834e-15,6.395753510135549e-10,1.9417711882852018e-10,5.551115123125783e-17,-4.3194923271286474e-09,6.764366844436154e-10,-4.995929011572263e-09,2.1895999703837878e-08,2.1895888351527468e-08,1.1135231040967587e-13,0.23724334707450884,4.765945792673115e-11,1.7196990496770177e-10,4.582926763637171e-13,"{""D"": 4.765945792673115e-11, ""cp"": 1646.1520989364637, ""k"": 0.23724334707450884, ""rho"": 659.8854221362444}","{""D"": 3.1859585784844967e-09, ""cp"": 2043.5397878658769, ""k"": 0.29243608164803847, ""rho"": 685.4606785304801}","[[7.208388640467613e-15, 8.168118403872882e-07], [3.867915855860675e-15, 1.7262500526249447e-08], [5.2744307125372834e-15, 6.395753510135549e-10]]",323.315000000027,323.3150000000471,0.07722986043940934,0.27703655101937547,0.0,0.0
70560.0,bdf2,50.165,0.04986,3,5.098616355452708e-15,6.388319317984781e-10,4.156390787102282e-10,1.1102230246251565e-16,-0.0,8.355982572538778e-10,-8.355982572538778e-10,2.18469710555164e-08,2.1846857940111675e-08,1.1311540472482536e-13,0.23722327616329614,4.7439415235322704e-11,1.7158482101982137e-10,-1.947146824499688e-11,"{""D"": 4.7439415235322704e-11, ""cp"": 1646.0075883757322, ""k"": 0.23722327616329614, ""rho"": 659.8775772704179}","{""D"": 3.1823003423929458e-09, ""cp"": 2043.211230161588, ""k"": 0.2923904486335539, ""rho"": 685.4356148069645}","[[1.3537705495512364e-14, 8.1495498116535e-07], [5.801873783791013e-15, 1.722008338700398e-08], [5.098616355452708e-15, 6.388319317984781e-10]]",323.3150000000291,323.31500000004706,0.0771685724251396,0.27684074067941006,0.0,0.0
70620.0,bdf2,50.165,0.04986,3,2.285586642099499e-15,6.380846129250273e-10,3.6220626498106867e-10,1.1102230246251565e-16,-4.318782201014766e-09,4.760636329592671e-10,-4.794845833974033e-09,2.179811379443388e-08,2.1797998928794947e-08,1.1486563893247467e-13,0.2372032731436769,4.7220806822321256e-11,1.7120108324344784e-10,-3.009516060914195e-11,"{""D"": 4.7220806822321256e-11, ""cp"": 1645.8635666344735, ""k"": 0.2372032731436769, ""rho"": 659.8697598286072}","{""D"": 3.17864945210797e-09, ""cp"": 2042.8833185120716, ""k"": 0.2923449053488988, ""rho"": 685.4106080294503}","[[6.15350249796019e-15, 8.131043717218844e-07], [9.142346568397995e-15, 1.7177738634299722e-08], [2.285586642099499e-15, 6.380846129250273e-10]]",323.315000000019,323.3150000000458,0.07710749866099369,0.27664537523007987,0.0,0.0
70680.0,bdf2,50.165,0.04986,3,1.424096292385075e-14,6.373332556153244e-10,2.4510882212780416e-10,5.551115123125783e-17,4.318428977323084e-09,4.774847184307873e-10,3.8409442588922965e-09,2.174942711666701e-08,2.1749310513561414e-08,1.1660310559744305e-13,0.23718333770991534,4.700362143418903e-11,1.7081868532375812e-10,-2.0617820209004576e-11,"{""D"": 4.700362143418903e-11, ""cp"": 1645.7200315113905, ""k"": 0.23718333770991534, ""rho"": 659.8619696821698}","{""D"": 3.1750058882557857e-09, ""cp"": 2042.5560510434289, ""k"": 0.29229945153380954, ""rho"": 685.3856580063506}","[[1.599910649469652e-14, 8.112599857446057e-07], [8.4390891400597e-15, 1.7135465907314185e-08], [1.424096292385075e-14, 6.373332556153244e-10]]",323.3150000000191,323.3150000000452,0.07704663814195177,0.2764504531746143,0.0,0.0
70740.0,bdf2,50.165,0.04986,3,8.966532211313475e-15,6.36577457413523e-10,3.0877345125190914e-10,5.551115123125783e-17,-0.0,7.702283255639486e-10,-7.702283255639486e-10,2.17009102229778e-08,2.1700791895081126e-08,1.1832789667574485e-13,0.23716346955797074,4.6787847917812284e-11,1.7043762098016984e-10,5.30572293074299e-11,"{""D"": 4.6787847917812284e-11, ""cp"": 1645.5769808173893, ""k"": 0.23716346955797074, ""rho"": 659.854206703213}","{""D"": 3.1713696315174986e-09, ""cp"": 2042.2294258883412, ""k"": 0.2922540869289363, ""rho"": 685.3607645468873}","[[1.125211885341299e-14, 8.094217969212281e-07], [1.1603747567582147e-14, 1.7093265608503216e-08], [8.966532211313475e-15, 6.36577457413523e-10]]",323.31500000002984,323.31500000004377,0.07698598986885141,0.2762559730225566,0.0,0.0
70800.0,bdf2,50.165,0.04986,3,1.0900490139243824e-14,6.358178428200745e-10,2.2282620193436742e-10,1.1102230246251565e-16,-4.317726180625268e-09,8.782308213994838e-10,-5.195957002024752e-09,2.165256231876786e-08,2.1652442278673177e-08,1.2004009468360925e-13,0.2371436683854843,4.6573475219533925e-11,1.7005788398391762e-10,-1.2866061941839173e-11,"{""D"": 4.6573475219533925e-11, ""cp"": 1645.4344123754872, ""k"": 0.2371436683854843, ""rho"": 659.8464707645877}","{""D"": 3.167740662630034e-09, ""cp"": 2041.9034411860614, ""k"": 0.29220881127584186, ""rho"": 685.3359274610871}","[[1.8812136208049828e-14, 8.075897792170217e-07], [5.62605942670649e-15, 1.7051137501944424e-08], [1.0900490139243824e-14, 6.358178428200745e-10]]",323.315000000035,323.315000000044,0.07692555284834147,0.27606193328974316,0.0,0.0
70860.0,bdf2,50.165,0.04986,3,1.52958490663582e-14,6.350542453015251e-10,1.0959411156363785e-10,5.551115123125783e-17,-0.0,7.602807272633072e-10,-7.602807272633072e-10,2.1604382614071304e-08,2.1604260874278036e-08,1.2173979326780775e-13,0.2371239338917703,4.6360492384256066e-11,1.6967946811739692e-10,1.33581102206949e-11,"{""D"": 4.6360492384256066e-11, ""cp"": 1645.2923240207463, ""k"": 0.2371239338917703, ""rho"": 659.8387617398845}","{""D"": 3.16411896238494e-09, ""cp"": 2041.5780950823817, ""k"": 0.29216362431699744, ""rho"": 685.3111465597782}","[[5.09861635545273e-15, 8.057639064862343e-07], [8.26327478297512e-15, 1.7009082170504897e-08], [1.52958490663582e-14, 6.350542453015251e-10]]",323.31500000002836,323.3150000000455,0.07686532609284755,0.2758683324982675,0.0,0.0
70920.0,bdf2,50.165,0.04986,3,2.1097722850149276e-15,6.342868869024798e-10,1.6689227777533233e-10,8.326672684688674e-17,-0.0,9.947598300641403e-10,-9.947598300641403e-10,2.1556370323521372e-08,2.1556246896443943e-08,1.234270774294201e-13,0.23710426577781243,4.614888855456738e-11,1.6930236721881086e-10,6.781127956809434e-11,"{""D"": 4.614888855456738e-11, ""cp"": 1645.1507136002497, ""k"": 0.23710426577781243, ""rho"": 659.831079503431}","{""D"": 3.1605045116286694e-09, ""cp"": 2041.253385729612, ""k"": 0.29211852579577946, ""rho"": 685.2864216545859}","[[1.4065148566766181e-14, 8.039441529161806e-07], [2.2680052063910463e-14, 1.6967099170095423e-08], [2.1097722850149276e-15, 6.342868869024798e-10]]",323.3150000000342,323.31500000004496,0.07680530862055493,0.27567516917645224,0.0,0.0
70980.0,bdf2,50.165,0.04986,3,2.0218651064726348e-14,6.335157259895752e-10,1.170974428532645e-10,1.1102230246251565e-16,-0.0,6.693312570860144e-10,-6.693312570860144e-10,2.1508524666292866e-08,2.1508399564261024e-08,1.2510203184196254e-13,0.23708466374623927,4.593865296949219e-11,1.689265751476776e-10,-3.057863729365077e-11,"{""D"": 4.593865296949219e-11, ""cp"": 1645.0095789729228, ""k"": 0.23708466374623927, ""rho"": 659.8234239302818}","{""D"": 3.15689729126314e-09, ""cp"": 2040.929311286549, ""k"": 0.29207351545646515, ""rho"": 685.2617525579282}","[[4.219544570029842e-15, 8.021304926941752e-07], [1.652654956595021e-14, 1.6925189236238758e-08], [2.0218651064726348e-14, 6.335157259895752e-10]]",323.31500000002677,323.31500000004564,0.07674549945532629,0.2754824418588138,0.0,0.0
71040.0,bdf2,50.165,0.04986,3,1.4768405995104474e-14,6.327403323513892e-10,5.304627848090604e-10,5.551115123125783e-17,-0.0,7.290168468898628e-10,-7.290168468898628e-10,2.146084486610675e-08,2.146071810135822e-08,1.2676474852762383e-13,0.23706512750132502,4.572977496389819e-11,1.6855208581452468e-10,8.898041521470284e-12,"{""D"": 4.572977496389819e-11, ""cp"": 1644.8689180095403, ""k"": 0.23706512750132502, ""rho"": 659.8157948962173}","{""D"": 3.1532972822444484e-09, ""cp"": 2040.6058699184664, ""k"": 0.2920285930442314, ""rho"": 685.2371390830135}","[[2.285586642099502e-15, 8.003229002850887e-07], [7.208388640467662e-15, 1.688335218852366e-08], [1.4768405995104474e-14, 6.327403323513892e-10]]",323.31500000002916,323.31500000004536,0.07668589762669778,0.27529014908604266,0.0,0.0
71100.0,bdf2,50.165,0.04986,3,3.305309913190043e-14,6.319605672100437e-10,2.8967406251467764e-10,8.326672684688674e-17,-0.0,7.887024366937112e-10,-7.887024366937112e-10,2.1413330151171387e-08,2.1413201735858843e-08,1.2841531254373202e-13,0.23704565674897343,4.552224396728551e-11,1.6817889315485683e-10,3.263189940841232e-11,"{""D"": 4.552224396728551e-11, ""cp"": 1644.7287285926086, ""k"": 0.23704565674897343, ""rho"": 659.8081922777374}","{""D"": 3.149704465583988e-09, ""cp"": 2040.2830597970797, ""k"": 0.29198375830514994, ""rho"": 685.2125810438356}","[[1.0724675782159164e-14, 7.985213499872579e-07], [4.026148777236808e-14, 1.6841588526550488e-08], [3.305309913190043e-14, 6.319605672100437e-10]]",323.31500000002677,323.3150000000459,0.07662650216982356,0.27509828940496533,0.0,0.0
71160.0,bdf2,50.165,0.04986,3,1.3889334209681592e-14,6.311780403889244e-10,2.5988811103161424e-10,5.551115123125783e-17,4.3156465982526275e-09,6.508571459562518e-10,3.6647894522963757e-09,2.1365979754163776e-08,2.1365849700362326e-08,1.3005380145005005e-13,0.23702625119671253,4.531604950301989e-11,1.6780699113989993e-10,-2.8834843710426382e-11,"{""D"": 4.531604950301989e-11, ""cp"": 1644.5890086163301, ""k"": 0.23702625119671253, ""rho"": 659.800615952058}","{""D"": 3.146118822347119e-09, ""cp"": 2039.9608791005298, ""k"": 0.2919390109861847, ""rho"": 685.1880782551705}","[[5.626059426706465e-15, 7.967258166541313e-07], [1.3010262424258705e-14, 1.67998967098848e-08], [1.3889334209681592e-14, 6.311780403889244e-10]]",323.31500000002603,323.3150000000453,0.07656731212545291,0.27490686136851944,0.0,0.0
71220.0,bdf2,50.165,0.04986,3,1.8812136208049743e-14,6.303908645088896e-10,4.37012204201892e-10,8.326672684688674e-17,-0.0,5.982769835100044e-10,-5.982769835100044e-10,2.1318792912200102e-08,2.1318661231891487e-08,1.3168030861541674e-13,0.23700691055367498,4.51111811873391e-11,1.6743637377448751e-10,1.2588825084536292e-12,"{""D"": 4.51111811873391e-11, ""cp"": 1644.4497559864599, ""k"": 0.23700691055367498, ""rho"": 659.7930657971026}","{""D"": 3.14254033365414e-09, ""cp"": 2039.6393260133596, ""k"": 0.2918943508351888, ""rho"": 685.1636305325727}","[[2.813029713353232e-15, 7.949362747505795e-07], [1.7405621351373122e-14, 1.6758278986728214e-08], [1.8812136208049743e-14, 6.303908645088896e-10]]",323.3150000000237,323.3150000000455,0.07650832653986436,0.2747158635357244,0.0,0.0
71280.0,bdf2,50.165,0.04986,3,1.7757250065542308e-14,6.296006632711126e-10,3.4583536034915596e-10,1.1102230246251565e-16,4.314962861599463e-09,7.418066161335446e-10,3.573156245465919e-09,2.1271768866802692e-08,2.1271635571890523e-08,1.3329491216869532e-13,0.23698763453059946,4.490762872852632e-11,1.6706703510148645e-10,1.2979410065044664e-11,"{""D"": 4.490762872852632e-11, ""cp"": 1644.310968620316, ""k"": 0.23698763453059946, ""rho"": 659.7855416915024}","{""D"": 3.1389689806793225e-09, ""cp"": 2039.3183987264824, ""k"": 0.29184977760090036, ""rho"": 685.139237692371}","[[1.0373047067990063e-14, 7.931526992965843e-07], [2.6196339205602015e-14, 1.671673362235726e-08], [1.7757250065542308e-14, 6.296006632711126e-10]]",323.31500000002666,323.31500000004496,0.07644954446486316,0.2745252944716486,0.0,0.0
71340.0,bdf2,50.165,0.04986,3,4.571173284199009e-15,6.288061182857518e-10,1.2164491636212915e-10,1.1102230246251565e-16,-4.314622742431177e-09,9.094947017729282e-10,-5.2241174442041055e-09,2.1224906863872342e-08,2.122477196617517e-08,1.3489769717383126e-13,0.23696842283981215,4.470538192592057e-11,1.6669896920520022e-10,2.6042479892272357e-11,"{""D"": 4.470538192592057e-11, ""cp"": 1644.1726444466476, ""k"": 0.23696842283981215, ""rho"": 659.778043514588}","{""D"": 3.135404744651468e-09, ""cp"": 2038.9980954371717, ""k"": 0.2918052910329405, ""rho"": 685.1148995516654}","[[6.3293168550447795e-15, 7.913750652566165e-07], [7.208388640467667e-15, 1.6675262462517715e-08], [4.571173284199009e-15, 6.288061182857518e-10]]",323.31500000003194,323.315000000045,0.07639096495771897,0.27433515274738574,0.0,0.0
71400.0,bdf2,50.165,0.04986,3,7.208388640467657e-15,6.280079789533488e-10,2.041815605480224e-10,5.551115123125783e-17,-0.0,7.929656931082718e-10,-7.929656931082718e-10,2.1178206153648923e-08,2.1178069664902853e-08,1.3648874607095312e-13,0.23694927519521666,4.450443066903942e-11,1.6633217018513303e-10,6.7078872229593305e-12,"{""D"": 4.450443066903942e-11, ""cp"": 1644.0347814055601, ""k"": 0.23694927519521666, ""rho"": 659.7705711463844}","{""D"": 3.1318476068532635e-09, ""cp"": 2038.6784143490247, ""k"": 0.291760890881809, ""rho"": 685.0906159283227}","[[7.560017354636814e-15, 7.896033477061692e-07], [7.384202997552237e-15, 1.663386435535319e-08], [7.208388640467657e-15, 6.280079789533488e-10]]",323.315000000027,323.31500000004553,0.07633258708112857,0.2741454369400207,0.0,0.0
71460.0,bdf2,50.165,0.04986,3,2.0746094135980135e-14,6.272064534407207e-10,8.594724931754172e-11,8.326672684688674e-17,-0.0,5.144329406903125e-10,-5.144329406903125e-10,2.1131665990697116e-08,2.1131527922559423e-08,1.38068137693682e-13,0.23693019131229048,4.4304764936808864e-11,1.6596663219674785e-10,-3.440168585688074e-11,"{""D"": 4.4304764936808864e-11, ""cp"": 1643.8973774484916, ""k"": 0.23693019131229048, ""rho"": 659.7631244676095}","{""D"": 3.1282975486212815e-09, ""cp"": 2038.3593536719486, ""k"": 0.29171657689888175, ""rho"": 685.0663866409734}","[[9.845603996736335e-15, 7.878375215542022e-07], [1.8636321850965207e-14, 1.6592539439641563e-08], [2.0746094135980135e-14, 6.272064534407207e-10]]",323.3150000000206,323.31500000004473,0.07627440990319928,0.2739561456326045,0.0,0.0
71520.0,bdf2,50.165,0.04986,3,3.340472784606974e-15,6.26400778469538e-10,5.061338015366346e-10,5.551115123125783e-17,4.3136093182991295e-09,4.604316927725449e-10,3.853177625526585e-09,2.1085285633874927e-08,2.10851459979158e-08,1.396359591275928e-13,0.2369111709080693,4.410637479662227e-11,1.656023494101655e-10,-3.206612153577603e-12,"{""D"": 4.410637479662227e-11, ""cp"": 1643.760430538099, ""k"": 0.2369111709080693, ""rho"": 659.7557033596665}","{""D"": 3.124754551346256e-09, ""cp"": 2038.0409116221356, ""k"": 0.2916723488364077, ""rho"": 685.0422115090081}","[[3.006425506146277e-14, 7.860775625423422e-07], [1.986702235055727e-14, 1.655128881172807e-08], [3.340472784606974e-15, 6.26400778469538e-10]]",323.31500000001836,323.31500000004445,0.07621643249739475,0.2737672774141258,0.0,0.0
71580.0,bdf2,50.165,0.04986,3,2.3031680778079585e-14,6.255914675179497e-10,4.2223291529808193e-10,1.1102230246251565e-16,-0.0,6.778577699151356e-10,-6.778577699151356e-10,2.1039064346292544e-08,2.1038923154004396e-08,1.4119228814751544e-13,0.2368922137011391,4.390925040346537e-11,1.6523931604641733e-10,4.853964075467903e-11,"{""D"": 4.390925040346537e-11, ""cp"": 1643.6239386482018, ""k"": 0.2368922137011391, ""rho"": 659.7483077046408}","{""D"": 3.1212185964726865e-09, ""cp"": 2037.7230864220346, ""k"": 0.2916282064475048, ""rho"": 685.0180903525733}","[[1.0900490139243761e-14, 7.843234459126158e-07], [2.3910752563502463e-14, 1.651011148628978e-08], [2.3031680778079585e-14, 6.255914675179497e-10]]",323.31500000002416,323.31500000004553,0.0761586539425055,0.2735788308794787,0.0,0.0
71640.0,bdf2,50.165,0.04986,3,2.3559123849333366e-14,6.247793254976486e-10,2.453361958032474e-10,1.1102230246251565e-16,4.312939427879944e-09,5.542233338928781e-10,3.758716093987066e-09,2.0993001395287878e-08,2.0992858658088986e-08,1.4273719889199385e-13,0.23687331941162615,4.371338199903948e-11,1.6487752634189263e-10,-7.407124187289843e-11,"{""D"": 4.371338199903948e-11, ""cp"": 1643.4878997637084, ""k"": 0.23687331941162615, ""rho"": 659.7409373852943}","{""D"": 3.117689665498104e-09, ""cp"": 2037.4058763003413, ""k"": 0.2915841494861585, ""rho"": 684.9940229925686}","[[2.6372153562686575e-15, 7.825751471846054e-07], [7.0325742833830985e-15, 1.646900751883784e-08], [2.3559123849333366e-14, 6.247793254976486e-10]]",323.31500000002217,323.31500000004485,0.07610107332261123,0.27339080462944243,0.0,0.0
71700.0,bdf2,50.165,0.04986,3,1.9339579279303634e-15,6.239628397297636e-10,1.800799509510398e-10,5.551115123125783e-17,4.312606184877632e-09,4.916955731459893e-10,3.8209106117316425e-09,2.0947096052413356e-08,2.0946951781630982e-08,1.4427078237405646e-13,0.23685448776118462,4.351875991100696e-11,1.6451697456951606e-10,-2.511176056937664e-12,"{""D"": 4.351875991100696e-11, ""cp"": 1643.3523118805294, ""k"": 0.23685448776118462, ""rho"": 659.7335922850609}","{""D"": 3.1141677399741527e-09, ""cp"": 2037.08927949196, ""k"": 0.29154017770721663, ""rho"": 684.9700092506424}","[[1.3361891138427958e-14, 7.808326422109602e-07], [1.6878178280119528e-14, 1.6427978033473067e-08], [1.9339579279303634e-15, 6.239628397297636e-10]]",323.31500000001967,323.3150000000428,0.07604368972703873,0.273203197270644,0.0,0.0
71760.0,bdf2,50.165,0.04986,3,1.0373047067990148e-14,6.231432037040463e-10,4.638422979041934e-11,8.326672684688674e-17,-0.0,4.433786671143025e-10,-4.433786671143025e-10,2.09013475933793e-08,2.090120180026971e-08,1.4579310959226962e-13,0.23683571847299079,4.33253745521e-11,1.6415765505867011e-10,6.848720760622526e-11,"{""D"": 4.33253745521e-11, ""cp"": 1643.2171730055336, ""k"": 0.23683571847299079, ""rho"": 659.7262722880431}","{""D"": 3.1106528015059343e-09, ""cp"": 2036.7732942379907, ""k"": 0.2914962908663876, ""rho"": 684.9460489491887}","[[1.0197232710905568e-14, 7.790959066222847e-07], [2.4262381277671872e-14, 1.6387021670172253e-08], [1.0373047067990148e-14, 6.231432037040463e-10]]",323.3150000000176,323.31500000004223,0.07598650225033714,0.27301600741553694,0.0,0.0
71820.0,bdf2,50.165,0.04986,3,9.493975282567278e-15,6.223197929200452e-10,6.49606590741314e-10,1.1102230246251565e-16,-4.311943077746319e-09,5.329070518200751e-10,-4.844850129566394e-09,2.0855755298056875e-08,2.0855607993796032e-08,1.4730426084270974e-13,0.23681701127173385,4.3133216419343553e-11,1.6379956213867513e-10,1.9825510277440736e-12,"{""D"": 4.3133216419343553e-11, ""cp"": 1643.0824811564837, ""k"": 0.23681701127173385, ""rho"": 659.7189772790074}","{""D"": 3.1071448317514643e-09, ""cp"": 2036.4579187856982, ""k"": 0.2914524887202359, ""rho"": 684.922141911343}","[[1.2834448067174286e-14, 7.773649164377616e-07], [1.0021418353821013e-14, 1.6346140011003207e-08], [9.493975282567278e-15, 6.223197929200452e-10]]",323.3150000000188,323.31500000004144,0.07592950999224504,0.272829233682367,0.0,0.0
71880.0,bdf2,50.165,0.04986,3,1.933957927930362e-14,6.214932735115752e-10,1.7007550923153758e-10,5.551115123125783e-17,-0.0,4.774847184307873e-10,-4.774847184307873e-10,2.0810318450427658e-08,2.081016964611557e-08,1.4880431208702685e-13,0.23679836588360287,4.294227609316545e-11,1.6344269019576601e-10,-2.9737497411155117e-12,"{""D"": 4.294227609316545e-11, ""cp"": 1642.9482343619409, ""k"": 0.23679836588360287, ""rho"": 659.7117071433785}","{""D"": 3.103643812422328e-09, ""cp"": 2036.1431513884986, ""k"": 0.29140877102618035, ""rho"": 684.8982879609794}","[[1.7405621351373268e-14, 7.756396475100402e-07], [3.4987057059831096e-14, 1.6305331959620695e-08], [1.933957927930362e-14, 6.214932735115752e-10]]",323.3150000000191,323.31500000004297,0.07587271205764447,0.27264287469515147,0.0,0.0
71940.0,bdf2,50.165,0.04986,3,1.4416777280935503e-14,6.206630626115484e-10,2.5488589017186314e-10,8.326672684688674e-17,4.311284442048307e-09,4.447997525858227e-10,3.8664846894624845e-09,2.076503633856222e-08,2.0764886045220896e-08,1.5029334132504397e-13,0.2367797820362772,4.275254423664379e-11,1.6308703362960642e-10,-2.291498241533468e-11,"{""D"": 4.275254423664379e-11, ""cp"": 1642.814430661196, ""k"": 0.2367797820362772, ""rho"": 659.7044617672353}","{""D"": 3.100149725282205e-09, ""cp"": 2035.8289903059394, ""k"": 0.2913651375424916, ""rho"": 684.8744869227074}","[[1.881213620804999e-14, 7.7392007619137e-07], [2.1800980278487816e-14, 1.6264598529103225e-08], [1.4416777280935503e-14, 6.206630626115484e-10]]",323.3150000000178,323.31500000004127,0.07581610755652612,0.2724569290836522,0.0,0.0
72000.0,bdf2,50.165,0.04986,3,4.746987641283659e-15,6.198293545089939e-10,2.575006874394603e-11,5.551115123125783e-17,4.31095678844061e-09,8.114398042380344e-10,3.4995169842025756e-09,2.071990825459984e-08,2.071975648317197e-08,1.5177142787014697e-13,0.23676125945892015,4.256401159472533e-11,1.627325868744971e-10,1.23800409052496e-11,"{""D"": 4.256401159472533e-11, ""cp"": 1642.6810681042252, ""k"": 0.23676125945892015, ""rho"": 659.6972410373075}","{""D"": 3.0966625521487777e-09, ""cp"": 2035.5154338036573, ""k"": 0.2913215880282857, ""rho"": 684.8507386218672}","[[2.9888440704378587e-15, 7.722061786119561e-07], [1.7581435708458003e-15, 1.6223939414139465e-08], [4.746987641283659e-15, 6.198293545089939e-10]]",323.31500000003143,323.3150000000401,0.07575969560396496,0.2722713954833373,0.0,0.0
72060.0,bdf2,50.165,0.04986,3,4.922801998368251e-15,6.189923296151534e-10,3.5697667044587433e-11,5.551115123125783e-17,-0.0,5.996980689815246e-10,-5.996980689815246e-10,2.0674933494699915e-08,2.0674780256056823e-08,1.532386430914791e-13,0.23674279788216487,4.2376668993287116e-11,1.6237934441484588e-10,1.9234057253105842e-11,"{""D"": 4.2376668993287116e-11, ""cp"": 1642.5481447515872, ""k"": 0.23674279788216487, ""rho"": 659.6900448409691}","{""D"": 3.093182274892064e-09, ""cp"": 2035.2024801533728, ""k"": 0.291278122243524, ""rho"": 684.8270428845265}","[[2.1449351564318786e-14, 7.704979310130255e-07], [3.041588377563239e-14, 1.6183354767385083e-08], [4.922801998368251e-15, 6.189923296151534e-10]]",323.315000000024,323.3150000000393,0.07570347532007103,0.27208627253536327,0.0,0.0
72120.0,bdf2,50.165,0.04986,3,2.1097722850149524e-15,6.18151974052239e-10,8.503775461576879e-11,5.551115123125783e-17,-0.0,7.545963853772264e-10,-7.545963853772264e-10,2.0630111359052153e-08,2.0629956663984537e-08,1.5469506761598902e-13,0.2367243970381131,4.219050733864277e-11,1.620273007439688e-10,1.1842880996352431e-12,"{""D"": 4.219050733864277e-11, ""cp"": 1642.4156586744143, ""k"": 0.2367243970381131, ""rho"": 659.6828730662376}","{""D"": 3.0897088754350616e-09, ""cp"": 2034.8901276328697, ""k"": 0.2912347399490097, ""rho"": 684.8033995374784}","[[7.560017354636912e-15, 7.687953100243838e-07], [2.9888440704378493e-15, 1.6142843797806172e-08], [2.1097722850149524e-15, 6.18151974052239e-10]]",323.3150000000288,323.31500000004115,0.07564744582998068,0.2719015588865498,0.0,0.0
72180.0,bdf2,50.165,0.04986,3,5.274430712537375e-15,6.173082184313117e-10,8.51514414534904e-11,5.551115123125783e-17,-0.0,7.58859641791787e-10,-7.58859641791787e-10,2.0585441151807254e-08,2.0585285011036148e-08,1.561407711055192e-13,0.23670605666031688,4.200551761646422e-11,1.616764504046554e-10,4.131308605492743e-11,"{""D"": 4.200551761646422e-11, ""cp"": 1642.2836079542817, ""k"": 0.23670605666031688, ""rho"": 659.6757256017657}","{""D"": 3.08624233575251e-09, ""cp"": 2034.5783745259605, ""k"": 0.2911914409063834, ""rho"": 684.7798084082361}","[[9.493975282567267e-15, 7.670982923868586e-07], [8.263274782975211e-15, 1.6102407629503546e-08], [5.274430712537375e-15, 6.173082184313117e-10]]",323.31500000002836,323.31500000004155,0.07559160626379519,0.2717172531893445,0.0,0.0
72240.0,bdf2,50.165,0.04986,3,7.560017354636866e-15,6.164612570414008e-10,1.6370904631912708e-10,1.1102230246251565e-16,-0.0,5.115907697472721e-10,-5.115907697472721e-10,2.0540922181082492e-08,2.0540764605252358e-08,1.575758301338333e-13,0.23668777648377531,4.1821690891192376e-11,1.613267879543798e-10,3.718341223963451e-11,"{""D"": 4.1821690891192376e-11, ""cp"": 1642.1519906831822, ""k"": 0.23668777648377531, ""rho"": 659.6686023368404}","{""D"": 3.082782637872533e-09, ""cp"": 2034.2672191224724, ""k"": 0.2911482248781212, ""rho"": 684.7562693250306}","[[1.793306442262697e-14, 7.654068544526993e-07], [6.8567599262985446e-15, 1.606204622084384e-08], [7.560017354636866e-15, 6.164612570414008e-10]]",323.3150000000198,323.3150000000432,0.07553595575656545,0.27153335410180185,0.0,0.0
72300.0,bdf2,50.165,0.04986,3,3.3404727846069788e-15,6.15611034371355e-10,2.2600943339057267e-10,5.551115123125783e-17,-0.0,5.499600774783175e-10,-5.499600774783175e-10,2.0496553758919056e-08,2.0496394758602585e-08,1.5900031647043e-13,0.23666955624492347,4.1639018305273415e-11,1.6097830799192176e-10,-2.094595067838168e-11,"{""D"": 4.1639018305273415e-11, ""cp"": 1642.0208049634489, ""k"": 0.23666955624492347, ""rho"": 659.6615031613765}","{""D"": 3.07932976387487e-09, ""cp"": 2033.9566597182295, ""k"": 0.29110509162753184, ""rho"": 684.7327821168075}","[[1.7581435708457784e-15, 7.637209731847783e-07], [3.5162871416915567e-15, 1.6021759252637935e-08], [3.3404727846069788e-15, 6.15611034371355e-10]]",323.3150000000217,323.315000000044,0.07548049344825324,0.27134986028755864,0.0,0.0
72360.0,bdf2,50.165,0.04986,3,1.1427933210497597e-14,6.147577308324159e-10,1.509761204943061e-10,8.326672684688674e-17,-0.0,4.376943252282217e-10,-4.376943252282217e-10,2.045233520126491e-08,2.0452174786959663e-08,1.6041430524646996e-13,0.23665139568162383,4.145749107831304e-11,1.606310051456652e-10,1.360527379888558e-11,"{""D"": 4.145749107831304e-11, ""cp"": 1641.8900489076916, ""k"": 0.23665139568162383, ""rho"": 659.6544279659136}","{""D"": 3.0758836958915497e-09, ""cp"": 2033.6466946150124, ""k"": 0.2910620409187517, ""rho"": 684.709346613222}","[[7.208388640467709e-15, 7.6204062565699e-07], [1.5471663423442885e-14, 1.598154679427477e-08], [1.1427933210497597e-14, 6.147577308324159e-10]]",323.3150000000175,323.3150000000429,0.07542521848369958,0.27116677041579684,0.0,0.0
72420.0,bdf2,50.165,0.04986,3,7.911646068806032e-15,6.13900874579798e-10,3.7698555388487875e-10,5.551115123125783e-17,-4.308693818203005e-09,7.915446076367516e-10,-5.100238425839757e-09,2.0408265827936578e-08,2.040810401006553e-08,1.6181787104717466e-13,0.23663329453315393,4.127710050642427e-11,1.6028487407310816e-10,6.492708598948542e-12,"{""D"": 4.127710050642427e-11, ""cp"": 1641.7597206387084, ""k"": 0.23663329453315393, ""rho"": 659.6473766416104}","{""D"": 3.072444416107188e-09, ""cp"": 2033.3373221205547, ""k"": 0.2910190725167437, ""rho"": 684.6859626446371}","[[4.395358927114464e-15, 7.603657886656734e-07], [8.966532211313505e-15, 1.5941409567399312e-08], [7.911646068806032e-15, 6.13900874579798e-10]]",323.3150000000265,323.3150000000428,0.07537013001258192,0.27098408316122774,0.0,0.0
72480.0,bdf2,50.165,0.04986,3,2.0921908493064885e-14,6.130408680693478e-10,3.6493474908638746e-11,8.326672684688674e-17,-0.0,7.51754214434186e-10,-7.51754214434186e-10,2.03643449626025e-08,2.0364181751519316e-08,1.63211083183662e-13,0.23661525254020305,4.109783796139513e-11,1.5993990946638892e-10,6.734309460540667e-11,"{""D"": 4.109783796139513e-11, ""cp"": 1641.629818289462, ""k"": 0.23661525254020305, ""rho"": 659.6403490802431}","{""D"": 3.069011906757735e-09, ""cp"": 2033.0285405485106, ""k"": 0.29097618618729315, ""rho"": 684.6626300421196}","[[1.7933064422627042e-14, 7.586964395622786e-07], [2.1625165921403202e-14, 1.5901347100166774e-08], [2.0921908493064885e-14, 6.130408680693478e-10]]",323.31500000002876,323.31500000004206,0.07531522718939915,0.27080179720405967,0.0,0.0
72540.0,bdf2,50.165,0.04986,3,2.4965638706010148e-14,6.12177794567792e-10,1.495550350227859e-10,5.551115123125783e-17,-0.0,7.972289495228324e-10,-7.972289495228324e-10,2.032057193275174e-08,2.0320407338738978e-08,1.6459401276368614e-13,0.23659726944485823,4.091969489008099e-11,1.5959610602729537e-10,8.654287146352168e-11,"{""D"": 4.091969489008099e-11, ""cp"": 1641.5003400029793, ""k"": 0.23659726944485823, ""rho"": 659.6333451741982}","{""D"": 3.065586150131594e-09, ""cp"": 2032.720348218447, ""k"": 0.29093338169700655, ""rho"": 684.6393486374375}","[[2.988844070437834e-15, 7.570325554207002e-07], [1.019723271090555e-14, 1.5861359281554854e-08], [2.4965638706010148e-14, 6.12177794567792e-10]]",323.315000000029,323.31500000004274,0.07526050917342372,0.27061991122998047,0.0,0.0
72600.0,bdf2,50.165,0.04986,3,2.5141453063094718e-14,6.113117095862819e-10,1.9463186617940664e-10,1.1102230246251565e-16,-0.0,7.645439836778678e-10,-7.645439836778678e-10,2.0276946069674504e-08,2.027678010294448e-08,1.6596673002480726e-13,0.23657934499059902,4.0742662813599035e-11,1.5925345851837024e-10,3.885803179030182e-11,"{""D"": 4.0742662813599035e-11, ""cp"": 1641.371283932313, ""k"": 0.23657934499059902, ""rho"": 659.6263648164711}","{""D"": 3.0621671285681465e-09, ""cp"": 2032.412743455797, ""k"": 0.2908906588133051, ""rho"": 684.6161182630549}","[[1.951539363638821e-14, 7.553741137034109e-07], [9.318160925482652e-15, 1.58214465140194e-08], [2.5141453063094718e-14, 6.113117095862819e-10]]",323.31500000002563,323.31500000004286,0.0752059751286806,0.27043842393011613,0.0,0.0
72660.0,bdf2,50.165,0.04986,3,2.637215356268691e-15,6.104427519026956e-10,3.299192030681297e-10,1.1102230246251565e-16,-0.0,5.755396159656812e-10,-5.755396159656812e-10,2.0233466708439358e-08,2.023329937913202e-08,1.6732930733871151e-13,0.23656147892228843,4.056673332665844e-11,1.5891196171175085e-10,2.0083136328352008e-11,"{""D"": 4.056673332665844e-11, ""cp"": 1641.242648240477, ""k"": 0.23656147892228843, ""rho"": 659.6194079006611}","{""D"": 3.0587548244584497e-09, ""cp"": 2032.105724591861, ""k"": 0.2908480173044251, ""rho"": 684.5929387521305}","[[1.0197232710905606e-14, 7.53721091817372e-07], [6.856759926298598e-15, 1.578160879756041e-08], [2.637215356268691e-15, 6.104427519026956e-10]]",323.3150000000229,323.3150000000411,0.07515162422391503,0.27025733400101937,0.0,0.0
72720.0,bdf2,50.165,0.04986,3,1.019723271090557e-14,6.095705190611866e-10,3.6197889130562544e-10,5.551115123125783e-17,-0.0,6.622258297284134e-10,-6.622258297284134e-10,2.0190133187857313e-08,2.018996450604118e-08,1.6868181613409915e-13,0.23654367098616128,4.0391898096848076e-11,1.5857161041478115e-10,1.030089729830102e-10,"{""D"": 4.0391898096848076e-11, ""cp"": 1641.1144311003611, ""k"": 0.23654367098616128, ""rho"": 659.6124743209666}","{""D"": 3.055349220246024e-09, ""cp"": 2031.799289963776, ""k"": 0.2908054569394133, ""rho"": 684.5698099385136}","[[6.329316855044836e-15, 7.520734672805673e-07], [7.911646068806046e-15, 1.574184603503337e-08], [1.019723271090557e-14, 6.095705190611866e-10]]",323.31500000002484,323.31500000004223,0.07509745563255148,0.2700766401446375,0.0,0.0
72780.0,bdf2,50.165,0.04986,3,1.1427933210497651e-14,6.086953857620259e-10,6.905338523210958e-10,1.3877787807814457e-16,-0.0,7.148059921746608e-10,-7.148059921746608e-10,2.0146944850460225e-08,2.014677482613998e-08,1.7002432024615242e-13,0.23652592092981936,4.021814886390466e-11,1.5823239946162673e-10,2.979740900754544e-11,"{""D"": 4.021814886390466e-11, ""cp"": 1640.9866306946994, ""k"": 0.23652592092981936, ""rho"": 659.6055639721824}","{""D"": 3.0519502984242223e-09, ""cp"": 2031.4934379144886, ""k"": 0.2907629774881234, ""rho"": 684.5467316567405}","[[5.098616355452799e-15, 7.504312179440475e-07], [7.032574283383169e-15, 1.570215872603864e-08], [1.1427933210497651e-14, 6.086953857620259e-10]]",323.3150000000286,323.3150000000414,0.07504346853267498,0.26989634106828464,0.0,0.0
72840.0,bdf2,50.165,0.04986,3,7.735831711721492e-15,6.078169495493668e-10,2.7898749976884574e-10,5.551115123125783e-17,-0.0,6.636469151999336e-10,-6.636469151999336e-10,2.0103901042484884e-08,2.010372968558889e-08,1.7135689599386334e-13,0.23650822850221856,4.004547743903543e-11,1.57894323721156e-10,-4.4737553251665444e-11,"{""D"": 4.004547743903543e-11, ""cp"": 1640.8592452159737, ""k"": 0.23650822850221856, ""rho"": 659.5986767496943}","{""D"": 3.0485580415386006e-09, ""cp"": 2031.188166792745, ""k"": 0.2907205787212146, ""rho"": 684.5237037420317}","[[4.395358927114484e-15, 7.487943214923298e-07], [4.922801998368221e-15, 1.566254650975374e-08], [7.735831711721492e-15, 6.078169495493668e-10]]",323.31500000002654,323.3150000000412,0.07498966210698611,0.26971643548462215,0.0,0.0
72900.0,bdf2,50.165,0.04986,3,6.329316855044866e-15,6.069358071680853e-10,7.787548383930698e-11,1.1102230246251565e-16,-0.0,5.272227099339943e-10,-5.272227099339943e-10,2.006100111382831e-08,2.0060828434222733e-08,1.7267960557790525e-13,0.23649059345366283,3.98738757042509e-11,1.5755737807878954e-10,-4.4735277686494315e-11,"{""D"": 3.98738757042509e-11, ""cp"": 1640.7322728663723, ""k"": 0.23649059345366283, ""rho"": 659.5918125494757}","{""D"": 3.04517243218538e-09, ""cp"": 2030.883474953061, ""k"": 0.2906782604101474, ""rho"": 684.5007260302885}","[[2.109772285014956e-15, 7.47162755831976e-07], [2.637215356268694e-15, 1.5623009649856634e-08], [6.329316855044866e-15, 6.069358071680853e-10]]",323.3150000000211,323.3150000000407,0.07493603554277842,0.26953692211162894,0.0,0.0
72960.0,bdf2,50.165,0.04986,3,1.3010262424258888e-14,6.060516949402128e-10,2.482920535840094e-10,1.1102230246251565e-16,-0.0,5.144329406903125e-10,-5.144329406903125e-10,2.001824441805597e-08,2.0018070425534894e-08,1.7399252107548802e-13,0.23647301553579922,3.970333561172846e-11,1.572215574642116e-10,-4.106565693330688e-11,"{""D"": 3.970333561172846e-11, ""cp"": 1640.6057118577546, ""k"": 0.23647301553579922, ""rho"": 659.5849712680856}","{""D"": 3.0417934530119705e-09, ""cp"": 2030.5793607557016, ""k"": 0.2906360223271808, ""rho"": 684.4777983580898}","[[2.4614009991841107e-15, 7.455364988695479e-07], [7.384202997552338e-15, 1.5583548035325023e-08], [1.3010262424258888e-14, 6.060516949402128e-10]]",323.3150000000206,323.3150000000408,0.07488258803191862,0.2693577996725761,0.0,0.0
73020.0,bdf2,50.165,0.04986,3,9.142346568398148e-15,6.051644879656592e-10,3.3378455555066466e-10,5.551115123125783e-17,4.305551460677843e-09,5.499600774783175e-10,3.755591383199525e-09,1.9975630312342077e-08,1.99754550166335e-08,1.7529570857503387e-13,0.23645549450160164,3.953384918303618e-11,1.568868568270089e-10,3.271163129830185e-11,"{""D"": 3.953384918303618e-11, ""cp"": 1640.4795604115318, ""k"": 0.23645549450160164, ""rho"": 659.5781528026614}","{""D"": 3.038421086716369e-09, ""cp"": 2030.2758225666628, ""k"": 0.2905938642453698, ""rho"": 684.4549205626886}","[[9.142346568398147e-15, 7.439155289001853e-07], [7.735831711721507e-15, 1.5544162054736965e-08], [9.142346568398148e-15, 6.051644879656592e-10]]",323.315000000022,323.3150000000404,0.07482931877079188,0.26917906689600457,0.0,0.0
73080.0,bdf2,50.165,0.04986,3,8.790717854228996e-16,6.042744915557563e-10,6.912159733474255e-11,5.551115123125783e-17,-0.0,6.480149750132114e-10,-6.480149750132114e-10,1.9933158157469752e-08,1.993298156823465e-08,1.7658923510133346e-13,0.2364380301053693,3.9365408508560955e-11,1.5655327114121498e-10,3.238906601795634e-11,"{""D"": 3.9365408508560955e-11, ""cp"": 1640.353816758659, ""k"": 0.2364380301053693, ""rho"": 659.5713570509175}","{""D"": 3.035055316047456e-09, ""cp"": 2029.9728587576512, ""k"": 0.2905517859385627, ""rho"": 684.4320924820096}","[[7.384202997552366e-15, 7.422998239414724e-07], [1.84605074938809e-14, 1.5504851125225372e-08], [8.790717854228996e-16, 6.042744915557563e-10]]",323.3150000000252,323.31500000004013,0.07477622696029332,0.2690007225157001,0.0,0.0
73140.0,bdf2,50.165,0.04986,3,1.2131190638835955e-14,6.033815391770503e-10,3.8744474295526743e-10,8.326672684688674e-17,-4.304935404067263e-09,8.498091119690798e-10,-5.154744516036343e-09,1.9890827317795767e-08,1.9890649444630037e-08,1.7787316573033995e-13,0.2364206221027152,3.9198005746814086e-11,1.5622079542390755e-10,7.082016605817444e-11,"{""D"": 3.9198005746814086e-11, ""cp"": 1640.2284791395496, ""k"": 0.2364206221027152, ""rho"": 659.5645839111409}","{""D"": 3.0316961238048905e-09, ""cp"": 2029.6704677060507, ""k"": 0.2905097871813959, ""rho"": 684.4093139546446}","[[5.098616355452793e-15, 7.406893623995714e-07], [5.977688140875693e-15, 1.546561628762433e-08], [1.2131190638835955e-14, 6.033815391770503e-10]]",323.3150000000307,323.3150000000417,0.07472331180578755,0.268822765270661,0.0,0.0
73200.0,bdf2,50.165,0.04986,3,3.164658427522425e-14,6.024856863406924e-10,1.4654233382316306e-10,1.1102230246251565e-16,-0.0,8.256506589532364e-10,-8.256506589532364e-10,1.984863716122542e-08,1.9848458013658986e-08,1.7914756643467028e-13,0.23640327025055596,3.90316331237429e-11,1.5588942469913811e-10,1.9033045199142632e-11,"{""D"": 3.90316331237429e-11, ""cp"": 1640.103545804003, ""k"": 0.23640327025055596, ""rho"": 659.5578332821855}","{""D"": 3.028343492838038e-09, ""cp"": 2029.3686477949173, ""k"": 0.29046786774929406, ""rho"": 684.3865848198507}","[[6.856759926298587e-15, 7.390841226251332e-07], [2.7251225348109775e-14, 1.5426456972944536e-08], [3.164658427522425e-14, 6.024856863406924e-10]]",323.31500000002666,323.31500000004155,0.07467057251707374,0.2686451939050836,0.0,0.0
73260.0,bdf2,50.165,0.04986,3,1.969120799347272e-14,6.015873910136804e-10,2.269189280923456e-10,5.551115123125783e-17,-0.0,5.371703082346357e-10,-5.371703082346357e-10,1.9806587059201476e-08,1.9806406646698792e-08,1.8041250268401556e-13,0.2363859743071095,3.886628293218033e-11,1.5555915403820077e-10,1.0975776188652922e-10,"{""D"": 3.886628293218033e-11, ""cp"": 1639.9790150111885, ""k"": 0.2363859743071095, ""rho"": 659.5511050634718}","{""D"": 3.0249974060474556e-09, ""cp"": 2029.0673974129468, ""k"": 0.2904260274184648, ""rho"": 684.3639049175463}","[[1.1779561924666713e-14, 7.374840831908536e-07], [1.1779561924666727e-14, 1.5387372903630236e-08], [1.969120799347272e-14, 6.015873910136804e-10]]",323.3150000000202,323.31500000004394,0.07461800830837349,0.26846800716833047,0.0,0.0
73320.0,bdf2,50.165,0.04986,3,1.7933064422626982e-14,6.006866393182264e-10,7.742073648842052e-11,5.551115123125783e-17,-4.304018908169132e-09,5.840661287948024e-10,-4.888085036963934e-09,1.9764676386675022e-08,1.9764494718635914e-08,1.8166803910765142e-13,0.23636873403188444,3.870194753120656e-11,1.5522997851940575e-10,-2.9852178724640424e-11,"{""D"": 3.870194753120656e-11, ""cp"": 1639.8548850295679, ""k"": 0.23636873403188444, ""rho"": 659.5443991549818}","{""D"": 3.0216578463830992e-09, ""cp"": 2028.7667149544623, ""k"": 0.2903842659658975, ""rho"": 684.3412740883086}","[[1.0021418353820958e-14, 7.358892227804503e-07], [1.4065148566766263e-14, 1.5348364426626127e-08], [1.7933064422626982e-14, 6.006866393182264e-10]]",323.315000000023,323.3150000000432,0.0745656183982949,0.26829120381491084,0.0,0.0
73380.0,bdf2,50.165,0.04986,3,1.8460507493880703e-14,5.997823210313058e-10,3.8062353269197047e-10,8.326672684688674e-17,-0.0,7.617018127348274e-10,-7.617018127348274e-10,1.9722904522075576e-08,1.9722721607832392e-08,1.829142431836635e-13,0.23635154918566795,3.8538619345395715e-11,1.5490189327510828e-10,1.2138306524362157e-11,"{""D"": 3.8538619345395715e-11, ""cp"": 1639.7311541368092, ""k"": 0.23635154918566795, ""rho"": 659.5377154572532}","{""D"": 3.018324796845756e-09, ""cp"": 2028.4665988193829, ""k"": 0.2903425831693587, ""rho"": 684.3186921733698}","[[1.1252118853412999e-14, 7.342995199666191e-07], [2.2504237706825997e-14, 1.53094323468439e-08], [1.8460507493880703e-14, 5.997823210313058e-10]]",323.31500000002796,323.3150000000434,0.0745134020097905,0.2681147826044509,0.0,0.0
73440.0,bdf2,50.165,0.04986,3,8.26327478297519e-15,5.988758239316994e-10,3.0377123039215803e-10,5.551115123125783e-17,-4.303412918466295e-09,6.16751094639767e-10,-4.920164013106062e-09,1.9681270847284128e-08,1.9681086696107452e-08,1.841511766759738e-13,0.23633441953051953,3.837629086424348e-11,1.5457489344498312e-10,6.093897027874185e-11,"{""D"": 3.837629086424348e-11, ""cp"": 1639.6078206197408, ""k"": 0.23633441953051953, ""rho"": 659.5310538713771}","{""D"": 3.014998240485633e-09, ""cp"": 2028.1670474132156, ""k"": 0.29030097880739103, ""rho"": 684.2961590146145}","[[8.966532211313502e-15, 7.327149535996114e-07], [1.4065148566766277e-14, 1.5270575262626984e-08], [8.26327478297519e-15, 5.988758239316994e-10]]",323.315000000022,323.31500000004274,0.07446135837013432,0.26793874230167625,0.0,0.0
73500.0,bdf2,50.165,0.04986,3,6.3293168550448095e-15,5.979667039301972e-10,1.7757884052116424e-10,5.551115123125783e-17,4.303111412709768e-09,3.666400516522117e-10,3.936471361057556e-09,1.9639774747633657e-08,1.9639589368734565e-08,1.8537889909195555e-13,0.23631734482977138,3.8214954641679266e-11,1.5424897419858192e-10,-4.420238536222621e-11,"{""D"": 3.8214954641679266e-11, ""cp"": 1639.484882774354, ""k"": 0.23631734482977138, ""rho"": 659.5244142989975}","{""D"": 3.011678160403216e-09, ""cp"": 2027.8680591470247, ""k"": 0.29025945265930897, ""rho"": 684.273674454577}","[[1.4416777280935406e-14, 7.311355026407007e-07], [1.8987950565134436e-14, 1.5231794811554344e-08], [6.3293168550448095e-15, 5.979667039301972e-10]]",323.31500000001466,323.3150000000436,0.07440948671091821,0.2677630816763824,0.0,0.0
73560.0,bdf2,50.165,0.04986,3,1.933957927930365e-15,5.970546834710433e-10,1.0595613275654614e-10,5.551115123125783e-17,4.3028108938825624e-09,5.869082997378428e-10,3.7159025941447197e-09,1.9598415611870146e-08,1.9598229014387723e-08,1.8659748242279185e-13,0.23630032484800745,3.8054603295316567e-11,1.5392413073550622e-10,2.590432462038063e-11,"{""D"": 3.8054603295316567e-11, ""cp"": 1639.3623389056538, ""k"": 0.23630032484800745, ""rho"": 659.5177966423021}","{""D"": 3.008364539748044e-09, ""cp"": 2027.5696324374094, ""k"": 0.29021800450519575, ""rho"": 684.2512383364365}","[[6.153502497960253e-15, 7.295611460511608e-07], [3.1646584275224158e-15, 1.5193089647480562e-08], [1.933957927930365e-15, 5.970546834710433e-10]]",323.3150000000231,323.3150000000425,0.07435778626798466,0.26758779950340983,0.0,0.0
73620.0,bdf2,50.165,0.04986,3,1.4592591638020008e-14,5.961403454213254e-10,1.0277290130034089e-10,5.551115123125783e-17,4.3025113576631214e-09,4.177991286269389e-10,3.8847122290361825e-09,1.9557192832117256e-08,1.9557005025136853e-08,1.8780698040213529e-13,0.2362833593510632,3.7895229505817524e-11,1.536003582803587e-10,-4.6477402408693685e-11,"{""D"": 3.7895229505817524e-11, ""cp"": 1639.2401873276551, ""k"": 0.2362833593510632, ""rho"": 659.5112008040219}","{""D"": 3.0050573617199965e-09, ""cp"": 2027.2717657064902, ""k"": 0.2901766341259014, ""rho"": 684.2288505040159}","[[2.2152608992656856e-14, 7.279918631253324e-07], [2.2855866420995195e-14, 1.515446089450645e-08], [1.4592591638020008e-14, 5.961403454213254e-10]]",323.3150000000167,323.3150000000429,0.07430625628142107,0.2674128945626242,0.0,0.0
73680.0,bdf2,50.165,0.04986,3,1.3713519852597092e-14,5.952231763028948e-10,9.538325684843585e-10,5.551115123125783e-17,8.604425599505735e-09,5.300648808770347e-10,8.0743607186287e-09,1.951610580388956e-08,1.951591679642768e-08,1.8900746188119132e-13,0.23626644810601863,3.773682601646972e-11,1.532776520847325e-10,-9.875456460165552e-11,"{""D"": 3.773682601646972e-11, ""cp"": 1639.118426363334, ""k"": 0.23626644810601863, ""rho"": 659.5046266874284}","{""D"": 3.0017566095678248e-09, ""cp"": 2026.974457381882, ""k"": 0.2901353413030392, ""rho"": 684.2065108017779}","[[1.1252118853412995e-14, 7.26427632824489e-07], [7.911646068806011e-15, 1.5115907539553497e-08], [1.3713519852597092e-14, 5.952231763028948e-10]]",323.3150000000212,323.3150000000435,0.0742548959955346,0.2672383656388894,0.0,0.0
73740.0,bdf2,50.165,0.04986,3,5.626059426706533e-15,5.943033842825685e-10,5.616129783447832e-11,5.551115123125783e-17,-0.0,7.02016222930979e-10,-7.02016222930979e-10,1.9475153926030605e-08,1.947496372704398e-08,1.9019898662541358e-13,0.23624959088118405,3.757938563239812e-11,1.5295600742718798e-10,8.082618919815597e-13,"{""D"": 3.757938563239812e-11, ""cp"": 1638.9970543445252, ""k"": 0.23624959088118405, ""rho"": 659.498074196327}","{""D"": 2.9984622665894553e-09, ""cp"": 2026.6777058966827, ""k"": 0.2900941258189837, ""rho"": 684.1842190748222}","[[3.322891348898546e-14, 7.24868434720527e-07], [2.900936891895558e-14, 1.507743030426667e-08], [5.626059426706533e-15, 5.943033842825685e-10]]",323.3150000000243,323.31500000004155,0.07420370465880498,0.2670642115220482,0.0,0.0
73800.0,bdf2,50.165,0.04986,3,2.3559123849333578e-14,5.933813856939807e-10,1.1073097994085401e-10,5.551115123125783e-17,-0.0,6.295408638834488e-10,-6.295408638834488e-10,1.943433660071836e-08,1.943414521910638e-08,1.9138161197827083e-13,0.23623278744610107,3.742290122010457e-11,1.5263541961665286e-10,-7.193600208992581e-11,"{""D"": 3.742290122010457e-11, ""cp"": 1638.8760696119277, ""k"": 0.23623278744610107, ""rho"": 659.4915432350571}","{""D"": 2.9951743161331237e-09, ""cp"": 2026.3815096894414, ""k"": 0.2900529874568668, ""rho"": 684.1619751688823}","[[1.494422035218921e-14, 7.233142479412535e-07], [1.8460507493880798e-14, 1.503902950783509e-08], [2.3559123849333578e-14, 5.933813856939807e-10]]",323.3150000000252,323.31500000004195,0.07415268152388298,0.2668904310068933,0.0,0.0
73860.0,bdf2,50.165,0.04986,3,2.6899596633940653e-14,5.924567364479216e-10,7.435119186993688e-11,8.326672684688674e-17,-0.0,4.149569576838985e-10,-4.149569576838985e-10,1.9393653233434055e-08,1.9393460678030483e-08,1.9255540357158162e-13,0.23621603757152668,3.7267365706838e-11,1.5231588398018595e-10,-5.2962045914654434e-11,"{""D"": 3.7267365706838e-11, ""cp"": 1638.755470514992, ""k"": 0.23621603757152668, ""rho"": 659.4850337084849}","{""D"": 2.9918927415946577e-09, ""cp"": 2026.0858672041454, ""k"": 0.29001192600057574, ""rho"": 684.1397789303229}","[[2.6372153562686914e-15, 7.217650522250985e-07], [2.0042836707642074e-14, 1.5000704650658392e-08], [2.6899596633940653e-14, 5.924567364479216e-10]]",323.3150000000166,323.31500000004104,0.0741018258475381,0.26671702289314786,0.0,0.0
73920.0,bdf2,50.165,0.04986,3,5.6260594267065095e-15,5.915292977665132e-10,3.4515323932282627e-10,1.1102230246251565e-16,4.301028266026529e-09,4.888534022029489e-10,3.81217486382358e-09,1.9353103232941136e-08,1.9352909512520944e-08,1.937204201914177e-13,0.2361993410294321,3.7112772080075625e-11,1.5199739586934e-10,3.6180313635571233e-13,"{""D"": 3.7112772080075625e-11, ""cp"": 1638.6352554119112, ""k"": 0.2361993410294321, ""rho"": 659.4785455220034}","{""D"": 2.9886175264201045e-09, ""cp"": 2025.7907768901914, ""k"": 0.2899709412347488, ""rho"": 684.1176302061359}","[[1.3186076781343384e-14, 7.202208270329358e-07], [6.856759926298557e-15, 1.4962456315603667e-08], [5.6260594267065095e-15, 5.915292977665132e-10]]",323.31500000001915,323.3150000000429,0.07405113689065118,0.26654398598543655,0.0,0.0
73980.0,bdf2,50.165,0.04986,3,8.79071785422898e-15,5.905997357835702e-10,3.956301952712238e-11,5.551115123125783e-17,-0.0,5.996980689815246e-10,-5.996980689815246e-10,1.9312686011264914e-08,1.931249113454444e-08,1.9487672047495834e-13,0.23618269759299304,3.695911338687791e-11,1.516799506695683e-10,2.442027334693873e-11,"{""D"": 3.695911338687791e-11, ""cp"": 1638.51542266955, ""k"": 0.23618269759299304, ""rho"": 659.4720785815271}","{""D"": 2.9853486541028946e-09, ""cp"": 2025.4962372023788, ""k"": 0.2899300329447748, ""rho"": 684.0955288439387}","[[7.560017354636924e-15, 7.186815522142176e-07], [1.8284693136796284e-14, 1.492428358673692e-08], [8.79071785422898e-15, 5.905997357835702e-10]]",323.3150000000224,323.3150000000407,0.07400061391818055,0.2663713190932715,0.0,0.0
74040.0,bdf2,50.165,0.04986,3,5.626059426706548e-15,5.896676480432461e-10,3.551576810423285e-10,1.1102230246251565e-16,4.300441758917547e-09,6.068034963391256e-10,3.6936382625784214e-09,1.9272400983662936e-08,1.927220495929851e-08,1.9602436442588518e-13,0.23616610703657814,3.6806382733333e-11,1.5136354379285243e-10,6.547201598700924e-11,"{""D"": 3.6806382733333e-11, ""cp"": 1638.3959706633627, ""k"": 0.23616610703657814, ""rho"": 659.4656327934878}","{""D"": 2.9820861081867045e-09, ""cp"": 2025.2022466008766, ""k"": 0.2898892009167884, ""rho"": 684.0734746919707}","[[9.845603996736457e-15, 7.17147207618396e-07], [5.450245069621967e-15, 1.4886187518770022e-08], [5.626059426706548e-15, 5.896676480432461e-10]]",323.31500000002393,323.3150000000407,0.07395025619912314,0.26619902103102117,0.0,0.0
74100.0,bdf2,50.165,0.04986,3,6.856759926298588e-15,5.887332982235094e-10,7.321432349272072e-11,1.1102230246251565e-16,-0.0,5.258016244624741e-10,-5.258016244624741e-10,1.9232247568617538e-08,1.9232050405207035e-08,1.9716341050270647e-13,0.23614956913574847,3.6654573284065345e-11,1.5104817066206508e-10,3.135342564422718e-11,"{""D"": 3.6654573284065345e-11, ""cp"": 1638.276897777389, ""k"": 0.23614956913574847, ""rho"": 659.4592080648331}","{""D"": 2.978829872262826e-09, ""cp"": 2024.908803551211, ""k"": 0.28984844493766815, ""rho"": 684.0514675990902}","[[2.2855866420995304e-15, 7.156177728173674e-07], [1.793306442262708e-14, 1.4848167362302434e-08], [6.856759926298588e-15, 5.887332982235094e-10]]",323.31500000002103,323.3150000000415,0.0739000630065088,0.2660270906178921,0.0,0.0
74160.0,bdf2,50.165,0.04986,3,1.7581435708457932e-15,5.877964642797551e-10,9.345058060716838e-11,5.551115123125783e-17,4.299859047229042e-09,5.712763595511205e-10,3.728582687677921e-09,1.9192225187806047e-08,1.9192026893889012e-08,1.9829391703489027e-13,0.23613308366724586,3.650367826164825e-11,1.507338267387988e-10,-1.4391198536827676e-11,"{""D"": 3.650367826164825e-11, ""cp"": 1638.1582024041702, ""k"": 0.23613308366724586, ""rho"": 659.4528043030223}","{""D"": 2.975579929971212e-09, ""cp"": 2024.6159065242373, ""k"": 0.28980776479503295, ""rho"": 684.0295074147714}","[[4.219544570029904e-15, 7.140932280491619e-07], [4.219544570029904e-15, 1.481022396387921e-08], [1.7581435708457932e-15, 5.877964642797551e-10]]",323.31500000002285,323.31500000004127,0.07385003361736127,0.2658555266779014,0.0,0.0
74220.0,bdf2,50.165,0.04986,3,6.153502497960282e-15,5.868574515233149e-10,8.685674401931465e-11,1.1102230246251565e-16,-0.0,4.561684363579843e-10,-4.561684363579843e-10,1.9152333266081512e-08,1.915213385013814e-08,1.994159433709912e-13,0.23611665040898588,3.635369094602215e-11,1.504205075049794e-10,-3.399193821140631e-11,"{""D"": 3.635369094602215e-11, ""cp"": 1638.0398829446983, ""k"": 0.23611665040898588, ""rho"": 659.4464214160221}","{""D"": 2.97233626499995e-09, ""cp"": 2024.3235539961324, ""k"": 0.2897671602772406, ""rho"": 684.0075939891022}","[[5.274430712537381e-15, 7.125735533852762e-07], [6.6809455692140175e-15, 1.4772356685122112e-08], [6.153502497960282e-15, 5.868574515233149e-10]]",323.31500000001824,323.315000000041,0.07380016731267268,0.265684328039861,0.0,0.0
74280.0,bdf2,50.165,0.04986,3,2.426238127767197e-14,5.859157464760401e-10,1.3642420526593924e-10,5.551115123125783e-17,-0.0,7.16227077646181e-10,-7.16227077646181e-10,1.9112571231460064e-08,1.9112370701909265e-08,2.0052955079847516e-13,0.23610026914005344,3.620460467405295e-11,1.5010820846780854e-10,6.074053605331593e-11,"{""D"": 3.620460467405295e-11, ""cp"": 1637.9219378083849, ""k"": 0.23610026914005344, ""rho"": 659.4400593123055}","{""D"": 2.9690988610857386e-09, ""cp"": 2024.0317444483599, ""k"": 0.2897266311733833, ""rho"": 683.9857271727805}","[[1.0724675782159347e-14, 7.110587290637405e-07], [4.92280199836822e-15, 1.4734565609297867e-08], [2.426238127767197e-14, 5.859157464760401e-10]]",323.3150000000258,323.3150000000409,0.07375046337738658,0.2655134935373471,0.0,0.0
74340.0,bdf2,50.165,0.04986,3,1.3361891138428022e-14,5.849721956829868e-10,2.1600499167107046e-10,5.551115123125783e-17,4.2989920242929075e-09,5.528022484213579e-10,3.7461897758715495e-09,1.9072938515074073e-08,1.907273688028693e-08,2.0163478714161648e-13,0.2360839396406912,3.6056412838841383e-11,1.4979692516442768e-10,1.2096316558555138e-11,"{""D"": 3.6056412838841383e-11, ""cp"": 1637.8043654129765, ""k"": 0.2360839396406912, ""rho"": 659.4337179008459}","{""D"": 2.965867702012992e-09, ""cp"": 2023.7404763676614, ""k"": 0.28968617727328627, ""rho"": 683.9639068171115}","[[3.5162871416915855e-15, 7.095487352115626e-07], [1.0548861425074755e-14, 1.4696851249884624e-08], [1.3361891138428022e-14, 5.849721956829868e-10]]",323.3150000000221,323.3150000000414,0.07370092110035867,0.2653430220086836,0.0,0.0
74400.0,bdf2,50.165,0.04986,3,4.7469876412836485e-15,5.84026507710611e-10,7.09405867382884e-11,5.551115123125783e-17,-0.0,6.210143510543276e-10,-6.210143510543276e-10,1.9033434551190486e-08,1.903323181947315e-08,2.0273171733740197e-13,0.23606766169229557,3.590910888937329e-11,1.4948665313947805e-10,-2.0463959544171614e-12,"{""D"": 3.590910888937329e-11, ""cp"": 1637.687164184528, ""k"": 0.23606766169229557, ""rho"": 659.4273970911157}","{""D"": 2.9626427716138163e-09, ""cp"": 2023.4497482460242, ""k"": 0.28964579836750337, ""rho"": 683.9421327740049}","[[1.1603747567582248e-14, 7.08043552177795e-07], [1.1076304496328515e-14, 1.4659212871359628e-08], [4.7469876412836485e-15, 5.84026507710611e-10]]",323.31500000002484,323.31500000004075,0.07365153977434144,0.2651729122969131,0.0,0.0
74460.0,bdf2,50.165,0.04986,3,6.153502497960269e-15,5.830783356142177e-10,2.751221472863108e-10,5.551115123125783e-17,-0.0,7.261746759468224e-10,-7.261746759468224e-10,1.8994058777159687e-08,1.8993854956763767e-08,2.0382039592019503e-13,0.2360514350774084,3.576268632986084e-11,1.4917738798357753e-10,1.3506896260417762e-11,"{""D"": 3.576268632986084e-11, ""cp"": 1637.5703325573404, ""k"": 0.2360514350774084, ""rho"": 659.4210967930823}","{""D"": 2.9594240537687835e-09, ""cp"": 2023.1595585806804, ""k"": 0.28960549424731674, ""rho"": 683.9204048959724}","[[1.2131190638835934e-14, 7.06543160589046e-07], [7.20838864046774e-15, 1.4621651278634573e-08], [6.153502497960269e-15, 5.830783356142177e-10]]",323.3150000000267,323.3150000000416,0.07360231869595471,0.2650031632497847,0.0,0.0
74520.0,bdf2,50.165,0.04986,3,1.4240962923850917e-14,5.82127956949563e-10,1.4938450476620346e-10,5.551115123125783e-17,4.298133357671216e-09,7.759126674500294e-10,3.5222206902211867e-09,1.89548106334074e-08,1.8954605732530094e-08,2.049008773052451e-13,0.23603525957971055,3.561713871928118e-11,1.4886912530035345e-10,4.3234006479724774e-11,"{""D"": 3.561713871928118e-11, ""cp"": 1637.453868973916, ""k"": 0.23603525957971055, ""rho"": 659.4148169172048}","{""D"": 2.9562115324055993e-09, ""cp"": 2022.8699058740754, ""k"": 0.2895652647047327, ""rho"": 683.8987230361249}","[[1.0021418353821018e-14, 7.050475408498791e-07], [1.6350735208865867e-14, 1.4584166388442732e-08], [1.4240962923850917e-14, 5.82127956949563e-10]]",323.3150000000294,323.31500000004144,0.07355325716566262,0.2648337737197264,0.0,0.0
74580.0,bdf2,50.165,0.04986,3,4.922801998368218e-15,5.811757602947054e-10,3.403783921385184e-10,5.551115123125783e-17,4.297848973745169e-09,6.565414878423326e-10,3.641307485902836e-09,1.891568956340929e-08,1.8915483590192437e-08,2.059732168540962e-13,0.2360191349840122,3.5472459670833e-11,1.4856186070839806e-10,-1.9169919799329624e-11,"{""D"": 3.5472459670833e-11, ""cp"": 1637.3377718848878, ""k"": 0.2360191349840122, ""rho"": 659.4085573744308}","{""D"": 2.9530051914995815e-09, ""cp"": 2022.5807886338407, ""k"": 0.2895251095324779, ""rho"": 683.8770870481686}","[[1.002141835382101e-14, 7.03556673753436e-07], [3.692101498776163e-15, 1.4546757548528078e-08], [4.922801998368218e-15, 5.811757602947054e-10]]",323.31500000002575,323.31500000004144,0.07350435448774055,0.26466474256381717,0.0,0.0
74640.0,bdf2,50.165,0.04986,3,1.090049013924389e-14,5.802212044159205e-10,1.0959411156363785e-10,5.551115123125783e-17,-0.0,4.959588295605499e-10,-4.959588295605499e-10,1.8876695013688022e-08,1.8876487976216436e-08,2.0703747158596232e-13,0.23600306107625246,3.5328642851502024e-11,1.4825558987489836e-10,-4.393693396591346e-11,"{""D"": 3.5328642851502024e-11, ""cp"": 1637.2220397490178, ""k"": 0.23600306107625246, ""rho"": 659.4023180761947}","{""D"": 2.9498050150738403e-09, ""cp"": 2022.292205372789, ""k"": 0.2894850285239985, ""rho"": 683.8554967864031}","[[4.043730212945317e-15, 7.020705398708138e-07], [5.9776881408756804e-15, 1.4509425425024425e-08], [1.090049013924389e-14, 5.802212044159205e-10]]",323.31500000001984,323.31500000004206,0.07345560997027055,0.2644960686437747,0.0,0.0
74700.0,bdf2,50.165,0.04986,3,9.493975282567266e-15,5.792644003355107e-10,6.86895873514004e-10,1.1102230246251565e-16,4.297282939583485e-09,7.986500349943526e-10,3.4986329045891327e-09,1.8837826433772237e-08,1.8837618340074755e-08,2.080936974811186e-13,0.23598703764348494,3.518568198149599e-11,1.4795030846574287e-10,1.590564898676469e-11,"{""D"": 3.518568198149599e-11, ""cp"": 1637.1066710330915, ""k"": 0.23598703764348494, ""rho"": 659.396098934412}","{""D"": 2.9466109871981847e-09, ""cp"": 2022.0041546088833, ""k"": 0.289445021473456, ""rho"": 683.8339521057186}","[[1.7581435708457892e-14, 7.005891201061765e-07], [7.208388640467733e-15, 1.4472169920787259e-08], [9.493975282567266e-15, 5.792644003355107e-10]]",323.3150000000271,323.31500000004183,0.07340702292509345,0.2643277508259265,0.0,0.0
74760.0,bdf2,50.165,0.04986,3,1.0724675782159319e-14,5.78305930920564e-10,3.8266989577095956e-10,5.551115123125783e-17,4.297001281509691e-09,4.931166586175095e-10,3.803884622892181e-09,1.879908327617573e-08,1.879887413423199e-08,2.0914194374026787e-13,0.23597106447387248,3.504357083366251e-11,1.4764601218207178e-10,-3.234725312912899e-11,"{""D"": 3.504357083366251e-11, ""cp"": 1636.991664211882, ""k"": 0.23597106447387248, ""rho"": 659.3898998614771}","{""D"": 2.9434230919899385e-09, ""cp"": 2021.7166348652254, ""k"": 0.28940508817572574, ""rho"": 683.8124528615928}","[[8.966532211313505e-15, 6.991123954191991e-07], [9.669789639651828e-15, 1.4434990966427641e-08], [1.0724675782159319e-14, 5.78305930920564e-10]]",323.3150000000197,323.31500000004183,0.07335859266778999,0.2641597879811932,0.0,0.0
74820.0,bdf2,50.165,0.04986,3,4.746987641283624e-15,5.773450884039022e-10,9.458744898438454e-11,5.551115123125783e-17,-0.0,6.565414878423326e-10,-6.565414878423326e-10,1.876046499641302e-08,1.8760254814141863e-08,2.1018227115787643e-13,0.2359551413566873,3.490230323325056e-11,1.473426967536889e-10,3.1217318834929847e-11,"{""D"": 3.490230323325056e-11, ""cp"": 1636.8770177681486, ""k"": 0.2359551413566873, ""rho"": 659.3837207702627}","{""D"": 2.940241313613703e-09, ""cp"": 2021.4296446700387, ""k"": 0.2893652284263943, ""rho"": 683.7909989100887}","[[1.1955376281751348e-14, 6.976403467140457e-07], [7.560017354636883e-15, 1.4397888714601237e-08], [4.746987641283624e-15, 5.773450884039022e-10]]",323.31500000002256,323.31500000004246,0.07331031851767733,0.2639921789850677,0.0,0.0
74880.0,bdf2,50.165,0.04986,3,1.5823292137612073e-15,5.763822613635838e-10,3.8403413782361895e-10,5.551115123125783e-17,-0.0,7.602807272633072e-10,-7.602807272633072e-10,1.8721971052932437e-08,1.8721759838203677e-08,2.1121472875928483e-13,0.23593926808229418,3.476187305713876e-11,1.4704035791904774e-10,8.026635109341838e-11,"{""D"": 3.476187305713876e-11, ""cp"": 1636.7627301925181, ""k"": 0.23593926808229418, ""rho"": 659.3775615741126}","{""D"": 2.9370656362803674e-09, ""cp"": 2021.1431825566333, ""k"": 0.28932544202175464, ""rho"": 683.769590107851}","[[7.3842029975523e-15, 6.961729551169249e-07], [1.6174920851781227e-14, 1.4360862984896805e-08], [1.5823292137612073e-15, 5.763822613635838e-10]]",323.31500000002626,323.3150000000426,0.0732621997977546,0.26382492271758506,0.0,0.0
74940.0,bdf2,50.165,0.04986,3,1.090049013924392e-14,5.754176579664261e-10,2.5625013222452253e-10,5.551115123125783e-17,-0.0,4.376943252282217e-10,-4.376943252282217e-10,1.8683600907122237e-08,1.868338866775414e-08,2.1223936809769756e-13,0.23592344444214822,3.4622274233484976e-11,1.4673899145187258e-10,-4.887057222462852e-11,"{""D"": 3.4622274233484976e-11, ""cp"": 1636.6487999834671, ""k"": 0.23592344444214822, ""rho"": 659.3714221868406}","{""D"": 2.9338960442478166e-09, ""cp"": 2020.8572470634026, ""k"": 0.2892857287588059, ""rho"": 683.7482263121037}","[[1.1779561924666817e-14, 6.947102018095563e-07], [5.274430712537391e-15, 1.4323914235281343e-08], [1.090049013924392e-14, 5.754176579664261e-10]]",323.3150000000175,323.31500000004115,0.07321423583469268,0.2636580180633102,0.0,0.0
75000.0,bdf2,50.165,0.04986,3,1.5823292137612225e-14,5.744510284122484e-10,3.0240698833949864e-10,1.1102230246251565e-16,-0.0,2.4016344468691386e-10,-2.4016344468691386e-10,1.8645354023300334e-08,1.86451407670542e-08,2.132562461327716e-13,0.23590767022879047,3.448350074130797e-11,1.4643859314607283e-10,-4.0909415443097974e-11,"{""D"": 3.448350074130797e-11, ""cp"": 1636.5352256472916, ""k"": 0.23590767022879047, ""rho"": 659.3653025227287}","{""D"": 2.9307325218209946e-09, ""cp"": 2020.5718367337931, ""k"": 0.28924608843524907, ""rho"": 683.7269073806477}","[[1.9339579279303823e-15, 6.932520682512155e-07], [1.2307004995920615e-15, 1.4287041882887763e-08], [1.5823292137612225e-14, 5.744510284122484e-10]]",323.3150000000096,323.3150000000395,0.07316642595881775,0.2634914639113106,0.0,0.0
75060.0,bdf2,50.165,0.04986,3,1.1955376281751416e-14,5.734823171898995e-10,1.6552803572267294e-10,8.326672684688674e-17,4.29560642628334e-09,6.23856521997368e-10,3.671749904285972e-09,1.860722986868158e-08,1.8607015603265362e-08,2.1426541621765646e-13,0.2358919452358394,3.4345546609943827e-11,1.4613915880443285e-10,4.904725896017444e-11,"{""D"": 3.4345546609943827e-11, ""cp"": 1636.4220056980437, ""k"": 0.2358919452358394, ""rho"": 659.3592024965225}","{""D"": 2.927575053351311e-09, ""cp"": 2020.2869501162982, ""k"": 0.28920652084948584, ""rho"": 683.7056331718582}","[[1.7581435708457965e-15, 6.917985355126e-07], [2.6372153562686957e-15, 1.4250246302416336e-08], [1.1955376281751416e-14, 5.734823171898995e-10]]",323.31500000002495,323.31500000004064,0.07311876950408171,0.26332525915514166,0.0,0.0
75120.0,bdf2,50.165,0.04986,3,7.384202997552317e-15,5.725116491994697e-10,2.7193891583010554e-10,5.551115123125783e-17,-0.0,6.963318810448982e-10,-6.963318810448982e-10,1.8569227913351374e-08,1.8569012646423e-08,2.1526692837361815e-13,0.2358762692579809,3.420840591848632e-11,1.4584068428284367e-10,-3.737924548841618e-11,"{""D"": 3.420840591848632e-11, ""cp"": 1636.3091386574624, ""k"": 0.2358762692579809, ""rho"": 659.3531220234277}","{""D"": 2.924423623236054e-09, ""cp"": 2020.0025857644207, ""k"": 0.289167025800614, ""rho"": 683.6844035446805}","[[8.263274782975212e-15, 6.903495852195185e-07], [6.85675992629858e-15, 1.4213527355089184e-08], [7.384202997552317e-15, 5.725116491994697e-10]]",323.3150000000246,323.31500000004183,0.07307126580802875,0.2631594026928168,0.0,0.0
75180.0,bdf2,50.165,0.04986,3,1.8108878779711663e-14,5.715390383187469e-10,8.93578544491902e-11,5.551115123125783e-17,-4.295054682564484e-09,7.30437932361383e-10,-5.025492614925867e-09,1.8531347630265156e-08,1.8531131369430774e-08,2.1626083438216301e-13,0.23586064209096708,3.407207279549757e-11,1.4554316542760056e-10,3.712990349594302e-11,"{""D"": 3.407207279549757e-11, ""cp"": 1636.1966230549629, ""k"": 0.23586064209096708, ""rho"": 659.3470610191089}","{""D"": 2.921278215918826e-09, ""cp"": 2019.718742236671, ""k"": 0.28912760308842655, ""rho"": 683.6632183586297}","[[3.516287141691585e-15, 6.889051988312467e-07], [2.813029713353267e-15, 1.4176885318462062e-08], [1.8108878779711663e-14, 5.715390383187469e-10]]",323.3150000000254,323.3150000000414,0.07302391421178847,0.2629938934267944,0.0,0.0
75240.0,bdf2,50.165,0.04986,3,4.219544570029927e-15,5.705650257814554e-10,5.129550117999315e-10,1.1102230246251565e-16,4.294780123814379e-09,6.124878382252064e-10,3.682292285589173e-09,1.8493588495214862e-08,1.8493371248033708e-08,2.1724718115435795e-13,0.23584506353160634,3.393654141843984e-11,1.4524659812761143e-10,1.343066502890949e-11,"{""D"": 3.393654141843984e-11, ""cp"": 1636.0844574275657, ""k"": 0.23584506353160634, ""rho"": 659.3410193996854}","{""D"": 2.9181388158896814e-09, ""cp"": 2019.4354180965424, ""k"": 0.28908825251340864, ""rho"": 683.6420774737862}","[[1.2482819353005202e-14, 6.874653579180823e-07], [5.6260594267065695e-15, 1.4140319914979216e-08], [4.219544570029927e-15, 5.705650257814554e-10]]",323.31500000002274,323.31500000003945,0.07297671406004214,0.2628287302639551,0.0,0.0
75300.0,bdf2,50.165,0.04986,3,2.3910752563502917e-14,5.695886817758122e-10,5.247784429229796e-10,5.551115123125783e-17,4.294506435491572e-09,5.272227099339943e-10,3.7672837255575774e-09,1.845594998683197e-08,1.845573176080457e-08,2.182260274001741e-13,0.23582953337775878,3.380180601327259e-11,1.4495097828653284e-10,6.785149869082696e-11,"{""D"": 3.380180601327259e-11, ""cp"": 1635.9726403198633, ""k"": 0.23582953337775878, ""rho"": 659.3349970817287}","{""D"": 2.9150054076850075e-09, ""cp"": 2019.1526119124828, ""k"": 0.2890489738767337, ""rho"": 683.6209807507936}","[[8.439089140059852e-15, 6.8603004438339e-07], [3.270147041773192e-14, 1.410383161648543e-08], [2.3910752563502917e-14, 5.695886817758122e-10]]",323.3150000000211,323.3150000000395,0.07292966470100572,0.26266391211557494,0.0,0.0
75360.0,bdf2,50.165,0.04986,3,3.1646584275224395e-15,5.686110471359029e-10,5.472884367918596e-10,5.551115123125783e-17,4.2942336138861004e-09,5.485389920067973e-10,3.745694621879303e-09,1.8418431586543974e-08,1.8418212389125898e-08,2.1919741807522342e-13,0.23581405142832979,3.366786085398245e-11,1.4465630182762005e-10,1.0179060778739681e-11,"{""D"": 3.366786085398245e-11, ""cp"": 1635.8611702839744, ""k"": 0.23581405142832979, ""rho"": 659.3289939822602}","{""D"": 2.9118779758865923e-09, ""cp"": 2018.8703222578938, ""k"": 0.28900976698026304, ""rho"": 683.5999280508564}","[[8.43908914005984e-15, 6.845992398529788e-07], [7.735831711721518e-15, 1.4067419326635466e-08], [3.1646584275224395e-15, 5.686110471359029e-10]]",323.31500000002194,323.3150000000401,0.07288276548640737,0.2624994378973158,0.0,0.0
75420.0,bdf2,50.165,0.04986,3,2.637215356268687e-15,5.676314002167615e-10,3.433342499192804e-11,1.1102230246251565e-16,-0.0,7.347011887759436e-10,-7.347011887759436e-10,1.8381032778572027e-08,1.8380812617164164e-08,2.2016140786276182e-13,0.23579861748326048,3.3534700262115705e-11,1.4436256470675923e-10,2.9477584523367454e-11,"{""D"": 3.3534700262115705e-11, ""cp"": 1635.7500458794755, ""k"": 0.23579861748326048, ""rho"": 659.3230100187462}","{""D"": 2.90875650512207e-09, ""cp"": 2018.588547711095, ""k"": 0.288970631626541, ""rho"": 683.5789192357369}","[[2.4614009991841063e-15, 6.831729262857245e-07], [5.2744307125373655e-15, 1.4031084280552442e-08], [2.637215356268687e-15, 5.676314002167615e-10]]",323.31500000002643,323.3150000000416,0.07283601577145521,0.2623353065291939,0.0,0.0
75480.0,bdf2,50.165,0.04986,3,1.7581435708457977e-14,5.666498520406904e-10,7.112248567864299e-10,5.551115123125783e-17,-4.293690556083174e-09,5.698552740796003e-10,-4.863545830162774e-09,1.8343753049901007e-08,1.8343531931857435e-08,2.2111804357128582e-13,0.2357832313435237,3.340231860632924e-11,1.4406976288966649e-10,6.59622846273011e-11,"{""D"": 3.340231860632924e-11, ""cp"": 1635.6392656733706, ""k"": 0.2357832313435237, ""rho"": 659.3170451090972}","{""D"": 2.90564098006428e-09, ""cp"": 2018.3072868553152, ""k"": 0.2889315676187938, ""rho"": 683.5579541677524}","[[1.3537705495512645e-14, 6.817510855294806e-07], [8.087460425890664e-15, 1.3994826172925023e-08], [1.7581435708457977e-14, 5.666498520406904e-10]]",323.31500000001887,323.3150000000404,0.0727894149148218,0.26217151693556623,0.0,0.0
75540.0,bdf2,50.165,0.04986,3,9.493975282567267e-15,5.656668328191117e-10,7.039488991722465e-10,8.326672684688674e-17,4.29342031256145e-09,5.258016244624741e-10,3.767618688098976e-09,1.8306591890278898e-08,1.830636982290702e-08,2.2206737187694303e-13,0.23576789281112154,3.3270710302065345e-11,1.4377789236820153e-10,-7.001039877173725e-12,"{""D"": 3.3270710302065345e-11, ""cp"": 1635.5288282400752, ""k"": 0.23576789281112154, ""rho"": 659.3110991716651}","{""D"": 2.902531385432909e-09, ""cp"": 2018.0265382786688, ""k"": 0.2888925747609262, ""rho"": 683.5370327097737}","[[9.142346568398101e-15, 6.8033369987619e-07], [6.153502497960262e-15, 1.3958644670686304e-08], [9.493975282567267e-15, 5.656668328191117e-10]]",323.31500000002075,323.3150000000418,0.07274296227863378,0.26200806804510707,0.0,0.0
75600.0,bdf2,50.165,0.04986,3,6.153502497960298e-15,5.646822731630863e-10,7.73070496506989e-11,5.551115123125783e-17,4.29315092110822e-09,3.538502824085299e-10,3.93930063869969e-09,1.826954879218727e-08,1.8269325782740408e-08,2.2300944686080188e-13,0.2357526016890711,3.31398698109663e-11,1.434869491596647e-10,3.8213609219395756e-11,"{""D"": 3.31398698109663e-11, ""cp"": 1635.4187321613122, ""k"": 0.2357526016890711, ""rho"": 659.3051721252384}","{""D"": 2.8994277059912327e-09, ""cp"": 2017.7463005741402, ""k"": 0.28885365285751946, ""rho"": 683.516154725221}","[[1.177956192466686e-14, 6.789207512292172e-07], [9.493975282567318e-15, 1.3922540037514253e-08], [6.153502497960298e-15, 5.646822731630863e-10]]",323.31500000001415,323.3150000000401,0.07269665722842551,0.2618449587907891,0.0,0.0
75660.0,bdf2,50.165,0.04986,3,6.1535024979602856e-15,5.636956873500409e-10,1.227817847393453e-10,5.551115123125783e-17,-0.0,5.897504706808832e-10,-5.897504706808832e-10,1.8232623250830676e-08,1.8232399306513757e-08,2.2394431691954566e-13,0.2357373577814066,3.3009791640591265e-11,1.4319692929185704e-10,1.5614809119839616e-11,"{""D"": 3.3009791640591265e-11, ""cp"": 1635.3089760261273, ""k"": 0.2357373577814066, ""rho"": 659.2992638890422}","{""D"": 2.896329926549404e-09, ""cp"": 2017.466572339564, ""k"": 0.28881480171382834, ""rho"": 683.4953200780625}","[[1.828469313679628e-14, 6.775122217694829e-07], [2.7954482776448155e-14, 1.3886512412186747e-08], [6.1535024979602856e-15, 5.636956873500409e-10]]",323.3150000000236,323.31500000004075,0.0726504991331422,0.26168218810986293,0.0,0.0
75720.0,bdf2,50.165,0.04986,3,8.614903497144437e-15,5.627076721248514e-10,5.497895472217351e-10,5.551115123125783e-17,-0.0,8.483880264975596e-10,-8.483880264975596e-10,1.8195814764102658e-08,1.8195589892072072e-08,2.2487203058551526e-13,0.2357221608931637,3.288047034383106e-11,1.4290782882856951e-10,3.020843747589633e-11,"{""D"": 3.288047034383106e-11, ""cp"": 1635.1995584307788, ""k"": 0.2357221608931637, ""rho"": 659.2933743827315}","{""D"": 2.893238031961491e-09, ""cp"": 2017.1873521776074, ""k"": 0.2887760211357788, ""rho"": 683.4745286328111}","[[5.45024506962199e-15, 6.761080940109743e-07], [1.4065148566766434e-14, 1.3850560892647579e-08], [8.614903497144437e-15, 5.627076721248514e-10]]",323.31500000002933,323.3150000000394,0.07260448736509009,0.2615197549438375,0.0,0.0
75780.0,bdf2,50.165,0.04986,3,1.7405621351373463e-14,5.617182552430933e-10,4.724824975710362e-10,5.551115123125783e-17,-0.0,6.068034963391256e-10,-6.068034963391256e-10,1.8159122832584037e-08,1.8158897039954125e-08,2.2579262991257304e-13,0.23570701083038292,3.27519005186053e-11,1.4261964384109415e-10,-2.5012890237358446e-11,"{""D"": 3.27519005186053e-11, ""cp"": 1635.090477978757, ""k"": 0.23570701083038292, ""rho"": 659.2875035263927}","{""D"": 2.8901520071275657e-09, ""cp"": 2016.9086386957497, ""k"": 0.28873731092996524, ""rho"": 683.4537802545227}","[[1.2307004995920607e-14, 6.747083502456341e-07], [1.6350735208865993e-14, 1.3814686658508712e-08], [1.7405621351373463e-14, 5.617182552430933e-10]]",323.31500000002427,323.3150000000392,0.07255862129994266,0.2613576582384589,0.0,0.0
75840.0,bdf2,50.165,0.04986,3,4.043730212945319e-15,5.607267844487396e-10,2.1714186004828662e-10,5.551115123125783e-17,-0.0,6.068034963391256e-10,-6.068034963391256e-10,1.812254695953381e-08,1.8122320253361777e-08,2.2670617203242954e-13,0.23569190740009763,3.262407680746784e-11,1.4233237043073308e-10,-1.4978349377133946e-11,"{""D"": 3.262407680746784e-11, ""cp"": 1634.9817332807029, ""k"": 0.23569190740009763, ""rho"": 659.2816512405379}","{""D"": 2.887071836992095e-09, ""cp"": 2016.630430506264, ""k"": 0.28869867090364776, ""rho"": 683.4330748087924}","[[1.0373047067990178e-14, 6.733129728209164e-07], [1.406514856676635e-14, 1.3778889335069877e-08], [4.043730212945319e-15, 5.607267844487396e-10]]",323.3150000000228,323.31500000004166,0.07251290031670223,0.26119589694369044,0.0,0.0
75900.0,bdf2,50.165,0.04986,3,5.8018737837911344e-15,5.597341062868466e-10,8.822098607197404e-11,5.551115123125783e-17,-0.0,4.916955731459893e-10,-4.916955731459893e-10,1.8086086650845954e-08,1.808585903814952e-08,2.276126964346872e-13,0.23567685041033082,3.249699389710458e-11,1.4204600471434802e-10,9.295723970597198e-12,"{""D"": 3.249699389710458e-11, ""cp"": 1634.8733229543818, ""k"": 0.23567685041033082, ""rho"": 659.2758174461039}","{""D"": 2.8839975065436294e-09, ""cp"": 2016.3527262261964, ""k"": 0.2886601008647495, ""rho"": 683.4124121617526}","[[9.84560399673647e-15, 6.71921944472853e-07], [9.14234656839815e-15, 1.3743168852942134e-08], [5.8018737837911344e-15, 5.597341062868466e-10]]",323.31500000001967,323.3150000000403,0.0724673237976869,0.261034470013692,0.0,0.0
75960.0,bdf2,50.165,0.04986,3,1.4944220352189224e-14,5.587395685013874e-10,2.460183168295771e-10,8.326672684688674e-17,-0.0,6.295408638834488e-10,-6.295408638834488e-10,1.804974141506399e-08,1.8049512902807873e-08,2.285122561184622e-13,0.23566183967008925,3.2370646518015815e-11,1.4176054283700152e-10,5.97169226537546e-11,"{""D"": 3.2370646518015815e-11, ""cp"": 1634.7652456246426, ""k"": 0.23566183967008925, ""rho"": 659.2700020644493}","{""D"": 2.8809290008167796e-09, ""cp"": 2016.0755244773627, ""k"": 0.28862160062185593, ""rho"": 683.3917921800714}","[[1.3537705495512593e-14, 6.705352477709425e-07], [2.813029713353266e-15, 1.3707525212125482e-08], [1.4944220352189224e-14, 5.587395685013874e-10]]",323.31500000002296,323.31500000004166,0.07242189112850984,0.26087337640680824,0.0,0.0
76020.0,bdf2,50.165,0.04986,3,8.263274782975204e-15,5.577438372261767e-10,2.1577761799562722e-10,5.551115123125783e-17,4.291288737530675e-09,5.712763595511205e-10,3.720012377979555e-09,1.8013510763329913e-08,1.8013281358437504e-08,2.29404892409698e-13,0.23564687498935374,3.2245029444008036e-11,1.4147598094849672e-10,-1.058923196303656e-11,"{""D"": 3.2245029444008036e-11, ""cp"": 1634.6574999233471, ""k"": 0.23564687498935374, ""rho"": 659.26420501735}","{""D"": 2.8778663048895686e-09, ""cp"": 2015.7988238863131, ""k"": 0.28858316998421013, ""rho"": 683.3712147309491}","[[5.626059426706523e-15, 6.691528653401946e-07], [9.142346568398098e-15, 1.3671958329353195e-08], [8.263274782975204e-15, 5.577438372261767e-10]]",323.31500000002285,323.3150000000422,0.07237660169804688,0.2607126150855396,0.0,0.0
76080.0,bdf2,50.165,0.04986,3,9.142346568398073e-15,5.567467598055487e-10,5.900346877751872e-10,1.1102230246251565e-16,4.291026034038699e-09,7.133849067031406e-10,3.5776411273355585e-09,1.797739420939569e-08,1.7977163918740045e-08,2.302906556439892e-13,0.23563195617907626,3.212013749190084e-11,1.4119231524676967e-10,5.914829850380144e-11,"{""D"": 3.212013749190084e-11, ""cp"": 1634.550084489349, ""k"": 0.23563195617907626, ""rho"": 659.2584262269984}","{""D"": 2.8748094038847067e-09, ""cp"": 2015.522623084319, ""k"": 0.28854480876171096, ""rho"": 683.3506796821154}","[[7.911646068806018e-15, 6.677747801941969e-07], [4.395358927114458e-15, 1.363646823238085e-08], [9.142346568398073e-15, 5.567467598055487e-10]]",323.3150000000277,323.3150000000431,0.07233145489842506,0.26055218501652627,0.0,0.0
76140.0,bdf2,50.165,0.04986,3,1.3713519852597152e-14,5.557481280726861e-10,1.0231815394945443e-10,8.326672684688674e-17,-0.0,5.769607014372014e-10,-5.769607014372014e-10,1.794139126959237e-08,1.794116010000497e-08,2.3116958739874215e-13,0.23561708305117543,3.19959655210623e-11,1.4090954191304152e-10,-3.192489116446084e-11,"{""D"": 3.19959655210623e-11, ""cp"": 1634.442997968463, ""k"": 0.23561708305117543, ""rho"": 659.2526656160007}","{""D"": 2.8717582829690145e-09, ""cp"": 2015.2469207073545, ""k"": 0.28850651676491035, ""rho"": 683.3301869018275}","[[1.7581435708457884e-15, 6.664009748469368e-07], [7.560017354636891e-15, 1.3601055129375261e-08], [1.3713519852597152e-14, 5.557481280726861e-10]]",323.3150000000231,323.31500000004206,0.07228645012500622,0.26039208517052714,0.0,0.0
76200.0,bdf2,50.165,0.04986,3,9.493975282567254e-15,5.547476783496208e-10,2.631850293255411e-11,1.1102230246251565e-16,-0.0,9.421796676178928e-10,-9.421796676178928e-10,1.7905501462828333e-08,1.7905269421085023e-08,2.320417433101248e-13,0.2356022554185274,3.1872508433091143e-11,1.4062765718122736e-10,4.97649942180989e-11,"{""D"": 3.1872508433091143e-11, ""cp"": 1634.3362390133973, ""k"": 0.2356022554185274, ""rho"": 659.2469231073736}","{""D"": 2.8687129273538473e-09, ""cp"": 2014.9717153960844, ""k"": 0.2884682938050117, ""rho"": 683.3097362588679}","[[9.142346568398098e-15, 6.650314324785356e-07], [1.2131190638835947e-14, 1.3565718562369433e-08], [9.493975282567254e-15, 5.547476783496208e-10]]",323.31500000003115,323.31500000004223,0.07224158677635628,0.26023231452240536,0.0,0.0
76260.0,bdf2,50.165,0.04986,3,1.599910649469666e-14,5.537461184035308e-10,7.646576705155894e-10,5.551115123125783e-17,8.580485661902705e-09,5.215383680479135e-10,8.058947293854792e-09,1.786972431053635e-08,1.78694914033806e-08,2.329071557506776e-13,0.23558747309496028,3.1749761171275667e-11,1.4034665728720875e-10,3.193340872988121e-11,"{""D"": 3.1749761171275667e-11, ""cp"": 1634.229806283714, ""k"": 0.23558747309496028, ""rho"": 659.2411986245409}","{""D"": 2.8656733222942107e-09, ""cp"": 2014.6970057958351, ""k"": 0.288430139693866, ""rho"": 683.2893276225411}","[[3.692101498776154e-15, 6.63666136158092e-07], [8.439089140059777e-15, 1.3530459169741604e-08], [1.599910649469666e-14, 5.537461184035308e-10]]",323.31500000002086,323.3150000000424,0.07219686425422575,0.2600728720511023,0.0,0.0
76320.0,bdf2,50.165,0.04986,3,7.03257428338316e-15,5.527434482344162e-10,4.05634636990726e-10,5.551115123125783e-17,-0.0,6.579625733138528e-10,-6.579625733138528e-10,1.7834059336714415e-08,1.783382557083716e-08,2.3376587725629563e-13,0.23557273589525396,3.162771872047829e-11,1.400665384910987e-10,1.4272515376114805e-11,"{""D"": 3.162771872047829e-11, ""cp"": 1634.1236984458287, ""k"": 0.23557273589525396, ""rho"": 659.235492091334}","{""D"": 2.8626394530891157e-09, ""cp"": 2014.4227905565938, ""k"": 0.28839205424397135, ""rho"": 683.2689608626724}","[[1.195537628175137e-14, 6.62305068954705e-07], [1.8108878779711638e-14, 1.3495276118824506e-08], [7.03257428338316e-15, 5.527434482344162e-10]]",323.3150000000263,323.31500000004183,0.07215228196354645,0.2599137567396281,0.0,0.0
76380.0,bdf2,50.165,0.04986,3,2.1625165921403205e-14,5.51739376408733e-10,2.751221472863108e-10,1.1102230246251565e-16,4.289724750760059e-09,6.892264536872972e-10,3.6004982970727617e-09,1.779850606786045e-08,1.779827144991042e-08,2.3461795002973376e-13,0.23555804363512672,3.150637610647466e-11,1.39787297080174e-10,-3.395382815724678e-11,"{""D"": 3.150637610647466e-11, ""cp"": 1634.0179141729125, ""k"": 0.23555804363512672, ""rho"": 659.2298034319857}","{""D"": 2.859611305081122e-09, ""cp"": 2014.1490683329675, ""k"": 0.28835403726846776, ""rho"": 683.2486358496038}","[[6.505131212129419e-15, 6.609482139929845e-07], [4.395358927114472e-15, 1.3460170256163195e-08], [2.1625165921403205e-14, 5.51739376408733e-10]]",323.31500000002757,323.315000000042,0.07210783931238803,0.2597549675750295,0.0,0.0
76440.0,bdf2,50.165,0.04986,3,1.2658633710089679e-14,5.507334588372714e-10,3.1036506698001176e-11,5.551115123125783e-17,-4.2894669170293355e-09,7.716494110354688e-10,-5.061116328064804e-09,1.776306403298126e-08,1.7762828569557464e-08,2.354634237977817e-13,0.23554339613123232,3.1385728395734886e-11,1.3950892934751505e-10,-4.807981848038448e-11,"{""D"": 3.1385728395734886e-11, ""cp"": 1633.9124521448728, ""k"": 0.23554339613123232, ""rho"": 659.2241325711292}","{""D"": 2.856588863656854e-09, ""cp"": 2013.8758377841866, ""k"": 0.288316088581137, ""rho"": 683.2283524541931}","[[1.0548861425074729e-15, 6.595955545640741e-07], [6.680945569213996e-15, 1.34251412070574e-08], [1.2658633710089679e-14, 5.507334588372714e-10]]",323.31500000002984,323.31500000004206,0.07206353571194683,0.2595965035483834,0.0,0.0
76500.0,bdf2,50.165,0.04986,3,5.62605942670651e-15,5.497266808429657e-10,8.913048077374697e-11,8.326672684688674e-17,4.289209883051217e-09,8.597567102697212e-10,3.4294531727814956e-09,1.772773276356575e-08,1.7727496461230672e-08,2.363023350788091e-13,0.23552879320115852,3.126577069503761e-11,1.392314316174979e-10,1.8854329998532304e-11,"{""D"": 3.126577069503761e-11, ""cp"": 1633.8073110483413, ""k"": 0.23552879320115852, ""rho"": 659.2184794337969}","{""D"": 2.85357211424597e-09, ""cp"": 2013.6030975740762, ""k"": 0.28827820799639947, ""rho"": 683.2081105478107}","[[1.230700499592046e-14, 6.582470740146285e-07], [6.505131212129392e-15, 1.339018866619579e-08], [5.62605942670651e-15, 5.497266808429657e-10]]",323.31500000003064,323.31500000004286,0.07201937057653834,0.2594383636547715,0.0,0.0
76560.0,bdf2,50.165,0.04986,3,1.2307004995920441e-15,5.487186260921817e-10,1.0891199053730816e-10,5.551115123125783e-17,-0.0,4.718003765447065e-10,-4.718003765447065e-10,1.769251179357184e-08,1.7692274658840013e-08,2.371347318261304e-13,0.2355142346634123,3.1146498151016754e-11,1.3895480022496953e-10,8.487439313458243e-12,"{""D"": 3.1146498151016754e-11, ""cp"": 1633.7024895765685, ""k"": 0.2355142346634123, ""rho"": 659.2128439454144}","{""D"": 2.8505610423216964e-09, ""cp"": 2013.33084637104, ""k"": 0.2882403953293111, ""rho"": 683.1879100023377}","[[1.1427933210497553e-14, 6.569027558023244e-07], [4.395358927114444e-15, 1.3355313147056513e-08], [1.2307004995920441e-15, 5.487186260921817e-10]]",323.31500000001887,323.31500000004417,0.07197534332355002,0.2592805468932632,0.0,0.0
76620.0,bdf2,50.165,0.04986,3,4.2195445700298685e-15,5.477092251959803e-10,7.369180821115151e-10,5.551115123125783e-17,-4.288698200983518e-09,5.755396159656812e-10,-4.864237816949199e-09,1.7657400659426818e-08,1.765716269876968e-08,2.3796065713916433e-13,0.2354997203374276,3.102790594999313e-11,1.3867903153550385e-10,5.273533047208306e-11,"{""D"": 3.102790594999313e-11, ""cp"": 1633.5979864294786, ""k"": 0.2354997203374276, ""rho"": 659.2072260318032}","{""D"": 2.847555633400237e-09, ""cp"": 2013.0590828480474, ""k"": 0.28820265039556214, ""rho"": 683.167750690163}","[[5.8018737837910745e-15, 6.555625833848389e-07], [1.0021418353820947e-14, 1.3320514122283633e-08], [4.2195445700298685e-15, 5.477092251959803e-10]]",323.31500000002046,323.31500000004394,0.0719314533734621,0.25912305226689836,0.0,0.0
76680.0,bdf2,50.165,0.04986,3,1.51200347092736e-14,5.466985614210884e-10,4.871480996371247e-11,5.551115123125783e-17,-0.0,5.485389920067973e-10,-5.485389920067973e-10,1.762239889998362e-08,1.7622160119830388e-08,2.3878015323059185e-13,0.2354852500435466,3.09099893173651e-11,1.384041219244707e-10,2.2832496090460313e-11,"{""D"": 3.09099893173651e-11, ""cp"": 1633.4938003135355, ""k"": 0.2354852500435466, ""rho"": 659.2016256191729}","{""D"": 2.84455587304165e-09, ""cp"": 2012.787805682609, ""k"": 0.2881649730114735, ""rho"": 683.1476324841813}","[[1.42409629238507e-14, 6.542265404974046e-07], [9.31816092548258e-15, 1.3285792188622025e-08], [1.51200347092736e-14, 5.466985614210884e-10]]",323.3150000000204,323.315000000046,0.07188770014978799,0.2589658787826659,0.0,0.0
76740.0,bdf2,50.165,0.04986,3,4.3953589271144556e-15,5.456869539566256e-10,4.220055416226387e-10,5.551115123125783e-17,4.28818967798865e-09,6.551204023708124e-10,3.6330692756178373e-09,1.758750605652274e-08,1.758726646326042e-08,2.3959326231971144e-13,0.2354708236030208,3.079274351742117e-11,1.381300677897657e-10,1.2695816335852482e-11,"{""D"": 3.079274351742117e-11, ""cp"": 1633.3899299417496, ""k"": 0.2354708236030208, ""rho"": 659.1960426341217}","{""D"": 2.8415617468477545e-09, ""cp"": 2012.5170135567614, ""k"": 0.2881273629939946, ""rho"": 683.1275552577903}","[[4.219544570029876e-15, 6.528946104866762e-07], [1.5823292137612045e-15, 1.325114670769345e-08], [4.3953589271144556e-15, 5.456869539566256e-10]]",323.31500000002484,323.31500000004326,0.07184408307907553,0.2588090254514866,0.0,0.0
76800.0,bdf2,50.165,0.04986,3,5.977688140875677e-15,5.446740142245332e-10,7.344169716816396e-10,8.326672684688674e-17,4.287936592914709e-09,5.101696842757519e-10,3.777766908638957e-09,1.7552721672734487e-08,1.7552481272706153e-08,2.4040002833312234e-13,0.23545644083800402,3.0676163852901677e-11,1.378568655415822e-10,2.433147706828898e-11,"{""D"": 3.0676163852901677e-11, ""cp"": 1633.286374033629, ""k"": 0.23545644083800402, ""rho"": 659.190477003633}","{""D"": 2.8385732404645455e-09, ""cp"": 2012.2467051570518, ""k"": 0.2880898201607016, ""rho"": 683.107518884889}","[[4.043730212945311e-15, 6.51566777309931e-07], [7.735831711721465e-15, 1.3216578109709332e-08], [5.977688140875677e-15, 5.446740142245332e-10]]",323.3150000000204,323.3150000000423,0.0718006015908827,0.2586524912881954,0.0,0.0
76860.0,bdf2,50.165,0.04986,3,1.6702363923034935e-14,5.436602140695967e-10,4.761204763781279e-10,1.1102230246251565e-16,4.287684287767866e-09,5.556444193643983e-10,3.732039868403468e-09,1.7518045294707842e-08,1.7517804094215626e-08,2.412004922162649e-13,0.23544210157155046,3.056024566474561e-11,1.3758451161749318e-10,-3.420190321565669e-11,"{""D"": 3.056024566474561e-11, ""cp"": 1633.1831313151633, ""k"": 0.23544210157155046, ""rho"": 659.1849286550745}","{""D"": 2.8355903395803845e-09, ""cp"": 2011.9768791745264, ""k"": 0.2880523443297953, ""rho"": 683.0875232398754}","[[2.7778668419363407e-14, 6.502430247024016e-07], [2.074609413598026e-14, 1.3182086283647365e-08], [1.6702363923034935e-14, 5.436602140695967e-10]]",323.3150000000222,323.3150000000432,0.07175725511776954,0.2584962753115268,0.0,0.0
76920.0,bdf2,50.165,0.04986,3,1.9339579279303552e-14,5.426446236800331e-10,7.51469997339882e-10,5.551115123125783e-17,4.287432759302355e-09,6.73594513500575e-10,3.6138382458017803e-09,1.7483476470907667e-08,1.7483234476204435e-08,2.419947032327076e-13,0.2354278056276015,3.0444984331617e-11,1.3731300247137733e-10,5.559558957990533e-11,"{""D"": 3.0444984331617e-11, ""cp"": 1633.0802005187309, ""k"": 0.2354278056276015, ""rho"": 659.1793975161927}","{""D"": 2.832613029925835e-09, ""cp"": 2011.7075343046984, ""k"": 0.288014935320097, ""rho"": 683.0675681976433}","[[3.3404727846069744e-15, 6.489233365658542e-07], [1.1603747567582149e-14, 1.3147670646640464e-08], [1.9339579279303552e-14, 5.426446236800331e-10]]",323.31500000002103,323.31500000004417,0.07171404309525554,0.2583403765440882,0.0,0.0
76980.0,bdf2,50.165,0.04986,3,2.4614009991840992e-15,5.416286169568352e-10,8.36735125631094e-11,1.1102230246251565e-16,-0.0,5.144329406903125e-10,-5.144329406903125e-10,1.7449014752152407e-08,1.7448771969464128e-08,2.4278268827905534e-13,0.23541355283098997,3.0330375269655216e-11,1.3704233457767998e-10,-3.397407266010398e-11,"{""D"": 3.0330375269655216e-11, ""cp"": 1632.9775803831276, ""k"": 0.23541355283098997, ""rho"": 659.1738835151143}","{""D"": 2.8296412972738916e-09, ""cp"": 2011.43866924754, ""k"": 0.2879775929510472, ""rho"": 683.0476536335805}","[[9.845603996736408e-15, 6.476076969130773e-07], [1.1252118853413043e-14, 1.31133322534005e-08], [2.4614009991840992e-15, 5.416286169568352e-10]]",323.3150000000206,323.31500000004274,0.07167096496183016,0.2581847940123474,0.0,0.0
77040.0,bdf2,50.165,0.04986,3,1.3010262424258885e-14,5.40611402866098e-10,4.132516551180743e-11,5.551115123125783e-17,4.286932019514734e-09,5.016431714466307e-10,3.785288848068103e-09,1.7414659691630388e-08,1.7414416127130517e-08,2.435644998713508e-13,0.2353993430074278,3.021641393212381e-11,1.367725044207345e-10,-3.467826037026472e-11,"{""D"": 3.021641393212381e-11, ""cp"": 1632.8752696534802, ""k"": 0.2353993430074278, ""rho"": 659.1683865803409}","{""D"": 2.8266751274405436e-09, ""cp"": 2011.1702827074705, ""k"": 0.28794031704270423, ""rho"": 683.0277794235669}","[[3.340472784607011e-15, 6.46296089645837e-07], [1.3713519852597198e-14, 1.3079070021460026e-08], [1.3010262424258885e-14, 5.40611402866098e-10]]",323.31500000002006,323.31500000004087,0.07162802015891315,0.25802952674661706,0.0,0.0
77100.0,bdf2,50.165,0.04986,3,1.4416777280935478e-14,5.39592731607641e-10,4.997673386242241e-10,8.326672684688674e-17,-4.28668280178307e-09,5.726974450226407e-10,-4.859380246805711e-09,1.738041084485151e-08,1.7380166504673034e-08,2.4434017847526954e-13,0.23538517598350261,3.0103095809031554e-11,1.3650350851913486e-10,2.8968919934665703e-11,"{""D"": 3.0103095809031554e-11, ""cp"": 1632.7732670812188, ""k"": 0.23538517598350261, ""rho"": 659.1629066407477}","{""D"": 2.823714506284063e-09, ""cp"": 2010.90237339333, ""k"": 0.28790310741574027, ""rho"": 683.0079454439722}","[[4.57117328419906e-15, 6.449884989434551e-07], [6.8567599262985856e-15, 1.3044884866753037e-08], [1.4416777280935478e-14, 5.39592731607641e-10]]",323.31500000001944,323.31500000004183,0.0715852081308413,0.25787457378103223,0.0,0.0
77160.0,bdf2,50.165,0.04986,3,5.977688140875712e-15,5.385735607488229e-10,1.4028955774847418e-10,5.551115123125783e-17,-0.0,4.916955731459893e-10,-4.916955731459893e-10,1.7346267769647545e-08,1.7346022659888494e-08,2.45109759050773e-13,0.2353710515866758,2.9990416426841177e-11,1.3623534338823817e-10,-9.375335193525294e-11,"{""D"": 2.9990416426841177e-11, ""cp"": 1632.6715714240656, ""k"": 0.2353710515866758, ""rho"": 659.1574436255821}","{""D"": 2.820759419704012e-09, ""cp"": 2010.6349400183617, ""k"": 0.2878659638914391, ""rho"": 682.9881515716521}","[[8.263274782975249e-15, 6.436849089297425e-07], [1.4592591638020124e-14, 1.3010775859467749e-08], [5.977688140875712e-15, 5.385735607488229e-10]]",323.31500000001967,323.3150000000404,0.07154252832486062,0.2577199341535317,0.0,0.0
77220.0,bdf2,50.165,0.04986,3,7.911646068806101e-15,5.375531131335265e-10,4.0176928450819105e-10,5.551115123125783e-17,-4.28618665474169e-09,4.988010005035903e-10,-4.78498765524528e-09,1.731223002615805e-08,1.7311984152869874e-08,2.4587328817474706e-13,0.23535696964527036,2.9878371348113294e-11,1.359680055797644e-10,2.554202164483172e-11,"{""D"": 2.9878371348113294e-11, ""cp"": 1632.5701814459467, ""k"": 0.23535696964527036, ""rho"": 659.1519974644592}","{""D"": 2.8178098536426877e-09, ""cp"": 2010.3679813002032, ""k"": 0.2878288862916949, ""rho"": 682.9683976839482}","[[8.614903497144427e-15, 6.423853040060656e-07], [7.032574283383197e-15, 1.2976743762882492e-08], [7.911646068806101e-15, 5.375531131335265e-10]]",323.3150000000197,323.31500000003996,0.07149998019108735,0.25756560690584557,0.0,0.0
77280.0,bdf2,50.165,0.04986,3,1.5823292137612193e-14,5.365320271399909e-10,6.923528417246416e-11,5.551115123125783e-17,-0.0,3.268496584496461e-10,-3.268496584496461e-10,1.727829717680977e-08,1.7278050546008327e-08,2.466308014424279e-13,0.23534292998847273,2.976695617119071e-11,1.3570149165563695e-10,-3.447804660506955e-11,"{""D"": 2.976695617119071e-11, ""cp"": 1632.4690959170036, ""k"": 0.23534292998847273, ""rho"": 659.1465680873613}","{""D"": 2.814865794084144e-09, ""cp"": 2010.1014959608672, ""k"": 0.28779187443900933, ""rho"": 682.9486836586849}","[[1.0373047067990214e-14, 6.410896682962353e-07], [1.2131190638836013e-14, 1.2942788188419208e-08], [1.5823292137612193e-14, 5.365320271399909e-10]]",323.3150000000131,323.31500000004013,0.07145756318251041,0.2574115910834754,0.0,0.0
77340.0,bdf2,50.165,0.04986,3,5.098616355452809e-15,5.355095533676746e-10,8.392362360609695e-10,8.326672684688674e-17,-4.285693537913428e-09,5.073275133327115e-10,-4.79302105124614e-09,1.7244468786315044e-08,1.7244221403972313e-08,2.473823427307839e-13,0.23532893244632475,2.965616652991094e-11,1.35435798192156e-10,-8.878876912868412e-12,"{""D"": 2.965616652991094e-11, ""cp"": 1632.3683136135382, ""k"": 0.23532893244632475, ""rho"": 659.1411554246356}","{""D"": 2.8119272270540112e-09, ""cp"": 2009.8354827267194, ""k"": 0.2877549281564888, ""rho"": 682.9290093741664}","[[1.3186076781343466e-14, 6.397979862016179e-07], [2.2504237706826177e-14, 1.2908909302611349e-08], [5.098616355452809e-15, 5.355095533676746e-10]]",323.31500000002023,323.3150000000407,0.0714152767549654,0.2572578857356747,0.0,0.0
77400.0,bdf2,50.165,0.04986,3,3.164658427522447e-15,5.344864134615435e-10,3.00815372611396e-10,5.551115123125783e-17,4.285448108007767e-09,5.073275133327115e-10,3.778120594675056e-09,1.7210744421638084e-08,1.72104962936903e-08,2.4812794778394366e-13,0.23531497684971733,2.954599809319423e-11,1.351709217943843e-10,-1.063911507312857e-11,"{""D"": 2.954599809319423e-11, ""cp"": 1632.267833317965, ""k"": 0.23531497684971733, ""rho"": 659.1357594069905}","{""D"": 2.8089941386194323e-09, ""cp"": 2009.5699403284623, ""k"": 0.287718047267842, ""rho"": 682.9093747091752}","[[4.219544570029932e-15, 6.385102423456246e-07], [4.9228019983682545e-15, 1.2875106550347404e-08], [3.164658427522447e-15, 5.344864134615435e-10]]",323.3150000000203,323.3150000000393,0.07137312036711288,0.2571044899154313,0.0,0.0
77460.0,bdf2,50.165,0.04986,3,7.735831711721545e-15,5.334623992547805e-10,4.388311936054379e-11,5.551115123125783e-17,-0.0,4.263256414560601e-10,-4.263256414560601e-10,1.7177123651998494e-08,1.717687478433958e-08,2.4886765891384993e-13,0.23530106303038667,2.943644656481078e-11,1.349068590787101e-10,-1.7732614978141184e-11,"{""D"": 2.943644656481078e-11, ""cp"": 1632.167653818784, ""k"": 0.23530106303038667, ""rho"": 659.1303799654943}","{""D"": 2.806066514889612e-09, ""cp"": 2009.304867501128, ""k"": 0.2876812315973789, ""rho"": 682.8897795429702}","[[4.0437302129453525e-15, 6.372264212406442e-07], [2.9888440704378694e-15, 1.2841380306327643e-08], [7.735831711721545e-15, 5.334623992547805e-10]]",323.31500000001705,323.31500000003894,0.07133109348042448,0.2569514026794554,0.0,0.0
77520.0,bdf2,50.165,0.04986,3,8.43908914005985e-15,5.324372887027806e-10,7.008793545537628e-11,5.551115123125783e-17,4.284959489708151e-09,4.234834705130197e-10,3.861476019195132e-09,1.71436060488498e-08,1.7143356447335445e-08,2.496015143560993e-13,0.23528719082091043,2.9327507683052197e-11,1.3464360667495597e-10,4.2491365274315756e-12,"{""D"": 2.9327507683052197e-11, ""cp"": 1632.067773910555, ""k"": 0.23528719082091043, ""rho"": 659.1250170315736}","{""D"": 2.8031443420147996e-09, ""cp"": 2009.040262984055, ""k"": 0.28764448097000767, ""rho"": 682.8702237552843}","[[4.395358927114505e-15, 6.359465073435544e-07], [3.8679158558607655e-15, 1.2807730695452157e-08], [8.43908914005985e-15, 5.324372887027806e-10]]",323.3150000000169,323.31500000003956,0.07128919555916931,0.2567986230881589,0.0,0.0
77580.0,bdf2,50.165,0.04986,3,1.635073520886594e-14,5.314117063059953e-10,2.823981049004942e-10,5.551115123125783e-17,-0.0,4.831690603168681e-10,-4.831690603168681e-10,1.711019118586589e-08,1.710994085631411e-08,2.5032955178049693e-13,0.23527336005470145,2.921917722039997e-11,1.343811612414431e-10,1.923775223204173e-11,"{""D"": 2.921917722039997e-11, ""cp"": 1631.9681923938504, ""k"": 0.23527336005470145, ""rho"": 659.1196705370103}","{""D"": 2.8002276061864127e-09, ""cp"": 2008.7761255208682, ""k"": 0.2876077952112317, ""rho"": 682.8507072263214}","[[4.746987641283653e-15, 6.346704856108332e-07], [1.476840599510471e-14, 1.2774157204242798e-08], [1.635073520886594e-14, 5.314117063059953e-10]]",323.3150000000188,323.31500000004,0.07124742607039264,0.2566461502056361,0.0,0.0
77640.0,bdf2,50.165,0.04986,3,8.966532211313631e-15,5.303848332749439e-10,6.111804395914078e-10,5.551115123125783e-17,-4.284473839598941e-09,6.94910795573378e-10,-4.979384635172319e-09,1.7076878638930537e-08,1.7076627587118798e-08,2.510518117387451e-13,0.2352595705660028,2.911145098322995e-11,1.3411951943250574e-10,5.564144425847937e-11,"{""D"": 2.911145098322995e-11, ""cp"": 1631.8689080752201, ""k"": 0.2352595705660028, ""rho"": 659.114340413939}","{""D"": 2.7973162936369145e-09, ""cp"": 2008.5124538594662, ""k"": 0.28757117414714806, ""rho"": 682.831229836755}","[[6.856759926298662e-15, 6.333983405548693e-07], [1.9867022350557658e-14, 1.2740660290666561e-08], [8.966532211313631e-15, 5.303848332749439e-10]]",323.3150000000251,323.31500000003814,0.0712057844838985,0.256493983099649,0.0,0.0
77700.0,bdf2,50.165,0.04986,3,7.208388640467823e-15,5.293574745213192e-10,1.2232703738845885e-10,5.551115123125783e-17,-0.0,5.414335646491963e-10,-5.414335646491963e-10,1.704366798611092e-08,1.704341621778226e-08,2.5176832866140965e-13,0.23524582218988124,2.9004324811464774e-11,1.3385867794725484e-10,7.284509465039812e-11,"{""D"": 2.9004324811464774e-11, ""cp"": 1631.769919767145, ""k"": 0.23524582218988124, ""rho"": 659.1090265948452}","{""D"": 2.7944103906404106e-09, ""cp"": 2008.249246752005, ""k"": 0.28753461760444515, ""rho"": 682.8117914677262}","[[9.318160925482794e-15, 6.321300570211186e-07], [3.867915855860782e-15, 1.2707240024112387e-08], [7.208388640467823e-15, 5.293574745213192e-10]]",323.31500000002137,323.3150000000381,0.07116427027222783,0.2563421208416103,0.0,0.0
77760.0,bdf2,50.165,0.04986,3,2.813029713353291e-15,5.283292969782138e-10,6.639311322942376e-10,5.551115123125783e-17,4.2839911333055375e-09,5.840661287948024e-10,3.699925004510735e-09,1.7010558807665887e-08,1.7010306328523283e-08,2.524791426038846e-13,0.23523211476222652,2.8897794578377542e-11,1.3359863348863313e-10,-3.330146882878897e-11,"{""D"": 2.8897794578377542e-11, ""cp"": 1631.671226288031, ""k"": 0.23523211476222652, ""rho"": 659.1037290125637}","{""D"": 2.7915098835115466e-09, ""cp"": 2007.9865029548855, ""k"": 0.28749812541040076, ""rho"": 682.7923920008407}","[[7.20838864046781e-15, 6.308656201325924e-07], [2.988844070437874e-15, 1.2673895752324249e-08], [2.813029713353291e-15, 5.283292969782138e-10]]",323.31500000002336,323.3150000000387,0.0711228829106541,0.25619056250656813,0.0,0.0
77820.0,bdf2,50.165,0.04986,3,2.2855866420995402e-15,5.273003422789913e-10,2.5352164811920375e-10,5.551115123125783e-17,-0.0,7.489120434911456e-10,-7.489120434911456e-10,1.6977550686016067e-08,1.6977297501721787e-08,2.531842942799996e-13,0.23521844811974177,2.8791856190182345e-11,1.3333938277124223e-10,3.9918485929352424e-11,"{""D"": 2.8791856190182345e-11, ""cp"": 1631.572826462141, ""k"": 0.23521844811974177, ""rho"": 659.0984476002754}","{""D"": 2.7886147586056163e-09, ""cp"": 2007.724221228732, ""k"": 0.2874616973928794, ""rho"": 682.773031318168}","[[6.8567599262986195e-15, 6.29605014568213e-07], [1.3186076781343504e-14, 1.26406276418356e-08], [2.2855866420995402e-15, 5.273003422789913e-10]]",323.3150000000257,323.31500000003996,0.07108162187715224,0.25603930717318796,0.0,0.0
77880.0,bdf2,50.165,0.04986,3,1.0548861425074794e-14,5.262707908348929e-10,8.031975085032173e-11,8.326672684688674e-17,-0.0,5.613287612504791e-10,-5.613287612504791e-10,1.6944643205733757e-08,1.694438932191933e-08,2.5388381442778633e-13,0.23520482209994448,2.8686505585794138e-11,1.3308092252935105e-10,-2.2941393478746502e-11,"{""D"": 2.8686505585794138e-11, ""cp"": 1631.4747191196002, ""k"": 0.23520482209994448, ""rho"": 659.0931822915071}","{""D"": 2.7857250023185175e-09, ""cp"": 2007.462400338369, ""k"": 0.287425333380329, ""rho"": 682.7537093022374}","[[1.0021418353821056e-14, 6.28348225450992e-07], [6.680945569214039e-15, 1.2607436150613438e-08], [1.0548861425074794e-14, 5.262707908348929e-10]]",323.31500000002245,323.3150000000402,0.07104048665239916,0.2558883539237301,0.0,0.0
77940.0,bdf2,50.165,0.04986,3,1.5999106494696735e-14,5.252401152899822e-10,3.7425706977955997e-10,5.551115123125783e-17,-8.566545081600721e-09,8.043343768804334e-10,-9.370879458481154e-09,1.6911835953536547e-08,1.6911581375787022e-08,2.54577749524869e-13,0.23519123654115387,2.8581738736545513e-11,1.3282324952502515e-10,6.32784548615233e-11,"{""D"": 2.8581738736545513e-11, ""cp"": 1631.3769030963078, ""k"": 0.23519123654115387, ""rho"": 659.0879330201259}","{""D"": 2.7828406010870742e-09, ""cp"": 2007.2010390528237, ""k"": 0.28738903320178105, ""rho"": 682.7344258360378}","[[1.1603747567582231e-14, 6.270952379039407e-07], [1.5120034709273817e-14, 1.257432047374607e-08], [1.5999106494696735e-14, 5.252401152899822e-10]]",323.315000000028,323.3150000000409,0.07099947671973378,0.2557377018440449,0.0,0.0
78000.0,bdf2,50.165,0.04986,3,1.3010262424258862e-14,5.242090650448006e-10,6.302798283286393e-10,5.551115123125783e-17,4.283034455884818e-09,6.3806737671257e-10,3.644967079172248e-09,1.687912851825652e-08,1.687887325212941e-08,2.552661271097445e-13,0.23517769128249327,2.8477551645830036e-11,1.3256636052031587e-10,7.169055150179568e-12,"{""D"": 2.8477551645830036e-11, ""cp"": 1631.2793772339517, ""k"": 0.23517769128249327, ""rho"": 659.0826997203407}","{""D"": 2.7799615413881722e-09, ""cp"": 2006.9401361452947, ""k"": 0.28735279668684643, ""rho"": 682.7151808030139}","[[2.285586642099528e-15, 6.25846037161093e-07], [8.4390891400598e-15, 1.2541281416145189e-08], [1.3010262424258862e-14, 5.242090650448006e-10]]",323.31500000002546,323.31500000004144,0.07095859156516177,0.25558735002354666,0.0,0.0
78060.0,bdf2,50.165,0.04986,3,1.8460507493880766e-14,5.231772792768652e-10,1.0322764865122736e-10,1.1102230246251565e-16,-0.0,6.579625733138528e-10,-6.579625733138528e-10,1.6846520490852838e-08,1.6846264541863264e-08,2.55948989573765e-13,0.23516418616388207,2.8373940348917873e-11,1.3231025230991622e-10,1.3734117293242218e-12,"{""D"": 2.8373940348917873e-11, ""cp"": 1631.1821403799509, ""k"": 0.23516418616388207, ""rho"": 659.0774823266981}","{""D"": 2.777087809739239e-09, ""cp"": 2006.6796903931427, ""k"": 0.28731662366571425, ""rho"": 682.6959740870659}","[[3.3404727846069953e-15, 6.246006084564826e-07], [4.922801998368203e-15, 1.2508318228410253e-08], [1.8460507493880766e-14, 5.231772792768652e-10]]",323.31500000002444,323.31500000004235,0.07091783067732908,0.25543729755520245,0.0,0.0
78120.0,bdf2,50.165,0.04986,3,8.087460425890614e-15,5.221450077863565e-10,9.5042196335271e-11,5.551115123125783e-17,-0.0,7.105427357601002e-10,-7.105427357601002e-10,1.6814011464379885e-08,1.6813754838008898e-08,2.5662637098684543e-13,0.23515072102603266,2.8270900912593795e-11,1.320549216906391e-10,2.0254674902193216e-11,"{""D"": 2.8270900912593795e-11, ""cp"": 1631.085191387435, ""k"": 0.23515072102603266, ""rho"": 659.0722807740814}","{""D"": 2.774219392697634e-09, ""cp"": 2006.4197005778665, ""k"": 0.2872805139691481, ""rho"": 682.6768055725452}","[[2.8130297133532567e-14, 6.233589368576098e-07], [2.2504237706826038e-14, 1.2475431396263836e-08], [8.087460425890614e-15, 5.221450077863565e-10]]",323.31500000002495,323.31500000004263,0.07087719354751112,0.2552875435355094,0.0,0.0
78180.0,bdf2,50.165,0.04986,3,7.560017354636878e-15,5.211121950621234e-10,5.579749995376915e-10,8.326672684688674e-17,4.282324497610609e-09,6.323830348264892e-10,3.64994146278412e-09,1.6781601033974584e-08,1.6781343735669605e-08,2.5729830497884085e-13,0.23513729571044273,2.8168429434882125e-11,1.3180036549049016e-10,-2.7393266127990542e-11,"{""D"": 2.8168429434882125e-11, ""cp"": 1630.9885291151877, ""k"": 0.23513729571044273, ""rho"": 659.0670949977072}","{""D"": 2.7713562768610247e-09, ""cp"": 2006.160165485101, ""k"": 0.28724446742848625, ""rho"": 682.6576751442544}","[[1.0900490139243854e-14, 6.221210079870865e-07], [1.424096292385086e-14, 1.2442619989894155e-08], [7.560017354636878e-15, 5.211121950621234e-10]]",323.3150000000253,323.31500000004263,0.07083667966958701,0.2551380870644878,0.0,0.0
78240.0,bdf2,50.165,0.04986,3,1.0197232710905582e-14,5.200784941594705e-10,3.4083313948940486e-10,5.551115123125783e-17,-0.0,7.460698725481052e-10,-7.460698725481052e-10,1.6749288796857838e-08,1.6749030832022947e-08,2.5796483489070663e-13,0.23512391005939243,2.8066522044802046e-11,1.3154658053731987e-10,1.1458360747699178e-10,"{""D"": 2.8066522044802046e-11, ""cp"": 1630.8921524276254, ""k"": 0.23512391005939243, ""rho"": 659.0619249331237}","{""D"": 2.768498448866828e-09, ""cp"": 2005.9010839045893, ""k"": 0.2872084838756374, ""rho"": 682.6385826874441}","[[9.49397528256726e-15, 6.208868072454798e-07], [3.8679158558607316e-15, 1.2409885175035384e-08], [1.0197232710905582e-14, 5.200784941594705e-10]]",323.3150000000279,323.31500000004183,0.07079628854002869,0.2549889272456574,0.0,0.0
78300.0,bdf2,50.165,0.04986,3,7.560017354636874e-15,5.1904433528982e-10,5.2295945351943374e-11,8.326672684688674e-17,-0.0,7.58859641791787e-10,-7.58859641791787e-10,1.671707435230337e-08,1.671681572631384e-08,2.5862598953148913e-13,0.23511056391594193,2.796517490206412e-11,1.3129356368833782e-10,6.04238061738448e-11,"{""D"": 2.796517490206412e-11, ""cp"": 1630.7960601947818, ""k"": 0.23511056391594193, ""rho"": 659.0567705162102}","{""D"": 2.765645895392641e-09, ""cp"": 2005.6424546301705, ""k"": 0.2871725631430792, ""rho"": 682.619528087811}","[[1.3889334209681688e-14, 6.196563202554017e-07], [1.5120034709273738e-14, 1.2377226299431499e-08], [7.560017354636874e-15, 5.1904433528982e-10]]",323.3150000000302,323.31500000004286,0.0707560196578923,0.2548400631860235,0.0,0.0
78360.0,bdf2,50.165,0.04986,3,7.911646068806024e-15,5.180096629420206e-10,1.737134880386293e-10,5.551115123125783e-17,-0.0,7.531752999057062e-10,-7.531752999057062e-10,1.6684957301639897e-08,1.6684698019832876e-08,2.592818070209797e-13,0.23509725712392335,2.7864384196809347e-11,1.3104131181204102e-10,1.9766708712939546e-12,"{""D"": 2.7864384196809347e-11, ""cp"": 1630.7002512922481, ""k"": 0.23509725712392335, ""rho"": 659.0516316831732}","{""D"": 2.762798603155232e-09, ""cp"": 2005.384276459767, ""k"": 0.2871367050638565, ""rho"": 682.6005112314961}","[[5.977688140875664e-15, 6.184295323063971e-07], [4.395358927114459e-15, 1.2344643071648953e-08], [7.911646068806024e-15, 5.180096629420206e-10]]",323.3150000000293,323.3150000000431,0.0707158725247911,0.2546914939960626,0.0,0.0
78420.0,bdf2,50.165,0.04986,3,6.329316855044807e-15,5.169745048716479e-10,9.413270163349807e-11,1.1102230246251565e-16,-0.0,7.389644451905042e-10,-7.389644451905042e-10,1.6652937248229894e-08,1.6652677315907383e-08,2.5993232251104566e-13,0.2350839895279376,2.7764146149331677e-11,1.3078982179086903e-10,4.9890840459576264e-11,"{""D"": 2.7764146149331677e-11, ""cp"": 1630.6047246011508, ""k"": 0.2350839895279376, ""rho"": 659.0465083705452}","{""D"": 2.759956558911272e-09, ""cp"": 2005.1265481953621, ""k"": 0.28710090947157807, ""rho"": 682.581532005082}","[[8.26327478297517e-15, 6.172064292431223e-07], [2.144935156431853e-14, 1.2312135658221202e-08], [6.329316855044807e-15, 5.169745048716479e-10]]",323.3150000000271,323.3150000000437,0.07067584664488423,0.25454321878970276,0.0,0.0
78480.0,bdf2,50.165,0.04986,3,1.652654956595032e-14,5.159385418895823e-10,1.7848833522293717e-10,5.551115123125783e-17,-0.0,7.929656931082718e-10,-7.929656931082718e-10,1.662101379746387e-08,1.66207532198955e-08,2.6057756836761e-13,0.23507076097335264,2.766445700983603e-11,1.3053909052674812e-10,4.5157742663788e-11,"{""D"": 2.766445700983603e-11, ""cp"": 1630.5094790081391, ""k"": 0.23507076097335264, ""rho"": 659.0414005151832}","{""D"": 2.7571197494567822e-09, ""cp"": 2004.8692686429913, ""k"": 0.2870651762004155, ""rho"": 682.5625902955919}","[[3.867915855860713e-15, 6.159869966881892e-07], [1.301026242425876e-14, 1.2279704725282059e-08], [1.652654956595032e-14, 5.159385418895823e-10]]",323.31500000003166,323.3150000000439,0.07063594152486938,0.2543952366843114,0.0,0.0
78540.0,bdf2,50.165,0.04986,3,6.680945569213968e-15,5.149025927853046e-10,3.551576810423285e-10,5.551115123125783e-17,-0.0,8.412825991399586e-10,-8.412825991399586e-10,1.658918655674225e-08,1.658892533915961e-08,2.6121758264098093e-13,0.23505757130629307,2.7565313058119497e-11,1.302891149390647e-10,4.5112996866297244e-11,"{""D"": 2.7565313058119497e-11, ""cp"": 1630.4145134053103, ""k"": 0.23505757130629307, ""rho"": 659.0363080542655}","{""D"": 2.7542881616271615e-09, ""cp"": 2004.6124366127256, ""k"": 0.2870295050851008, ""rho"": 682.5436859904869}","[[2.8130297133532496e-15, 6.147712205417655e-07], [8.790717854228908e-15, 1.2247348885052745e-08], [6.680945569213968e-15, 5.149025927853046e-10]]",323.3150000000335,323.3150000000435,0.07059615667394951,0.25424754680067924,0.0,0.0
78600.0,bdf2,50.165,0.04986,3,1.9339579279303533e-14,5.138656167247291e-10,4.615685611497611e-10,8.326672684688674e-17,-4.280692619154857e-09,9.279688129026908e-10,-5.208661432057548e-09,1.655745513546443e-08,1.6557193283065096e-08,2.6185239933489904e-13,0.23504442037364034,2.7466710603354335e-11,1.3003989195055405e-10,8.375794241552647e-11,"{""D"": 2.7466710603354335e-11, ""cp"": 1630.3198266902104, ""k"": 0.23504442037364034, ""rho"": 659.0312309252904}","{""D"": 2.7514617822972237e-09, ""cp"": 2004.3560509186486, ""k"": 0.2869938959609234, ""rho"": 682.524818977664}","[[2.8130297133532417e-15, 6.13559086481974e-07], [1.4065148566766207e-15, 1.2215069233878495e-08], [1.9339579279303533e-14, 5.138656167247291e-10]]",323.31500000003376,323.31500000004445,0.07055649160383137,0.25410014826300015,0.0,0.0
78660.0,bdf2,50.165,0.04986,3,2.1097722850149284e-15,5.128287378086682e-10,1.4421175364986993e-10,5.551115123125783e-17,4.2804622735999685e-09,7.972289495228324e-10,3.483233324077136e-09,1.652581914501026e-08,1.652555666296138e-08,2.624820488796847e-13,0.2350313080230254,2.7368645983789453e-11,1.2979141851950768e-10,-9.321725879966953e-12,"{""D"": 2.7368645983789453e-11, ""cp"": 1630.225417765783, ""k"": 0.2350313080230254, ""rho"": 659.0261690660739}","{""D"": 2.748640598380457e-09, ""cp"": 2004.1001103788553, ""k"": 0.28695834866372993, ""rho"": 682.5059891454546}","[[1.037304706799007e-14, 6.123505804644935e-07], [9.845603996736339e-15, 1.2182865216647798e-08], [2.1097722850149284e-15, 5.128287378086682e-10]]",323.3150000000309,323.31500000004485,0.07051694582870173,0.25395304019886406,0.0,0.0
78720.0,bdf2,50.165,0.04986,3,5.2744307125373244e-15,5.117912621477316e-10,5.520632839761674e-10,5.551115123125783e-17,-4.280232614591994e-09,4.519051799434237e-10,-4.732137794535418e-09,1.6494278198750105e-08,1.6494015092181246e-08,2.6310656885911627e-13,0.2350182341028293,2.7271115566550882e-11,1.2954369160105308e-10,3.596100773207372e-14,"{""D"": 2.7271115566550882e-11, ""cp"": 1630.131285540371, ""k"": 0.2350182341028293, ""rho"": 659.021122414749}","{""D"": 2.7458245968296737e-09, ""cp"": 2003.8446138154222, ""k"": 0.28692286302991976, ""rho"": 682.4871963826217}","[[1.9339579279303516e-15, 6.11145688500514e-07], [5.801873783791055e-15, 1.2150736597438261e-08], [5.2744307125373244e-15, 5.117912621477316e-10]]",323.315000000018,323.3150000000446,0.07047751886522656,0.2538062217392319,0.0,0.0
78780.0,bdf2,50.165,0.04986,3,9.493975282567161e-15,5.107532452530705e-10,3.8835423765704036e-10,8.326672684688674e-17,4.280003639353104e-09,6.536993168992922e-10,3.626304322453812e-09,1.6462831912010713e-08,1.646256818601729e-08,2.637259934225181e-13,0.2350051984621737,2.717411574737076e-11,1.2929670817935542e-10,8.551058913734139e-11,"{""D"": 2.717411574737076e-11, ""cp"": 1630.0374289276506, ""k"": 0.2350051984621737, ""rho"": 659.0160909097627}","{""D"": 2.7430137646364464e-09, ""cp"": 2003.5895600543975, ""k"": 0.2868874388964441, ""rho"": 682.4684405783585}","[[3.692101498776122e-15, 6.099443966012252e-07], [1.2482819353004973e-14, 1.2118683723194579e-08], [9.493975282567161e-15, 5.107532452530705e-10]]",323.3150000000246,323.3150000000454,0.07043821023252161,0.2536596920184252,0.0,0.0
78840.0,bdf2,50.165,0.04986,3,1.2131190638835822e-14,5.097150895805314e-10,8.338929546880536e-11,5.551115123125783e-17,4.279775345119213e-09,6.23856521997368e-10,3.655918823121845e-09,1.643147990206381e-08,1.6431215561713796e-08,2.6434035001574295e-13,0.2349922009509185,2.7077642950254015e-11,1.2905046524309984e-10,-5.0369998123227676e-11,"{""D"": 2.7077642950254015e-11, ""cp"": 1629.9438468466133, ""k"": 0.2349922009509185, ""rho"": 659.0110744898742}","{""D"": 2.740208088831105e-09, ""cp"": 2003.33494792579, ""k"": 0.2868520761008041, ""rho"": 682.4497216222862}","[[2.4614009991840795e-15, 6.087466907778172e-07], [5.450245069621891e-15, 1.2086706552283388e-08], [1.2131190638835822e-14, 5.097150895805314e-10]]",323.31500000002495,323.31500000004525,0.07039901945214225,0.2535134501741115,0.0,0.0
78900.0,bdf2,50.165,0.04986,3,1.1252118853412928e-14,5.086763510409043e-10,2.4374458007514477e-10,5.551115123125783e-17,-0.0,4.646949491871055e-10,-4.646949491871055e-10,1.6400221788128022e-08,1.6399956838448904e-08,2.6494967911770126e-13,0.23497924141965482,2.6981693627306995e-11,1.288049598035035e-10,1.3648454027857707e-11,"{""D"": 2.6981693627306995e-11, ""cp"": 1629.8505382215149, ""k"": 0.23497924141965482, ""rho"": 659.0060730941518}","{""D"": 2.7374075564826434e-09, ""cp"": 2003.0807762635445, ""k"": 0.28681677448104786, ""rho"": 682.4310394044525}","[[3.1646584275223807e-15, 6.075525573745466e-07], [9.669789639651735e-15, 1.2054804848782297e-08], [1.1252118853412928e-14, 5.086763510409043e-10]]",323.3150000000186,323.31500000004553,0.07035994604806113,0.2533674953472847,0.0,0.0
78960.0,bdf2,50.165,0.04986,3,1.0724675782159229e-14,5.076372100454307e-10,3.512923285597935e-11,8.326672684688674e-17,-0.0,6.579625733138528e-10,-6.579625733138528e-10,1.636905719135036e-08,1.6368791637337575e-08,2.6555401278329614e-13,0.23496631971970697,2.6886264258514613e-11,1.2856018888333664e-10,1.6491784120698714e-11,"{""D"": 2.6886264258514613e-11, ""cp"": 1629.75750198189, ""k"": 0.23496631971970697, ""rho"": 659.001086661974}","{""D"": 2.734612154698388e-09, ""cp"": 2002.8270439055423, ""k"": 0.28678153387576977, ""rho"": 682.412393815329}","[[3.6921014987761256e-15, 6.063619824026034e-07], [1.4065148566766197e-14, 1.2022978543302365e-08], [1.0724675782159229e-14, 5.076372100454307e-10]]",323.3150000000263,323.31500000004456,0.07032098954667197,0.2532218266822574,0.0,0.0
79020.0,bdf2,50.165,0.04986,3,2.6723782276855792e-14,5.065977637386254e-10,3.1604940886609256e-11,8.326672684688674e-17,-4.279094521010743e-09,7.44648787076585e-10,-5.023743308087328e-09,1.6337985734786923e-08,1.6337719581406062e-08,2.661533808605128e-13,0.23495343570312238,2.6791351351399853e-11,1.2831614952822919e-10,2.6307953531106736e-11,"{""D"": 2.6791351351399853e-11, ""cp"": 1629.664737062481, ""k"": 0.23495343570312238, ""rho"": 658.996115133025}","{""D"": 2.731821870624426e-09, ""cp"": 2002.5737496935658, ""k"": 0.2867463541241064, ""rho"": 682.3937847458094}","[[8.966532211313456e-15, 6.05174952428289e-07], [3.2701470417731425e-14, 1.1991227774621471e-08], [2.6723782276855792e-14, 5.065977637386254e-10]]",323.3150000000285,323.31500000004445,0.07028214947675758,0.25307644332663615,0.0,0.0
79080.0,bdf2,50.165,0.04986,3,7.208388640467701e-15,5.055584284541226e-10,4.0472514228895307e-10,8.326672684688674e-17,-4.278868923427696e-09,7.58859641791787e-10,-5.037728565219483e-09,1.6307007043403355e-08,1.6306740295588027e-08,2.6674781532815374e-13,0.23494058922267066,2.669695144086134e-11,1.2807283878488757e-10,-1.7515445013822788e-11,"{""D"": 2.669695144086134e-11, ""cp"": 1629.5722424032288, ""k"": 0.23494058922267066, ""rho"": 658.9911584472941}","{""D"": 2.7290366914446944e-09, ""cp"": 2002.3208924733003, ""k"": 0.28671123506573615, ""rho"": 682.3752120872082}","[[2.0746094135980223e-14, 6.039914535183044e-07], [1.5999106494696606e-14, 1.1959551654561196e-08], [7.208388640467701e-15, 5.055584284541226e-10]]",323.3150000000302,323.31500000004354,0.07024342536948504,0.2529313444313141,0.0,0.0
79140.0,bdf2,50.165,0.04986,3,2.7954482776447795e-14,5.045183021357147e-10,3.950617610826157e-11,5.551115123125783e-17,-0.0,7.332801033044234e-10,-7.332801033044234e-10,1.6276120744057092e-08,1.6275853406704986e-08,2.6733735210570986e-13,0.2349277801318361,2.6603061088888363e-11,1.278302537268404e-10,5.386759307503221e-11,"{""D"": 2.6603061088888363e-11, ""cp"": 1629.4800169492198, ""k"": 0.2349277801318361, ""rho"": 658.9862165450728}","{""D"": 2.72625660438194e-09, ""cp"": 2002.06847109431, ""k"": 0.2866761765408764, ""rho"": 682.3566757312578}","[[2.461400999184083e-15, 6.028114721834399e-07], [6.505131212129363e-15, 1.1927951543144744e-08], [2.7954482776447795e-14, 5.045183021357147e-10]]",323.3150000000256,323.3150000000449,0.07020481675838124,0.2527865291504523,0.0,0.0
79200.0,bdf2,50.165,0.04986,3,1.7933064422626875e-14,5.034786615398801e-10,4.638422979041934e-11,5.551115123125783e-17,4.27841972774142e-09,4.817479748453479e-10,3.796671752896072e-09,1.6245326465481668e-08,1.6245058543465064e-08,2.679220166041696e-13,0.23491500828481765,2.6509676884345376e-11,1.2758839143543018e-10,-2.4876112734887784e-11,"{""D"": 2.6509676884345376e-11, ""cp"": 1629.3880596506872, ""k"": 0.23491500828481765, ""rho"": 658.9812893669545}","{""D"": 2.723481596696098e-09, ""cp"": 2001.8164844100286, ""k"": 0.28664117839028175, ""rho"": 682.3381755701078}","[[3.3404727846069657e-15, 6.016349949344857e-07], [1.5471663423442797e-14, 1.1896426177493424e-08], [1.7933064422626875e-14, 5.034786615398801e-10]]",323.31500000001927,323.31500000004513,0.07016632317933133,0.25264199664146675,0.0,0.0
79260.0,bdf2,50.165,0.04986,3,6.153502497960212e-15,5.02438188276777e-10,6.59383658785373e-10,1.1102230246251565e-16,-0.0,8.967049325292464e-10,-8.967049325292464e-10,1.6214623838300225e-08,1.621435533645138e-08,2.6850184884583967e-13,0.23490227353652487,2.641679544278498e-11,1.273472490181344e-10,2.4032339562181613e-11,"{""D"": 2.641679544278498e-11, ""cp"": 1629.296369462979, ""k"": 0.23490227353652487, ""rho"": 658.9763768538322}","{""D"": 2.7207116556853967e-09, ""cp"": 2001.5649312777352, ""k"": 0.28660624045524097, ""rho"": 682.3197114963211}","[[2.9888440704378177e-15, 6.004620082822321e-07], [4.043730212945282e-15, 1.1864976348641143e-08], [6.153502497960212e-15, 5.02438188276777e-10]]",323.31500000003103,323.3150000000446,0.07012794417056423,0.2524977460650092,0.0,0.0
79320.0,bdf2,50.165,0.04986,3,1.529584906635826e-14,5.013974374579178e-10,7.339622243307531e-10,5.551115123125783e-17,4.27797318020522e-09,8.44124770082999e-10,3.4338484101222207e-09,1.6184012494966414e-08,1.618374341809028e-08,2.690768761342978e-13,0.23488957574256508,2.6324413406031518e-11,1.2710682356791943e-10,2.0062778016095407e-11,"{""D"": 2.6324413406031518e-11, ""cp"": 1629.2049453464685, ""k"": 0.23488957574256508, ""rho"": 658.9714789468944}","{""D"": 2.7179467686863615e-09, ""cp"": 2001.3138105585535, ""k"": 0.28657136257757687, ""rho"": 682.3012834028748}","[[2.1097722850149323e-15, 5.992924987374693e-07], [1.0548861425074661e-14, 1.1833601640254265e-08], [1.529584906635826e-14, 5.013974374579178e-10]]",323.3150000000328,323.3150000000442,0.07008967927261285,0.2523537765849595,0.0,0.0
79380.0,bdf2,50.165,0.04986,3,3.340472784606971e-15,5.003568670503e-10,3.510649548843503e-10,8.326672684688674e-17,4.277750892858869e-09,6.465938895416912e-10,3.631157003317178e-09,1.615349206979546e-08,1.615322242266739e-08,2.6964712806937496e-13,0.23487691475925085,2.6232527442167814e-11,1.2686711223316555e-10,-3.49436998122967e-11,"{""D"": 2.6232527442167814e-11, ""cp"": 1629.1137862666062, ""k"": 0.23487691475925085, ""rho"": 658.9665955876268}","{""D"": 2.715186923072584e-09, ""cp"": 2001.0631211174268, ""k"": 0.2865365445996426, ""rho"": 682.282891183156}","[[8.966532211313447e-15, 5.981264531440544e-07], [7.560017354636834e-15, 1.180230174702146e-08], [3.340472784606971e-15, 5.003568670503e-10]]",323.31500000002586,323.31500000004473,0.07005152802833424,0.2522100873684064,0.0,0.0
79440.0,bdf2,50.165,0.04986,3,5.9776881408756355e-15,4.993159913313505e-10,2.964952727779746e-10,5.551115123125783e-17,-0.0,6.906475391588174e-10,-6.906475391588174e-10,1.6123062198947242e-08,1.6122791986305818e-08,2.702126414242125e-13,0.2348642904435914,2.6141134245218525e-11,1.266281121436002e-10,4.6905476434448934e-11,"{""D"": 2.6141134245218525e-11, ""cp"": 1629.022891193858, ""k"": 0.2348642904435914, ""rho"": 658.9617267178089}","{""D"": 2.7124321062554253e-09, ""cp"": 2000.8128618231026, ""k"": 0.28650178636431983, ""rho"": 682.2645347309607}","[[3.692101498776129e-15, 5.969638580127778e-07], [1.3713519852597048e-14, 1.1771076779965028e-08], [5.9776881408756355e-15, 4.993159913313505e-10]]",323.3150000000269,323.31500000004456,0.07001348998288227,0.25206667758563056,0.0,0.0
79500.0,bdf2,50.165,0.04986,3,2.109772285014926e-14,4.98274685400979e-10,1.496118784416467e-10,1.1102230246251565e-16,-4.277308277854454e-09,9.166001291305292e-10,-5.193908406984983e-09,1.6092722520392854e-08,1.6092451746949553e-08,2.70773443300556e-13,0.23485170265328625,2.605023053488726e-11,1.263898204617443e-10,1.1408546941637534e-11,"{""D"": 2.605023053488726e-11, ""cp"": 1628.932259103661, ""k"": 0.23485170265328625, ""rho"": 658.9568722795119}","{""D"": 2.7096823056837846e-09, ""cp"": 2000.5630315481199, ""k"": 0.2864670877150166, ""rho"": 682.2462139404919}","[[1.0900490139243787e-14, 5.958047004095413e-07], [5.274430712537315e-15, 1.1739927099907455e-08], [2.109772285014926e-14, 4.98274685400979e-10]]",323.31500000002933,323.3150000000452,0.06997556468368694,0.2519235464100928,0.0,0.0
79560.0,bdf2,50.165,0.04986,3,6.856759926298491e-15,4.972336570263636e-10,4.690718924393877e-10,1.1102230246251565e-16,-4.277087944972899e-09,7.688072400924284e-10,-5.0458951850653275e-09,1.606247267392206e-08,1.6062201344358928e-08,2.713295631328004e-13,0.234839151246724,2.5959813056348673e-11,1.2615223435422056e-10,-4.895692260078499e-12,"{""D"": 2.5959813056348673e-11, ""cp"": 1628.8418889764127, ""k"": 0.234839151246724, ""rho"": 658.9520322150975}","{""D"": 2.7069375088438753e-09, ""cp"": 2000.313629168804, ""k"": 0.28643244849566724, ""rho"": 682.2279287063584}","[[1.2307004995920361e-14, 5.946489669006461e-07], [1.1955376281751211e-14, 1.1708851901937045e-08], [6.856759926298491e-15, 4.972336570263636e-10]]",323.31500000002995,323.3150000000461,0.06993775168044866,0.25178069301842465,0.0,0.0
79620.0,bdf2,50.165,0.04986,3,2.1097722850149298e-14,4.961922261959018e-10,8.731149137020111e-11,8.326672684688674e-17,4.2768682583774174e-09,8.22808488010196e-10,3.4540597703672214e-09,1.6032312301132906e-08,1.60320404200989e-08,2.7188103400486145e-13,0.23482663608297796,2.5869878580086145e-11,1.2591535101034586e-10,3.3593255294224184e-12,"{""D"": 2.5869878580086145e-11, ""cp"": 1628.7517797974413, ""k"": 0.23482663608297796, ""rho"": 658.9472064672158}","{""D"": 2.7041977032589377e-09, ""cp"": 2000.0646535652404, ""k"": 0.2863978685507278, ""rho"": 682.209678923572}","[[1.195537628175127e-14, 5.934966443299494e-07], [2.900936891895528e-14, 1.1677852088110008e-08], [2.1097722850149298e-14, 4.961922261959018e-10]]",323.31500000002825,323.3150000000446,0.06990005052512363,0.2516381165904063,0.0,0.0
79680.0,bdf2,50.165,0.04986,3,2.813029713353228e-15,4.951511006767717e-10,1.5143086784519255e-10,8.326672684688674e-17,-0.0,7.275957614183426e-10,-7.275957614183426e-10,1.600224104540901e-08,1.6001968617523652e-08,2.7242788535775153e-13,0.23481415702180033,2.5780423901578053e-11,1.2567916762676335e-10,-1.924266041187265e-11,"{""D"": 2.5780423901578053e-11, ""cp"": 1628.6619305569625, ""k"": 0.23481415702180033, ""rho"": 658.9423949788038}","{""D"": 2.701462876489983e-09, ""cp"": 1999.816103621261, ""k"": 0.28636334772517513, ""rho"": 682.1914644875461}","[[2.637215356268649e-15, 5.923477199853977e-07], [4.922801998368151e-15, 1.1646926229014198e-08], [2.813029713353228e-15, 4.951511006767717e-10]]",323.31500000002865,323.315000000046,0.06986246077190457,0.2514958163089541,0.0,0.0
79740.0,bdf2,50.165,0.04986,3,5.09861635545271e-15,4.941097114796733e-10,1.014086592476815e-10,1.1102230246251565e-16,-0.0,5.684341886080801e-10,-5.684341886080801e-10,1.5972258551919874e-08,1.5971985581772097e-08,2.7297014777730095e-13,0.23480171392362087,2.5691445841150308e-11,1.2544368141445337e-10,2.0373812069312533e-11,"{""D"": 2.5691445841150308e-11, ""cp"": 1628.5723402500703, ""k"": 0.23480171392362087, ""rho"": 658.9375976930835}","{""D"": 2.6987330161343125e-09, ""cp"": 1999.5679782244322, ""k"": 0.28632888586450445, ""rho"": 682.1732852940936}","[[1.3713519852596933e-14, 5.912021805443146e-07], [4.219544570029828e-15, 1.1616075393239278e-08], [5.09861635545271e-15, 4.941097114796733e-10]]",323.31500000002256,323.315000000047,0.06982498197721512,0.2513537913601066,0.0,0.0
79800.0,bdf2,50.165,0.04986,3,6.329316855044742e-15,4.930680724823944e-10,5.297806637827307e-10,5.551115123125783e-17,-0.0,7.034373084024992e-10,-7.034373084024992e-10,1.594236446760606e-08,1.5942090959755017e-08,2.735078510420118e-13,0.23478930664954212,2.560294124374684e-11,1.2520888959842875e-10,-1.2296377833879541e-11,"{""D"": 2.560294124374684e-11, ""cp"": 1628.4830078767034, ""k"": 0.23478930664954212, ""rho"": 658.9328145535608}","{""D"": 2.69600810982635e-09, ""cp"": 1999.3202762660512, ""k"": 0.2862944828147293, ""rho"": 682.1551412394261}","[[4.219544570029828e-15, 5.900600134056688e-07], [9.142346568397962e-15, 1.158529930322949e-08], [6.329316855044742e-15, 4.930680724823944e-10]]",323.31500000002734,323.31500000004706,0.06978761369969377,0.251212040933017,0.0,0.0
79860.0,bdf2,50.165,0.04986,3,2.461400999184055e-15,4.920266000185691e-10,3.444711182964966e-11,5.551115123125783e-17,-0.0,6.124878382252064e-10,-6.124878382252064e-10,1.5912558441168756e-08,1.5912284400145036e-08,2.7404102371939365e-13,0.23477693506133582,2.5514906978673222e-11,1.2497478943011823e-10,-7.522753292299813e-12,"{""D"": 2.5514906978673222e-11, ""cp"": 1628.3939324416178, ""k"": 0.23477693506133582, ""rho"": 658.9280455040232}","{""D"": 2.693288145237569e-09, ""cp"": 1999.072996641109, ""k"": 0.28626013842237624, ""rho"": 682.1370322201506}","[[2.8130297133532062e-15, 5.889212053578063e-07], [9.493975282567071e-15, 1.155459761204014e-08], [2.461400999184055e-15, 4.920266000185691e-10]]",323.3150000000245,323.31500000004854,0.0697503555001813,0.2510705642199262,0.0,0.0
79920.0,bdf2,50.165,0.04986,3,1.1427933210497459e-14,4.909852385770463e-10,3.3242031349800527e-10,5.551115123125783e-17,-0.0,8.682832230988424e-10,-8.682832230988424e-10,1.588284012306017e-08,1.5882565553362658e-08,2.7456969751031635e-13,0.23476459902143748,2.5427339939448882e-11,1.2474137815042632e-10,-9.378619991369552e-12,"{""D"": 2.5427339939448882e-11, ""cp"": 1628.3051129543499, ""k"": 0.23476459902143748, ""rho"": 658.923290488538}","{""D"": 2.690573110075359e-09, ""cp"": 1998.8261382482879, ""k"": 0.2862258525344844, ""rho"": 682.1189581332678}","[[1.3010262424258645e-14, 5.877857439662293e-07], [9.493975282567116e-15, 1.1523970153137775e-08], [1.1427933210497459e-14, 4.909852385770463e-10]]",323.31500000002814,323.31500000004684,0.06971320694170333,0.2509293604161546,0.0,0.0
79980.0,bdf2,50.165,0.04986,3,7.032574283383073e-15,4.899435163130406e-10,4.827143129659817e-10,8.326672684688674e-17,-4.275563567214326e-09,8.881784197001252e-10,-5.1637419869144515e-09,1.585320916546769e-08,1.585293407156534e-08,2.750939023521006e-13,0.23475229839294262,2.5340237043510593e-11,1.245086530384144e-10,1.3227393549676631e-11,"{""D"": 2.5340237043510593e-11, ""cp"": 1628.216548429187, ""k"": 0.23475229839294262, ""rho"": 658.9185494514504}","{""D"": 2.6878629920846467e-09, ""cp"": 1998.579699989963, ""k"": 0.286191624998606, ""rho"": 682.1009188761726}","[[2.9888440704378047e-15, 5.866536160747948e-07], [5.977688140875615e-15, 1.149341738448939e-08], [7.032574283383073e-15, 4.899435163130406e-10]]",323.3150000000266,323.3150000000458,0.06967616758945668,0.2507884287200983,0.0,0.0
80040.0,bdf2,50.165,0.04986,3,6.50513121212935e-15,4.889020993603665e-10,5.341007636161521e-10,8.326672684688674e-17,4.275348333084114e-09,6.139089236967266e-10,3.6614394093873873e-09,1.5823665222306992e-08,1.5823389608645567e-08,2.7561366142565593e-13,0.2347400330396063,2.525359523209226e-11,1.2427661136618407e-10,5.991837295486603e-12,"{""D"": 2.525359523209226e-11, ""cp"": 1628.1282378851654, ""k"": 0.2347400330396063, ""rho"": 658.9138223373833}","{""D"": 2.6851577790464153e-09, ""cp"": 1998.333680772159, ""k"": 0.2861574556627998, ""rho"": 682.0829143466493}","[[5.098616355452722e-15, 5.855248094155385e-07], [8.08746042589054e-15, 1.1462938889761354e-08], [6.50513121212935e-15, 4.889020993603665e-10]]",323.3150000000242,323.3150000000455,0.06963923701080696,0.25064776833319746,0.0,0.0
80100.0,bdf2,50.165,0.04986,3,2.232842334974136e-14,4.878604048519364e-10,1.5279510989785194e-10,5.551115123125783e-17,-4.2751337249494066e-09,6.579625733138528e-10,-4.933096298263259e-09,1.579420794922349e-08,1.5793931820213323e-08,2.7612901016739974e-13,0.23472780282583644,2.516741147000258e-11,1.240452504393187e-10,4.3537054910089395e-11,"{""D"": 2.516741147000258e-11, ""cp"": 1628.0401803460225, ""k"": 0.23472780282583644, ""rho"": 658.9091090912341}","{""D"": 2.6824574587777063e-09, ""cp"": 1998.088079504559, ""k"": 0.28612334437563314, ""rho"": 682.0649444428719}","[[7.911646068805993e-15, 5.843993109433399e-07], [2.5493081777263755e-14, 1.1432534974264996e-08], [2.232842334974136e-14, 4.878604048519364e-10]]",323.31500000002376,323.31500000004434,0.06960241477526666,0.2505073784599369,0.0,0.0
80160.0,bdf2,50.165,0.04986,3,8.966532211313453e-15,4.868191405549283e-10,7.673861546209082e-11,5.551115123125783e-17,-0.0,5.6701310313656e-10,-5.6701310313656e-10,1.5764837003558114e-08,1.5764560363585244e-08,2.7663997286997227e-13,0.23471560761668983,2.5081682745354152e-11,1.2381456756002158e-10,2.916730256639071e-11,"{""D"": 2.5081682745354152e-11, ""cp"": 1627.9523748401668, ""k"": 0.23471560761668983, ""rho"": 658.9044096581737}","{""D"": 2.6797620191321057e-09, ""cp"": 1997.8428951004707, ""k"": 0.28608929098617647, ""rho"": 682.0470090634009}","[[1.0021418353820912e-14, 5.832771083902344e-07], [4.746987641283594e-15, 1.1402204666555171e-08], [8.966532211313453e-15, 4.868191405549283e-10]]",323.3150000000208,323.31500000004456,0.06956570045448156,0.25036725830781936,0.0,0.0
80220.0,bdf2,50.165,0.04986,3,8.087460425890579e-15,4.857780011580104e-10,1.9531398720573634e-10,5.551115123125783e-17,-0.0,5.769607014372014e-10,-5.769607014372014e-10,1.5735552044361953e-08,1.5735274897782446e-08,2.771465795070902e-13,0.23470344727787174,2.4996406069449788e-11,1.2358456005037734e-10,-4.9924506038077325e-11,"{""D"": 2.4996406069449788e-11, ""cp"": 1627.8648204006765, ""k"": 0.23470344727787174, ""rho"": 658.8997239836452}","{""D"": 2.6770714479990416e-09, ""cp"": 1997.5981264768377, ""k"": 0.2860552953440052, ""rho"": 682.029108107183}","[[6.329316855044803e-15, 5.821581890996796e-07], [4.922801998368183e-15, 1.1371948827054723e-08], [8.087460425890579e-15, 4.857780011580104e-10]]",323.3150000000231,323.31500000004405,0.06952909362222806,0.25022740708736735,0.0,0.0
80280.0,bdf2,50.165,0.04986,3,2.1976794635572194e-14,4.847369450278194e-10,1.4415491023100913e-10,8.326672684688674e-17,-0.0,6.920686246303376e-10,-6.920686246303376e-10,1.5706352732366353e-08,1.5706075083506754e-08,2.776488595991752e-13,0.2346913216757265,2.491157847650794e-11,1.2335522524476776e-10,-2.978897538022157e-12,"{""D"": 2.491157847650794e-11, ""cp"": 1627.7775160652309, ""k"": 0.2346913216757265, ""rho"": 658.8950520133611}","{""D"": 2.6743857333043087e-09, ""cp"": 1997.3537725542008, ""k"": 0.28602135729919453, ""rho"": 682.0112414735481}","[[9.142346568398036e-15, 5.810425407482001e-07], [2.90093689189553e-14, 1.134176658146302e-08], [2.1976794635572194e-14, 4.847369450278194e-10]]",323.3150000000277,323.3150000000445,0.06949259385438344,0.250087824012095,0.0,0.0
80340.0,bdf2,50.165,0.04986,3,3.340472784606978e-15,4.836956807308113e-10,4.411049303598702e-10,5.551115123125783e-17,-0.0,7.830180948076304e-10,-7.830180948076304e-10,1.5677238729981833e-08,1.5676960583140077e-08,2.7814684175675037e-13,0.23467923067723784,2.482719702349542e-11,1.2312656049021853e-10,4.406557183472841e-11,"{""D"": 2.482719702349542e-11, ""cp"": 1627.6904608761126, ""k"": 0.23467923067723784, ""rho"": 658.8903936933024}","{""D"": 2.6717048630089968e-09, ""cp"": 1997.1098322566968, ""k"": 0.285987476702319, ""rho"": 681.9934090622082}","[[6.329316855044799e-15, 5.799301507070087e-07], [4.571173284199021e-15, 1.1311658956736359e-08], [3.340472784606978e-15, 4.836956807308113e-10]]",323.3150000000313,323.31500000004405,0.0694562007289251,0.24994850829850215,0.0,0.0
80400.0,bdf2,50.165,0.04986,3,3.516287141691541e-15,4.826547633784983e-10,4.774847184307873e-11,8.326672684688674e-17,-0.0,4.845901457883883e-10,-4.845901457883883e-10,1.5648209701283762e-08,1.5647931060733387e-08,2.7864055037502627e-13,0.23466717415002475,2.4743258789923626e-11,1.2289856315454085e-10,-3.664739201676182e-11,"{""D"": 2.4743258789923626e-11, ""cp"": 1627.6036538801782, ""k"": 0.23466717415002475, ""rho"": 658.8857489697174}","{""D"": 2.6690288251106167e-09, ""cp"": 1996.8663045120472, ""k"": 0.285953653404451, ""rho"": 681.9756107732559}","[[6.153502497960199e-15, 5.788210067636523e-07], [1.0900490139243777e-14, 1.1281625023062958e-08], [3.516287141691541e-15, 4.826547633784983e-10]]",323.3150000000194,323.3150000000454,0.06941991382591674,0.2498094591660616,0.0,0.0
80460.0,bdf2,50.165,0.04986,3,4.219544570029855e-15,4.816139292929122e-10,3.7607605918310583e-10,8.326672684688674e-17,-0.0,4.007461029686965e-10,-4.007461029686965e-10,1.5619265312019463e-08,1.5618986182003857e-08,2.791300156063906e-13,0.23465515196234077,2.4659760877718303e-11,1.2267123061022065e-10,-4.701907821248008e-11,"{""D"": 2.4659760877718303e-11, ""cp"": 1627.5170941288534, ""k"": 0.23465515196234077, ""rho"": 658.8811177891206}","{""D"": 2.66635760764177e-09, ""cp"": 1996.623188251538, ""k"": 0.28591988725715806, ""rho"": 681.9578465071619}","[[8.087460425890555e-15, 5.777150965391442e-07], [1.7405621351373132e-14, 1.1251664891465119e-08], [4.219544570029855e-15, 4.816139292929122e-10]]",323.315000000016,323.31500000004496,0.06938373272750482,0.24967067583720237,0.0,0.0
80520.0,bdf2,50.165,0.04986,3,5.80187378379104e-15,4.805734005186579e-10,6.680238584522158e-10,5.551115123125783e-17,-4.273648788975661e-09,7.418066161335446e-10,-5.015455405109205e-09,1.559040522957697e-08,1.559012561431102e-08,2.7961526594886985e-13,0.23464316398306456,2.457670041093578e-11,1.2244456024240808e-10,1.4846751111912914e-11,"{""D"": 2.457670041093578e-11, ""cp"": 1627.430780678065, ""k"": 0.23464316398306456, ""rho"": 658.8765000982897}","{""D"": 2.663691198671016e-09, ""cp"": 1996.3804824100039, ""k"": 0.28588617811250056, ""rho"": 681.9401161647738}","[[3.5162871416915366e-15, 5.766124080153201e-07], [3.692101498776118e-15, 1.1221778284387085e-08], [5.80187378379104e-15, 4.805734005186579e-10]]",323.3150000000296,323.3150000000456,0.06934765701788878,0.24953215753729557,0.0,0.0
80580.0,bdf2,50.165,0.04986,3,2.4262381277671727e-14,4.795331631779476e-10,3.8539837987627834e-10,5.551115123125783e-17,4.273439100487737e-09,7.261746759468224e-10,3.5472644245409145e-09,1.5561629122976834e-08,1.556134902665005e-08,2.800963267836739e-13,0.23463121008169777,2.4494074535559523e-11,1.2221854945098257e-10,2.869840044568556e-11,"{""D"": 2.4494074535559523e-11, ""cp"": 1627.344712588224, ""k"": 0.23463121008169777, ""rho"": 658.871895844264}","{""D"": 2.661029586301938e-09, ""cp"": 1996.1381859258258, ""k"": 0.28585252582303133, ""rho"": 681.9224196473148}","[[3.86791585586071e-15, 5.755129286189042e-07], [2.180098027848763e-14, 1.1191965201828857e-08], [2.4262381277671727e-14, 4.795331631779476e-10]]",323.31500000002904,323.31500000004417,0.06931168628331257,0.24939390349464627,0.0,0.0
80640.0,bdf2,50.165,0.04986,3,1.547166342344279e-14,4.784925233813908e-10,8.549250196665525e-11,5.551115123125783e-17,-0.0,7.30437932361383e-10,-7.30437932361383e-10,1.5532936662874747e-08,1.5532656089646278e-08,2.805732284683313e-13,0.23461929012836294,2.4411880419400887e-11,1.219931956506367e-10,4.8498674134890524e-11,"{""D"": 2.4411880419400887e-11, ""cp"": 1627.2588889242134, ""k"": 0.23461929012836294, ""rho"": 658.8673049743434}","{""D"": 2.658372758674149e-09, ""cp"": 1995.896297740904, ""k"": 0.2858189302417922, ""rho"": 681.9047568563807}","[[2.1625165921402996e-14, 5.744166466092882e-07], [1.8812136208049765e-14, 1.1162226046246282e-08], [1.547166342344279e-14, 4.784925233813908e-10]]",323.3150000000243,323.3150000000452,0.06927582011205785,0.24925591294047442,0.0,0.0
80700.0,bdf2,50.165,0.04986,3,1.3361891138427852e-14,4.774525913520122e-10,4.156390787102282e-10,8.326672684688674e-17,-4.273021533416365e-09,5.88329385209363e-10,-4.861350918625728e-09,1.5504327521546766e-08,1.5504046475555054e-08,2.8104599171213576e-13,0.2346074039938042,2.433011525187695e-11,1.2176849626690605e-10,5.965924384881839e-11,"{""D"": 2.433011525187695e-11, ""cp"": 1627.1733087553903, ""k"": 0.2346074039938042, ""rho"": 658.8627274360888}","{""D"": 2.655720703961725e-09, ""cp"": 1995.6548168006518, ""k"": 0.2857853912223127, ""rho"": 681.8871276939398}","[[3.867915855860697e-15, 5.733235497740186e-07], [2.6372153562686563e-15, 1.1132560540083603e-08], [1.3361891138427852e-14, 4.774525913520122e-10]]",323.3150000000228,323.31500000004553,0.06924005809444382,0.24911818510890416,0.0,0.0
80760.0,bdf2,50.165,0.04986,3,9.493975282567149e-15,4.764129646339654e-10,2.348770067328587e-10,8.326672684688674e-17,-4.272813650094036e-09,6.87805368215777e-10,-4.960619018309813e-09,1.5475801372881276e-08,1.5475519858232934e-08,2.815146483416886e-13,0.23459555154937559,2.4248776243809054e-11,1.2154444873675696e-10,9.852330009968437e-12,"{""D"": 2.4248776243809054e-11, ""cp"": 1627.0879711555042, ""k"": 0.23459555154937559, ""rho"": 658.8581631773172}","{""D"": 2.653073410374107e-09, ""cp"": 1995.4137420539835, ""k"": 0.28575190861860883, ""rho"": 681.8695320623299}","[[6.329316855044769e-15, 5.722336260394201e-07], [4.746987641283578e-15, 1.1102968225373822e-08], [9.493975282567149e-15, 4.764129646339654e-10]]",323.3150000000249,323.3150000000458,0.06920439982279117,0.24898071923695253,0.0,0.0
80820.0,bdf2,50.165,0.04986,3,8.966532211313431e-15,4.753735460827357e-10,2.1668711269740015e-10,5.551115123125783e-17,-4.272606363773666e-09,5.698552740796003e-10,-4.842461637853267e-09,1.544735789235958e-08,1.5447075913138373e-08,2.8197922120702705e-13,0.23458373266704188,2.416786062721785e-11,1.2132105051473108e-10,-4.143599676077187e-11,"{""D"": 2.416786062721785e-11, ""cp"": 1627.0028752027017, ""k"": 0.23458373266704188, ""rho"": 658.8536121461021}","{""D"": 2.650430866155794e-09, ""cp"": 1995.1730724532981, ""k"": 0.28571848228518026, ""rho"": 681.8519698642579}","[[1.424096292385074e-14, 5.71146863415084e-07], [1.8987950565134323e-14, 1.1073449546206149e-08], [8.966532211313431e-15, 4.753735460827357e-10]]",323.31500000002274,323.31500000004536,0.06916884489142297,0.24884351456451448,0.0,0.0
80880.0,bdf2,50.165,0.04986,3,4.746987641283593e-15,4.743343079427476e-10,4.042703949380666e-10,5.551115123125783e-17,4.272399672114212e-09,7.105427357601002e-10,3.561856936354112e-09,1.5418996757064872e-08,1.5418714317322767e-08,2.8243974210497385e-13,0.2345719472193754,2.4087365655206088e-11,1.210982990601006e-10,3.7247843282887486e-14,"{""D"": 2.4087365655206088e-11, ""cp"": 1626.9180199795028, ""k"": 0.2345719472193754, ""rho"": 658.8490742907717}","{""D"": 2.647793059586089e-09, ""cp"": 1994.9328069544654, ""k"": 0.2856851120770091, ""rho"": 681.8344410027968}","[[3.867915855860704e-15, 5.700632501326464e-07], [4.571173284199014e-15, 1.1044003697668892e-08], [4.746987641283593e-15, 4.743343079427476e-10]]",323.31500000002836,323.31500000004456,0.06913339289665346,0.24870657033434962,0.0,0.0
80940.0,bdf2,50.165,0.04986,3,1.1955376281751302e-14,4.732952918473643e-10,2.0372681319713593e-10,5.551115123125783e-17,-4.27219357278585e-09,7.844391802791506e-10,-5.056632753065001e-09,1.539071764564808e-08,1.5390434749414604e-08,2.8289623347528466e-13,0.2345601950795497,2.4007288601697625e-11,1.2087619185470733e-10,5.28977233470132e-11,"{""D"": 2.4007288601697625e-11, ""cp"": 1626.833404572758, ""k"": 0.2345601950795497, ""rho"": 658.8445495599063}","{""D"": 2.6451599789791478e-09, ""cp"": 1994.6929445168103, ""k"": 0.28565179784955697, ""rho"": 681.8169453813847}","[[3.867915855860714e-15, 5.689827741184317e-07], [7.911646068806008e-15, 1.1014631290384713e-08], [1.1955376281751302e-14, 4.732952918473643e-10]]",323.3150000000276,323.3150000000437,0.06909804343676826,0.24856988579206837,0.0,0.0
81000.0,bdf2,50.165,0.04986,3,1.6350735208865763e-14,4.722566920856153e-10,4.843059286940843e-11,8.326672684688674e-17,-0.0,7.204903340607416e-10,-7.204903340607416e-10,1.536252023834291e-08,1.536223688962056e-08,2.833487223502219e-13,0.23454847612134067,2.3927626761325893e-11,1.206547263822246e-10,1.1185047130053617e-10,"{""D"": 2.3927626761325893e-11, ""cp"": 1626.7490280736529, ""k"": 0.23454847612134067, ""rho"": 658.8400379023393}","{""D"": 2.6425316126838598e-09, ""cp"": 1994.453484103108, ""k"": 0.285618539458765, ""rho"": 681.7994829038238}","[[5.098616355452769e-15, 5.679054238538761e-07], [6.85675992629855e-15, 1.0985331921897767e-08], [1.6350735208865763e-14, 4.722566920856153e-10]]",323.31500000002706,323.3150000000435,0.0690627961120257,0.2484334601861234,0.0,0.0
81060.0,bdf2,50.165,0.04986,3,1.2131190638835887e-14,4.712184392685614e-10,2.3510438040830195e-10,5.551115123125783e-17,-4.271783141859129e-09,7.16227077646181e-10,-4.98801021950531e-09,1.5334404216944236e-08,1.5334120419709638e-08,2.8379723459737767e-13,0.2345367902191203,2.384837744923816e-11,1.20433900143507e-10,6.057900891086187e-11,"{""D"": 2.384837744923816e-11, ""cp"": 1626.6648895776661, ""k"": 0.2345367902191203, ""rho"": 658.8355392671535}","{""D"": 2.6399079490835732e-09, ""cp"": 1994.2144246795663, ""k"": 0.28558533676105086, ""rho"": 681.7820534742776}","[[6.505131212129388e-15, 5.668311873763265e-07], [1.635073520886576e-14, 1.0956105356285661e-08], [1.2131190638835887e-14, 4.712184392685614e-10]]",323.31500000002393,323.31500000004354,0.06902765052463705,0.24829729276779436,0.0,0.0
81120.0,bdf2,50.165,0.04986,3,4.2195445700298646e-15,4.701806999296565e-10,9.549694368615746e-11,8.326672684688674e-17,4.271578805656861e-09,5.144329406903125e-10,3.757145864966548e-09,1.5306369264796333e-08,1.5306085023004024e-08,2.842417923090918e-13,0.23452513724785334,2.3769538000894732e-11,1.2021371065428474e-10,2.6258430339784887e-11,"{""D"": 2.3769538000894732e-11, ""cp"": 1626.5809881845441, ""k"": 0.23452513724785334, ""rho"": 658.8310536036806}","{""D"": 2.6372889765960774e-09, ""cp"": 1993.9757652158114, ""k"": 0.28555218961330714, ""rho"": 681.7646569972704}","[[1.0021418353820923e-14, 5.657600529729301e-07], [6.3293168550447985e-15, 1.0926952176415483e-08], [4.2195445700298646e-15, 4.701806999296565e-10]]",323.3150000000206,323.3150000000442,0.06899260627875503,0.24816138279117506,0.0,0.0
81180.0,bdf2,50.165,0.04986,3,1.5295849066358296e-14,4.691430161019028e-10,3.4515323932282627e-10,5.551115123125783e-17,-0.0,6.693312570860144e-10,-6.693312570860144e-10,1.527841506680035e-08,1.52781303843722e-08,2.846824281490723e-13,0.23451351708309487,2.3691105771945775e-11,1.1999415543646445e-10,4.453695657146719e-11,"{""D"": 2.3691105771945775e-11, ""cp"": 1626.497322998283, ""k"": 0.23451351708309487, ""rho"": 658.8265808614996}","{""D"": 2.6346746836732706e-09, ""cp"": 1993.7375046848674, ""k"": 0.28551909787289825, ""rho"": 681.747293377684}","[[3.1646584275224063e-15, 5.646920092083896e-07], [1.582329213761203e-14, 1.089787170227563e-08], [1.5295849066358296e-14, 4.691430161019028e-10]]",323.3150000000251,323.3150000000435,0.06895766298046525,0.24802572951315605,0.0,0.0
81240.0,bdf2,50.165,0.04986,3,5.450245069621939e-15,4.681059428968126e-10,8.094502845779061e-11,8.326672684688674e-17,-0.0,7.0912165028858e-10,-7.0912165028858e-10,1.5250541309378097e-08,1.5250256190214582e-08,2.8511916351482724e-13,0.2345019296009848,2.3613078137979965e-11,1.1977523202719781e-10,6.703577562032957e-11,"{""D"": 2.3613078137979965e-11, ""cp"": 1626.4138931270904, ""k"": 0.2345019296009848, ""rho"": 658.8221209904343}","{""D"": 2.6320650588015525e-09, ""cp"": 1993.4996420631587, ""k"": 0.285486061397661, ""rho"": 681.7299625207579}","[[6.153502497960259e-15, 5.636270441755631e-07], [2.461400999184104e-15, 1.086886375345486e-08], [5.450245069621939e-15, 4.681059428968126e-10]]",323.31500000002245,323.3150000000424,0.06892282023776823,0.24789033219342135,0.0,0.0
81300.0,bdf2,50.165,0.04986,3,4.922801998368185e-15,4.67069188880842e-10,3.8198777474462986e-11,8.326672684688674e-17,-0.0,6.45172804070171e-10,-6.45172804070171e-10,1.5222747680486383e-08,1.522246212846505e-08,2.855520213324945e-13,0.23449037467824896,2.3535452494436185e-11,1.1955693797655812e-10,4.1188087659502515e-12,"{""D"": 2.3535452494436185e-11, ""cp"": 1626.3306976833924, ""k"": 0.23449037467824896, ""rho"": 658.8176739405544}","{""D"": 2.629460090501949e-09, ""cp"": 1993.262176330491, ""k"": 0.2854530800459015, ""rho"": 681.7126643320873}","[[2.6372153562686705e-15, 5.625651465779313e-07], [3.1646584275224048e-15, 1.0839928704653445e-08], [4.922801998368185e-15, 4.67069188880842e-10]]",323.31500000002177,323.3150000000436,0.06888807766058132,0.24775519009443225,0.0,0.0
81360.0,bdf2,50.165,0.04986,3,8.966532211313532e-15,4.660327956873545e-10,1.4415491023100913e-10,5.551115123125783e-17,-4.270767269388842e-09,6.252776074688882e-10,-4.8960448768577305e-09,1.519503386960233e-08,1.5194747888571946e-08,2.859810303846507e-13,0.23447885219219153,2.3458226256394123e-11,1.193392708455659e-10,-2.041489701615904e-11,"{""D"": 2.3458226256394123e-11, ""cp"": 1626.2477357837793, ""k"": 0.23447885219219153, ""rho"": 658.8132396621716}","{""D"": 2.6268597673281526e-09, ""cp"": 1993.0251064700328, ""k"": 0.2854201536763934, ""rho"": 681.6953987176207}","[[1.054886142507475e-14, 5.615063048414193e-07], [2.2855866420995284e-15, 1.0811066181171114e-08], [8.966532211313532e-15, 4.660327956873545e-10]]",323.31500000002484,323.3150000000417,0.06885343486071493,0.24762030248141192,0.0,0.0
81420.0,bdf2,50.165,0.04986,3,4.922801998368214e-15,4.6499704087210603e-10,1.4233592082746327e-10,5.551115123125783e-17,4.270565826165972e-09,3.879563337250147e-10,3.8826094924409576e-09,1.5167399567704858e-08,1.5167113161490798e-08,2.8640621406065477e-13,0.23446736202069263,2.338139685839244e-11,1.1912222820503785e-10,1.9573794617294485e-11,"{""D"": 2.338139685839244e-11, ""cp"": 1626.165006548987, ""k"": 0.23446736202069263, ""rho"": 658.8088181058386}","{""D"": 2.6242640778692983e-09, ""cp"": 1992.7884314683092, ""k"": 0.2853872821483763, ""rho"": 681.678165583659}","[[4.219544570029899e-15, 5.604505075307298e-07], [1.3361891138428011e-14, 1.0782276016474412e-08], [4.922801998368214e-15, 4.6499704087210603e-10]]",323.3150000000155,323.31500000004166,0.0688188914518635,0.24748566862233662,0.0,0.0
81480.0,bdf2,50.165,0.04986,3,4.746987641283619e-15,4.6396157749040157e-10,4.558842192636803e-10,8.326672684688674e-17,4.27036495480202e-09,6.181721801112872e-10,3.652192774690733e-09,1.513984446728106e-08,1.5139557639684886e-08,2.8682759617338224e-13,0.23445590404220876,2.3304961754335912e-11,1.1890580764395654e-10,-4.2421925657746804e-11,"{""D"": 2.3304961754335912e-11, ""cp"": 1626.082509103903, ""k"": 0.23445590404220876, ""rho"": 658.8044092223496}","{""D"": 2.6216730107473193e-09, ""cp"": 1992.5521503151813, ""k"": 0.28535446532155295, ""rho"": 681.6609648368536}","[[3.3404727846069934e-15, 5.593977432938324e-07], [1.5647477780527487e-14, 1.075355872404149e-08], [4.746987641283619e-15, 4.6396157749040157e-10]]",323.3150000000247,323.31500000004274,0.06878444704960611,0.2473512877879187,0.0,0.0
81540.0,bdf2,50.165,0.04986,3,2.637215356268681e-15,4.629264610533923e-10,8.203642209991813e-10,5.551115123125783e-17,-4.270164653076241e-09,7.30437932361383e-10,-5.000602585437624e-09,1.51123682623036e-08,1.5112081017097667e-08,2.872452059322349e-13,0.2344444781357619,2.322891841720243e-11,1.1869000675117584e-10,3.418256742175955e-11,"{""D"": 2.322891841720243e-11, ""cp"": 1626.0002425774858, ""k"": 0.2344444781357619, ""rho"": 658.8000129627357}","{""D"": 2.6190865546180208e-09, ""cp"": 1992.316262003842, ""k"": 0.28532170305608917, ""rho"": 681.6437963842048}","[[6.153502497960256e-15, 5.583480007509412e-07], [7.208388640467723e-15, 1.0724913290793836e-08], [2.637215356268681e-15, 4.629264610533923e-10]]",323.3150000000252,323.3150000000423,0.06875010127137209,0.2472171592516003,0.0,0.0
81600.0,bdf2,50.165,0.04986,3,1.1076304496328567e-14,4.6189192748347097e-10,2.0190782379359007e-10,5.551115123125783e-17,-4.2699649187785375e-09,5.059064278611913e-10,-4.775871346639729e-09,1.5084970648226443e-08,1.508468298916611e-08,2.8765906033411993e-13,0.2344330841809455,2.3153264338997862e-11,1.184748231482601e-10,-6.449215694284355e-11,"{""D"": 2.3153264338997862e-11, ""cp"": 1625.9182061028075, ""k"": 0.2344330841809455, ""rho"": 658.7956292782666}","{""D"": 2.6165046981707183e-09, ""cp"": 1992.080765530798, ""k"": 0.28528899521261086, ""rho"": 681.6266601330607}","[[1.3889334209681855e-14, 5.573012685777812e-07], [9.845603996736506e-15, 1.0696340188576237e-08], [1.1076304496328567e-14, 4.6189192748347097e-10]]",323.3150000000202,323.3150000000392,0.06871585373645764,0.24708328228953666,0.0,0.0
81660.0,bdf2,50.165,0.04986,3,3.5162871416916064e-15,4.6085796290284975e-10,2.9035618354100734e-10,8.326672684688674e-17,-0.0,7.261746759468224e-10,-7.261746759468224e-10,1.5057651321986905e-08,1.5057363252797394e-08,2.8806918951157273e-13,0.234421722057915,2.307799703057559e-11,1.182602544372159e-10,3.833856600749289e-12,"{""D"": 2.307799703057559e-11, ""cp"": 1625.836398816988, ""k"": 0.234421722057915, ""rho"": 658.7912581204475}","{""D"": 2.6139274301290644e-09, ""cp"": 1991.8456598958655, ""k"": 0.28525634165220354, ""rho"": 681.6095559911155}","[[1.529584906635846e-14, 5.562575355333443e-07], [1.9515393636388403e-14, 1.0667839209221874e-08], [3.5162871416916064e-15, 4.6085796290284975e-10]]",323.31500000002256,323.3150000000394,0.06868170406599675,0.24694965618059014,0.0,0.0
81720.0,bdf2,50.165,0.04986,3,4.0437302129453454e-15,4.5982438690028715e-10,2.398792275926098e-10,5.551115123125783e-17,-0.0,3.637978807091713e-10,-3.637978807091713e-10,1.5030409981975987e-08,1.503012150636399e-08,2.8847561199674773e-13,0.2344103916473865,2.3003114021391168e-11,1.1804629826110526e-10,-2.65615196887726e-11,"{""D"": 2.3003114021391168e-11, ""cp"": 1625.7548198611828, ""k"": 0.2344103916473865, ""rho"": 658.7868994410182}","{""D"": 2.6113547392491356e-09, ""cp"": 1991.6109441021422, ""k"": 0.2852237422364087, ""rho"": 681.5924838664075}","[[3.692101498776185e-15, 5.552167905709116e-07], [1.3713519852597258e-14, 1.0639410741308808e-08], [4.0437302129453454e-15, 4.5982438690028715e-10]]",323.31500000001455,323.31500000003956,0.06864765188295499,0.2468162802063085,0.0,0.0
81780.0,bdf2,50.165,0.04986,3,9.493975282567354e-15,4.5879128274251e-10,1.844000507844612e-10,8.326672684688674e-17,-4.269369098510081e-09,7.219114195322618e-10,-4.991280518042343e-09,1.5003246328059107e-08,1.5002957449699825e-08,2.888783592820652e-13,0.2343990928306353,2.292861285949782e-11,1.1783295226242648e-10,7.819665260017592e-11,"{""D"": 2.292861285949782e-11, ""cp"": 1625.6734683805744, ""k"": 0.2343990928306353, ""rho"": 658.7825531919519}","{""D"": 2.6087866143203714e-09, ""cp"": 1991.3766171560083, ""k"": 0.2851911968272234, ""rho"": 681.5754436673179}","[[9.318160925482772e-15, 5.541790224494747e-07], [1.4944220352189347e-14, 1.0611053591347286e-08], [9.493975282567354e-15, 4.5879128274251e-10]]",323.3150000000261,323.3150000000388,0.06861369681212479,0.24668315365092094,0.0,0.0
81840.0,bdf2,50.165,0.04986,3,1.8812136208050017e-14,4.57758747574033e-10,5.647962098009884e-10,5.551115123125783e-17,4.269171612032946e-09,6.181721801112872e-10,3.650999431921659e-09,1.4976160061526924e-08,1.497587078407897e-08,2.892774479541508e-13,0.2343878254894876,2.2854491111190944e-11,1.1762021408688629e-10,3.9750425266560605e-11,"{""D"": 2.2854491111190944e-11, ""cp"": 1625.5923435243108, ""k"": 0.2343878254894876, ""rho"": 658.7782193254526}","{""D"": 2.6062230441659537e-09, ""cp"": 1991.1426780671077, ""k"": 0.2851587052870983, ""rho"": 681.5584353025694}","[[2.1097722850149575e-15, 5.531442200945591e-07], [1.0197232710905631e-14, 1.0582768855682545e-08], [1.8812136208050017e-14, 4.57758747574033e-10]]",323.3150000000217,323.31500000004075,0.06857983848009871,0.24655027580132294,0.0,0.0
81900.0,bdf2,50.165,0.04986,3,1.7581435708457997e-15,4.5672701731724885e-10,1.8326318240724504e-10,5.551115123125783e-17,-0.0,5.144329406903125e-10,-5.144329406903125e-10,1.4949150885127985e-08,1.4948861212224683e-08,2.896729033015702e-13,0.2343765895063246,2.2780746361040752e-11,1.1740808140736912e-10,2.624166947870709e-11,"{""D"": 2.2780746361040752e-11, ""cp"": 1625.511444445537, ""k"": 0.2343765895063246, ""rho"": 658.7738977939559}","{""D"": 2.6036640176414225e-09, ""cp"": 1990.909125848335, ""k"": 0.2851262674789354, ""rho"": 681.5414586812241}","[[1.0373047067990217e-14, 5.521123724316901e-07], [1.7757250065542573e-14, 1.0554555382458197e-08], [1.7581435708457997e-15, 4.5672701731724885e-10]]",323.31500000002006,323.3150000000401,0.06854607651528086,0.24641764594706334,0.0,0.0
81960.0,bdf2,50.165,0.04986,3,2.1976794635572503e-14,4.556954952272818e-10,4.013145371573046e-11,5.551115123125783e-17,-0.0,7.133849067031406e-10,-7.133849067031406e-10,1.4922218503042544e-08,1.4921928438290164e-08,2.900647523797469e-13,0.23436538476407487,2.2707376211647203e-11,1.171965518933261e-10,1.2439654143436597e-10,"{""D"": 2.2707376211647203e-11, ""cp"": 1625.4307703013392, ""k"": 0.23436538476407487, ""rho"": 658.7695885501264}","{""D"": 2.6011095236356754e-09, ""cp"": 1990.6759595158294, ""k"": 0.2850938832660874, ""rho"": 681.5245137126831}","[[7.208388640467786e-15, 5.510834685251709e-07], [5.801873783791149e-15, 1.0526414059852662e-08], [2.1976794635572503e-14, 4.556954952272818e-10]]",323.3150000000244,323.31500000003996,0.06851241054786271,0.24628526338033693,0.0,0.0
82020.0,bdf2,50.165,0.04986,3,1.2307004995920614e-14,4.5466484743794666e-10,3.700506567838602e-11,8.326672684688674e-17,4.2685824832247624e-09,6.94910795573378e-10,3.5736716876513844e-09,1.4895362620861077e-08,1.4895072167849187e-08,2.9045301188945747e-13,0.23435421114621097,2.2634378283462748e-11,1.1698562323579524e-10,7.926950826286519e-11,"{""D"": 2.2634378283462748e-11, ""cp"": 1625.350320252719, ""k"": 0.23435421114621097, ""rho"": 658.7652915468559}","{""D"": 2.598559551070601e-09, ""cp"": 1990.4431780889558, ""k"": 0.285061552512355, ""rho"": 681.5076003066839}","[[9.845603996736495e-15, 5.500574974393047e-07], [1.1603747567582296e-14, 1.0498344207854338e-08], [1.2307004995920614e-14, 4.5466484743794666e-10]]",323.3150000000256,323.3150000000396,0.06847884020981149,0.24615312739596798,0.0,0.0
82080.0,bdf2,50.165,0.04986,3,1.3361891138428093e-14,4.536349212935775e-10,1.7780621419660747e-10,5.551115123125783e-17,-0.0,4.860112312599085e-10,-4.860112312599085e-10,1.4868582945600743e-08,1.4868292107892143e-08,2.9083770859992085e-13,0.234343068536748,2.256175021469897e-11,1.1677529313850023e-10,3.872013363869285e-11,"{""D"": 2.256175021469897e-11, ""cp"": 1625.2700934645857, ""k"": 0.234343068536748, ""rho"": 658.7610067372627}","{""D"": 2.596014088900497e-09, ""cp"": 1990.2107805902929, ""k"": 0.2850292750819851, ""rho"": 681.4907183732992}","[[2.9888440704378635e-15, 5.490344482106391e-07], [1.0021418353821068e-14, 1.0470345576663043e-08], [1.3361891138428093e-14, 4.536349212935775e-10]]",323.31500000001944,323.3150000000397,0.06844536513486518,0.2460212372913997,0.0,0.0
82140.0,bdf2,50.165,0.04986,3,1.5120034709273934e-14,4.526053976050548e-10,1.864464138634503e-10,5.551115123125783e-17,4.268192484853397e-09,4.703792910731863e-10,3.797813193780211e-09,1.4841879185687775e-08,1.4841587966821201e-08,2.912188665738211e-13,0.23433195682024213,2.2489489661179646e-11,1.1656555930380107e-10,-3.22975453194232e-11,"{""D"": 2.2489489661179646e-11, ""cp"": 1625.1900891057435, ""k"": 0.23433195682024213, ""rho"": 658.7567340746914}","{""D"": 2.5934731261123957e-09, ""cp"": 1989.978766045624, ""k"": 0.28499705083967, ""rho"": 681.4738678229355}","[[5.977688140875742e-15, 5.480143101532775e-07], [5.274430712537414e-15, 1.0442418582612412e-08], [1.5120034709273934e-14, 4.526053976050548e-10]]",323.3150000000188,323.3150000000389,0.0684119849585265,0.2458895923666841,0.0,0.0
82200.0,bdf2,50.165,0.04986,3,1.6526549565950567e-14,4.5157616535007605e-10,1.3346834748517722e-10,5.551115123125783e-17,-0.0,7.51754214434186e-10,-7.51754214434186e-10,1.4815251050941112e-08,1.4814959454430886e-08,2.9159651022622115e-13,0.23432087588178288,2.2417594296140465e-11,1.1635641945636795e-10,3.678478711893296e-11,"{""D"": 2.2417594296140465e-11, ""cp"": 1625.110306348837, ""k"": 0.23432087588178288, ""rho"": 658.7524735127089}","{""D"": 2.5909366517261186e-09, ""cp"": 1989.7471334839233, ""k"": 0.2849648796505449, ""rho"": 681.4570485663321}","[[4.9228019983682545e-15, 5.46997072276012e-07], [4.922801998368254e-15, 1.0414562892635537e-08], [1.6526549565950567e-14, 4.5157616535007605e-10]]",323.31500000002654,323.3150000000391,0.06837869931803861,0.24575819192446913,0.0,0.0
82260.0,bdf2,50.165,0.04986,3,1.9339579279303906e-15,4.5054808495148535e-10,8.066081136348657e-11,8.326672684688674e-17,-0.0,6.02540239924565e-10,-6.02540239924565e-10,1.4788698252567082e-08,1.478840628191178e-08,2.919706553016768e-13,0.23430982560699498,2.23460618100962e-11,1.1614787132892382e-10,-9.110117572740489e-12,"{""D"": 2.23460618100962e-11, ""cp"": 1625.030744370364, ""k"": 0.23430982560699498, ""rho"": 658.7482250051058}","{""D"": 2.5884046547934307e-09, ""cp"": 1989.5158819373441, ""k"": 0.2849327613801867, ""rho"": 681.4402605145584}","[[1.0548861425074854e-14, 5.459827240039683e-07], [8.439089140059884e-15, 1.0386778451221268e-08], [1.9339579279303906e-15, 4.5054808495148535e-10]]",323.31500000002313,323.31500000003825,0.06834550785238973,0.24562703526998786,0.0,0.0
82320.0,bdf2,50.165,0.04986,3,1.6350735208865984e-14,4.4952032374201423e-10,8.276401786133647e-11,5.551115123125783e-17,-0.0,6.934897101018578e-10,-6.934897101018578e-10,1.4762220503167509e-08,1.4761928161837445e-08,2.923413300632952e-13,0.23429880588203333,2.2274889910755212e-11,1.1593991266115193e-10,1.086669894043148e-11,"{""D"": 2.2274889910755212e-11, ""cp"": 1624.9514023506401, ""k"": 0.23429880588203333, ""rho"": 658.743988505894}","{""D"": 2.5858771243993214e-09, ""cp"": 1989.2850104412046, ""k"": 0.28490069589461176, ""rho"": 681.4235035790139}","[[1.4065148566766436e-15, 5.44971254567983e-07], [1.1076304496328573e-14, 1.0359065036325e-08], [1.6350735208865984e-14, 4.4952032374201423e-10]]",323.31500000002484,323.3150000000391,0.06831241020229681,0.2454961217110458,0.0,0.0
82380.0,bdf2,50.165,0.04986,3,5.450245069622009e-15,4.484936033666287e-10,1.9667822925839573e-10,5.551115123125783e-17,-0.0,5.982769835100044e-10,-5.982769835100044e-10,1.4735817516709659e-08,1.473552480815613e-08,2.9270855352961304e-13,0.23428781659357995,2.220407632279222e-11,1.1573254120619445e-10,-6.908800891665998e-12,"{""D"": 2.220407632279222e-11, ""cp"": 1624.8722794737757, ""k"": 0.23428781659357995, ""rho"": 658.7397639693049}","{""D"": 2.5833540496597445e-09, ""cp"": 1989.0545180339798, ""k"": 0.28486868306027496, ""rho"": 681.4067776714254}","[[7.3842029975524e-15, 5.439626532821595e-07], [8.2632747829753e-15, 1.0331422536924428e-08], [5.450245069622009e-15, 4.484936033666287e-10]]",323.3150000000235,323.31500000003825,0.06827940601019516,0.2453654505580113,0.0,0.0
82440.0,bdf2,50.165,0.04986,3,2.9888440704378686e-15,4.474673548360286e-10,1.659827830735594e-10,5.551115123125783e-17,-0.0,4.533262654149439e-10,-4.533262654149439e-10,1.4709489008529216e-08,1.470919593618042e-08,2.9307234879716733e-13,0.23427685762884,2.2133618787753375e-11,1.1552575472878414e-10,-5.9502784747319364e-12,"{""D"": 2.2133618787753375e-11, ""cp"": 1624.7933749276483, ""k"": 0.23427685762884, ""rho"": 658.7355513497889}","{""D"": 2.5808354197240644e-09, ""cp"": 1988.8244037572863, ""k"": 0.2848367227440675, ""rho"": 681.3900827038468}","[[8.614903497144438e-15, 5.429569095993791e-07], [1.564747778052765e-14, 1.030385117506416e-08], [2.9888440704378686e-15, 4.474673548360286e-10]]",323.31500000001813,323.31500000003905,0.06824649492022553,0.24523502112380294,0.0,0.0
82500.0,bdf2,50.165,0.04986,3,9.318160925482787e-15,4.464418834615458e-10,5.416040949057788e-10,8.326672684688674e-17,-0.0,3.012701199622825e-10,-3.012701199622825e-10,1.4683234695326144e-08,1.468294126258679e-08,2.934327393529244e-13,0.23426592887554207,2.2063515063913508e-11,1.1531955100595522e-10,-4.733433222487414e-11,"{""D"": 2.2063515063913508e-11, ""cp"": 1624.714687903903, ""k"": 0.23426592887554207, ""rho"": 658.7313506020139}","{""D"": 2.578321223772643e-09, ""cp"": 1988.5946666558723, ""k"": 0.2848048148133156, ""rho"": 681.3734185886565}","[[2.6372153562687127e-15, 5.419540128337452e-07], [2.285586642099551e-15, 1.0276350298488168e-08], [9.318160925482787e-15, 4.464418834615458e-10]]",323.31500000001205,323.31500000003837,0.06821367657823349,0.24510483272387915,0.0,0.0
82560.0,bdf2,50.165,0.04986,3,1.0724675782159432e-14,4.4541691168742403e-10,1.4733814168721437e-10,5.551115123125783e-17,4.266844576877042e-09,5.925926416239236e-10,3.6742519352531188e-09,1.465705429515176e-08,1.4656760505403653e-08,2.937897481064785e-13,0.23425503022193336,2.199376292614082e-11,1.1511392781843508e-10,6.453492693196479e-11,"{""D"": 2.199376292614082e-11, ""cp"": 1624.6362175979202, ""k"": 0.23425503022193336, ""rho"": 658.7271616808646}","{""D"": 2.5758114510184335e-09, ""cp"": 1988.3653057776005, ""k"": 0.2847729591357778, ""rho"": 681.3567852385567}","[[7.91164606880614e-15, 5.409539526879392e-07], [7.91164606880614e-15, 1.0248920379041238e-08], [1.0724675782159432e-14, 4.4541691168742403e-10]]",323.315000000021,323.3150000000384,0.06818095063175457,0.2449748846762237,0.0,0.0
82620.0,bdf2,50.165,0.04986,3,6.153502497960326e-15,4.4439277258057075e-10,1.6007106751203537e-10,5.551115123125783e-17,-0.0,4.661160346586257e-10,-4.661160346586257e-10,1.463094752739072e-08,1.4630653383999214e-08,2.9414339150548897e-13,0.23424416155677524,2.1924360165690746e-11,1.1490888296800369e-10,5.5983711112522775e-11,"{""D"": 2.1924360165690746e-11, ""cp"": 1624.5579632087818, ""k"": 0.23424416155677524, ""rho"": 658.7229845414399}","{""D"": 2.5733060907059484e-09, ""cp"": 1988.1363201734457, ""k"": 0.28474115557964524, ""rho"": 681.3401825665716}","[[5.626059426706578e-15, 5.399567185870868e-07], [7.735831711721563e-15, 1.022156102814531e-08], [6.153502497960326e-15, 4.4439277258057075e-10]]",323.31500000001864,323.31500000003865,0.06814831672999902,0.24484517630134048,0.0,0.0
82680.0,bdf2,50.165,0.04986,3,2.1097722850149678e-15,4.4336945226319813e-10,1.6825651982799172e-10,5.551115123125783e-17,-0.0,4.732214620162267e-10,-4.732214620162267e-10,1.460491411277531e-08,1.4604619619079705e-08,2.9449369560449067e-13,0.23423332276934264,2.1855304590172716e-11,1.1470441425326273e-10,1.0357674288931884e-11,"{""D"": 2.1855304590172716e-11, ""cp"": 1624.479923939267, ""k"": 0.23423332276934264, ""rho"": 658.7188191390527}","{""D"": 2.570805132111609e-09, ""cp"": 1987.9077088974732, ""k"": 0.28470940401353795, ""rho"": 681.3236104860463}","[[9.669789639651937e-15, 5.389622999840693e-07], [1.0021418353821098e-14, 1.0194272120900294e-08], [2.1097722850149678e-15, 4.4336945226319813e-10]]",323.3150000000187,323.3150000000388,0.06811577452384963,0.24471570692223643,0.0,0.0
82740.0,bdf2,50.165,0.04986,3,4.219544570029946e-15,4.4234689522415493e-10,7.634071153006516e-11,5.551115123125783e-17,-0.0,5.286437954055145e-10,-5.286437954055145e-10,1.4578953773362483e-08,1.4578658932682341e-08,2.948406801416674e-13,0.23422251374942166,2.1786594023348803e-11,1.1450051950198006e-10,1.8351600576217643e-11,"{""D"": 2.1786594023348803e-11, ""cp"": 1624.402098995836, ""k"": 0.23422251374942166, ""rho"": 658.7146654292292}","{""D"": 2.5683085645430256e-09, ""cp"": 1987.6794710068357, ""k"": 0.28467770430650496, ""rho"": 681.3070689106452}","[[9.318160925482799e-15, 5.379706867758571e-07], [6.68094556921408e-15, 1.0167053671183979e-08], [4.219544570029946e-15, 4.4234689522415493e-10]]",323.3150000000211,323.315000000038,0.06808332366585293,0.2445864758644155,0.0,0.0
82800.0,bdf2,50.165,0.04986,3,5.274430712537444e-15,4.413251292190168e-10,2.0327206584624946e-10,8.326672684688674e-17,-0.0,6.16751094639767e-10,-6.16751094639767e-10,1.4553066232529385e-08,1.4552771048162849e-08,2.95184366536034e-13,0.2342117343873046,2.1718226305008796e-11,1.1429719653059625e-10,2.737957093837248e-11,"{""D"": 2.1718226305008796e-11, ""cp"": 1624.3244875885932, ""k"": 0.2342117343873046, ""rho"": 658.7105233677061}","{""D"": 2.565816377339818e-09, ""cp"": 1987.451605561751, ""k"": 0.284646056328021, ""rho"": 681.2905577543503}","[[3.340472784607048e-15, 5.369818684153316e-07], [6.153502497960352e-15, 1.0139905359807244e-08], [5.274430712537444e-15, 4.413251292190168e-10]]",323.31500000002467,323.3150000000373,0.06805096381020356,0.24445748245586163,0.0,0.0
82860.0,bdf2,50.165,0.04986,3,9.493975282567374e-15,4.4030412649220807e-10,3.9040060073602945e-10,8.326672684688674e-17,-0.0,5.471179065352771e-10,-5.471179065352771e-10,1.4527251214963352e-08,1.4526955690188802e-08,2.9552477455058957e-13,0.23420098457378768,2.1650199290831042e-11,1.1409444318223342e-10,-2.806908325283993e-11,"{""D"": 2.1650199290831042e-11, ""cp"": 1624.2470889312713, ""k"": 0.23420098457378768, ""rho"": 658.7063929104302}","{""D"": 2.563328559872978e-09, ""cp"": 1987.2241116255025, ""k"": 0.28461445994798645, ""rho"": 681.2740769314604}","[[1.4065148566766476e-14, 5.359958348272187e-07], [2.109772285014972e-14, 1.0112827658614876e-08], [9.493975282567374e-15, 4.4030412649220807e-10]]",323.3150000000219,323.31500000003814,0.068018694612736,0.24432872602703473,0.0,0.0
82920.0,bdf2,50.165,0.04986,3,1.3713519852597299e-14,4.3928365112133605e-10,4.058620106661692e-11,1.1102230246251565e-16,-0.0,6.082245818106458e-10,-6.082245818106458e-10,1.4501508446670846e-08,1.4501212584740741e-08,2.958619301042115e-13,0.23419026420017164,2.1582510852293366e-11,1.1389225730512714e-10,2.9073839797275525e-11,"{""D"": 2.1582510852293366e-11, ""cp"": 1624.1699022412358, ""k"": 0.23419026420017164, ""rho"": 658.7022740135585}","{""D"": 2.5608451015445323e-09, ""cp"": 1986.9969882644218, ""k"": 0.2845829150367253, ""rho"": 681.2576263565896}","[[2.6372153562687103e-15, 5.350125755476665e-07], [4.219544570029936e-15, 1.0085819610039515e-08], [1.3713519852597299e-14, 4.3928365112133605e-10]]",323.3150000000238,323.3150000000386,0.06798651573092593,0.24420020591085653,0.0,0.0
82980.0,bdf2,50.165,0.04986,3,8.614903497144443e-15,4.382644108735789e-10,8.378719940083101e-11,5.551115123125783e-17,-0.0,6.394884621840902e-10,-6.394884621840902e-10,1.4475837654936459e-08,1.4475541459088436e-08,2.9619584802328503e-13,0.23417957315825236,2.1515158876469262e-11,1.1369063675695434e-10,-1.9899801863497682e-11,"{""D"": 2.1515158876469262e-11, ""cp"": 1624.092926739417, ""k"": 0.23417957315825236, ""rho"": 658.6981666334541}","{""D"": 2.558365991787824e-09, ""cp"": 1986.7702345478679, ""k"": 0.2845514214649817, ""rho"": 681.2412059446649}","[[7.911646068806125e-15, 5.340320806124232e-07], [1.4416777280935608e-14, 1.0058881547148069e-08], [8.614903497144443e-15, 4.382644108735789e-10]]",323.3150000000256,323.3150000000391,0.06795442682386055,0.24407192144269438,0.0,0.0
83040.0,bdf2,50.165,0.04986,3,1.599910649469675e-14,4.372458645152122e-10,3.61524143954739e-10,8.326672684688674e-17,4.2653359577453785e-09,5.101696842757519e-10,3.7551662734696266e-09,1.4450238568348947e-08,1.4449942041798747e-08,2.965265501999723e-13,0.2341689113403245,2.1448141265953224e-11,1.1348957940324658e-10,-6.946719431305027e-11,"{""D"": 2.1448141265953224e-11, ""cp"": 1624.0161616503365, ""k"": 0.2341689113403245, ""rho"": 658.6940707266878}","{""D"": 2.5558912200676936e-09, ""cp"": 1986.5438495482367, ""k"": 0.2845199791039218, ""rho"": 681.2248156109264}","[[8.790717854228984e-15, 5.330543396131482e-07], [5.977688140875709e-15, 1.0032013664229567e-08], [1.599910649469675e-14, 4.372458645152122e-10]]",323.3150000000204,323.3150000000406,0.06792242755224843,0.24394387196036257,0.0,0.0
83100.0,bdf2,50.165,0.04986,3,4.043730212945331e-15,4.362279704128724e-10,3.5697667044587433e-10,5.551115123125783e-17,-0.0,5.428546501207165e-10,-5.428546501207165e-10,1.4424710916784129e-08,1.4424414062723101e-08,2.9685406102782956e-13,0.2341582786391765,2.1381455938731774e-11,1.1328908312157698e-10,-3.047792513855317e-11,"{""D"": 2.1381455938731774e-11, ""cp"": 1623.9396062020708, ""k"": 0.2341582786391765, ""rho"": 658.6899862500356}","{""D"": 2.5534207758791378e-09, ""cp"": 1986.3178323409268, ""k"": 0.2844885878251287, ""rho"": 681.2084552709246}","[[2.285586642099538e-15, 5.320793427521231e-07], [2.6372153562686977e-15, 1.0005215517194799e-08], [4.043730212945331e-15, 4.362279704128724e-10]]",323.3150000000217,323.3150000000407,0.06789051757840388,0.24381605680409837,0.0,0.0
83160.0,bdf2,50.165,0.04986,2,1.9867022350557522e-14,9.991893215599568e-09,1.1232259566895664e-10,5.551115123125783e-17,-0.0,5.528022484213579e-10,-5.528022484213579e-10,1.4399246685712868e-08,1.4398957598541861e-08,2.890871710072383e-13,0.23414767509202708,2.1315101727754246e-11,1.1308914852162813e-10,1.4559525388872198e-11,"{""D"": 2.1315101727754246e-11, ""cp"": 1623.863260662595, ""k"": 0.23414767509202708, ""rho"": 658.6859132157667}","{""D"": 2.550954648748989e-09, ""cp"": 1986.0921820043452, ""k"": 0.2844572475006035, ""rho"": 681.1921248405199}","[[1.635073520886592e-14, 5.31107079759785e-07], [1.9867022350557522e-14, 9.991893215599568e-09]]",323.3150000000221,323.3150000000403,0.06785869699817733,0.24368847531656174,0.0,0.0
83220.0,bdf2,50.165,0.04986,2,2.637215356268697e-15,9.965094041608502e-09,1.554099071654491e-10,5.551115123125783e-17,-0.0,5.584865903074387e-10,-5.584865903074387e-10,1.4373860960781928e-08,1.4373571513115668e-08,2.8944766626089985e-13,0.23413710023085987,2.1249074318968838e-11,1.1288976667488054e-10,3.1387113748360655e-11,"{""D"": 2.1249074318968838e-11, ""cp"": 1623.787121662191, ""k"": 0.23413710023085987, ""rho"": 658.6818514420985}","{""D"": 2.5484928282344497e-09, ""cp"": 1985.866897619891, ""k"": 0.2844259580027626, ""rho"": 681.1758242358811}","[[3.340472784607016e-15, 5.301375406718822e-07], [2.637215356268697e-15, 9.965094041608502e-09]]",323.31500000002137,323.31500000004036,0.06782696439139459,0.24356112684282097,0.0,0.0
83280.0,bdf2,50.165,0.04986,2,1.1076304496328526e-14,9.938464259895419e-09,8.685674401931465e-11,5.551115123125783e-17,-0.0,6.082245818106458e-10,-6.082245818106458e-10,1.434854598153325e-08,1.4348256184993001e-08,2.8979654024899487e-13,0.23412655421854875,2.1183373356422853e-11,1.126909405503448e-10,-2.2472452359307517e-11,"{""D"": 2.1183373356422853e-11, ""cp"": 1623.711190373551, ""k"": 0.23412655421854875, ""rho"": 658.6778009895988}","{""D"": 2.546035303923645e-09, ""cp"": 1985.6419782719315, ""k"": 0.28439471920443493, ""rho"": 681.159553373483}","[[1.0900490139243946e-14, 5.291707155241632e-07], [1.1076304496328526e-14, 9.938464259895419e-09]]",323.3150000000243,323.3150000000404,0.06779532023124125,0.243434010730336,0.0,0.0
83340.0,bdf2,50.165,0.04986,2,1.2482819353005156e-14,9.911915829774465e-09,7.526068657170981e-11,5.551115123125783e-17,-0.0,4.305888978706207e-10,-4.305888978706207e-10,1.4323301396268044e-08,1.4323011255094642e-08,2.901411734028577e-13,0.23411603691067862,2.111799657311164e-11,1.1249266733445308e-10,-8.81923849813782e-12,"{""D"": 2.111799657311164e-11, ""cp"": 1623.6354657568859, ""k"": 0.23411603691067862, ""rho"": 658.6737618008151}","{""D"": 2.5435820654351156e-09, ""cp"": 1985.4174230478125, ""k"": 0.2843635309788628, ""rho"": 681.1433121701068}","[[9.845603996736457e-15, 5.28206594491154e-07], [1.2482819353005156e-14, 9.911915829774465e-09]]",323.3150000000172,323.31500000004064,0.0677637640688683,0.24330712632895915,0.0,0.0
83400.0,bdf2,50.165,0.04986,2,1.371351985259721e-14,9.885440008239321e-09,3.1889157980913296e-11,5.551115123125783e-17,-0.0,5.911715561524034e-10,-5.911715561524034e-10,1.4298126924983037e-08,1.4297836442667355e-08,2.90482315682482e-13,0.23410554819541968,2.1052941917880232e-11,1.1229494482075968e-10,3.4383892367217557e-12,"{""D"": 2.1052941917880232e-11, ""cp"": 1623.5599470070217, ""k"": 0.23410554819541968, ""rho"": 658.6697338308268}","{""D"": 2.5411331024180657e-09, ""cp"": 1985.1932310378347, ""k"": 0.2843323931996993, ""rho"": 681.1271005428376}","[[2.4614009991841146e-15, 5.272451675808476e-07], [1.371351985259721e-14, 9.885440008239321e-09]]",323.31500000002364,323.3150000000407,0.0677322955533342,0.24318047299091866,0.0,0.0
83460.0,bdf2,50.165,0.04986,2,4.5711732841991e-15,9.859034463821637e-09,1.191438059322536e-10,8.326672684688674e-17,-4.264043010937805e-09,3.652189661806915e-10,-4.629261977118496e-09,1.4273022299739472e-08,1.4272731479576183e-08,2.908201632884916e-13,0.2340950879661588,2.0988207383845004e-11,1.1209777090365518e-10,-2.4033276098436775e-11,"{""D"": 2.0988207383845004e-11, ""cp"": 1623.4846333563435, ""k"": 0.2340950879661588, ""rho"": 658.6657170367322}","{""D"": 2.5386884045519492e-09, ""cp"": 1984.9694013352378, ""k"": 0.28430130574100526, ""rho"": 681.110918409063}","[[2.1097722850149674e-15, 5.262864249400145e-07], [4.5711732841991e-15, 9.859034463821637e-09]]",323.31500000001455,323.3150000000386,0.06770091434947023,0.24305405007080444,0.0,0.0
83520.0,bdf2,50.165,0.04986,2,1.3186076781343602e-14,9.832698474876445e-09,2.5920599000528455e-10,5.551115123125783e-17,-0.0,5.385913937061559e-10,-5.385913937061559e-10,1.42479872569039e-08,1.4247696102109308e-08,2.9115479459294083e-13,0.23408465611808627,2.0923790986996596e-11,1.1190114350989573e-10,1.8546190002478993e-11,"{""D"": 2.0923790986996596e-11, ""cp"": 1623.409524050221, ""k"": 0.23408465611808627, ""rho"": 658.6617113763375}","{""D"": 2.5362479615469165e-09, ""cp"": 1984.745933036198, ""k"": 0.28427026847724973, ""rho"": 681.0947656864722}","[[5.450245069622021e-15, 5.253303567986922e-07], [1.3186076781343602e-14, 9.832698474876445e-09]]",323.315000000021,323.3150000000375,0.06766962012763664,0.24292785692556393,0.0,0.0
83580.0,bdf2,50.165,0.04986,2,4.0437302129453604e-15,9.806431916503655e-09,2.369233698118478e-10,8.326672684688674e-17,-0.0,5.556444193643983e-10,-5.556444193643983e-10,1.4223021535206128e-08,1.4222730048955122e-08,2.914862510061455e-13,0.23407425254735342,2.0859690760731974e-11,1.1170506058432983e-10,-1.669160986019225e-11,"{""D"": 2.0859690760731974e-11, ""cp"": 1623.3346183409446, ""k"": 0.23407425254735342, ""rho"": 658.6577168078328}","{""D"": 2.533811763143436e-09, ""cp"": 1984.5228252398201, ""k"": 0.28423928128330833, ""rho"": 681.0786422930549}","[[1.6174920851781442e-14, 5.243769534979403e-07], [4.0437302129453604e-15, 9.806431916503655e-09]]",323.3150000000222,323.31500000003837,0.0676384125611939,0.24280189291449214,0.0,0.0
83640.0,bdf2,50.165,0.04986,2,4.746987641283681e-15,9.780234247469544e-09,3.7130121199879795e-10,5.551115123125783e-17,-0.0,5.343281372915953e-10,-5.343281372915953e-10,1.4198124875112858e-08,1.4197833060543707e-08,2.918145691507001e-13,0.23406387715079882,2.0795904754097945e-11,1.1150952009476942e-10,1.1911710917868749e-11,"{""D"": 2.0795904754097945e-11, ""cp"": 1623.2599154857517, ""k"": 0.23406387715079882, ""rho"": 658.653733289687}","{""D"": 2.5313797991114467e-09, ""cp"": 1984.3000770481135, ""k"": 0.2842083440344602, ""rho"": 681.0625481470996}","[[1.0900490139244006e-14, 5.234262052955518e-07], [4.746987641283681e-15, 9.780234247469544e-09]]",323.31500000002137,323.3150000000386,0.06760729132567964,0.2426761573992159,0.0,0.0
83700.0,bdf2,50.165,0.04986,2,6.329316855044905e-15,9.75410534287402e-09,1.2869350030086935e-10,8.326672684688674e-17,-0.0,5.783817869087216e-10,-5.783817869087216e-10,1.4173297018555214e-08,1.4173004878782568e-08,2.921397726459198e-13,0.23405352982583846,2.0732431030980525e-11,1.1131452001376662e-10,-2.6965243847162587e-11,"{""D"": 2.0732431030980525e-11, ""cp"": 1623.185414746037, ""k"": 0.23405352982583846, ""rho"": 658.6497607806052}","{""D"": 2.528952059251348e-09, ""cp"": 1984.0776875659908, ""k"": 0.2841774566063876, ""rho"": 681.0464831671919}","[[2.9888440704378718e-15, 5.224781024493197e-07], [6.329316855044905e-15, 9.75410534287402e-09]]",323.31500000002296,323.3150000000387,0.06757625609847821,0.2425506497436871,0.0,0.0
83760.0,bdf2,50.165,0.04986,2,9.845603996736471e-15,9.728045022305842e-09,8.344613888766617e-11,5.551115123125783e-17,-0.0,5.88329385209363e-10,-5.88329385209363e-10,1.414853770880839e-08,1.414824524692576e-08,2.9246188262957795e-13,0.23404321047041146,2.0669267669659043e-11,1.1112005831559482e-10,-5.183863853331135e-11,"{""D"": 2.0669267669659043e-11, ""cp"": 1623.1111153869626, ""k"": 0.23404321047041146, ""rho"": 658.6457992395082}","{""D"": 2.526528533393676e-09, ""cp"": 1983.8556559012522, ""k"": 0.2841466188751739, ""rho"": 681.0304472722139}","[[2.813029713353277e-15, 5.215326353835703e-07], [9.845603996736471e-15, 9.728045022305842e-09]]",323.31500000002353,323.3150000000403,0.0675453065586572,0.24242536931417127,0.0,0.0
83820.0,bdf2,50.165,0.04986,2,2.1273537207234168e-14,9.702052827798013e-09,3.178683982696384e-10,5.551115123125783e-17,-4.262954374926343e-09,5.854872142663226e-10,-4.848441589192665e-09,1.4123846690429367e-08,1.4123553909504748e-08,2.9278092461854213e-13,0.23403291898295167,2.0606412762538406e-11,1.109261330088777e-10,3.3520412313559636e-11,"{""D"": 2.0606412762538406e-11, ""cp"": 1623.037016677252, ""k"": 0.23403291898295167, ""rho"": 658.6418486255208}","{""D"": 2.524109211398278e-09, ""cp"": 1983.6339811645828, ""k"": 0.2841158307173032, ""rho"": 681.0144403813429}","[[1.0021418353821065e-14, 5.205897944393634e-07], [2.1273537207234168e-14, 9.702052827798013e-09]]",323.3150000000209,323.3150000000402,0.06751444238688094,0.24230031547924155,0.0,0.0
83880.0,bdf2,50.165,0.04986,2,1.0197232710905664e-14,9.67612941160656e-09,4.915818863082677e-10,5.551115123125783e-17,-4.262774664010166e-09,6.394884621840902e-10,-4.902263126194256e-09,1.4099223709217783e-08,1.4098930612303994e-08,2.9309691378826784e-13,0.23402265526237778,2.054386441598521e-11,1.1073274208179647e-10,3.0802510886354355e-11,"{""D"": 2.054386441598521e-11, ""cp"": 1622.96311788912, ""k"": 0.23402265526237778, ""rho"": 658.6379088979686}","{""D"": 2.521694083155271e-09, ""cp"": 1983.4126624695318, ""k"": 0.2840850920096572, ""rho"": 680.9984624140498}","[[6.505131212129475e-15, 5.196495702630699e-07], [1.0197232710905664e-14, 9.67612941160656e-09]]",323.3150000000252,323.3150000000392,0.06748366326538,0.2421754876097636,0.0,0.0
83940.0,bdf2,50.165,0.04986,2,6.680945569214047e-15,9.650274107597667e-09,1.368789526168257e-10,5.551115123125783e-17,-0.0,8.65441052155802e-10,-8.65441052155802e-10,1.4074668512188285e-08,1.407437510231444e-08,2.9340987384575143e-13,0.2340124192080742,2.0481620750111993e-11,1.1053988355838008e-10,6.5116838208224606e-12,"{""D"": 2.0481620750111993e-11, ""cp"": 1622.8894182981344, ""k"": 0.2340124192080742, ""rho"": 658.6339800163703}","{""D"": 2.5192831385843237e-09, ""cp"": 1983.1916989325016, ""k"": 0.2840544026295141, ""rho"": 680.9825132900972}","[[7.208388640467783e-15, 5.187119532512607e-07], [6.680945569214047e-15, 9.650274107597667e-09]]",323.31500000002944,323.3150000000397,0.06745296887789305,0.24205088507888436,0.0,0.0
84000.0,bdf2,50.165,0.04986,2,1.1955376281751437e-14,9.624487068427001e-09,3.417426341911778e-10,2.7755575615628914e-17,4.262416707033761e-09,5.286437954055145e-10,3.733772911628246e-09,1.405018084755494e-08,1.4049887127732152e-08,2.937198227887887e-13,0.23400221071989086,2.0419679898650702e-11,1.1034755545606549e-10,-1.3802611612701223e-11,"{""D"": 2.0419679898650702e-11, ""cp"": 1622.8159171832144, ""k"": 0.23400221071989086, ""rho"": 658.6300619404371}","{""D"": 2.516876367634477e-09, ""cp"": 1982.9710896727424, ""k"": 0.2840237624545475, ""rho"": 680.9665929295394}","[[6.3293168550448845e-15, 5.177769339392846e-07], [1.1955376281751437e-14, 9.624487068427001e-09]]",323.31500000002114,323.3150000000401,0.06742235890966519,0.24192650726202677,0.0,0.0
84060.0,bdf2,50.165,0.04986,2,1.6878178280119645e-14,9.598767558571808e-09,1.318767317570746e-10,5.551115123125783e-17,-0.0,7.901235221652314e-10,-7.901235221652314e-10,1.4025760464732237e-08,1.4025466437949385e-08,2.9402678285199446e-13,0.23399202969813976,2.035804000891748e-11,1.1015575580514918e-10,1.0539209489813844e-10,"{""D"": 2.035804000891748e-11, ""cp"": 1622.7426138266064, ""k"": 0.23399202969813976, ""rho"": 658.6261546300719}","{""D"": 2.514473760284468e-09, ""cp"": 1982.7508338123457, ""k"": 0.28399317136282576, ""rho"": 680.9507012527208}","[[4.219544570029907e-15, 5.168445028902457e-07], [1.6878178280119645e-14, 9.598767558571808e-09]]",323.31500000002967,323.3150000000407,0.06739183304743673,0.24180235353688104,0.0,0.0
84120.0,bdf2,50.165,0.04986,2,3.199821298939336e-14,9.573116660499537e-09,3.6425262806005776e-10,5.551115123125783e-17,4.2620606910287315e-09,5.755396159656812e-10,3.6865210750630503e-09,1.4001407114288293e-08,1.4001112783521995e-08,2.9433076629749416e-13,0.23398187604358167,2.0296699241511957e-11,1.0996448265092933e-10,-1.6533212675034177e-11,"{""D"": 2.0296699241511957e-11, ""cp"": 1622.6695075137882, ""k"": 0.23398187604358167, ""rho"": 658.6222580453635}","{""D"": 2.512075306542323e-09, ""cp"": 1982.5309304762218, ""k"": 0.28396262923280857, ""rho"": 680.9348381802737}","[[1.6702363923035e-14, 5.159146508060264e-07], [3.199821298939336e-14, 9.573116660499537e-09]]",323.315000000023,323.31500000004206,0.0673613909794025,0.24167842328338845,0.0,0.0
84180.0,bdf2,50.165,0.04986,2,1.2834448067174281e-14,9.547532847653528e-09,2.7421265258453786e-10,8.326672684688674e-17,4.261883406358542e-09,7.815970093361102e-10,3.4802863970224317e-09,1.3977120547982463e-08,1.3976825916181922e-08,2.94631800541362e-13,0.2339717496574316,2.0235655770382106e-11,1.0977373404120433e-10,-4.802983947338123e-11,"{""D"": 2.0235655770382106e-11, ""cp"": 1622.5965975335075, ""k"": 0.2339717496574316, ""rho"": 658.6183721465891}","{""D"": 2.509680996445031e-09, ""cp"": 1982.3113787920913, ""k"": 0.283932135943346, ""rho"": 680.9190036331178}","[[2.9888440704378457e-15, 5.149873682774864e-07], [1.2834448067174281e-14, 9.547532847653528e-09]]",323.31500000002785,323.3150000000415,0.0673310323952274,0.2415547158837328,0.0,0.0
84240.0,bdf2,50.165,0.04986,2,1.213119063883593e-14,9.522016605756356e-09,1.411990524502471e-10,8.326672684688674e-17,-0.0,5.698552740796003e-10,-5.698552740796003e-10,1.395290051871331e-08,1.3952605588812937e-08,2.94929900371933e-13,0.23396165044134903,2.0174907782559933e-11,1.0958350803734686e-10,2.5142251846388306e-11,"{""D"": 2.0174907782559933e-11, ""cp"": 1622.523883177713, ""k"": 0.23396165044134903, ""rho"": 658.6144968942101}","{""D"": 2.5072908200593856e-09, ""cp"": 1982.0921778904867, ""k"": 0.2839016913736787, ""rho"": 680.9031975324592}","[[1.1076304496328455e-14, 5.140626460342634e-07], [1.213119063883593e-14, 9.522016605756356e-09]]",323.3150000000222,323.3150000000424,0.06730075698601617,0.24143123072233774,0.0,0.0
84300.0,bdf2,50.165,0.04986,2,4.395358927114466e-15,9.496568226241564e-09,5.89807314099744e-10,5.551115123125783e-17,-0.0,5.74118530494161e-10,-5.74118530494161e-10,1.3928746780542807e-08,1.3928451555459375e-08,2.952250834313152e-13,0.23395157829744184,2.0114453478187953e-11,1.0939380270042513e-10,-1.2182202001404604e-11,"{""D"": 2.0114453478187953e-11, ""cp"": 1622.4513637415814, ""k"": 0.23395157829744184, ""rho"": 658.6106322488735}","{""D"": 2.504904767480818e-09, ""cp"": 1981.8733269047307, ""k"": 0.2838712954034348, ""rho"": 680.8874197997889}","[[3.5162871416915737e-15, 5.131404749170176e-07], [4.395358927114466e-15, 9.496568226241564e-09]]",323.31500000002166,323.3150000000425,0.06727056444432422,0.24130796718585032,0.0,0.0
84360.0,bdf2,50.165,0.04986,2,7.73583171172145e-15,9.471187265019942e-09,3.6561687011271715e-10,5.551115123125783e-17,-0.0,4.817479748453479e-10,-4.817479748453479e-10,1.3904659088669713e-08,1.3904363571302358e-08,2.955173673549993e-13,0.23394153312825666,2.0054291070297027e-11,1.0920461611758587e-10,-2.81846332062712e-11,"{""D"": 2.0054291070297027e-11, ""cp"": 1622.379038523448, ""k"": 0.23394153312825666, ""rho"": 658.6067781714083}","{""D"": 2.5025228288340026e-09, ""cp"": 1981.654824970925, ""k"": 0.2838409479126285, ""rho"": 680.8716703568808}","[[4.043730212945303e-15, 5.122208455443644e-07], [7.73583171172145e-15, 9.471187265019942e-09]]",323.31500000001927,323.3150000000429,0.06724045446412795,0.24118492466313152,0.0,0.0
84420.0,bdf2,50.165,0.04986,2,8.79071785422895e-15,9.445873500046886e-09,3.433342499192804e-10,5.551115123125783e-17,4.261179048033975e-09,5.911715561524034e-10,3.670007491881572e-09,1.3880637199432838e-08,1.3880341392659168e-08,2.958067736695336e-13,0.23393151483677882,1.99944187847614e-11,1.0901594636805276e-10,3.00522023888383e-11,"{""D"": 1.99944187847614e-11, ""cp"": 1622.3069068248076, ""k"": 0.23393151483677882, ""rho"": 658.6029346228255}","{""D"": 2.5001449942721795e-09, ""cp"": 1981.436671227942, ""k"": 0.2838106487816586, ""rho"": 680.8559491257917}","[[1.371351985259716e-14, 5.113037488402306e-07], [8.79071785422895e-15, 9.445873500046886e-09]]",323.31500000002364,323.31500000004183,0.06721042674082396,0.2410621025452475,0.0,0.0
84480.0,bdf2,50.165,0.04986,2,9.318160925482735e-15,9.42062670927779e-09,7.895550879766233e-11,5.551115123125783e-17,-4.261004144654524e-09,6.494360604847316e-10,-4.910440205139255e-09,1.3856680870297467e-08,1.3856384776979013e-08,2.9609331845365477e-13,0.23392152332643104,1.9934834860165274e-11,1.0882779154589497e-10,2.8342054255503773e-11,"{""D"": 1.9934834860165274e-11, ""cp"": 1622.2349679503036, ""k"": 0.23392152332643104, ""rho"": 658.5991015643167}","{""D"": 2.497771253977726e-09, ""cp"": 1981.2188648174183, ""k"": 0.28378039789130804, ""rho"": 680.8402560288591}","[[5.626059426706556e-15, 5.10389175784054e-07], [9.318160925482735e-15, 9.42062670927779e-09]]",323.31500000002484,323.3150000000402,0.06718048097122377,0.2409395002254621,0.0,0.0
84540.0,bdf2,50.165,0.04986,2,2.813029713353255e-15,9.39544723965735e-09,4.1586645238567144e-10,5.551115123125783e-17,4.26082971222935e-09,5.684341886080801e-10,3.6923955236212703e-09,1.383278985985063e-08,1.3832493482831497e-08,2.9637701913274965e-13,0.2339115585010687,1.9875537547707176e-11,1.0864014976238873e-10,1.197401181513621e-11,"{""D"": 1.9875537547707176e-11, ""cp"": 1622.1632212076947, ""k"": 0.2339115585010687, ""rho"": 658.5952789572531}","{""D"": 2.4954015981621424e-09, ""cp"": 1981.0014048837365, ""k"": 0.2837501951227412, ""rho"": 680.8245909887006}","[[2.637215356268676e-15, 5.094771170777168e-07], [2.813029713353255e-15, 9.39544723965735e-09]]",323.3150000000223,323.31500000004286,0.06715061685353937,0.24081711709922357,0.0,0.0
84600.0,bdf2,50.165,0.04986,2,6.1535024979602974e-15,9.370334536074054e-09,1.5370460459962487e-10,5.551115123125783e-17,-0.0,5.456968210637569e-10,-5.456968210637569e-10,1.3808963927800864e-08,1.3808667269906716e-08,2.966578941479828e-13,0.2339016202649803,1.981652511111654e-11,1.0845301912507297e-10,1.6099140656497996e-11,"{""D"": 1.981652511111654e-11, ""cp"": 1622.0916659078582, ""k"": 0.2339016202649803, ""rho"": 658.591466763185}","{""D"": 2.493036017064124e-09, ""cp"": 1980.7842905740267, ""k"": 0.2837200403575037, ""rho"": 680.8089539282125}","[[3.867915855860756e-15, 5.085675638671905e-07], [6.1535024979602974e-15, 9.370334536074054e-09]]",323.3150000000218,323.31500000004013,0.0671208340873834,0.2406949525641608,0.0,0.0
84660.0,bdf2,50.165,0.04986,2,2.0921908493065002e-14,9.345289014861535e-09,3.9267433749046177e-10,5.551115123125783e-17,4.260482253253694e-09,6.30961949354969e-10,3.629520303898725e-09,1.378520283496191e-08,1.3784905899000133e-08,2.96935961776737e-13,0.23389170852288138,1.975779582651721e-11,1.0826639775495628e-10,-7.362858033158704e-11,"{""D"": 1.975779582651721e-11, ""cp"": 1622.0203013647458, ""k"": 0.23389170852288138, ""rho"": 658.58766494384}","{""D"": 2.4906745009527973e-09, ""cp"": 1980.5675210381469, ""k"": 0.28368993347752036, ""rho"": 680.7933447705689}","[[7.208388640467774e-15, 5.076605069376239e-07], [2.0921908493065002e-14, 9.345289014861535e-09]]",323.31500000002524,323.3150000000403,0.06709113237375017,0.2405730060200696,0.0,0.0
84720.0,bdf2,50.165,0.04986,2,1.0197232710905617e-14,9.320309593552345e-09,2.964952727779746e-10,8.326672684688674e-17,4.260309223229106e-09,6.039613253960852e-10,3.6563478978330207e-09,1.3761506343253361e-08,1.3761209132013452e-08,2.972112399092746e-13,0.2338818231799151,1.9699347982340514e-11,1.0808028377712934e-10,-6.925876776361028e-12,"{""D"": 1.9699347982340514e-11, ""cp"": 1621.9491268953886, ""k"": 0.2338818231799151, ""rho"": 658.5838734611222}","{""D"": 2.488317040124295e-09, ""cp"": 1980.351095428668, ""k"": 0.28365987436509277, ""rho"": 680.7777634392193}","[[1.0021418353821046e-14, 5.067559374627439e-07], [1.0197232710905617e-14, 9.320309593552345e-09]]",323.31500000002416,323.31500000004075,0.06706151141501682,0.24045127686890022,0.0,0.0
84780.0,bdf2,50.165,0.04986,2,5.274430712537374e-15,9.295397104813752e-09,5.147740012034774e-10,5.551115123125783e-17,4.260136657210508e-09,4.746425474877469e-10,3.785494109722761e-09,1.373787421568947e-08,1.3737576731943523e-08,2.974837459478213e-13,0.233871964141648,1.9641179879227862e-11,1.0789467534667713e-10,3.91043761730237e-11,"{""D"": 1.9641179879227862e-11, ""cp"": 1621.8781418198655, ""k"": 0.233871964141648, ""rho"": 658.5800922771109}","{""D"": 2.4859636249038037e-09, ""cp"": 1980.135012900877, ""k"": 0.2836298629028996, ""rho"": 680.7622098578887}","[[6.153502497960269e-15, 5.058538464497442e-07], [5.274430712537374e-15, 9.295397104813752e-09]]",323.31500000001824,323.3150000000416,0.0670319709149294,0.24032976451475577,0.0,0.0
84840.0,bdf2,50.165,0.04986,2,4.746987641283632e-15,9.270551104556546e-09,4.770299710799009e-10,8.326672684688674e-17,-8.519929106961355e-09,6.210143510543276e-10,-9.140943458015683e-09,1.3714306216381574e-08,1.3714008462885573e-08,2.9775349600089235e-13,0.23386213131407146,1.9583289829958337e-11,1.077095705873464e-10,5.779731170001126e-11,"{""D"": 1.9583289829958337e-11, ""cp"": 1621.8073454613145, ""k"": 0.23386213131407146, ""rho"": 658.5763213540617}","{""D"": 2.4836142456443597e-09, ""cp"": 1979.9192726127571, ""k"": 0.283599898973994, ""rho"": 680.7466839505762}","[[1.0021418353821004e-14, 5.049542250168404e-07], [4.746987641283632e-15, 9.270551104556546e-09]]",323.31500000002336,323.3150000000419,0.06700251057860697,0.24020846836387688,0.0,0.0
84900.0,bdf2,50.165,0.04986,2,1.2307004995920529e-14,9.245771509514e-09,3.483364707790315e-10,5.551115123125783e-17,-0.0,5.982769835100044e-10,-5.982769835100044e-10,1.3690802110517125e-08,1.369050409001098e-08,2.9802050614557013e-13,0.23385232460359287,1.9525676159276626e-11,1.0752496767766677e-10,-1.7785575524691774e-11,"{""D"": 1.9525676159276626e-11, ""cp"": 1621.7367371458688, ""k"": 0.23385232460359287, ""rho"": 658.5725606544017}","{""D"": 2.4812688927273996e-09, ""cp"": 1979.7038737249802, ""k"": 0.28356998246180276, ""rho"": 680.7311856415532}","[[1.0724675782159311e-14, 5.040570643655151e-07], [1.2307004995920529e-14, 9.245771509514e-09]]",323.31500000002393,323.3150000000419,0.06697313011251373,0.24008738782463482,0.0,0.0
84960.0,bdf2,50.165,0.04986,2,1.0197232710905596e-14,9.221058014374783e-09,3.249169822083786e-10,5.551115123125783e-17,4.259621726057362e-09,5.584865903074387e-10,3.7011351357499234e-09,1.3667361664367227e-08,1.3667063379570088e-08,2.9828479713912493e-13,0.2338425439170369,1.9468337203858447e-11,1.0734086476911071e-10,1.4962910231125746e-11,"{""D"": 1.9468337203858447e-11, ""cp"": 1621.6663162026657, ""k"": 0.2338425439170369, ""rho"": 658.5688101407312}","{""D"": 2.478927556562451e-09, ""cp"": 1979.4888154008963, ""k"": 0.2835401132501245, ""rho"": 680.7157148553628}","[[5.977688140875695e-15, 5.031623554752063e-07], [1.0197232710905596e-14, 9.221058014374783e-09]]",323.31500000002234,323.3150000000414,0.06694382922446261,0.23996652230752138,0.0,0.0
85020.0,bdf2,50.165,0.04986,2,1.2307004995920459e-14,9.196410633016683e-09,8.52423909236677e-10,5.551115123125783e-17,8.518901997936813e-09,6.394884621840902e-10,7.879413535752723e-09,1.364398464527924e-08,1.3643686098895324e-08,2.9854638391547553e-13,0.2338327891616472,1.9411271312218874e-11,1.0715726003678577e-10,-1.9136737555759584e-11,"{""D"": 1.9411271312218874e-11, ""cp"": 1621.59608196386, ""k"": 0.2338327891616472, ""rho"": 658.5650697758233}","{""D"": 2.4765902275872507e-09, ""cp"": 1979.2740968065282, ""k"": 0.2835102912231289, ""rho"": 680.7002715168182}","[[2.813029713353248e-15, 5.022700898804633e-07], [1.2307004995920459e-14, 9.196410633016683e-09]]",323.3150000000256,323.3150000000437,0.06691460762361916,0.23984587122514273,0.0,0.0
85080.0,bdf2,50.165,0.04986,2,5.274430712537364e-15,9.171829198906245e-09,8.242295734817162e-11,5.551115123125783e-17,4.259280727377138e-09,5.74118530494161e-10,3.6851621968829767e-09,1.3620670821661017e-08,1.3620372016377157e-08,2.9880528386030405e-13,0.23382306024507649,1.9354476844561227e-11,1.0697415165789684e-10,1.997250677823247e-11,"{""D"": 1.9354476844561227e-11, ""cp"": 1621.526033764551, ""k"": 0.23382306024507649, ""rho"": 658.5613395226203}","{""D"": 2.4742568962665835e-09, ""cp"": 1979.059717110551, ""k"": 0.2834805162653543, ""rho"": 680.6848555510021}","[[5.97768814087568e-15, 5.01380258505213e-07], [5.274430712537364e-15, 9.171829198906245e-09]]",323.31500000002296,323.31500000004223,0.06688546502047145,0.23972543399220425,0.0,0.0
85140.0,bdf2,50.165,0.04986,2,5.9776881408756615e-15,9.147313670410107e-09,8.236611392931081e-11,8.326672684688674e-17,-0.0,5.826450433232822e-10,-5.826450433232822e-10,1.3597419962983971e-08,1.3597120901469527e-08,2.99061514443665e-13,0.2338133570753892,1.929795217273597e-11,1.067915378299881e-10,-5.041794301487166e-11,"{""D"": 1.929795217273597e-11, ""cp"": 1621.4561709428024, ""k"": 0.2338133570753892, ""rho"": 658.5576193442351}","{""D"": 2.471927553094227e-09, ""cp"": 1978.8456754842937, ""k"": 0.28345078826170744, ""rho"": 680.669466883265}","[[3.867915855860727e-15, 5.00492852995027e-07], [5.9776881408756615e-15, 9.147313670410107e-09]]",323.3150000000233,323.31500000004314,0.06685640112683691,0.23960521002550775,0.0,0.0
85200.0,bdf2,50.165,0.04986,2,7.384202997552292e-15,9.122863867117026e-09,1.5586465451633558e-10,8.326672684688674e-17,-0.0,4.718003765447065e-10,-4.718003765447065e-10,1.3574231839774191e-08,1.3573932524682907e-08,2.993150912843828e-13,0.23380367956105874,1.9241695680118187e-11,1.066094167460183e-10,-3.0268277461005905e-11,"{""D"": 1.9241695680118187e-11, ""cp"": 1621.386492839623, ""k"": 0.23380367956105874, ""rho"": 658.5539092039493}","{""D"": 2.4696021885907496e-09, ""cp"": 1978.6319711017177, ""k"": 0.28342110709746077, ""rho"": 680.6541054392239}","[[2.1097722850149414e-15, 4.996078643015878e-07], [7.384202997552292e-15, 9.122863867117026e-09]]",323.31500000001887,323.31500000004297,0.06682741565585364,0.23948519874393698,0.0,0.0
85260.0,bdf2,50.165,0.04986,2,3.164658427522402e-15,9.098479691882488e-09,1.5211298887152225e-10,5.551115123125783e-17,-0.0,5.584865903074387e-10,-5.584865903074387e-10,1.3551106223611122e-08,1.3550806657578929e-08,2.9956603219331026e-13,0.23379402761096563,1.9185705761542254e-11,1.0642778660873352e-10,3.4465067388026836e-12,"{""D"": 1.9185705761542254e-11, ""cp"": 1621.3169987989525, ""k"": 0.23379402761096563, ""rho"": 658.5502090652126}","{""D"": 2.46728079330491e-09, ""cp"": 1978.418603139422, ""k"": 0.28339147265825304, ""rho"": 680.6387711447624}","[[4.395358927114449e-15, 4.987252841259782e-07], [3.164658427522402e-15, 9.098479691882488e-09]]",323.31500000002234,323.3150000000439,0.06679850832197366,0.23936539956845584,0.0,0.0
85320.0,bdf2,50.165,0.04986,2,9.845603996736367e-15,9.074161116950918e-09,4.7066350816749036e-11,8.326672684688674e-17,4.25860416253356e-09,6.608047442568932e-10,3.5977994182766664e-09,1.3528042887112385e-08,1.3527743072761155e-08,2.9981435122920917e-13,0.23378440113439372,1.91299808231726e-11,1.0624664563651815e-10,-1.8346809232349276e-11,"{""D"": 1.91299808231726e-11, ""cp"": 1621.2476881676348, ""k"": 0.23378440113439372, ""rho"": 658.5465188916418}","{""D"": 2.4649633578125414e-09, ""cp"": 1978.205570776615, ""k"": 0.2833618848300854, ""rho"": 680.6234639260275}","[[6.85675992629854e-15, 4.978451036696807e-07], [9.845603996736367e-15, 9.074161116950918e-09]]",323.31500000002643,323.3150000000437,0.06676967884095145,0.23924581192208957,0.0,0.0
85380.0,bdf2,50.165,0.04986,2,1.2658633710089602e-14,9.049907878644348e-09,1.7712409317027777e-10,5.551115123125783e-17,4.258436143405559e-09,6.792788553866558e-10,3.5791572880189033e-09,1.3505041603934628e-08,1.3504741543867215e-08,3.000600674122705e-13,0.2337748000410273,1.907451928242406e-11,1.060659920526074e-10,-4.313027417847667e-11,"{""D"": 1.907451928242406e-11, ""cp"": 1621.1785602953967, ""k"": 0.2337748000410273, ""rho"": 658.5428386470187}","{""D"": 2.4626498727173673e-09, ""cp"": 1977.9928731951177, ""k"": 0.2833323434993219, ""rho"": 680.6081837094303}","[[7.735831711721424e-15, 4.969673144950004e-07], [1.2658633710089602e-14, 9.049907878644348e-09]]",323.31500000002717,323.31500000004405,0.06674092692983402,0.23912643522992372,0.0,0.0
85440.0,bdf2,50.165,0.04986,2,1.2658633710089606e-14,9.025719879818261e-09,2.3214852262753993e-10,5.551115123125783e-17,-0.0,7.8017592386459e-10,-7.8017592386459e-10,1.3482102148766826e-08,1.3481801845571672e-08,3.003031951536349e-13,0.23376522424095253,1.9019319567896905e-11,1.0588582408056137e-10,-4.198559634928143e-12,"{""D"": 1.9019319567896905e-11, ""cp"": 1621.1096145348583, ""k"": 0.23376522424095253, ""rho"": 658.5391682952915}","{""D"": 2.4603403286500783e-09, ""cp"": 1977.780509579352, ""k"": 0.2833028485526878, ""rho"": 680.592930421644}","[[2.9888440704378284e-15, 4.960919080254644e-07], [1.2658633710089606e-14, 9.025719879818261e-09]]",323.3150000000312,323.31500000004394,0.06671225230696459,0.23900726891909377,0.0,0.0
85500.0,bdf2,50.165,0.04986,2,8.966532211313497e-15,9.001597009450357e-09,1.5870682545937598e-10,5.551115123125783e-17,-0.0,7.02016222930979e-10,-7.02016222930979e-10,1.345922429732281e-08,1.3458923753571127e-08,3.005437516834745e-13,0.23375567364465136,1.8964380119245853e-11,1.0570613996856563e-10,-3.320446298261715e-11,"{""D"": 1.8964380119245853e-11, ""cp"": 1621.0408502414898, ""k"": 0.23375567364465136, ""rho"": 658.5355078005714}","{""D"": 2.4580347162689807e-09, ""cp"": 1977.5684791163258, ""k"": 0.28327339987726746, ""rho"": 680.5777039896029}","[[9.66978963965181e-15, 4.952188757123555e-07], [8.966532211313497e-15, 9.001597009450357e-09]]",323.31500000002796,323.31500000004297,0.06668365469196391,0.23888831241877326,0.0,0.0
85560.0,bdf2,50.165,0.04986,2,2.7602854062278768e-14,8.977538809573637e-09,1.1073097994085401e-10,5.551115123125783e-17,-0.0,7.148059921746608e-10,-7.148059921746608e-10,1.343640782634133e-08,1.3436107044586919e-08,3.007817544106325e-13,0.23374614816300304,1.890969938713779e-11,1.0552693795485372e-10,5.5512568562355786e-11,"{""D"": 1.890969938713779e-11, ""cp"": 1620.9722667736219, ""k"": 0.23374614816300304, ""rho"": 658.5318571271339}","{""D"": 2.455733026259559e-09, ""cp"": 1977.356780995628, ""k"": 0.2832439973605039, ""rho"": 680.5625043405015}","[[1.4065148566766249e-14, 4.943482092290008e-07], [2.7602854062278768e-14, 8.977538809573637e-09]]",323.31500000002643,323.3150000000434,0.06665513380573365,0.23876956516016823,0.0,0.0
85620.0,bdf2,50.165,0.04986,2,1.494422035218909e-14,8.953546251633249e-09,6.828031473560259e-10,5.551115123125783e-17,-4.257768506002171e-09,8.199663170671556e-10,-5.077734823069327e-09,1.3413652513572919e-08,1.3413351496356839e-08,3.0101721608030777e-13,0.23373664770728078,1.8855275833135098e-11,1.053482162949887e-10,4.081637746261921e-11,"{""D"": 1.8855275833135098e-11, ""cp"": 1620.9038634924218, ""k"": 0.23373664770728078, ""rho"": 658.5282162394171}","{""D"": 2.453435249334101e-09, ""cp"": 1977.1454144094182, ""k"": 0.28321464089019693, ""rho"": 680.5473314017929}","[[2.1097722850149307e-14, 4.934799001654611e-07], [1.494422035218909e-14, 8.953546251633249e-09]]",323.31500000003035,323.31500000004456,0.06662668937044605,0.23865102657650736,0.0,0.0
85680.0,bdf2,50.165,0.04986,2,5.274430712537313e-15,8.92961794785041e-09,3.042259777430445e-10,5.551115123125783e-17,-0.0,7.190692485892214e-10,-7.190692485892214e-10,1.3390958137776502e-08,1.3390656887623431e-08,3.0125015307067643e-13,0.2337271721891472,1.8801107929592708e-11,1.0516997325822622e-10,4.889397127425431e-11,"{""D"": 1.8801107929592708e-11, ""cp"": 1620.83563976186, ""k"": 0.2337271721891472, ""rho"": 658.5245851020197}","{""D"": 2.4511413762321396e-09, ""cp"": 1976.9343785524147, ""k"": 0.28318533035450205, ""rho"": 680.5321851011882}","[[3.867915855860697e-15, 4.926139400285301e-07], [5.274430712537313e-15, 8.92961794785041e-09]]",323.3150000000285,323.3150000000453,0.06659832110952929,0.23853269610303307,0.0,0.0
85740.0,bdf2,50.165,0.04986,2,1.5647477780527383e-14,8.905754578236724e-09,4.405364961712621e-11,5.551115123125783e-17,-0.0,5.329070518200751e-10,-5.329070518200751e-10,1.336832447871801e-08,1.3368022998134632e-08,3.014805833778799e-13,0.23371772152065476,1.874719415960639e-11,1.0499220710717298e-10,5.038001296575441e-11,"{""D"": 1.874719415960639e-11, ""cp"": 1620.7675949487143, ""k"": 0.23371772152065476, ""rho"": 658.5209636797016}","{""D"": 2.448851397719868e-09, ""cp"": 1976.7236726218857, ""k"": 0.2831560656419286, ""rho"": 680.517065366655}","[[2.566889613434829e-14, 4.917503206303131e-07], [1.5647477780527383e-14, 8.905754578236724e-09]]",323.3150000000211,323.3150000000449,0.06657002874766829,0.2384145731769921,0.0,0.0
85800.0,bdf2,50.165,0.04986,2,2.813029713353238e-15,8.881955421147225e-09,4.69299266114831e-10,5.551115123125783e-17,-4.257272393693179e-09,7.560174708487466e-10,-5.013289864541926e-09,1.3345751317165589e-08,1.3345449608643767e-08,3.01708521821686e-13,0.23370829561424603,1.869353301693879e-11,1.0481491611648433e-10,9.480067576087416e-12,"{""D"": 1.869353301693879e-11, ""cp"": 1620.6997284225715, ""k"": 0.23370829561424603, ""rho"": 658.517351937383}","{""D"": 2.446565304590694e-09, ""cp"": 1976.513295817642, ""k"": 0.2831268466413392, ""rho"": 680.5019721264165}","[[3.340472784606969e-15, 4.908890335331151e-07], [2.813029713353238e-15, 8.881955421147225e-09]]",323.31500000002563,323.3150000000448,0.06654181201080471,0.23829665723762908,0.0,0.0
85860.0,bdf2,50.165,0.04986,2,1.6526549565950292e-14,8.858220656993154e-09,3.767581802094355e-10,5.551115123125783e-17,-4.257107893567779e-09,8.58335624798201e-10,-5.11544351836598e-09,1.332323843487246e-08,1.3322936500888593e-08,3.0193398386706353e-13,0.2336988943827452,1.8640123005858755e-11,1.0463809858349313e-10,5.048356339912628e-11,"{""D"": 1.8640123005858755e-11, ""cp"": 1620.6320395557655, ""k"": 0.2336988943827452, ""rho"": 658.5137498401422}","{""D"": 2.444283087664539e-09, ""cp"": 1976.3032473420235, ""k"": 0.2830976732419477, ""rho"": 680.4869053089504}","[[7.208388640467684e-15, 4.900300705767968e-07], [1.6526549565950292e-14, 8.858220656993154e-09]]",323.3150000000298,323.31500000004445,0.06651367062611074,0.23817894772617526,0.0,0.0
85920.0,bdf2,50.165,0.04986,2,1.9339579279303634e-15,8.834550521696904e-09,1.1254996934439987e-10,5.551115123125783e-17,-0.0,5.655920176650397e-10,-5.655920176650397e-10,1.3300785614578544e-08,1.3300483457596634e-08,3.021569819101411e-13,0.2336895177393604,1.8586962641118394e-11,1.044617527905001e-10,-5.3206960857393765e-11,"{""D"": 1.8586962641118394e-11, ""cp"": 1620.5645277233948, ""k"": 0.2336895177393604, ""rho"": 658.5101573532155}","{""D"": 2.4420047377879313e-09, ""cp"": 1976.093526399897, ""k"": 0.28306854533331904, ""rho"": 680.4718648429881}","[[9.669789639651819e-15, 4.891734234624412e-07], [1.9339579279303634e-15, 8.834550521696904e-09]]",323.3150000000226,323.3150000000428,0.0664856043219958,0.23806144408584462,0.0,0.0
85980.0,bdf2,50.165,0.04986,2,1.7757250065542342e-14,8.810944529535902e-09,7.884182195994072e-11,5.551115123125783e-17,-0.0,5.215383680479135e-10,-5.215383680479135e-10,1.327839264001565e-08,1.3278090262479536e-08,3.023775361142733e-13,0.23368016559768176,1.8534050447886896e-11,1.0428587705053674e-10,-2.6967790564442458e-11,"{""D"": 1.8534050447886896e-11, ""cp"": 1620.4971923033088, ""k"": 0.23368016559768176, ""rho"": 658.5065744419967}","{""D"": 2.439730245834477e-09, ""cp"": 1975.8841321986347, ""k"": 0.2830394628053659, ""rho"": 680.4568506575126}","[[9.669789639651765e-15, 4.883190839743978e-07], [1.7757250065542342e-14, 8.810944529535902e-09]]",323.31500000002086,323.31500000004434,0.06645761282809942,0.23794414576181783,0.0,0.0
86040.0,bdf2,50.165,0.04986,2,2.0394465421811003e-14,8.787402444587755e-09,4.756657290272415e-10,8.326672684688674e-17,-4.256616982970804e-09,3.680611371237319e-10,-4.624678120094536e-09,1.325605929588585e-08,1.3255756700225628e-08,3.025956602222389e-13,0.23367083787167844,1.8481384961610113e-11,1.0411046966411741e-10,-4.839440450266345e-11,"{""D"": 1.8481384961610113e-11, ""cp"": 1620.430032676085, ""k"": 0.23367083787167844, ""rho"": 658.5030010720361}","{""D"": 2.437459602703469e-09, ""cp"": 1975.6750639481163, ""k"": 0.2830104255483495, ""rho"": 680.4418626817588}","[[1.4416777280935368e-14, 4.874670440635498e-07], [2.0394465421811003e-14, 8.787402444587755e-09]]",323.31500000001466,323.3150000000444,0.06642969587528204,0.23782705220124115,0.0,0.0
86100.0,bdf2,50.165,0.04986,2,5.450245069621905e-15,8.763923947663343e-09,3.0831870390102267e-10,5.551115123125783e-17,-0.0,7.44648787076585e-10,-7.44648787076585e-10,1.3233785367871328e-08,1.3233482556502196e-08,3.0281136913156067e-13,0.23366153447569982,1.842896472800118e-11,1.0393552894628478e-10,-1.2983595924473752e-11,"{""D"": 1.842896472800118e-11, ""cp"": 1620.3630482250387, ""k"": 0.23366153447569982, ""rho"": 658.4994372090404}","{""D"": 2.4351927993212208e-09, ""cp"": 1975.466320860716, ""k"": 0.2829814334528772, ""rho"": 680.4269008452115}","[[8.263274782975145e-15, 4.866172955697579e-07], [5.450245069621905e-15, 8.763923947663343e-09]]",323.3150000000298,323.31500000004445,0.06640185319562775,0.23771016285321508,0.0,0.0
86160.0,bdf2,50.165,0.04986,2,5.2744307125373426e-15,8.740509538363028e-09,4.1245584725402296e-10,5.551115123125783e-17,-0.0,6.892264536872972e-10,-6.892264536872972e-10,1.3211570642601436e-08,1.3211267617923549e-08,3.030246778869996e-13,0.23365225532446232,1.837678830282582e-11,1.037610532280655e-10,6.279276240100407e-12,"{""D"": 1.837678830282582e-11, ""cp"": 1620.296238336129, ""k"": 0.23365225532446232, ""rho"": 658.4958828188678}","{""D"": 2.4329298266400375e-09, ""cp"": 1975.2579021512888, ""k"": 0.28295248640990117, ""rho"": 680.4119650776045}","[[7.032574283383123e-15, 4.857698303051272e-07], [5.2744307125373426e-15, 8.740509538363028e-09]]",323.31500000002757,323.31500000004354,0.06637408452240444,0.2375934771687845,0.0,0.0
86220.0,bdf2,50.165,0.04986,2,9.142346568398052e-15,8.717158675453085e-09,1.6007106751203537e-10,5.551115123125783e-17,-0.0,7.005951374594588e-10,-7.005951374594588e-10,1.3189414907686786e-08,1.3189111672085606e-08,3.032356011792834e-13,0.23364300033306415,1.8324854251998666e-11,1.035870408372898e-10,5.4664965444169136e-11,"{""D"": 1.8324854251998666e-11, ""cp"": 1620.2296023980618, ""k"": 0.23364300033306415, ""rho"": 658.4923378675337}","{""D"": 2.4306706756387737e-09, ""cp"": 1975.0498070371677, ""k"": 0.28292358431071774, ""rho"": 680.3970553089194}","[[7.91164606880601e-15, 4.849246403038077e-07], [9.142346568398052e-15, 8.717158675453085e-09]]",323.3150000000264,323.3150000000438,0.06634638959010701,0.2374769946009336,0.0,0.0
86280.0,bdf2,50.165,0.04986,2,3.164658427522402e-15,8.69387151158918e-09,9.822542779147625e-11,2.7755575615628914e-17,-4.255968419977894e-09,5.684341886080801e-10,-4.824402608585974e-09,1.3167317951681808e-08,1.3167014507529029e-08,3.034441527793149e-13,0.23363376941697012,1.827316115137018e-11,1.0341349011057348e-10,9.3774191890096e-12,"{""D"": 1.827316115137018e-11, ""cp"": 1620.1631398021848, ""k"": 0.23363376941697012, ""rho"": 658.4888023212046}","{""D"": 2.4284153373220488e-09, ""cp"": 1974.8420347381484, ""k"": 0.28289472704696506, ""rho"": 680.3821714693854}","[[5.274430712537338e-15, 4.840817174889267e-07], [3.164658427522402e-15, 8.69387151158918e-09]]",323.3150000000226,323.3150000000439,0.06631876813441129,0.2373607146045737,0.0,0.0
86340.0,bdf2,50.165,0.04986,2,7.560017354636858e-15,8.670647672071041e-09,2.5647750589996576e-10,8.326672684688674e-17,-0.0,7.16227077646181e-10,-7.16227077646181e-10,1.3145279564102055e-08,1.3144975913752588e-08,3.0365034946727996e-13,0.23362456249201735,1.822170758672707e-11,1.0324039939804845e-10,-4.620272256979768e-11,"{""D"": 1.822170758672707e-11, ""cp"": 1620.0968499425248, ""k"": 0.23362456249201735, ""rho"": 658.4852761462004}","{""D"": 2.4261638027208657e-09, ""cp"": 1974.6345844764846, ""k"": 0.2828659145106229, ""rho"": 680.3673134894769}","[[5.45024506962192e-15, 4.832410538946341e-07], [7.560017354636858e-15, 8.670647672071041e-09]]",323.31500000002745,323.31500000004354,0.06629121989219074,0.23724463663653866,0.0,0.0
86400.0,bdf2,50.165,0.04986,2,1.2131190638835881e-14,8.64748715689867e-09,3.1604940886609256e-10,5.551115123125783e-17,-4.2556466754362845e-09,6.508571459562518e-10,-4.906503821392536e-09,1.3123299535396394e-08,1.3122995681191706e-08,3.038542046881723e-13,0.23361537947440672,1.817049215363436e-11,1.0306776705868776e-10,-1.1831089485171873e-11,"{""D"": 1.817049215363436e-11, ""cp"": 1620.0307322157284, ""k"": 0.23361537947440672, ""rho"": 658.4817593089907}","{""D"": 2.423916062892185e-09, ""cp"": 1974.427455476883, ""k"": 0.2828371465940115, ""rho"": 680.352481299914}","[[5.801873783791078e-15, 4.824026416938576e-07], [1.2131190638835881e-14, 8.64748715689867e-09]]",323.3150000000241,323.3150000000437,0.06626374460148964,0.23712876015557774,0.0,0.0
