time_s,radius_cm,cmax_kg_kg,center_kg_kg,surface_kg_kg,volume_mean_kg_kg,picard_iterations,nonlinear_residual,linear_residual,radius_rate_cm_s,mass_step_residual,robin_residual
60.0,1.9949873268608416,2.550000000000004,2.5499999999999967,2.1180860304087785,2.540851355184035,5,4.027650052679261e-11,3.956301952712238e-11,-8.320846889608055e-05,-0.00017663398736041341,-5.418671796257654e-08
120.0,1.9900168025889966,2.5500000000000043,2.5499999999999963,1.989056033787743,2.5335466384314533,5,2.566122548102074e-11,5.121592039358802e-11,-8.24959769866954e-05,-0.00016488842742703818,-3.714409876348788e-08
180.0,1.9850896699029124,2.5500000000000047,2.549999999999995,1.9054371339211915,2.527170711010636,4,8.011518115306048e-10,4.160938260611147e-11,-8.17627731032002e-05,-0.0001569507500695929,-2.989049139162954e-08
240.0,1.9802071715210356,2.5500000000000034,2.5499999999999914,1.8434668581831402,2.521422004971882,4,6.392527102579876e-10,4.206412995699793e-11,-8.100885724559506e-05,-0.00015082214545118322,-2.568262995705682e-08
300.0,1.9753705501618126,2.550000000000006,2.5499999999999963,1.7947923268160244,2.51613689056239,4,5.06785272349458e-10,3.751665644813329e-11,-8.02342294138799e-05,-0.0001457956243280568,-2.2655619883527e-08
360.0,1.9705810485436897,2.550000000000004,2.549999999999995,1.754958095636372,2.511208136215059,4,4.272825732933209e-10,4.0756731323199347e-11,-7.943888960805464e-05,-0.00014149222146001602,-2.0555328606351725e-08
420.0,1.9658399093851133,2.550000000000004,2.5499999999999976,1.721328076631634,2.506563834197557,4,3.6161057780592576e-10,4.160938260611147e-11,-7.862283782811925e-05,-0.0001376884943566427,-1.8873018482610044e-08
480.0,1.961148375404531,2.5500000000000047,2.549999999999994,1.6922229026042677,2.5021511963515897,4,3.190166483076373e-10,4.61000126961153e-11,-7.778607407407407e-05,-0.00013424163264842302,-1.758988502470212e-08
540.0,1.956507689320388,2.550000000000004,2.5499999999999967,1.6668009828355321,2.497930496358501,4,2.717052612578787e-10,4.581579560181126e-11,-7.692859834591868e-05,-0.00013107908830689813,-1.63833120185102e-08
600.0,1.9519190938511328,2.550000000000005,2.5499999999999985,1.644357186238278,2.493867810353208,4,2.39017913558697e-10,4.7919002099661157e-11,-7.605041064365349e-05,-0.00012813968533560087,-1.541009216293999e-08
660.0,1.9473838317152101,2.5500000000000047,2.5499999999999967,1.6243913739971942,2.4899356655962515,4,2.0444103421108122e-10,4.217781679471955e-11,-7.515151096727786e-05,-0.0001253802674548087,-1.4481393206854318e-08
720.0,1.9429031456310681,2.5500000000000047,2.549999999999996,1.6063311740465014,2.48611073293943,4,1.8549493793364772e-10,4.8544279707130045e-11,-7.423189931679244e-05,-0.00012275252886158664,-1.3764430889549251e-08
780.0,1.9384782783171524,2.5500000000000065,2.5499999999999963,1.5898470061088226,2.4823756698392305,4,1.6227244652598459e-10,4.587263902067207e-11,-7.3291575692197e-05,-0.00012022871087145328,-1.304862372924879e-08
840.0,1.9341104724919094,2.5500000000000074,2.55,1.5746435334131679,2.478715215922102,4,1.4879273039615093e-10,4.916955731459893e-11,-7.233054009349156e-05,-0.00011778378986491143,-1.2467700012586724e-08
900.0,1.9298009708737864,2.550000000000006,2.549999999999996,1.5604595108678136,2.475117121398468,4,1.3460773503968058e-10,4.3939962779404595e-11,-7.13487925206759e-05,-0.00011539646209422349,-1.1914165882092355e-08
960.0,1.9255510161812297,2.5500000000000074,2.549999999999996,1.5473270621069695,2.4715690624230007,4,1.1717908540183e-10,4.61000126961153e-11,-7.034633297375045e-05,-0.00011306752165847472,-1.1341863988794846e-08
1020.0,1.9213618511326862,2.5500000000000083,2.549999999999996,1.5349681740365075,2.4680600657261955,4,1.1093998852846274e-10,4.7407411329913884e-11,-6.932316145271476e-05,-0.00011077467651358767,-1.0909851687576479e-08
1080.0,1.917234718446602,2.550000000000009,2.549999999999997,1.523510871613639,2.464582153843131,4,1.0761325552066576e-10,5.132960723130964e-11,-6.82792779575693e-05,-0.00010852625188061414,-1.0334062586283415e-08
1140.0,1.913170860841424,2.5500000000000096,2.5499999999999967,1.5127343107866795,2.461124654546251,4,9.764603594817774e-11,5.60476109967567e-11,-6.721468248831361e-05,-0.00010630442400038449,-9.948469224216462e-09
1200.0,1.9091715210355988,2.5500000000000083,2.5499999999999985,1.5024793352977979,2.457681013087752,4,9.634075249595239e-11,4.5133674575481564e-11,-6.612937504494791e-05,-0.00010409723676018111,-9.514014135036414e-09
1260.0,1.9052379417475727,2.550000000000009,2.5500000000000003,1.4925610751077127,2.4542447187848335,4,8.937848276466484e-11,5.042011252953671e-11,-6.502335562747197e-05,-0.00010189098856840546,-9.191860575073077e-09
1320.0,1.901371365695793,2.5500000000000087,2.549999999999997,1.483161010333972,2.4508099984000458,4,9.21953974485661e-11,4.4849457481177524e-11,-6.389662423588626e-05,-9.969788727932894e-05,-8.739192092646867e-09
1380.0,1.8975730355987055,2.5500000000000087,2.5499999999999985,1.4742302254754365,2.4473705322877772,4,8.570456839121181e-11,4.746425474877469e-11,-6.274918087019076e-05,-9.751335559248458e-05,-8.402441511550576e-09
1440.0,1.8938441941747572,2.550000000000008,2.5499999999999954,1.4654806196637347,2.443921211565011,4,8.194773984882814e-11,5.047695594839752e-11,-6.158102553038482e-05,-9.531786635214598e-05,-8.100567142271696e-09
1500.0,1.890186084142395,2.5500000000000105,2.549999999999997,1.4568002072574064,2.440458344852735,4,7.737082799777416e-11,5.377387424232438e-11,-6.039215821646883e-05,-9.310424125169917e-05,-7.847460341036169e-09
1560.0,1.8865999482200648,2.550000000000012,2.5499999999999976,1.4483608702888335,2.4369793558754527,4,7.853698668808321e-11,4.240519047016278e-11,-5.918257892844301e-05,-9.088388785125767e-05,-7.497016980127985e-09
1620.0,1.8830870291262134,2.55000000000001,2.55,1.4400914411082961,2.4334795559002322,4,7.356626178189258e-11,5.1670667744474486e-11,-5.7952287666306916e-05,-8.865193966350356e-05,-7.2568147431671835e-09
1680.0,1.879648569579288,2.550000000000012,2.5499999999999994,1.4319767432995152,2.429956028991295,4,7.329730817904687e-11,4.666844688472338e-11,-5.6701284430061106e-05,-8.640771124171221e-05,-6.952135133455978e-09
1740.0,1.8762858122977346,2.5500000000000127,2.550000000000004,1.4242308310921332,2.4264042628266336,4,7.221126494452241e-11,4.5702108764089644e-11,-5.542956921970516e-05,-8.41638951936042e-05,-6.616136196754691e-09
1800.0,1.873,2.550000000000009,2.5499999999999994,1.416714824360196,2.4228193711998993,4,6.823282354227729e-11,4.524736141320318e-11,-5.4137142035239114e-05,-8.191154826033968e-05,-6.3600046126936856e-09
1860.0,1.86979928835586,2.55000000000001,2.5499999999999994,1.4092801268579558,2.419190602389184,4,6.655003680960699e-11,5.1727511163335294e-11,-5.2614466850335965e-05,-7.93259393990846e-05,-6.0875184483557875e-09
1920.0,1.8666874513357448,2.5500000000000056,2.549999999999998,1.401710526662519,2.4155133775426236,4,6.280787918197759e-11,4.263256414560601e-11,-5.117615786287907e-05,-7.687121962973931e-05,-5.920130298186499e-09
1980.0,1.8636591591090803,2.550000000000007,2.549999999999997,1.394095443064691,2.411794104990566,4,6.262837848894335e-11,4.5986325858393684e-11,-4.98266793849723e-05,-7.455887924438619e-05,-5.670958149727372e-09
2040.0,1.8607090818452952,2.550000000000005,2.550000000000002,1.3866279206889818,2.4080362858959647,4,6.072988220384425e-11,4.217781679471955e-11,-4.8566031416615534e-05,-7.239814894686623e-05,-5.43798800135137e-09
2100.0,1.8578318897138144,2.5500000000000047,2.5500000000000047,1.3792143445855491,2.404243971467472,4,5.82859415855409e-11,6.332356861094013e-11,-4.739421395780887e-05,-7.038265628626228e-05,-5.257976356527601e-09
2160.0,1.8550222528840665,2.550000000000005,2.550000000000004,1.371880085887833,2.400422531749915,4,5.685275752864786e-11,5.468336894409731e-11,-4.63112270085524e-05,-6.851251890782736e-05,-5.05465659496887e-09
2220.0,1.8522748415254775,2.550000000000006,2.5500000000000056,1.3648186269511715,2.39657626000015,4,5.5107406382659367e-11,5.1159076974727213e-11,-4.531707056884626e-05,-6.679589831627778e-05,-4.817734482381768e-09
2280.0,1.8495843258074756,2.5500000000000074,2.550000000000007,1.3578953998962602,2.3927083750765012,4,5.2363066760323e-11,4.575895218295045e-11,-4.441174463868968e-05,-6.522434767886054e-05,-4.677257364263887e-09
2340.0,1.8469453758994858,2.550000000000008,2.5500000000000065,1.3511684135526552,2.38882246891327,4,5.1054855148444306e-11,5.4512838687514886e-11,-4.359524921808373e-05,-6.379931010401144e-05,-4.465824979084568e-09
2400.0,1.8443526619709374,2.550000000000009,2.550000000000005,1.344631329224321,2.384922340779303,4,4.8410573902638663e-11,4.297362465877086e-11,-4.2867584307027345e-05,-6.251882047764607e-05,-4.3368064632762056e-09
2460.0,1.8418008541912556,2.5500000000000065,2.5500000000000056,1.3383254170001138,2.3810132992009465,4,4.6878179428876836e-11,5.1443294069031253e-11,-4.222874990552139e-05,-6.138343821622224e-05,-4.143657584607701e-09
2520.0,1.839284622729869,2.5500000000000016,2.5500000000000016,1.3322216113741898,2.377098876093744,4,4.451420424248087e-11,4.945377440890297e-11,-4.1678746013565426e-05,-6.0390283549442995e-05,-4.030946710070798e-09
2580.0,1.8367986377562027,2.5499999999999976,2.5499999999999976,1.3261525603008986,2.373184514240295,4,4.305394969660039e-11,5.582023732131347e-11,-4.1217572631159675e-05,-5.953055483497562e-05,-3.943551132129925e-09
2640.0,1.834337569439685,2.549999999999988,2.549999999999988,1.3203547697269917,2.369275133410336,4,4.180514624907731e-11,4.843059286940843e-11,-4.084522975830369e-05,-5.881383237614095e-05,-3.763714013581275e-09
2700.0,1.831896087949743,2.5499999999999634,2.5499999999999634,1.3148322239025343,2.3653733626123783,4,3.955245690627496e-11,4.4849457481177524e-11,-4.056171739499835e-05,-5.823892241504973e-05,-3.669764165265098e-09
2760.0,1.8294688634558032,2.5499999999999097,2.5499999999999097,1.3093786295815422,2.36148464440165,4,3.813518078533098e-11,5.0590642786119133e-11,-4.036703554124258e-05,-5.779562606517298e-05,-3.6094957943232368e-09
2820.0,1.8270505661272922,2.549999999999784,2.549999999999784,1.3040414221738559,2.3576151107525445,4,3.7176476071044245e-11,8.230927051045e-11,-4.026118419703722e-05,-5.748515917311715e-05,-3.5189435625891704e-09
2880.0,1.824635866133638,2.5499999999995135,2.5499999999995135,1.2990231569583472,2.353768438963089,4,3.5694016809533897e-11,4.96243046654854e-11,-4.024416336238208e-05,-5.7315576637672944e-05,-3.3914405234959166e-09
2940.0,1.8222194336442668,2.5499999999989553,2.5499999999989553,1.294184804083215,2.349949161975293,4,3.383809411775744e-11,4.843059286940843e-11,-4.0315973037276495e-05,-5.727985373629697e-05,-3.364802641717508e-09
3000.0,1.819795938828606,2.5499999999978322,2.5499999999978322,1.289454227682244,2.346162462448568,4,3.316994047625797e-11,4.6270542952697724e-11,-4.047661322172156e-05,-5.737422373588817e-05,-3.2916008513922607e-09
3060.0,1.8173600518560824,2.549999999995626,2.549999999995626,1.284988786693883,2.342413251559411,4,3.158313990037627e-11,4.5076831156620756e-11,-4.0726083915716596e-05,-5.760504695929671e-05,-3.2268713398685703e-09
3120.0,1.8149064428961228,2.549999999991401,2.549999999991401,1.2809240885970343,2.338705315011203,4,3.019708234256561e-11,4.6782133722444996e-11,-4.106438511926165e-05,-5.7978175831641164e-05,-3.0963651942198545e-09
3180.0,1.8124297821181545,2.549999999983511,2.549999999983511,1.277233636312977,2.3350413610052705,4,2.7721987379037417e-11,4.61000126961153e-11,-4.149151683235691e-05,-5.849227737715287e-05,-3.0554334977477203e-09
3240.0,1.8099247396916047,2.5499999999691005,2.5499999999691005,1.2737282952519415,2.331426783517713,4,2.6469039558180186e-11,4.405364961712621e-11,-4.200747905500204e-05,-5.9138855223522184e-05,-3.01288271124144e-09
3300.0,1.8073859857859005,2.5499999999433673,2.5499999999433673,1.2704753373253839,2.3278655057732847,4,2.5042328868549096e-11,4.934008757118136e-11,-4.261227178719737e-05,-5.992112314582893e-05,-2.967564355418291e-09
3360.0,1.8048081905704678,2.549999999898388,2.549999999898388,1.2673682652339984,2.324361911237595,4,2.3679686079492805e-11,4.934008757118136e-11,-4.3305895028942954e-05,-6.083427317304685e-05,-2.9737112139468057e-09
3420.0,1.8021860242147345,2.5499999998213485,2.5499999998213485,1.2644829576030907,2.3209211328561214,4,2.273208987794255e-11,4.132516551180743e-11,-4.408834878023847e-05,-6.1882309066702e-05,-2.9279327324388157e-09
3480.0,1.7995141568881274,2.5499999996918943,2.5499999996918943,1.2617666782743422,2.3175476514426827,4,2.118419194016679e-11,3.8198777474462986e-11,-4.495963304108414e-05,-6.30630917793095e-05,-2.9508149151719813e-09
3540.0,1.7967872587600737,2.549999999478348,2.549999999478348,1.259254812601495,2.314246963807623,4,2.0326106747723973e-11,4.6497916628140956e-11,-4.591974781147984e-05,-6.43790743761612e-05,-2.9234241475239783e-09
3600.0,1.794,2.549999999132206,2.549999999132206,1.257161356923849,2.311022230880329,4,1.9038455069951572e-11,4.013145371573046e-11,-4.696869309142569e-05,-6.584232369475973e-05,-2.8585834089379865e-09
3660.0,1.7911592291938998,2.5499999985804993,2.5499999985804993,1.255346331462105,2.3078625335576817,4,1.7143128210896975e-11,7.457856554538012e-11,-4.768571640643908e-05,-6.685674768360184e-05,-2.864400006764445e-09
3720.0,1.788277336819172,2.5499999977152124,2.5499999977152124,1.2536394498537546,2.3047529019217015,4,1.6657780677231772e-11,3.9676706364843994e-11,-4.834704610869033e-05,-6.780085611407776e-05,-2.8444745051519948e-09
3780.0,1.7853573058823529,2.5499999963789057,2.5499999963789057,1.2521325873616707,2.3016884627424354,4,1.5842410836048136e-11,4.808953235624358e-11,-4.895865903534247e-05,-6.868820141259224e-05,-2.8100973914248217e-09
3840.0,1.7824021193899786,2.549999994345515,2.549999994345515,1.250690783224332,2.298663980821762,4,1.4849242518642962e-11,5.0818016461562365e-11,-4.952055518639555e-05,-6.951156696319619e-05,-2.8243075228469433e-09
3900.0,1.7794147603485841,2.549999991294931,2.549999991294931,1.2492715891684023,2.2956753662853915,4,1.4559689033788616e-11,4.973799150320701e-11,-5.003273456184944e-05,-7.026857911874207e-05,-2.819492498424446e-09
3960.0,1.7763982117647061,2.5499999867800422,2.5499999867800422,1.247927607823312,2.2927194578710637,4,1.4236945241928612e-11,5.1727511163335294e-11,-5.049519716170408e-05,-7.09620937972247e-05,-2.8022304431174924e-09
4020.0,1.7733554566448801,2.549999980184364,2.549999980184364,1.2465587412216388,2.2897920226460453,4,1.3701813268185495e-11,3.9960923459148034e-11,-5.0907942985959757e-05,-7.158626494078362e-05,-2.8228513056539437e-09
4080.0,1.7702894779956433,2.5499999706685315,2.5499999706685315,1.245126074932606,2.286889712919938,4,1.3719362151352512e-11,5.297806637827307e-11,-5.1270972034616056e-05,-7.21386069081351e-05,-2.8318191198036125e-09
4140.0,1.7672032588235294,2.549999957103396,2.549999957103396,1.243836170757571,2.2840097574680893,3,9.961739885297126e-10,5.2523319027386606e-11,-5.15842843076735e-05,-7.263092842612847e-05,-2.7665154913951282e-09
4200.0,1.7640997821350761,2.5499999379876765,2.5499999379876765,1.2425911845283375,2.281147342207838,4,1.3054192501571211e-11,4.2518877307884395e-11,-5.184787980513188e-05,-7.30573122503648e-05,-2.7825872259924566e-09
4260.0,1.7609820309368192,2.54999991134794,2.54999991134794,1.2413514620763846,2.2782985546507892,4,1.3472198664160042e-11,4.445155354915187e-11,-5.2061758526991e-05,-7.341529516601209e-05,-2.7496925256087617e-09
4320.0,1.7578529882352945,2.5499998746180985,2.5499998746180985,1.2402714809725126,2.275459271457016,3,8.327066796801825e-10,4.990852175978944e-11,-5.222592047325084e-05,-7.37137795380514e-05,-2.6914244378076237e-09
4380.0,1.7547156370370371,2.549999824495715,2.549999824495715,1.239070153300916,2.2726255670744715,4,1.1963387012995211e-11,4.803268893738277e-11,-5.2340365643911826e-05,-7.393571223829066e-05,-2.7465959239141356e-09
4440.0,1.751572960348584,2.549999756772555,2.549999756772555,1.237678629053091,2.269795706519193,4,1.3002490637540332e-11,4.4281023292569444e-11,-5.2405094038973756e-05,-7.407672159744495e-05,-2.7416255073833252e-09
4500.0,1.7484279411764705,2.549999666136086,2.549999666136086,1.2363225777792213,2.266966811449644,4,1.3586625869234373e-11,4.934008757118136e-11,-5.242010565843619e-05,-7.414997502616102e-05,-2.6967240810335962e-09
4560.0,1.7452835625272332,2.5499995459406595,2.5499995459406595,1.2350011108915688,2.2641352178195397,4,1.322863255141106e-11,4.899902705801651e-11,-5.238540050229979e-05,-7.41551081683308e-05,-2.6760101722061394e-09
4620.0,1.7421428074074075,2.549999387949122,2.549999387949122,1.233704992534584,2.261296662311839,4,1.3573517191190855e-11,5.002220859751105e-11,-5.2300978570564096e-05,-7.40913388227036e-05,-2.6305880340367285e-09
4680.0,1.7390086588235296,2.5499991820412595,2.5499991820412595,1.2324069327384015,2.2584477677813197,4,1.2976491900269243e-11,8.498091119690798e-11,-5.2166839863229366e-05,-7.395667916068729e-05,-2.6166993419920898e-09
4740.0,1.7358840997821352,2.549998915884604,2.549998915884604,1.2310562514898897,2.2555858302658134,4,1.3443455990616262e-11,4.6838977141305804e-11,-5.198298438029534e-05,-7.374786622344425e-05,-2.581852328799564e-09
4800.0,1.7327721132897604,2.5499985745655875,2.5499985745655875,1.2296016478874232,2.252706339271403,4,1.32775128024329e-11,4.5702108764089644e-11,-5.1749412121762256e-05,-7.346152986909872e-05,-2.5830924848902114e-09
4860.0,1.7296756823529413,2.5499981401811667,2.5499981401811667,1.2279672726176538,2.249807015101698,4,1.3665509942160545e-11,4.973799150320701e-11,-5.14661230876301e-05,-7.30929653233972e-05,-2.5837447318622906e-09
4920.0,1.7265977899782134,2.54999759139353,2.54999759139353,1.2263317859618996,2.2468861239848277,4,1.460408341727079e-11,4.382627594168298e-11,-5.1133117277898906e-05,-7.265271803328103e-05,-2.515043137491781e-09
4980.0,1.7235414191721135,2.549996902950153,2.549996902950153,1.2245316044275785,2.2439407733949075,4,1.3897693284302378e-11,4.803268893738277e-11,-5.0750394692568214e-05,-7.213081103974052e-05,-2.5528247304766145e-09
5040.0,1.720509552941177,2.549996045176473,2.549996045176473,1.2224827022704168,2.2409693061904843,4,1.5241284685554372e-11,4.9396930990042165e-11,-5.031795533163889e-05,-7.152243654350428e-05,-2.536789878887018e-09
5100.0,1.7175051742919392,2.5499949834373727,2.5499949834373727,1.2203785264371247,2.2379691115007803,4,1.5894736117880385e-11,4.61000126961153e-11,-4.9835799195110155e-05,-7.083898191788016e-05,-2.4943388286766622e-09
5160.0,1.714531266230937,2.5499936775770693,2.5499936775770693,1.2183572735554573,2.234936326746403,4,1.6355222990073297e-11,5.877609510207549e-11,-4.93039262829823e-05,-7.008839587180983e-05,-2.411313720259569e-09
5220.0,1.7115908117647058,2.549992081362109,2.549992081362109,1.21626718048367,2.2318667400384493,4,1.5733041485362346e-11,4.945377440890297e-11,-4.8722336595255234e-05,-6.926170050463887e-05,-2.4117527357469354e-09
5280.0,1.708686793899782,2.5499901418963256,2.5499901418963256,1.2139071683168559,2.2287584152996267,4,1.652054053756063e-11,4.5133674575481564e-11,-4.809103013192931e-05,-6.834767262867993e-05,-2.4128178647068003e-09
5340.0,1.7058221956427018,2.54998779896752,2.54998779896752,1.2115038361664219,2.225609822106111,4,1.737330870701209e-11,4.32578417530749e-11,-4.741000689300415e-05,-6.735946486865455e-05,-2.337255742601304e-09
5400.0,1.703,2.5499849843685456,2.5499849843685456,1.2089356189815534,2.222417314331852,4,1.7432623587518824e-11,4.757794158649631e-11,-4.6679266878479803e-05,-6.629042549403708e-05,-2.349392561797338e-09
5460.0,1.7001822456140352,2.5499816212807027,2.5499816212807027,1.2065143159908285,2.219227079782704,4,1.679789373513026e-11,5.2523319027386606e-11,-4.723550487329435e-05,-6.705694501756628e-05,-2.263193571599072e-09
5520.0,1.6973323508771931,2.5499776236720235,2.5499776236720235,1.204299249058356,2.216081067766866,4,1.525439827587427e-11,4.6782133722444996e-11,-4.77304756335283e-05,-6.774873576058507e-05,-2.2766647355119673e-09
5580.0,1.6944553684210526,2.549972895675379,2.549972895675379,1.2020933073645725,2.2129712279194287,4,1.5114485482353066e-11,5.1102233555866405e-11,-4.814123586744647e-05,-6.832239019213457e-05,-2.2777792292291728e-09
5640.0,1.6915563508771931,2.549967330948135,2.549967330948135,1.199984118570448,2.2098916528455215,4,1.474654745095827e-11,5.3717030823463574e-11,-4.846778557504881e-05,-6.878280902972709e-05,-2.2593098113825512e-09
5700.0,1.6886403508771934,2.549960812031089,2.549960812031089,1.1979941819787874,2.2068356086628005,4,1.4632217417661036e-11,4.8544279707130045e-11,-4.871012475633531e-05,-6.913128925555413e-05,-2.2260447523775286e-09
5760.0,1.685712421052632,2.5499532098276774,2.5499532098276774,1.196063344220573,2.2037963560181852,4,1.3884107387267929e-11,7.747757990728132e-11,-4.886825341130609e-05,-6.936419949603708e-05,-2.229949032801418e-09
5820.0,1.6827776140350876,2.549944383139937,2.549944383139937,1.194004094754367,2.200768112283789,4,1.4180493462069415e-11,6.434675015043467e-11,-4.894217153996116e-05,-6.947047178013278e-05,-2.2506848031489147e-09
5880.0,1.6798409824561407,2.549934178144773,2.549934178144773,1.1919714759283055,2.197745984402858,4,1.4506267829316796e-11,4.860112312599085e-11,-4.893187914230048e-05,-6.945887612048069e-05,-2.214036306677537e-09
5940.0,1.6769075789473682,2.549922427936634,2.549922427936634,1.1901139572382253,2.194722560047501,4,1.4706341176454515e-11,4.5929482439532876e-11,-4.883737621832366e-05,-6.933788051346432e-05,-2.141580166633197e-09
6000.0,1.673982456140351,2.5499089523381224,2.5499089523381224,1.188369113786479,2.191690122241776,4,1.3620484858480883e-11,7.912603905424476e-11,-4.865866276803112e-05,-6.910346439053275e-05,-2.1274263210987685e-09
6060.0,1.6710706666666666,2.549893557674983,2.549893557674983,1.186458292995028,2.1886438409242057,4,1.3907049821639387e-11,5.3887561080046e-11,-4.839573879142306e-05,-6.873918000341409e-05,-2.1407574878536927e-09
6120.0,1.668177263157895,2.5498760360329915,2.5498760360329915,1.1843157914658062,2.1855781059360213,4,1.458560306686711e-11,4.7350567911053076e-11,-4.804860428849928e-05,-6.824109895519617e-05,-2.1616158835205287e-09
6180.0,1.665307298245614,2.5498561644449604,2.5498561644449604,1.1822215071234796,2.1824885285065694,4,1.5517671729338596e-11,4.7634785005357116e-11,-4.7617259259259563e-05,-6.76253663059821e-05,-2.0727795360750693e-09
6240.0,1.6624658245614037,2.5498337048811477,2.5498337048811477,1.1801126821588384,2.179368317747394,4,1.504660129468878e-11,5.030642569181509e-11,-4.710170370370369e-05,-6.688807762248486e-05,-2.07748884710105e-09
6300.0,1.6596578947368423,2.5498084047805896,2.5498084047805896,1.1778362701008718,2.176212582002122,4,1.5760006206582477e-11,4.8203219193965197e-11,-4.650193762183231e-05,-6.602059431638806e-05,-2.0593883956378764e-09
6360.0,1.6568885614035087,2.5497799969840695,2.5497799969840695,1.1753386126599588,2.1730156502597837,4,1.6562400196414264e-11,5.269384928396903e-11,-4.581796101364521e-05,-6.502018172933573e-05,-2.0676490769526385e-09
6420.0,1.6541628771929826,2.549748199253383,2.549748199253383,1.172668782675873,2.1697736420636624,4,1.7449909947617406e-11,8.333245204994455e-11,-4.504977387914238e-05,-6.389004507136411e-05,-2.0429690627290967e-09
6480.0,1.6514858947368425,2.5497127145542096,2.5497127145542096,1.169805249785803,2.1664820271383958,4,1.837658566256921e-11,4.638422979041934e-11,-4.419737621832339e-05,-6.262958002715123e-05,-2.0335153352492525e-09
6540.0,1.6488626666666668,2.5496732319243036,2.5496732319243036,1.1670211402774444,2.163135739521847,4,1.8706966654467746e-11,5.1727511163335294e-11,-4.326076803118912e-05,-6.125394059089314e-05,-1.922890687875094e-09
6600.0,1.6462982456140351,2.5496294274849007,2.5496294274849007,1.1640906914334583,2.159727915777072,4,1.8829975594081297e-11,5.24664756085258e-11,-4.223994931773868e-05,-5.975140659696121e-05,-1.946865542504695e-09
6660.0,1.6437976842105262,2.549580964923061,2.549580964923061,1.1608678404464632,2.156254817603349,4,1.9995088167414477e-11,4.666844688472338e-11,-4.113492007797274e-05,-5.811557098787246e-05,-1.923728004750191e-09
6720.0,1.641366035087719,2.5495274945082294,2.5495274945082294,1.1574825105477902,2.152712585479806,4,2.0807092814897632e-11,7.452172212651931e-11,-3.9945680311890865e-05,-5.635434879385572e-05,-1.8784615490976215e-09
6780.0,1.639008350877193,2.5494686527071098,2.5494686527071098,1.1540154945728922,2.149095144412917,4,2.1153793883068975e-11,7.30437932361383e-11,-3.8672230019493156e-05,-5.447279182889674e-05,-1.8206987148867448e-09
6840.0,1.6367296842105263,2.54940406405338,2.54940406405338,1.1503179620720654,2.145397342228365,4,2.1893337251930437e-11,5.4853899200679734e-11,-3.731456920077983e-05,-5.246509611665556e-05,-1.8167261523834848e-09
6900.0,1.6345350877192983,2.5493333422940276,2.5493333422940276,1.146537877792989,2.1416151793065143,4,2.2029040828228714e-11,5.7127635955112055e-11,-3.587269785575044e-05,-5.033973126467858e-05,-1.715043746385908e-09
6960.0,1.6324296140350878,2.549256089957641,2.549256089957641,1.1426432881939095,2.1377423464169105,4,2.2228687268549425e-11,4.899902705801651e-11,-3.434661598440548e-05,-4.8096587974741454e-05,-1.6913062732457713e-09
7020.0,1.6304183157894736,2.5491718985955174,2.5491718985955174,1.1384721533648796,2.1337736215776664,4,2.288392866128274e-11,5.439915184979327e-11,-3.273632358674474e-05,-4.5730810069426696e-05,-1.657342558254927e-09
7080.0,1.6285062456140351,2.5490803483661564,2.5490803483661564,1.1340160746788628,2.1297049632595098,4,2.3536002881402627e-11,4.4849457481177524e-11,-3.104182066276805e-05,-4.3244820364510056e-05,-1.6322210282638006e-09
7140.0,1.6266984561403508,2.54898100727467,2.54898100727467,1.1293636735536623,2.1255329261389546,4,2.3521087886075055e-11,4.5929482439532876e-11,-2.9263107212475694e-05,-4.064490043097132e-05,-1.5634723867668544e-09
7200.0,1.625,2.5488734330592173,2.5488734330592173,1.1244765373400163,2.1212510782366825,4,2.3750876206767983e-11,5.1670667744474486e-11,-2.740018323586747e-05,-3.7932472312506016e-05,-1.5321714871985563e-09
7260.0,1.6233874068733476,2.5487571762249748,2.5487571762249748,1.1194764733298237,2.116889263057259,4,2.324029756666509e-11,4.934008757118136e-11,-2.6409011322064716e-05,-3.643400921125818e-05,-1.4770397959088342e-09
7320.0,1.6218318000480654,2.5486317813440844,2.5486317813440844,1.1143379110137868,2.1124844077341915,4,2.3619059259712386e-11,4.945377440890297e-11,-2.5483865123234287e-05,-3.502991940080598e-05,-1.4803117288265883e-09
7380.0,1.6203301225666906,2.548496786763059,2.548496786763059,1.1092063673700434,2.1080420120954715,4,2.2770851802905407e-11,8.924416761146858e-11,-2.4609668215439664e-05,-3.37037546227384e-05,-1.4002627858106732e-09
7440.0,1.6188793174717615,2.5483517254977675,2.5483517254977675,1.1040319746410288,2.1035649883549414,4,2.292745269490407e-11,4.905587047687732e-11,-2.378642059868093e-05,-3.2453432460956825e-05,-1.3998528397721727e-09
7500.0,1.617476327805816,2.5481961286796655,2.5481961286796655,1.0989143969899706,2.099057286482061,4,2.1881886847803058e-11,5.32054400537163e-11,-2.301412227295789e-05,-3.1281357760390216e-05,-1.3182182544162014e-09
7560.0,1.6161180966113917,2.548029527233371,2.548029527233371,1.0938299742227915,2.094521929036687,4,2.1707117466148547e-11,4.860112312599085e-11,-2.229277323827075e-05,-3.0186081330264272e-05,-1.3044394877060074e-09
7620.0,1.6148015669310263,2.547851451312631,2.547851451312631,1.0886523802442398,2.089962122530646,4,2.1703071343082952e-11,5.047695594839752e-11,-2.16223734946193e-05,-2.9163521386840242e-05,-1.2880346962510198e-09
7680.0,1.6135236818072582,2.5476614284805623,2.5476614284805623,1.0834868015453167,2.0853830349378013,4,2.1198294114964976e-11,5.502442945726216e-11,-2.1002923042003752e-05,-2.8215979970972778e-05,-1.2470148521421001e-09
7740.0,1.6122813842826242,2.5474589827728438,2.5474589827728438,1.07844742895628,2.0807881558894925,4,2.025120804669433e-11,5.132960723130964e-11,-2.043442188042411e-05,-2.734565397478309e-05,-1.183987281833615e-09
7800.0,1.6110716173996633,2.547243638362326,2.547243638362326,1.0733829394666228,2.0761790522834875,4,2.054038329729913e-11,5.502442945726216e-11,-1.9916870009880043e-05,-2.6547838575935364e-05,-1.1972351883788697e-09
7860.0,1.609891324200913,2.547014921346408,2.547014921346408,1.0684523352661208,2.071560105731228,4,1.9127652926332566e-11,4.490630090003833e-11,-1.945026743037199e-05,-2.5825758680201444e-05,-1.1056202203459148e-09
7920.0,1.6087374477289114,2.546772356021067,2.546772356021067,1.0635924371900376,2.066934309988061,4,1.9267245489890258e-11,6.605205271625891e-11,-1.9034614141899514e-05,-2.517696573419364e-05,-1.1153920658305665e-09
7980.0,1.6076069310261956,2.5465154636453833,2.5465154636453833,1.058633843649455,2.062305682278346,4,1.9382871716050708e-11,6.59952092973981e-11,-1.866991014446305e-05,-2.4596746811018808e-05,-1.108146610032903e-09
8040.0,1.6064967171353037,2.5462437605837596,2.5462437605837596,1.0537484724895594,2.0576782938060676,4,1.875734396587932e-11,6.150457920739427e-11,-1.8356155438062383e-05,-2.4088444278064957e-05,-1.0628520434637025e-09
8100.0,1.6054037490987743,2.5459567596496178,2.5459567596496178,1.048873087849771,2.053056801127649,4,1.9074012991179723e-11,5.411493475548923e-11,-1.809335002269751e-05,-2.3649807869066257e-05,-1.0742729800771874e-09
8160.0,1.6043249699591444,2.5456539792053436,2.5456539792053436,1.0441499135516477,2.0484441835410787,4,1.777888108711133e-11,7.270273272297345e-11,-1.7881493898368652e-05,-2.3283310392279886e-05,-9.902125949932503e-10
8220.0,1.6032573227589522,2.545334946497716,2.545334946497716,1.0395272761440664,2.043841523258421,4,1.819265495006491e-11,5.348965714802034e-11,-1.772058706507515e-05,-2.298694171493494e-05,-1.0126728069085583e-09
8280.0,1.6021977505407357,2.5449991984037466,2.5449991984037466,1.0349611845468347,2.0392540021993146,4,1.7555697936402413e-11,5.417177817435004e-11,-1.7610629522817883e-05,-2.275901144538158e-05,-9.653957927339126e-10
8340.0,1.6011431963470317,2.5446462735341893,2.5446462735341893,1.0303495131915306,2.03468473873866,4,1.8509436679726844e-11,5.866240826435387e-11,-1.7551621271595972e-05,-2.2596544431101762e-05,-1.0065452943980477e-09
8400.0,1.6000906032203797,2.5442757076541156,2.5442757076541156,1.0258185773465878,2.0301382143555697,4,1.771021497519926e-11,6.036771083017811e-11,-1.7543562311410076e-05,-2.2501641533263626e-05,-9.479666674628082e-10
8460.0,1.5990369142033163,2.543887040730929,2.543887040730929,1.0214432419882484,2.0256169121456256,4,1.7683036751477646e-11,6.252776074688882e-11,-1.7586452642260185e-05,-2.247523942586362e-05,-9.401265429134315e-10
8520.0,1.5979790723383802,2.5434798274277153,2.5434798274277153,1.0172311617358438,2.02112283642486,4,1.70464000560311e-11,5.6218141253339127e-11,-1.7680292264145882e-05,-2.251688505103066e-05,-8.981720301361628e-10
8580.0,1.5969140206681085,2.543053637539778,2.543053637539778,1.013085442590811,2.0166588396008662,4,1.7584756377686572e-11,5.6274984672199935e-11,-1.7825081177067482e-05,-2.2623825754372937e-05,-9.1738299714499e-10
8640.0,1.5958387022350398,2.5426080440842735,2.5426080440842735,1.008977788008813,2.0122301388180865,4,1.7555334155606684e-11,5.53086465515662e-11,-1.8020819381024982e-05,-2.279485275868769e-05,-9.026758759775757e-10
8700.0,1.5947500600817113,2.542142614777604,2.542142614777604,1.0049032938613278,2.0078398707767717,4,1.8037281055162407e-11,6.781419870094396e-11,-1.826750687601805e-05,-2.3029269535306847e-05,-9.129624477552453e-10
8760.0,1.593645037250661,2.5416569188988403,2.5416569188988403,1.0009384585704688,2.003491061752885,4,1.7844521675866885e-11,7.935341272968799e-11,-1.8565143662047156e-05,-2.3328291503614274e-05,-8.917888297618703e-10
8820.0,1.5925205767844268,2.5411505424574257,2.5411505424574257,0.9971075654254241,1.9991856612291767,4,1.7781665029303895e-11,8.242295734817162e-11,-1.8913729739111813e-05,-2.3692047566301554e-05,-8.817741626856163e-10
8880.0,1.5913736217255467,2.540623094467435,2.540623094467435,0.9934450319050168,1.9949273001940107,4,1.7508106076036256e-11,6.076561476220377e-11,-1.9313265107212502e-05,-2.4120998235671457e-05,-8.682316155386533e-10
8940.0,1.5902011151165585,2.540074201518988,2.540074201518988,0.9897870748321456,1.9907199377956446,4,1.834010721069035e-11,9.407585821463726e-11,-1.97637497663489e-05,-2.461082933616685e-05,-8.985080798639331e-10
9000.0,1.589,2.5395034962431984,2.5395034962431984,0.9863934125063825,1.9865659634397383,4,1.671207616738002e-11,8.151346264639869e-11,-2.0265183716521122e-05,-2.5167704403619565e-05,-8.244130461853158e-10
9060.0,1.5877849693209767,2.5389106171850693,2.5389106171850693,0.9832372647377744,1.9824453201069918,4,1.6454060336457133e-11,6.616573955398053e-11,-2.0228890175298498e-05,-2.5061400800868104e-05,-8.190741357891283e-10
9120.0,1.586572482155816,2.5382952168151776,2.5382952168151776,0.9799057632672713,1.9783372686949376,4,1.7878365454748746e-11,7.679545888095163e-11,-2.0189783016003476e-05,-2.494723876829877e-05,-8.718291434961142e-10
9180.0,1.5853621307438874,2.5376569422794977,2.5376569422794977,0.9765274779031342,1.974241984270722,4,1.7452594924804998e-11,5.786660040030256e-11,-2.0157471867215268e-05,-2.4840403691044798e-05,-8.38871350547795e-10
9240.0,1.5841535073245607,2.5369954231465206,2.5369954231465206,0.9731834653414866,1.9701601792607812,4,1.787681114251427e-11,6.45172804070171e-11,-2.013195672893379e-05,-2.474286114001001e-05,-8.551863493484984e-10
9300.0,1.5829462041372049,2.5363103037800387,2.5363103037800387,0.9699397002272283,1.9660938228981757,4,1.6804002633818982e-11,6.008349373587407e-11,-2.0113237601159148e-05,-2.4656258444675182e-05,-8.035317407055941e-10
9360.0,1.5817398134211895,2.535601258895037,2.535601258895037,0.9666969362813267,1.9620410675053255,4,1.7662427076459153e-11,7.389644451905042e-11,-2.010131448389124e-05,-2.457798470601293e-05,-8.375527606185534e-10
9420.0,1.5805339274158847,2.5348679869606605,2.5348679869606605,0.9635036565610565,1.9580025930163418,4,1.6862289342611803e-11,6.588152245967649e-11,-2.0096187377130056e-05,-2.4509239019478315e-05,-7.969895165488983e-10
9480.0,1.5793281383606603,2.5341101957787426,2.5341101957787426,0.9604125341181059,1.9539787272318794,4,1.671562888105882e-11,6.923528417246416e-11,-2.0097856280875606e-05,-2.4451291231810762e-05,-7.909413213352046e-10
9540.0,1.5781220384948844,2.5333275967306688,2.5333275967306688,0.957345641529368,1.949969214472261,4,1.669309135365893e-11,8.71978045324795e-11,-2.0106321195128207e-05,-2.440211163151477e-05,-7.858409632951476e-10
9600.0,1.5769152200579286,2.5325199023150287,2.5325199023150287,0.9541981373243832,1.9459757259417598,4,1.761635282093721e-11,6.480149750132114e-11,-2.0121582119887432e-05,-2.43589579963067e-05,-8.171284645223323e-10
9660.0,1.5757072752891612,2.531686818754256,2.531686818754256,0.9511480494963539,1.9419991328432327,4,1.6286083592831346e-11,7.361222742474638e-11,-2.0143639055153498e-05,-2.4326356013467727e-05,-7.561058273615275e-10
9720.0,1.574497796427952,2.530828058819803,2.530828058819803,0.9480769160652428,1.9380370238764884,4,1.7681522912482706e-11,7.599965101690032e-11,-2.017249200092618e-05,-2.4301182510922753e-05,-8.104850414914633e-10
9780.0,1.573286375713671,2.529943367643433,2.529943367643433,0.9449404797553212,1.9340925868698284,4,1.7581380795661516e-11,6.531308827106841e-11,-2.020814095720549e-05,-2.4282266429825558e-05,-7.960916349764111e-10
9840.0,1.5720726053856875,2.5290325105774047,2.5290325105774047,0.9419352349201877,1.93016667358541,4,1.671829341631792e-11,7.690914571867324e-11,-2.0250585923992065e-05,-2.4274611843048548e-05,-7.589715925851906e-10
9900.0,1.5708560776833709,2.528095274870646,2.528095274870646,0.9389729868672989,1.9262566456689898,4,1.7202572699659413e-11,5.928768587182276e-11,-2.0299826901285048e-05,-2.427589232359824e-05,-7.766682985436652e-10
9960.0,1.569636384846091,2.5271314883139295,2.5271314883139295,0.9361368224495542,1.9223639348842472,4,1.6006973524440582e-11,5.582023732131347e-11,-2.0355863889085085e-05,-2.428823811764349e-05,-7.293253389906526e-10
10020.0,1.5684131191132178,2.5261409888518114,2.5261409888518114,0.9333524898631659,1.918487660058719,4,1.6409096303959814e-11,8.077449820120819e-11,-2.041869688739174e-05,-2.4309688469328585e-05,-7.437993227609603e-10
10080.0,1.5671858727241204,2.5251235997693393,2.5251235997693393,0.9305249824190375,1.9146291940198776,4,1.687761042035163e-11,8.998313205665909e-11,-2.0488325896205023e-05,-2.4337719520297084e-05,-7.573296819029879e-10
10140.0,1.5659542379181681,2.5240791207999043,2.5240791207999043,0.9277724399085074,1.9107896554197088,4,1.5952239529326562e-11,7.719336281297728e-11,-2.0564750915525356e-05,-2.4375403774305396e-05,-7.169590921506756e-10
10200.0,1.5647178069347307,2.5230073395091503,2.5230073395091503,0.9250080846820237,1.9069675243521769,4,1.7120194151232226e-11,7.383960110018961e-11,-2.064797194535253e-05,-2.4420389041145124e-05,-7.59824513815809e-10
10260.0,1.5634761720131785,2.5219080681227375,2.5219080681227375,0.9221981891570714,1.9031637297089876,4,1.6908807687343597e-11,7.861444828449748e-11,-2.0737988985686322e-05,-2.447176451564524e-05,-7.418776482523386e-10
10320.0,1.5622289253928803,2.520781139848161,2.520781139848161,0.9194665014284027,1.8993796895824635,4,1.6883716646987068e-11,7.293010639841668e-11,-2.083480203652674e-05,-2.45327385467123e-05,-7.414695505109856e-10
10380.0,1.560975659313206,2.5196264155490895,2.5196264155490895,0.9168317694743368,1.8956148544508786,4,1.6006973524440582e-11,7.071321306284517e-11,-2.0938411097874213e-05,-2.4603832463261486e-05,-7.064755834705285e-10
10440.0,1.5597159660135254,2.518443794155014,2.518443794155014,0.9141851092184902,1.8918682320803408,4,1.7228551918435642e-11,7.105427357601002e-11,-2.1048816169728196e-05,-2.4682063215099054e-05,-7.506624052911e-10
10500.0,1.5584494377332077,2.5172331942290684,2.5172331942290684,0.9114368301936139,1.8881424346001607,4,1.7535750629349423e-11,7.923972589196637e-11,-2.1166017252089223e-05,-2.4764979551296042e-05,-7.501898627597029e-10
10560.0,1.5571756667116226,2.515994524121115,2.515994524121115,0.9088493557941679,1.8844384027279464,4,1.6316947792915926e-11,6.963318810448982e-11,-2.12900143449569e-05,-2.485965777313369e-05,-7.092020198837558e-10
10620.0,1.5558942451881395,2.5147277128640497,2.5147277128640497,0.9064407791942987,1.8807543262131998,4,1.549049777338496e-11,8.355982572538778e-11,-2.1420807448331275e-05,-2.4966641432493618e-05,-6.847986693834212e-10
10680.0,1.5546047654021284,2.5134327435832886,2.5134327435832886,0.9041387762956647,1.8770898185269098,4,1.5300649636174057e-11,6.872369340271689e-11,-2.1558396562212514e-05,-2.5083969855138003e-05,-6.837061808745953e-10
10740.0,1.5533068195929587,2.5121095956961783,2.5121095956961783,0.9017842236448212,1.87344566102936,4,1.593003506883406e-11,7.173639460233971e-11,-2.1702781686600556e-05,-2.5207239677093132e-05,-7.006394050485496e-10
10800.0,1.552,2.5107581789974067,2.5107581789974067,0.8994300086010386,1.8698206625413167,4,1.588640330396629e-11,7.003109203651547e-11,-2.1853962821495355e-05,-2.5337879444152354e-05,-6.952920664408618e-10
10860.0,1.5506773855414908,2.5093783541419765,2.5093783541419765,0.8971548932490709,1.8662234892561682,4,1.562561191548184e-11,7.185008144006133e-11,-2.2219934905453975e-05,-2.5718912403920307e-05,-6.917030206039955e-10
10920.0,1.5493334674542898,2.507969992471733,2.507969992471733,0.8948770376499376,1.862661659271847,4,1.6274981362585095e-11,7.639755494892597e-11,-2.2561214605407114e-05,-2.6070193103284366e-05,-7.141783591541717e-10
10980.0,1.5479699564556966,2.506532991904814,2.506532991904814,0.8925995793709167,1.85913413307427,4,1.6378676193085084e-11,6.701839083689265e-11,-2.2873982350367243e-05,-2.6387531660726e-05,-7.164047335289981e-10
11040.0,1.5465885632630099,2.505067279692342,2.505067279692342,0.8904609799953512,1.855638446221416,4,1.5280110510218492e-11,7.418066161335446e-11,-2.3158238140334306e-05,-2.6675233362369126e-05,-6.852539199232298e-10
11100.0,1.5451909985935306,2.5035728449290158,2.5035728449290158,0.888380865470205,1.8521696460261234,4,1.573452479419757e-11,7.952394298627041e-11,-2.3413981975308573e-05,-2.6931132680497425e-05,-7.040498179591997e-10
11160.0,1.5437789731645575,2.5020497424924546,2.5020497424924546,0.886291716301513,1.8487263492577775,4,1.594469001275911e-11,6.17319528828375e-11,-2.3641213855289884e-05,-2.7153341952453823e-05,-7.108404067434089e-10
11220.0,1.5423541976933894,2.500498031084594,2.500498031084594,0.8841114511780677,1.8453062959554523,4,1.7040813204971528e-11,7.150902092689648e-11,-2.383993378027813e-05,-2.733943980883459e-05,-7.377558584299884e-10
11280.0,1.540918382897328,2.498917753791588,2.498917753791588,0.8821124270557245,1.8419076899723443,4,1.493971613086842e-11,7.73070496506989e-11,-2.401014175027353e-05,-2.749797394674454e-05,-6.779487865136057e-10
11340.0,1.5394732394936708,2.49730898816067,2.49730898816067,0.880145306978645,1.8385282069438902,4,1.6040724304389187e-11,6.161826604511589e-11,-2.415183776527586e-05,-2.7624459316808375e-05,-7.158729599866206e-10
11400.0,1.5380204781997189,2.4956718604678287,2.4956718604678287,0.878240266415991,1.8351646581505139,4,1.470801258562915e-11,7.486278263968416e-11,-2.426502182528523e-05,-2.772001112621441e-05,-6.728232954558274e-10
11460.0,1.5365618097327707,2.4940064816579244,2.4940064816579244,0.8763009981708348,1.8318138684750842,4,1.6292300841769247e-11,7.003109203651547e-11,-2.434969393030165e-05,-2.7781648392648136e-05,-7.212803091147812e-10
11520.0,1.5350989448101269,2.492312931072953,2.492312931072953,0.8742556153757322,1.8284753064611838,4,1.6596390928214078e-11,7.605649443576112e-11,-2.440585408032489e-05,-2.780719828531525e-05,-7.194685451010106e-10
11580.0,1.533633594149086,2.49059125877299,2.49059125877299,0.8723256083192609,1.8251455675948858,4,1.536126781331859e-11,7.651124178664759e-11,-2.4433502275355827e-05,-2.78038015667551e-05,-6.81295345521431e-10
11640.0,1.532167468466948,2.4888415428403015,2.4888415428403015,0.8703814400045073,1.821821812121577,4,1.6630252730465145e-11,8.122924555209465e-11,-2.4432638515393153e-05,-2.776739065323542e-05,-7.195443546262346e-10
11700.0,1.5307022784810127,2.48706391988149,2.48706391988149,0.8683470208659405,1.8185039501472653,4,1.6764034604932476e-11,8.793676897767e-11,-2.4403262800437746e-05,-2.769567195071146e-05,-7.115952972258464e-10
11760.0,1.5292397349085796,2.485258508197214,2.485258508197214,0.8664365248704643,1.8151900050089695,4,1.5538459408048766e-11,7.008793545537628e-11,-2.434537513048916e-05,-2.759556676794266e-05,-6.76374977605411e-10
11820.0,1.527781548466948,2.4834254327839647,2.4834254327839647,0.8646371549019841,1.8118772239231018,4,1.492206358477688e-11,7.821654435247183e-11,-2.4258975505547828e-05,-2.7466733266083213e-05,-6.604641460253001e-10
11880.0,1.5263294298734178,2.4815648547948577,2.4815648547948577,0.862699839768189,1.808562728868707,4,1.6836754213045424e-11,7.878497854107991e-11,-2.4144063925613553e-05,-2.730132634150845e-05,-7.061817524214065e-10
11940.0,1.5248850898452884,2.4796768920114207,2.4796768920114207,0.860682703697466,1.8052458047081488,4,1.6622703213897694e-11,7.753442332614213e-11,-2.400064039068609e-05,-2.7101354266271534e-05,-6.872414822489297e-10
12000.0,1.5234502390998592,2.4777615973064915,2.4777615973064915,0.8587365648670957,1.8019231493721573,4,1.597955101573234e-11,7.5203843152849e-11,-2.382870490076568e-05,-2.687167877694533e-05,-6.64250644483936e-10
12060.0,1.5220265883544302,2.475819064220583,2.475819064220583,0.8568981974396335,1.798592573715462,4,1.5155876553762937e-11,8.122924555209465e-11,-2.3628257455852303e-05,-2.661348471794949e-05,-6.415061242743924e-10
12120.0,1.520615848326301,2.4738494427668076,2.4738494427668076,0.8549217327984927,1.7952520937204763,4,1.6919465828379998e-11,9.356426744488999e-11,-2.339929805594641e-05,-2.6319218329905306e-05,-6.793784151530791e-10
12180.0,1.5192197297327708,2.4718528331128664,2.4718528331128664,0.8527846397250791,1.7919004727315064,4,1.7772783245106893e-11,8.543565854779445e-11,-2.3141826701047016e-05,-2.598842881498513e-05,-6.878459423160072e-10
12240.0,1.5178399432911394,2.469829267457929,2.469829267457929,0.850592716810318,1.7885379707554598,4,1.79001258260314e-11,8.208189683500677e-11,-2.2855843391154885e-05,-2.562458913089123e-05,-6.801197095468325e-10
12300.0,1.5164781997187062,2.4677788310872284,2.4677788310872284,0.8484290985194789,1.7851629068409212,4,1.7335022306497194e-11,7.781864042044617e-11,-2.2541348126269673e-05,-2.5230377992908188e-05,-6.570550810429658e-10
12360.0,1.5151362097327707,2.4657017511364967,2.4657017511364967,0.846230400108759,1.7817718186386542,4,1.7875256830279795e-11,8.316192179336213e-11,-2.219834090639153e-05,-2.480404127712453e-05,-6.633495179966258e-10
12420.0,1.513815684050633,2.4635983537640493,2.4635983537640493,0.8440627780285533,1.7783616148490466,4,1.6851298134668014e-11,8.412825991399586e-11,-2.1826821731520513e-05,-2.434770243026844e-05,-6.271325438079622e-10
12480.0,1.5125183333895922,2.461468962243646,2.461468962243646,0.8418559180070471,1.7749314145609287,4,1.7806867091962886e-11,8.429879017057829e-11,-2.1426790601656504e-05,-2.3859447828867566e-05,-6.472075814808943e-10
12540.0,1.511245868466948,2.4593138372453045,2.4593138372453045,0.8395706793566282,1.7714799228218179,4,1.7400303420345153e-11,8.606093615526333e-11,-2.0998247516799477e-05,-2.3338454226866866e-05,-6.230499648187126e-10
12600.0,1.51,2.457133151375979,2.457133151375979,0.8373792247598137,1.7680053930801587,4,1.640931834856474e-11,7.855760486563668e-11,-2.05411924769495e-05,-2.2789692752005528e-05,-5.930799839220803e-10
12660.0,1.5087749655026454,2.4549270568956243,2.4549270568956243,0.8351380687318235,1.764515250979617,4,1.6975421068821106e-11,8.316192179336213e-11,-2.0306396995884732e-05,-2.2487166947674452e-05,-6.031141041188901e-10
12720.0,1.5075635081481482,2.4526956915535596,2.4526956915535596,0.8327602595219376,1.761017183113875,4,1.8090973163964463e-11,8.475353752146475e-11,-2.008438711934151e-05,-2.2195824167111673e-05,-6.240733838527989e-10
12780.0,1.506365097142857,2.450439140089081,2.450439140089081,0.8304502188090866,1.757512649575145,4,1.6477152975369336e-11,9.92486093309708e-11,-1.9871223803644847e-05,-2.1916782465389003e-05,-5.754351183174596e-10
12840.0,1.5051792016931216,2.448157496080301,2.448157496080301,0.8282132862546784,1.754002278729517,4,1.6568524330295986e-11,8.446932042716071e-11,-1.9666907048794904e-05,-2.165006283698923e-05,-5.770566646188273e-10
12900.0,1.5040052910052912,2.445850919113977,2.445850919113977,0.8259876803154849,1.7504881374731864,4,1.6132095659315837e-11,9.941913958755322e-11,-1.947143685479136e-05,-2.13939792266134e-05,-5.614746265189836e-10
12960.0,1.5028428342857143,2.4435195500245244,2.4435195500245244,0.8236059903485486,1.7469702030209202,4,1.7986834244254624e-11,7.918288247310556e-11,-1.928481322163432e-05,-2.1144180562133915e-05,-6.029574764208529e-10
13020.0,1.5016913007407406,2.441163480480199,2.441163480480199,0.8211630792687604,1.7434497901982615,4,1.756872425318079e-11,8.412825991399586e-11,-1.9107036149323896e-05,-2.0903153303122353e-05,-5.842918680867161e-10
13080.0,1.5005501595767199,2.4387828372208387,2.4387828372208387,0.8188893952283928,1.7399276046541041,4,1.5683232490459886e-11,7.457856554538012e-11,-1.8938105637860087e-05,-2.0676712016254648e-05,-5.330547425927058e-10
13140.0,1.49941888,2.436377884170831,2.436377884170831,0.8166145262195972,1.736402662561041,4,1.6927126367249912e-11,7.878497854107991e-11,-1.877802168724289e-05,-2.0460407729011934e-05,-5.646740381066498e-10
13200.0,1.4982969312169314,2.4339489550989084,2.4339489550989084,0.8142172572746206,1.7328761119533789,4,1.730304788338799e-11,7.457856554538012e-11,-1.862678429747198e-05,-2.0251203822769446e-05,-5.660683971283153e-10
13260.0,1.4971837824338623,2.4314962774356847,2.4314962774356847,0.8119053289354353,1.729350222786989,4,1.6189383167386495e-11,8.191136657842435e-11,-1.8484393468547797e-05,-2.0054241855274423e-05,-5.349840181531794e-10
13320.0,1.496078902857143,2.429020035825658,2.429020035825658,0.8096248660920037,1.7258245774176433,4,1.624433920710544e-11,8.344613888766617e-11,-1.8350849200470115e-05,-1.986810992193205e-05,-5.332949113849023e-10
13380.0,1.4949817616931218,2.426520469945273,2.426520469945273,0.8074331036254382,1.7222988468023965,4,1.5258572183540764e-11,7.690914571867324e-11,-1.822615149323916e-05,-1.9694136773702232e-05,-5.061924786032081e-10
13440.0,1.4938918281481484,2.4239978117457524,2.4239978117457524,0.8051541359568837,1.718774592912426,4,1.68374203468602e-11,8.856204658513889e-11,-1.811030034685449e-05,-1.9527957904030217e-05,-5.432191442607296e-10
13500.0,1.4928085714285715,2.42145221024466,2.42145221024466,0.8029027273003139,1.7152527382390879,4,1.537359128889193e-11,1.0550138540565968e-10,-1.8003295761316544e-05,-1.9372357200932492e-05,-4.985946926678825e-10
13560.0,1.4917314607407406,2.4188837555715517,2.4188837555715517,0.8005963170731427,1.7117337371645698,4,1.7217338665886928e-11,8.623146641184576e-11,-1.790513773662554e-05,-1.9225255924864762e-05,-5.453675950315039e-10
13620.0,1.4906599652910053,2.4162925970076787,2.4162925970076787,0.798238437085272,1.7082181065253055,4,1.6282197812245158e-11,7.742073648842052e-11,-1.7815826272780602e-05,-1.908674473852248e-05,-5.142030088009857e-10
13680.0,1.4895935542857144,2.413678938613248,2.413678938613248,0.7960194796576436,1.704705985706224,4,1.564681717525218e-11,7.725020623183809e-11,-1.7735361369782394e-05,-1.8961292641601907e-05,-4.97915268688054e-10
13740.0,1.488531696931217,2.411043079126993,2.411043079126993,0.7937156990360853,1.7011988377791605,4,1.6953327630631065e-11,8.327560863108374e-11,-1.7663743027630685e-05,-1.884350015218594e-05,-5.272320328516797e-10
13800.0,1.4874738624338624,2.4083853318454587,2.4083853318454587,0.791371974795684,1.6976977396718467,4,1.663535975637842e-11,7.685230229981244e-11,-1.7600971246325703e-05,-1.8734409263481707e-05,-5.140711835884025e-10
13860.0,1.48641952,2.4057059587822147,2.4057059587822147,0.7891017032193648,1.694202638182773,4,1.6119217072230185e-11,9.481482265982777e-11,-1.7547046025867003e-05,-1.863664899548332e-05,-4.968175173394865e-10
13920.0,1.485368138835979,2.4030052841227194,2.4030052841227194,0.7869912636126922,1.6907132724393437,4,1.4950929383417133e-11,7.202061169664375e-11,-1.7501967366254925e-05,-1.8552188204490805e-05,-4.6133456061951666e-10
13980.0,1.4843191881481481,2.400283679884694,2.400283679884694,0.7848912272539325,1.6872301849175217,4,1.552491468714834e-11,7.975131666171364e-11,-1.7465735267489786e-05,-1.8477425998478984e-05,-4.823243843093051e-10
14040.0,1.4832721371428574,2.397541404816629,2.397541404816629,0.7828011840843563,1.6837543519568305,4,1.4996115460519377e-11,7.23616722098086e-11,-1.7438349729570714e-05,-1.841232297992163e-05,-4.5948189296258303e-10
14100.0,1.4822264550264552,2.394778530614622,2.394778530614622,0.780745077462245,1.6802859642527244,4,1.5163315048027926e-11,7.793232725816779e-11,-1.7419810752498574e-05,-1.835737986006513e-05,-4.6547148955871844e-10
14160.0,1.481181611005291,2.3919950690149974,2.3919950690149974,0.7786220647247111,1.6768262140129948,4,1.5760726057578722e-11,7.776179700158536e-11,-1.7410118336272745e-05,-1.8310179537128063e-05,-4.793710766857669e-10
14220.0,1.4801370742857145,2.38919103911948,2.38919103911948,0.7765312445156316,1.6733758966782941,4,1.521160974959912e-11,8.117240213323385e-11,-1.7409272480893563e-05,-1.8273014425182097e-05,-4.5705168020810275e-10
14280.0,1.4790923140740742,2.3863665196037833,2.3863665196037833,0.7743513495987974,1.6699348368599072,4,1.690536599596726e-11,8.589040589868091e-11,-1.7417273186360902e-05,-1.8242960697867333e-05,-5.006708603779841e-10
14340.0,1.4780467995767197,2.38352170853023,2.38352170853023,0.772119825153468,1.6665047044628416,4,1.650868330926869e-11,7.651124178664759e-11,-1.7434120452674903e-05,-1.8220862925960205e-05,-4.838741310249714e-10
14400.0,1.477,2.38065689233301,2.38065689233301,0.7700740135038581,1.6630855209892736,4,1.5063061908904274e-11,8.259348760475405e-11,-1.745981427983538e-05,-1.821227330379215e-05,-4.412255927939627e-10
14460.0,1.4759512468803035,2.377772503003561,2.377772503003561,0.7680478514513213,1.6596779276484726,4,1.553512873897489e-11,9.907807907438837e-11,-1.749602877885373e-05,-1.8214953876941178e-05,-4.5774198895676197e-10
14520.0,1.4749006009783372,2.374869010413746,2.374869010413746,0.7660331497850333,1.6562813925121938,4,1.5530909891481315e-11,7.986500349943526e-11,-1.7523039527248118e-05,-1.820818055908095e-05,-4.5541213131570186e-10
14580.0,1.4738486253369272,2.3719467249395554,2.3719467249395554,0.7640347862403887,1.6528951290650817,4,1.5523027308006476e-11,7.690914571867324e-11,-1.7540666228522628e-05,-1.8191923698866557e-05,-4.529070439923412e-10
14640.0,1.472795882998902,2.3690058517773975,2.3690058517773975,0.7620517202081902,1.6495183538403915,4,1.5517698237488275e-11,8.952838470577262e-11,-1.75489088826771e-05,-1.816620874309452e-05,-4.5034838771760465e-10
14700.0,1.4717429370070885,2.3660465767568324,2.3660465767568324,0.7600825291916817,1.6461502952711502,4,1.5514256546111937e-11,8.08881850389298e-11,-1.7547767489711968e-05,-1.813105088631535e-05,-4.4776249552440083e-10
14760.0,1.470690350404313,2.363069089576046,2.363069089576046,0.7581257206288804,1.6427901952406894,4,1.55152557468341e-11,8.282086128019728e-11,-1.753724204962674e-05,-1.808646263573368e-05,-4.4515164424353883e-10
14820.0,1.4696386862334032,2.3600735866215676,2.3600735866215676,0.7561798212660363,1.6394373092709311,4,1.5519585616630138e-11,9.07789399207104e-11,-1.7517332562421742e-05,-1.8032456169114953e-05,-4.4251103562501365e-10
14880.0,1.468588507537187,2.357060269702139,2.357060269702139,0.7542434032767015,1.636090906303761,4,1.5530798869178852e-11,7.668177204323001e-11,-1.748803902809676e-05,-1.7969044176171324e-05,-4.398341383500232e-10
14940.0,1.4675403773584903,2.3540293443377736,2.3540293443377736,0.7523150898592404,1.6327502683700506,4,1.5542345188634954e-11,8.395772965741344e-11,-1.7449361446651796e-05,-1.7896240204444652e-05,-4.371143795091771e-10
15000.0,1.4664948587401418,2.3509810183550104,2.3509810183550104,0.7503935543985356,1.6294146902417546,4,1.555677808795508e-11,7.923972589196637e-11,-1.7401299818086954e-05,-1.781405884725159e-05,-4.343456177322312e-10
15060.0,1.4654525147249675,2.347915500863881,2.347915500863881,0.7484775178953965,1.6260834790959433,4,1.557476370095401e-11,8.202505341614597e-11,-1.7343854142402453e-05,-1.7722515878939736e-05,-4.315222264867898e-10
15120.0,1.4644139083557954,2.3448330015445817,2.3448330015445817,0.746565746148319,1.6227559541976297,4,1.5591861135533236e-11,8.554934538551606e-11,-1.7277024419597855e-05,-1.7621628374988056e-05,-4.2863906703476727e-10
15180.0,1.463379602675452,2.3417337301586953,2.3417337301586953,0.7446570470968702,1.6194314466016793,4,1.5617063198192227e-11,7.719336281297728e-11,-1.7200810649673383e-05,-1.7511414828948402e-05,-4.2569144010058207e-10
15240.0,1.4623501607267646,2.3386178962164106,2.3386178962164106,0.7427502683999117,1.6161092988724344,4,1.5633605521259142e-11,7.287326297955588e-11,-1.7115212832629035e-05,-1.7391895275465995e-05,-4.2267504082287417e-10
15300.0,1.4613261455525608,2.3354857087503196,2.3354857087503196,0.7408442952332948,1.6127888648194832,4,1.5660361896152608e-11,8.941469786805101e-11,-1.702023096846481e-05,-1.7263091399141077e-05,-4.1958592084935714e-10
15360.0,1.4603081201956676,2.3323373761614783,2.3323373761614783,0.7389380482756344,1.6094695092482338,4,1.5685341914206674e-11,8.15703060652595e-11,-1.6915865057180493e-05,-1.7125026660745385e-05,-4.1642045775829347e-10
15420.0,1.4592966476989118,2.329173106114484,2.329173106114484,0.7370304818569869,1.6061506077240963,4,1.5712764422914915e-11,7.497646947740577e-11,-1.680211509877651e-05,-1.697772640191374e-05,-4.13175328813814e-10
15480.0,1.4582922911051215,2.325993105465662,2.325993105465662,0.7351205822506512,1.6028315463493041,4,1.5742629422277332e-11,8.856204658513889e-11,-1.667898109325244e-05,-1.682121796136408e-05,-4.0984748827189353e-10
15540.0,1.457295613457123,2.322797580213728,2.322797580213728,0.7332073660938936,1.599511721551431,4,1.5759837879159022e-11,1.02147623692872e-10,-1.6546463040608708e-05,-1.6655530788255764e-05,-4.064341475239927e-10
15600.0,1.4563071777977439,2.319586735465659,2.319586735465659,0.7312898789271627,1.5961905398828193,4,1.57844848303057e-11,8.134293238981627e-11,-1.6404560940844885e-05,-1.64806965472139e-05,-4.0293275647048595e-10
15660.0,1.4553275471698113,2.3163607754129356,2.3163607754129356,0.7293671938418335,1.5928674178301352,4,1.5809020759149917e-11,8.134293238981627e-11,-1.6253274793961398e-05,-1.629674922678213e-05,-3.993409873977068e-10
15720.0,1.4543572846161528,2.3131199033147305,2.3131199033147305,0.7274384102286272,1.5895417816333595,4,1.5833112598784282e-11,7.361222742474638e-11,-1.609260459995793e-05,-1.6103725252203377e-05,-3.9565671940874135e-10
15780.0,1.453396953179595,2.3098643214859047,2.3098643214859047,0.7255026526185843,1.5862130671135504,4,1.585243047941276e-11,7.429434845107608e-11,-1.5922550358834475e-05,-1.5901663583738627e-05,-3.9187802483818433e-10
15840.0,1.4524471159029653,2.3065942312879364,2.3065942312879364,0.7235590696099198,1.5828807195087913,4,1.5867307467942737e-11,9.72022462519817e-11,-1.5743112070591144e-05,-1.569060581872199e-05,-3.8800315611296407e-10
15900.0,1.4515083358290908,2.3033098331220354,2.3033098331220354,0.7216068328734044,1.579544193317726,4,1.5875967207534813e-11,9.987388693843968e-11,-1.555428973522782e-05,-1.5470596301247515e-05,-3.8403053428775155e-10
15960.0,1.4505811760007987,2.3000113264233355,2.3000113264233355,0.7196451362299935,1.5762029521501995,4,1.5884960014034277e-11,1.0152234608540311e-10,-1.5356083352744747e-05,-1.524168220941606e-05,-3.799587382825598e-10
16020.0,1.4496661994609166,2.296698909655949,2.296698909655949,0.7176731947949944,1.572856468584499,4,1.5890067039947553e-11,9.600853445590474e-11,-1.5148492923141775e-05,-1.500391366495468e-05,-3.757864949074486e-10
16080.0,1.4487639692522711,2.293372780308233,2.293372780308233,0.7156902441827663,1.569504224030764,4,1.5887846593898303e-11,8.748202162678353e-11,-1.4931518446418942e-05,-1.4757343822475625e-05,-3.7151267015915513e-10
16140.0,1.44787504841769,2.2900331348881244,2.2900331348881244,0.7136955397672394,1.566145708600163,4,1.5879964010423464e-11,8.753886504564434e-11,-1.4705159922576122e-05,-1.4502028965501524e-05,-3.6713626068829567e-10
16200.0,1.447,2.286680168918397,2.286680168918397,0.7116883559931062,1.5627804209794531,4,1.586220044202946e-11,8.310507837450132e-11,-1.4469417351613423e-05,-1.4238028599213108e-05,-3.6265638641853244e-10
16260.0,1.4461406897833682,2.2833140769311697,2.2833140769311697,0.7096646223814781,1.5594063470091057,4,1.585109821178321e-11,8.338929546880536e-11,-1.4185863538706471e-05,-1.3927606606140431e-05,-3.5794403118239727e-10
16320.0,1.4452978855625436,2.2799350524623567,2.2799350524623567,0.7076236245479695,1.5560227993065494,4,1.5811130182896704e-11,8.617462299298495e-11,-1.3919495357947081e-05,-1.3634743405567545e-05,-3.531269859945624e-10
16380.0,1.4444705033962264,2.2765432880473933,2.2765432880473933,0.7055690352158056,1.5526312469111612,4,1.5762058325208272e-11,8.139977580867708e-11,-1.3671192865517575e-05,-1.3360298311946943e-05,-3.4830227251009457e-10
16440.0,1.4436574593431168,2.2731389752152036,2.2731389752152036,0.7035040945856088,1.549233127667221,4,1.5703882638717914e-11,9.549694368615746e-11,-1.3440956061417927e-05,-1.3104241809751315e-05,-3.435171547244524e-10
16500.0,1.4428576694619148,2.2697223044816153,2.2697223044816153,0.7014317720844774,1.5458298508023895,4,1.563971174789458e-11,8.657252692501061e-11,-1.3228784945648027e-05,-1.2866531590887515e-05,-3.388039359553799e-10
16560.0,1.442070049811321,2.2662934653424536,2.2662934653424536,0.6993548338061111,1.5424227986891572,4,1.5573653477929383e-11,8.640199666842818e-11,-1.303467951820804e-05,-1.2647115059677893e-05,-3.341870644791638e-10
16620.0,1.441293516450035,2.262852646266199,2.262852646266199,0.6972758814008043,1.539013328193553,4,1.550160000363121e-11,8.01492205937393e-11,-1.2858639779097746e-05,-1.2445931131293875e-05,-3.2968604949068205e-10
16680.0,1.4405269854367577,2.25940003468646,2.25940003468646,0.695197377814788,1.5356027717659906,4,1.543576377827094e-11,8.748202162678353e-11,-1.2700665728317368e-05,-1.2262911676367265e-05,-3.2531697462412017e-10
16740.0,1.4397693728301888,2.2559358169941257,2.2559358169941257,0.6931216657590544,1.5321924383534153,4,1.536826221837373e-11,8.72546479513403e-11,-1.2560757365867004e-05,-1.2097982765021167e-05,-3.2109339621934126e-10
16800.0,1.4390195946890287,2.2524601785293923,2.2524601785293923,0.6910509816942185,1.5287836141795097,4,1.5301315769988832e-11,1.0345502232667059e-10,-1.2438914691746447e-05,-1.1951065744812461e-05,-3.1702692521350973e-10
16860.0,1.4382765670719777,2.2489733035736,2.2489733035736,0.688987466835868,1.5253775634232472,4,1.524036452593691e-11,1.0260237104375847e-10,-1.2335137705955584e-05,-1.1822078226894644e-05,-3.131276282179681e-10
16920.0,1.437539206037736,2.245475375341194,2.245475375341194,0.6869331760705445,1.5219755288166774,4,1.5183632129378566e-11,9.515588317299262e-11,-1.2249426408494417e-05,-1.1710934988273417e-05,-3.094043176551853e-10
16980.0,1.4368064276450034,2.2419665759714813,2.2419665759714813,0.6848900853451094,1.5185787321770687,4,1.5129453245776858e-11,8.765255188336596e-11,-1.2181780799363372e-05,-1.161754880627173e-05,-3.058647689692386e-10
17040.0,1.4360771479524808,2.238447086520708,2.238447086520708,0.6828600979040799,1.5151883748847286,4,1.508138058881059e-11,7.889866537880152e-11,-1.2132200878562247e-05,-1.1541831240821215e-05,-3.025158883477605e-10
17100.0,1.4353502830188678,2.2349170869542614,2.2349170869542614,0.6808450496347556,1.5118056383152418,4,1.504518731820781e-11,1.0078338164021261e-10,-1.2100686646090595e-05,-1.1483693372815854e-05,-2.993638451276937e-10
17160.0,1.434624748902865,2.231376756139141,2.231376756139141,0.6788467137060343,1.5084316842330228,4,1.500677360155578e-11,9.873701856122352e-11,-1.2087238101949074e-05,-1.1443046502681892e-05,-2.964141786492387e-10
17220.0,1.4338994616631724,2.227826271836792,2.227826271836792,0.6768668046376468,1.5050676551517135,4,1.4974022022329336e-11,9.839595804805867e-11,-1.2091855246137246e-05,-1.1419802809779572e-05,-2.9367188563185504e-10
17280.0,1.4331733373584907,2.2242658106964175,2.2242658106964175,0.6749069819037821,1.5017146746659549,4,1.495570334242302e-11,8.253664418589324e-11,-1.211453807865533e-05,-1.141387598976477e-05,-2.911414928862165e-10
17340.0,1.4324452920475192,2.220695548248745,2.220695548248745,0.6729688531496707,1.498373847758279,4,1.4933054792720668e-11,8.276401786133647e-11,-1.2155286599503325e-05,-1.1425181864819204e-05,-2.888271187081119e-10
17400.0,1.4317142417889586,2.2171156589004455,2.2171156589004455,0.6710539770840163,1.4950462610842297,4,1.4919288027215316e-11,8.344613888766617e-11,-1.2214100808681019e-05,-1.1453638956846228e-05,-2.867325244717516e-10
17460.0,1.4309791026415095,2.2135263159291854,2.2135263159291854,0.6691638660963174,1.491732983238364,4,1.491895496030793e-11,8.418510333285667e-11,-1.22909807061884e-05,-1.1499169052843087e-05,-2.8486115950292565e-10
17520.0,1.4302387906638714,2.2099276914794035,2.2099276914794035,0.6672999886382216,1.4884350650033498,4,1.4907630685456752e-11,1.0226131053059362e-10,-1.2385926292025809e-05,-1.1561697752198407e-05,-2.8321619982112654e-10
17580.0,1.429492221914745,2.206319956558928,2.206319956558928,0.665463771402235,1.4851535395841013,4,1.4908074774666602e-11,9.487166607868858e-11,-1.249893756619302e-05,-1.1641154975573721e-05,-2.818005812827835e-10
17640.0,1.4287383124528303,2.2027032810363876,2.2027032810363876,0.6636566013233663,1.4818894228285693,4,1.490496615019765e-11,9.816858437261544e-11,-1.2630014528690248e-05,-1.1737475482550657e-05,-2.8061702965252046e-10
17700.0,1.4279759783368275,2.1990778336395356,2.1990778336395356,0.6618798274263501,1.4786437134366235,4,1.4912626689067565e-11,9.384848453919403e-11,-1.2779157179517168e-05,-1.1850599356937362e-05,-2.7966808600779155e-10
17760.0,1.4272041356254366,2.1954437819545802,2.1954437819545802,0.6601347625365425,1.475417393158239,4,1.4914069978999578e-11,8.208189683500677e-11,-1.2946365518673904e-05,-1.1980472483951463e-05,-2.7895613029222054e-10
17820.0,1.4264217003773583,2.1918012924264043,2.1918012924264043,0.6584226848701594,1.4722114269820705,4,1.4910739309925702e-11,7.810285751475021e-11,-1.3131639546160427e-05,-1.212704701327694e-05,-2.784834013620119e-10
17880.0,1.4256275886512928,2.18815053035985,2.18815053035985,0.6567448395173334,1.4690267633153127,4,1.491373691209219e-11,9.447376214666292e-11,-1.3334979261976929e-05,-1.2290281812202107e-05,-2.782520155448663e-10
17940.0,1.4248207165059397,2.184491659921974,2.184491659921974,0.6551024398285861,1.465864334155677,4,1.4900969347309e-11,7.895550879766233e-11,-1.3556384666123175e-05,-1.247014290963353e-05,-2.78263982995763e-10
18000.0,1.424,2.1808248441453766,2.1808248441453766,0.6534966687151718,1.462725055256169,4,1.4887091559501187e-11,8.384404281969182e-11,-1.379585575859929e-05,-1.2666603923105362e-05,-2.7852122222664576e-10
18060.0,1.4231649599999998,2.1771502449326507,2.1771502449326507,0.6519271844655646,1.4596091434371024,4,1.4878986931421423e-11,9.401901479577646e-11,-1.4028264444444477e-05,-1.2856576916672041e-05,-2.7896127498537134e-10
18120.0,1.4223164799999997,2.173468023061028,2.173468023061028,0.6503905627087622,1.4565152840031015,4,1.4875101150835235e-11,9.333689376944676e-11,-1.4244531111111104e-05,-1.30317686726498e-05,-2.794925610203712e-10
18180.0,1.4214555199999996,2.1697783381882534,2.1697783381882534,0.6488835882033477,1.453442106554987,4,1.487043821413181e-11,8.316192179336213e-11,-1.4444797777777764e-05,-1.3192341431820213e-05,-2.800721747394523e-10
18240.0,1.42058304,2.1660813488599415,2.1660813488599415,0.6474032990733329,1.4503882695688621,4,1.4882539645100223e-11,1.0129497240995988e-10,-1.4629064444444405e-05,-1.3338329822345759e-05,-2.8066927141158235e-10
18300.0,1.4197000000000002,2.162377212517515,2.162377212517515,0.6459469278215685,1.4473524588006683,4,1.4894419031463713e-11,9.163159120362252e-11,-1.479733111111113e-05,-1.3469764666082328e-05,-2.812597531568821e-10
18360.0,1.4188073600000002,2.1586660855069457,2.1586660855069457,0.644511866154906,1.4443333860204115,4,1.490141343651885e-11,8.520828487235121e-11,-1.4949597777777784e-05,-1.358667319061377e-05,-2.818238480150773e-10
18420.0,1.41790608,2.15494812308795,2.15494812308795,0.6430956411561598,1.4413297879528046,4,1.4926282432270455e-11,1.0402345651527867e-10,-1.508586444444447e-05,-1.3689079395845879e-05,-2.823448359405538e-10
18480.0,1.4169971200000004,2.1512234794438814,2.1512234794438814,0.6416958978663031,1.4383404253614778,4,1.4958922989194434e-11,8.202505341614597e-11,-1.5206131111111081e-05,-1.3777004470597395e-05,-2.828082844725428e-10
18540.0,1.41608144,2.147492307691905,2.147492307691905,0.6403103859050132,1.4353640822397935,4,1.4992118657630726e-11,9.941913958755322e-11,-1.531039777777762e-05,-1.3850467246213493e-05,-2.8320154929601356e-10
18600.0,1.4151600000000002,2.1437547598935303,2.1437547598935303,0.6389369488259768,1.432399565084439,4,1.5031420552702457e-11,8.122924555209465e-11,-1.539866444444419e-05,-1.390948464506867e-05,-2.8351342800398605e-10
18660.0,1.41423376,2.14001098706523,2.14001098706523,0.6375735154233851,1.4294457022354679,4,1.50801593434835e-11,9.413270163349807e-11,-1.5470931111111013e-05,-1.3954072148876089e-05,-2.8373390933803264e-10
18720.0,1.4133036800000003,2.1362611391890916,2.1362611391890916,0.6362180924866965,1.4265013432710576,4,1.513122960261626e-11,9.606537787476555e-11,-1.5527197777777868e-05,-1.3984244252322205e-05,-2.838539854248965e-10
18780.0,1.41237072,2.1325053652233996,2.1325053652233996,0.6348687586639657,1.4235653584482262,4,1.5193735158902655e-11,8.554934538551606e-11,-1.556746444444454e-05,-1.4000014914753312e-05,-2.8386550706117724e-10
18840.0,1.41143584,2.128743813112917,2.128743813112917,0.6335236591942844,1.4206366381828306,4,1.526456738787374e-11,1.0078338164021261e-10,-1.5591731111110814e-05,-1.4001398002814032e-05,-2.837610699310246e-10
18900.0,1.4104999999999999,2.124976629798781,2.124976629798781,0.6321810013367869,1.417714092563563,4,1.5338619263616238e-11,9.174527804134414e-11,-1.5599997777777556e-05,-1.3988407733626825e-05,-2.8353392365549915e-10
18960.0,1.40956416,2.1212039612279114,2.1212039612279114,0.6308390503660126,1.414796650895759,4,1.5421997012765587e-11,8.873257684172131e-11,-1.559226444444433e-05,-1.3961059097527731e-05,-2.8317789738205153e-10
19020.0,1.40862928,2.11742595236173,2.11742595236173,0.629496126036689,1.4118832612715793,4,1.5501044892118898e-11,9.345058060716838e-11,-1.5568531111111143e-05,-1.3919368277541316e-05,-2.82687338673001e-10
19080.0,1.4076963200000001,2.113642747184099,2.113642747184099,0.6281505994401284,1.4089728901637326,4,1.55955248715145e-11,9.310952009400353e-11,-1.552879777777777e-05,-1.3863353069638466e-05,-2.82057062507217e-10
19140.0,1.40676624,2.1098544887084163,2.1098544887084163,0.626800890192046,1.406064522040388,4,1.5686674181836224e-11,8.986944521893747e-11,-1.5473064444444426e-05,-1.379303327512046e-05,-2.812823082615921e-10
19200.0,1.40584,2.1060613189837127,2.1060613189837127,0.6254454639041859,1.403157158999247,4,1.5784595852608163e-11,9.612222129362635e-11,-1.5401331111110905e-05,-1.3708431099524187e-05,-2.8035870307866703e-10
19260.0,1.40491856,2.1022633790995475,2.1022633790995475,0.6240828298997281,1.40024982041909,4,1.5885293080941665e-11,7.759126674500294e-11,-1.531359777777763e-05,-1.360957154376537e-05,-2.792822303523993e-10
19320.0,1.40400288,2.0984608091898305,2.0984608091898305,0.6227115391403042,1.3973415426272844,4,1.5989765067558892e-11,9.919176591210999e-11,-1.5209864444444396e-05,-1.3496482776698848e-05,-2.7804920279251547e-10
19380.0,1.4030939199999999,2.0946537484352623,2.0946537484352623,0.6213301823380921,1.3944313785820055,4,1.609201660812687e-11,1.0800249583553523e-10,-1.5090131111111081e-05,-1.336919650819394e-05,-2.766562385928156e-10
19440.0,1.40219264,2.0908423350645426,2.0908423350645426,0.6199373882305911,1.3915183975680074,4,1.6190715435016045e-11,8.321876521222293e-11,-1.4954397777777696e-05,-1.3227748353198028e-05,-2.7510024080533875e-10
19500.0,1.4013000000000002,2.087026706354072,2.087026706354072,0.6185318219989415,1.3886016849049807,4,1.6288304038880597e-11,8.310507837450132e-11,-1.4802664444444336e-05,-1.3072178187696002e-05,-2.733783791064435e-10
19560.0,1.40041696,2.0832069986263027,2.0832069986263027,0.6171121838140526,1.3856803416675874,4,1.638955637872641e-11,9.390532795805484e-11,-1.4634931111111027e-05,-1.2902530494177252e-05,-2.7148807360143204e-10
19620.0,1.3995444799999999,2.0793833472465093,2.0793833472465093,0.6156772074967758,1.382753484416395,4,1.6481038755955524e-11,8.952838470577262e-11,-1.445119777777773e-05,-1.2718854702029714e-05,-2.694269804370605e-10
19680.0,1.3986835200000003,2.0755558866182477,2.0755558866182477,0.6142256592798057,1.3798202449390125,4,1.6567636151876286e-11,8.952838470577262e-11,-1.4251464444444375e-05,-1.2521205520512539e-05,-2.6719297873886123e-10
19740.0,1.39783504,2.071724750177208,2.071724750177208,0.6127563366618106,1.376879770000768,4,1.6645684830507435e-11,9.549694368615746e-11,-1.4035731111111053e-05,-1.23096432687331e-05,-2.647841592607428e-10
19800.0,1.397,2.067890070383721,2.067890070383721,0.6112680673443874,1.373931221104364,4,1.671607297026867e-11,1.0112444215337746e-10,-1.380399777777773e-05,-1.2084234184865281e-05,-2.6219881356848493e-10
19860.0,1.3961730080939476,2.064051978714003,2.064051978714003,0.6097746549930516,1.370980659053208,4,1.668742921623334e-11,8.208189683500677e-11,-1.3766400527451493e-05,-1.2029003261861446e-05,-2.6001494231639967e-10
19920.0,1.3953481753206867,2.0602106056506124,2.0602106056506124,0.6082886831809221,1.368034513555335,4,1.6674772673752614e-11,1.0533085514907725e-10,-1.3728687730101286e-05,-1.1973892738639634e-05,-2.581189356977945e-10
19980.0,1.394525716097561,2.0563660806703408,2.0563660806703408,0.6068084474055866,1.3650925231372497,4,1.6672774272308288e-11,9.310952009400353e-11,-1.3687401310348166e-05,-1.1915859244800186e-05,-2.563451158832193e-10
20040.0,1.393705844841915,2.0525185322313293,2.0525185322313293,0.6053328197478,1.3621544382851174,4,1.6681322989597902e-11,9.328005035058595e-11,-1.3642541268192263e-05,-1.1854895745550865e-05,-2.5464148628756345e-10
20100.0,1.3928887759710933,2.0486680877595287,2.0486680877595287,0.6038609223416398,1.3592200184987961,4,1.6691981130634304e-11,7.815970093361102e-11,-1.3594107603633366e-05,-1.1791000277583142e-05,-2.5298048057380667e-10
20160.0,1.3920747239024394,2.044814873634258,2.044814873634258,0.602392023613456,1.3562890307875515,4,1.6710077765935694e-11,9.049472282640636e-11,-1.3542100316671687e-05,-1.1724173915160876e-05,-2.5134485486834335e-10
20220.0,1.3912639030532972,2.0409590151730668,2.0409590151730668,0.600925489250048,1.3533612487325124,4,1.6731727114915884e-11,8.895995051716454e-11,-1.3486519407306908e-05,-1.1654419816437928e-05,-2.4972279056598847e-10
20280.0,1.390456527841012,2.0371006366160036,2.0371006366160036,0.5994607547663903,1.3504364518406131,4,1.6753709530803462e-11,9.214318197336979e-11,-1.3427364875539346e-05,-1.158174270216318e-05,-2.481056929636102e-10
20340.0,1.3896528126829268,2.033239861109456,2.033239861109456,0.5979973085214546,1.3475144250699314,4,1.677169514380239e-11,1.1010570233338512e-10,-1.3364636721369004e-05,-1.150614854105418e-05,-2.4648704383563e-10
20400.0,1.3888529719963867,2.0293768106898584,2.0293768106898584,0.5965346804523073,1.344594958464734,4,1.6797119251066306e-11,9.566747394273989e-11,-1.3298334944795668e-05,-1.1427644340616288e-05,-2.448617419566691e-10
20460.0,1.3880572201987353,2.02551160626723,2.02551160626723,0.595072434212833,1.341677846865053,4,1.6817769399324334e-11,9.305267667514272e-11,-1.322845954581966e-05,-1.1346238014534537e-05,-2.4322569616479205e-10
20520.0,1.3872657717073176,2.02164436760881,2.02164436760881,0.5936101614707499,1.3387628896692014,4,1.6841750216656237e-11,8.731149137020111e-11,-1.315501052444033e-05,-1.1261938288864017e-05,-2.415755605561375e-10
20580.0,1.386478840939476,2.0177752133231057,2.0177752133231057,0.5921474776392481,1.3358498906352303,4,1.6872947483648204e-11,9.214318197336979e-11,-1.3077987880658331e-05,-1.1174754630556447e-05,-2.3990855466839955e-10
20640.0,1.3856966423125567,2.013904260844291,2.013904260844291,0.5906840185998143,1.3329386577118627,4,1.6893819676511157e-11,9.771383702172898e-11,-1.2997391614473439e-05,-1.1084697198614397e-05,-2.382223372821303e-10
20700.0,1.3849193902439025,2.0100316264172218,2.0100316264172218,0.5892194381314905,1.330029002892238,4,1.691957685068246e-11,9.92486093309708e-11,-1.2913221725885661e-05,-1.0991776816784038e-05,-2.3651491490195316e-10
20760.0,1.384147299150858,2.006157425083358,2.006157425083358,0.5877534058568568,1.3271207420856983,4,1.6939116775915863e-11,1.0737721822806634e-10,-1.2825478214894999e-05,-1.0896004943889846e-05,-2.347845744160143e-10
20820.0,1.3833805834507682,2.0022817706674974,2.0022817706674974,0.5862856055749135,1.3242136950040497,4,1.696009999108128e-11,1.0021494745160453e-10,-1.2734161081501447e-05,-1.0797393650576137e-05,-2.330298318392132e-10
20880.0,1.382619457560976,1.998404775765695,1.998404775765695,0.584815733888457,1.3213076850596475,4,1.6976753336450656e-11,9.595169103704393e-11,-1.2639270325705006e-05,-1.0695955625269907e-05,-2.3124939321379104e-10
20940.0,1.381864135898826,1.9945265517343755,1.9945265517343755,0.5833434990604136,1.3184025392732304,4,1.6997736551616072e-11,8.708411769475788e-11,-1.2540805947505675e-05,-1.0591704147438607e-05,-2.2944212383127718e-10
21000.0,1.3811148328816623,1.9906472086807934,1.9906472086807934,0.5818686200497089,1.3154980881899185,4,1.7014167852380524e-11,9.549694368615746e-11,-1.2438767946903458e-05,-1.0484653087724312e-05,-2.2760702383227542e-10
21060.0,1.3803717629268293,1.9867668554550593,1.9867668554550593,0.5803908256913549,1.312594165802088,4,1.7030488130842514e-11,1.0982148523908108e-10,-1.2333156323898462e-05,-1.037481691406117e-05,-2.2574320876303465e-10
21120.0,1.3796351404516713,1.982885599643556,1.982885599643556,0.5789098539915949,1.3096906094781129,4,1.7033041643799152e-11,8.213874025386758e-11,-1.222397107849036e-05,-1.0262210677401256e-05,-2.2384989386229936e-10
21180.0,1.3789051798735321,1.9790035475641699,1.9790035475641699,0.5774254515177817,1.306787259896157,4,1.704569818627988e-11,8.941469786805101e-11,-1.211121221067948e-05,-1.014685003115486e-05,-2.21926380755375e-10
21240.0,1.3781820956097561,1.9751208042631112,1.9751208042631112,0.5759373728660131,1.3038839609823196,4,1.7050361122983304e-11,1.064108801074326e-10,-1.1994879720465712e-05,-1.0028751211610664e-05,-2.1997204712779053e-10
21300.0,1.377466102077688,1.9712374735134872,1.9712374735134872,0.5744453801933989,1.3009805598525952,4,1.7056023260408892e-11,9.350742402602918e-11,-1.1874973607849051e-05,-9.907931060127866e-06,-2.1798633737024293e-10
21360.0,1.3767574136946705,1.9673536578156017,1.9673536578156017,0.5729492428043056,1.2980769067581719,4,1.704969498916853e-11,1.0447820386616513e-10,-1.1751493872829517e-05,-9.784407013495295e-06,-2.159687552700794e-10
21420.0,1.3760562448780487,1.9634694583990204,1.9634694583990204,0.5714487367823551,1.2951728550336705,4,1.704891783305129e-11,8.36735125631094e-11,-1.1624440515406968e-05,-9.658197119877964e-06,-2.1391885748130856e-10
21480.0,1.3753628100451671,1.9595849752262462,1.9595849752262462,0.5699436446613317,1.2922682610480078,4,1.704314467332324e-11,8.105871529551223e-11,-1.1493813535581598e-05,-9.529320030707836e-06,-2.1183624816171724e-10
21540.0,1.3746773236133698,1.9557003069981453,1.9557003069981453,0.568433755129005,1.289362984157584,4,1.702860075170065e-11,8.247980076703243e-11,-1.1359612933353418e-05,-9.39779501606808e-06,-2.0972057424287968e-10
21600.0,1.374,1.9518155511608042,1.9518155511608042,0.566918862759709,1.286456886661565,4,1.7010726161004186e-11,1.0084022505907342e-10,-1.122183870872226e-05,-9.26364196962657e-06,-2.0757152132464175e-10
21660.0,1.3733321485387828,1.9479308039139016,1.9479308039139016,0.565396306967828,1.2835486956449502,4,1.6990742146560933e-11,8.378719940083101e-11,-1.1046704668082722e-05,-9.099008783432602e-06,-2.0529764859701625e-10
21720.0,1.3726745383432213,1.9440461602206027,1.9440461602206027,0.5638650254854722,1.2806377318167645,4,1.6962098392525604e-11,9.453060556552373e-11,-1.0880817317317322e-05,-8.942384208877939e-06,-2.0296140528986915e-10
21780.0,1.3720265735003296,1.9401617138187,1.9401617138187,0.5623268387816108,1.2777247360691253,4,1.6923684675873574e-11,9.254108590539545e-11,-1.0724861849654497e-05,-8.794324160081005e-06,-2.0061488598388206e-10
21840.0,1.3713876580971218,1.936277557232717,1.936277557232717,0.5607833346668426,1.274810432620853,4,1.6877499398049167e-11,1.078319655789528e-10,-1.0578838265094274e-05,-8.654810055334336e-06,-1.9828168754524573e-10
21900.0,1.370757196220611,1.9323937817871752,1.9323937817871752,0.5592359623981983,1.271895530397,4,1.682642913891641e-11,9.742961992742494e-11,-1.0442746563636868e-05,-8.523818717325515e-06,-1.9597747932628985e-10
21960.0,1.3701345919578118,1.9285104776208057,1.9285104776208057,0.5576860697933439,1.2689807239457753,4,1.6781576128721554e-11,9.43032318900805e-11,-1.0316586745281902e-05,-8.401323306666408e-06,-1.937139386336572e-10
22020.0,1.3695192493957373,1.92462773370162,1.92462773370162,0.5561349239107708,1.2660666941334748,4,1.672983973577402e-11,8.196820999728516e-11,-1.0200358810029484e-05,-8.28729397071688e-06,-1.9150030650172285e-10
22080.0,1.3689105726214024,1.9207456378426526,1.9207456378426526,0.5545837243944939,1.2631541087054443,4,1.6688206372350578e-11,8.606093615526333e-11,-1.0094062757879831e-05,-8.181698317165034e-06,-1.8934417177458226e-10
22140.0,1.3683079657218196,1.916864276718356,1.916864276718356,0.553033612862264,1.2602436227565454,4,1.664113291610647e-11,1.0186340659856796e-10,-9.997698588832724e-06,-8.084501826279396e-06,-1.8725192515599793e-10
22200.0,1.3677108327840035,1.912983735881504,1.912983735881504,0.5514856799014115,1.2573358791361118,4,1.6596279905911615e-11,9.57811607804615e-11,-9.911266302888274e-06,-7.99566819057406e-06,-1.852290469511503e-10
22260.0,1.3671185778949682,1.9091040997805744,1.9091040997805744,0.5499409705013015,1.2544315088031794,4,1.656386139359256e-11,8.884626367944293e-11,-9.834765900046371e-06,-7.915159622941134e-06,-1.8328030203911674e-10
22320.0,1.3665306051417272,1.9052254517774154,1.9052254517774154,0.5484004884053504,1.2515311311426516,4,1.6533996394230144e-11,9.453060556552373e-11,-9.768197380307342e-06,-7.842937138373342e-06,-1.8140987830103097e-10
22380.0,1.3659463186112946,1.9013478741652357,1.9013478741652357,0.5468651996832152,1.2486353542499853,4,1.654087977698282e-11,9.123368727159686e-11,-9.711560743670317e-06,-7.778960798321253e-06,-1.7962148866351856e-10
22440.0,1.3653651223906835,1.89747144818684,1.89747144818684,0.545336035720759,1.2457447751899609,4,1.655453552018571e-11,9.089262675843202e-11,-9.664855990136382e-06,-7.723189962561639e-06,-1.779184490185813e-10
22500.0,1.3647864205669085,1.8935962540529692,1.8935962540529692,0.5438138957628801,1.2428599802337925,4,1.6562862192870398e-11,9.026734915096313e-11,-9.628083119705102e-06,-7.675583496292364e-06,-1.7630373882308703e-10
22560.0,1.364209617226983,1.8897223709607611,1.8897223709607611,0.5422996491060659,1.2399815450778704,4,1.6575407713048662e-11,1.007265382213518e-10,-9.601242132376263e-06,-7.636099988636612e-06,-1.7478004938806513e-10
22620.0,1.3636341164579213,1.885849877112348,1.885849877112348,0.5407941370098815,1.2371100350467616,4,1.6590173679276177e-11,9.612222129362635e-11,-9.584333028150079e-06,-7.604697942694934e-06,-1.7334982302486348e-10
22680.0,1.3630593223467373,1.881978849733349,1.881978849733349,0.5392981743804209,1.2342460052825905,4,1.660305226636183e-11,8.57767190609593e-11,-9.577355807026552e-06,-7.581335968239741e-06,-1.7201528540567168e-10
22740.0,1.362484638980444,1.8781093650915093,1.8781093650915093,0.5378125512654981,1.2313900009225227,4,1.661726312107703e-11,9.464429240324534e-11,-9.58031046900568e-06,-7.5659729597133795e-06,-1.707784721848666e-10
22800.0,1.361909470446056,1.8742414985152032,1.8742414985152032,0.5363380341927066,1.2285425572658126,4,1.6632029087304545e-11,8.748202162678353e-11,-9.593197014087464e-06,-7.5585682629344e-06,-1.6964125195524634e-10
22860.0,1.3613332208305868,1.8703753244119554,1.8703753244119554,0.5348753673747275,1.2257041999315996,4,1.6649792655698548e-11,9.839595804805867e-11,-9.616015442271576e-06,-7.5590818493417845e-06,-1.6860534516529358e-10
22920.0,1.3607552942210506,1.866510916286865,1.866510916286865,0.5334252738016165,1.2228754450084862,4,1.6669998714746725e-11,8.134293238981627e-11,-9.648765753558456e-06,-7.567474460747848e-06,-1.6767234102934126e-10
22980.0,1.3601750947044606,1.8626483467609543,1.8626483467609543,0.5319884562359585,1.220056799196764,4,1.6689982729189978e-11,8.958522812463343e-11,-9.691447947947992e-06,-7.583707773925079e-06,-1.6684371157169652e-10
23040.0,1.3595920263678314,1.8587876875894793,1.8587876875894793,0.5305655981238262,1.2172487599440354,4,1.6707413230676593e-11,8.327560863108374e-11,-9.744062025440075e-06,-7.60774453958329e-06,-1.661208242387495e-10
23100.0,1.3590054932981763,1.8549290096800846,1.8549290096800846,0.5291573644324776,1.2144518155748711,4,1.6728285423539546e-11,9.28821464185603e-11,-9.8066079860347e-06,-7.639548727154886e-06,-1.6550495276889427e-10
23160.0,1.3584148995825094,1.851072383110865,1.851072383110865,0.5277644024233785,1.211666445415061,4,1.674838046028526e-11,8.407141649513505e-11,-9.879085829732212e-06,-7.679085660648895e-06,-1.6499728687348008e-10
23220.0,1.3578196493078445,1.8472178771483847,1.8472178771483847,0.5263873423684057,1.208893119910952,4,1.6767365274006352e-11,7.980816008057445e-11,-9.9614955565322e-06,-7.726322154482358e-06,-1.6459894079623813e-10
23280.0,1.3572191465611956,1.8433655602655161,1.8433655602655161,0.5250267982154156,1.206132300744291,4,1.6787793377659455e-11,1.5143086784519255e-10,-1.0053837166434803e-05,-7.781226638256121e-06,-1.6431096077288899e-10
23340.0,1.3566127954295761,1.8395155001591639,1.8395155001591639,0.5236833682089314,1.2033844409429504,4,1.6819101666953884e-11,9.57243173616007e-11,-1.0156110659439976e-05,-7.843769288819874e-06,-1.6413433194049622e-10
23400.0,1.356,1.8356677637678473,1.8356677637678473,0.5223576354701639,1.2006499849878574,4,1.6875612018907304e-11,9.538325684843585e-11,-1.0268316035547782e-05,-7.913922145317507e-06,-1.6406998433525374e-10
23460.0,1.3553809124553127,1.8318224172893174,1.8318224172893174,0.5210485539453676,1.1979286259826987,4,1.694033802124295e-11,9.345058060716838e-11,-1.0363150811923065e-05,-7.970628812021434e-06,-1.6405520741773725e-10
23520.0,1.3547563995995997,1.8279795261978262,1.8279795261978262,0.5197538107169242,1.1952193617694986,4,1.7005064023578598e-11,8.930101103032939e-11,-1.0449738065843701e-05,-8.02094681954221e-06,-1.6405838605106748e-10
23580.0,1.3541269374517377,1.8241391552609814,1.8241391552609814,0.5184721047731322,1.1925215976493435,4,1.707445296261767e-11,9.282530299969949e-11,-1.052839167183061e-05,-8.065135203664031e-06,-1.6407183446373947e-10
23640.0,1.3534930020306022,1.8203013685567093,1.8203013685567093,0.5172022096282569,1.1898347517063463,4,1.7145396213891217e-11,9.981704351957887e-11,-1.0599111629883983e-05,-8.103213480944185e-06,-1.6408586297571335e-10
23700.0,1.3528550693550696,1.8164662294897695,1.8164662294897695,0.515942968228389,1.187158254251429,4,1.721212061767119e-11,8.310507837450132e-11,-1.0661897940003496e-05,-8.135200744678383e-06,-1.6409210988319226e-10
23760.0,1.3522136154440159,1.8126338008079266,1.8126338008079266,0.5146932840970257,1.1844915473277093,4,1.7281509556710262e-11,1.0459189070388675e-10,-1.071675060218958e-05,-8.161115717217985e-06,-1.640833960965454e-10
23820.0,1.3515691163163164,1.808804144617784,1.808804144617784,0.5134521139979698,1.1818340842764279,4,1.735467325403306e-11,9.708855941426009e-11,-1.0763669616441912e-05,-8.180976818397727e-06,-1.6405349091801632e-10
23880.0,1.3509220479908481,1.8049773224002017,1.8049773224002017,0.5122184620499978,1.1791853293517474,4,1.742528343839922e-11,9.384848453919403e-11,-1.0802654982760599e-05,-8.194802219916686e-06,-1.639969253495203e-10
23940.0,1.3502728864864864,1.8011533950251886,1.8011533950251886,0.5109913749550182,1.1765447573748382,4,1.7501111670981118e-11,8.782308213994838e-11,-1.0833706701145643e-05,-8.202609943857805e-06,-1.6390885183542336e-10
24000.0,1.349622107822108,1.797332422766367,1.797332422766367,0.5097699380652992,1.1739118534199866,4,1.756961243160049e-11,9.43032318900805e-11,-1.0856824771597257e-05,-8.204417930091825e-06,-1.6378493863552185e-10
24060.0,1.3489701880165879,1.7935144653147428,1.7935144653147428,0.5085532720904523,1.1712861125272678,4,1.7647439065626713e-11,9.868017514236271e-11,-1.0872009194114905e-05,-8.200244127292745e-06,-1.636212884243823e-10
24120.0,1.3483176030888033,1.7896995817919565,1.7896995817919565,0.5073405303013677,1.168667039437606,4,1.7721157874461824e-11,1.2539658200694248e-10,-1.0879259968698905e-05,-8.19010657947749e-06,-1.6341437525620814e-10
24180.0,1.3476648290576292,1.7858878307627384,1.7858878307627384,0.5061308961275935,1.1660541483469373,4,1.7794543616389547e-11,9.407585821463726e-11,-1.087857709534948e-05,-8.174023505267983e-06,-1.6316099383254258e-10
24240.0,1.347012341941942,1.7820792702467625,1.7820792702467625,0.5049235810704843,1.163446962676907,4,1.7871593094298532e-11,8.469669410260394e-11,-1.0869960574066192e-05,-8.152013393419118e-06,-1.6285821901949353e-10
24300.0,1.3463606177606178,1.7782739577296054,1.7782739577296054,0.5037178228747158,1.160845014859984,4,1.794253634557208e-11,8.458300726488233e-11,-1.0853410404849478e-05,-8.124095078815676e-06,-1.6250337247765298e-10
24360.0,1.3457101325325327,1.774471950172947,1.774471950172947,0.5025128839128341,1.1582478461372947,4,1.8013701641450552e-11,8.930101103032939e-11,-1.0828926587698686e-05,-8.090287834979374e-06,-1.6209399500927716e-10
24420.0,1.3450613622765624,1.7706733040238654,1.7706733040238654,0.5013080497483994,1.1556550063677489,4,1.8086199204958575e-11,8.452616384602152e-11,-1.0796509122614899e-05,-8.05061144863984e-06,-1.6162782343121652e-10
24480.0,1.3444147830115833,1.7668780752232447,1.7668780752232447,0.5001026278498354,1.1530660538472655,4,1.8155921210905035e-11,8.895995051716454e-11,-1.0756158009597035e-05,-8.0050863057164e-06,-1.6110277118881976e-10
24540.0,1.3437708707564708,1.763086319213241,1.763086319213241,0.4988959464325653,1.1504805551370867,4,1.8218537789493894e-11,9.873701856122352e-11,-1.0707873248645741e-05,-7.953733472311462e-06,-1.6051691138483463e-10
24600.0,1.3431301015301016,1.7592980909437912,1.7592980909437912,0.4976873534120661,1.1478980849003189,4,1.8289703085372366e-11,1.0180656317970715e-10,-1.0651654839760372e-05,-7.896574767967128e-06,-1.5986846253226078e-10
24660.0,1.3424929513513513,1.7555134448781258,1.7555134448781258,0.4964762154521864,1.1453182257459513,4,1.8348766950282425e-11,1.0032863428932615e-10,-1.058750278294179e-05,-7.833632848579548e-06,-1.5915577624595527e-10
24720.0,1.3418598962390962,1.7517324349972492,1.7517324349972492,0.49526191709706463,1.1427405680797096,4,1.8415380331759934e-11,8.708411769475788e-11,-1.051541707818935e-05,-7.76493127983099e-06,-1.583773261002317e-10
24780.0,1.341231412212212,1.7479551148035233,1.7479551148035233,0.49404385997608996,1.140164709961167,4,1.851752085002545e-11,8.50945980346296e-11,-1.0435397725503372e-05,-7.690494608387968e-06,-1.5753169834267922e-10
24840.0,1.3406079752895754,1.744181537323039,1.744181537323039,0.492821462073401,1.1375902569666323,4,1.8620327502105738e-11,9.583800419932231e-11,-1.0347444724883643e-05,-7.6103484355576995e-06,-1.566175833812697e-10
24900.0,1.3399900614900617,1.7404117551072118,1.7404117551072118,0.49159415705439546,1.1350168220573453,4,1.8724355399513115e-11,1.0913936421275139e-10,-1.025155807633048e-05,-7.524519493044303e-06,-1.556337682476173e-10
24960.0,1.3393781468325467,1.7366458202331574,1.7366458202331574,0.49036139364325515,1.1324440254526142,4,1.882433098288061e-11,9.379164112033322e-11,-1.0147737779843359e-05,-7.433035705713446e-06,-1.545791300672545e-10
25020.0,1.3387727073359075,1.7328837843033404,1.7328837843033404,0.489122635045711,1.1298714945075192,4,1.89253612781215e-11,9.526957001071423e-11,-1.0035983835422743e-05,-7.33592626013177e-06,-1.5345263000631103e-10
25080.0,1.338174219019019,1.7291256984441492,1.7291256984441492,0.48787735841274255,1.127298863594882,4,1.9026558106816083e-11,8.594724931754172e-11,-9.916296243068492e-06,-7.233221674566754e-06,-1.5225330788941375e-10
25140.0,1.3375831579007578,1.7253716133035748,1.7253716133035748,0.4866250543409457,1.1247257739912007,4,1.912486835564664e-11,8.276401786133647e-11,-9.788675002780596e-06,-7.1249538594184885e-06,-1.5098027740500355e-10
25200.0,1.337,1.7216215790481966,1.7216215790481966,0.4853652264059366,1.1221518737663045,4,1.921757197820284e-11,1.0265921446261927e-10,-9.653120114559038e-06,-7.011156181844765e-06,-1.4963272171103442e-10
25260.0,1.3364199833943835,1.7178756453588768,1.7178756453588768,0.4841082213976184,1.1195817686709468,4,1.9208079571342296e-11,9.589484761818312e-11,-9.681216551349909e-06,-7.016394789084699e-06,-1.486191000357867e-10
25320.0,1.3358383726495726,1.714133861425093,1.714133861425093,0.48286257092003193,1.1170199072969733,4,1.922412229404813e-11,9.038103598868474e-11,-9.703630877764194e-06,-7.017596660174451e-06,-1.4782967149439264e-10
25380.0,1.3352556835164833,1.710396275940869,1.710396275940869,0.481626119429808,1.1144657236698854,4,1.9257373473635653e-11,9.373479770147242e-11,-9.71744935558275e-06,-7.012652650650002e-06,-1.4713099035947465e-10
25440.0,1.3346724317460317,1.706662937099505,1.706662937099505,0.48039722664732576,1.1119186695357255,4,1.930222648383051e-11,8.566303222323768e-11,-9.722671984805357e-06,-7.001576453869146e-06,-1.4647675100613193e-10
25500.0,1.3340891330891333,1.7029338925874302,1.7029338925874302,0.47917449874607254,1.1093782116173845,4,1.9352353053392335e-11,9.015366231324151e-11,-9.719298765432178e-06,-6.984384699183912e-06,-1.4584045812900138e-10
25560.0,1.3335063032967034,1.6992091895777637,1.6992091895777637,0.47795669834350873,1.1068438300783405,4,1.9414581053922575e-11,8.969891496235505e-11,-9.707329697462999e-06,-6.961095855320334e-06,-1.4520436977199935e-10
25620.0,1.3329244581196582,1.6954888747235266,1.6954888747235266,0.47674269997769525,1.104315017483867,4,1.948274874763456e-11,9.089262675843202e-11,-9.686764780898144e-06,-6.931729768413171e-06,-1.445555455975384e-10
25680.0,1.3323441133089136,1.6917729941508755,1.6917729941508755,0.47553146407952196,1.1017912780292671,4,1.955602346725982e-11,8.805045581539162e-11,-9.657604015737394e-06,-6.896307448748748e-06,-1.4388402042514792e-10
25740.0,1.3317657846153845,1.688061593452135,1.688061593452135,0.47432202015324926,1.0992721269317602,4,1.9631407610631868e-11,9.129053069045767e-11,-9.619847401980752e-06,-6.854850972663415e-06,-1.4318182580465863e-10
25800.0,1.3311899877899878,1.6843547176789235,1.6843547176789235,0.4731134551421166,1.0967570899314647,4,1.9712065313370886e-11,8.833467290969566e-11,-9.573494939628217e-06,-6.807383448248838e-06,-1.4244241216180257e-10
25860.0,1.3306172385836386,1.680652411335385,1.680652411335385,0.47190490497010396,1.0942457028695358,4,1.9800161510374892e-11,8.049028110690415e-11,-9.518546628679786e-06,-6.753929026637583e-06,-1.416602826093e-10
25920.0,1.330048052747253,1.6769547183716824,1.6769547183716824,0.470695548154544,1.091737511323322,4,1.9887647084715354e-11,1.0447820386616513e-10,-9.455002469135573e-06,-6.6945129268811045e-06,-1.4083074797291372e-10
25980.0,1.3294829460317457,1.67326168217779,1.67326168217779,0.46948460083481,1.089232070285155,4,1.9976964527046448e-11,1.3886847227695398e-10,-9.382862460996007e-06,-6.629161480909367e-06,-1.399497560971049e-10
26040.0,1.3289224341880341,1.6695733455776371,1.6695733455776371,0.46827131280756107,1.0867289438754415,4,2.0068169348519405e-11,8.947154128691182e-11,-9.302126604260006e-06,-6.557902183751952e-06,-1.3901376863212654e-10
26100.0,1.328367032967033,1.6658897508237793,1.6658897508237793,0.4670549642988511,1.0842277050833744,4,2.015937416999236e-11,9.157474778476171e-11,-9.212794898928221e-06,-6.4807637565612695e-06,-1.380196695686529e-10
26160.0,1.327817258119658,1.662210939592544,1.662210939592544,0.4658348632915362,1.081727935530286,4,2.0251744725641174e-11,1.1021938917110674e-10,-9.114867345000866e-06,-6.39777620786262e-06,-1.3696469586874586e-10
26220.0,1.3272736253968254,1.658536952979871,1.658536952979871,0.46461034327944883,1.0792292252518794,4,2.0343227102870287e-11,8.787992555880919e-11,-9.008343942477293e-06,-6.308970891492387e-06,-1.3584638345024613e-10
26280.0,1.3267366505494507,1.6548678314977159,1.6548678314977159,0.46338076135576295,1.0767311724964186,4,2.0433599257074775e-11,9.112000043387525e-11,-8.893224691357936e-06,-6.214380584005952e-06,-1.3466252470145357e-10
26340.0,1.3262068493284493,1.6512036150712355,1.6512036150712355,0.46214549656821996,1.074233383536585,4,2.0523249766313256e-11,1.0544454198679887e-10,-8.769509591642794e-06,-6.114039543907878e-06,-1.3341113434813458e-10
26400.0,1.3256847374847376,1.6475443430366816,1.6475443430366816,0.4609039484895284,1.0717354724931385,4,2.060507320322813e-11,9.265477274311706e-11,-8.637198643331868e-06,-6.007983578488335e-06,-1.3209042166777098e-10
26460.0,1.3251708307692307,1.6438900541401142,1.6438900541401142,0.45965553596454534,1.0692370611688977,4,2.0688617485831173e-11,8.964207154349424e-11,-8.496291846425153e-06,-5.896250112251411e-06,-1.3069876767578634e-10
26520.0,1.3246656449328449,1.640240786536922,1.640240786536922,0.4583996960033511,1.0667377788917958,4,2.076216976121259e-11,9.271161616197787e-11,-8.346789200922549e-06,-5.778878251879409e-06,-1.292347061454964e-10
26580.0,1.3241696957264957,1.6365965777920564,1.6365965777920564,0.4571358827965678,1.064237262365996,4,2.083722083767725e-11,9.15179043659009e-11,-8.18869070682405e-06,-5.655908846199944e-06,-1.2769690753661185e-10
26640.0,1.323683498901099,1.6329574648812404,1.6329574648812404,0.45586356683393864,1.061735155530184,4,2.0902335418071516e-11,9.117684385273606e-11,-8.021996364129658e-06,-5.5273845596044734e-06,-1.2608416554816668e-10
26700.0,1.3232075702075703,1.6293234841927746,1.6293234841927746,0.4545822341109451,1.059231109422336,4,2.0960899682620493e-11,9.686118573881686e-11,-7.846706172839477e-06,-5.393349923875907e-06,-1.2439538534010164e-10
26760.0,1.3227424253968256,1.6256946715302432,1.6256946715302432,0.4532913854104807,1.0567247820502965,4,2.101369078744142e-11,8.105871529551223e-11,-7.662820132953412e-06,-5.253851402622746e-06,-1.2262957365437183e-10
26820.0,1.3222885802197801,1.6220710621158287,1.6220710621158287,0.4519905356500827,1.0542158382676587,4,2.1051826948337293e-11,8.714096111361869e-11,-7.470338244471552e-06,-5.108937452834455e-06,-1.2078583001205098e-10
26880.0,1.3218465504273504,1.618452690594363,1.618452690594363,0.45067921328542543,1.0517039496544578,4,2.108524466137851e-11,9.310952009400353e-11,-7.26926050739386e-06,-4.958658577080934e-06,-1.1886333899326136e-10
26940.0,1.3214168517704517,1.614839591037918,1.614839591037918,0.44935695976325646,1.0491887944022755,4,2.1105783787334076e-11,1.0555822882452048e-10,-7.059586921720273e-06,-4.803067383892385e-06,-1.168613637555189e-10
27000.0,1.321,1.611231796950973,1.611231796950973,0.4480233290180639,1.0466700572033938,4,2.1110224679432577e-11,1.0049916454590857e-10,-6.841317487450828e-06,-4.642218641201038e-06,-1.1477923978342407e-10
27060.0,1.3205957627557627,1.6076293412758573,1.6076293412758573,0.44667938014898617,1.0441481021277657,4,2.11015649398405e-11,8.554934538551606e-11,-6.642166896889136e-06,-4.494944666867166e-06,-1.1267558552320595e-10
27120.0,1.3202030872830872,1.6040322563986988,1.6040322563986988,0.44532754167038474,1.041624016090572,4,2.1081081325036166e-11,1.0476242096046917e-10,-6.45522914328468e-06,-4.3565153764295994e-06,-1.105860660676969e-10
27180.0,1.3198212587412586,1.6004405741559535,1.6004405741559535,0.44396937832409,1.0390985601120244,4,2.1056822951948106e-11,1.0390976967755705e-10,-6.280205401594276e-06,-4.226693064878867e-06,-1.0852139634328679e-10
27240.0,1.3194495622895623,1.596854325841068,1.596854325841068,0.44260636124377817,1.0365724790246915,4,2.1028900842878784e-11,1.0948042472591624e-10,-6.117095671817787e-06,-4.1054357417059304e-06,-1.0649264453637954e-10
27300.0,1.3190872830872833,1.5932735422114586,1.5932735422114586,0.44123987897406436,1.0340465021803449,4,2.099964646617991e-11,8.793676897767e-11,-5.965899953955542e-06,-3.992697920891176e-06,-1.0450904798966304e-10
27360.0,1.3187337062937066,1.5896982534957291,1.5896982534957291,0.4398712489499884,1.0315213440549342,4,2.0970614134085963e-11,9.458744898438454e-11,-5.826618248007214e-06,-3.8884311119916196e-06,-1.0257839669505836e-10
27420.0,1.318388117068117,1.5861284894010612,1.5861284894010612,0.4385017263927409,1.028997704769573,4,2.094185935774817e-11,8.020606401260011e-11,-5.699250553972803e-06,-3.7925842661766388e-06,-1.0070736715821462e-10
27480.0,1.3180498005698007,1.5825642791207755,1.5825642791207755,0.4371325112455396,1.02647627054656,4,2.0916268717030562e-11,9.413270163349807e-11,-5.583796871852417e-06,-3.7051041701063306e-06,-9.89017621531434e-11
27540.0,1.3177180419580419,1.5790056513420787,1.5790056513420787,0.4357647537100441,1.023957714114247,4,2.089628470258731e-11,9.453060556552373e-11,-5.480257201646166e-06,-3.6259358130211026e-06,-9.716668337712665e-11
27600.0,1.3173921263921264,1.5754526342538138,1.5754526342538138,0.4343995587661041,1.0214426950707733,4,2.0880686069091325e-11,9.271161616197787e-11,-5.38863154335383e-06,-3.555022717509842e-06,-9.550665894955695e-11
27660.0,1.317071339031339,1.5719052555545334,1.5719052555545334,0.43303798993323395,1.0189318602140345,4,2.0871748773743093e-11,8.776623872108757e-11,-5.308919896975631e-06,-3.4923072532698236e-06,-9.392574003542106e-11
27720.0,1.316754965034965,1.5683635424605196,1.5683635424605196,0.4316810724523037,1.01642584384352,4,2.0869250771937686e-11,9.583800419932231e-11,-5.2411222625111295e-06,-3.43773093049388e-06,-9.242757601894456e-11
27780.0,1.3164422895622896,1.56482752171404,1.56482752171404,0.4303297960137588,1.0139252680383544,4,2.0873636152884956e-11,1.5000978237367235e-10,-5.185238639960871e-06,-3.3912346691949193e-06,-9.101547409675369e-11
27840.0,1.3161325977725977,1.5612972195917316,1.5612972195917316,0.42898511712470494,1.0114307429150093,4,2.088712536263415e-11,1.0112444215337746e-10,-5.141269029324638e-06,-3.3527590706003933e-06,-8.969244708542072e-11
27900.0,1.315825174825175,1.5577726619131196,1.5577726619131196,0.4276479611834205,1.008942866867462,4,2.0908108577799567e-11,8.634515324956737e-11,-5.10921343060243e-06,-3.322244657578044e-06,-8.84612529923022e-11
27960.0,1.3155193058793058,1.5542538740493594,1.5542538740493594,0.42631922431358366,1.0064622267920722,4,2.0938417666371834e-11,1.007265382213518e-10,-5.089071843794031e-06,-3.2996321156031436e-06,-8.73244274344544e-11
28020.0,1.315214276094276,1.5507408809321541,1.5507408809321541,0.42499977499828684,1.0039893982990555,4,2.0976387293814014e-11,1.496118784416467e-10,-5.080844268899658e-06,-3.284862516527646e-06,-8.628431121230867e-11
28080.0,1.3149093706293706,1.5472337070628404,1.5472337070628404,0.42369045554589013,1.0015249459121272,4,2.1022683593940883e-11,9.214318197336979e-11,-5.084530705919744e-06,-3.2778775376002056e-06,-8.534307337136097e-11
28140.0,1.3146038746438746,1.5437323765218043,1.5437323765218043,0.4223920834130888,0.9990694232576447,4,2.1073864875376103e-11,9.941913958755322e-11,-5.100131154853421e-06,-3.278619667936597e-06,-8.450273107891176e-11
28200.0,1.3142970732970731,1.540236912978051,1.540236912978051,0.4211054524051923,0.9966233732443691,4,2.1136259409360036e-11,1.064108801074326e-10,-5.127645615701233e-06,-3.287032410984064e-06,-8.376516672243186e-11
28260.0,1.3139882517482517,1.5367473396991669,1.5367473396991669,0.4198313337708503,0.9941873282348158,4,2.1202928301988777e-11,8.304823495564051e-11,-5.16707408846296e-06,-3.3030604732043982e-06,-8.313214274449751e-11
28320.0,1.3136766951566952,1.5332636795614047,1.5332636795614047,0.4185704772046591,0.991761810209035,4,2.12789785791756e-11,9.100631359615363e-11,-5.218416573138824e-06,-3.326649953438836e-06,-8.2605314509062e-11
28380.0,1.3133616886816883,1.529785955060126,1.529785955060126,0.41732361176913446,0.9893473309215215,4,2.1361301616451556e-11,8.662937034387141e-11,-5.2816730697286036e-06,-3.3577485202285353e-06,-8.218624167234362e-11
28440.0,1.3130425174825175,1.526314188320602,1.526314188320602,0.41609144674552484,0.9869443920518994,4,2.1447732478918624e-11,8.856204658513889e-11,-5.356843578232517e-06,-3.396305580915775e-06,-8.187639816240898e-11
28500.0,1.3127184667184668,1.5228484011089833,1.5228484011089833,0.4148746724222023,0.9845534853499185,4,2.1537882588518187e-11,8.29913915367797e-11,-5.443928098650345e-06,-3.4422724601367396e-06,-8.167718095538732e-11
28560.0,1.3123888215488217,1.5193886148436033,1.5193886148436033,0.4136739608265299,0.9821750927752461,4,2.1629975588410844e-11,1.57513113663299e-10,-5.542926630982314e-06,-3.4956025490180383e-06,-8.158991794922403e-11
28620.0,1.312052867132867,1.5159348506065033,1.5159348506065033,0.4124899664070007,0.9798096866324719,4,2.172817481493894e-11,8.890310709830374e-11,-5.653839175228028e-06,-3.5562514687202413e-06,-8.161587487033437e-11
28680.0,1.3117098886298886,1.512487129155172,1.512487129155172,0.4113233266700938,0.9774577297017008,4,2.1823765017359165e-11,1.0879830369958654e-10,-5.776665731387938e-06,-3.624177220935861e-06,-8.175626158378723e-11
28740.0,1.311359171199171,1.5090454709345085,1.5090454709345085,0.41017466277699716,0.9751196753650576,4,2.1922574866550804e-11,9.674749890109524e-11,-5.911406299461871e-06,-3.6993403364744495e-06,-8.201223748170514e-11
28800.0,1.311,1.5056098960888586,1.5056098960888586,0.40904458010307204,0.9727959677293905,4,2.201600013407301e-11,1.6353851606254466e-10,-6.058060879449774e-06,-3.7817040165226336e-06,-8.238491660596077e-11
28860.0,1.310631402020202,1.5021804244743981,1.5021804244743981,0.40793415492233015,0.970487261767085,4,2.2105484109857798e-11,8.128608897095546e-11,-6.221223793490473e-06,-3.874097169141857e-06,-8.289032847258694e-11
28920.0,1.310253397979798,1.498757075671057,1.498757075671057,0.4068425008161668,0.9681933518597451,4,2.2204071914444512e-11,1.6183321349672042e-10,-6.3717423120090096e-06,-3.9583487681068885e-06,-8.346473558665566e-11
28980.0,1.3098667636363637,1.4953398689949322,1.4953398689949322,0.4057675460816171,0.9659134007145782,4,2.2309321057178977e-11,1.0129497240995988e-10,-6.5093315375982315e-06,-4.034326843028468e-06,-8.406851985680772e-11
29040.0,1.3094722747474747,1.4919288235105252,1.4919288235105252,0.4047074319939334,0.9636465910723786,4,2.2423118917203055e-11,9.544010026729666e-11,-6.633991470258081e-06,-4.102078569546576e-06,-8.467941771082115e-11
29100.0,1.309070707070707,1.488523958042571,1.488523958042571,0.4036604438311946,0.961392124388328,4,2.253369713045572e-11,1.730882104311604e-10,-6.745722109988835e-06,-4.161648945397978e-06,-8.528127478286543e-11
29160.0,1.3086628363636366,1.4851252911876838,1.4851252911876838,0.4026249787194389,0.9591492198599211,4,2.2654433884383707e-11,1.149373929365538e-10,-6.844523456790109e-06,-4.21308097478285e-06,-8.586135189921947e-11
29220.0,1.3082494383838383,1.48173284132557,1.48173284132557,0.4015995259901496,0.9569171136403916,4,2.2780610731132356e-11,9.424638847121969e-11,-6.930395510662123e-06,-4.25641592468946e-06,-8.640914139991448e-11
29280.0,1.307831288888889,1.4783466266298981,1.4783466266298981,0.4005826536845656,0.9546950581714614,4,2.2910284780408574e-11,9.14610609470401e-11,-7.003338271604984e-06,-4.2916935932005095e-06,-8.691572525129026e-11
29340.0,1.3074091636363634,1.4749666650786544,1.4749666650786544,0.3995729986132094,0.9524823216004169,4,2.3046731190135006e-11,9.163159120362252e-11,-7.063351739618367e-06,-4.318952587866045e-06,-8.737338302294772e-11
29400.0,1.3069838383838384,1.4715929744639162,1.4715929744639162,0.3985692586845818,0.9502781872604698,4,2.319344716283922e-11,9.481482265982777e-11,-7.110435914702596e-06,-4.338230590432448e-06,-8.777533320923368e-11
29460.0,1.3065560888888887,1.4682255724010504,1.4682255724010504,0.3975701867829041,0.9480819532006164,4,2.3342827670802535e-11,8.907363735488616e-11,-7.144590796857349e-06,-4.3495646310007225e-06,-8.811555248765649e-11
29520.0,1.306126690909091,1.4648644763371774,1.4648644763371774,0.3965745857561973,0.9458929317554533,4,2.349526129208357e-11,1.0794565241667442e-10,-7.165816386083164e-06,-4.352991342723909e-06,-8.83886439917632e-11
29580.0,1.3056964202020203,1.4615097035588838,1.4615097035588838,0.39558130423042326,0.9437104491480264,4,2.365685425331776e-11,1.5495515981456265e-10,-7.174112682379285e-06,-4.348547211800483e-06,-8.85897383707562e-11
29640.0,1.3052660525252526,1.4581612711991443,1.4581612711991443,0.3945892330569456,0.9415338451205275,4,2.3822110950533215e-11,9.691802915767767e-11,-7.169479685746361e-06,-4.336268827629788e-06,-8.871441736959837e-11
29700.0,1.3048363636363638,1.454819196243428,1.454819196243428,0.39359730225703393,0.9393624725888363,4,2.398964360494915e-11,9.57811607804615e-11,-7.15191739618396e-06,-4.3161931077945025e-06,-8.87586533431315e-11
29760.0,1.3044081292929293,1.4514834955347788,1.4514834955347788,0.3926044783639764,0.9371956973177538,4,2.4162449818732057e-11,1.0737721822806634e-10,-7.121425813692514e-06,-4.288357539636756e-06,-8.871876080806813e-11
29820.0,1.303982125252525,1.4481541857781208,1.4481541857781208,0.3916097620895663,0.93503289761441,4,2.4337976078925294e-11,9.93054527498316e-11,-7.078004938271807e-06,-4.252800391618542e-06,-8.85913566326547e-11
29880.0,1.3035591272727274,1.4448312835434762,1.4448312835434762,0.39061218625764543,0.9328734640377456,4,2.451561176286532e-11,1.0362555258325301e-10,-7.021654769921189e-06,-4.209560934689431e-06,-8.837332739551588e-11
29940.0,1.303139911111111,1.4415148052682745,1.4415148052682745,0.38961081396160285,0.9307167991223894,4,2.469485727019105e-11,1.1192469173693098e-10,-6.952375308641959e-06,-4.158679648937996e-06,-8.80618017384991e-11
30000.0,1.3027252525252524,1.4382047672586442,1.4382047672586442,0.3886047369103594,0.928562317115452,4,2.487404726636555e-11,8.355982572538778e-11,-6.870166554433252e-06,-4.100198422497784e-06,-8.765412711202028e-11
30060.0,1.302315927272727,1.4349011856896303,1.4349011856896303,0.38759307393599046,0.926409443725046,4,2.505412544095975e-11,9.36211108637508e-11,-6.775028507295173e-06,-4.034160752826641e-06,-8.714784986867783e-11
30120.0,1.3019127111111113,1.4316040766044802,1.4316040766044802,0.38657496963952553,0.9242576158794655,4,2.5229429656548064e-11,7.969447324285284e-11,-6.666961167227836e-06,-3.960611931416017e-06,-8.654069803645542e-11
30180.0,1.3015163797979796,1.4283134559128747,1.4283134559128747,0.3855495931568047,0.9221062814961276,4,2.5402457914935894e-11,9.708855941426009e-11,-6.545964534231237e-06,-3.879599235556989e-06,-8.583056641067737e-11
30240.0,1.301127709090909,1.425029339388153,1.425029339388153,0.38451613702919374,0.9199548992594807,4,2.5566770922580417e-11,1.0618350643198937e-10,-6.412038608305267e-06,-3.7911720987945165e-06,-8.501550341186897e-11
30300.0,1.3007474747474748,1.4217517426635615,1.4217517426635615,0.3834738161662512,0.9178029384071852,4,2.572747570539491e-11,1.3534418030758388e-10,-6.265183389450034e-06,-3.69538229220207e-06,-8.409369947801699e-11
30360.0,1.3003764525252526,1.4184806812275503,1.4184806812275503,0.3824218668888925,0.9156498785239617,4,2.587674519105576e-11,9.526957001071423e-11,-6.105398877665546e-06,-3.592284087656396e-06,-8.306347689133337e-11
30420.0,1.300015418181818,1.4152161704181667,1.4152161704181667,0.3813595460449718,0.9134952093425526,4,2.6017465959427e-11,1.135163074650336e-10,-5.932685072951791e-06,-3.4819344247936207e-06,-8.192328049673291e-11
30480.0,1.2996651474747474,1.41195822541655,1.41195822541655,0.3802861301884193,0.9113384305513006,4,2.61431987169658e-11,1.00669694802491e-10,-5.7470419753086695e-06,-3.364393067054969e-06,-8.067166943849748e-11
30540.0,1.2993264161616158,1.4087068612396005,1.4087068612396005,0.3792009148155775,0.9091790516079311,4,2.625266670719384e-11,9.29389898374211e-11,-5.54846958473626e-06,-3.2397227581863763e-06,-7.930730967811633e-11
30600.0,1.299,1.4054620927319297,1.4054620927319297,0.37810321365275673,0.9070165915591106,4,2.634453766248157e-11,9.794121069717221e-11,-5.336967901234573e-06,-3.107989365299738e-06,-7.782896720256418e-11
30660.0,1.2986844510288065,1.4022239345566818,1.4022239345566818,0.3769964712152537,0.904852375310091,4,2.639261031944784e-11,9.231371222995222e-11,-5.188873708276186e-06,-3.013637064717094e-06,-7.639771617783583e-11
30720.0,1.2983774353909465,1.3989924011856094,1.3989924011856094,0.3758850536815499,0.9026883977211106,4,2.643629759546684e-11,9.100631359615363e-11,-5.051106904435275e-06,-2.925667211238424e-06,-7.50226012895047e-11
30780.0,1.2980784,1.3957675068897444,1.3957675068897444,0.3747698873782827,0.9005251820777759,4,2.6478819137309983e-11,9.384848453919403e-11,-4.922558207590317e-06,-2.8434063655894933e-06,-7.368147908234989e-11
30840.0,1.2977867917695474,1.3925492657291079,1.3925492657291079,0.37365193550866826,0.8983632409713528,4,2.652145170145559e-11,9.833911462919787e-11,-4.803227617741151e-06,-2.766823007258325e-06,-7.237417621653155e-11
30900.0,1.297502057613169,1.389337691542134,1.389337691542134,0.3725321411378199,0.8962030763201579,4,2.655675679363867e-11,1.0186340659856796e-10,-4.693115134887883e-06,-2.695884138820059e-06,-7.110355108943346e-11
30960.0,1.2972236444444445,1.3861327979347824,1.3861327979347824,0.3714114162374335,0.8940451795928972,4,2.6600333047355207e-11,8.952838470577262e-11,-4.592220759030569e-06,-2.6305553778250347e-06,-6.987315338780925e-11
31020.0,1.2969509991769546,1.382934598269626,1.382934598269626,0.37029063959704656,0.8918900320730077,4,2.664113374351018e-11,8.094502845779061e-11,-4.500544490169099e-06,-2.5708011281312654e-06,-6.868659009892088e-11
31080.0,1.29668356872428,1.3797431056548177,1.3797431056548177,0.36917065738601496,0.8897381051251343,4,2.668476550837795e-11,8.566303222323768e-11,-4.418086328303582e-06,-2.5165847561523685e-06,-6.754731921783486e-11
31140.0,1.2964207999999997,1.3765583329332831,1.3765583329332831,0.3680522845901719,0.8875898604516137,4,2.6731783453470825e-11,9.99875737761613e-11,-4.344846273433911e-06,-2.467868769431017e-06,-6.645858403481795e-11
31200.0,1.2961621399176957,1.373380292672003,1.373380292672003,0.36693630670264615,0.885445750335232,4,2.6785240692106527e-11,1.0436451702844352e-10,-4.2808243255601935e-06,-2.4246149875758815e-06,-6.542339968879502e-11
31260.0,1.2959070353909463,1.370208997151694,1.370208997151694,0.36582348142886983,0.8833062178676052,4,2.6843527400899347e-11,9.78843672783114e-11,-4.226020484682211e-06,-2.3867847055931616e-06,-6.444456053780624e-11
31320.0,1.2956549333333334,1.3670444583567996,1.3670444583567996,0.36471454031171,0.8811716971636908,4,2.6902147176599556e-11,1.2602185961441137e-10,-4.1804347508001834e-06,-2.3543388485178734e-06,-6.352465523116427e-11
31380.0,1.2954052806584362,1.363886687966059,1.363886687966059,0.36361019024328994,0.8790426135633853,4,2.696803891311106e-11,1.0157918950426392e-10,-4.144067123914108e-06,-2.3272381227908606e-06,-6.266608416817972e-11
31440.0,1.2951575242798354,1.3607356973436335,1.3607356973436335,0.36251111485590853,0.8769193838212869,4,2.7043811634541726e-11,8.685674401931465e-11,-4.116917604023553e-06,-2.3054431555654385e-06,-6.18710769084999e-11
31500.0,1.2949111111111111,1.3575914975308843,1.3575914975308843,0.3614179757952116,0.8748024162856813,4,2.7121360712811793e-11,1.219291334564332e-10,-4.098986191129384e-06,-2.288914630809013e-06,-6.114170882705295e-11
31560.0,1.2946654880658435,1.3544540992389413,1.3544540992389413,0.3603314138843973,0.8726921110677449,4,2.720468295080991e-11,1.0271605788148008e-10,-4.090272885230952e-06,-2.2776134221388276e-06,-6.047991603236268e-11
31620.0,1.2944201020576132,1.3513235128420749,1.3513235128420749,0.35925205018879375,0.8705888602018786,4,2.7296720439551336e-11,9.964651326299645e-11,-4.090777686328039e-06,-2.271500707851028e-06,-5.988750904687179e-11
31680.0,1.2941744,1.3481997483718828,1.3481997483718828,0.358180486990711,0.8684930477979743,4,2.7396362956011444e-11,9.663381206337363e-11,-4.100500594421731e-06,-2.2705381010660963e-06,-5.9366185113166e-11
31740.0,1.2939278288065843,1.3450828155125207,1.3450828155125207,0.35711730868394187,0.866405050186356,4,2.7497504273554796e-11,9.538325684843585e-11,-4.119441609510725e-06,-2.274687753891678e-06,-5.891753906368308e-11
31800.0,1.2936798353909464,1.3419727235968386,1.3419727235968386,0.3560630825959976,0.8643252360560423,4,2.7607360841841455e-11,8.543565854779445e-11,-4.147600731595781e-06,-2.2839124736195225e-06,-5.854307305598022e-11
31860.0,1.2934298666666666,1.33886948160353,1.33886948160353,0.3550183597457999,0.8622539665869008,4,2.772015950114337e-11,9.78843672783114e-11,-4.184977960676681e-06,-2.2981758236240764e-06,-5.824420528796185e-11
31920.0,1.293177369547325,1.3357730981553304,1.3357730981553304,0.35398367554369214,0.8601915955762192,4,2.783656638527532e-11,9.873701856122352e-11,-4.231573296753536e-06,-2.317442229114898e-06,-5.802227777226571e-11
31980.0,1.2929217909465018,1.3326835815182918,1.3326835815182918,0.35295955043921173,0.8581384695601482,4,2.795891296258901e-11,8.560618880437687e-11,-4.2873867398261266e-06,-2.3416770702587288e-06,-5.787856319828847e-11
32040.0,1.2926625777777778,1.3296009396020452,1.3296009396020452,0.3519464905221518,0.8560949279304135,4,2.8078706026946065e-11,9.032419256982394e-11,-4.352418289894779e-06,-2.3708467801732217e-06,-5.7814271311614416e-11
32100.0,1.2923991769547327,1.326525179961159,1.326525179961159,0.35094498808152624,0.8540613030466837,4,2.8204327762182402e-11,9.526957001071423e-11,-4.426667946959274e-06,-2.4049189368883204e-06,-5.783055420945365e-11
32160.0,1.2921310353909465,1.3234563097975087,1.3234563097975087,0.3499555221262849,0.8520379203448989,4,2.83318368765606e-11,1.0822986951097846e-10,-4.51013571101962e-06,-2.4438623479693626e-06,-5.7928511508601875e-11
32220.0,1.2918576,1.3203943359635992,1.3203943359635992,0.3489785588714976,0.8500250984418667,4,2.8457236567192012e-11,8.969891496235505e-11,-4.602821582075858e-06,-2.487647137429383e-06,-5.810919478262247e-11
32280.0,1.2915783176954734,1.3173392649668758,1.3173392649668758,0.34801455219300487,0.8480231492363789,4,2.8582358702067268e-11,9.418954505235888e-11,-4.704725560128e-06,-2.5362448301674556e-06,-5.837361148816185e-11
32340.0,1.2912926353909464,1.3142911029748943,1.3142911029748943,0.34706394405337143,0.8460323780070924,4,2.8704594257078497e-11,1.1112888387287967e-10,-4.815847645176039e-06,-2.5896284288894506e-06,-5.872272864922517e-11
32400.0,1.291,1.311249855821296,1.311249855821296,0.346127164902112,0.8440530835073706,4,2.882477589949417e-11,1.0464873412274756e-10,-4.93618783721994e-06,-2.6477724951797253e-06,-5.915747597380753e-11
32460.0,1.2907000823045265,1.308215529012713,1.308215529012713,0.3452042288333568,0.8420853866428252,4,2.8949342922857113e-11,9.208633855450898e-11,-5.0556915866483685e-06,-2.7052674335305976e-06,-5.966035944846257e-11
32520.0,1.2903932510288065,1.3051881277361541,1.3051881277361541,0.3442939822472625,0.8401288749670869,4,2.90816259962412e-11,9.140421752817929e-11,-5.166939871970739e-06,-2.758158962022002e-06,-6.019545544160317e-11
32580.0,1.29008,1.3021676568670904,1.3021676568670904,0.3433952113447927,0.8381830519308928,4,2.9224400677207996e-11,1.3358203432289883e-10,-5.269957704618212e-06,-2.806486407146223e-06,-6.074508551746987e-11
32640.0,1.2897608230452675,1.299154120977973,1.299154120977973,0.3425068108735418,0.8362474328236932,4,2.9373559140566385e-11,1.0248868420603685e-10,-5.3647450845908454e-06,-2.8502768168169474e-06,-6.129738041984265e-11
32700.0,1.2894362139917694,1.2961475243471097,1.2961475243471097,0.34162775566315023,0.8343215440562535,4,2.9531932455029164e-11,8.913048077374697e-11,-5.451302011888419e-06,-2.889556277621181e-06,-6.184326663596993e-11
32760.0,1.289106666666667,1.2931478709678428,1.2931478709678428,0.34075708487679246,0.832404922601925,4,2.9696134440371225e-11,9.86233317235019e-11,-5.529628486511261e-06,-2.9243499773431276e-06,-6.237538980596647e-11
32820.0,1.2887726748971193,1.2901551645578524,1.2901551645578524,0.33989389168031514,0.8304971155333247,4,2.986755287537335e-11,9.509903975413181e-11,-5.599724508459152e-06,-2.9546823071440923e-06,-6.28875785146677e-11
32880.0,1.2884347325102883,1.2871694085686844,1.2871694085686844,0.3390373158443034,0.8285976796240986,4,3.00454106039183e-11,1.6939338820520788e-10,-5.661590077732094e-06,-2.980576953345168e-06,-6.33745321073403e-11
32940.0,1.2880933333333333,1.2841906061951949,1.2841906061951949,0.33818653814552163,0.8267061809984263,4,3.023004069291346e-11,9.117684385273606e-11,-5.715225194330086e-06,-3.0020570087372722e-06,-6.383162043489388e-11
33000.0,1.2877489711934158,1.2812187603849494,1.2812187603849494,0.3373407759636723,0.8248221948172242,4,3.0424385233374096e-11,8.566303222323768e-11,-5.760629858253237e-06,-3.019145069749893e-06,-6.425474727744164e-11
33060.0,1.2874021399176954,1.278253873847512,1.278253873847512,0.3364992797181857,0.8229453049935845,4,3.062416986665539e-11,1.0629719326971099e-10,-5.797804069501762e-06,-3.0318633349251073e-06,-6.464025221105995e-11
33120.0,1.2870533333333334,1.2752959490635067,1.2752959490635067,0.3356613299202714,0.8210751039320976,4,3.083200361686522e-11,1.0021494745160453e-10,-5.826747828074905e-06,-3.0402337066093744e-06,-6.49848376849485e-11
33180.0,1.2867030452674897,1.2723449882932865,1.2723449882932865,0.33482623469080397,0.8192111922881057,4,3.104605461601295e-11,1.1652900866465643e-10,-5.84746113397353e-06,-3.0442778846773795e-06,-6.528551339833831e-11
33240.0,1.2863517695473252,1.2694009935853434,1.2694009935853434,0.33399332763981343,0.8173531787438816,4,3.126626735294735e-11,8.827782949083485e-11,-5.859943987197207e-06,-3.0440174569388553e-06,-6.553955249716234e-11
33300.0,1.2859999999999998,1.266463966784252,1.266463966784252,0.3331619660328311,0.8155006797993534,4,3.149169813809749e-11,9.305267667514272e-11,-5.864196387745716e-06,-3.0394739899685405e-06,-6.574445682635515e-11
33360.0,1.2856482304526746,1.2635339095381097,1.2635339095381097,0.3323315291891698,0.8136533195755125,4,3.172523355132739e-11,9.771383702172898e-11,-5.860218335619493e-06,-3.030669116967674e-06,-6.589792851226814e-11
33420.0,1.2852969547325102,1.260610823305494,1.260610823305494,0.33150141707006925,0.8118107296289674,4,3.196448661313411e-11,9.22000253922306e-11,-5.848009830818536e-06,-3.0176246171517853e-06,-6.599784672905873e-11
33480.0,1.2849466666666667,1.25769470936179,1.25769470936179,0.3306710490246927,0.8099725487763925,4,3.221028999078612e-11,9.305267667514272e-11,-5.8275708733424135e-06,-3.0003625037075445e-06,-6.604224813805264e-11
33540.0,1.2845978600823045,1.254785568804977,1.254785568804977,0.32983986266870463,0.808138422927822,4,3.24578142141263e-11,9.57243173616007e-11,-5.798901463191774e-06,-2.978905097796906e-06,-6.602931061454686e-11
33600.0,1.2842510288065843,1.2518834025607661,1.2518834025607661,0.32900731287540697,0.8063080049279006,4,3.271050097453099e-11,7.855760486563668e-11,-5.76200160036586e-06,-2.9532751055906623e-06,-6.595733914717285e-11
33660.0,1.2839066666666665,1.2489882113870354,1.2489882113870354,0.32817287086297675,0.8044809544043512,4,3.2972624630644987e-11,9.634959496906959e-11,-5.716871284865103e-06,-2.9234956957416546e-06,-6.58247538299074e-11
33720.0,1.2835652674897118,1.2460999958776615,1.2460999958776615,0.32733602336494116,0.8026569376229897,4,3.323302744107082e-11,1.1141310096718371e-10,-5.6635105166895065e-06,-2.8895905675472227e-06,-6.563007961993559e-11
33780.0,1.2832273251028805,1.2432187564656263,1.2432187564656263,0.3264962718727244,0.8008356273487527,4,3.349720500978037e-11,1.6274270819849335e-10,-5.601919295839177e-06,-2.8515840236138025e-06,-6.537193703847308e-11
33840.0,1.2828933333333332,1.2403444934255174,1.2403444934255174,0.32565313194124834,0.799016702712222,4,3.376277035727071e-11,1.4313172869151458e-10,-5.53209762231368e-06,-2.8095010353260547e-06,-6.504903431003566e-11
33900.0,1.2825637860082306,1.2374772068751831,1.2374772068751831,0.3248061325498677,0.7971998490812388,4,3.403016757275168e-11,8.810729923425242e-11,-5.454045496113448e-06,-2.763367312446247e-06,-6.46601602293366e-11
33960.0,1.2822391769547328,1.2346168967768885,1.2346168967768885,0.32395481551246297,0.7953847579372065,4,3.430150607997007e-11,1.014086592476815e-10,-5.367762917238163e-06,-2.71320936326861e-06,-6.420417790176606e-11
34020.0,1.28192,1.2317635629377481,1.2317635629377481,0.323098734930886,0.7935711267557597,4,3.456734898321656e-11,9.043787940754555e-11,-5.273249885688139e-06,-2.6590545601395715e-06,-6.368001912801269e-11
34080.0,1.2816067489711935,1.2289172050095252,1.2289172050095252,0.32223745668735587,0.7917586588914831,4,3.4833580464521674e-11,9.094947017729282e-11,-5.170506401463224e-06,-2.600931194667174e-06,-6.308667927419382e-11
34140.0,1.2812999176954731,1.2260778224878253,1.2260778224878253,0.3213705579712783,0.7899470634664179,4,3.509720292171892e-11,9.390532795805484e-11,-5.059532464563331e-06,-2.538868544061645e-06,-6.242321266097872e-11
34200.0,1.281,1.2232454147107477,1.2232454147107477,0.3204976268375584,0.7881360552621088,4,3.5356162442212735e-11,9.816858437261544e-11,-4.940328074988573e-06,-2.472896920835684e-06,-6.168872845534645e-11
34260.0,1.2807050732510286,1.220419980856657,1.220419980856657,0.3196224795141138,0.7863271040677599,4,3.549760485554998e-11,8.526512829121202e-11,-4.893585916780986e-06,-2.4433743393292997e-06,-6.105537535196077e-11
34320.0,1.2804128329218107,1.2176015199410917,1.2176015199410917,0.31874883534542764,0.7845219071658402,4,3.565653328152507e-11,8.424194675171748e-11,-4.849448742569725e-06,-2.4152686125293783e-06,-6.04984168239556e-11
34380.0,1.2801231999999998,1.214790030814701,1.214790030814701,0.3178765185621369,0.7827205259224369,4,3.58251206478144e-11,1.1220890883123502e-10,-4.806628440786461e-06,-2.387929902125831e-06,-5.997465074717031e-11
34440.0,1.279836095473251,1.2119855121602467,1.2119855121602467,0.3170055051372406,0.7809230219143082,4,3.599553988209436e-11,1.454054654459469e-10,-4.76512501143122e-06,-2.3613532075581855e-06,-5.947242279613065e-11
34500.0,1.279551440329218,1.2091879624891118,1.2091879624891118,0.31613582691734826,0.7791294562120614,4,3.617056654192652e-11,8.407141649513505e-11,-4.72493845450384e-06,-2.33553394681959e-06,-5.898637035040217e-11
34560.0,1.2792691555555558,1.2063973801375967,1.2063973801375967,0.31526754319617994,0.7773398890706765,4,3.634897938198378e-11,9.583800419932231e-11,-4.686068770004591e-06,-2.310467725819809e-06,-5.851362196350264e-11
34620.0,1.2789891621399176,1.2036137632630084,1.2036137632630084,0.3144007281499276,0.7755543797698222,4,3.653027880190507e-11,9.947598300641403e-11,-4.648515957933366e-06,-2.2861502432849608e-06,-5.805252915941836e-11
34680.0,1.278711381069959,1.2008371098396275,1.2008371098396275,0.31353546428938106,0.7737729865261727,4,3.67104124876505e-11,9.811174095375463e-11,-4.612280018289947e-06,-2.2625772395727233e-06,-5.760211906884922e-11
34740.0,1.2784357333333334,1.198067417654544,1.198067417654544,0.31267183870698645,0.7719957664451009,4,3.6891600885269327e-11,9.305267667514272e-11,-4.5773609510745515e-06,-2.2397444734473026e-06,-5.7161820544334555e-11
34800.0,1.2781621399176957,1.1953046843036441,1.1953046843036441,0.3118099407901188,0.7702227754956563,4,3.707922857643098e-11,1.078319655789528e-10,-4.543758756287179e-06,-2.2176477009836225e-06,-5.673131367905319e-11
34860.0,1.2778905218106993,1.1925489071875328,1.1925489071875328,0.3109498607686966,0.7684540685000321,4,3.726385866542614e-11,1.099351720768027e-10,-4.511473433927722e-06,-2.1962826721917965e-06,-5.631044124304368e-11
34920.0,1.2776208,1.1898000835075841,1.1898000835075841,0.3100916887671075,0.7666896991323763,4,3.74513198231341e-11,1.5637624528608285e-10,-4.480504983996396e-06,-2.175645122016285e-06,-5.589915372167161e-11
34980.0,1.277352895473251,1.1870582102622536,1.1870582102622536,0.30923551417427275,0.764929719923748,4,3.763983569271545e-11,9.231371222995222e-11,-4.450853406492986e-06,-2.155730772665412e-06,-5.549747407972071e-11
35040.0,1.277086729218107,1.1843232842435367,1.1843232842435367,0.30838142522214324,0.7631741822711917,4,3.783034996374113e-11,1.007265382213518e-10,-4.4225187014172725e-06,-2.136535330448801e-06,-5.51054743169238e-11
35100.0,1.276822222222222,1.181595302033755,1.181595302033755,0.3075295087034902,0.7614231364495663,4,3.801886583332248e-11,1.0868461686186492e-10,-4.395500868769909e-06,-2.1180544871023934e-06,-5.472325967749514e-11
35160.0,1.2765592954732508,1.1788742600026598,1.1788742600026598,0.30667984978588525,0.7596766316252073,4,3.8212377706514644e-11,9.879386198008433e-11,-4.36979990855046e-06,-2.1002839225226557e-06,-5.4350957500026985e-11
35220.0,1.2762978699588476,1.176160154304895,1.176160154304895,0.3058325318922251,0.7579347158707952,4,3.840733286963882e-11,7.668177204323001e-11,-4.3454158207591416e-06,-2.0832193021438547e-06,-5.398870960941315e-11
35280.0,1.2760378666666667,1.173452980877888,1.173452980877888,0.304987636628574,0.7561974361809776,4,3.860134434319207e-11,8.08881850389298e-11,-4.322348605395522e-06,-2.0668562867657268e-06,-5.3636666852242437e-11
35340.0,1.275779206584362,1.170752735440148,1.170752735440148,0.3041452437455421,0.7544648384884354,4,3.879663257322363e-11,1.0049916454590857e-10,-4.300598262460034e-06,-2.0511905254735424e-06,-5.3294985112885034e-11
35400.0,1.2755218106995885,1.1680594134900786,1.1680594134900786,0.3033054311237862,0.7527369676801585,4,3.899508493887538e-11,1.7024603948812e-10,-4.2801647919524614e-06,-2.036217665206638e-06,-5.296382252860702e-11
35460.0,1.2752656,1.1653730103052566,1.1653730103052566,0.30246827477668836,0.7510138676137822,4,3.919409241603944e-11,1.687112671788782e-10,-4.261048193872802e-06,-2.0219333503236912e-06,-5.2643337508730855e-11
35520.0,1.2750104954732508,1.162693520942232,1.162693520942232,0.3016338488656474,0.7492955811338506,4,3.9395597895008905e-11,8.890310709830374e-11,-4.243248468221168e-06,-2.008333225410669e-06,-5.233368725529237e-11
35580.0,1.274756418106996,1.1600209402368142,1.1600209402368142,0.3008022257239891,0.747582150087941,4,3.959754746318822e-11,8.57767190609593e-11,-4.226765614997773e-06,-1.995412935620346e-06,-5.203502672825764e-11
35640.0,1.274503288888889,1.1573552628049468,1.1573552628049468,0.2999734758871504,0.7458736153425806,4,3.980182849971925e-11,1.0271605788148008e-10,-4.211599634202185e-06,-1.983168133986793e-06,-5.174750797009363e-11
35700.0,1.2742510288065843,1.1546964830439992,1.1546964830439992,0.29914766812727167,0.7441700167989165,4,4.000577646934289e-11,1.0061285138363019e-10,-4.197750525834402e-06,-1.971594480440093e-06,-5.1471279577563766e-11
35760.0,1.2739995588477366,1.1520445951347356,1.1520445951347356,0.29832486949045667,0.7424713934081109,4,4.021261101883056e-11,1.638227331568487e-10,-4.185218289894754e-06,-1.960687642299874e-06,-5.1206486413207293e-11
35820.0,1.2737488,1.1493995930435832,1.1493995930435832,0.2975051453359444,0.7407777831864448,4,4.041933454601576e-11,9.174527804134414e-11,-4.174002926383179e-06,-1.950443302041539e-06,-5.095326932092153e-11
35880.0,1.2734986732510285,1.1467614705255276,1.1467614705255276,0.2966885593761158,0.7390892232301196,4,4.0628611586157604e-11,9.868017514236271e-11,-4.164104435299523e-06,-1.9408571537443974e-06,-5.071176519319509e-11
35940.0,1.273249099588477,1.144130221127392,1.144130221127392,0.29587517371692645,0.7374057497297473,4,4.084027560580239e-11,9.919176591210999e-11,-4.155522816643781e-06,-1.9319249086925683e-06,-5.048210680148955e-11
36000.0,1.273,1.1415058381915286,1.1415058381915286,0.29506504889838503,0.7357273979845336,4,4.105077389127132e-11,1.439275365555659e-10,-4.148258070416064e-06,-1.923642297118556e-06,-5.026442287911631e-11
36060.0,1.272751552516619,1.1388883148599624,1.1388883148599624,0.2942578048010399,0.7340540259888508,4,4.128258845881305e-11,1.035687091643922e-10,-4.133638456262496e-06,-1.9119906417048194e-06,-5.004023940882332e-11
36120.0,1.2725039984805318,1.1362776440788946,1.1362776440788946,0.2934530353178576,0.732385453089865,4,4.1514902626715866e-11,1.1050360626541078e-10,-4.118619146354296e-06,-1.9002020058897636e-06,-4.98109175799419e-11
36180.0,1.2722573538461537,1.1336738186033506,1.1336738186033506,0.29265072563143096,0.7307216560408294,4,4.174771639497976e-11,1.0021494745160453e-10,-4.10333392951347e-06,-1.888338957981806e-06,-4.958034646184893e-11
36240.0,1.2720116345679011,1.1310768310021666,1.1310768310021666,0.291850848609464,0.7290626118181897,4,4.198158487511705e-11,1.0606981959426776e-10,-4.087782805740155e-06,-1.87640210881568e-06,-4.934933693493435e-11
36300.0,1.27176685660019,1.1284866736632129,1.1284866736632129,0.29105337383284324,0.7274082976725549,4,4.221722971209374e-11,1.709281605144497e-10,-4.07196577503424e-06,-1.864392051354781e-06,-4.9118143380476975e-11
36360.0,1.2715230358974359,1.1259033387987956,1.1259033387987956,0.29025827001591004,0.7257586911430289,4,4.24581481084374e-11,1.1175416148034856e-10,-4.055882837395781e-06,-1.8523093677132863e-06,-4.8886821169814666e-11
36420.0,1.271280188414055,1.1233268184511325,1.1233268184511325,0.2894655059593478,0.7241137700594528,4,4.2697179125639195e-11,9.566747394273989e-11,-4.039533992824615e-06,-1.8401546398659718e-06,-4.8655339606288125e-11
36480.0,1.2710383301044639,1.120757104498048,1.120757104498048,0.2886750509779302,0.7224735125395427,4,4.293893018925132e-11,1.7280399333685637e-10,-4.0229192413209584e-06,-1.8279284522256455e-06,-4.842362775766428e-11
36540.0,1.2707974769230765,1.1181941886586024,1.1181941886586024,0.28788687509971583,0.7208378969836813,4,4.318562174532303e-11,1.1465317584224977e-10,-4.006038582884811e-06,-1.8156313937486542e-06,-4.819159593231257e-11
36600.0,1.2705576448243117,1.1156380624988347,1.1156380624988347,0.2871009491546066,0.7192069020686258,4,4.343309045751198e-11,1.0481926437932998e-10,-3.988892017515958e-06,-1.8032640533533975e-06,-4.795914643416753e-11
36660.0,1.270318849762583,1.1130887174374318,1.1130887174374318,0.2863172448052307,0.7175805067407628,4,4.3680392636247234e-11,8.924416761146858e-11,-3.971479545214613e-06,-1.7908270287508431e-06,-4.772617938316867e-11
36720.0,1.2700811076923078,1.1105461447514138,1.1105461447514138,0.2855357345470965,0.7159586902092603,4,4.393296837434946e-11,8.770939530222677e-11,-3.953801165980562e-06,-1.7783209180417564e-06,-4.749259572347149e-11
36780.0,1.2698444345679012,1.1080103355817066,1.1080103355817066,0.2847563916918564,0.7143414319392783,4,4.4187931091954624e-11,1.610374056326691e-10,-3.935856879814346e-06,-1.7657463254931876e-06,-4.725829902619829e-11
36840.0,1.2696088463437796,1.1054812809386665,1.1054812809386665,0.2839791903416962,0.7127287116453552,4,4.4444004032584417e-11,9.691802915767767e-11,-3.917646686715314e-06,-1.7531038589383783e-06,-4.7023196321409835e-11
36900.0,1.269374358974359,1.102958971707439,1.102958971707439,0.2832041053591137,0.7111205092850087,4,4.470152026314622e-11,9.92486093309708e-11,-3.899170586683467e-06,-1.7403941280158956e-06,-4.678719852058948e-11
36960.0,1.2691409884140552,1.1004433986532336,1.1004433986532336,0.2824311123350593,0.7095168050525809,4,4.496109040630358e-11,1.0362555258325301e-10,-3.8804285797192374e-06,-1.7276177492122157e-06,-4.655022056397397e-11
37020.0,1.268908750617284,1.0979345524264246,1.0979345524264246,0.28166018755647443,0.7079175793733357,4,4.522299201781266e-11,9.521272659185342e-11,-3.86142066582241e-06,-1.714775339613155e-06,-4.6312181427859125e-11
37080.0,1.2686776615384616,1.0954324235674686,1.0954324235674686,0.28089130797455497,0.7063228128978071,4,4.548794674263945e-11,1.0192025001742877e-10,-3.842146844992983e-06,-1.701867519787563e-06,-4.607300397520436e-11
37140.0,1.2684477371320038,1.092937002511692,1.092937002511692,0.2801244511741466,0.7047324864963906,4,4.57549553800618e-11,8.975575838121586e-11,-3.822607117231174e-06,-1.6888949150258069e-06,-4.583261481192829e-11
37200.0,1.2682189933523265,1.0904482795938457,1.0904482795938457,0.27935959534443805,0.7031465812541686,4,4.602440650813833e-11,1.0561507224338129e-10,-3.8028014825366584e-06,-1.6758581503360226e-06,-4.559094410220258e-11
37260.0,1.2679914461538462,1.0879662450525007,1.0879662450525007,0.2785967192511182,0.70156507846596,4,4.6293913147366084e-11,9.418954505235888e-11,-3.782729940909544e-06,-1.6627578557449076e-06,-4.5347925343723544e-11
37320.0,1.2677651114909783,1.0854908890342108,1.0854908890342108,0.2778358022102083,0.6999879596315778,4,4.65663618776091e-11,8.969891496235505e-11,-3.762392492349939e-06,-1.6495946627347483e-06,-4.5103495181470747e-11
37380.0,1.2675400053181385,1.083022201597504,1.083022201597504,0.2770768240632452,0.698415206451291,4,4.684141963195998e-11,1.1584688763832673e-10,-3.7417891368575195e-06,-1.6363692065559285e-06,-4.485759317866402e-11
37440.0,1.2673161435897438,1.0805601727166536,1.0805601727166536,0.2763197651541306,0.6968468008214701,4,4.7118864365813806e-11,8.617462299298495e-11,-3.720919874432718e-06,-1.623082120593462e-06,-4.461016165566838e-11
37500.0,1.267093542260209,1.0781047922852294,1.0781047922852294,0.2755646063072269,0.6952827248304067,4,4.73980299453558e-11,9.339373718830757e-11,-3.699784705075424e-06,-1.6097340459240924e-06,-4.4361145525325525e-11
37560.0,1.2668722172839506,1.0756560501194838,1.0756560501194838,0.2748113288068339,0.6937229607543061,4,4.768047068282044e-11,1.1675638234009966e-10,-3.6783836287854267e-06,-1.596325621020981e-06,-4.411049201647699e-11
37620.0,1.2666521846153849,1.0732139359615098,1.0732139359615098,0.27405991437797883,0.6921674910534263,4,4.796629760051019e-11,8.344613888766617e-11,-3.6567166455628807e-06,-1.582857487730655e-06,-4.3858150653503e-11
37680.0,1.2664334602089269,1.070778439482172,1.070778439482172,0.2733103451683563,0.6906162983683698,4,4.825090327287285e-11,8.498091119690798e-11,-3.6347837554077934e-06,-1.5693302906208607e-06,-4.360407301600336e-11
37740.0,1.2662160600189933,1.0683495502839342,1.0683495502839342,0.27256260373126107,0.6890693655165081,4,4.854067148230001e-11,1.1164047464262694e-10,-3.6125849583201067e-06,-1.5557446737807094e-06,-4.33482126052574e-11
37800.0,1.266,1.0659272579034003,1.0659272579034003,0.2718166730095711,0.6875266754885367,4,4.8831216847844416e-11,9.208633855450898e-11,-3.590120254299861e-06,-1.5421012845241025e-06,-4.309052473095978e-11
37860.0,1.2657861196581197,1.063511551813839,1.063511551813839,0.27107115585668273,0.6859876754385472,4,4.919953333626381e-11,8.998313205665909e-11,-3.5409691358024363e-06,-1.5170730027841759e-06,-4.2771686490278585e-11
37920.0,1.2655751111111109,1.0611024214276048,1.0611024214276048,0.2703251637344363,0.68445192547914,4,4.954309185123407e-11,1.7359980120090768e-10,-3.49475830959158e-06,-1.4934021970943893e-06,-4.241700318394248e-11
37980.0,1.2653667692307693,1.0586998560980077,1.0586998560980077,0.2695792456520657,0.6829195738666745,4,4.9870940710405876e-11,1.0771827874123119e-10,-3.4519662867996046e-06,-1.471286960580054e-06,-4.205078260229163e-11
38040.0,1.2651608888888892,1.0563038451210938,1.0563038451210938,0.26883384475936994,0.6813907640466704,4,5.018752080587774e-11,9.214318197336979e-11,-3.4125930674263757e-06,-1.450718716443925e-06,-4.16825206771936e-11
38100.0,1.264957264957265,1.05391437773749,1.05391437773749,0.2680893486250704,0.6798656352498288,4,5.049594076211861e-11,1.3369572116062045e-10,-3.3766386514719474e-06,-1.431688455628132e-06,-4.1318066631246884e-11
38160.0,1.2647556923076926,1.0515314431340224,1.0515314431340224,0.2673461072759483,0.678344322855419,4,5.0797310802153106e-11,9.026734915096313e-11,-3.3441030389363184e-06,-1.414186867642139e-06,-4.096156979235119e-11
38220.0,1.264555965811966,1.0491550304452355,1.0491550304452355,0.26660444259861293,0.6768269586520346,4,5.109196399288862e-11,1.191438059322536e-10,-3.3149862298195988e-06,-1.3982044321360712e-06,-4.0616204544113633e-11
38280.0,1.2643578803418805,1.0467851287548828,1.0467851287548828,0.2658646540848488,0.6753136710401466,4,5.1401383149851654e-11,9.754330676514655e-11,-3.289288224121571e-06,-1.383731465156325e-06,-4.028451790555394e-11
38340.0,1.2641612307692305,1.0444217270971514,1.0444217270971514,0.26512702269089844,0.6738045851972536,4,5.201189479109303e-11,1.0123812899109907e-10,-3.2670090218423436e-06,-1.3707581703477538e-06,-3.9968621913965524e-11
38400.0,1.2639658119658121,1.0420648144579634,1.0420648144579634,0.26439181359937713,0.6722998232170413,4,5.2579329778978945e-11,1.0174971976084635e-10,-3.2481486229820244e-06,-1.3592746705879218e-06,-3.967031083458188e-11
38460.0,1.2637714188034188,1.0397143797760289,1.0397143797760289,0.2636592782888887,0.6707995042294683,4,5.3104964869987725e-11,1.0169287634198554e-10,-3.2327070275401815e-06,-1.3492710420916199e-06,-3.9391137589682877e-11
38520.0,1.2635778461538463,1.0373704119439722,1.0373704119439722,0.26292965613928354,0.6693037445063075,4,5.359074295441246e-11,1.120383785746526e-10,-3.22068423551768e-06,-1.340737337129325e-06,-3.913246617643464e-11
38580.0,1.263384888888889,1.0350328998092884,1.0350328998092884,0.2622031757113625,0.6678126575552266,4,5.403560932037976e-11,8.827782949083485e-11,-3.2120802469135456e-06,-1.333663607264045e-06,-3.88955092217893e-11
38640.0,1.263192341880342,1.0327018321752397,1.0327018321752397,0.26148005578954786,0.6663263542046309,4,5.4434734497732506e-11,8.969891496235505e-11,-3.206895061728319e-06,-1.3280399287130034e-06,-3.868135561227625e-11
38700.0,1.2630000000000001,1.0303771978017668,1.0303771978017668,0.2607605062468468,0.66484494268091,4,5.478212328213772e-11,1.1732481652870774e-10,-3.2051286799620024e-06,-1.3238564151261335e-06,-3.849099146892016e-11
38760.0,1.2628076581196581,1.0280589854062687,1.0280589854062687,0.2600447287735202,0.6633685286793302,4,5.5095317197384475e-11,9.5042196335271e-11,-3.2067811016143783e-06,-1.3211032440898281e-06,-3.832531648497131e-11
38820.0,1.2626151111111112,1.025747183664414,1.025747183664414,0.2593329174985654,0.6618972154295424,4,5.5361437656387125e-11,8.986944521893747e-11,-3.2118523266856615e-06,-1.3197706636200565e-06,-3.8185156619170765e-11
38880.0,1.262422153846154,1.023441781210825,1.023441781210825,0.25862525952609594,0.6604311037564677,4,5.55796519918772e-11,9.532641342957504e-11,-3.2203423551756373e-06,-1.3198490175093648e-06,-3.80712744906975e-11
38940.0,1.2622285811965812,1.0211427666398387,1.0211427666398387,0.25792193540221026,0.6589702921371822,4,5.5754234562499505e-11,1.1544898370630108e-10,-3.232251187084521e-06,-1.3213287521812223e-06,-3.798437772681046e-11
39000.0,1.2620341880341879,1.0188501285061562,1.0188501285061562,0.2572231195253539,0.6575148767542981,4,5.5883520033717105e-11,1.1169731806148775e-10,-3.2475788224120977e-06,-1.3242004344178384e-06,-3.79251258349592e-11
39060.0,1.2618387692307693,1.0165638553255005,1.0165638553255005,0.2565289805092415,0.65606495154626,4,5.596351160264135e-11,1.6831336324685253e-10,-3.266325261158582e-06,-1.3284547641254031e-06,-3.789413593052657e-11
39120.0,1.2616421196581198,1.0142839355752717,1.0142839355752717,0.25583968150634406,0.6546206082549033,4,5.599853913906827e-11,1.0891199053730816e-10,-3.2884905033238676e-06,-1.3340825855355149e-06,-3.789198758228066e-11
39180.0,1.2614440341880342,1.0120103576951687,1.0120103576951687,0.2551553804975441,0.6531819364705627,4,5.598782548688064e-11,1.070930011337623e-10,-3.314074548907845e-06,-1.3410749010486808e-06,-3.791922686140409e-11
39240.0,1.2612443076923079,1.0097431100878203,1.0097431100878203,0.2544762305534388,0.6517490236749851,4,5.592798446585334e-11,1.730882104311604e-10,-3.3430773979107314e-06,-1.3494228786848248e-06,-3.797636976538642e-11
39300.0,1.2610427350427351,1.0074821811193875,1.0074821811193875,0.2538023800705475,0.6503219552822568,4,5.5820459365918396e-11,9.163159120362252e-11,-3.375499050332416e-06,-1.359117868953955e-06,-3.806390529929183e-11
39360.0,1.2608391111111112,1.0052275591201845,1.0052275591201845,0.253133972986388,0.6489008146779284,4,5.603595365499814e-11,1.6979129213723354e-10,-3.4113395061729597e-06,-1.370151408455918e-06,-3.8182297940439674e-11
39420.0,1.260633230769231,1.0029792323853157,1.0029792323853157,0.25247114897573153,0.6474856832564992,4,5.6255167191210376e-11,1.0874146028072573e-10,-3.450598765432082e-06,-1.3825152348846928e-06,-3.8331989903423546e-11
39480.0,1.2604248888888891,1.0007371891752976,1.0007371891752976,0.25181404363046184,0.6460766404573994,4,5.6472215792524594e-11,1.7291768017457798e-10,-3.4932768281101713e-06,-1.396201294127659e-06,-3.851340304103848e-11
39540.0,1.2602138803418803,0.998501417716692,0.998501417716692,0.2511627886250501,0.6446737637995921,4,5.668049363194427e-11,9.822542779147625e-11,-3.539373694207032e-06,-1.4112017512762999e-06,-3.872694062032378e-11
39600.0,1.26,0.9962719062027879,0.9962719062027879,0.25051751186906607,0.6432771289149015,4,5.688294280048467e-11,1.546709427202586e-10,-3.5888893637227267e-06,-1.4275089956083687e-06,-3.897298870065911e-11
39660.0,1.2597821856600189,0.9940486427942189,0.9940486427942189,0.24987975464922338,0.6418873389037802,4,5.694733573591293e-11,9.86233317235019e-11,-3.6684013071120143e-06,-1.455670109344491e-06,-3.931445569024462e-11
39720.0,1.259559764482431,0.9918316156194363,0.9918316156194363,0.2492501384014126,0.6405047378495075,4,5.706995986898278e-11,9.970335668185726e-11,-3.742129543895804e-06,-1.4814449761112777e-06,-3.970974374749228e-11
39780.0,1.2593331153846152,0.9896208127756938,0.9896208127756938,0.24862767676991032,0.639129019006371,4,5.723721496764256e-11,9.259792932425626e-11,-3.809542491031003e-06,-1.5046355416234832e-06,-4.01248362832973e-11
39840.0,1.2591026172839508,0.9874162223299277,0.9874162223299277,0.2480115418273391,0.6377598843324352,4,5.7438831468914486e-11,8.918732419260778e-11,-3.870640148517529e-06,-1.5252561401959502e-06,-4.054488247485095e-11
39900.0,1.258868649097816,0.9852178323194727,0.9852178323194727,0.24740099568723645,0.6363970435719587,4,5.7674420794739945e-11,1.0220446711173281e-10,-3.925422516355437e-06,-1.5433208871985693e-06,-4.096018771018462e-11
39960.0,1.2586315897435898,0.9830256307528525,0.9830256307528525,0.24679536418013112,0.6350402136610844,4,5.794115187640614e-11,8.969891496235505e-11,-3.973889594544834e-06,-1.5588436332385723e-06,-4.136359091624358e-11
40020.0,1.2583918181386515,0.9808396056104882,0.9808396056104882,0.2461940224668245,0.6336891182835102,4,5.823530546678057e-11,1.0732037480920553e-10,-4.016041383085505e-06,-1.5718379796566756e-06,-4.1749444700619446e-11
40080.0,1.25814971320038,0.9786597448455057,0.9786597448455057,0.24559638591152494,0.632343487514269,4,5.855826934464403e-11,9.794121069717221e-11,-4.0518778819775555e-06,-1.5823173082597246e-06,-4.2113109313738674e-11
40140.0,1.257905653846154,0.9764860363844643,0.9764860363844643,0.24500190375961334,0.6310030575217233,4,5.890782306394726e-11,1.156195139628835e-10,-4.08139909122099e-06,-1.5902948205342543e-06,-4.2450664099227567e-11
40200.0,1.2576600189933522,0.9743184681281346,0.9743184681281346,0.24441005449281172,0.629667570310961,4,5.928546542577351e-11,8.259348760475405e-11,-4.104605010815696e-06,-1.5957835786287953e-06,-4.2758727243977605e-11
40260.0,1.257413187559354,0.9721570279522234,0.9721570279522234,0.24382034226953408,0.6283367734981596,4,5.968570082615088e-11,1.0953726814477704e-10,-4.121495640762001e-06,-1.5987965490277335e-06,-4.3034335539330426e-11
40320.0,1.2571655384615383,0.9700017037080892,0.9700017037080892,0.24323229410805117,0.6270104201090211,4,6.011188768972886e-11,8.986944521893747e-11,-4.1320709810596865e-06,-1.5993466483161948e-06,-4.3274860038354436e-11
40380.0,1.2569174506172838,0.9678524832234423,0.9678524832234423,0.24264545760101086,0.6256882683964504,4,6.056125045894589e-11,1.0595613275654614e-10,-4.136331031708537e-06,-1.5974467823537267e-06,-4.347794491848899e-11
40440.0,1.2566693029439695,0.9657093543029973,0.9657093543029973,0.24205939902327903,0.624370081673989,4,6.103723082517831e-11,9.805489753489383e-11,-4.134275792708769e-06,-1.593109893408409e-06,-4.3641461240374654e-11
40500.0,1.2564214743589743,0.963572304729061,0.963572304729061,0.24147370173914037,0.6230556281623904,4,6.153555442978131e-11,1.0254552762489766e-10,-4.1259052640606e-06,-1.5863489961866266e-06,-4.376347159418033e-11
40560.0,1.256174343779677,0.9614413222621137,0.9614413222621137,0.24088796484268224,0.6217446808473328,4,6.205680413984282e-11,1.0061285138363019e-10,-4.111219445763379e-06,-1.5771772237574609e-06,-4.3842202121946163e-11
40620.0,1.2559282901234567,0.9593163946412936,0.9593163946412936,0.2403018019831747,0.6204370173466897,4,6.259975871003576e-11,9.202949513564818e-11,-4.090218337817755e-06,-1.565607860171387e-06,-4.387602009013633e-11
40680.0,1.2556836923076924,0.9571975095848386,0.9571975095848386,0.23971484034017038,0.6191324197861119,4,6.316441814036011e-11,1.0203393685515039e-10,-4.0629019402237306e-06,-1.5516543832728828e-06,-4.386341567504256e-11
40740.0,1.2554409292497626,0.955084654790431,0.955084654790431,0.2391267197209432,0.6178306746818913,4,6.375167060923559e-11,1.0192025001742877e-10,-4.029270252980978e-06,-1.5353304996847263e-06,-4.380298684562829e-11
40800.0,1.2552003798670464,0.9529778179354865,0.9529778179354865,0.23853709175938353,0.6165315728302743,4,6.4357991158559e-11,9.742961992742494e-11,-3.989323276089608e-06,-1.5166501799065608e-06,-4.369342678310417e-11
40860.0,1.254962423076923,0.9508769866773827,0.9508769866773827,0.23794561920013682,0.6152349092025204,4,6.498535043419906e-11,8.384404281969182e-11,-3.94306100954951e-06,-1.4956276933216007e-06,-4.353351313602397e-11
40920.0,1.254727437796771,0.9487821486535243,0.9487821486535243,0.23735197525473836,0.6139404828451223,4,6.563199983489199e-11,1.0084022505907342e-10,-3.890483453360794e-06,-1.4722776433446778e-06,-4.3322098941176617e-11
40980.0,1.2544958029439697,0.9466932914813762,0.9466932914813762,0.2367558430193362,0.6126480967846863,4,6.629591320361783e-11,9.629275155020878e-11,-3.831590607523568e-06,-1.4466149962734227e-06,-4.305810468929627e-11
41040.0,1.2542678974358976,0.9446104027584175,0.9446104027584175,0.23615691494529642,0.6113575579370395,4,6.697714605152782e-11,1.4478018783847801e-10,-3.766382472037724e-06,-1.4186551171068492e-06,-4.274051143206698e-11
41100.0,1.2540441001899336,0.9425334700619025,0.9425334700619025,0.23555489235574778,0.6100686770201997,4,6.767544857844143e-11,9.561063052387908e-11,-3.6948590469030424e-06,-1.3884137978618891e-06,-4.236835479709378e-11
41160.0,1.253824790123457,0.9404624809486194,0.9404624809486194,0.23494948500228988,0.6087812684708807,4,6.838954402788033e-11,9.112000043387525e-11,-3.617020332119909e-06,-1.3559072870265239e-06,-4.194071960556416e-11
41220.0,1.253610346153846,0.938397422954483,0.938397422954483,0.23434041065653025,0.607495150364251,4,6.912004302250807e-11,9.401901479577646e-11,-3.5328663276881525e-06,-1.32115231964861e-06,-4.145673511385522e-11
41280.0,1.2534011471984805,0.9363382835940531,0.9363382835940531,0.23372739473286014,0.6062101443366953,4,7.074571484189107e-11,9.328005035058595e-11,-3.442397033607672e-06,-1.2841661438256632e-06,-4.091557072714988e-11
41340.0,1.2531975721747386,0.9342850503599215,0.9342850503599215,0.2331101699384741,0.6049260755113616,4,7.299100213131737e-11,1.1385736797819845e-10,-3.3456124498786547e-06,-1.2449665511110022e-06,-4.0316432158433655e-11
41400.0,1.253,0.9322377107220226,0.9322377107220226,0.23248847594784536,0.6036427724262909,4,7.538736301881954e-11,8.952838470577262e-11,-3.2425125765009846e-06,-1.2035718985496576e-06,-3.9658557804543583e-11
41460.0,1.2528067798353908,0.9301962521266084,0.9301962521266084,0.23186539898837097,0.6023612581445033,4,7.649575417545407e-11,1.0368239600211382e-10,-3.20077174782805e-06,-1.185076455655029e-06,-3.909966380334227e-11
41520.0,1.2526159670781891,0.9281606619948707,0.9281606619948707,0.23124380966745423,0.6010826905941713,4,7.760320164251766e-11,1.5353407434304245e-10,-3.161145547553668e-06,-1.1674439563196548e-06,-3.861358424803314e-11
41580.0,1.2524274999999998,0.9261309277224371,0.9261309277224371,0.2306234904146955,0.5998071046868649,4,7.871822638172432e-11,1.0106759873451665e-10,-3.122548153863655e-06,-1.1502679538352752e-06,-3.815939843790376e-11
41640.0,1.252241316872428,0.9241070366784525,0.9241070366784525,0.2300043725407825,0.5985345360688817,4,7.983760874630264e-11,9.185896487906575e-11,-3.084979566758066e-06,-1.133545172693323e-06,-3.772583364987807e-11
41700.0,1.252057355967078,0.92208897620445,0.92208897620445,0.22938644373824946,0.597265020407751,4,8.095840664523735e-11,1.6785861589596607e-10,-3.0484397862368453e-06,-1.1172726345757799e-06,-3.730757874051962e-11
41760.0,1.2518755555555559,0.920076733613181,0.920076733613181,0.22876972041024327,0.5959985930741072,4,8.207162727202899e-11,1.049897946359124e-10,-3.0129288122999406e-06,-1.101447498359869e-06,-3.69017034937651e-11
41820.0,1.2516958539094651,0.9180702961873873,0.9180702961873873,0.228154235317555,0.5947352889703299,4,8.318437605403517e-11,8.975575838121586e-11,-2.9784466449472966e-06,-1.0860670055353055e-06,-3.650645899550439e-11
41880.0,1.2515181893004117,0.9160696511785704,0.9160696511785704,0.22754003106463433,0.593475142430514,4,8.428860387432735e-11,1.0857093002414331e-10,-2.9449932841792385e-06,-1.0711284337282492e-06,-3.612075696250733e-11
41940.0,1.2513424999999998,0.9140747858057264,0.9140747858057264,0.22692715631265212,0.5922181871599561,4,8.538730833507202e-11,8.429879017057829e-11,-2.912568729995333e-06,-1.0566290878806088e-06,-3.574390816845872e-11
42000.0,1.2511687242798353,0.9120856872541075,0.9120856872541075,0.22631566343184226,0.5909644561983682,4,8.647549343265837e-11,9.237055564881302e-11,-2.8811729823960134e-06,-1.0425662825184166e-06,-3.53754774889072e-11
42060.0,1.2509968004115226,0.9101023426739907,0.9101023426739907,0.22570560697920036,0.5897139818981454,4,8.75569061697945e-11,9.549694368615746e-11,-2.8508060413807384e-06,-1.0289373362674188e-06,-3.5015198059452346e-11
42120.0,1.2508266666666668,0.9081247391795212,0.9081247391795212,0.2250970426787382,0.5884667959125458,4,8.863038081230457e-11,9.583800419932231e-11,-2.8214679069501578e-06,-1.0157395692699233e-06,-3.4662917521022156e-11
42180.0,1.2506582613168724,0.906152863847569,0.906152863847569,0.224490026722253,0.5872229291905986,4,8.969011644488489e-11,1.0618350643198937e-10,-2.7931585791037298e-06,-1.0029702997851143e-06,-3.431856321081584e-11
42240.0,1.2504915226337447,0.9041867037166681,0.9041867037166681,0.2238846152817625,0.5859824119766577,4,9.074666018626942e-11,1.5967316358000971e-10,-2.765878057841779e-06,-9.906268430434235e-07,-3.398211876423627e-11
42300.0,1.250326388888889,0.9022262457861274,0.9022262457861274,0.22328086416593154,0.5847452738132134,4,9.178591220404542e-11,1.0408029993413948e-10,-2.7396263431640897e-06,-9.787065103562033e-07,-3.3653607958848227e-11
42360.0,1.2501627983539094,0.9002714770151438,0.9002714770151438,0.22267882857678284,0.5835115435460041,4,9.281583834841456e-11,1.184616849059239e-10,-2.7144034350708777e-06,-9.672066124081645e-07,-3.3333083439178756e-11
42420.0,1.2500006893004114,0.8983223843221027,0.8983223843221027,0.22207856293716965,0.5822812493307628,4,9.383330223933228e-11,1.0322764865122736e-10,-2.6902093335619267e-06,-9.561244552358397e-07,-3.302061862051154e-11
42480.0,1.24984,0.8963789545840072,0.8963789545840072,0.22148012076971274,0.5810544186411073,4,9.48397471667306e-11,1.049897946359124e-10,-2.6670440386374536e-06,-9.45457344703604e-07,-3.2716301809366524e-11
42540.0,1.2496806687242799,0.8944411746360996,0.8944411746360996,0.22088355461275716,0.5798310782772411,4,9.583109306099402e-11,9.765699360286817e-11,-2.6449075502971327e-06,-9.352025859291692e-07,-3.242023188836997e-11
42600.0,1.2495226337448562,0.8925090312715812,0.8925090312715812,0.22028891596401093,0.5786112543751951,4,9.680972690162548e-11,1.106172931031324e-10,-2.6237998685412898e-06,-9.253574823570932e-07,-3.213251517828855e-11
42660.0,1.2493658333333333,0.8905825112415698,0.8905825112415698,0.21969625524436961,0.5773949724164347,4,9.777614828898606e-11,9.060840966412798e-11,-2.603720993369816e-06,-9.159193422655102e-07,-3.185326302599718e-11
42720.0,1.2492102057613168,0.8886616012552244,0.8886616012552244,0.2191056217771095,0.5761822572376829,4,9.872755390993859e-11,9.390532795805484e-11,-2.584670924782712e-06,-9.06885474007405e-07,-3.1582590013507205e-11
42780.0,1.2490556893004114,0.8867462879800562,0.8867462879800562,0.21851706377845534,0.5749731330408623,4,9.966372171987814e-11,9.600853445590474e-11,-2.566649662779977e-06,-8.982531904732976e-07,-3.1320612645118334e-11
42840.0,1.2489022222222221,0.8848365580424632,0.8848365580424632,0.21793062835662552,0.5737676234030709,4,1.0058823218805912e-10,1.1300471669528633e-10,-2.5496572073616113e-06,-8.900198103432326e-07,-3.106744837139841e-11
42900.0,1.248749742798354,0.8829323980284488,0.8829323980284488,0.21734636151726228,0.5725657512865399,4,1.014914263741673e-10,9.328005035058595e-11,-2.5336935585276136e-06,-8.821826577997091e-07,-3.0823214750753167e-11
42960.0,1.2485981893004114,0.8810337944845509,0.8810337944845509,0.2167643081738036,0.5713675390485181,4,1.0237929948253566e-10,1.1397105481592007e-10,-2.5187587162779887e-06,-8.747390642939955e-07,-3.0588028948617984e-11
43020.0,1.2484474999999997,0.879140733918957,0.879140733918957,0.21618451216121512,0.5701730084510679,4,1.0325357235885235e-10,1.0106759873451665e-10,-2.504852680612675e-06,-8.676863699989739e-07,-3.036200733567311e-11
43080.0,1.2482976131687242,0.8772532028028344,0.8772532028028344,0.21560701625237566,0.5689821806707311,4,1.0411521644826394e-10,1.156195139628835e-10,-2.4919754515317334e-06,-8.610219245237918e-07,-3.014526510527594e-11
43140.0,1.2481484670781893,0.875371187571829,0.875371187571829,0.21503186217631673,0.5677950763080553,4,1.0495335156512908e-10,1.1050360626541078e-10,-2.4801270290351873e-06,-8.547430892721512e-07,-2.9937916041506334e-11
43200.0,1.248,0.8734946746277475,0.8734946746277475,0.21445909063774493,0.5666117153969725,4,1.0577372311360023e-10,8.321876521222293e-11,-2.4693074131229777e-06,-8.488472361998668e-07,-2.974007248277066e-11
43260.0,1.2478528230452675,0.8716236503404557,0.8716236503404557,0.21388763715365433,0.5654317414210801,4,1.072194555362671e-10,9.816858437261544e-11,-2.437558527663455e-06,-8.357979213008044e-07,-2.9497549994277974e-11
43320.0,1.247707522633745,0.869758101049996,0.869758101049996,0.2133167158934919,0.5642548241794746,4,1.0861908594783642e-10,1.0436451702844352e-10,-2.4070784179240924e-06,-8.232384194217942e-07,-2.922759054179806e-11
43380.0,1.247564,0.8678980130685678,0.8678980130685678,0.21274662731564709,0.5630810204545886,4,1.099708657470444e-10,1.0055600796476938e-10,-2.378244398719675e-06,-8.112953725707451e-07,-2.8948834290557245e-11
43440.0,1.2474221563786008,0.8660433726826999,0.8660433726826999,0.2121775948913605,0.5619103846315905,4,1.1127518351194965e-10,9.92486093309708e-11,-2.351056470050257e-06,-7.999653173876669e-07,-2.8667791812370862e-11
43500.0,1.2472818930041152,0.8641941661555955,0.8641941661555955,0.21160980538618457,0.5607429691098568,4,1.125443349625499e-10,1.0106759873451665e-10,-2.325514631915947e-06,-7.892446229526066e-07,-2.8388207939054513e-11
43560.0,1.247143111111111,0.8623503797295263,0.8623503797295263,0.21104342239612703,0.5595788245339057,4,1.1377090936015577e-10,1.0720668797148392e-10,-2.3016188843164198e-06,-7.791295496995885e-07,-2.811260530167002e-11
43620.0,1.2470057119341564,0.8605119996283213,0.8605119996283213,0.21047859305252142,0.5584179999493347,4,1.1495784879578252e-10,1.609237187949475e-10,-2.2793692272519457e-06,-7.696162843621782e-07,-2.7842837178924524e-11
43680.0,1.2468695967078192,0.8586790120598724,0.8586790120598724,0.20991545194257763,0.5572605429182553,4,1.1610706840414764e-10,9.22000253922306e-11,-2.258765660722417e-06,-7.607009626506281e-07,-2.758034339402947e-11
43740.0,1.2467346666666665,0.8568514032186973,0.8568514032186973,0.20935412364074238,0.5561064996097971,4,1.1721576487211394e-10,1.0243184078717604e-10,-2.239808184727942e-06,-7.523796850096245e-07,-2.7326287410953597e-11
43800.0,1.2466008230452674,0.8550291592884789,0.8550291592884789,0.20879472445720818,0.5549559148739258,4,1.1829143220509764e-10,9.640643838793039e-11,-2.2224967992684123e-06,-7.446485255684508e-07,-2.7081637511360683e-11
43860.0,1.2464679670781893,0.8532122664446061,0.8532122664446061,0.20823736370646553,0.5538088323034505,4,1.1932718702034606e-10,9.322320693172514e-11,-2.2068315043438277e-06,-7.375035445718941e-07,-2.684721805246424e-11
43920.0,1.246336,0.851400710856722,0.851400710856722,0.2076821446628342,0.5526652942872703,4,1.203233901403422e-10,1.5472778613911942e-10,-2.1928122999542968e-06,-7.30940794856239e-07,-2.66237438723941e-11
43980.0,1.2462048230452676,0.8495944786911889,0.8495944786911889,0.20712916530195294,0.5515253420569345,4,1.212804023875691e-10,1.687112671788782e-10,-2.1804391860996026e-06,-7.249563277423874e-07,-2.641184422475347e-11
44040.0,1.2460743374485597,0.8477935561135469,0.8477935561135469,0.20657851889044437,0.5503890157279351,4,1.2220061074152966e-10,8.884626367944293e-11,-2.1697121627798535e-06,-7.195462007014258e-07,-2.621208000049281e-11
44100.0,1.2459444444444443,0.8459979292909015,0.8459979292909015,0.20603029446410354,0.5492563543367689,4,1.2307732610850053e-10,1.659259396546986e-10,-2.1606312299954837e-06,-7.14706478295834e-07,-2.602495650585183e-11
44160.0,1.2458150452674899,0.8442075843942123,0.8442075843942123,0.2054845772226037,0.548127395874536,4,1.239156832699706e-10,7.923972589196637e-11,-2.153196387745842e-06,-7.104332437426713e-07,-2.5850933176980367e-11
44220.0,1.2456860411522632,0.8424225076005747,0.8424225076005747,0.2049414488598913,0.5470021773176567,4,1.2471249033474407e-10,1.623448042664677e-10,-2.1474076360309283e-06,-7.067225958072218e-07,-2.569043104174278e-11
44280.0,1.2455573333333334,0.8406426850953223,0.8406426850953223,0.20440098784428204,0.5458807346561623,4,1.2546885752584558e-10,1.035687091643922e-10,-2.143264974851394e-06,-7.03570656495409e-07,-2.5543838662156997e-11
44340.0,1.2454288230452675,0.8388681030741255,0.8388681030741255,0.2038632696586853,0.5447631029199091,4,1.2618267541952832e-10,8.71978045324795e-11,-2.1407684042066964e-06,-7.009735746688373e-07,-2.541151680832233e-11
44400.0,1.2453004115226338,0.8370987477449218,0.8370987477449218,0.20332836700848206,0.5436493162030115,4,1.2685236194798222e-10,6.74162947689183e-11,-2.139917924096944e-06,-6.989275276085235e-07,-2.529380231480166e-11
44460.0,1.2451720000000002,0.8353346053297989,0.8353346053297989,0.20279635000296892,0.5425394076867182,4,1.2748219146985207e-10,9.123368727159686e-11,-2.140713534522245e-06,-6.974287255218708e-07,-2.519101115670098e-11
44520.0,1.2450434897119342,0.8335756620667337,0.8335756620667337,0.20226728631517388,0.541433409660925,4,1.2806711247037583e-10,1.3096723705530167e-10,-2.1431552354823827e-06,-6.964734130049865e-07,-2.5103441086535925e-11
44580.0,1.244914781893004,0.831821904211252,0.831821904211252,0.20174124132334934,0.540331353544488,4,1.286083461948806e-10,1.651869752095081e-10,-2.1472430269775747e-06,-6.960578737508235e-07,-2.503137370729195e-11
44640.0,1.2447857777777778,0.830073318037951,0.830073318037951,0.2012182782372555,0.5392332699044594,4,1.2910461588688804e-10,8.486722435918637e-11,-2.1529769090078198e-06,-6.961784299881188e-07,-2.497507639534795e-11
44700.0,1.2446563786008231,0.8283298898419486,0.8283298898419486,0.20069845821119714,0.5381391884743708,4,1.2955642114675925e-10,1.6405010683229193e-10,-2.1603568815729008e-06,-6.968314495055532e-07,-2.493480371242724e-11
44760.0,1.2445264855967078,0.8265916059401962,0.8265916059401962,0.200181840446234,0.5370491381716489,4,1.2996043130542034e-10,8.242295734817162e-11,-2.169382944673092e-06,-6.980133435316688e-07,-2.4910798850238714e-11
44820.0,1.244396,0.8248584526726918,0.8248584526726918,0.1996684822825096,0.5359631471142543,4,1.3032233625587253e-10,1.0260237104375847e-10,-2.180055098308172e-06,-6.997205713952167e-07,-2.4903294631828612e-11
44880.0,1.2442648230452678,0.8231304164035989,0.8231304164035989,0.19915843928333082,0.5348812426366103,4,1.3063894410692e-10,9.760015018400736e-11,-2.1923733424783073e-06,-7.019496413000639e-07,-2.4912514538634435e-11
44940.0,1.2441328559670781,0.8214074835222538,0.8214074835222538,0.1986517653120214,0.5338034513048833,4,1.309046204767128e-10,9.85664883046411e-11,-2.20633767718336e-06,-7.046971149923242e-07,-2.49386735238351e-11
45000.0,1.244,0.8196896404440877,0.8196896404440877,0.19814851260233726,0.5327297989316727,4,1.3112549934746198e-10,9.549694368615746e-11,-2.2219481024234128e-06,-7.079596049040343e-07,-2.498197879371236e-11
45060.0,1.2438666666666667,0.8179768736114672,0.8179768736114672,0.1976478911094686,0.53166003888244,4,1.3194134673710778e-10,9.617906471248716e-11,-2.222222222222226e-06,-7.063324560587387e-07,-2.4998712840026673e-11
45120.0,1.2437333333333334,0.8162691694945535,0.8162691694945535,0.19714919491039593,0.5305938986869887,4,1.3274956134345928e-10,1.0390976967755705e-10,-2.222222222222166e-06,-7.046246071621873e-07,-2.4996978482773332e-11
45180.0,1.2436,0.8145665145918444,0.8145665145918444,0.19665249735331494,0.5295313642712169,4,1.3354906069906747e-10,1.7143975128419697e-10,-2.2222222222222576e-06,-7.02923534852828e-07,-2.4988500839952148e-11
45240.0,1.2434666666666667,0.8128688954306892,0.8128688954306892,0.1961578282425306,0.5284724211841529,4,1.3434470202966509e-10,1.5683099263696931e-10,-2.222222222222202e-06,-7.012293466410156e-07,-2.497659065139435e-11
45300.0,1.2433333333333334,0.811176298567794,0.811176298567794,0.19566520040951998,0.5274170548081873,4,1.3513859475899892e-10,9.873701856122352e-11,-2.2222222222221624e-06,-6.995420915548804e-07,-2.496284952884533e-11
45360.0,1.2431999999999999,0.8094887105896384,0.8094887105896384,0.1951746177436358,0.526365250456006,4,1.3593520753474309e-10,8.833467290969566e-11,-2.222222222222247e-06,-6.978617859447063e-07,-2.494819007232578e-11
45420.0,1.2430666666666668,0.8078061181128168,0.8078061181128168,0.19468607881584435,0.525316993425029,4,1.367319035772141e-10,1.1243628250667825e-10,-2.2222222222222386e-06,-6.961884256341126e-07,-2.493317927270717e-11
45480.0,1.2429333333333334,0.8061285077843323,0.8061285077843323,0.19419957881300634,0.5242722690309669,4,1.3752943228695358e-10,9.066525308298878e-11,-2.222222222222246e-06,-6.945219967717661e-07,-2.49181885723466e-11
45540.0,1.2428,0.8044558662818176,0.8044558662818176,0.193715110678114,0.5232310626296572,4,1.3833245660066495e-10,1.61662683240138e-10,-2.222222222222269e-06,-6.92862475656587e-07,-2.4903469649481943e-11
45600.0,1.2426666666666668,0.8027881803137072,0.8027881803137072,0.19323266582849835,0.5221933596317532,4,1.3913623031491795e-10,8.844835974741727e-11,-2.222222222222091e-06,-6.91209834239879e-07,-2.4889196703135657e-11
45660.0,1.2425333333333333,0.801125436619343,0.801125436619343,0.19275223463040347,0.5211591455128071,4,1.3994197467503966e-10,9.879386198008433e-11,-2.2222222222223627e-06,-6.895640400235968e-07,-2.4875491787248194e-11
45720.0,1.2424,0.7994676219690586,0.7994676219690586,0.1922738067236777,0.5201284058202472,4,1.4075121623768894e-10,9.72022462519817e-11,-2.222222222222216e-06,-6.879250590942487e-07,-2.4862440710108466e-11
45780.0,1.2422666666666666,0.7978147231641889,0.7978147231641889,0.19179737125008436,0.5191011261782078,4,1.4156473215898302e-10,9.453060556552373e-11,-2.2222222222221937e-06,-6.862928529461506e-07,-2.485010345451345e-11
45840.0,1.2421333333333333,0.7961667270370253,0.7961667270370253,0.1913229170175123,0.5180772922908249,4,1.423793027921505e-10,1.155626705440227e-10,-2.222222222222187e-06,-6.846673850565159e-07,-2.4838521313914895e-11
45900.0,1.2419999999999998,0.7945236204507791,0.7945236204507791,0.19085043261970241,0.5170568899444252,4,1.4320264418721251e-10,9.174527804134414e-11,-2.2222222222221962e-06,-6.830486159217539e-07,-2.4827721828199417e-11
45960.0,1.2418666666666667,0.7928853902994363,0.7928853902994363,0.1903799065248569,0.5160399050089002,4,1.4402606884900138e-10,1.446665010007564e-10,-2.222222222222221e-06,-6.814365070282726e-07,-2.4817722236393318e-11
46020.0,1.2417333333333334,0.7912520235076197,0.7912520235076197,0.18991132714186315,0.515026323438471,4,1.4485129762320526e-10,1.5990053725545295e-10,-2.222222222222044e-06,-6.798310183871655e-07,-2.4808532104502892e-11
46080.0,1.2416,0.7896235070303835,0.7896235070303835,0.18944468287002003,0.5140161312720035,4,1.4568191097907857e-10,1.0447820386616513e-10,-2.2222222222221005e-06,-6.782321112664417e-07,-2.4800155193433834e-11
46140.0,1.2414666666666667,0.7879998278529824,0.7879998278529824,0.18897996213664,0.5130093146329752,4,1.4651677093802107e-10,9.629275155020878e-11,-2.2222222222221725e-06,-6.766397455750355e-07,-2.4792590826883275e-11
46200.0,1.2413333333333336,0.7863809729906155,0.7863809729906155,0.1885171534254419,0.5120058597291872,4,1.4735665465615e-10,1.1596057447604835e-10,-2.22222222222226e-06,-6.750538824705775e-07,-2.4785834975515485e-11
46260.0,1.2412,0.7847669294880965,0.7847669294880965,0.18805624529801634,0.5110057528522765,4,1.4819545590682992e-10,1.589341991348192e-10,-2.2222222222221463e-06,-6.734744832442516e-07,-2.4779881054575742e-11
46320.0,1.2410666666666668,0.783157684419523,0.783157684419523,0.18759722640995896,0.5100089803770824,4,1.4904247280789207e-10,1.5631940186722204e-10,-2.2222222222222653e-06,-6.719015092495424e-07,-2.4774720601781385e-11
46380.0,1.2409333333333332,0.7815532248879024,0.7815532248879024,0.18714008552285738,0.5090155287609007,4,1.4989148811039854e-10,9.708855941426009e-11,-2.2222222222221835e-06,-6.70334922038249e-07,-2.4770343686544612e-11
46440.0,1.2408000000000003,0.7799535380247292,0.7799535380247292,0.18668481151308555,0.5080253845426567,4,1.5074425041561312e-10,1.0476242096046917e-10,-2.222222222222117e-06,-6.687746833643402e-07,-2.4766739319949655e-11
46500.0,1.2406666666666668,0.7783586109895523,0.7783586109895523,0.18623139337810937,0.5070385343420158,4,1.5159973276723804e-10,9.680434231995605e-11,-2.222222222222174e-06,-6.672207573375189e-07,-2.4763895758903787e-11
46560.0,1.2405333333333333,0.776768430969489,0.776768430969489,0.18577982024084985,0.5060549648584549,4,1.5245935069962968e-10,9.14610609470401e-11,-2.2222222222221945e-06,-6.65673105426839e-07,-2.476180074226099e-11
46620.0,1.2404,0.7751829851787374,0.7751829851787374,0.18533008135242668,0.505074662870304,4,1.5332327074624175e-10,1.0169287634198554e-10,-2.2222222222222284e-06,-6.64131691747438e-07,-2.476044162990741e-11
46680.0,1.2402666666666666,0.7736022608580211,0.7736022608580211,0.18488216609376362,0.5040976152337683,4,1.5419218679646463e-10,1.0419398677186109e-10,-2.222222222222226e-06,-6.625964797542285e-07,-2.475980561904593e-11
46740.0,1.2401333333333333,0.7720262452740485,0.7720262452740485,0.18443606397625256,0.503123808881943,4,1.550605754907508e-10,1.6041212802520022e-10,-2.222222222222211e-06,-6.610674344649124e-07,-2.475987976313529e-11
46800.0,1.24,0.7704549257189208,0.7704549257189208,0.1839917646415859,0.5021532308238259,4,1.5593742963559976e-10,1.6405010683229193e-10,-2.222222222222224e-06,-6.595445205847652e-07,-2.4760651165384186e-11
46860.0,1.239866052910053,0.7688882895095025,0.7688882895095025,0.18355027508567962,0.5011861797301275,4,1.558675410961996e-10,9.174527804134414e-11,-2.24201028806585e-06,-6.638910699553611e-07,-2.481762762939085e-11
46920.0,1.2397309629629627,0.7673263239866768,0.7673263239866768,0.18311222064104973,0.500222899814133,4,1.5594431301835243e-10,1.1527845344971865e-10,-2.2600349794238713e-06,-6.677026851129695e-07,-2.4907983311650015e-11
46980.0,1.239594857142857,0.7657690165148414,0.7657690165148414,0.18267720020856415,0.4992632994173283,4,1.561552553930312e-10,1.0595613275654614e-10,-2.275943268665479e-06,-6.708774795678534e-07,-2.5009980498904488e-11
47040.0,1.2394578624338626,0.7642163544813197,0.7642163544813197,0.18224490589916623,0.49830729001823904,4,1.5648507489807173e-10,1.1044676284654997e-10,-2.2897351557906998e-06,-6.734187390866029e-07,-2.5115528272143937e-11
47100.0,1.2393201058201062,0.7626683252956787,0.7626683252956787,0.1818150764141798,0.49735478572394476,4,1.5692594446115038e-10,9.731593308970332e-11,-2.30141064079948e-06,-6.753298354146938e-07,-2.5219789082078643e-11
47160.0,1.2391817142857144,0.761124916389091,0.761124916389091,0.18138748078550893,0.49640570297383924,4,1.574708419216364e-10,1.1601741789490916e-10,-2.310969723691982e-06,-6.766141779360939e-07,-2.5319406403212863e-11
47220.0,1.239042814814815,0.7595861152136496,0.7595861152136496,0.18096191009393822,0.49545996033426254,4,1.5811721376657317e-10,8.571987564209849e-11,-2.31841240446788e-06,-6.772751975270052e-07,-2.5411855524396847e-11
47280.0,1.2389035343915344,0.7580519092417135,0.7580519092417135,0.1805381725108512,0.49451747834337956,4,1.5886283954991143e-10,9.055156624526717e-11,-2.3237386831276086e-06,-6.773163344100694e-07,-2.5495137050219576e-11
47340.0,1.2387639999999998,0.756522285965244,0.756522285965244,0.18011609002929918,0.49357817938762105,4,1.5970486044736276e-10,9.413270163349807e-11,-2.3269485596708422e-06,-6.767410365793739e-07,-2.5567609757175185e-11
47400.0,1.2386243386243387,0.754997232895148,0.754997232895148,0.17969549616378813,0.49264198759961264,4,1.6064394259274195e-10,1.0226131053059362e-10,-2.3280420340975805e-06,-6.755527565021805e-07,-2.5627890026566097e-11
47460.0,1.2384846772486773,0.7534767375606302,0.7534767375606302,0.17927623425352457,0.49170882877157573,4,1.6167686633927758e-10,1.014086592476815e-10,-2.3270191064080407e-06,-6.737549530061416e-07,-2.5674787205658585e-11
47520.0,1.2383451428571428,0.7519607875085634,0.7519607875085634,0.17885815616480102,0.4907786302803408,4,1.628060186664726e-10,1.0976464182022028e-10,-2.3238797766020056e-06,-6.713510920628398e-07,-2.5707259743380142e-11
47580.0,1.2382058624338623,0.7504493703028633,0.7504493703028633,0.17844112127023531,0.4898513210213652,4,1.6403045588475607e-10,1.325588527834043e-10,-2.318624044679584e-06,-6.683446460603286e-07,-2.5724384145278184e-11
47640.0,1.238066962962963,0.7489424735239009,0.7489424735239009,0.17802499562696425,0.48892683134991244,4,1.653492898157083e-10,8.458300726488233e-11,-2.3112519106407754e-06,-6.647391015348429e-07,-2.572533231380052e-11
47700.0,1.2379285714285713,0.7474400847678938,0.7474400847678938,0.17760965130226983,0.48800509302804757,4,1.6676307557084158e-10,1.176658770418726e-10,-2.3017633744857976e-06,-6.605379547306041e-07,-2.5709354612639207e-11
47760.0,1.2377908148148147,0.7459421916463606,0.7459421916463606,0.1771949658114961,0.48708603917644505,4,1.6827444992983942e-10,1.0544454198679887e-10,-2.2901584362139988e-06,-6.557447204457925e-07,-2.5675766676468777e-11
47820.0,1.2376538201058203,0.7444487817855747,0.7444487817855747,0.17678082164267678,0.48616960423023897,4,1.6988438433784836e-10,8.174083632184193e-11,-2.2764370958260307e-06,-6.503629294708007e-07,-2.5623939269672244e-11
47880.0,1.2375177142857143,0.7429598428260561,0.7429598428260561,0.17636710585025875,0.4852557238983005,4,1.715909081489997e-10,9.339373718830757e-11,-2.2605993533216757e-06,-6.443961362020704e-07,-2.5553289997766358e-11
47940.0,1.2373826243386246,0.7414753624220634,0.7414753624220634,0.17595370970376584,0.4843443351254724,4,1.7339962798956776e-10,8.310507837450132e-11,-2.2426452087008253e-06,-6.378479159834395e-07,-2.5463276794949093e-11
48000.0,1.2372486772486773,0.739995328241131,0.739995328241131,0.17554052838146475,0.48343537605736575,4,1.7530521478903438e-10,9.85664883046411e-11,-2.222574661963589e-06,-6.307218732611782e-07,-2.5353392376166188e-11
48060.0,1.237116,0.738519727963624,0.738519727963624,0.1751274607011131,0.48252878600740146,4,1.773193258891581e-10,1.1522161003085785e-10,-2.2003877131099647e-06,-6.230216388172408e-07,-2.5223159856217042e-11
48120.0,1.2369847195767196,0.7370485492823308,0.7370485492823308,0.17471440888141335,0.4816245054258364,4,1.794347725958545e-10,1.0754774848464876e-10,-2.1760843621399553e-06,-6.147508772147601e-07,-2.5072128811435318e-11
48180.0,1.2368549629629628,0.7355817799020746,0.7355817799020746,0.1743012783295334,0.4807224758705479,4,1.816569950019442e-10,1.0243184078717604e-10,-2.14966460905345e-06,-6.059132858367256e-07,-2.4899872154838817e-11
48240.0,1.2367268571428571,0.734119407539343,0.734119407539343,0.17388797745046167,0.4798226399793968,4,1.8398793599772034e-10,1.028297447192017e-10,-2.1211284538506664e-06,-5.965125991026356e-07,-2.470598336766847e-11
48300.0,1.2366005291005293,0.7326614199219572,0.7326614199219572,0.17347441747527664,0.4789249414440065,4,1.8642917765099298e-10,8.566303222323768e-11,-2.0904758965313873e-06,-5.865525916295972e-07,-2.4490074088256102e-11
48360.0,1.236476105820106,0.7312078047887606,0.7312078047887606,0.1730605123055912,0.47802932498482387,4,1.889859935211291e-10,9.617906471248716e-11,-2.0577069370957773e-06,-5.760370777686127e-07,-2.4251772065381088e-11
48420.0,1.2363537142857142,0.7297585498893432,0.7297585498893432,0.1726461783719594,0.4771357363273442,4,1.9165885545291417e-10,1.0589928933768533e-10,-2.0228215755437786e-06,-5.649699176623498e-07,-2.399071933978325e-11
48480.0,1.2362334814814815,0.728313642983772,0.728313642983772,0.17223133450459208,0.4762441221793973,4,1.9444804100210433e-10,8.58335624798201e-11,-1.985819811875341e-06,-5.533550165161708e-07,-2.3706570625297606e-11
48540.0,1.2361155343915344,0.7268730718423637,0.7268730718423637,0.17181590181478917,0.4753544302094089,4,1.9735912903939834e-10,9.367795428261161e-11,-1.946701646090516e-06,-5.411963281299893e-07,-2.3398991922129092e-11
48600.0,1.236,0.7254368242454691,0.7254368242454691,0.1713998035858267,0.47446660902555304,4,2.0039536696714322e-10,1.16358478408074e-10,-1.9054670781892621e-06,-5.284978579663861e-07,-2.306765917707143e-11
48660.0,1.235887111111111,0.7240048879832722,0.7240048879832722,0.17098278960905358,0.47358055688726264,4,2.037233992613352e-10,9.049472282640636e-11,-1.859471340387971e-06,-5.145316290986016e-07,-2.2703031183618103e-11
48720.0,1.235776888888889,0.7225772508556417,0.7225772508556417,0.1705650030957317,0.4726962772189947,4,2.0683740831195507e-10,1.0385292625869624e-10,-1.8165612874778697e-06,-5.01473089376675e-07,-2.232501668793823e-11
48780.0,1.235669142857143,0.7211539006719329,0.7211539006719329,0.1701468648457828,0.47181387395582536,4,2.097547691093382e-10,9.868017514236271e-11,-1.776825837742424e-06,-4.89342616535269e-07,-2.1946082334634378e-11
48840.0,1.2355636825396827,0.7197348252508363,0.7197348252508363,0.16972873166400518,0.47093344741975296,4,2.124818376803006e-10,9.532641342957504e-11,-1.7402649911816069e-06,-4.781352218131011e-07,-2.1572552691242406e-11
48900.0,1.2354603174603176,0.718320012420255,0.718320012420255,0.1693109209022319,0.4700550947159421,4,2.1503196445671335e-10,1.0322764865122736e-10,-1.7068787477954184e-06,-4.6784570158235936e-07,-2.120879953963532e-11
48960.0,1.2353588571428575,0.7169094500172116,0.7169094500172116,0.16889372106025902,0.46917891000334977,4,2.174034285928883e-10,1.0334133548894897e-10,-1.6766671075836953e-06,-4.5846869279570304e-07,-2.0858163377261748e-11
49020.0,1.2352591111111113,0.7155031258877477,0.7155031258877477,0.16847739793859842,0.46830498470118687,4,2.1960064322534834e-10,8.992628863779828e-11,-1.6496300705467094e-06,-4.4999871593818516e-07,-2.0523340743753076e-11
49080.0,1.235160888888889,0.7141010278868797,0.7141010278868797,0.16806219869342534,0.46743340765544944,4,2.2162560675553777e-10,9.15179043659009e-11,-1.6257676366842435e-06,-4.424302027494008e-07,-2.0206587236072954e-11
49140.0,1.235064,0.7127031438785187,0.7127031438785187,0.16764835471753567,0.46656426527801065,4,2.2347573791492437e-10,9.021050573210232e-11,-1.605079805996298e-06,-4.357575266088155e-07,-1.9909837731013695e-11
49200.0,1.234968253968254,0.7113094617354447,0.7113094617354447,0.16723608379305982,0.46569764166565863,4,2.2515675435208493e-10,1.1050360626541078e-10,-1.5875665784831975e-06,-4.2997502076928774e-07,-1.9634784010471935e-11
49260.0,1.2348734603174605,0.7099199693392767,0.7099199693392767,0.1668255917596848,0.4648336187038329,4,2.2666263310711088e-10,1.2329337550909258e-10,-1.573227954144509e-06,-4.250769992536767e-07,-1.9382927582171762e-11
49320.0,1.2347794285714286,0.7085346545804689,0.7085346545804689,0.1664170738434752,0.463972276158313,4,2.279974542496177e-10,9.36211108637508e-11,-1.5620639329806654e-06,-4.21057773787695e-07,-1.9155617386805434e-11
49380.0,1.2346859682539684,0.7071535053583057,0.7071535053583057,0.1660107157389579,0.4631136917571836,4,2.2915547237545297e-10,9.168843462248333e-11,-1.5540745149912337e-06,-4.179116678375656e-07,-1.8954077557182415e-11
49440.0,1.234592888888889,0.7057765095809363,0.7057765095809363,0.165606694505566,0.4622579412647979,4,2.3014484762384768e-10,9.072209650184959e-11,-1.5492597001764303e-06,-4.1563303297589404e-07,-1.87794284932032e-11
49500.0,1.2345000000000002,0.7044036551654121,0.7044036551654121,0.165205179321423,0.46140509854905865,4,2.3095728107769276e-10,9.85664883046411e-11,-1.5476194885360393e-06,-4.142162599925456e-07,-1.863270307739188e-11
49560.0,1.234407111111111,0.7030349300377481,0.7030349300377481,0.16480633212505247,0.46055523564302847,4,2.315961589172133e-10,1.0538769856793806e-10,-1.5491538800704925e-06,-4.1365579226428073e-07,-1.8514859558770187e-11
49620.0,1.234314031746032,0.701670322133007,0.701670322133007,0.16441030816725524,0.45970842280168994,4,2.32059482740965e-10,1.0243184078717604e-10,-1.5538628747793578e-06,-4.1394613403918144e-07,-1.842679176047803e-11
49680.0,1.2342205714285717,0.7003098193954049,0.7003098193954049,0.16401725649029303,0.458864728554505,4,2.3234553170325967e-10,9.521272659185342e-11,-1.561746472663069e-06,-4.150818664076741e-07,-1.8369337452058892e-11
49740.0,1.2341265396825398,0.6989534097784307,0.6989534097784307,0.16362732034714456,0.4580242197543115,4,2.3245927405213251e-10,9.634959496906959e-11,-1.5728046737212997e-06,-4.170576508300763e-07,-1.834328513748922e-11
49800.0,1.2340317460317463,0.6976010812450102,0.6976010812450102,0.16324063757111212,0.45718696162299927,4,2.3239393742713332e-10,9.032419256982394e-11,-1.5870374779540508e-06,-4.198682429990023e-07,-1.83493796576264e-11
49860.0,1.2339360000000001,0.6962528217676691,0.6962528217676691,0.1628573409034484,0.45635301779433723,4,2.3215226963024804e-10,9.947598300641403e-11,-1.6044448853615384e-06,-4.2350849950390654e-07,-1.8388326942606226e-11
49920.0,1.2338391111111113,0.6949086193287614,0.6949086193287614,0.16247755828578087,0.45552245035426403,4,2.3173443719493036e-10,9.384848453919403e-11,-1.6250268959435466e-06,-4.2797338660125934e-07,-1.8460797880705578e-11
49980.0,1.2337408888888888,0.693568461920683,0.693568461920683,0.16210141312215834,0.45469531987890865,4,2.3114235525589777e-10,9.794121069717221e-11,-1.648783509700183e-06,-4.332579881015586e-07,-1.8567431708247696e-11
50040.0,1.233641142857143,0.6922323375461472,0.6922323375461472,0.16172902451517274,0.4538716854705715,4,2.3037496910127686e-10,9.373479770147242e-11,-1.6757147266312314e-06,-4.3935751260013514e-07,-1.8708838769036996e-11
50100.0,1.2335396825396827,0.6909002342184727,0.6909002342184727,0.1613605074796561,0.45305160479186135,4,2.2943349997639473e-10,1.0095391189679503e-10,-1.7058205467371239e-06,-4.4626730213542833e-07,-1.888560290353461e-11
50160.0,1.2334363174603178,0.6895721399619208,0.6895721399619208,0.16099597313664912,0.452235134098158,4,2.2831653234689497e-10,9.697487257653847e-11,-1.739100970017593e-06,-4.539828357568213e-07,-1.9098283535921105e-11
50220.0,1.2333308571428572,0.6882480428120438,0.6882480428120438,0.16063552889038576,0.45142232826855594,4,2.270272581039734e-10,1.1459633242338896e-10,-1.7755559964725794e-06,-4.6249974097673627e-07,-1.9347417371576968e-11
50280.0,1.2332231111111112,0.686927930816088,0.686927930816088,0.16027927859014984,0.45061324083541376,4,2.2556689849295708e-10,9.168843462248333e-11,-1.8151856261021968e-06,-4.718137944336107e-07,-1.9633519939728135e-11
50340.0,1.2331128888888891,0.685611792033405,0.685611792033405,0.15992732267891968,0.44980792401263225,4,2.2393525922481672e-10,1.5165824152063578e-10,-1.8579898589064687e-06,-4.819209322689521e-07,-1.99570867924873e-11
50400.0,1.233,0.6842996145359157,0.6842996145359157,0.15957975833014018,0.44900642872275365,4,2.2213850203733898e-10,9.049472282640636e-11,-1.9039686948853231e-06,-4.928172536408003e-07,-2.031859470723042e-11
50460.0,1.232883851851852,0.6829913864086037,0.6829913864086037,0.15923736270702318,0.4482089911208395,4,2.192278303336792e-10,8.327560863108374e-11,-1.9651493239270677e-06,-5.07607563413815e-07,-2.0759310040670678e-11
50520.0,1.2327641481481482,0.6816870957499569,0.6816870957499569,0.15890023334038814,0.44741570153607546,4,2.1680446327110303e-10,8.93578544491902e-11,-2.022362727807138e-06,-5.213292275597217e-07,-2.124081091921553e-11
50580.0,1.232641142857143,0.6803867306726117,0.6803867306726117,0.15856766432825553,0.44662639630404277,4,2.1480994760736394e-10,1.141415850725025e-10,-2.075343327454384e-06,-5.339187283031678e-07,-2.1735506525705796e-11
50640.0,1.2325150899470902,0.6790902793039957,0.6790902793039957,0.15823908113954757,0.4458409174587427,4,2.131943233063538e-10,9.129053069045767e-11,-2.124091122868859e-06,-5.453817750686736e-07,-2.2231072833904074e-11
50700.0,1.2323862433862436,0.6777977297869043,0.6777977297869043,0.15791398375581117,0.44505911197050624,4,2.1192733679065157e-10,1.0101075531565584e-10,-2.1686061140505097e-06,-5.5572396142216e-07,-2.2719449660277264e-11
50760.0,1.2322548571428573,0.6765090702801407,0.6765090702801407,0.15759192428482913,0.44428083125733053,4,2.1098803260066745e-10,9.93054527498316e-11,-2.2088883009993897e-06,-5.649507493447243e-07,-2.3194698491150235e-11
50820.0,1.2321211851851854,0.6752242889591678,0.6752242889591678,0.15727249462827,0.44350593082522083,4,2.1035956310200277e-10,1.0180656317970715e-10,-2.244937683715499e-06,-5.730674783292828e-07,-2.365215497563188e-11
50880.0,1.231985481481482,0.6739433740167626,0.6739433740167626,0.15695531864288878,0.442734269984818,4,2.1002935501890363e-10,9.163159120362252e-11,-2.2767542621987294e-06,-5.800793788318644e-07,-2.408800360927589e-11
50940.0,1.231848,0.6726663136637039,0.6726663136637039,0.15664004671810838,0.4419657116185112,4,2.0998730532184595e-10,9.691802915767767e-11,-2.3043380364491896e-06,-5.859915897394825e-07,-2.449903345914906e-11
51000.0,1.2317089947089948,0.6713930961294654,0.6713930961294654,0.15632635180617566,0.4412001219833952,4,2.10221479113315e-10,1.0192025001742877e-10,-2.327689006466771e-06,-5.908091758543389e-07,-2.488248486506888e-11
51060.0,1.2315687195767198,0.6701237096628946,0.6701237096628946,0.15601392639435963,0.44043737054096066,4,2.1073404132820883e-10,1.539319782750681e-10,-2.3468071722515814e-06,-5.945371468678562e-07,-2.523594684429951e-11
51120.0,1.2314274285714288,0.6688581425329299,0.6688581425329299,0.15570248012285018,0.4396773298074502,4,2.1151366769167623e-10,1.056719156622421e-10,-2.3616925338036213e-06,-5.971804765439788e-07,-2.5557285040110263e-11
51180.0,1.2312853756613757,0.6675963830292904,0.6675963830292904,0.15539173786422955,0.438919875220649,4,2.1256094107080514e-10,9.36211108637508e-11,-2.3723450911228913e-06,-5.987441174129681e-07,-2.584458926922063e-11
51240.0,1.2311428148148151,0.6663384194631633,0.6663384194631633,0.1550814381441828,0.43816488502003775,4,2.1387100423986283e-10,9.833911462919787e-11,-2.3787648442090646e-06,-5.992330192315065e-07,-2.609613403653889e-11
51300.0,1.231,0.6650842401678926,0.6650842401678926,0.15477133182154218,0.4374122401380124,4,2.154424694200685e-10,8.691358743817545e-11,-2.380951793062793e-06,-5.986521467284955e-07,-2.6310348128532188e-11
51360.0,1.2308571851851853,0.6638338334996341,0.6638338334996341,0.15446118096962663,0.4366618241004119,4,2.172767799013542e-10,9.92486093309708e-11,-2.378905937683643e-06,-5.970064930578389e-07,-2.648579071354341e-11
51420.0,1.2307146243386247,0.6625871878380003,0.6625871878380003,0.15415075791719562,0.43591352293497404,4,2.1937657246340336e-10,9.401901479577646e-11,-2.37262727807183e-06,-5.943010945994904e-07,-2.662113208007668e-11
51480.0,1.2305725714285716,0.6613442915866905,0.6613442915866905,0.15383984441755302,0.4351672250866243,4,2.217423467065771e-10,9.958966984413564e-11,-2.362115814226705e-06,-5.905410496464029e-07,-2.6715138004817562e-11
51540.0,1.2304312804232806,0.6601051331740726,0.6601051331740726,0.15352823092264628,0.4344228213387098,4,2.243733254747582e-10,1.0322764865122736e-10,-2.3473715461493515e-06,-5.857315265723312e-07,-2.6766656807918197e-11
51600.0,1.2302910052910054,0.6588697010537492,0.6588697010537492,0.1532157159435598,0.43368020473944685,4,2.272787513746266e-10,1.0300027497578412e-10,-2.3283944738390105e-06,-5.79877781682412e-07,-2.6774608530814697e-11
51660.0,1.2301520000000001,0.6576379837050844,0.6576379837050844,0.15290210548340843,0.432939270532983,4,2.304558210930452e-10,8.93578544491902e-11,-2.30518459729579e-06,-5.729851698620781e-07,-2.673797574816959e-11
51720.0,1.2300145185185187,0.6564099696336925,0.6564099696336925,0.1525872125311381,0.4321999160945624,4,2.339115845462203e-10,1.0294343155692331e-10,-2.277741916519692e-06,-5.650591583239225e-07,-2.665579572932305e-11
51780.0,1.2298788148148148,0.6551856473718647,0.6551856473718647,0.15227085660732212,0.4314620408693711,4,2.3765445167356347e-10,1.0732037480920553e-10,-2.2460664315108226e-06,-5.561053384880876e-07,-2.6527153605225167e-11
51840.0,1.2297451428571429,0.653965005478988,0.653965005478988,0.15195286335437666,0.43072554631468774,4,2.4169086176861754e-10,9.78843672783114e-11,-2.2101581422692913e-06,-5.461294365040678e-07,-2.6351176482946633e-11
51900.0,1.2296137566137568,0.652748032541892,0.652748032541892,0.15163306416515973,0.42999033584503676,4,2.460224524103438e-10,1.0942358130705543e-10,-2.17001704879488e-06,-5.351373259269809e-07,-2.612702820212128e-11
51960.0,1.2294849100529104,0.6515347171751324,0.6515347171751324,0.1513112958450223,0.42925631478006165,4,2.506614915631644e-10,1.0857093002414331e-10,-2.1256431510876463e-06,-5.231350375316411e-07,-2.5853904716419524e-11
52020.0,1.229358857142857,0.6503250480212512,0.6503250480212512,0.1509874003030487,0.42852339029488273,4,2.5561172622978745e-10,1.0106759873451665e-10,-2.0770364491475855e-06,-5.101287719178219e-07,-2.5531029972349266e-11
52080.0,1.229235851851852,0.6491190137509675,0.6491190137509675,0.1506612242688436,0.4277914713727351,4,2.608857296859668e-10,1.099351720768027e-10,-2.0241969429747555e-06,-4.961249051607044e-07,-2.515765216370267e-11
52140.0,1.2291161481481483,0.6479166030633211,0.6479166030633211,0.15033261903199122,0.42706046875969994,4,2.6649132900402606e-10,8.787992555880919e-11,-1.967124632569128e-06,-4.81130004009183e-07,-2.4733040381567326e-11
52200.0,1.229,0.6467178046857452,0.6467178046857452,0.1500014402017052,0.4263302949213644,4,2.724405423482068e-10,9.021050573210232e-11,-1.905819517930671e-06,-4.651508325146807e-07,-2.425648146256959e-11
52260.0,1.228886650793651,0.6455226073740241,0.6455226073740241,0.1496693051737185,0.4256013129206167,4,2.752728045507524e-10,1.0345502232667059e-10,-1.8743123897707656e-06,-4.564886195827698e-07,-2.3844233089164124e-11
52320.0,1.2287751111111114,0.6443309999121242,0.6443309999121242,0.14933773050344487,0.424873971390472,4,2.780785601785851e-10,9.492850949754938e-11,-1.844920855379262e-06,-4.483737228529469e-07,-2.3481709933263867e-11
52380.0,1.2286652857142857,0.6431429711122354,0.6431429711122354,0.14900667380291843,0.42414831279967447,4,2.808361876383003e-10,7.867129170335829e-11,-1.8171166225749773e-06,-4.406749807781007e-07,-2.3142138823788465e-11
52440.0,1.2285570793650795,0.6419585098146664,0.6419585098146664,0.1486761843103619,0.423424379255004,4,2.8351199166110064e-10,1.1607426131376997e-10,-1.7908996913580736e-06,-4.3339007397164234e-07,-2.281945252075264e-11
52500.0,1.2284503968253973,0.6407776048876324,0.6407776048876324,0.1483463396019831,0.4227022120979092,4,2.860971459739403e-10,9.652012522565201e-11,-1.7662700617283887e-06,-4.2651675891314564e-07,-2.2511377342192284e-11
52560.0,1.2283451428571432,0.6396002452270293,0.6396002452270293,0.14801722830251615,0.4219818517619932,4,2.8857977119045586e-10,1.0555822882452048e-10,-1.7432277336861939e-06,-4.200528149920032e-07,-2.2217031191847483e-11
52620.0,1.2282412222222225,0.6384264197561096,0.6384264197561096,0.1476889430458141,0.4212633377187477,4,2.90954038639768e-10,9.57811607804615e-11,-1.721772707231109e-06,-4.1399602404535327e-07,-2.1936160409185037e-11
52680.0,1.22813853968254,0.6372561174251683,0.6372561174251683,0.14736157713313802,0.42054670846210196,4,2.932208087447208e-10,1.0902567737502977e-10,-1.70190498236346e-06,-4.08344163670802e-07,-2.1668826439364603e-11
52740.0,1.2280369999999998,0.6360893272111328,0.6360893272111328,0.1470352228201947,0.41983200151211136,4,2.9537441936788866e-10,9.674749890109524e-11,-1.6836245590829212e-06,-4.030950056052228e-07,-2.1415257470057853e-11
52800.0,1.2279365079365079,0.6349260381171564,0.6349260381171564,0.14670997041061637,0.41911925342860734,4,2.9740956919432904e-10,1.0800249583553523e-10,-1.6669314373898182e-06,-3.9824631525874594e-07,-2.1175771576853677e-11
52860.0,1.2278369682539683,0.6337662391721567,0.6337662391721567,0.14638590777979207,0.4184084998300931,4,2.9933028278250617e-10,9.401901479577646e-11,-1.6518256172840422e-06,-3.937958537196041e-07,-2.095073440169373e-11
52920.0,1.227738285714286,0.6326099194303251,0.6326099194303251,0.14606312014038525,0.41769977541530734,4,3.0113417315291713e-10,8.549250196665525e-11,-1.638307098765485e-06,-3.8974138120216297e-07,-2.0740534837190256e-11
52980.0,1.227640365079365,0.6314570679706176,0.6314570679706176,0.14574168994794193,0.41699311398598793,4,3.028196027266006e-10,1.6825651982799172e-10,-1.626375881834255e-06,-3.8608065794211666e-07,-2.054557067862912e-11
53040.0,1.227543111111111,0.6303076738962335,0.6303076738962335,0.14542169688941112,0.4162885484699716,4,3.0438326859005826e-10,9.15179043659009e-11,-1.6160319664905689e-06,-3.828114477469582e-07,-2.036624006844734e-11
53100.0,1.2274464285714286,0.6291617263340735,0.6291617263340735,0.145103217920705,0.41558611094412856,4,3.0583099941416947e-10,9.873701856122352e-11,-1.6072753527339934e-06,-3.799315202849575e-07,-2.020293640956202e-11
53160.0,1.2273502222222223,0.6280192144341735,0.6280192144341735,0.14478632733305855,0.41488583265682505,4,3.071534138143761e-10,1.0976464182022028e-10,-1.6001060405643114e-06,-3.774386551108886e-07,-2.005604526672531e-11
53220.0,1.2272543968253968,0.6268801273691736,0.6268801273691736,0.14447109683549766,0.4141877440497506,4,3.0835442532684e-10,1.0442136044730432e-10,-1.59452402998239e-06,-3.7533064258664614e-07,-1.9925942744668053e-11
53280.0,1.2271588571428573,0.6257444543337717,0.6257444543337717,0.1441575956456782,0.41349187477901417,4,3.0943378415138056e-10,1.0811618267325684e-10,-1.5905293209875791e-06,-3.736052875089418e-07,-1.9812994547152074e-11
53340.0,1.2270635079365082,0.6246121845441757,0.6246121845441757,0.14384589058405636,0.41279825373546636,4,3.1038793757431904e-10,1.02147623692872e-10,-1.588121913580312e-06,-3.7226041109687376e-07,-1.971755565091543e-11
53400.0,1.226968253968254,0.6234833072375897,0.6234833072375897,0.1435360461681914,0.4121069090642436,4,3.1121982768667067e-10,1.0112444215337746e-10,-1.5873018077601557e-06,-3.71293853976583e-07,-1.9639970247385958e-11
53460.0,1.2268729999999999,0.6223578116717184,0.6223578116717184,0.14322812470545387,0.4114178681835351,4,3.119245695071271e-10,1.0362555258325301e-10,-1.588069003527326e-06,-3.70703477368912e-07,-1.9580571920942e-11
53520.0,1.226777650793651,0.621235687124284,0.621235687124284,0.1429221863827023,0.4107311578026003,4,3.125045500151913e-10,9.453060556552373e-11,-1.590423500881824e-06,-3.7048716591302276e-07,-1.9539683967727668e-11
53580.0,1.226682111111111,0.620116922892596,0.620116922892596,0.14261828935246582,0.41004680393906073,4,3.129614900565514e-10,1.056719156622421e-10,-1.5943652998237575e-06,-3.706428308010086e-07,-1.9517619711318202e-11
53640.0,1.2265862857142857,0.6190015082931426,0.6190015082931426,0.14231648981511108,0.4093648319354997,4,3.132900328051136e-10,1.2641976354643703e-10,-1.5998944003528012e-06,-3.711684094817339e-07,-1.951468291080456e-11
53700.0,1.2264900793650795,0.617889432661215,0.617889432661215,0.142016842096946,0.4086852664754056,4,3.1349067786123896e-10,9.771383702172898e-11,-1.6070108024692796e-06,-3.7206186923374453e-07,-1.953116816788539e-11
53760.0,1.226393396825397,0.6167806853506063,0.6167806853506063,0.14171939872423964,0.40800813159848814,4,3.135641191143179e-10,9.742961992742494e-11,-1.6157145061728707e-06,-3.7332120794407735e-07,-1.95673613321723e-11
53820.0,1.2262961428571426,0.6156752557333129,0.6156752557333129,0.1414242104932662,0.40733345071540444,4,3.1351157780967753e-10,9.71454028331209e-11,-1.6260055114638407e-06,-3.749444581833222e-07,-1.9623539854799643e-11
53880.0,1.2261982222222223,0.6145731331993319,0.6145731331993319,0.14113132653643168,0.40666124662192926,4,3.1333330374749835e-10,1.035118657455314e-10,-1.6378838183421939e-06,-3.769296842857299e-07,-1.9699973190950455e-11
53940.0,1.2260995396825396,0.6134743071564778,0.6134743071564778,0.1408407943848102,0.40599154151259464,4,3.130257997252528e-10,9.794121069717221e-11,-1.6513494268077653e-06,-3.792749888778711e-07,-1.9796923065057173e-11
54000.0,1.226,0.6123787670302622,0.6123787670302622,0.14055266002713546,0.40532435699383207,4,3.125887604316091e-10,1.4102852219366468e-10,-1.6664023368606717e-06,-3.8197851153840673e-07,-1.991464385927213e-11
54060.0,1.2258993555555553,0.6112865022638505,0.6112865022638505,0.14026723689245119,0.40465977902143513,4,3.1146132895010226e-10,1.0260237104375847e-10,-1.687444135802453e-06,-3.8604597140560955e-07,-2.007134471764935e-11
54120.0,1.225797511111111,0.6101975023180083,0.6101975023180083,0.13998449270201896,0.4039978253797634,4,3.1074703921163405e-10,1.0174971976084635e-10,-1.706370061728342e-06,-3.8961941930626157e-07,-2.024553469882382e-11
54180.0,1.2256945999999997,0.6091117566712047,0.6091117566712047,0.1397040675007639,0.40333841756351807,4,3.1038852044140697e-10,1.0413714335300028e-10,-1.7230737654321288e-06,-3.926764000732425e-07,-2.042282238568315e-11
54240.0,1.2255907555555556,0.6080292548197135,0.6080292548197135,0.1394256708214534,0.4026814799196958,4,3.1034622094416875e-10,1.0464873412274756e-10,-1.7375552469135424e-06,-3.952191701843363e-07,-2.0596666354825108e-11
54300.0,1.225486111111111,0.6069499862777805,0.6069499862777805,0.1391490518065477,0.4020269392394509,4,3.105923018775769e-10,1.5359091776190326e-10,-1.7498145061728537e-06,-3.9725002426018943e-07,-2.0762776162316864e-11
54360.0,1.2253808000000002,0.6058739405778165,0.6058739405778165,0.13887398724630023,0.40137472449612804,4,3.111104429631695e-10,9.032419256982394e-11,-1.7598515432098464e-06,-3.987712719608911e-07,-2.0917990739551897e-11
54420.0,1.2252749555555555,0.6048011072706638,0.6048011072706638,0.13860027494661764,0.4007247666532152,4,3.1189142934984204e-10,1.0948042472591624e-10,-1.7676663580246827e-06,-3.99785232596438e-07,-2.1059829226157022e-11
54480.0,1.2251687111111111,0.6037314759258804,0.6037314759258804,0.1383277295030996,0.40007699851392275,4,3.1291791380283485e-10,1.6041212802520022e-10,-1.7732589506171457e-06,-4.0029423181723786e-07,-2.11862638826827e-11
54540.0,1.2250621999999998,0.602665036132098,0.602665036132098,0.13805617937736203,0.39943135459839196,4,3.141879534318548e-10,9.561063052387908e-11,-1.7766293209875605e-06,-4.0030060141020806e-07,-2.1295589169392295e-11
54600.0,1.2249555555555556,0.6016017774973852,0.6016017774973852,0.13778546475899894,0.39878777104055513,4,3.1569258318597804e-10,1.1186784831807017e-10,-1.7777774691357108e-06,-3.9980668032767687e-07,-2.1386339252333672e-11
54660.0,1.224848911111111,0.6005416896496752,0.6005416896496752,0.1375154359385581,0.39814618549963865,4,3.1742869444073563e-10,1.0714984455262311e-10,-1.776703395061705e-06,-3.988148174836255e-07,-2.14572328277189e-11
54720.0,1.2247424000000002,0.5994847622372004,0.5994847622372004,0.13724595203112405,0.39750653708297845,4,3.193945385948638e-10,1.0373923942097463e-10,-1.7734070987655422e-06,-3.9732737331007724e-07,-2.150713430434981e-11
54780.0,1.2246361555555556,0.5984309849289642,0.5984309849289642,0.13697687995072969,0.3968687662778089,4,3.2158439799978566e-10,8.407141649513505e-11,-1.7678885802468984e-06,-3.953467219777367e-07,-2.1535025576827345e-11
54840.0,1.224530311111111,0.5973803474152387,0.5973803474152387,0.1367080935701031,0.39623281489033,4,3.2399805061089637e-10,1.0305711839464493e-10,-1.7601478395060978e-06,-3.9287525599568024e-07,-2.1539984837472395e-11
54900.0,1.2244249999999999,0.5963328394080728,0.5963328394080728,0.1364394730211667,0.3955986259907843,4,3.2663599602855697e-10,1.0874146028072573e-10,-1.750184876543141e-06,-3.899153861360343e-07,-2.152117024291005e-11
54960.0,1.2243203555555557,0.5952884506418162,0.5952884506418162,0.13617090410482804,0.3949661438635678,4,3.29494875828118e-10,8.395772965741344e-11,-1.7379996913580279e-06,-3.864695474476656e-07,-2.1477807119914868e-11
55020.0,1.224216511111111,0.5942471708736461,0.5942471708736461,0.13590227778708272,0.39433531396161325,4,3.3257907539052667e-10,9.390532795805484e-11,-1.7235922839505414e-06,-3.825402005049988e-07,-2.1409177725020773e-11
55080.0,1.2241136000000001,0.5932089898841141,0.5932089898841141,0.13563348976445483,0.39370608286444053,4,3.3588720693700225e-10,8.08881850389298e-11,-1.7069626543208988e-06,-3.781298322607045e-07,-2.1314612934796967e-11
55140.0,1.2240117555555556,0.5921738974776807,0.5921738974776807,0.13536444008620097,0.3930783982393811,4,3.394220737806819e-10,1.6484591469634324e-10,-1.6881108024689913e-06,-3.7324096369767957e-07,-2.1193485369978574e-11
55200.0,1.223911111111111,0.59114188348325,0.59114188348325,0.13509503282283686,0.39245220880557813,4,3.4318156649781884e-10,9.845280146691948e-11,-1.6670367283949273e-06,-3.678761468559581e-07,-2.1045203729861777e-11
55260.0,1.2238118,0.590112937754695,0.590112937754695,0.1348251757737315,0.39182746430042315,4,3.471732623605561e-10,1.0237499736831523e-10,-1.643740432098707e-06,-3.6203797176750574e-07,-2.0869207950967896e-11
55320.0,1.2237139555555556,0.5890870501713859,0.5890870501713859,0.13455478020735376,0.3912041154481574,4,3.513977719915573e-10,1.0362555258325301e-10,-1.6182219135801138e-06,-3.5572906616906187e-07,-2.0664965114775756e-11
55380.0,1.2236177111111113,0.5880642106386895,0.5880642106386895,0.134283760629224,0.39058211393040043,4,3.55857648903779e-10,1.0362555258325301e-10,-1.5904811728394725e-06,-3.4895210000799245e-07,-2.043196593544663e-11
55440.0,1.2235232000000003,0.5870444090884571,0.5870444090884571,0.13401203457357264,0.38996141235840176,4,3.605571952114417e-10,1.6200374375330284e-10,-1.5605182098764578e-06,-3.4170978619792807e-07,-2.0169721724944896e-11
55500.0,1.2234305555555558,0.5860276354795037,0.5860276354795037,0.13373952241555528,0.38934196424684825,4,3.655009628289463e-10,1.0436451702844352e-10,-1.5283330246912864e-06,-3.3400488473609284e-07,-1.9877761673704934e-11
55560.0,1.2233399111111112,0.585013879798046,0.585013879798046,0.1334661472010809,0.3887237239890784,4,3.706915885359763e-10,1.0084022505907342e-10,-1.4939256172839602e-06,-3.258402022635622e-07,-1.955563056806262e-11
55620.0,1.2232514,0.5840031320581422,0.5840031320581422,0.13319183449212157,0.38810664683356955,4,3.761388422951484e-10,9.600853445590474e-11,-1.4572959876542588e-06,-3.1721859771761534e-07,-1.9202886664123223e-11
55680.0,1.2231651555555556,0.5829953823020845,0.5829953823020845,0.1329165122255018,0.3874906888615925,4,3.8183889383702763e-10,1.0857093002414331e-10,-1.4184441358024025e-06,-3.081429814252474e-07,-1.8819099825162417e-11
55740.0,1.2230813111111112,0.5819906206007643,0.5819906206007643,0.13264011058373634,0.3868758069659278,4,3.87805176860212e-10,9.86233317235019e-11,-1.3773700617283624e-06,-2.9861631928292467e-07,-1.8403849904137465e-11
55800.0,1.223,0.580988837054033,0.580988837054033,0.132362561876276,0.3862619588305601,4,3.94037941164882e-10,8.969891496235505e-11,-1.33407376543208e-06,-2.8864163312226223e-07,-1.7956725141299404e-11
55860.0,1.2229208740740742,0.5799900217909817,0.5799900217909817,0.13208467937682922,0.38564930013646725,4,3.9774292193150984e-10,9.248424248653464e-11,-1.304913786008219e-06,-2.8175637766453805e-07,-1.7543950304372626e-11
55920.0,1.2228434370370371,0.578994164970171,0.578994164970171,0.13180726030982381,0.3850380385506519,4,4.013385179746365e-10,9.544010026729666e-11,-1.2774816872428058e-06,-2.752694897512508e-07,-1.716058388304188e-11
55980.0,1.2227676000000003,0.5780012567799384,0.5780012567799384,0.13153034446156914,0.3844282100866114,4,4.0480163665534974e-10,1.085140866052825e-10,-1.25153106995881e-06,-2.691259842636474e-07,-1.6793306123632673e-11
56040.0,1.2226932740740744,0.5770112874386166,0.5770112874386166,0.13125401326209732,0.38381985003282315,4,4.081077975559566e-10,9.106315701501444e-11,-1.2270619341563668e-06,-2.633240509701639e-07,-1.6439806839284334e-11
56100.0,1.2226203703703706,0.5760242471947455,0.5760242471947455,0.13097835731058957,0.3832129927914999,4,4.1124520455682045e-10,1.1118572729174048e-10,-1.204074279835368e-06,-2.578618882118704e-07,-1.6099607443385004e-11
56160.0,1.2225488000000004,0.575040126327206,0.575040126327206,0.13070346836135355,0.38260767184541233,4,4.142128307016435e-10,1.0305711839464493e-10,-1.1825681069958681e-06,-2.527376865437882e-07,-1.5772835236463384e-11
56220.0,1.2224784740740742,0.5740589151453652,0.5740589151453652,0.13042943644137198,0.3820039197634365,4,4.170068734765664e-10,1.6291323845507577e-10,-1.1625434156379208e-06,-2.4794962804182375e-07,-1.545985546588936e-11
56280.0,1.2224093037037043,0.573080603989166,0.573080603989166,0.13015634870751402,0.38140176822077354,4,4.1962680552565246e-10,8.350298230652697e-11,-1.1440002057613094e-06,-2.4349588470313325e-07,-1.5161129882753813e-11
56340.0,1.2223412,0.5721051832292041,0.5721051832292041,0.1298842890156328,0.38080124802489823,4,4.2207307093811153e-10,1.1033307600882836e-10,-1.1269384773663594e-06,-2.393746228090336e-07,-1.487715489680353e-11
56400.0,1.2222740740740743,0.5711326432667561,0.5711326432667561,0.12961333781116435,0.3802023891433976,4,4.243446150020702e-10,1.0379608283983544e-10,-1.111358230452637e-06,-2.3558400208437645e-07,-1.4608432548992678e-11
56460.0,1.2222078370370373,0.5701629745338084,0.5701629745338084,0.12934357217175907,0.3796052207319227,4,4.2644218711807014e-10,8.65156835061498e-11,-1.0972594650205758e-06,-2.3212218204060175e-07,-1.435545665300471e-11
56520.0,1.2221424000000003,0.5691961674930226,0.5691961674930226,0.12907506592170462,0.3790097711614179,4,4.283640109292719e-10,9.902123565552756e-11,-1.0846421810698505e-06,-2.289873229025545e-07,-1.4118706186489538e-11
56580.0,1.2220776740740742,0.5682322126377273,0.5682322126377273,0.12880788977834032,0.3784160680442369,4,4.3010928152398265e-10,1.0686562745831907e-10,-1.073506378600895e-06,-2.2617758789647994e-07,-1.389864245593839e-11
56640.0,1.2220135703703705,0.5672711004918438,0.5672711004918438,0.1285421115095552,0.37782413825899647,4,4.316823010164228e-10,1.0646772352629341e-10,-1.0638520576131669e-06,-2.2369114723782763e-07,-1.3695708278436742e-11
56700.0,1.2219500000000003,0.5663128216098168,0.5663128216098168,0.12827779609167947,0.37723400797412515,4,4.3307665786862515e-10,1.1124257071060129e-10,-1.0556792181071002e-06,-2.215261789592735e-07,-1.3510328110095693e-11
56760.0,1.221886874074074,0.5653573665765189,0.5653573665765189,0.12801500586231732,0.3766457026701381,4,4.342980142180153e-10,1.6723333828849718e-10,-1.048987860082261e-06,-2.1968087390523614e-07,-1.3342908795636417e-11
56820.0,1.2218241037037039,0.5644047260071458,0.5644047260071458,0.12775380066516293,0.3760592471606927,4,4.353438998183634e-10,1.6547119230381213e-10,-1.0437779835390828e-06,-2.1815343358890372e-07,-1.3193840454174865e-11
56880.0,1.2217616000000004,0.5634548905470992,0.5634548905470992,0.12749423798577722,0.375474665612496,4,4.3621223300149836e-10,1.659259396546986e-10,-1.0400495884773493e-06,-2.1694207641996248e-07,-1.306349751494454e-11
56940.0,1.2216992740740744,0.562507850871846,0.562507850871846,0.1272363730781147,0.3748919815641435,4,4.369065387255233e-10,1.709850039333105e-10,-1.0378026748971686e-06,-2.1604503791546043e-07,-1.2952239823905337e-11
57000.0,1.221637037037037,0.561563597686792,0.561563597686792,0.12698025908186858,0.3743112179439614,4,4.374227646763984e-10,1.2090595191693865e-10,-1.0370372427984323e-06,-2.1546057235480813e-07,-1.2860413522818156e-11
57060.0,1.2215748000000002,0.560622121727132,0.560622121727132,0.12672594713111848,0.37373239708692785,4,4.377655182796758e-10,9.970335668185726e-11,-1.0377532921810317e-06,-2.1518695401746325e-07,-1.2788352090817498e-11
57120.0,1.221512474074074,0.5596834137577076,0.5596834137577076,0.12647348645493814,0.373155540750743,4,4.3793091375476934e-10,9.890754881780595e-11,-1.0399508230452926e-06,-2.1522248140970962e-07,-1.2736377108051368e-11
57180.0,1.2214499703703703,0.5587474645728505,0.5587474645728505,0.1262229244704279,0.3725806701311083,4,4.3792011683585486e-10,1.106741365219932e-10,-1.0436298353908896e-06,-2.1556547504217834e-07,-1.2704799112322755e-11
57240.0,1.2213872000000003,0.5578142649962496,0.5578142649962496,0.12597430686887612,0.37200780587627713,4,4.377337381455959e-10,1.2158807294326834e-10,-1.0487903292181476e-06,-2.162142822788268e-07,-1.2693918251410881e-11
57300.0,1.2213240740740743,0.5568838058808029,0.5568838058808029,0.1257276776956235,0.37143696810092935,4,4.3737172217284126e-10,9.322320693172514e-11,-1.0554323045267412e-06,-2.1716727806692185e-07,-1.2704024947052385e-11
57360.0,1.2212605037037039,0.555956078108477,0.555956078108477,0.1254830794241033,0.3708681763994194,4,4.3683487382928377e-10,8.964207154349424e-11,-1.0635557613168888e-06,-2.1842286395833385e-07,-1.2735400445128926e-11
57420.0,1.2211964,0.5550310725901784,0.5550310725901784,0.12524055302474393,0.3703014498584436,4,4.3612150002481087e-10,8.145661922753789e-11,-1.0731606995884795e-06,-2.1997947227894455e-07,-1.2788317312544656e-11
57480.0,1.221131674074074,0.5541087802656404,0.5541087802656404,0.1250001380289674,0.36973680706916534,4,4.352342930502573e-10,1.6615331333014183e-10,-1.0842471193416241e-06,-2.21835565067735e-07,-1.2863039905172213e-11
57540.0,1.2210662370370373,0.5531891921033047,0.5531891921033047,0.12476187258883226,0.3691742661388381,4,4.3417398842837684e-10,1.0561507224338129e-10,-1.0968150205761585e-06,-2.2398963776845655e-07,-1.2959824765984681e-11
57600.0,1.221,0.5522722991002215,0.5522722991002215,0.12452579353279458,0.36861384470195935,4,4.3293793550169823e-10,9.214318197336979e-11,-1.1108644032921819e-06,-2.2644021873064051e-07,-1.3078920938497479e-11
57660.0,1.2209326172839505,0.5513580922819775,0.5513580922819775,0.12429241515096089,0.36805566107099735,4,4.2985748294199766e-10,9.890754881780595e-11,-1.1341971879286543e-06,-2.3077407180493122e-07,-1.3257739071048334e-11
57720.0,1.220863901234568,0.5504465627025734,0.5504465627025734,0.124061801461974,0.3674997661354641,4,4.276454468321589e-10,1.7217871572938748e-10,-1.1552259945130242e-06,-2.3462827726989543e-07,-1.3464230038793217e-11
57780.0,1.220794,0.5495377014444244,0.5495377014444244,0.1238334986613122,0.3669460792811672,4,4.2614010931085744e-10,9.367795428261161e-11,-1.173785665294933e-06,-2.3797106339383035e-07,-1.367566587012444e-11
57840.0,1.220723061728395,0.5486314996183197,0.5486314996183197,0.12360715745815949,0.36639452331275835,4,4.252360963352686e-10,1.0152234608540311e-10,-1.1898762002743268e-06,-2.4080463093086163e-07,-1.3882608228178923e-11
57900.0,1.2206512345679015,0.5477279483634039,0.5477279483634039,0.12338248431236844,0.36584502386293694,4,4.2487320606188206e-10,1.1652900866465643e-10,-1.203497599451368e-06,-2.431312005470604e-07,-1.407914166235418e-11
57960.0,1.220578666666667,0.5468270388471597,0.5468270388471597,0.12315922305852854,0.36529750903268327,4,4.250068630362591e-10,1.0032863428932615e-10,-1.2146498628257858e-06,-2.449529937677145e-07,-1.4261042405344432e-11
58020.0,1.2205055061728398,0.5459287622654074,0.5459287622654074,0.12293714510952441,0.36475190913665106,4,4.2560377444544883e-10,9.117684385273606e-11,-1.2233329903977428e-06,-2.4627223251762325e-07,-1.442507254679944e-11
58080.0,1.2204319012345684,0.5450331098423266,0.5450331098423266,0.12271604340068044,0.3642081565090173,4,4.266375169814651e-10,1.063540366885718e-10,-1.229546982167347e-06,-2.4709113445625e-07,-1.4568633747885645e-11
58140.0,1.220358,0.5441400728304848,0.5441400728304848,0.12249572830225564,0.36366618534837947,4,4.280933663114439e-10,9.561063052387908e-11,-1.233291838134382e-06,-2.474119188111736e-07,-1.4689572359036e-11
58200.0,1.220283950617284,0.5432496425108655,0.5432496425108655,0.12227602469232039,0.3631259315897842,4,4.299541833674425e-10,1.1743850336642936e-10,-1.2345675582990645e-06,-2.4723680806886086e-07,-1.4786059384747127e-11
58260.0,1.220209901234568,0.5423618101929436,0.5423618101929436,0.12205676976876532,0.3625873327965975,4,4.3220610423944095e-10,9.328005035058595e-11,-1.2333741426611777e-06,-2.465680324429859e-07,-1.485651144614751e-11
58320.0,1.2201360000000003,0.5414765672147266,0.5414765672147266,0.12183781135956857,0.362050328067437,4,4.348444937463114e-10,1.0828671292983927e-10,-1.22971159122083e-06,-2.45407833170845e-07,-1.4899536317540018e-11
58380.0,1.2200623950617284,0.5405939049428438,0.5405939049428438,0.12161900658385423,0.3615148579548835,4,4.3785880476931993e-10,9.032419256982394e-11,-1.2235799039780214e-06,-2.437584666294217e-07,-1.491389365196566e-11
58440.0,1.2199892345679013,0.539713814772618,0.539713814772618,0.12140022076853663,0.3609808643936173,4,4.41246331139844e-10,9.191580829792656e-11,-1.21497908093286e-06,-2.416222086286717e-07,-1.489846605137562e-11
58500.0,1.2199166666666668,0.5388362881281488,0.5388362881281488,0.12118132655655911,0.3604482906362457,4,4.4500106377576287e-10,1.0811618267325684e-10,-1.2039091220849128e-06,-2.3900135783820126e-07,-1.4852236890329316e-11
58560.0,1.219844839506173,0.5379613164624139,0.5379613164624139,0.12096220316201069,0.35991708119550253,4,4.4912062957536136e-10,8.986944521893747e-11,-1.1903700274348297e-06,-2.358982404150183e-07,-1.4774273251542906e-11
58620.0,1.219773901234568,0.5370888912573537,0.5370888912573537,0.12074273574011397,0.3593871817918087,4,4.5360529221660784e-10,1.6893864085432142e-10,-1.1743617969823944e-06,-2.3231521209369794e-07,-1.466371227522543e-11
58680.0,1.2197040000000001,0.5362190040239696,0.5362190040239696,0.12052281484876569,0.3588585393053848,4,4.584549129216242e-10,1.695639184617903e-10,-1.1558844307270644e-06,-2.2825466391108851e-07,-1.451975018654783e-11
58740.0,1.2196352839506175,0.5353516463024184,0.5353516463024184,0.12030233598375628,0.35833110173227894,4,4.636687700454445e-10,1.0703615771490149e-10,-1.1349379286693816e-06,-2.2371902346424706e-07,-1.4341633400354413e-11
58800.0,1.219567901234568,0.5344868096621077,0.5344868096621077,0.12008119917436952,0.3578048181437844,4,4.692505134462621e-10,1.1550582712516189e-10,-1.1115222908092384e-06,-2.1871076024736346e-07,-1.4128651056155596e-11
58860.0,1.219502,0.5336244857017843,0.5336244857017843,0.11985930862890794,0.35727963864882095,4,4.752047089162659e-10,9.879386198008433e-11,-1.0856375171467422e-06,-2.1323238673993356e-07,-1.3880128815742389e-11
58920.0,1.219437728395062,0.5327646660496187,0.5327646660496187,0.11963657242186321,0.3567555143589251,4,4.8152974663207e-10,8.662937034387141e-11,-1.0572836076817855e-06,-2.0728646324770487e-07,-1.3595423576595692e-11
58980.0,1.2193752345679012,0.5319073423632924,0.5319073423632924,0.1194129022162439,0.3562323973555462,4,4.88232676509881e-10,1.7024603948812e-10,-1.0264605624143676e-06,-2.0087560117916945e-07,-1.3273918995198052e-11
59040.0,1.219314666666667,0.5310525063300587,0.5310525063300587,0.1191882130157162,0.3557102406594023,4,4.953200766211197e-10,1.6206058717216365e-10,-9.931683813443806e-07,-1.940024629193323e-07,-1.2915021560420533e-11
59100.0,1.2192561728395064,0.5302001496668184,0.5302001496668184,0.11896242294235308,0.3551889982016752,4,5.027953331460111e-10,1.0658141036401503e-10,-9.574070644719322e-07,-1.866697694252285e-07,-1.2518157186584147e-11
59160.0,1.219199901234568,0.5293502641201645,0.5293502641201645,0.11873545303641485,0.35466862479686256,4,5.106644135333127e-10,1.6763124222052284e-10,-9.191766117970236e-07,-1.7888029838464994e-07,-1.2082768250995207e-11
59220.0,1.219146,0.5285028414664216,0.5285028414664216,0.11850722707511717,0.35414907611712654,4,5.189354501666799e-10,1.6768808563938364e-10,-8.784770233196535e-07,-1.7063688909020984e-07,-1.1608310932561193e-11
59280.0,1.2190946172839507,0.5276578735116946,0.5276578735116946,0.11827767140820766,0.3536303086680004,4,5.276168529855241e-10,8.86188900039997e-11,-8.35308299039823e-07,-1.619424453896197e-07,-1.1094252839708065e-11
59340.0,1.219045901234568,0.5268153520918715,0.5268153520918715,0.11804671480806869,0.3531122797653318,4,5.367173094850131e-10,1.0112444215337746e-10,-7.896704389575313e-07,-1.5279993662139292e-07,-1.054007089161338e-11
59400.0,1.219,0.5259752690726277,0.5259752690726277,0.11781428833267467,0.35259494751335396,4,5.462452989934974e-10,1.724060894048307e-10,-7.415634430727578e-07,-1.4321240148365428e-07,-9.945249385746934e-12
59460.0,1.2189566419753088,0.525137616349404,0.525137616349404,0.1175811373071516,0.3520784300641002,4,5.520903317846049e-10,1.6689227777533233e-10,-7.055147462277498e-07,-1.359844037917898e-07,-9.380115769490987e-12
59520.0,1.2189153580246914,0.5243023858473383,0.5243023858473383,0.11734808582526723,0.35156291275594065,4,5.57467683126589e-10,1.1044676284654997e-10,-6.721402606310466e-07,-1.292976518219877e-07,-8.84762955707044e-12
59580.0,1.2188759999999998,0.5234695695212572,0.5234695695212572,0.11711529254065925,0.3510484540038715,4,5.62348889676656e-10,1.0311396181350574e-10,-6.412349108368063e-07,-1.2311021390765703e-07,-8.337963427146595e-12
59640.0,1.2188384197530864,0.5226391593556251,0.5226391593556251,0.11688293737127162,0.3505351105661127,4,5.667268321296604e-10,1.0817302609211765e-10,-6.127986968450562e-07,-1.1741948421449064e-07,-7.851039903852464e-12
59700.0,1.2188024691358028,0.5218111473644723,0.5218111473644723,0.11665119570112165,0.3500229375161248,4,5.706003725070019e-10,1.0868461686186492e-10,-5.868316186557422e-07,-1.1222282199652923e-07,-7.387989327397371e-12
59760.0,1.2187680000000003,0.5209855255913063,0.5209855255913063,0.11642023398890271,0.3495119883031475,4,5.739811403948636e-10,1.0624034985085018e-10,-5.633336762689725e-07,-1.0751755400990708e-07,-6.9501834493355415e-12
59820.0,1.218734864197531,0.5201622861090155,0.5201622861090155,0.11619020913994815,0.34900231482852206,4,5.768742289413709e-10,9.799805411603302e-11,-5.423048696846389e-07,-1.0330098335193901e-07,-6.538995177553523e-12
59880.0,1.2187029135802472,0.5193414210197368,0.5193414210197368,0.11596126888854191,0.3484939675217823,4,5.79283593316049e-10,1.4938450476620346e-10,-5.237451989027412e-07,-9.957040044202505e-08,-6.1557293359391054e-12
59940.0,1.218672,0.5185229224547387,0.5185229224547387,0.11573355245823266,0.34798699541208244,4,5.812218900613786e-10,1.0413714335300028e-10,-5.076546639232795e-07,-9.632308871509754e-08,-5.801605408023934e-12
60000.0,1.2186419753086422,0.5177067825742658,0.5177067825742658,0.11550719126498346,0.34748144619392124,4,5.826894383664794e-10,9.731593308970332e-11,-4.940332647462538e-07,-9.355633578348255e-08,-5.477757774033619e-12
60060.0,1.2186126913580246,0.5168929935673701,0.5168929935673701,0.11528230958375578,0.34697736628722453,4,5.836972988282341e-10,1.1158363122376613e-10,-4.828810013717726e-07,-9.126743911583898e-08,-5.185241925224362e-12
60120.0,1.2185840000000001,0.5160815476517406,0.5160815476517406,0.11505902515388892,0.3464748008922242,4,5.842496902941363e-10,1.1868905858136714e-10,-4.7419787379983554e-07,-8.945371414977255e-08,-4.925042141952074e-12
60180.0,1.21855575308642,0.5152724370735209,0.5152724370735209,0.11483744971942189,0.34597379403966316,4,5.84347847887301e-10,8.526512829121202e-11,-4.6798388203022625e-07,-8.811249879752924e-08,-4.6980791450070134e-12
60240.0,1.218527802469136,0.5144656541070955,0.5144656541070955,0.11461768950807256,0.3454743886368449,4,5.839979611010904e-10,1.624016476853285e-10,-4.6423902606294444e-07,-8.724116247224269e-08,-4.505217034454752e-12
60300.0,1.2185,0.5136611910548897,0.5136611910548897,0.11439984565513844,0.34497662651000566,4,5.832065941291376e-10,9.424638847121969e-11,-4.629633058987492e-07,-8.683710784331171e-08,-4.347269439982108e-12
60360.0,1.218472197530864,0.5128590402471466,0.5128590402471466,0.11418401457901983,0.3444805484434313,4,5.81977036007153e-10,1.0413714335300028e-10,-4.6415672153633937e-07,-8.689777970799297e-08,-4.225004735562843e-12
60420.0,1.2184442469135803,0.5120591940417033,0.5120591940417033,0.11397028831468764,0.3439861942156882,4,5.803146713168061e-10,1.0038547770818695e-10,-4.6781927297679926e-07,-8.742066658403981e-08,-4.13915062834468e-12
60480.0,1.2184160000000002,0.5112616448237478,0.5112616448237478,0.11375875481069883,0.3434936026332846,4,5.782201523141239e-10,1.1181100489920937e-10,-4.739509602194783e-07,-8.840330770813575e-08,-4.090397964315395e-12
60540.0,1.2183873086419754,0.5104663850055932,0.5104663850055932,0.11354949819465111,0.3430028115620444,4,5.756999599260126e-10,1.020907802740112e-10,-4.825517832649185e-07,-8.984329608616518e-08,-4.079404039718569e-12
60600.0,1.2183580246913581,0.5096734070264279,0.5096734070264279,0.11334259901120311,0.3425138579564304,4,5.727624624585204e-10,1.7462298274040222e-10,-4.936217421126863e-07,-9.173828182397053e-08,-4.10679537298214e-12
60660.0,1.218328,0.508882703352067,0.508882703352067,0.1131381344364356,0.3420267778870283,4,5.694091587127303e-10,8.93578544491902e-11,-5.071608367627816e-07,-9.408597745897066e-08,-4.17317005970161e-12
60720.0,1.2182970864197533,0.5080942664747214,0.5080942664747214,0.11293617847129339,0.3415416065663697,4,5.656460577707634e-10,8.338929546880536e-11,-5.231690672154214e-07,-9.688416039827066e-08,-4.279099837898276e-12
60780.0,1.218265135802469,0.5073080889127458,0.5073080889127458,0.11273680211709845,0.34105837837325814,4,5.614788772811963e-10,1.0220446711173281e-10,-5.416464334704972e-07,-1.0013067745521446e-07,-4.4251317297146624e-12
60840.0,1.2182320000000002,0.5065241632103951,0.5065241632103951,0.11254007353505394,0.3405771268757311,4,5.569138900041182e-10,1.1300471669528633e-10,-5.625929355282259e-07,-1.038234455763085e-07,-4.611789539623903e-12
60900.0,1.2181975308641977,0.5057424819375997,0.5057424819375997,0.11234605819183488,0.340097884852786,4,5.519594503677894e-10,9.36211108637508e-11,-5.860085733882817e-07,-1.0796045796364703e-07,-4.839575074507906e-12
60960.0,1.2181615802469137,0.5049630376897248,0.5049630376897248,0.11215481899278634,0.33962068431497405,4,5.466175290180786e-10,9.958966984413564e-11,-6.118933470508285e-07,-1.125397853639099e-07,-5.108969148536217e-12
61020.0,1.2181239999999998,0.5041858230873492,0.5041858230873492,0.11196641640424815,0.3391455565239613,4,5.408984649069026e-10,1.176658770418726e-10,-6.402472565158646e-07,-1.1755957855112459e-07,-5.420432545130748e-12
61080.0,1.2180846419753089,0.5034108307760495,0.5034108307760495,0.11178090856620514,0.33867253201113645,4,5.348079618050505e-10,1.0396661309641786e-10,-6.710703017833374e-07,-1.230180704904355e-07,-5.7744066622593005e-12
61140.0,1.2180433580246912,0.5026380534262056,0.5026380534262056,0.1115983513962493,0.33820164059534474,4,5.283547627188412e-10,9.202949513564818e-11,-7.043624828532731e-07,-1.2891358175125446e-07,-6.171314179070346e-12
61200.0,1.218,0.5018674837327907,0.5018674837327907,0.11141879868585776,0.337732911399816,4,5.21545917564481e-10,1.0595613275654614e-10,-7.401237997257072e-07,-1.3524451898743958e-07,-6.611559600111694e-12
61260.0,1.2179540987654323,0.5010991144151901,0.5010991144151901,0.11124293605847149,0.33726649015898724,4,5.111137485469541e-10,9.299583325628191e-11,-7.881066529492967e-07,-1.437893700645748e-07,-7.1519241271264625e-12
61320.0,1.2179053827160495,0.5003329382170191,0.5003329382170191,0.11107082624455801,0.33680244370412993,4,5.025044824691349e-10,1.02147623692872e-10,-8.338268175583565e-07,-1.5190056108934673e-07,-7.742863971038251e-12
61380.0,1.217854,0.49956894790597844,0.49956894790597844,0.11090187027029576,0.33634068651104815,4,4.952762505672226e-10,1.0368239600211382e-10,-8.770778463648671e-07,-1.5954217927483734e-07,-8.350174943195368e-12
61440.0,1.2178000987654318,0.4988071362737468,0.4988071362737468,0.11073562379822216,0.3358811373565674,4,4.891788779604056e-10,1.1505107977427542e-10,-9.178597393690458e-07,-1.6671626335967713e-07,-8.960172763795374e-12
61500.0,1.2177438271604941,0.49804749613584914,0.49804749613584914,0.11057172245712332,0.3354237184630364,4,4.84056822402934e-10,9.850964488578029e-11,-9.56172496570567e-07,-1.7342477994445116e-07,-9.56449884472637e-12
61560.0,1.2176853333333333,0.497290020331534,0.497290020331534,0.1104098542742128,0.3349683549919974,4,4.797976183024133e-10,8.952838470577262e-11,-9.920161179698103e-07,-1.7966962125389555e-07,-1.0157312323644748e-11
61620.0,1.2176247654320986,0.4965347017236853,0.4965347017236853,0.11024974521784384,0.33451497469377023,4,4.763196087553823e-10,8.481038094032556e-11,-1.0253906035665586e-06,-1.8545260931507053e-07,-1.0734220447240225e-11
61680.0,1.2175622716049384,0.49578153319873375,0.49578153319873375,0.11009115038828812,0.33406350764524323,4,4.735562220137268e-10,1.6007106751203537e-10,-1.056295953360812e-06,-1.9077550415214661e-07,-1.1291759501901874e-11
61740.0,1.217498,0.49503050766658596,0.49503050766658596,0.10993384814824567,0.3336138860438428,4,4.714594270538441e-10,9.771383702172898e-11,-1.0847321673524626e-06,-1.9564001202133354e-07,-1.1827105638661784e-11
61800.0,1.2174320987654323,0.49428161806056425,0.49428161806056425,0.10977763596864236,0.3331660440400435,4,4.699874517344327e-10,1.7291768017457798e-10,-1.110699245541835e-06,-2.000477927650439e-07,-1.2337898332728691e-11
61860.0,1.2173647160493828,0.4935348573373802,0.4935348573373802,0.10962232735695483,0.33271991759774083,4,4.691026872505333e-10,9.475797924096696e-11,-1.1341971879286043e-06,-2.0400046809707472e-07,-1.2822125250633883e-11
61920.0,1.217296,0.4927902184770817,0.4927902184770817,0.10946774950862857,0.3322754443755473,4,4.687797927616089e-10,9.180212146020494e-11,-1.1552259945129871e-06,-2.074996278931587e-07,-1.3278043463845425e-11
61980.0,1.217226098765432,0.492047694483051,0.492047694483051,0.10931374146337466,0.3318325636242928,4,4.689912486144365e-10,1.0817302609211765e-10,-1.1737856652949835e-06,-2.105468363297406e-07,-1.3704123214257405e-11
62040.0,1.217155160493827,0.49130727838199423,0.49130727838199423,0.10916015262649104,0.3313912160973703,4,4.697179450952049e-10,1.57513113663299e-10,-1.1898762002743767e-06,-2.131436410710931e-07,-1.4099006594963242e-11
62100.0,1.2170833333333333,0.49056896322393845,0.49056896322393845,0.10900684156163654,0.3309513439714713,4,4.709419937354298e-10,1.0015810403274372e-10,-1.2034975994511669e-06,-2.1529157546842099e-07,-1.4461476401730779e-11
62160.0,1.2170107654320987,0.4898327420822518,0.4898327420822518,0.10885367499036522,0.3305128907758654,4,4.726502245144815e-10,9.015366231324151e-11,-1.2146498628257873e-06,-2.1699216650085604e-07,-1.4790431975563067e-11
62220.0,1.2169376049382716,0.4890986080536576,0.4890986080536576,0.10870052695234961,0.33007580132880154,4,4.748283155553423e-10,9.225686881109141e-11,-1.2233329903978044e-06,-2.182469391412851e-07,-1.5084870306809452e-11
62280.0,1.2168640000000002,0.4883665542582525,0.4883665542582525,0.10854727809252177,0.3296400216799247,4,4.774651091166149e-10,1.4932766134734266e-10,-1.229546982167327e-06,-2.1905742115041417e-07,-1.5343870821070792e-11
62340.0,1.2167900987654323,0.48763657383954817,0.48763657383954817,0.10839381505021874,0.32920549905781915,4,4.805557202169908e-10,9.947598300641403e-11,-1.2332918381343546e-06,-2.194251486511635e-07,-1.5566583105347942e-11
62400.0,1.2167160493827158,0.48690865996449223,0.48690865996449223,0.10824002993094568,0.328772181821968,4,4.840912809500608e-10,1.0584244591882452e-10,-1.234567558298996e-06,-2.1935166950576748e-07,-1.5752216753685056e-11
62460.0,1.216642,0.48618280582351103,0.48618280582351103,0.10808581984643258,0.3283400194185464,4,4.880654908001603e-10,1.2505552149377763e-10,-1.2333741426612506e-06,-2.1883854700530803e-07,-1.5900032909108856e-11
62520.0,1.2165680987654321,0.4854590046305409,0.4854590046305409,0.10793108651118367,0.3279089623395671,4,4.924748803203371e-10,8.924416761146858e-11,-1.2297115912207938e-06,-2.1788736576831635e-07,-1.60093372128602e-11
62580.0,1.2164944938271605,0.4847372496230625,0.4847372496230625,0.10777573588646923,0.32747896208497485,4,4.973183392875669e-10,1.0032863428932615e-10,-1.2235799039780593e-06,-2.164997342467234e-07,-1.6079473738724978e-11
62640.0,1.2164213333333334,0.4840175340621313,0.4840175340621313,0.10761967786446316,0.32704997112735645,4,5.025912463985094e-10,7.929656931082718e-11,-1.2149790809328297e-06,-2.146772883059496e-07,-1.6109819826464005e-11
62700.0,1.2163487654320988,0.4832998512324062,0.4832998512324062,0.10746282598646649,0.3266219428789761,4,5.082955167878822e-10,1.630837687116582e-10,-1.2039091220849965e-06,-2.1242169503268732e-07,-1.609978161850525e-11
62760.0,1.216276938271605,0.4825841944421747,0.4825841944421747,0.10730509719057332,0.3261948316608934,4,5.144297626769045e-10,1.0101075531565584e-10,-1.1903700274348323e-06,-2.097346561930619e-07,-1.604879015549915e-11
62820.0,1.216206,0.4818705570233642,0.4818705570233642,0.10714641158453751,0.3257685926739532,4,5.20997911479526e-10,1.0368239600211382e-10,-1.174361796982172e-06,-2.0661791075113e-07,-1.595629793512814e-11
62880.0,1.216136098765432,0.4811589323315564,0.4811589323315564,0.10698669224066318,0.32534318197146417,4,5.279995468621124e-10,1.0606981959426776e-10,-1.1558844307270722e-06,-2.030732382793662e-07,-1.5821775899084735e-11
62940.0,1.2160673827160493,0.48044931374598426,0.48044931374598426,0.1068258650098676,0.32491855643340795,4,5.354406779067844e-10,1.6422063708887435e-10,-1.1349379286693958e-06,-1.991024622159419e-07,-1.564471075691064e-11
63000.0,1.216,0.47974169466953037,0.47974169466953037,0.10666385835253189,0.32449467374204194,4,5.433226646367473e-10,1.6154899640241638e-10,-1.111522290809329e-06,-1.9470745248697655e-07,-1.5424602500894713e-11
63060.0,1.2159326172839504,0.4790360685286552,0.4790360685286552,0.10650361407171158,0.32407201403447794,4,5.326649260561922e-10,1.1800693755503744e-10,-1.134197187928661e-06,-1.9838980874301726e-07,-1.545444090105354e-11
63120.0,1.2158639012345678,0.4783324287732687,0.4783324287732687,0.10634685825396513,0.3236510286274584,4,5.254329332737839e-10,9.413270163349807e-11,-1.155225994512983e-06,-2.0177991084003697e-07,-1.5628729114650605e-11
63180.0,1.2157939999999998,0.4776307688767971,0.4776307688767971,0.10619259212517992,0.3232316399943216,4,5.204458114471677e-10,1.0822986951097846e-10,-1.1737856652949516e-06,-2.0473384094592475e-07,-1.584772264406037e-11
63240.0,1.215723061728395,0.47693108233616627,0.47693108233616627,0.10604021019501277,0.32281377690949375,4,5.170859573855324e-10,9.617906471248716e-11,-1.1898762002744043e-06,-2.072524362180097e-07,-1.6081044213837012e-11
63300.0,1.2156512345679014,0.4762333626717281,0.4762333626717281,0.10588927199351972,0.32239737247094286,4,5.150130044651036e-10,1.0373923942097463e-10,-1.2034975994513956e-06,-2.093367432598221e-07,-1.631288820417328e-11
63360.0,1.2155786666666668,0.4755376034271837,0.4755376034271837,0.10573943100908093,0.32198236311617334,4,5.140158437777487e-10,8.913048077374697e-11,-1.2146498628258165e-06,-2.1098791645372757e-07,-1.6533483611190902e-11
63420.0,1.2155055061728397,0.474843798169481,0.474843798169481,0.1055904016694546,0.3215686880217282,4,5.139519504426815e-10,8.247980076703243e-11,-1.223332990397776e-06,-2.1220717542031865e-07,-1.6736175030684375e-11
63480.0,1.2154319012345682,0.4741519404887032,0.4741519404887032,0.10544194113819201,0.32115628869695223,4,5.147256787463306e-10,1.0265921446261927e-10,-1.229546982167382e-06,-2.129957865913536e-07,-1.6916128738525067e-11
63540.0,1.215358,0.4734620239979396,0.4734620239979396,0.10529383818895842,0.3207451086905006,4,5.162554828075372e-10,1.0618350643198937e-10,-1.2332918381345266e-06,-2.133550543797462e-07,-1.7069666991096403e-11
63600.0,1.215283950617284,0.47277404233314757,0.47277404233314757,0.1051459059089303,0.3203350933682083,4,5.184853379969212e-10,1.0345502232667059e-10,-1.2345675582991012e-06,-2.132863155067965e-07,-1.719388987671884e-11
63660.0,1.2152099012345678,0.4720879891529982,0.4720879891529982,0.10499797665858839,0.3199261897389666,4,5.213736664622104e-10,9.106315701501444e-11,-1.233374142661214e-06,-2.127909396317258e-07,-1.7286444460115585e-11
63720.0,1.215136,0.47140385813869806,0.47140385813869806,0.104849898447834,0.3195183463144204,4,5.248842332994386e-10,1.170974428532645e-10,-1.2297115912208652e-06,-2.1187032853380395e-07,-1.7345375809460668e-11
63780.0,1.2150623950617285,0.47072164299381575,0.47072164299381575,0.10470153224562526,0.3191115129933638,4,5.289891996662632e-10,1.0402345651527867e-10,-1.2235799039782715e-06,-2.1052591624675968e-07,-1.7369026778484652e-11
63840.0,1.2149892345679012,0.4700413374440749,0.4700413374440749,0.10455274992959905,0.31870564096470977,4,5.336697889157804e-10,7.713651939411648e-11,-1.214979080932674e-06,-2.0875917378202956e-07,-1.735596798703868e-11
63900.0,1.2149166666666666,0.46936293523714806,0.46936293523714806,0.10440343268851802,0.3183006826247643,4,5.389070578676325e-10,1.0152234608540311e-10,-1.2039091220851572e-06,-2.065716070563767e-07,-1.730494752437732e-11
63960.0,1.2148448395061726,0.468686430142434,0.468686430142434,0.10425346975401958,0.31789659150575383,4,5.446879197679166e-10,9.634959496906959e-11,-1.1903700274348535e-06,-2.0396476319673637e-07,-1.7214853803984518e-11
64020.0,1.214773901234568,0.4680118159508214,0.4680118159508214,0.10410275737738324,0.3174933222133521,4,5.510049916335191e-10,1.1760903362301178e-10,-1.1743617969821962e-06,-2.0094022947831292e-07,-1.708468764974177e-11
64080.0,1.214704,0.46733908647445255,0.46733908647445255,0.10395119799223554,0.3170908303715233,4,5.578503214920261e-10,1.2391865311656147e-10,-1.1558844307270777e-06,-1.9749963809940437e-07,-1.6913540784487493e-11
64140.0,1.2146352839506174,0.4666682355464585,0.4666682355464585,0.10379869952075767,0.31668907257338696,4,5.65217012082897e-10,1.6063950170064345e-10,-1.1349379286694972e-06,-1.9364466735956937e-07,-1.6700579028814122e-11
64200.0,1.2145679012345678,0.4659992570207145,0.4659992570207145,0.10364517479250925,0.3162880063371035,4,5.731033703160193e-10,8.429879017057829e-11,-1.1115222908093468e-06,-1.893770445175384e-07,-1.6445028975922968e-11
64260.0,1.214502,0.4653321447715591,0.4653321447715591,0.10349054105256328,0.3158875900659852,4,5.815132403386158e-10,9.168843462248333e-11,-1.0856375171467346e-06,-1.8469854730661494e-07,-1.6146167278066955e-11
64320.0,1.2144377283950616,0.4646668926935253,0.4646668926935253,0.1033347195417831,0.315487783012202,4,5.90438573033758e-10,1.7212187231052667e-10,-1.0572836076817694e-06,-1.7961100735999552e-07,-1.5803311817893124e-11
64380.0,1.214375234567901,0.4640034947010669,0.4640034947010669,0.10317763513544814,0.31508854524356744,4,5.998888052971552e-10,1.6774492905824445e-10,-1.0264605624142342e-06,-1.7411631230083353e-07,-1.5415814598871588e-11
64440.0,1.2143146666666667,0.4633419447282724,0.4633419447282724,0.10301921603009175,0.31468983761299163,4,6.098669624865494e-10,1.0021494745160453e-10,-9.931683813443456e-07,-1.6821640660021426e-07,-1.4983055594658432e-11
64500.0,1.2142561728395063,0.4626822367285884,0.4626822367285884,0.10285939347012756,0.3142916217302478,4,6.203755564815339e-10,9.083578333957121e-11,-9.574070644718864e-07,-1.619132956791016e-07,-1.4504437713855418e-11
64560.0,1.2141999012345677,0.4620243646745311,0.4620243646745311,0.10269810150789042,0.31389385993577357,4,6.314238576443643e-10,1.0658141036401503e-10,-9.191766117969668e-07,-1.552090467104309e-07,-1.3979382445724624e-11
64620.0,1.214146,0.4613683225574147,0.4613683225574147,0.10253527679168885,0.3134965152762606,4,6.430155990999609e-10,1.0339817890780978e-10,-8.784770233195303e-07,-1.4810579122222232e-07,-1.3407326126996603e-11
64680.0,1.2140946172839504,0.4607141043870655,0.4607141043870655,0.1023708583776846,0.3130995514818312,4,6.551636733131971e-10,1.21985976875294e-10,-8.353082990397411e-07,-1.4060572614598083e-07,-1.2787716705721459e-11
64740.0,1.2140459012345677,0.4600617041915507,0.4600617041915507,0.10220478756217372,0.31270293294462803,4,6.678742697774354e-10,1.5489831639570184e-10,-7.89670438957436e-07,-1.3271111770583764e-07,-1.2120010861906067e-11
64800.0,1.214,0.45941111601690365,0.45941111601690365,0.10203700773136087,0.312306624698668,4,6.811576996890167e-10,1.1124257071060129e-10,-7.415634430726478e-07,-1.244243009608103e-07,-1.1403671504703773e-11
64860.0,1.2139562839506173,0.45876233392684607,0.45876233392684607,0.10186909055865172,0.31191085702357024,4,6.822881148949023e-10,1.2215650713187642e-10,-7.170577846364511e-07,-1.201171299414243e-07,-1.0807776425439405e-11
64920.0,1.2139139753086419,0.45811535200246645,0.45811535200246645,0.10170221432772018,0.31151589534169516,4,6.84263951056252e-10,1.0390976967755705e-10,-6.941977023319049e-07,-1.1609940070844902e-07,-1.0296871607013997e-11
64980.0,1.213873,0.45747016434204124,0.45747016434204124,0.10153615568828724,0.3111217596812883,4,6.865127216704181e-10,8.878942026058212e-11,-6.725721879285597e-07,-1.123009770373637e-07,-9.826319995305235e-12
65040.0,1.2138332839506174,0.4568267650607875,0.4568267650607875,0.101370850019353,0.3107284709509289,4,6.887635184416041e-10,1.0379608283983544e-10,-6.52181241426524e-07,-1.0872072243186389e-07,-9.38540967725618e-12
65100.0,1.21379475308642,0.4561851482906401,0.4561851482906401,0.10120628630948007,0.3103360502166326,4,6.908919547576886e-10,9.737277650856413e-11,-6.330248628257435e-07,-1.0535757334858373e-07,-8.969645746377259e-12
65160.0,1.2137573333333334,0.4555453081800392,0.4555453081800392,0.10104247829291806,0.30994451841180193,4,6.928318890819796e-10,1.0010126061388291e-10,-6.1510305212611e-07,-1.0221049921038151e-07,-8.57684107062356e-12
65220.0,1.213720950617284,0.45490723889370965,0.45490723889370965,0.10087945245929801,0.3095538961954677,4,6.945424652071708e-10,1.000444171950221e-10,-5.984158093277858e-07,-9.927848741033965e-08,-8.205877798049103e-12
65280.0,1.2136855308641978,0.4542709346124732,0.4542709346124732,0.10071724214919174,0.309164203877633,4,6.960030884961554e-10,1.0521716831135564e-10,-5.829631344306627e-07,-9.656053644214617e-08,-7.856197613775467e-12
65340.0,1.2136509999999998,0.45363638953305346,0.45363638953305346,0.10055588434609918,0.30877546137932427,4,6.971995064608549e-10,9.640643838793039e-11,-5.687450274347406e-07,-9.405565348593734e-08,-7.527558195606163e-12
65400.0,1.2136172839506174,0.45300359786791927,0.45300359786791927,0.10039541782025546,0.3083876882120945,4,6.981217548496232e-10,9.231371222995222e-11,-5.557614883401281e-07,-9.176285101520735e-08,-7.21990506568413e-12
65460.0,1.2135843086419753,0.45237255384510067,0.45237255384510067,0.10023588200869066,0.3080009034690144,4,6.987649764367276e-10,1.0231815394945443e-10,-5.440125171467167e-07,-8.968114926029013e-08,-6.933299258324958e-12
65520.0,1.2135520000000004,0.45174325170805474,0.45174325170805474,0.10007731632146159,0.30761512582268047,4,6.991228707065034e-10,9.538325684843585e-11,-5.334981138545061e-07,-8.780957461778563e-08,-6.66787432938243e-12
65580.0,1.2135202839506172,0.4511156857155201,0.4511156857155201,0.09991975970559656,0.307230373527601,4,6.991980605608461e-10,1.0987832865794189e-10,-5.242182784634967e-07,-8.614716036038698e-08,-6.423809812505741e-12
65640.0,1.2134890864197532,0.4504898501413962,0.4504898501413962,0.09976325037060134,0.3068466644253274,4,6.989890055653092e-10,1.07775122160092e-10,-5.161730109737967e-07,-8.469294804869979e-08,-6.2013142479410404e-12
65700.0,1.2134583333333333,0.4498657392746184,0.4498657392746184,0.09960782561766886,0.3064640159513044,4,6.984910011498258e-10,1.6774492905824445e-10,-5.093623113855147e-07,-8.34459878263687e-08,-6.00061407217232e-12
65760.0,1.213427950617284,0.44924334741906813,0.44924334741906813,0.09945352173703098,0.3060824451427689,4,6.977105004857265e-10,9.413270163349807e-11,-5.037861796982168e-07,-8.240533971162821e-08,-5.821946331340337e-12
65820.0,1.2133978641975307,0.44862266889346797,0.44862266889346797,0.0993003739506911,0.30570196864725263,4,6.966477950065553e-10,1.0237499736831523e-10,-4.994446159121199e-07,-8.157007451065823e-08,-5.665553606350586e-12
65880.0,1.213368,0.448003698031304,0.448003698031304,0.09914841638554764,0.30532260273139766,4,6.952999426212969e-10,1.1732481652870774e-10,-4.963376200273326e-07,-8.093927321743081e-08,-5.531680593639524e-12
65940.0,1.2133382839506175,0.44738642918075644,0.44738642918075644,0.09899768206709868,0.30494436328988256,4,6.936737712015528e-10,9.413270163349807e-11,-4.944651920437463e-07,-8.051203081245635e-08,-5.420571791636422e-12
66000.0,1.2133086419753087,0.4467708567046378,0.4467708567046378,0.098848202927055,0.30456726585432825,4,6.91770363214772e-10,1.205648914037738e-10,-4.938273319614695e-07,-8.028745403075186e-08,-5.3324698053475095e-12
66060.0,1.213279,0.4461569749803412,0.4461569749803412,0.09870000982023083,0.30419132560209095,4,6.895887610935958e-10,9.617906471248716e-11,-4.944240397803936e-07,-8.026466468000952e-08,-5.267614227121053e-12
66120.0,1.2132492839506175,0.445544778399796,0.445544778399796,0.09855313254749297,0.30381655736488716,4,6.871360841431695e-10,1.0481926437932998e-10,-4.962553155006273e-07,-8.044279785284384e-08,-5.226240869261971e-12
66180.0,1.2132194197530866,0.44493426136944164,0.44493426136944164,0.09840759988267297,0.30344297563720773,4,6.844087241386632e-10,1.0118128557223827e-10,-4.993211591220621e-07,-8.082100589733823e-08,-5.208581140728085e-12
66240.0,1.2131893333333335,0.44432541831020034,0.44432541831020034,0.0982634396018018,0.3030705945845017,4,6.814158404200299e-10,1.0948042472591624e-10,-5.036215706445895e-07,-8.139845559693692e-08,-5.214861742337223e-12
66300.0,1.2131589506172844,0.44371824365746915,0.44371824365746915,0.0981206785136145,0.3026994280511132,4,6.7815553173034e-10,1.2187229003757238e-10,-5.091565500685345e-07,-8.21743319562248e-08,-5.2453043410896686e-12
66360.0,1.2131281975308643,0.44311273186110506,0.44311273186110506,0.09797934249053157,0.30232948956796835,4,6.746335573515339e-10,1.0902567737502977e-10,-5.159260973936269e-07,-8.314783701621802e-08,-5.300125452265147e-12
66420.0,1.2130969999999999,0.44250887738544,0.44250887738544,0.09783945649961505,0.3019607923600098,4,6.708507083175164e-10,8.839151632855646e-11,-5.239302126200282e-07,-8.431819147139565e-08,-5.379536283965807e-12
66480.0,1.2130652839506175,0.4419066747092882,0.4419066747092882,0.09770104463310009,0.30159334935338095,4,6.668108010199347e-10,9.953282642527483e-11,-5.331688957475767e-07,-8.568463334621914e-08,-5.483742702513604e-12
66540.0,1.213032975308642,0.44130611832597033,0.44130611832597033,0.09756413013827435,0.3012271731823669,4,6.625212045641149e-10,9.271161616197787e-11,-5.436421467763804e-07,-8.724642249171346e-08,-5.612945178438711e-12
66600.0,1.213,0.44070720274333886,0.44070720274333886,0.09742873544655313,0.300862276196096,4,6.5797721437999e-10,9.242739906767383e-11,-5.553499657064473e-07,-8.90028365284876e-08,-5.7673387302113905e-12
66660.0,1.212966666666667,0.4401099224838298,0.4401099224838298,0.09729405963611173,0.30049854452268915,4,6.605864882880397e-10,9.777068044058979e-11,-5.555555555555497e-07,-8.891374158929256e-08,-5.855953890743035e-12
66720.0,1.2129333333333334,0.43951427208452964,0.43951427208452964,0.09715957008589654,0.3001358556484715,4,6.622505044351357e-10,1.1044676284654997e-10,-5.555555555555551e-07,-8.879191110117966e-08,-5.903266841503101e-12
66780.0,1.2128999999999999,0.4389202460972041,0.4389202460972041,0.09702544402036602,0.2997742073584241,4,6.634332250232688e-10,1.1010570233338512e-10,-5.555555555556186e-07,-8.867040296634398e-08,-5.935778585878392e-12
66840.0,1.2128666666666668,0.4383278390883609,0.4383278390883609,0.09689176149806479,0.2994135965065789,4,6.643431221808882e-10,9.254108590539545e-11,-5.555555555556319e-07,-8.854929180229294e-08,-5.960365355936356e-12
66900.0,1.2128333333333334,0.4377370456393122,0.4377370456393122,0.0967585672314456,0.2990540194720092,4,6.650799772023319e-10,1.0095391189679503e-10,-5.555555555554864e-07,-8.842861894833229e-08,-5.980179034575162e-12
66960.0,1.2128000000000003,0.43714786034625686,0.43714786034625686,0.09662588814141829,0.2986954723572099,4,6.657005918730974e-10,1.1482370609883219e-10,-5.55555555555616e-07,-8.830840913632315e-08,-5.99694472058761e-12
67020.0,1.2127666666666665,0.4365602778203667,0.4365602778203667,0.09649374090504695,0.2983379510951507,4,6.662386337064063e-10,1.127773430198431e-10,-5.555555555556952e-07,-8.818867911206285e-08,-6.01170297095378e-12
67080.0,1.2127333333333337,0.43597429268786786,0.43597429268786786,0.09636213581959054,0.29798145151344707,4,6.667166541074465e-10,8.344613888766617e-11,-5.555555555556158e-07,-8.806943665713127e-08,-6.025121637549197e-12
67140.0,1.2127,0.435389899590156,0.435389899590156,0.0962310789980077,0.29762596937539676,4,6.67151972555402e-10,1.0743406164692715e-10,-5.555555555555944e-07,-8.79506892055029e-08,-6.0376482231661935e-12
67200.0,1.2126666666666668,0.43480709318388405,0.43480709318388405,0.09610057370748878,0.29727150040740197,4,6.675534569566821e-10,1.0743406164692715e-10,-5.555555555556312e-07,-8.783243867179238e-08,-6.049591996408296e-12
67260.0,1.2126333333333332,0.4342258681410867,0.4342258681410867,0.09597062122853885,0.29691804031787083,4,6.679282543720078e-10,9.549694368615746e-11,-5.555555555556179e-07,-8.771468693966038e-08,-6.061171671135123e-12
67320.0,1.2126000000000001,0.43364621914928697,0.43364621914928697,0.09584122142804034,0.29656558481054596,4,6.682845665739734e-10,9.737277650856413e-11,-5.55555555555554e-07,-8.759743399455487e-08,-6.0725445788660395e-12
67380.0,1.2125666666666666,0.4330681409116252,0.4330681409116252,0.09571237315347972,0.2962141295940556,4,6.686248221754454e-10,9.231371222995222e-11,-5.555555555557653e-07,-8.748067864359936e-08,-6.0838252435840346e-12
67440.0,1.2125333333333335,0.43249162814697933,0.43249162814697933,0.09558407451081569,0.2958636703888344,4,6.689532122683417e-10,9.526957001071423e-11,-5.555555555558178e-07,-8.736441914171793e-08,-6.0950977513747476e-12
67500.0,1.2125,0.43191667559009955,0.43191667559009955,0.09545632306421374,0.2955142029321731,4,6.692686405074255e-10,8.242295734817162e-11,-5.555555555556033e-07,-8.724865350429205e-08,-6.10642405164052e-12
67560.0,1.2124666666666666,0.43134327799174077,0.43134327799174077,0.09532911598202612,0.29516572298190924,4,6.695776294529665e-10,1.6694912119419314e-10,-5.555555555555552e-07,-8.713337922263884e-08,-6.117849883253913e-12
67620.0,1.2124333333333333,0.4307714301187945,0.4307714301187945,0.09520245014491588,0.29481822631912047,4,6.69878208459096e-10,9.532641342957504e-11,-5.555555555556737e-07,-8.701859333173471e-08,-6.129408825631746e-12
67680.0,1.2124,0.43020112675443467,0.43020112675443467,0.0950763222267413,0.2944717087500738,4,6.701721538826533e-10,1.106172931031324e-10,-5.555555555556336e-07,-8.690429296642634e-08,-6.141125357496799e-12
67740.0,1.2123666666666668,0.4296323626982513,0.4296323626982513,0.09495072875582924,0.2941261661076148,4,6.704603816576338e-10,1.0902567737502977e-10,-5.5555555555576e-07,-8.679047493780748e-08,-6.153017024746145e-12
67800.0,1.2123333333333335,0.42906513276639346,0.42906513276639346,0.09482566616142683,0.2937815942521333,4,6.707428640284618e-10,9.100631359615363e-11,-5.555555555556193e-07,-8.667713601102881e-08,-6.16509608314582e-12
67860.0,1.2122999999999997,0.42849943179170785,0.42849943179170785,0.09470113080931802,0.29343798907220486,4,6.710235977980261e-10,9.094947017729282e-11,-5.55555555555645e-07,-8.656427324211213e-08,-6.17737073739444e-12
67920.0,1.2122666666666666,0.42793525462388493,0.42793525462388493,0.09457711902922482,0.2930953464849833,4,6.712970040956279e-10,1.0032863428932615e-10,-5.555555555556205e-07,-8.645188257373912e-08,-6.189846018298613e-12
67980.0,1.2122333333333335,0.42737259612959094,0.42737259612959094,0.0944536271358139,0.2927536624364037,4,6.71569230781266e-10,1.113562575483229e-10,-5.555555555555459e-07,-8.63399611081491e-08,-6.2025245937474245e-12
68040.0,1.2122,0.42681145119260394,0.42681145119260394,0.09433065144490538,0.29241293290123693,4,6.718364892188688e-10,1.0828671292983927e-10,-5.555555555556377e-07,-8.622850553398871e-08,-6.215407214357649e-12
68100.0,1.2121666666666668,0.42625181471395523,0.42625181471395523,0.09420818828595849,0.2920731538830319,4,6.720984740971048e-10,9.708855941426009e-11,-5.55555555555679e-07,-8.611751264651389e-08,-6.228493212587915e-12
68160.0,1.2121333333333333,0.4256936816120518,0.4256936816120518,0.09408623401163332,0.2917343214139704,4,6.723578777068084e-10,1.0658141036401503e-10,-5.555555555556164e-07,-8.600697893656879e-08,-6.241780808504363e-12
68220.0,1.2121,0.42513704682280423,0.42513704682280423,0.09396478500501558,0.29139643155465556,4,6.726115220345719e-10,8.844835974741727e-11,-5.555555555555571e-07,-8.589690126016699e-08,-6.2552673630765844e-12
68280.0,1.2120666666666666,0.4245819052997532,0.4245819052997532,0.09384383768514512,0.2910594803938505,4,6.728633900054959e-10,8.674305718159303e-11,-5.555555555555564e-07,-8.578727611308578e-08,-6.268949619449662e-12
68340.0,1.212033333333333,0.42402825201418687,0.42402825201418687,0.09372338851109632,0.2907234640481778,4,6.731094986944797e-10,1.6677859093761072e-10,-5.555555555555594e-07,-8.567810108808799e-08,-6.282823809167395e-12
68400.0,1.212,0.4234760819552472,0.4234760819552472,0.09360343398485524,0.2903883786617933,4,6.733546636938925e-10,8.742517820792273e-11,-5.555555555555566e-07,-8.556937194621589e-08,-6.2968858448458286e-12
68460.0,1.2119666666666666,0.42292539013003577,0.42292539013003577,0.09348397065350168,0.29005422040603757,4,6.735920016209818e-10,8.748202162678353e-11,-5.555555555555226e-07,-8.546108582263632e-08,-6.3111313613271374e-12
68520.0,1.2119333333333333,0.4223761715637164,0.4223761715637164,0.09336499511052475,0.289720985479076,4,6.738298946595833e-10,1.014086592476815e-10,-5.555555555555551e-07,-8.535324018803947e-08,-6.32555584222503e-12
68580.0,1.2119,0.4218284212996076,0.4218284212996076,0.09324650399666129,0.2893886701055286,4,6.740603769594955e-10,1.0822986951097846e-10,-5.555555555555644e-07,-8.524583161326664e-08,-6.340154657730208e-12
68640.0,1.2118666666666666,0.4212821343992598,0.4212821343992598,0.09312849400027673,0.2890572705360959,4,6.742879726795437e-10,1.1164047464262694e-10,-5.555555555554692e-07,-8.513885733091551e-08,-6.3549231370713895e-12
68700.0,1.211833333333333,0.42073730594254094,0.42073730594254094,0.09301096185741448,0.2887267830471832,4,6.74510933218464e-10,8.43556335894391e-11,-5.555555555554864e-07,-8.503231420896148e-08,-6.3698565743585135e-12
68760.0,1.2118000000000002,0.42019393102770375,0.42019393102770375,0.0928939043515709,0.2883972039405247,4,6.747295083764371e-10,1.645048541831784e-10,-5.555555555553991e-07,-8.492619908901182e-08,-6.3849503075751774e-12
68820.0,1.2117666666666667,0.4196520047714382,0.4196520047714382,0.09277731831327997,0.2880685295428108,4,6.749437952979775e-10,1.3272938303998671e-10,-5.555555555554783e-07,-8.482050968248513e-08,-6.4001996954440515e-12
68880.0,1.2117333333333336,0.41911152230894,0.41911152230894,0.09266120061948675,0.2877407562053199,4,6.751520731373972e-10,1.1118572729174048e-10,-5.555555555553989e-07,-8.471524270811301e-08,-6.415600166673903e-12
68940.0,1.2116999999999998,0.41857247879393955,0.41857247879393955,0.0925455481928144,0.2874138803035544,4,6.753577974638603e-10,1.0891199053730816e-10,-5.55555555555486e-07,-8.461039574894962e-08,-6.43114723191732e-12
69000.0,1.2116666666666667,0.41803486939874634,0.41803486939874634,0.09243035800079864,0.287087898236884,4,6.755572073968708e-10,9.441691872780211e-11,-5.555555555554144e-07,-8.450596574955569e-08,-6.4468364853059576e-12
69060.0,1.2116333333333331,0.41749868931427747,0.41749868931427747,0.09231562705493614,0.2867628064281953,4,6.757518572486632e-10,9.953282642527483e-11,-5.55555555555401e-07,-8.44019501003972e-08,-6.46266360985699e-12
69120.0,1.2116000000000002,0.41696393375007096,0.41696393375007096,0.0922013524098175,0.28643860132354776,4,6.759414694634813e-10,1.0533085514907725e-10,-5.555555555554456e-07,-8.429834626929117e-08,-6.478624395201248e-12
69180.0,1.2115666666666665,0.41643059793430576,0.41643059793430576,0.09208753116207283,0.2861152793918388,4,6.761267934418669e-10,9.390532795805484e-11,-5.555555555553316e-07,-8.419515152859839e-08,-6.494714742890406e-12
69240.0,1.2115333333333334,0.41589867711379624,0.41589867711379624,0.09197416044949779,0.2857928371244747,4,6.763065663051293e-10,9.316636351286434e-11,-5.555555555553841e-07,-8.409236337280387e-08,-6.510930643302103e-12
69300.0,1.2114999999999998,0.4153681665539902,0.4153681665539902,0.09186123744996627,0.28547127103505143,4,6.764809823422979e-10,1.681428329902701e-10,-5.555555555553864e-07,-8.398997902363617e-08,-6.527268222789235e-12
69360.0,1.2114666666666667,0.41483906153895533,0.41483906153895533,0.09174875938048198,0.28515057765904184,4,6.766501942090386e-10,9.185896487906575e-11,-5.555555555555552e-07,-8.388799623671207e-08,-6.543723685479528e-12
69420.0,1.2114333333333334,0.4143113573713643,0.4143113573713643,0.09163672349617545,0.2848307535534912,4,6.768136745494147e-10,9.094947017729282e-11,-5.555555555554568e-07,-8.378641264569088e-08,-6.560293372005361e-12
69480.0,1.2114,0.4137850493724573,0.4137850493724573,0.09152512708932364,0.284511795296721,4,6.769735882983241e-10,9.032419256982394e-11,-5.555555555555251e-07,-8.368522533061625e-08,-6.576973716000684e-12
69540.0,1.2113666666666667,0.41326013288201124,0.41326013288201124,0.09141396748842347,0.2841936994880393,4,6.771255917081831e-10,1.5188561519607902e-10,-5.555555555554347e-07,-8.35844322194423e-08,-6.59376123873427e-12
69600.0,1.2113333333333336,0.4127366032583021,0.4127366032583021,0.09130324205718376,0.28387646274745953,4,6.772727101367337e-10,9.725908967084251e-11,-5.555555555555108e-07,-8.348403092495914e-08,-6.610652611115174e-12
69660.0,1.2112999999999998,0.41221445587805056,0.41221445587805056,0.0911929481936748,0.2835600817154261,4,6.774143468391003e-10,1.5853629520279355e-10,-5.555555555555366e-07,-8.338401934112268e-08,-6.627644560982328e-12
69720.0,1.2112666666666667,0.41169368613637375,0.41169368613637375,0.09108308332937352,0.2832445530525481,4,6.775492389365922e-10,1.1243628250667825e-10,-5.555555555554037e-07,-8.328439451179472e-08,-6.644733930755724e-12
69780.0,1.2112333333333334,0.41117428944672013,0.41117428944672013,0.09097364492832513,0.2829298734393391,4,6.776797317753491e-10,1.1181100489920937e-10,-5.555555555555459e-07,-8.318515460911541e-08,-6.661917670448389e-12
69840.0,1.2112,0.41065626124080135,0.41065626124080135,0.0908646304862601,0.28261603957596415,4,6.778043126764999e-10,8.833467290969566e-11,-5.555555555555293e-07,-8.308629718309618e-08,-6.679192806359257e-12
69900.0,1.211166666666667,0.4101395969685313,0.4101395969685313,0.09075603752976208,0.28230304818199403,4,6.779228151065908e-10,1.5899104255368002e-10,-5.555555555554621e-07,-8.298782039924153e-08,-6.696556456352845e-12
69960.0,1.2111333333333334,0.409624292097943,0.409624292097943,0.0906478636155488,0.2819908959961643,4,6.780338651646289e-10,8.975575838121586e-11,-5.55555555555508e-07,-8.288972152133858e-08,-6.714005826755675e-12
70020.0,1.2111,0.4091103421151127,0.4091103421151127,0.09054010632959071,0.2816795797761421,4,6.781410988310199e-10,8.219558367272839e-11,-5.555555555555571e-07,-8.279199885537565e-08,-6.731538222030975e-12
70080.0,1.211066666666667,0.4085977425240678,0.4085977425240678,0.0904327632864163,0.28136909629829926,4,6.782411715589021e-10,1.0152234608540311e-10,-5.555555555555564e-07,-8.269464971738146e-08,-6.749151016978797e-12
70140.0,1.2110333333333334,0.40808648884671395,0.40808648884671395,0.09032583212836214,0.28105944235748903,4,6.783349576489073e-10,1.631974555493798e-10,-5.555555555555594e-07,-8.259767266603967e-08,-6.7668416491987435e-12
70200.0,1.211,0.40757657662272745,0.40757657662272745,0.09021931052490735,0.2807506147668316,4,6.784228873124576e-10,1.0874146028072573e-10,-5.555555555555557e-07,-8.250106509293095e-08,-6.784607663334207e-12
70260.0,1.210966666666667,0.4070680014094757,0.4070680014094757,0.09011319617197179,0.28044261035750206,4,6.785045858492822e-10,1.630837687116582e-10,-5.555555555555497e-07,-8.240482488802169e-08,-6.802446659661438e-12
70320.0,1.2109333333333334,0.4065607587819099,0.4065607587819099,0.09000748679126176,0.28013542597852575,4,6.785797757036249e-10,1.1817746781161986e-10,-5.555555555555551e-07,-8.230895042942337e-08,-6.820356308965563e-12
70380.0,1.2108999999999999,0.40605484433247213,0.40605484433247213,0.08990218012963397,0.2798290584965776,4,6.786477491083076e-10,9.953282642527483e-11,-5.555555555556186e-07,-8.221343950531611e-08,-6.838334353215563e-12
70440.0,1.2108666666666668,0.40555025367098857,0.40555025367098857,0.08979727395849346,0.27952350479578686,4,6.787096301641427e-10,9.737277650856413e-11,-5.555555555556319e-07,-8.211828989037497e-08,-6.85637860651057e-12
70500.0,1.2108333333333334,0.40504698242457143,0.40504698242457143,0.08969276607320803,0.2792187617775468,4,6.78766293171762e-10,1.2465761756175198e-10,-5.555555555555948e-07,-8.20234998254599e-08,-6.8744869324482016e-12
70560.0,1.2108000000000003,0.4045450262375107,0.4045450262375107,0.08958865429252924,0.2789148263603278,4,6.788170164861995e-10,1.0129497240995988e-10,-5.55555555555616e-07,-8.192906729393112e-08,-6.892657278316902e-12
70620.0,1.2107666666666665,0.40404438077117016,0.40404438077117016,0.08948493645806561,0.2786116954794965,4,6.788604817176136e-10,1.0118128557223827e-10,-5.555555555556952e-07,-8.183499057822946e-08,-6.91088761068835e-12
70680.0,1.2107333333333337,0.4035450417038783,0.4035450417038783,0.08938161043370972,0.2783093660871382,4,6.788971745885775e-10,1.2710188457276672e-10,-5.555555555556158e-07,-8.174126707212939e-08,-6.929175995382663e-12
70740.0,1.2106999999999999,0.40304700473081967,0.40304700473081967,0.0892786741051912,0.2780078351518833,4,6.789271644880301e-10,1.6973444871837273e-10,-5.555555555557028e-07,-8.16478958499662e-08,-6.947520526019844e-12
70800.0,1.2106666666666668,0.4025502655639301,0.4025502655639301,0.08917612537953808,0.27770709965873813,4,6.789500073267618e-10,8.554934538551606e-11,-5.555555555557396e-07,-8.15548741585745e-08,-6.96591935684231e-12
70860.0,1.2106333333333332,0.402054819931783,0.402054819931783,0.0890739621845946,0.27740715660891957,4,6.789678957952461e-10,9.941913958755322e-11,-5.555555555556179e-07,-8.146220068930702e-08,-6.984370700153937e-12
70920.0,1.2106000000000003,0.4015606635794829,0.4015606635794829,0.08897218246860637,0.27710800301969335,4,6.789780265803458e-10,9.555378710501827e-11,-5.555555555556625e-07,-8.136987342355719e-08,-7.002872798784877e-12
70980.0,1.2105666666666666,0.4010677922685539,0.4010677922685539,0.08887078419973349,0.2768096359242153,4,6.789816486829636e-10,1.063540366885718e-10,-5.555555555557653e-07,-8.127789064120269e-08,-7.021423963188951e-12
71040.0,1.2105333333333335,0.4005762017768317,0.4005762017768317,0.08876976536565527,0.27651205237137744,4,6.789785816918581e-10,1.0845724318642169e-10,-5.555555555558178e-07,-8.118625047118839e-08,-7.0400225319639705e-12
71100.0,1.2105,0.40008588789835536,0.40008588789835536,0.08866912397314093,0.2762152494256557,4,6.789697415410245e-10,1.43302258948097e-10,-5.555555555558201e-07,-8.109495072869784e-08,-7.058666895138532e-12
71160.0,1.2104666666666666,0.3995968464432565,0.3995968464432565,0.08856885804762628,0.2759192241669618,4,6.789535045292894e-10,1.056719156622421e-10,-5.555555555555552e-07,-8.100399032296775e-08,-7.0773554886861514e-12
71220.0,1.2104333333333333,0.3991090732376527,0.3991090732376527,0.08846896563290035,0.27562397369049874,4,6.78929773512138e-10,1.120383785746526e-10,-5.555555555556737e-07,-8.091336707503128e-08,-7.096086771516407e-12
71280.0,1.2104000000000001,0.3986225641235384,0.3986225641235384,0.08836944479064887,0.27532949510661786,4,6.789003942353489e-10,1.0589928933768533e-10,-5.555555555556336e-07,-8.082307918083529e-08,-7.11485927225366e-12
71340.0,1.2103666666666668,0.39813731495868215,0.39813731495868215,0.08827029360014697,0.27503578554068064,4,6.788644507649266e-10,1.0430767360958271e-10,-5.555555555556516e-07,-8.073312529319761e-08,-7.133671524233893e-12
71400.0,1.2103333333333335,0.39765332161651734,0.39765332161651734,0.08817151015789211,0.274742842132921,4,6.78821096555815e-10,1.0714984455262311e-10,-5.555555555556193e-07,-8.064350350998209e-08,-7.152522114149546e-12
71460.0,1.2103,0.3971705799860379,0.3971705799860379,0.08807309257726782,0.2744506620383125,4,6.787711642752825e-10,1.1925749276997522e-10,-5.55555555555645e-07,-8.055421229636163e-08,-7.171409668331554e-12
71520.0,1.2102666666666666,0.39668908597169406,0.39668908597169406,0.08797503898822953,0.27415924242643674,4,6.787153894460829e-10,9.350742402602918e-11,-5.555555555556205e-07,-8.046524973625115e-08,-7.1903328350741524e-12
71580.0,1.2102333333333333,0.39620883549329217,0.39620883549329217,0.08787734753697936,0.27386858048135515,4,6.786509548772912e-10,1.3591261449619196e-10,-5.555555555555459e-07,-8.037661408169652e-08,-7.209290293985325e-12
71640.0,1.2102000000000002,0.3957298244858935,0.3957298244858935,0.08778001638566076,0.27357867340148206,4,6.7858056673753e-10,1.213606992678251e-10,-5.555555555556377e-07,-8.028830383450144e-08,-7.228280771603975e-12
71700.0,1.2101666666666668,0.39525204889970894,0.39525204889970894,0.08768304371206576,0.2732895183994626,4,6.785040584933455e-10,8.941469786805101e-11,-5.55555555555679e-07,-8.020031754706796e-08,-7.247303008246527e-12
71760.0,1.2101333333333333,0.3947755047000052,0.3947755047000052,0.08758642770935583,0.273001112702049,4,6.784210970778304e-10,9.509903975413181e-11,-5.555555555556164e-07,-8.011265348048826e-08,-7.266355788116298e-12
71820.0,1.2100999999999997,0.3943001878670058,0.3943001878670058,0.08749016658577337,0.272713453549983,4,6.783296702117525e-10,1.063540366885718e-10,-5.555555555555571e-07,-8.002531005177636e-08,-7.285437902980346e-12
71880.0,1.2100666666666666,0.3938260943957928,0.3938260943957928,0.08739425856438243,0.2724265381978783,4,6.782314848630122e-10,1.0362555258325301e-10,-5.555555555555564e-07,-7.993828502404868e-08,-7.304548194607143e-12
71940.0,1.210033333333333,0.39335322029621694,0.39335322029621694,0.08729870188280091,0.2721403639141055,4,6.78126652053912e-10,9.549694368615746e-11,-5.555555555555594e-07,-7.985157807709119e-08,-7.32368552004484e-12
72000.0,1.21,0.39288156159279847,0.39288156159279847,0.08720349479296638,0.27185492798067856,4,6.780161154740227e-10,1.0442136044730432e-10,-5.555555555555562e-07,-7.976518656621292e-08,-7.34284876303967e-12
72060.0,1.2099666666666666,0.3924111143246399,0.3924111143246399,0.08710863556085273,0.27157022769314487,4,6.77898251422171e-10,1.3096723705530167e-10,-5.555555555555497e-07,-7.967910948534202e-08,-7.362036834532258e-12
72120.0,1.2099333333333333,0.39194187454533175,0.39194187454533175,0.08701412246629256,0.27128626036047554,4,6.777731431650835e-10,1.176658770418726e-10,-5.555555555555009e-07,-7.959334515441744e-08,-7.381248659141483e-12
72180.0,1.2098999999999998,0.39147383832286625,0.39147383832286625,0.08691995380269649,0.2710030233049574,4,6.776402078356725e-10,1.3733369996771216e-10,-5.555555555555644e-07,-7.950789231259166e-08,-7.400483205359887e-12
72240.0,1.2098666666666666,0.39100700173954633,0.39100700173954633,0.08682612787684438,0.27072051386208923,4,6.775012495463528e-10,9.271161616197787e-11,-5.555555555554692e-07,-7.942274878552604e-08,-7.419739440171235e-12
72300.0,1.2098333333333333,0.3905413608919074,0.3905413608919074,0.08673264300867618,0.27043872938047614,4,6.773556993078245e-10,1.0544454198679887e-10,-5.555555555554864e-07,-7.93379135780297e-08,-7.439016368278725e-12
72360.0,1.2098000000000004,0.39007691189062205,0.39007691189062205,0.08663949753109566,0.2701576672217284,4,6.772039318203582e-10,8.822098607197404e-11,-5.555555555555076e-07,-7.92533847973584e-08,-7.458313015313228e-12
72420.0,1.2097666666666664,0.38961365086042316,0.38961365086042316,0.08654668978973012,0.2698773247603611,4,6.770448784942928e-10,8.702727427589707e-11,-5.555555555555868e-07,-7.91691618933151e-08,-7.477628410720568e-12
72480.0,1.2097333333333335,0.38915157394002514,0.38915157394002514,0.08645421814278262,0.2695976993836947,4,6.768772764509379e-10,9.509903975413181e-11,-5.555555555553989e-07,-7.90852423644777e-08,-7.496961618502871e-12
72540.0,1.2096999999999998,0.38869067728203455,0.38869067728203455,0.08636208096075361,0.26931878849175844,4,6.767045812594574e-10,1.0584244591882452e-10,-5.55555555555486e-07,-7.900162535117041e-08,-7.516311732874203e-12
72600.0,1.209666666666667,0.3882309570528781,0.3882309570528781,0.08627027662636691,0.2690405894971936,4,6.765240034845021e-10,9.902123565552756e-11,-5.555555555554144e-07,-7.891830892400296e-08,-7.535677830297338e-12
72660.0,1.2096333333333331,0.38777240943272573,0.38777240943272573,0.08617880353428684,0.2687630998251598,4,6.763385268504507e-10,1.0277290130034089e-10,-5.55555555555401e-07,-7.883529210400686e-08,-7.555059040578271e-12
72720.0,1.2096000000000002,0.3873150306154088,0.3873150306154088,0.08608766009100265,0.2684863169132421,4,6.761454590664684e-10,1.0186340659856796e-10,-5.555555555553372e-07,-7.875257327312218e-08,-7.574454504226714e-12
72780.0,1.2095666666666665,0.3868588168083534,0.3868588168083534,0.08599684471464426,0.268210238211359,4,6.759434678649257e-10,1.0135181582882069e-10,-5.555555555553316e-07,-7.867015114966947e-08,-7.593863346399908e-12
72840.0,1.2095333333333333,0.38640376423249967,0.38640376423249967,0.08590635583480287,0.267934861181672,4,6.757356063591402e-10,1.503508428868372e-10,-5.555555555556009e-07,-7.85880241416859e-08,-7.61328475442599e-12
72900.0,1.2095,0.3859498691222344,0.3859498691222344,0.08581619189235276,0.26766018329849717,4,6.75522526805139e-10,9.953282642527483e-11,-5.555555555553864e-07,-7.850619058003543e-08,-7.632717914398939e-12
72960.0,1.2094666666666667,0.38549712772532,0.38549712772532,0.08572635133935239,0.2673862020482177,4,6.753007875115458e-10,8.810729923425242e-11,-5.555555555555552e-07,-7.842464990276932e-08,-7.652162006354468e-12
73020.0,1.2094333333333334,0.38504553630282295,0.38504553630282295,0.08563683263880639,0.26711291492919664,4,6.750727754578634e-10,8.736833478906192e-11,-5.555555555556737e-07,-7.83434000325223e-08,-7.671616256779442e-12
73080.0,1.2094000000000003,0.38459509112904605,0.38459509112904605,0.08554763426458198,0.2668403194516924,4,6.74838476766304e-10,1.0822986951097846e-10,-5.555555555554167e-07,-7.826243971494871e-08,-7.691079892309619e-12
73140.0,1.209366666666667,0.3841457884914659,0.3841457884914659,0.08545875470125752,0.26656841313777396,4,6.74596434269148e-10,9.441691872780211e-11,-5.555555555555431e-07,-7.818176804974909e-08,-7.710552148563939e-12
73200.0,1.2093333333333334,0.3836976246906612,0.3836976246906612,0.08537019244392118,0.2662971935212386,4,6.743479386006612e-10,8.913048077374697e-11,-5.555555555554024e-07,-7.810138338664744e-08,-7.730032292124366e-12
73260.0,1.2092999999999998,0.38325059604025463,0.38325059604025463,0.08528194599810163,0.2660266581475299,4,6.740931007831463e-10,1.0288658813806251e-10,-5.555555555554281e-07,-7.802128431666206e-08,-7.749519578270269e-12
73320.0,1.2092666666666667,0.382804698866844,0.382804698866844,0.08519401387958275,0.2657568045736569,4,6.73832156738996e-10,8.657252692501061e-11,-5.555555555554037e-07,-7.794146921229537e-08,-7.769013297763754e-12
73380.0,1.2092333333333336,0.3823599295099431,0.3823599295099431,0.08510639461430648,0.2654876303681142,4,6.735644819677589e-10,1.035118657455314e-10,-5.555555555554375e-07,-7.786193745837952e-08,-7.788512745310929e-12
73440.0,1.2092,0.3819162843219196,0.3819162843219196,0.08501908673819956,0.26521913311080414,4,6.732881058235662e-10,9.453060556552373e-11,-5.555555555555293e-07,-7.778268718159953e-08,-7.808017218790961e-12
73500.0,1.209166666666667,0.38147375966793745,0.38147375966793745,0.08493208879709334,0.2649513103929583,4,6.730060814197358e-10,1.5842260836507194e-10,-5.555555555554621e-07,-7.770371745010055e-08,-7.827526049140468e-12
73560.0,1.2091333333333334,0.3810323519258969,0.3810323519258969,0.08484539934658458,0.2646841598170614,4,6.727173817999699e-10,8.918732419260778e-11,-5.55555555555508e-07,-7.762502678147498e-08,-7.84703855907058e-12
73620.0,1.2091,0.3805920574863769,0.3805920574863769,0.08475901695190324,0.2644176789967755,4,6.724216322639975e-10,9.748646334628575e-11,-5.555555555555029e-07,-7.754661419793e-08,-7.866554093970415e-12
73680.0,1.2090666666666667,0.38015287275257365,0.38015287275257365,0.08467294018780573,0.2641518655568649,4,6.721194156789068e-10,1.0146550266654231e-10,-5.555555555555022e-07,-7.746847767900575e-08,-7.886072005608303e-12
73740.0,1.2090333333333334,0.37971479414025217,0.37971479414025217,0.08458716763844594,0.26388671713312273,4,6.71810412855578e-10,1.0766143532237038e-10,-5.555555555555323e-07,-7.739061679190565e-08,-7.905591652009372e-12
73800.0,1.209,0.37927781807768807,0.37927781807768807,0.08450169789730268,0.26362223137229795,4,6.714948597164039e-10,1.7405454855179414e-10,-5.555555555555562e-07,-7.731302992998778e-08,-7.925112425053596e-12
73860.0,1.208966666666667,0.37884194100561547,0.37884194100561547,0.08441652956701508,0.2633584059320227,4,6.711727701391723e-10,9.544010026729666e-11,-5.555555555555497e-07,-7.723571551553299e-08,-7.944633686590985e-12
73920.0,1.2089333333333332,0.3784071593771703,0.3784071593771703,0.08433166125930269,0.26309523848074234,4,6.708433947233416e-10,1.0192025001742877e-10,-5.555555555556093e-07,-7.71586731804377e-08,-7.964154838953769e-12
73980.0,1.2089,0.3779734696578404,0.3779734696578404,0.08424709159487714,0.2628327266976438,4,6.705086624814172e-10,1.0732037480920553e-10,-5.555555555555644e-07,-7.708190100833561e-08,-7.983675296911663e-12
74040.0,1.2088666666666668,0.3775408683254118,0.3775408683254118,0.08416281920329702,0.2625708682725866,4,6.701669635900132e-10,8.941469786805101e-11,-5.555555555556319e-07,-7.700539770598868e-08,-8.003194460318663e-12
74100.0,1.2088333333333334,0.37710935186992567,0.37710935186992567,0.0840788427229078,0.26230966090603425,4,6.698163690366243e-10,1.1050360626541078e-10,-5.555555555555948e-07,-7.69291625270965e-08,-8.022711755548177e-12
74160.0,1.2088000000000003,0.37667891679362014,0.37667891679362014,0.08399516080072647,0.26204910230898604,4,6.694618193137103e-10,1.7007550923153758e-10,-5.55555555555616e-07,-7.685319368020133e-08,-8.04222661777812e-12
74220.0,1.2087666666666668,0.37624955961088435,0.37624955961088435,0.0839117720923436,0.26178919020290947,4,6.691007331527388e-10,8.810729923425242e-11,-5.555555555555868e-07,-7.677749085918208e-08,-8.06173849536505e-12
74280.0,1.2087333333333337,0.3758212768482112,0.3758212768482112,0.08382867526182826,0.26152992231967476,4,6.687314868525362e-10,1.333546606474556e-10,-5.555555555556158e-07,-7.670205202258092e-08,-8.08124681715068e-12
74340.0,1.2086999999999999,0.3753940650441496,0.3753940650441496,0.08374586898165831,0.26127129640148794,4,6.683568420928765e-10,1.2170175978098996e-10,-5.555555555555944e-07,-7.662687642689604e-08,-8.100751050232175e-12
74400.0,1.2086666666666668,0.3749679207492564,0.3749679207492564,0.08366335193258416,0.2610133102008265,4,6.679750780280713e-10,1.127773430198431e-10,-5.555555555557396e-07,-7.65519625760047e-08,-8.120250667487032e-12
74460.0,1.2086333333333332,0.37454284052605313,0.37454284052605313,0.08358112280358741,0.2607559614803754,4,6.675877906037186e-10,9.310952009400353e-11,-5.555555555556179e-07,-7.647730971681835e-08,-8.139745140336915e-12
74520.0,1.2086000000000003,0.3741188209489779,0.3741188209489779,0.08349918029177056,0.2604992480129624,4,6.671941055191866e-10,9.623590813134797e-11,-5.555555555556625e-07,-7.640291629160106e-08,-8.159233942347539e-12
74580.0,1.2085666666666666,0.3736958586043382,0.3736958586043382,0.08341752310226973,0.26024316758149607,4,6.667911639501867e-10,8.560618880437687e-11,-5.555555555557653e-07,-7.63287814460066e-08,-8.178716562404002e-12
74640.0,1.2085333333333335,0.373273950090273,0.373273950090273,0.08333614994817952,0.2599877179789032,4,6.663854051902618e-10,1.028297447192017e-10,-5.555555555558178e-07,-7.625490384315778e-08,-8.198192514474829e-12
74700.0,1.2085,0.37285309201670486,0.37285309201670486,0.08325505955046827,0.25973289700806684,4,6.659714862911059e-10,8.111555871437304e-11,-5.555555555556033e-07,-7.618128233593653e-08,-8.217661291160815e-12
74760.0,1.2084666666666666,0.3724332810052967,0.3724332810052967,0.08317425063789498,0.25947870248176585,4,6.655509615649535e-10,8.594724931754172e-11,-5.555555555555552e-07,-7.610791585007127e-08,-8.237122394886352e-12
74820.0,1.2084333333333332,0.3720145136894136,0.3720145136894136,0.0830937219469549,0.259225132222614,4,6.651248996014658e-10,1.0845724318642169e-10,-5.555555555556737e-07,-7.603480325985185e-08,-8.256575361864505e-12
74880.0,1.2084000000000001,0.3715967867140747,0.3715967867140747,0.08301347222175494,0.25897218406300043,4,6.646914546548643e-10,1.1289102985756472e-10,-5.555555555556336e-07,-7.596194356070564e-08,-8.276019701080862e-12
74940.0,1.2083666666666668,0.37118009673591434,0.37118009673591434,0.0829335002139904,0.25871985584503054,4,6.642519728705665e-10,9.356426744488999e-11,-5.555555555556516e-07,-7.588933536508766e-08,-8.295454956613323e-12
75000.0,1.2083333333333335,0.37076444042314505,0.37076444042314505,0.08285380468282016,0.2584681454204672,4,6.638065930264503e-10,1.1959855328314006e-10,-5.555555555556193e-07,-7.581697804979172e-08,-8.314880664006591e-12
75060.0,1.2083,0.37034981445550796,0.37034981445550796,0.08277438439482955,0.258217050650673,4,6.633547877665791e-10,1.0550138540565968e-10,-5.55555555555645e-07,-7.574487014176992e-08,-8.334296370806105e-12
75120.0,1.2082666666666666,0.3699362155242411,0.3699362155242411,0.08269523812394726,0.2579665694065527,4,6.628958076904112e-10,1.0578560249996372e-10,-5.555555555556205e-07,-7.567301045428844e-08,-8.353701622380166e-12
75180.0,1.2082333333333335,0.36952364033203466,0.36952364033203466,0.08261636465138564,0.25771669956849597,4,6.624328446891425e-10,1.0084022505907342e-10,-5.555555555555459e-07,-7.560139796383842e-08,-8.373095983866692e-12
75240.0,1.2082000000000002,0.3691120855929973,0.3691120855929973,0.0825377627655537,0.25746743902632174,4,6.619614856262501e-10,1.0948042472591624e-10,-5.555555555556377e-07,-7.55300316478766e-08,-8.392479006086756e-12
75300.0,1.2081666666666668,0.3687015480326094,0.3687015480326094,0.08245943126199563,0.25721878567922213,4,6.614844366703565e-10,1.1687006917782128e-10,-5.55555555555679e-07,-7.545891096576725e-08,-8.411850272501982e-12
75360.0,1.2081333333333333,0.3682920243876892,0.3682920243876892,0.08238136894333538,0.2569707374357064,4,6.610022668107618e-10,9.822542779147625e-11,-5.555555555556164e-07,-7.53880338310497e-08,-8.431209356379817e-12
75420.0,1.2081,0.36788351140636005,0.36788351140636005,0.08230357461918152,0.25672329221354745,4,6.605124086567216e-10,9.828227121033706e-11,-5.555555555556113e-07,-7.531740007228956e-08,-8.450555830375595e-12
75480.0,1.2080666666666666,0.36747600584800155,0.36747600584800155,0.08222604710611496,0.2564764479397267,4,6.600176100102217e-10,8.532197171007283e-11,-5.555555555555564e-07,-7.524700800128748e-08,-8.469889288049161e-12
75540.0,1.208033333333333,0.36706950448321674,0.36706950448321674,0.08214878522755455,0.25623020255038104,4,6.595160251254839e-10,9.185896487906575e-11,-5.555555555555594e-07,-7.517685718816238e-08,-8.489209326374958e-12
75600.0,1.208,0.36666400409380034,0.36666400409380034,0.08207178781376663,0.2559845539907488,4,6.590091944369547e-10,1.211901690112427e-10,-5.555555555555562e-07,-7.510694585901552e-08,-8.508515535293087e-12
75660.0,1.2079666666666666,0.3662595014726946,0.3662595014726946,0.08199505370175973,0.25573950021511743,4,6.584960632327608e-10,9.913492249324918e-11,-5.555555555555226e-07,-7.50372734779427e-08,-8.52780751900755e-12
75720.0,1.2079333333333333,0.3658559934239564,0.3658559934239564,0.08191858173524545,0.25549503918677086,4,6.579744665780041e-10,1.0260237104375847e-10,-5.555555555555009e-07,-7.496783885390041e-08,-8.547084881239278e-12
75780.0,1.2078999999999998,0.36545347676272294,0.36545347676272294,0.08184237076455231,0.25525116887793803,4,6.574505384548956e-10,1.0260237104375847e-10,-5.555555555555644e-07,-7.489864123188581e-08,-8.566347250382344e-12
75840.0,1.2078666666666666,0.3650519483151705,0.3650519483151705,0.08176641964658174,0.25500788726974166,4,6.56918394681405e-10,1.0737721822806634e-10,-5.555555555554692e-07,-7.482967928322949e-08,-8.585594232493634e-12
75900.0,1.2078333333333333,0.3646514049184818,0.3646514049184818,0.08169072724477625,0.2547651923521469,4,6.56380352848096e-10,1.106172931031324e-10,-5.55555555555378e-07,-7.476095204303555e-08,-8.604825454693365e-12
75960.0,1.2078000000000004,0.3642518434208138,0.3642518434208138,0.0816152924290283,0.254523082123911,4,6.558372317444494e-10,9.106315701501444e-11,-5.555555555553991e-07,-7.46924584238221e-08,-8.624040542768334e-12
76020.0,1.2077666666666667,0.36385326068125856,0.36385326068125856,0.08154011407564217,0.2542815545925333,4,6.552871856246867e-10,1.2147438610554673e-10,-5.555555555555868e-07,-7.462419787625272e-08,-8.643239135465609e-12
76080.0,1.2077333333333335,0.36345565356980786,0.36345565356980786,0.08146519106726971,0.2540406077742055,4,6.547327402461889e-10,9.754330676514655e-11,-5.555555555553989e-07,-7.45561688735522e-08,-8.662420872703541e-12
76140.0,1.2076999999999998,0.3630590189673197,0.3630590189673197,0.08139052229286585,0.2538002396937626,4,6.54172091496541e-10,8.770939530222677e-11,-5.55555555555486e-07,-7.448837087440888e-08,-8.68158538190344e-12
76200.0,1.2076666666666669,0.36266335376548753,0.36266335376548753,0.08131610664762233,0.2535604483846342,4,6.536041291527184e-10,1.7257661966141313e-10,-5.555555555554144e-07,-7.442080215764336e-08,-8.700732321595223e-12
76260.0,1.2076333333333331,0.3622686548668001,0.3622686548668001,0.08124194303291758,0.2533212318887961,4,6.530328916509731e-10,1.1658585208351724e-10,-5.555555555555095e-07,-7.435346262310585e-08,-8.719861347125815e-12
76320.0,1.2076000000000002,0.361874919184512,0.361874919184512,0.08116803035629704,0.2530825882567224,4,6.524532025764529e-10,1.155626705440227e-10,-5.555555555554456e-07,-7.428635096324683e-08,-8.73897209665002e-12
76380.0,1.2075666666666665,0.36148214364260783,0.36148214364260783,0.0810943675313866,0.25284451554733783,4,6.518685313761097e-10,9.913492249324918e-11,-5.555555555553316e-07,-7.421946617292787e-08,-8.758064249777627e-12
76440.0,1.2075333333333333,0.3610903251757687,0.3610903251757687,0.08102095347782379,0.2526070118279705,4,6.512787809054288e-10,9.345058060716838e-11,-5.555555555553841e-07,-7.415280710335038e-08,-8.77713746040634e-12
76500.0,1.2074999999999998,0.36069946072933795,0.36069946072933795,0.08094778712128148,0.2523700751743057,4,6.506834515640492e-10,1.0186340659856796e-10,-5.555555555556033e-07,-7.40863730136553e-08,-8.796191396029407e-12
76560.0,1.2074666666666667,0.3603095472592899,0.3603095472592899,0.08087486739334962,0.25213370367033866,4,6.500811833287656e-10,9.407585821463726e-11,-5.555555555555552e-07,-7.402016299855076e-08,-8.815225735058856e-12
76620.0,1.2074333333333334,0.359920581732198,0.359920581732198,0.08080219323152595,0.25189789540832946,4,6.494744742013836e-10,1.4694023775518872e-10,-5.555555555554568e-07,-7.395417613025784e-08,-8.834240150407623e-12
76680.0,1.2074,0.35953256112519605,0.35953256112519605,0.08072976357913697,0.2516626484887565,4,6.488611731247929e-10,9.532641342957504e-11,-5.555555555555251e-07,-7.38884110614419e-08,-8.853234323554921e-12
76740.0,1.207366666666667,0.3591454824259503,0.3591454824259503,0.08065757738532964,0.2514279610202722,4,6.482432507448621e-10,1.2386180969770066e-10,-5.555555555554347e-07,-7.382286718976426e-08,-8.872207939275455e-12
76800.0,1.2073333333333336,0.3587593426326267,0.3587593426326267,0.08058563360500874,0.25119383111965693,4,6.476184588599665e-10,9.157474778476171e-11,-5.555555555555108e-07,-7.375754388449031e-08,-8.89116068257554e-12
76860.0,1.2072999999999998,0.35837413875385477,0.35837413875385477,0.08051393119876571,0.25096025691177554,4,6.469895730276676e-10,1.0481926437932998e-10,-5.555555555555366e-07,-7.369243999438537e-08,-8.910092253522792e-12
76920.0,1.2072666666666667,0.3579898678087019,0.3579898678087019,0.08044246913286543,0.25072723652953277,4,6.463546503576723e-10,1.2721557141048834e-10,-5.555555555554037e-07,-7.362755408367439e-08,-8.929002339611687e-12
76980.0,1.2072333333333334,0.3576065268266326,0.3576065268266326,0.08037124637920148,0.2504947681138294,4,6.457143153504319e-10,1.0339817890780978e-10,-5.555555555555459e-07,-7.356288597837172e-08,-8.94789064961509e-12
77040.0,1.2072,0.35722411284748157,0.35722411284748157,0.08030026191525864,0.25026284981351854,4,6.450677630942536e-10,1.0550138540565968e-10,-5.555555555555293e-07,-7.349843431260116e-08,-8.966756868886733e-12
77100.0,1.2071666666666667,0.35684262292142366,0.35684262292142366,0.0802295147240354,0.25003147978536255,4,6.444177552689112e-10,9.589484761818312e-11,-5.555555555554621e-07,-7.343419840890746e-08,-8.985600726333059e-12
77160.0,1.2071333333333334,0.3564620541089349,0.3564620541089349,0.08015900379401583,0.2498006561939904,4,6.437603228270916e-10,1.0822986951097846e-10,-5.55555555555508e-07,-7.337017721664957e-08,-9.004421919722123e-12
77220.0,1.2071,0.35608240348076714,0.35608240348076714,0.08008872811916792,0.24957037721185518,4,6.430981164262661e-10,8.986944521893747e-11,-5.555555555555029e-07,-7.330636996364516e-08,-9.023220163193541e-12
77280.0,1.2070666666666667,0.3557036681179132,0.3557036681179132,0.08001868669884762,0.24934064101919168,4,6.424314968889178e-10,9.5042196335271e-11,-5.555555555555022e-07,-7.324277557731505e-08,-9.04199518134911e-12
77340.0,1.2070333333333334,0.355325845111577,0.355325845111577,0.07994887853777735,0.2491114458039743,4,6.417577858019996e-10,1.1544898370630108e-10,-5.555555555555323e-07,-7.317939348121942e-08,-9.060746681883052e-12
77400.0,1.207,0.35494893156313967,0.35494893156313967,0.07987930264601163,0.24888278976187633,4,6.410802028122831e-10,1.1618794815149158e-10,-5.555555555555557e-07,-7.31162225347505e-08,-9.079474401874355e-12
77460.0,1.2069655925925928,0.35457292458412076,0.35457292458412076,0.07981251994763584,0.24865496437347848,4,6.023579829372849e-10,9.015366231324151e-11,-5.901846707818872e-07,-7.760947902453355e-08,-9.481372382680886e-12
77520.0,1.206929185185185,0.35419782129611493,0.35419782129611493,0.07974925515849078,0.2484281985613657,4,5.782620215999401e-10,1.2960299500264227e-10,-6.2172788065849e-07,-8.16936727260863e-08,-1.0056745338336455e-11
77580.0,1.2068910000000002,0.3538236188307874,0.3538236188307874,0.07968815984712815,0.24820240691210463,4,5.623528726017568e-10,9.5042196335271e-11,-6.495673868313389e-07,-8.528758079576554e-08,-1.0653527281554429e-11
77640.0,1.2068512592592593,0.3534503143298735,0.3534503143298735,0.0796284671714144,0.24797751215092434,4,5.52015946841955e-10,1.1596057447604835e-10,-6.737031893004879e-07,-8.839173836751337e-08,-1.1228895354716875e-11
77700.0,1.2068101851851851,0.3530779049451323,0.3530779049451323,0.07956963942449106,0.2477534423077386,4,5.45890416203676e-10,9.28821464185603e-11,-6.94135288065883e-07,-9.100675457971379e-08,-1.1761561821588493e-11
77760.0,1.2067680000000003,0.3527063878383259,0.3527063878383259,0.07951126441671938,0.24753012937666147,4,5.431529531696455e-10,1.1607426131376997e-10,-7.108636831276325e-07,-9.313327087203375e-08,-1.2238791274436072e-11
77820.0,1.2067249259259258,0.35233576018117835,0.35233576018117835,0.07945300911840877,0.24730750852467975,4,5.43255024298972e-10,1.0089706847793423e-10,-7.238883744857365e-07,-9.4771952495163e-08,-1.2652125309570905e-11
77880.0,1.2066811851851855,0.3519660191553559,0.3519660191553559,0.07939459482977329,0.24708551756917732,4,5.458067470209826e-10,1.0044232112704776e-10,-7.33209362139978e-07,-9.592348911772676e-08,-1.2995543078886431e-11
77940.0,1.206637,0.3515971619524315,0.3515971619524315,0.07933578234848598,0.24686409660744804,4,5.505213229728412e-10,1.0538769856793806e-10,-7.388266460906824e-07,-9.658860316572656e-08,-1.3264537661849067e-11
78000.0,1.2065925925925929,0.3512291857738469,0.3512291857738469,0.07927636242001679,0.24664318774040364,4,5.571853672892146e-10,1.7411139197065495e-10,-7.407402263375244e-07,-9.676805402716437e-08,-1.3455601751579263e-11
78060.0,1.2065481851851851,0.35086208783089146,0.35086208783089146,0.07921614924055444,0.24642273485858449,4,5.656252272112638e-10,1.1823431123048067e-10,-7.389501028806124e-07,-9.64626481208215e-08,-1.3565918704391564e-11
78120.0,1.2065040000000002,0.35049586534466926,0.35049586534466926,0.07915497584442831,0.24620268347144406,4,5.757147814033914e-10,9.14610609470401e-11,-7.334562757201632e-07,-9.567324350501398e-08,-1.3593166044108819e-11
78180.0,1.2064602592592593,0.3501305155460652,0.3501305155460652,0.07909269071620684,0.2459829805678695,4,5.873480035667455e-10,1.6922285794862546e-10,-7.242587448561769e-07,-9.440075840323162e-08,-1.3535384442886779e-11
78240.0,1.2064171851851853,0.3497660356757166,0.3497660356757166,0.07902915523229898,0.24576357449995506,4,6.004413216631477e-10,8.486722435918637e-11,-7.113575102883282e-07,-9.264617758173024e-08,-1.3390887104563998e-11
78300.0,1.206375,0.3494024229839813,0.3494024229839813,0.07896424168362712,0.24554441488453788,4,6.149298570345962e-10,1.4779288903810084e-10,-6.947525720165087e-07,-9.041055789259324e-08,-1.3158195017403785e-11
78360.0,1.2063339259259258,0.3490396747309107,0.3490396747309107,0.07889783171713653,0.24532545251859436,4,6.307636774005587e-10,1.0908252079389058e-10,-6.74443930041152e-07,-8.769503570276112e-08,-1.2835989454084632e-11
78420.0,1.2062941851851852,0.3486777881862138,0.3486777881862138,0.07882981508662357,0.24510663930565577,4,6.47898457106777e-10,1.0538769856793806e-10,-6.504315843622582e-07,-8.450083028416901e-08,-1.2423076214617942e-11
78480.0,1.2062560000000002,0.3483167606292282,0.3483167606292282,0.07876008863676355,0.24488792819112304,4,6.663081753011113e-10,1.1164047464262694e-10,-6.227155349795019e-07,-8.082925128008463e-08,-1.1918358304641874e-11
78540.0,1.2062195925925927,0.34795658934889484,0.34795658934889484,0.0786885554661826,0.24466927310486986,4,6.859688927995933e-10,9.78843672783114e-11,-5.912957818932085e-07,-7.668170280264371e-08,-1.132081446201117e-11
78600.0,1.206185185185185,0.3475972716437211,0.3475972716437211,0.07861512423033473,0.24445062890988675,4,7.068652330133318e-10,1.2300915841478854e-10,-5.561723251029443e-07,-7.205968835698458e-08,-1.0629482184222265e-11
78660.0,1.206153,0.3472388048217537,0.3472388048217537,0.07853970855493947,0.24423195135598758,4,7.289871345461663e-10,1.1078782335971482e-10,-5.173451646090345e-07,-6.696481492293388e-08,-9.843443986342666e-12
78720.0,1.2061232592592592,0.34688118620054903,0.34688118620054903,0.07846222653814076,0.24401319703779972,4,7.523340422865843e-10,1.6427748050773516e-10,-4.748143004115876e-07,-6.139879889637435e-08,-8.961816202252693e-12
78780.0,1.206096185185185,0.34652441310713994,0.34652441310713994,0.07838260032456999,0.2437943233564091,4,7.769069554353081e-10,1.1505107977427542e-10,-4.285797325102783e-07,-5.5363468692621774e-08,-7.983739635549103e-12
78840.0,1.2060720000000003,0.34616848287800905,0.34616848287800905,0.07830075573837579,0.24357528848414872,4,8.027098430396507e-10,9.055156624526717e-11,-3.786414609054317e-07,-4.886076947692101e-08,-6.90837180658635e-12
78900.0,1.206050925925926,0.3458133928590576,0.3458133928590576,0.07821662196503144,0.2433560513321106,4,8.297559861425441e-10,9.481482265982777e-11,-3.2499948559683127e-07,-4.189276786684176e-08,-5.73488031715135e-12
78960.0,1.2060331851851853,0.3454591404055688,0.3454591404055688,0.07813013127385598,0.24313657152002977,4,8.580567090188396e-10,9.509903975413181e-11,-2.676538065844226e-07,-3.4461653700079474e-08,-4.4624371908407855e-12
79020.0,1.206019,0.3451057228821902,0.3451057228821902,0.07804121877482817,0.24291680934824908,4,8.876314544492558e-10,9.708855941426009e-11,-2.0660442386836834e-07,-2.656974568309452e-08,-3.0902139865942133e-12
79080.0,1.2060085925925927,0.3447531376628936,0.3447531376628936,0.07794982220441378,0.24269672577151669,4,9.184980553911259e-10,8.543565854779445e-11,-1.418513374485601e-07,-1.821949317855833e-08,-1.6173775110298249e-12
79140.0,1.206002185185185,0.34440138213095156,0.34440138213095156,0.0778558817362667,0.242476282374405,4,9.506811449178088e-10,1.063540366885718e-10,-7.339454732510631e-08,-9.413481321413803e-09,-4.308606455655328e-14
79200.0,1.206,0.34405045367890047,0.34405045367890047,0.07775933981321002,0.2422554413481743,4,9.84208187171376e-10,1.0902567737502977e-10,-1.2340534979425621e-09,-1.5443216084593979e-10,1.6335138731816553e-12
79260.0,1.206,0.34370034970849084,0.34370034970849084,0.07766561877234461,0.2420347661585796,4,9.242489690253208e-10,1.695639184617903e-10,0.0,3.659375665714722e-12,2.5519426546183324e-12
79320.0,1.206,0.34335106763059653,0.34335106763059653,0.07757716751902304,0.24181481337134836,4,8.87238116309419e-10,1.0737721822806634e-10,0.0,3.705580744628337e-12,3.0409640662583407e-12
79380.0,1.206,0.34300260486524464,0.34300260486524464,0.07749213282827219,0.2415955498660971,4,8.607208140665179e-10,1.198827703774441e-10,0.0,3.735211233601944e-12,3.378531262159648e-12
79440.0,1.206,0.34265495884161057,0.34265495884161057,0.07740965203815425,0.24137695232535322,4,8.402143564234521e-10,1.141415850725025e-10,0.0,3.755729951145678e-12,3.632110849682828e-12
79500.0,1.206,0.3423081269979791,0.3423081269979791,0.07732920661457011,0.2411590027028891,4,8.236202692080141e-10,1.1402789823478088e-10,0.0,3.770309320250077e-12,3.831904907783924e-12
79560.0,1.2060000000000002,0.34196210678172373,0.34196210678172373,0.0772504489104209,0.24094168630935248,4,8.097694043085468e-10,1.078319655789528e-10,0.0,3.7808730027133e-12,3.994370714738572e-12
79620.0,1.206,0.34161689564927417,0.34161689564927417,0.07717312999614674,0.24072499078457965,4,7.979404359481634e-10,1.7354295778204687e-10,0.0,3.788252544332192e-12,4.129523353556464e-12
79680.0,1.2060000000000002,0.34127249106608326,0.34127249106608326,0.0770970634025808,0.24050890547568143,4,7.876560653707898e-10,9.36211108637508e-11,0.0,3.7936431475588464e-12,4.243917627114195e-12
79740.0,1.206,0.34092889050659936,0.34092889050659936,0.07702210471861154,0.24029342103087098,4,7.785865147047488e-10,9.86233317235019e-11,0.0,3.797072550181186e-12,4.342073770883071e-12
79800.0,1.206,0.34058609145424107,0.34058609145424107,0.0769481391805694,0.24007852911951333,4,7.704900051308528e-10,1.0817302609211765e-10,0.0,3.799143417835247e-12,4.42723509473404e-12
79860.0,1.206,0.3402440914013592,0.3402440914013592,0.07687507367625415,0.23986422223119858,4,7.631894560766739e-10,1.4779288903810084e-10,0.0,3.800080322672271e-12,4.501802635379947e-12
79920.0,1.206,0.3399028878492139,0.3399028878492139,0.07680283135899872,0.23965049352687684,4,7.565489623662103e-10,9.072209650184959e-11,0.0,3.799923397960331e-12,4.567599633575714e-12
79980.0,1.206,0.339562478307941,0.339562478307941,0.07673134788838226,0.23943733672569467,4,7.504650373357791e-10,1.2386180969770066e-10,0.0,3.7990504661336816e-12,4.6260401028102294e-12
80040.0,1.206,0.33922286029652365,0.33922286029652365,0.07666056872854822,0.23922474601711946,4,7.448508615448546e-10,9.839595804805867e-11,0.0,3.797499210841113e-12,4.678240435813388e-12
80100.0,1.206,0.33888403134276407,0.33888403134276407,0.07659044715842138,0.23901271599146445,4,7.396417367466768e-10,1.1016254575224593e-10,0.0,3.795379035705126e-12,4.725095617371225e-12
80160.0,1.206,0.3385459889832466,0.3385459889832466,0.07652094277543849,0.2388012415841061,4,7.347825542458608e-10,1.2425971362972632e-10,0.0,3.792753912889061e-12,4.7673327833176654e-12
80220.0,1.206,0.3382087307633167,0.3382087307633167,0.07645202034990892,0.238590318030096,4,7.3022556057456e-10,1.0197709343628958e-10,0.0,3.789660309702397e-12,4.805549608875025e-12
80280.0,1.206,0.33787225423704226,0.33787225423704226,0.0763836489339844,0.23837994082679084,4,7.259364359635256e-10,9.481482265982777e-11,0.0,3.78626687548713e-12,4.8402424863365796e-12
80340.0,1.206,0.337536556967185,0.337536556967185,0.07631580115898288,0.23817010570276603,4,7.218814851439603e-10,9.674749890109524e-11,0.0,3.782461519832251e-12,4.8718275037201705e-12
80400.0,1.206,0.33720163652517215,0.33720163652517215,0.07624845267445186,0.23796080859171237,4,7.180376015991641e-10,1.0317080523236655e-10,0.0,3.778427647393697e-12,4.90065634896984e-12
80460.0,1.206,0.33686749049106074,0.33686749049106074,0.0761815816953013,0.23775204561033583,4,7.143757391192551e-10,1.2636292012757622e-10,0.0,3.7741243583385765e-12,4.927028536873117e-12
80520.0,1.206,0.3365341164535098,0.3365341164535098,0.07611516863264807,0.23754381303950345,4,7.108827276836038e-10,9.470113582210615e-11,0.0,3.7695937019234906e-12,4.951200859834434e-12
80580.0,1.206,0.3362015120097447,0.3362015120097447,0.07604919579011135,0.2373361073080486,4,7.075383889887377e-10,1.0811618267325684e-10,0.0,3.764790599054986e-12,4.973394894337356e-12
80640.0,1.2060000000000002,0.3358696747655279,0.3358696747655279,0.07598364711195647,0.2371289249787718,4,7.043285260577292e-10,1.0180656317970715e-10,0.0,3.759985166845877e-12,4.993802916083359e-12
80700.0,1.206,0.33553860233512656,0.33553860233512656,0.07591850797261744,0.23692226273627218,4,7.012410235818223e-10,9.100631359615363e-11,0.0,3.7547048456148895e-12,5.0125926566509325e-12
80760.0,1.206,0.33520829234127447,0.33520829234127447,0.07585376499958475,0.2367161173763101,4,6.982636968633216e-10,1.6189005691558123e-10,0.0,3.749472929775739e-12,5.029911157452474e-12
80820.0,1.206,0.33487874241514554,0.33487874241514554,0.07578940592342304,0.2365104857964664,4,6.953867204284592e-10,9.890754881780595e-11,0.0,3.744123138290549e-12,5.045887904722341e-12
80880.0,1.206,0.3345499501963173,0.3345499501963173,0.075725419450086,0.23630536498789972,4,6.926022672049115e-10,9.896439223666675e-11,0.0,3.738629445224984e-12,5.060637401095645e-12
80940.0,1.206,0.3342219133327389,0.3342219133327389,0.07566179515145317,0.23610075202804293,4,6.899015247974205e-10,1.014086592476815e-10,0.0,3.732993700498999e-12,5.074261305147302e-12
81000.0,1.206,0.3338946294806954,0.3338946294806954,0.07559852337118705,0.2358966440741078,4,6.872776237010214e-10,9.993073035730049e-11,0.0,3.727331351315174e-12,5.08685021515739e-12
81060.0,1.2059967407407406,0.3335680963047552,0.3335680963047552,0.07554355522187814,0.23569388180480338,4,5.46956452351921e-10,1.1874590200022794e-10,-1.0567798353910171e-07,-1.3141981244876864e-08,3.795245472145327e-12
81120.0,1.2059872592592593,0.3332423114776462,0.3332423114776462,0.07549915617299902,0.2354931623820087,4,4.5957543326480277e-10,1.0902567737502977e-10,-2.0580144032916964e-07,-2.558171021326527e-08,1.8824381017666053e-12
81180.0,1.205972,0.3329172726803179,0.3329172726803179,0.07546143040952072,0.23529429751776662,4,3.9938334583933255e-10,1.1829115464934148e-10,-2.9851748971191933e-07,-3.7089712374825616e-08,-1.5842687058586696e-13
81240.0,1.2059514074074074,0.3325929776019334,0.3325929776019334,0.07542830139428165,0.23509712128131713,4,3.566754253059301e-10,1.1044676284654997e-10,-3.838261316871611e-07,-4.7669314307394876e-08,-2.1976456432892702e-12
81300.0,1.2059259259259258,0.332269423939849,0.332269423939849,0.0753983714337384,0.23490148156253152,4,3.2656441439904427e-10,9.515588317299262e-11,-4.617273662551116e-07,-5.7322744673169893e-08,-4.1733131990251256e-12
81360.0,1.2058960000000003,0.331946609399568,0.331946609399568,0.07537060184790985,0.23470723621608985,4,3.0614089041591797e-10,1.1357315088389441e-10,-5.322211934156084e-07,-6.605150784503527e-08,-6.049612296793648e-12
81420.0,1.2058620740740742,0.33162453169472084,0.33162453169472084,0.07534417422412937,0.23451425085767652,4,2.934948534205617e-10,9.060840966412798e-11,-5.953076131685973e-07,-7.38566134791372e-08,-7.80346802968211e-12
81480.0,1.2058245925925928,0.3313031885470287,0.3313031885470287,0.07531841788571125,0.23432239744562378,4,2.8729099654789536e-10,1.0021494745160453e-10,-6.50986625514295e-07,-8.0738730732224e-08,-9.418931932734948e-12
81540.0,1.205784,0.33098257768627487,0.33098257768627487,0.07529276743341462,0.23413155329617508,4,2.865621906433802e-10,9.913492249324918e-11,-6.992582304525931e-07,-8.669830574935273e-08,-1.088441278053151e-11
81600.0,1.2057407407407408,0.3306626968502797,0.3306626968502797,0.07526673588180668,0.23394160036212813,4,2.905761742333368e-10,9.464429240324534e-11,-7.401224279834917e-07,-9.173565034439496e-08,-1.2191157389304595e-11
81660.0,1.2056952592592591,0.3303435437848652,0.3303435437848652,0.07523989666042093,0.23375242468265306,4,2.9877672558242807e-10,1.0328449207008816e-10,-7.735792181069907e-07,-9.585101525235407e-08,-1.333234981926178e-11
81720.0,1.205648,0.3300251162438363,0.3300251162438363,0.07521187100922327,0.2335639159501745,4,3.1073270345682857e-10,9.202949513564818e-11,-7.996286008229818e-07,-9.904465099405521e-08,-1.43025441791952e-11
81780.0,1.2055994074074075,0.3297074119889552,0.3297074119889552,0.07518231883485571,0.23337596716057324,4,3.2610247835407336e-10,1.120383785746526e-10,-8.182705761314649e-07,-1.0131685888308536e-07,-1.5097290097930124e-11
81840.0,1.205549925925926,0.3293904287899111,0.3293904287899111,0.07515093188361198,0.2331884743246368,4,3.4462260822820667e-10,1.1311840353300795e-10,-8.295051440328736e-07,-1.026680369986226e-07,-1.57128754623334e-11
81900.0,1.2055,0.3290741644243059,0.3290741644243059,0.07511742852023993,0.23300133622575014,4,3.6608588382947005e-10,9.328005035058595e-11,-8.333323045267745e-07,-1.0309871870589071e-07,-1.614614374277675e-11
81960.0,1.2054500740740741,0.3287586166776296,0.3287586166776296,0.0750815496530967,0.2328144542132892,4,3.9033190568638076e-10,1.1010570233338512e-10,-8.297520576131673e-07,-1.0260960989963888e-07,-1.6394360584891725e-11
82020.0,1.2054005925925928,0.328443783343239,0.328443783343239,0.07504305549810772,0.23262773202411244,4,4.1724047827873534e-10,8.986944521893747e-11,-8.187644032920522e-07,-1.0120161911810607e-07,-1.6455113947323353e-11
82080.0,1.2053520000000002,0.32812966222234563,0.32812966222234563,0.07500172297010395,0.23244107562653582,4,4.46721756808266e-10,1.1340262062731199e-10,-8.003693415636459e-07,-9.887588907479059e-08,-1.6326237636724192e-11
82140.0,1.205304740740741,0.3278162511239947,0.3278162511239947,0.07495734355211826,0.2322543930825563,4,4.787152202423428e-10,9.657696864451282e-11,-7.7456687242784e-07,-9.56338224848557e-08,-1.6005751714791028e-11
82200.0,1.2052592592592593,0.3275035478650548,0.3275035478650548,0.07490972153502677,0.23206759442507804,4,5.131848002104533e-10,1.0379608283983544e-10,-7.413569958846346e-07,-9.147710719216971e-08,-1.5491815130217083e-11
82260.0,1.205216,0.3271915502702003,0.3271915502702003,0.07485867254838055,0.23188059154760943,4,5.501148148123747e-10,1.666080606810283e-10,-7.007397119341381e-07,-8.64077403609947e-08,-1.4782687518710467e-11
82320.0,1.2051754074074075,0.3268802561719038,0.3268802561719038,0.07480402232328144,0.2316932981044298,4,5.895076232720342e-10,1.078319655789528e-10,-6.527150205760252e-07,-8.042805020319135e-08,-1.387669790857116e-11
82380.0,1.205137925925926,0.32656966341042704,0.32656966341042704,0.07474560564232813,0.23150562941962394,4,6.31381918969609e-10,9.163159120362252e-11,-5.972829218106211e-07,-7.354071647446308e-08,-1.2772218757483433e-11
82440.0,1.2051040000000002,0.32625976983380856,0.32625976983380856,0.07468326544216856,0.23131750240368715,4,6.757742421203972e-10,9.447376214666292e-11,-5.344434156378175e-07,-6.574879008273418e-08,-1.1467644142436544e-11
82500.0,1.2050740740740742,0.32595057329786015,0.32595057329786015,0.07461685204170508,0.2311288354766367,4,7.227306808577083e-10,9.612222129362635e-11,-4.6419650205750587e-07,-5.705571288895358e-08,-9.961371198215306e-12
82560.0,1.2050485925925927,0.32564207166615794,0.32564207166615794,0.07454622247473855,0.23093954849675521,4,7.723124501035628e-10,1.1533529686857946e-10,-3.865421810699031e-07,-4.7465333778217766e-08,-8.251784203004281e-12
82620.0,1.205028,0.32533426281004135,0.32533426281004135,0.0744712399102732,0.23074956269422986,4,8.245882171520336e-10,1.1971224012086168e-10,-3.0148045267484663e-07,-3.698192655634617e-08,-6.337240751534439e-12
82680.0,1.2050127407407407,0.3250271446086063,0.3250271446086063,0.07439177314689106,0.2305588006090735,4,8.796446349101927e-10,9.498535291641019e-11,-2.090113168724448e-07,-2.5610206322542717e-08,-4.21605970660197e-12
82740.0,1.2050032592592594,0.3247207149487041,0.3247207149487041,0.07430769617036495,0.23036718603280454,4,9.375727694216351e-10,9.185896487906575e-11,-1.0913477366253496e-07,-1.3355344586774828e-08,-1.8865105319522468e-12
82800.0,1.205,0.3244149717249388,0.3244149717249388,0.07421888776550462,0.23017464395343976,4,9.984744836488701e-10,9.339373718830757e-11,-1.8508230452675063e-09,-2.229846984218203e-10,6.531961009648406e-13
82860.0,1.205,0.3241099128396332,0.3241099128396332,0.0741336143294584,0.22998195879031652,4,9.052091298755727e-10,1.1033307600882836e-10,0.0,3.159372258405011e-12,1.9748067341212324e-12
82920.0,1.205,0.3238055362027534,0.3238055362027534,0.074055428965222,0.2297899207593655,4,8.513628690920427e-10,8.924416761146858e-11,0.0,3.2242430042717833e-12,2.6240632247851547e-12
82980.0,1.205,0.3235018397319882,0.3235018397319882,0.073981532639861,0.22959848685916273,4,8.144491747685834e-10,1.538182914373465e-10,0.0,3.2650417141344965e-12,3.0520500817231044e-12
83040.0,1.205,0.32319882135277034,0.32319882135277034,0.07391069099025047,0.22940762850761534,4,7.868773133079543e-10,1.0368239600211382e-10,0.0,3.292985714770341e-12,3.3621453321525325e-12
83100.0,1.205,0.32289647899827556,0.32289647899827556,0.07384218870699848,0.22921732453628196,4,7.652069117236593e-10,1.6120793588925153e-10,0.0,3.312859275270239e-12,3.5990843083812885e-12
83160.0,1.2050000000000003,0.32259481060941925,0.32259481060941925,0.0737755603877219,0.22902755834294414,4,7.475734198347794e-10,1.1334577720845118e-10,0.0,3.3275211987467764e-12,3.786598303336134e-12
83220.0,1.205,0.3222938141348655,0.3222938141348655,0.07371048139918324,0.2288383164057077,4,7.328479351143002e-10,1.0254552762489766e-10,0.0,3.3380107878499708e-12,3.938801930551785e-12
83280.0,1.2050000000000003,0.3219934875310159,0.3219934875310159,0.07364671424414082,0.22864958740487176,4,7.203018181911602e-10,1.2084910849807784e-10,0.0,3.34593520797614e-12,4.064746921019881e-12
83340.0,1.205,0.32169382876201297,0.32169382876201297,0.07358407895403803,0.2284613616612835,4,7.094337478585899e-10,9.794121069717221e-11,0.0,3.351370842015369e-12,4.170560737252855e-12
83400.0,1.205,0.32139483579974265,0.32139483579974265,0.07352243538580137,0.22827363075649912,4,6.998917279066319e-10,1.6160583982127719e-10,0.0,3.355093385800094e-12,4.260564955287246e-12
83460.0,1.205,0.3210965066238285,0.3210965066238285,0.07346167199400068,0.228086387264903,4,6.914128020119037e-10,9.373479770147242e-11,0.0,3.3575754422102686e-12,4.337907739126378e-12
83520.0,1.2050000000000003,0.32079883922162744,0.32079883922162744,0.07340169837792779,0.22789962455846957,4,6.838046795465402e-10,9.765699360286817e-11,0.0,3.3587770931241875e-12,4.404943474868902e-12
83580.0,1.205,0.320501831588223,0.320501831588223,0.07334244015070207,0.22771333666063664,4,6.769181604138197e-10,9.123368727159686e-11,0.0,3.359074251763842e-12,4.463471763638973e-12
83640.0,1.205,0.32020548172643004,0.32020548172643004,0.07328383529972048,0.22752751813450092,4,6.706338262496558e-10,1.7405454855179414e-10,0.0,3.3587134682443545e-12,4.5148937873126974e-12
83700.0,1.205,0.31990978764677974,0.31990978764677974,0.07322583153937424,0.2273421639956671,4,6.648614159221466e-10,1.0516032489249483e-10,0.0,3.3577074980348774e-12,4.56031790553486e-12
83760.0,1.205,0.31961474736751183,0.31961474736751183,0.07316838434403304,0.22715726964322466,4,6.595245183316223e-10,9.606537787476555e-11,0.0,3.3559655773199477e-12,4.600633030302016e-12
83820.0,1.205,0.3193203589145711,0.3193203589145711,0.07311145545937471,0.22697283080431907,4,6.545630287790871e-10,1.1453948900452815e-10,0.0,3.353890486359611e-12,4.636560751460164e-12
83880.0,1.2050000000000003,0.3190266203215905,0.3190266203215905,0.07305501175740622,0.2267888434890952,4,6.49925974149923e-10,1.580815478519071e-10,0.0,3.3515176328251283e-12,4.668693146829454e-12
83940.0,1.205,0.3187335296298804,0.3187335296298804,0.07299902434326994,0.22660530395367579,4,6.455739970379071e-10,1.1095835361629725e-10,0.0,3.348530171337085e-12,4.697520694801843e-12
84000.0,1.205,0.318441084888415,0.318441084888415,0.07294346784972333,0.22642220866944862,4,6.414687392375384e-10,1.1726797310984693e-10,0.0,3.345345034382009e-12,4.723453258106673e-12
84060.0,1.205,0.31814928415381366,0.31814928415381366,0.07288831987340345,0.22623955429736414,4,6.375856648199729e-10,1.0754774848464876e-10,0.0,3.3418570856893885e-12,4.7468359749660174e-12
84120.0,1.205,0.31785812549032577,0.31785812549032577,0.07283356051994656,0.22605733766625835,4,6.338957414531166e-10,9.703171599539928e-11,0.0,3.338163662050357e-12,4.767961610757419e-12
84180.0,1.205,0.3175676069698034,0.3175676069698034,0.07277917203337558,0.2258755557544389,4,6.303789990003139e-10,1.0948042472591624e-10,0.0,3.3342401080298863e-12,4.787080075504385e-12
84240.0,1.205,0.3172777266716857,0.3172777266716857,0.07272513849169336,0.22569420567394052,4,6.270174796041417e-10,8.446932042716071e-11,0.0,3.3301632190231058e-12,4.8044060087024015e-12
84300.0,1.205,0.31698848268296925,0.31698848268296925,0.07267144555494755,0.22551328465698212,4,6.237962091315552e-10,1.0976464182022028e-10,0.0,3.3258954316599037e-12,4.8201247545474175e-12
84360.0,1.205,0.31669987309818226,0.31669987309818226,0.0726180802551579,0.22533279004425233,4,6.206984926038217e-10,9.032419256982394e-11,0.0,3.321545757386526e-12,4.834397218230508e-12
84420.0,1.2049999999999998,0.31641189601935094,0.31641189601935094,0.07256503082006335,0.22515271927472447,4,6.177147959807172e-10,1.6575540939811617e-10,0.0,3.316905034122142e-12,4.8473636965219525e-12
84480.0,1.205,0.3161245495559732,0.3161245495559732,0.07251228652433753,0.22497306987675972,4,6.148336423317247e-10,1.0044232112704776e-10,0.0,3.3123022325228066e-12,4.859147113278277e-12
84540.0,1.205,0.3158378318249769,0.3158378318249769,0.07245983756326028,0.22479383946029954,4,6.120465106951301e-10,8.498091119690798e-11,0.0,3.3075840252255067e-12,4.869855586196927e-12
84600.0,1.205,0.3155517409506892,0.3155517409506892,0.07240767494490637,0.22461502570998648,4,6.09344838475856e-10,1.6291323845507577e-10,0.0,3.3026983476560734e-12,4.879584592067402e-12
84660.0,1.204996740740741,0.31526627506477595,0.31526627506477595,0.0723638238744077,0.22443742668735356,4,4.605044401362335e-10,9.129053069045767e-11,-1.0567798353910171e-07,-1.2583509827630699e-08,3.469909982368647e-12
84720.0,1.2049872592592594,0.3149814323061261,0.3149814323061261,0.07233027368514713,0.22426170180293,4,3.710397267209231e-10,1.1152678780490533e-10,-2.0580144032922385e-07,-2.449744885302443e-08,1.4083894227345994e-12
84780.0,1.204972,0.31469721082088703,0.31469721082088703,0.07230304475598205,0.22408767158945478,4,3.107602508656271e-10,1.2494183465605602e-10,-2.9851748971197354e-07,-3.5522027012411876e-08,-7.722908408835361e-13
84840.0,1.2049514074074075,0.3144136087624413,0.3144136087624413,0.07228008207692668,0.22391517901126518,4,2.6884791615167103e-10,1.1164047464262694e-10,-3.838261316873237e-07,-4.566002613051665e-08,-2.938154428982482e-12
84900.0,1.2049259259259262,0.31413062429135813,0.31413062429135813,0.07226002548725816,0.22374408057111822,4,2.399756365845107e-10,9.5042196335271e-11,-4.6172736625522005e-07,-5.4913181161519394e-08,-5.026718886855399e-12
84960.0,1.2048960000000002,0.31384825557534485,0.31384825557534485,0.07224187538881079,0.223574242395292,4,2.2101868946133862e-10,1.0106759873451665e-10,-5.322211934157169e-07,-6.328254798831402e-08,-7.002424058103524e-12
85020.0,1.2048620740740743,0.31356650078920256,0.31356650078920256,0.07222485041430396,0.2234055380323392,4,2.099467127925081e-10,9.157474778476171e-11,-5.953076131688141e-07,-7.076872301764663e-08,-8.842654053920116e-12
85080.0,1.204824592592593,0.31328535811476016,0.31328535811476016,0.07220831404928947,0.22323784705332794,4,2.0536085332256704e-10,9.72022462519817e-11,-6.509866255145118e-07,-7.737199368030959e-08,-1.0531943090958801e-11
85140.0,1.204784,0.31300482574082944,0.31300482574082944,0.07219173214909413,0.22307105408906958,4,2.0624522922840782e-10,1.0101075531565584e-10,-6.992582304527015e-07,-8.309244867946931e-08,-1.2059152832198791e-11
85200.0,1.204740740740741,0.31272490186314855,0.31272490186314855,0.0721746463023941,0.222905048130124,4,2.1184505538673903e-10,9.254108590539545e-11,-7.401224279836001e-07,-8.793006168415966e-08,-1.3415939650413052e-11
85260.0,1.2046952592592592,0.31244558468432265,0.31244558468432265,0.07215665612053998,0.2227397219961738,4,2.2158402890326556e-10,1.0419398677186109e-10,-7.735792181069907e-07,-9.188476122883528e-08,-1.4595853629180338e-11
85320.0,1.2046480000000002,0.31216687241377317,0.31216687241377317,0.07213740691607728,0.2225749719204115,4,2.3501681156723464e-10,8.992628863779828e-11,-7.996286008230901e-07,-9.495648653182812e-08,-1.5593775671679662e-11
85380.0,1.2045994074074076,0.31188876326767445,0.31188876326767445,0.0721165808154553,0.22241069721528958,4,2.517973607396584e-10,1.2289547157706693e-10,-8.182705761318984e-07,-9.714523585461661e-08,-1.6405548297077665e-11
85440.0,1.2045499259259258,0.31161125546890095,0.31161125546890095,0.07209389015708001,0.22224679999776115,4,2.716539632130477e-10,1.0624034985085018e-10,-8.295051440328736e-07,-9.845111017306904e-08,-1.7027723591333328e-11
85500.0,1.2045,0.3113343472469668,0.3113343472469668,0.07206907246521178,0.22208318495922075,4,2.9437317861091827e-10,1.0697931429604068e-10,-8.333323045267745e-07,-9.887434750488524e-08,-1.7457385276952367e-11
85560.0,1.204450074074074,0.3110580368379739,0.3110580368379739,0.07204188654349784,0.2219197591698123,4,3.1979015269190114e-10,8.697043085703626e-11,-8.297520576131673e-07,-9.841535933347444e-08,-1.7692019452424292e-11
85620.0,1.2044005925925927,0.31078232248454646,0.31078232248454646,0.0720121093844439,0.22175643190967892,4,3.4778063762175293e-10,1.0277290130034089e-10,-8.18764403292269e-07,-9.707475768889963e-08,-1.7729418267820933e-11
85680.0,1.204352,0.3105072024357837,0.3105072024357837,0.07197953368672394,0.22159311452169478,4,3.7825394205714957e-10,1.063540366885718e-10,-8.003693415639711e-07,-9.485338494602233e-08,-1.7567606662676824e-11
85740.0,1.2043047407407408,0.31023267494720214,0.31023267494720214,0.07194396583418258,0.22142972028157668,4,4.1114447957291134e-10,9.78843672783114e-11,-7.745668724280569e-07,-9.175233749135017e-08,-1.7204785373106038e-11
85800.0,1.2042592592592594,0.30995873828067794,0.30995873828067794,0.07190522423130469,0.22126616428223994,4,4.4641060292782697e-10,1.560920281917788e-10,-7.413569958849599e-07,-8.777298974250441e-08,-1.663928602997684e-11
85860.0,1.204216,0.3096853907043997,0.3096853907043997,0.07186313791832706,0.2211023633299608,4,4.840329526079046e-10,1.6962076188065112e-10,-7.007397119342465e-07,-8.291701654790028e-08,-1.5869535053748505e-11
85920.0,1.2041754074074074,0.3094126304928151,0.3094126304928151,0.07181754540854261,0.220938235850423,4,5.240086142777045e-10,1.2084910849807784e-10,-6.52715020576242e-07,-7.718641264235943e-08,-1.489402430805533e-11
85980.0,1.204137925925926,0.30914045592657724,0.30914045592657724,0.0717682937044463,0.22077370180311595,4,5.663517016474273e-10,9.242739906767383e-11,-5.972829218107295e-07,-7.05835125397219e-08,-1.3711286919387601e-11
86040.0,1.204104,0.3088688652924999,0.3088688652924999,0.07171523745941193,0.22060868260284322,4,6.110882355692127e-10,1.7314505385002121e-10,-5.344434156379259e-07,-6.311100917608957e-08,-1.2319877116678442e-11
86100.0,1.204074074074074,0.3085978568835103,0.3085978568835103,0.07165823825908131,0.2204431010473271,4,6.582602657401182e-10,1.0959411156363785e-10,-4.641965020577227e-07,-5.477197073530216e-08,-1.0718353309213414e-11
86160.0,1.2040485925925926,0.308327428998608,0.308327428998608,0.07159716400205945,0.2202768812500761,4,7.079180713853717e-10,1.6279955161735415e-10,-3.8654218107001155e-07,-4.5569856940339513e-08,-8.905263684357266e-12
86220.0,1.2040279999999999,0.30805757994281036,0.30805757994281036,0.07153188836397632,0.22010994857781602,4,7.601233531495666e-10,1.6046897144406103e-10,-3.0148045267495505e-07,-3.550853567151254e-08,-6.879133957832928e-12
86280.0,1.2040127407407408,0.30778830802712254,0.30778830802712254,0.07146229033185485,0.21994222959190324,4,8.149490804409965e-10,1.0254552762489766e-10,-2.090113168724448e-07,-2.4592297028862705e-08,-4.638456845535424e-12
86340.0,1.204003259259259,0.30751961156849417,0.30751961156849417,0.07138825379857297,0.21977365199322185,4,8.724717753816336e-10,1.1522161003085785e-10,-1.0913477366256208e-07,-1.2825868267184191e-08,-2.181683005768507e-12
86400.0,1.204,0.3072514888897838,0.3072514888897838,0.071309667208827,0.21960414457014454,4,9.327810884807164e-10,9.356426744488999e-11,-1.8508230452675063e-09,-2.144269558834982e-10,4.927867030798512e-13
86460.0,1.204,0.30698393831969084,0.30698393831969084,0.07123485591553026,0.21943445278111104,4,8.320917427306895e-10,1.1158363122376613e-10,0.0,2.778265465755924e-12,1.8427103217583084e-12
86520.0,1.2040000000000002,0.30671695819266637,0.30671695819266637,0.07116710130423015,0.21926532521796446,4,7.756013609139245e-10,1.6751755538280122e-10,0.0,2.8433358555942983e-12,2.4826433712076216e-12
86580.0,1.204,0.30645054684894807,0.30645054684894807,0.07110350996179399,0.21909671962222185,4,7.373571336843909e-10,9.760015018400736e-11,0.0,2.883749820222479e-12,2.8982492611042923e-12
86640.0,1.204,0.30618470263454217,0.30618470263454217,0.0710428414559329,0.21892860843306522,4,7.09013986410767e-10,1.0732037480920553e-10,0.0,2.9115142634260328e-12,3.1964784905196495e-12
86700.0,1.2040000000000002,0.30591942390119636,0.30591942390119636,0.0709843876570884,0.21876097148937737,4,6.868612484334236e-10,9.93054527498316e-11,0.0,2.9312597550854047e-12,3.422723743274023e-12
86760.0,1.2040000000000002,0.305654709006378,0.305654709006378,0.07092769253280455,0.21859379313070265,4,6.689085119138127e-10,9.094947017729282e-11,0.0,2.945694177370771e-12,3.6007494095573406e-12
86820.0,1.2040000000000002,0.3053905563132461,0.3053905563132461,0.07087244041568921,0.21842706070565393,4,6.539630226232163e-10,1.646185410209e-10,0.0,2.956438494692193e-12,3.7445514819983255e-12
86880.0,1.2040000000000002,0.30512696419062685,0.30512696419062685,0.0708184017624468,0.21826076369940656,4,6.41260947120692e-10,1.6194690033444203e-10,0.0,2.964379526828524e-12,3.863036853398252e-12
86940.0,1.2039999999999997,0.30486393101299525,0.30486393101299525,0.07076540349488457,0.21809489318004915,4,6.302801891511223e-10,1.0231815394945443e-10,0.0,2.96999676642571e-12,3.962197562704811e-12
87000.0,1.204,0.30460145516045345,0.30460145516045345,0.07071331140194924,0.21792944142652282,4,6.206532510155682e-10,9.333689376944676e-11,0.0,2.974285399269744e-12,4.046238019678744e-12
87060.0,1.204,0.3043395350187129,0.3043395350187129,0.07066201904966697,0.2177644016675941,4,6.121136930659077e-10,1.1021938917110674e-10,0.0,2.9772567425678342e-12,4.118207752772653e-12
87120.0,1.2040000000000002,0.3040781689790739,0.3040781689790739,0.070611440459333,0.21759976789244792,4,6.044609257571665e-10,1.2795453585567884e-10,0.0,2.9788810620754e-12,4.18037894518871e-12
87180.0,1.204,0.3038173554384098,0.3038173554384098,0.07056150509005515,0.21743553470945737,4,5.97539018265536e-10,1.5768364391988143e-10,0.0,2.9797467051835384e-12,4.234482788722178e-12
87240.0,1.204,0.303557092799153,0.303557092799153,0.0705121542938512,0.217271697238476,4,5.912303147059816e-10,8.594724931754172e-11,0.0,2.9798280711684517e-12,4.281863367075827e-12
87300.0,1.204,0.3032973794692785,0.3032973794692785,0.07046333874633193,0.2171082510271225,4,5.854375872971218e-10,1.6046897144406103e-10,0.0,2.9794934067569256e-12,4.323581247013305e-12
87360.0,1.204,0.3030382138622921,0.3030382138622921,0.07041501654346193,0.21694519198464488,4,5.800879221418143e-10,1.1050360626541078e-10,0.0,2.978275277664051e-12,4.36048507171466e-12
87420.0,1.204,0.30277959439720725,0.30277959439720725,0.07036715176504929,0.21678251632893195,4,5.75117342638265e-10,1.0584244591882452e-10,0.0,2.9768989041819042e-12,4.393262372195041e-12
87480.0,1.2040000000000002,0.30252151949854245,0.30252151949854245,0.07031971337272612,0.2166202205435288,4,5.704750699608852e-10,9.333689376944676e-11,0.0,2.9751419664198527e-12,4.4224762298751244e-12
87540.0,1.2040000000000002,0.30226398759630124,0.30226398759630124,0.07027267435210037,0.2164583013423843,4,5.661199425910368e-10,1.0453504728502594e-10,0.0,2.972886714092734e-12,4.448592327865375e-12
87600.0,1.204,0.302006997125964,0.302006997125964,0.07022601103654207,0.2162967556406557,4,5.620168080922028e-10,1.660396264924202e-10,0.0,2.970271035694031e-12,4.471999182142853e-12
87660.0,1.204,0.30175054652846645,0.30175054652846645,0.07017970256784231,0.21613558053031587,4,5.581350936978424e-10,1.0311396181350574e-10,0.0,2.9675694080151375e-12,4.493023507787666e-12
87720.0,1.204,0.3014946342501978,0.3014946342501978,0.07013373046179719,0.21597477325961126,4,5.544490561115722e-10,9.237055564881302e-11,0.0,2.9647267256336035e-12,4.511942055679455e-12
87780.0,1.204,0.3012392587429752,0.3012392587429752,0.0700880782547209,0.21581433121563592,4,5.509384337631928e-10,8.839151632855646e-11,0.0,2.961553209970564e-12,4.5289907648802975e-12
87840.0,1.2040000000000002,0.30098441846403834,0.30098441846403834,0.07004273121365027,0.2156542519094526,4,5.475855602288249e-10,9.021050573210232e-11,0.0,2.9582994421709368e-12,4.544372020744224e-12
87900.0,1.2040000000000002,0.300730111876032,0.300730111876032,0.06999767609671453,0.21549453296330928,4,5.443716311059887e-10,9.71454028331209e-11,0.0,2.954746087288195e-12,4.558260431959854e-12
87960.0,1.204,0.3004763374469906,0.3004763374469906,0.06995290095360743,0.21533517209959593,4,5.412855302866504e-10,1.6893864085432142e-10,0.0,2.9510705131744613e-12,4.570807348055033e-12
88020.0,1.204,0.3002230936503213,0.3002230936503213,0.06990839495839425,0.2151761671312544,4,5.383136159053947e-10,9.00968188943807e-11,0.0,2.9473038711604364e-12,4.5821446559904105e-12
88080.0,1.2040000000000002,0.29997037896478906,0.29997037896478906,0.06986414826852072,0.2150175159534094,4,5.354448689987024e-10,1.0504663805477321e-10,0.0,2.94353503871921e-12,4.592387769404886e-12
88140.0,1.204,0.29971819187450155,0.29971819187450155,0.06982015190519192,0.21485921653603343,4,5.326719204612473e-10,9.28821464185603e-11,0.0,2.939436943395562e-12,4.601638095747957e-12
88200.0,1.204,0.2994665308688847,0.2994665308688847,0.0697763976514439,0.21470126691749022,4,5.299842370520835e-10,1.1999645721516572e-10,0.0,2.9355035824276277e-12,4.6099851162253725e-12
88260.0,1.2039967407407406,0.2992153944426516,0.2992153944426516,0.06974092076927255,0.2145444268353801,4,3.7858086110453826e-10,1.1857537174364552e-10,-1.056779835390746e-07,-1.2123524220519579e-08,3.099683624256224e-12
88320.0,1.2039872592592593,0.29896478109572566,0.29896478109572566,0.06971544816422022,0.21438932219096146,4,2.903534496168092e-10,1.1220890883123502e-10,-2.0580144032922385e-07,-2.360409746261129e-08,9.161967286769303e-13
88380.0,1.203972,0.2987146893332733,0.2987146893332733,0.06969596535210534,0.21423578169689272,4,2.3200451282345824e-10,8.657252692501061e-11,-2.985174897118651e-07,-3.422992812620173e-08,-1.3760913801595415e-12
88440.0,1.2039514074074076,0.2984651176657094,0.2984651176657094,0.06968045682078386,0.21408365633984225,4,1.9212412216695895e-10,1.0453504728502594e-10,-3.838261316871611e-07,-4.4003375104810994e-08,-3.641112544912953e-12
88500.0,1.203925925925926,0.2982160646086698,0.2982160646086698,0.06966760721153366,0.21393281027416405,4,1.6519703660566876e-10,1.078319655789528e-10,-4.617273662551116e-07,-5.292580133259326e-08,-5.8166882647188245e-12
88560.0,1.2038960000000003,0.2979675286829906,0.2979675286829906,0.06965645852752077,0.21378311690459484,4,1.4802851999728972e-10,8.640199666842818e-11,-5.322211934155e-07,-6.09979310334571e-08,-7.867922045777852e-12
88620.0,1.2038620740740742,0.29771950841467715,0.29771950841467715,0.06964626660033982,0.21363445671436512,4,1.3856867042694176e-10,8.384404281969182e-11,-5.953076131687057e-07,-6.822006264604873e-08,-9.772853231003183e-12
88680.0,1.2038245925925928,0.2974720023348801,0.2974720023348801,0.06963642797947302,0.21348671589790547,4,1.3540911447673665e-10,1.6268586477963254e-10,-6.50986625514295e-07,-7.459221101609522e-08,-1.1516590511419599e-11
88740.0,1.203784,0.2972250089798667,0.2972250089798667,0.06962643799828627,0.21333978542755003,4,1.375381614154847e-10,9.981704351957887e-11,-6.992582304525931e-07,-8.011421152862339e-08,-1.3088484763788005e-11
88800.0,1.2037407407407408,0.2969785268909931,0.2969785268909931,0.06961586467988003,0.21319356037902593,4,1.442065217238664e-10,1.6183321349672042e-10,-7.401224279834917e-07,-8.478580042110303e-08,-1.4480607471684577e-11
88860.0,1.2036952592592591,0.29673255461467496,0.29673255461467496,0.06960433149575015,0.2130479394225905,4,1.5484501181273203e-10,1.7456613932154141e-10,-7.735792181069907e-07,-8.860667914264085e-08,-1.5686863079193113e-11
88920.0,1.203648,0.2964870907023561,0.2964870907023561,0.0695915054345994,0.21290282442600914,4,1.690137335641495e-10,8.93578544491902e-11,-7.996286008229818e-07,-9.157656808149031e-08,-1.6702438142469843e-11
88980.0,1.2035994074074075,0.2962421337104778,0.2962421337104778,0.06957708843639464,0.21275812013625917,4,1.8637001664156827e-10,1.1903011909453198e-10,-8.182705761314649e-07,-9.369525134676542e-08,-1.752344215537478e-11
89040.0,1.203549925925926,0.2959976822004472,0.2959976822004472,0.0695608110547999,0.21261373391855162,4,2.066491977537055e-10,1.063540366885718e-10,-8.295051440328736e-07,-9.496261709426647e-08,-1.8146663701586914e-11
89100.0,1.2035,0.2957537347386073,0.2957537347386073,0.06954242764988094,0.2124695755382563,4,2.2963987655888474e-10,1.1175416148034856e-10,-8.333323045265576e-07,-9.537869146930862e-08,-1.8569399115638133e-11
89160.0,1.2034500740740741,0.2955102898962035,0.2955102898962035,0.06952171266392611,0.21232555697570127,4,2.551825556418308e-10,8.86757334228605e-11,-8.297520576131673e-07,-9.494367059006851e-08,-1.8789328674317552e-11
89220.0,1.2034005925925926,0.2952673462493515,0.2952673462493515,0.06949845768400868,0.2121815922666665,4,2.8315184918970004e-10,1.0953726814477704e-10,-8.187644032920522e-07,-9.365794790588106e-08,-1.880442472444395e-11
89280.0,1.2033520000000002,0.2950249023790055,0.2950249023790055,0.06947246908885951,0.21203759736330507,4,3.1345528950232904e-10,1.723492459859699e-10,-8.003693415636459e-07,-9.152214052095422e-08,-1.8612882103791002e-11
89340.0,1.203304740740741,0.29478295687092526,0.29478295687092526,0.06944356613844674,0.21189349001155156,4,3.460305930680363e-10,1.1340262062731199e-10,-7.745668724279483e-07,-8.853711255108814e-08,-1.821306441211983e-11
89400.0,1.2032592592592593,0.29454150831564796,0.29454150831564796,0.06941157940449562,0.21174918964200745,4,3.8083144970890714e-10,9.401901479577646e-11,-7.413569958846346e-07,-8.470399729897828e-08,-1.7603461721136753e-11
89460.0,1.203216,0.29430055530845056,0.29430055530845056,0.06937634946803829,0.2116046172719745,4,4.178344198413342e-10,1.035687091643922e-10,-7.007397119340297e-07,-8.00242171366596e-08,-1.678265693440111e-11
89520.0,1.2031754074074075,0.2940600964493226,0.2940600964493226,0.06933772582857392,0.21145969541679832,4,4.5703155149290353e-10,9.657696864451282e-11,-6.527150205760252e-07,-7.44995035868332e-08,-1.5749298571051547e-11
89580.0,1.2031379259259258,0.2938201303429359,0.2938201303429359,0.06929556598345724,0.21131434800906398,4,4.984327256485344e-10,1.674038685450796e-10,-5.972829218106211e-07,-6.813191518095427e-08,-1.4502078538804538e-11
89640.0,1.2031040000000002,0.2935806555986165,0.2935806555986165,0.06924973464553873,0.2111685003244606,4,5.420571075331893e-10,1.0845724318642169e-10,-5.34443415637709e-07,-6.092385386360657e-08,-1.303971380381728e-11
89700.0,1.2030740740740744,0.29334167083030704,0.29334167083030704,0.06920010307436768,0.2110220789133544,4,5.879348535797746e-10,1.0157918950426392e-10,-4.6419650205750587e-07,-5.287808226128665e-08,-1.1360931218626939e-11
89760.0,1.2030485925925927,0.29310317465654967,0.29310317465654967,0.06914654850173531,0.2108750115372765,4,6.361094012641288e-10,9.492850949754938e-11,-3.865421810699031e-07,-4.399773811094265e-08,-9.464454819405979e-12
89820.0,1.203028,0.2928651657004501,0.2928651657004501,0.06908895363612454,0.21072722710966718,4,6.866306689889967e-10,1.0885514711844735e-10,-3.0148045267484663e-07,-3.428634952975745e-08,-7.348995252400258e-12
89880.0,1.203012740740741,0.2926276425896579,0.2926276425896579,0.06902720623391474,0.2105786556403214,4,7.395567491741417e-10,1.2369127944111824e-10,-2.0901131687239057e-07,-2.3747847978628737e-08,-5.013240928049627e-12
89940.0,1.2030032592592594,0.292390603956336,0.292390603956336,0.0689611987275387,0.21042922818306836,4,7.949522012884458e-10,1.2528289516922086e-10,-1.0913477366256208e-07,-1.238658360765319e-08,-2.4558507200767812e-12
90000.0,1.203,0.29215404843713894,0.29215404843713894,0.06889082790263064,0.2102788767862852,4,8.528913825189832e-10,9.305267667514272e-11,-1.8508230452670828e-09,-2.0733546220009185e-10,3.2455200172089374e-13
90060.0,1.203,0.29191797467316716,0.29191797467316716,0.0688244143953403,0.21012831178225355,4,7.490901510198711e-10,9.526957001071423e-11,0.0,2.452568506492109e-12,1.688490105332265e-12
90120.0,1.203,0.2916823813098936,0.2916823813098936,0.06876497304874982,0.20997824469817053,4,6.923082107590517e-10,1.1044676284654997e-10,0.0,2.5169561344119207e-12,2.314603237115062e-12
90180.0,1.203,0.2914472669971961,0.2914472669971961,0.0687095564964331,0.2098286342461252,4,6.542748703930457e-10,1.064108801074326e-10,0.0,2.5567596093607303e-12,2.7162899215691984e-12
90240.0,1.2030000000000003,0.29121263038935674,0.29121263038935674,0.06865693306467865,0.20967945392026155,4,6.262715485094716e-10,1.1743850336642936e-10,0.0,2.584067339175388e-12,3.0023805791004033e-12
90300.0,1.2030000000000003,0.29097847014503814,0.29097847014503814,0.06860640856677308,0.20953068452041118,4,6.04481464883122e-10,8.793676897767e-11,0.0,2.603515069107647e-12,3.2182752502731966e-12
90360.0,1.2030000000000003,0.29074478492726696,0.29074478492726696,0.06855753971387314,0.20938231124313628,4,5.868813351961322e-10,9.828227121033706e-11,0.0,2.617866868411206e-12,3.3874736294253633e-12
90420.0,1.203,0.2905115734034177,0.2905115734034177,0.06851002154164129,0.2092343222032481,4,5.722680246345035e-10,1.1544898370630108e-10,0.0,2.6285274505965617e-12,3.5237019627142482e-12
90480.0,1.2030000000000003,0.2902788342452007,0.2902788342452007,0.06846363333830553,0.20908670757640746,4,5.598728147759857e-10,1.0624034985085018e-10,0.0,2.6366161265048297e-12,3.6356403422098055e-12
90540.0,1.203,0.2900465661286438,0.2900465661286438,0.06841820931648013,0.20893945905860037,4,5.491770926902007e-10,9.623590813134797e-11,0.0,2.6426582996617637e-12,3.72909893443676e-12
90600.0,1.2030000000000003,0.2898147677340809,0.2898147677340809,0.06837362132292532,0.20879256950476016,4,5.398139296675097e-10,9.242739906767383e-11,0.0,2.647195407079776e-12,3.808137862130817e-12
90660.0,1.203,0.2895834377461425,0.2895834377461425,0.06832976799953654,0.20864603267628928,4,5.315187734389326e-10,1.0402345651527867e-10,0.0,2.6503169081435905e-12,3.8756919980165356e-12
90720.0,1.203,0.2893525748537377,0.2893525748537377,0.06828656765831921,0.20849984305848718,4,5.240935602168761e-10,1.0345502232667059e-10,0.0,2.652300980331547e-12,3.933941813655718e-12
90780.0,1.203,0.2891221777500535,0.2891221777500535,0.0682439534169092,0.20835399572481084,4,5.173846212569444e-10,1.0743406164692715e-10,0.0,2.6537717327657757e-12,3.984544534852872e-12
90840.0,1.203,0.2888922451325362,0.2888922451325362,0.06820186977254256,0.20820848623361393,4,5.112759104974884e-10,1.701323526503984e-10,0.0,2.6541633728484988e-12,4.028784080702798e-12
90900.0,1.203,0.2886627757028854,0.2886627757028854,0.06816027012575003,0.20806331054805863,4,5.056730589814151e-10,1.0885514711844735e-10,0.0,2.654346553040705e-12,4.067671641273707e-12
90960.0,1.203,0.2884337681670482,0.2884337681670482,0.06811911495037296,0.2079184649729663,4,5.005024866777674e-10,1.1453948900452815e-10,0.0,2.6537182265415305e-12,4.102015034033103e-12
91020.0,1.203,0.2882052212352075,0.2882052212352075,0.06807837041531105,0.20777394610430489,4,4.957019655860151e-10,9.509903975413181e-11,0.0,2.6529239239363417e-12,4.132467739174048e-12
91080.0,1.203,0.28797713362177924,0.28797713362177924,0.06803800732909547,0.20762975078827467,4,4.912235618270699e-10,1.0084022505907342e-10,0.0,2.6516389131219517e-12,4.159564246399316e-12
91140.0,1.2030000000000003,0.2877495040454009,0.2877495040454009,0.067998000319808,0.2074858760877983,4,4.870246567145742e-10,1.0345502232667059e-10,0.0,2.65004852490722e-12,4.18374606984926e-12
91200.0,1.203,0.2875223312289269,0.2875223312289269,0.06795832718949035,0.2073423192548017,4,4.830706806790985e-10,1.035118657455314e-10,0.0,2.648187696860122e-12,4.205381175712362e-12
91260.0,1.203,0.28729561389942426,0.28729561389942426,0.06791896840006131,0.20719907770708088,4,4.793344193787519e-10,9.805489753489383e-11,0.0,2.645964015992046e-12,4.224778669518454e-12
91320.0,1.203,0.28706935078815893,0.28706935078815893,0.06787990665956653,0.20705614900884062,4,4.757899352281214e-10,9.680434231995605e-11,0.0,2.6436719194257875e-12,4.242200152438485e-12
91380.0,1.203,0.2868435406305992,0.2868435406305992,0.06784112658614187,0.20691353085420014,4,4.724160646008002e-10,1.7143975128419697e-10,0.0,2.6412423019783445e-12,4.257868475260838e-12
91440.0,1.203,0.28661818216640206,0.28661818216640206,0.06780261443258455,0.20677122105312207,4,4.691961125180555e-10,1.745092959026806e-10,0.0,2.6386071003172405e-12,4.271974643173966e-12
91500.0,1.2030000000000003,0.28639327413941107,0.28639327413941107,0.0677643578589405,0.20662921751933372,4,4.661126484784006e-10,9.350742402602918e-11,0.0,2.635842920949258e-12,4.2846832987033e-12
91560.0,1.203,0.2861688152976473,0.2861688152976473,0.06772634574328547,0.2064875182598993,4,4.6315458412937716e-10,1.1215206541237421e-10,0.0,2.6327751963131987e-12,4.29613709468593e-12
91620.0,1.203,0.28594480439330267,0.28594480439330267,0.06768856802331798,0.20634612136617225,4,4.6030744493830156e-10,1.0300027497578412e-10,0.0,2.629637861662501e-12,4.3064602402499635e-12
91680.0,1.203,0.28572124018273454,0.28572124018273454,0.06765101556281262,0.2062050250059041,4,4.5756333444391117e-10,1.0260237104375847e-10,0.0,2.626456228882728e-12,4.31576135280258e-12
91740.0,1.203,0.2854981214264527,0.2854981214264527,0.06761368003850127,0.2060642274163333,4,4.549114418495037e-10,1.0186340659856796e-10,0.0,2.6232516703092045e-12,4.3241358433740755e-12
91800.0,1.203,0.28527544688911693,0.28527544688911693,0.06757655384366039,0.2059237268981052,4,4.5234320456000177e-10,1.0288658813806251e-10,0.0,2.619867394214163e-12,4.3316678264058405e-12
91860.0,1.203,0.2850532153395263,0.2850532153395263,0.06753963000556847,0.2057835218099029,4,4.4985443148348736e-10,9.805489753489383e-11,0.0,2.6164869932948556e-12,4.338431740938336e-12
91920.0,1.203,0.28483142555060725,0.28483142555060725,0.06750290211450609,0.20564361056368696,4,4.4743629634691473e-10,1.1453948900452815e-10,0.0,2.612915684701764e-12,4.3444937013986856e-12
91980.0,1.203,0.2846100762994051,0.2846100762994051,0.06746636426237168,0.2055039916204624,4,4.450840529468536e-10,1.6302692529279739e-10,0.0,2.609389187539714e-12,4.349912609769828e-12
92040.0,1.2030000000000003,0.2843891663670753,0.2843891663670753,0.067430010989466,0.20536466348649945,4,4.427917199567588e-10,7.80460140958894e-11,0.0,2.6059033377947368e-12,4.354741109730116e-12
92100.0,1.2030000000000003,0.2841686945388654,0.2841686945388654,0.06739383723811986,0.2052256247099509,4,4.405567577414615e-10,9.117684385273606e-11,0.0,2.602170012974659e-12,4.359026377032663e-12
92160.0,1.2030000000000003,0.2839486596041085,0.2839486596041085,0.0673578383121471,0.20508687387781446,4,4.3837322660778e-10,1.0487610779819079e-10,0.0,2.5983968327133143e-12,4.36281083329935e-12
92220.0,1.203,0.28372906035620904,0.28372906035620904,0.06732200984128839,0.20494840961319785,4,4.3623794854230624e-10,1.6797230273368768e-10,0.0,2.594585041302102e-12,4.36613269151831e-12
92280.0,1.2030000000000003,0.2835098955926261,0.2835098955926261,0.06728634774992694,0.20481023057284958,4,4.3414806472075185e-10,1.0481926437932998e-10,0.0,2.590823279891919e-12,4.369026489668072e-12
92340.0,1.203,0.2832911641148601,0.2832911641148601,0.06725084822942218,0.20467233544492397,4,4.320998558959843e-10,1.0430767360958271e-10,0.0,2.5870219603490335e-12,4.371523494168284e-12
92400.0,1.2030000000000003,0.2830728647284357,0.2830728647284357,0.06721550771366816,0.20453472294695302,4,4.300900330322932e-10,9.93054527498316e-11,0.0,2.5831776928475904e-12,4.3736520879448814e-12
92460.0,1.203,0.28285499624288885,0.28285499624288885,0.06718032285733581,0.2043973918240029,4,4.281183740850736e-10,1.524540493846871e-10,0.0,2.5792278511596015e-12,4.375438085966405e-12
92520.0,1.203,0.2826375574717469,0.2826375574717469,0.06714529051654891,0.204260340846993,4,4.261810765404661e-10,1.694502316240687e-10,0.0,2.575177939305158e-12,4.376905021625505e-12
92580.0,1.203,0.2824205472325073,0.2824205472325073,0.0671104077315854,0.20412356881116078,4,4.242754897409995e-10,1.0749090506578796e-10,0.0,2.571346292594629e-12,4.378074392444676e-12
92640.0,1.203,0.2822039643466267,0.2822039643466267,0.06707567171143057,0.20398707453465748,4,4.2240115571967607e-10,1.035687091643922e-10,0.0,2.5672284495448488e-12,4.378965860957065e-12
92700.0,1.203,0.2819878076394965,0.2819878076394965,0.06704107981991671,0.20385085685725932,4,4.2055486870751224e-10,1.1243628250667825e-10,0.0,2.563382216079935e-12,4.379597458952253e-12
92760.0,1.203,0.28177207594042536,0.28177207594042536,0.06700662956322702,0.20371491463918495,4,4.187364205376909e-10,9.390532795805484e-11,0.0,2.559250850149152e-12,4.379985742711591e-12
92820.0,1.203,0.2815567680826198,0.2815567680826198,0.06697231857868491,0.20357924676000586,4,4.1694322994167976e-10,9.612222129362635e-11,0.0,2.555308107444294e-12,4.380145938274344e-12
92880.0,1.203,0.2813418829031609,0.2813418829031609,0.06693814462460006,0.20344385211764265,4,4.151737564850322e-10,1.7422507880837657e-10,0.0,2.551246917346158e-12,4.3800920790425005e-12
92940.0,1.2030000000000003,0.2811274192429851,0.2811274192429851,0.06690410557110378,0.20330872962743785,4,4.1342852752368486e-10,1.0470557754160836e-10,0.0,2.5471937655906912e-12,4.379837115178714e-12
93000.0,1.203,0.28091337594686605,0.28091337594686605,0.06687019939180092,0.20317387822129873,4,4.1170372666599064e-10,1.0402345651527867e-10,0.0,2.5431268834311496e-12,4.3793930095294766e-12
93060.0,1.203,0.28069975186338797,0.28069975186338797,0.0668364241562491,0.20303929684690297,4,4.100010470020621e-10,9.259792932425626e-11,0.0,2.538935943132087e-12,4.378770831953486e-12
93120.0,1.203,0.2804865458449274,0.2804865458449274,0.06680277802307023,0.2029049844669616,4,4.0831742154079365e-10,9.515588317299262e-11,0.0,2.5348605982663695e-12,4.3779808554185286e-12
93180.0,1.203,0.28027375674763716,0.28027375674763716,0.06676925923367452,0.2027709400585348,4,4.0665266987094384e-10,1.658690962358378e-10,0.0,2.530851185598233e-12,4.377032591414733e-12
93240.0,1.203,0.2800613834314151,0.2800613834314151,0.06673586610658516,0.2026371626123948,4,4.050065421923321e-10,9.555378710501827e-11,0.0,2.526791522700501e-12,4.37593489715387e-12
93300.0,1.2030000000000003,0.27984942475989355,0.27984942475989355,0.06670259703217261,0.20250365113243246,4,4.033764433586384e-10,9.748646334628575e-11,0.0,2.52269020187539e-12,4.374696007430696e-12
93360.0,1.203,0.27963787960041075,0.27963787960041075,0.06666945046786493,0.20237040463510425,4,4.017636501263411e-10,9.600853445590474e-11,0.0,2.5184834567885646e-12,4.373323583228085e-12
93420.0,1.203,0.27942674682399504,0.27942674682399504,0.0666364249338028,0.20223742214891502,4,4.001668163500227e-10,1.0930989446933381e-10,0.0,2.5143074988082732e-12,4.37182478427235e-12
93480.0,1.203,0.2792160253053431,0.2792160253053431,0.06660351900875647,0.20210470271393471,4,3.985847901732953e-10,1.0413714335300028e-10,0.0,2.51030205025433e-12,4.370206284609051e-12
93540.0,1.203,0.2790057139228025,0.2790057139228025,0.06657073132646775,0.20197224538134584,4,3.970157674837438e-10,1.1618794815149158e-10,0.0,2.506105533937376e-12,4.368474333286622e-12
93600.0,1.203,0.27879581155835104,0.27879581155835104,0.06653806057219588,0.2018400492130189,4,3.954622601609614e-10,1.694502316240687e-10,0.0,2.502043309612011e-12,4.3666347595775344e-12
93660.0,1.203,0.2785863170975802,0.2785863170975802,0.06650550547957756,0.20170811328111488,4,3.9392206163668675e-10,9.038103598868474e-11,0.0,2.4979178475008704e-12,4.364693034710786e-12
93720.0,1.203,0.2783772294296759,0.2783772294296759,0.06647306482774579,0.20157643666771108,4,3.9239463067719527e-10,1.0402345651527867e-10,0.0,2.493787496315558e-12,4.362654291231235e-12
93780.0,1.203,0.27816854744739894,0.27816854744739894,0.06644073743862397,0.201445018464449,4,3.9087939829318685e-10,1.708713170955889e-10,0.0,2.489644708145481e-12,4.360523342944581e-12
93840.0,1.2030000000000003,0.277960270047076,0.277960270047076,0.06640852217443932,0.20131385777220354,4,3.893758093731492e-10,1.6643753042444587e-10,0.0,2.4856442325219713e-12,4.358304708033751e-12
93900.0,1.2030000000000003,0.27775239612857383,0.27775239612857383,0.06637641793540287,0.20118295370077105,4,3.878836557502652e-10,9.453060556552373e-11,0.0,2.4814391696425793e-12,4.356002633409448e-12
93960.0,1.2030000000000003,0.27754492459529334,0.27754492459529334,0.066344423657615,0.20105230536857507,4,3.8640299293568603e-10,1.730313670122996e-10,0.0,2.4773328843573643e-12,4.353621125750924e-12
94020.0,1.203,0.2773378543541483,0.2773378543541483,0.0663125383110415,0.2009219119023882,4,3.849335294958678e-10,1.7149659470305778e-10,0.0,2.4731085184441374e-12,4.35116394939171e-12
94080.0,1.2030000000000003,0.2771311843155569,0.2771311843155569,0.06628076089767064,0.2007917724370693,4,3.834746270525713e-10,1.2073542166035622e-10,0.0,2.4690605200371218e-12,4.348634651717371e-12
94140.0,1.203,0.2769249133934252,0.2769249133934252,0.06624909044982338,0.20066188611531555,4,3.820235239260228e-10,1.6081003195722587e-10,0.0,2.46491304015155e-12,4.346036597931903e-12
94200.0,1.2030000000000003,0.2767190405051344,0.2767190405051344,0.06621752602852325,0.20053225208742667,4,3.805848969307135e-10,1.0231815394945443e-10,0.0,2.4608378358933016e-12,4.343372930765768e-12
94260.0,1.203,0.27651356457153253,0.27651356457153253,0.06618606672202047,0.20040286951108244,4,3.791537084296692e-10,1.729745235934388e-10,0.0,2.456687096624949e-12,4.340646654954196e-12
94320.0,1.203,0.2763084845169207,0.2763084845169207,0.0661547116443865,0.200273737551131,4,3.7773247030248314e-10,1.163016349892132e-10,0.0,2.4523921720201827e-12,4.337860591915958e-12
94380.0,1.203,0.2761037992690432,0.2761037992690432,0.06612345993423058,0.2001448553793884,4,3.7632154337163826e-10,1.2960299500264227e-10,0.0,2.4484181704114392e-12,4.335017414063163e-12
94440.0,1.203,0.275899507759079,0.275899507759079,0.06609231075345225,0.20001622217444753,4,3.749179577905437e-10,1.0277290130034089e-10,0.0,2.4441678827489275e-12,4.33211965991385e-12
94500.0,1.203,0.27569560892163053,0.27569560892163053,0.06606126328614628,0.1998878371214974,4,3.735227682710729e-10,8.86757334228605e-11,0.0,2.4401721335692633e-12,4.329169731003293e-12
94560.0,1.203,0.2754921016947184,0.2754921016947184,0.06603031673749393,0.19975969941215027,4,3.721355862351672e-10,9.617906471248716e-11,0.0,2.435921918751585e-12,4.32616990232964e-12
94620.0,1.203,0.275288985019767,0.275288985019767,0.06599947033276994,0.1996318082442777,4,3.7075685577203643e-10,9.282530299969949e-11,0.0,2.4318986037316854e-12,4.32312232999375e-12
94680.0,1.203,0.2750862578416083,0.2750862578416083,0.06596872331643532,0.1995041628218537,4,3.693854527808682e-10,1.0902567737502977e-10,0.0,2.427834255894722e-12,4.3200290719316535e-12
94740.0,1.2030000000000003,0.2748839191084628,0.2748839191084628,0.06593807495121644,0.19937676235480573,4,3.6802272340707987e-10,1.0197709343628958e-10,0.0,2.4237543251926278e-12,4.3168920721451745e-12
94800.0,1.203,0.2746819677719407,0.2746819677719407,0.06590752451729454,0.19924960605887243,4,3.6666593372647327e-10,8.526512829121202e-11,0.0,2.4196683890269377e-12,4.313713191180232e-12
94860.0,1.203,0.27448040278702984,0.27448040278702984,0.06587707131152672,0.1991226931554671,4,3.653176927631563e-10,1.020907802740112e-10,0.0,2.415526834983865e-12,4.3104941856673544e-12
94920.0,1.203,0.2742792231120973,0.2742792231120973,0.06584671464670214,0.19899602287154808,4,3.6397641844931883e-10,9.794121069717221e-11,0.0,2.4114209918498484e-12,4.3072367355177205e-12
94980.0,1.203,0.2740784277088796,0.2740784277088796,0.06581645385085258,0.1988695944394945,4,3.626415834290242e-10,8.742517820792273e-11,0.0,2.407446559101335e-12,4.303942440425843e-12
95040.0,1.203,0.27387801554247615,0.27387801554247615,0.06578628826661362,0.19874340709698707,4,3.6131422853635797e-10,1.1618794815149158e-10,0.0,2.403393217610488e-12,4.3006128239624584e-12
95100.0,1.2030000000000003,0.2736779855813451,0.2736779855813451,0.06575621725059433,0.19861746008689446,4,3.5999220271420995e-10,1.1891643225681037e-10,0.0,2.3993963698290912e-12,4.297249339510372e-12
95160.0,1.203,0.27347833679730366,0.27347833679730366,0.06572624017280077,0.19849175265716382,4,3.5867749048623665e-10,1.00669694802491e-10,0.0,2.3952218975445893e-12,4.293853371313325e-12
95220.0,1.203,0.27327906816551717,0.27327906816551717,0.06569635641608755,0.19836628406071652,4,3.573695783742892e-10,1.0771827874123119e-10,0.0,2.3911269980762513e-12,4.2904262397517534e-12
95280.0,1.203,0.2730801786644954,0.2730801786644954,0.0656665653756412,0.1982410535553475,4,3.5606635695462074e-10,1.0504663805477321e-10,0.0,2.3871608526980937e-12,4.2869692145528605e-12
95340.0,1.203,0.2728816672760949,0.2728816672760949,0.06563686645849898,0.19811606040362906,4,3.547702270845221e-10,9.22000253922306e-11,0.0,2.3830834808825333e-12,4.283483499904675e-12
95400.0,1.203,0.2726835329855065,0.2726835329855065,0.06560725908305075,0.19799130387281821,4,3.5348114713062984e-10,8.964207154349424e-11,0.0,2.379076026554571e-12,4.279970244845441e-12
95460.0,1.202996740740741,0.2724857747812444,0.2724857747812444,0.0655856388911496,0.1978674781490592,4,2.1372527359009297e-10,1.0231815394945443e-10,-1.0567798353910171e-07,-1.1388455596893694e-08,2.6046505574062074e-12
95520.0,1.2029872592592594,0.27228839165510343,0.27228839165510343,0.06557326378945955,0.197745153093118,4,1.3675716115102432e-10,1.0646772352629341e-10,-2.0580144032922385e-07,-2.21766237492506e-08,2.382554411467667e-13
95580.0,1.202972,0.2720913826021906,0.2720913826021906,0.06556617628238294,0.1976241730216068,4,8.761731618012192e-11,9.697487257653847e-11,-2.9851748971197354e-07,-3.216535452077765e-08,-2.213321175344695e-12
95640.0,1.2029514074074077,0.2718947466209434,0.2718947466209434,0.06556248371415091,0.197504403613118,4,5.5175891633396645e-11,1.1647216524579562e-10,-3.838261316873237e-07,-4.1356279002351836e-08,-4.615106945568031e-12
95700.0,1.2029259259259262,0.2716984827131236,0.2716984827131236,0.06556097859732847,0.19738572274716232,3,5.391729146486668e-10,1.028297447192017e-10,-4.617273662551116e-07,-4.975014502533542e-08,-6.907762537906627e-12
95760.0,1.2028960000000002,0.27150258988380427,0.27150258988380427,0.06556079361645015,0.19726801671885397,3,2.64595595433903e-10,1.6649437384330668e-10,-5.322211934157169e-07,-5.734714125401933e-08,-9.057924946146539e-12
95820.0,1.202862074074074,0.2713070671413828,0.2713070671413828,0.06556126148578732,0.1971511781841747,3,1.458206888571567e-10,1.603552846063394e-10,-5.953076131687057e-07,-6.414709846043981e-08,-1.1045764310573427e-11
95880.0,1.202824592592593,0.2711119134975594,0.2711119134975594,0.06556184463751674,0.19703510488957263,3,1.5459868107914332e-10,1.063540366885718e-10,-6.509866255145118e-07,-7.014960895046746e-08,-1.285768967231503e-11
95940.0,1.2027839999999999,0.2709171279673427,0.2709171279673427,0.06556209568430986,0.19691969881396845,3,2.7073715491710004e-10,1.1431211532908492e-10,-6.9925823045281e-07,-7.535412249809303e-08,-1.448407428973743e-11
96000.0,1.2027407407407409,0.27072270956904043,0.27072270956904043,0.06556163305310596,0.19680486555435522,3,4.79205661263471e-10,1.0123812899109907e-10,-7.401224279836001e-07,-7.976001476341011e-08,-1.5917806564393056e-11
96060.0,1.2026952592592592,0.270528657324256,0.270528657324256,0.0655601250446559,0.19669051386560465,3,7.684621688985871e-10,1.2573764252010733e-10,-7.735792181070992e-07,-8.336664631812212e-08,-1.715345600871726e-11
96120.0,1.2026480000000002,0.27033497025788367,0.27033497025788367,0.06555727882780922,0.19657655530370519,4,5.3457308024640326e-11,9.515588317299262e-11,-7.996286008230901e-07,-8.617340366008292e-08,-1.818630609990154e-11
96180.0,1.2025994074074076,0.27014164739810137,0.27014164739810137,0.06555283293880473,0.19646290394031352,4,7.041332794610611e-11,8.702727427589707e-11,-8.182705761318984e-07,-8.817975471726358e-08,-1.9013703817899536e-11
96240.0,1.202549925925926,0.26994868777636616,0.26994868777636616,0.06554655103583819,0.1963494761298336,4,8.980090282495468e-11,1.1925749276997522e-10,-8.295051440330905e-07,-8.938526347397926e-08,-1.9632503251016505e-11
96300.0,1.2025000000000001,0.26975609042740767,0.26975609042740767,0.06553821799662161,0.1962361903161409,4,1.1144050959810414e-10,1.014086592476815e-10,-8.333323045269914e-07,-8.9789632362747e-08,-2.004037022731219e-11
96360.0,1.202450074074074,0.26956385438922353,0.26956385438922353,0.06552763643340295,0.1961229668676275,4,1.351921768977249e-10,1.007265382213518e-10,-8.297520576131673e-07,-8.939272710702846e-08,-2.023531664071837e-11
96420.0,1.2024005925925927,0.26937197870307134,0.26937197870307134,0.0655146240914789,0.19600972793576504,4,1.6094652000031573e-10,8.913048077374697e-11,-8.18764403292269e-07,-8.819460060613356e-08,-2.0215624314152304e-11
96480.0,1.202352,0.2691804624134623,0.2691804624134623,0.06549901176558037,0.19589639733182868,4,1.886244216375843e-10,1.709281605144497e-10,-8.003693415638627e-07,-8.619551711270944e-08,-1.9979784384573427e-11
96540.0,1.2023047407407408,0.26898930456815584,0.26898930456815584,0.06548064161487537,0.1957829004182392,4,2.1816251583040014e-10,1.1357315088389441e-10,-7.745668724280569e-07,-8.33959717567509e-08,-1.9526450752851754e-11
96600.0,1.2022592592592591,0.2687985042181475,0.2687985042181475,0.06545936578467194,0.19566916401181525,4,2.4952427624125306e-10,9.549694368615746e-11,-7.413569958848515e-07,-7.979671041713216e-08,-1.885440398433705e-11
96660.0,1.202216,0.2686080604176691,0.2686080604176691,0.06543504526755999,0.19555511629683658,4,2.826799072597197e-10,1.2636292012757622e-10,-7.007397119342465e-07,-7.539874717228476e-08,-1.796252288786605e-11
96720.0,1.2021754074074074,0.268417972224176,0.268417972224176,0.06540754895397441,0.1954406867462741,4,3.176207907795714e-10,9.333689376944676e-11,-6.52715020576242e-07,-7.020338192957468e-08,-1.6849762039867266e-11
96780.0,1.202137925925926,0.26822823869833934,0.26822823869833934,0.06537675283468306,0.19532580604988092,4,3.5434173650816803e-10,1.1243628250667825e-10,-5.972829218108379e-07,-6.421221638484392e-08,-1.551513379952219e-11
96840.0,1.202104,0.2680388589040396,0.2680388589040396,0.0653425393265235,0.19521040604809084,4,3.928532638086679e-10,8.850520316627808e-11,-5.344434156379259e-07,-5.742716775040729e-08,-1.3957693975396181e-11
96900.0,1.2020740740740743,0.26784983190835754,0.26784983190835754,0.06530479669929894,0.19509441967086866,4,4.331713876482013e-10,1.6081003195722587e-10,-4.641965020577227e-07,-4.9850484287115895e-08,-1.2176530380433499e-11
96960.0,1.2020485925925926,0.2676611567815641,0.2676611567815641,0.06526341858653786,0.19497778088080867,4,4.753189231099242e-10,9.794121069717221e-11,-3.8654218107001155e-07,-4.1484758101770505e-08,-1.0170753807135587e-11
97020.0,1.2020279999999999,0.2674728325971131,0.2674728325971131,0.06521830356653519,0.1948604246198959,4,5.193254576374429e-10,1.0362555258325301e-10,-3.0148045267495505e-07,-3.2332937243931975e-08,-7.93949104043592e-12
97080.0,1.2020127407407406,0.2672848584316322,0.2672848584316322,0.06516935480288338,0.19474228675944058,4,5.652250056886743e-10,1.0663825378287584e-10,-2.090113168724448e-07,-2.239833864016685e-08,-5.481879661559844e-12
97140.0,1.202003259259259,0.2670972333649125,0.2670972333649125,0.06511647973577278,0.194623304052771,4,6.130551066796386e-10,8.964207154349424e-11,-1.0913477366256208e-07,-1.1684659155919041e-08,-2.797064442400533e-12
97200.0,1.202,0.2669099564798988,0.2669099564798988,0.06505958981715425,0.19450341409033142,4,6.628568249844591e-10,1.1249312592553906e-10,-1.8508230452675063e-09,-1.959858678883368e-10,1.1580480665275872e-13
97260.0,1.202,0.2667230268626649,0.2667230268626649,0.06500683639610008,0.1943832662099904,4,5.645245382268627e-10,1.532498572487384e-10,0.0,1.950238350498267e-12,1.4700749971528642e-12
97320.0,1.202,0.26653644360236517,0.26653644360236517,0.06496073376641023,0.19426350879461893,4,5.130375707596002e-10,1.0203393685515039e-10,0.0,2.0115664691545748e-12,2.0566807152026786e-12
97380.0,1.2019999999999997,0.2663502057912657,0.2663502057912657,0.06491832825032127,0.19414410324500164,4,4.791969737683033e-10,1.1294787327642553e-10,0.0,2.048865996973721e-12,2.4253343842657386e-12
97440.0,1.2020000000000002,0.2661643125247441,0.2661643125247441,0.06487843901096449,0.1940250254383149,4,4.545850362802639e-10,1.0550138540565968e-10,0.0,2.0744704900681503e-12,2.684578747894191e-12
97500.0,1.2020000000000002,0.265978762901277,0.265978762901277,0.0648404140918281,0.1939062581881124,4,4.3560961782151963e-10,9.413270163349807e-11,0.0,2.09266431731804e-12,2.8784103053281262e-12
97560.0,1.2020000000000002,0.2657935560224251,0.2657935560224251,0.06480384265506114,0.19378778841279592,4,4.203995762619428e-10,1.701891960692592e-10,0.0,2.1062835559420017e-12,3.029194244989625e-12
97620.0,1.202,0.2656086909928316,0.2656086909928316,0.06476844475151482,0.19366960572448777,4,4.078520438044464e-10,1.0265921446261927e-10,0.0,2.1164998989926754e-12,3.149828686032905e-12
97680.0,1.2020000000000002,0.2654241669202006,0.2654241669202006,0.06473401926793931,0.19355170162157564,4,3.9727282574730793e-10,1.681428329902701e-10,0.0,2.12432054148918e-12,3.248392408093191e-12
97740.0,1.202,0.2652399829152956,0.2652399829152956,0.06470041604692203,0.19343406898468346,4,3.881932275628941e-10,8.674305718159303e-11,0.0,2.130228769938033e-12,3.3302527518995187e-12
97800.0,1.202,0.26505613809191875,0.26505613809191875,0.06466751960995146,0.19331670174226884,4,3.8028517834742814e-10,1.0237499736831523e-10,0.0,2.1347927206771767e-12,3.3991378010901682e-12
97860.0,1.202,0.26487263156690566,0.26487263156690566,0.06463523903299206,0.19319959463842673,4,3.7331351898650666e-10,9.208633855450898e-11,0.0,2.13821431873794e-12,3.457728932713595e-12
97920.0,1.2020000000000002,0.2646894624601107,0.2646894624601107,0.06460350133373463,0.1930827430658374,4,3.6709975337334555e-10,1.0192025001742877e-10,0.0,2.1406412324562153e-12,3.508009867553234e-12
97980.0,1.202,0.26450662989439766,0.26450662989439766,0.0645722469809572,0.19296614294209952,4,3.6151127924544113e-10,1.5847945178393275e-10,0.0,2.142347679431314e-12,3.5514827636625693e-12
98040.0,1.202,0.2643241329956216,0.2643241329956216,0.06454142674618765,0.19284979061600313,4,3.5644479035035204e-10,8.310507837450132e-11,0.0,2.143436193001501e-12,3.589307686657908e-12
98100.0,1.202,0.2641419708926239,0.2641419708926239,0.06451099943699022,0.19273368279507216,4,3.518165619942337e-10,1.0328449207008816e-10,0.0,2.1440481709177604e-12,3.6223956636826283e-12
98160.0,1.202,0.26396014271721696,0.26396014271721696,0.06448093022759939,0.19261781648859877,4,3.475610771408455e-10,9.112000043387525e-11,0.0,2.1441623484179514e-12,3.651472619780071e-12
98220.0,1.202,0.2637786476041714,0.2637786476041714,0.06445118940545504,0.19250218896219715,4,3.436270851198131e-10,9.566747394273989e-11,0.0,2.143875112769274e-12,3.677124379152607e-12
98280.0,1.2020000000000002,0.26359748469120003,0.26359748469120003,0.06442175141391943,0.19238679770108258,4,3.399692194427928e-10,1.070930011337623e-10,0.0,2.1433859359956415e-12,3.699829069697433e-12
98340.0,1.202,0.26341665311895296,0.26341665311895296,0.06439259411016257,0.19227164038006248,4,3.3655267461796257e-10,8.481038094032556e-11,0.0,2.1424836248312164e-12,3.71998082009496e-12
98400.0,1.202,0.2632361520309994,0.2632361520309994,0.06436369818239997,0.19215671483876806,4,3.3334746074586974e-10,1.0339817890780978e-10,0.0,2.1414175406934727e-12,3.737907466748026e-12
98460.0,1.202,0.26305598057381435,0.26305598057381435,0.06433504668661906,0.1920420190610233,4,3.303278484079186e-10,1.0277290130034089e-10,0.0,2.140162541103437e-12,3.7538839090546e-12
98520.0,1.202,0.26287613789676895,0.26287613789676895,0.06430662467452884,0.19192755115752233,4,3.274732429670024e-10,1.0078338164021261e-10,0.0,2.138589520875772e-12,3.768142374639771e-12
98580.0,1.202,0.262696623152114,0.262696623152114,0.06427841889183274,0.19181330935117663,4,3.247647289983391e-10,1.0362555258325301e-10,0.0,2.1369255564146266e-12,3.780880347137462e-12
98640.0,1.2020000000000002,0.26251743549496886,0.26251743549496886,0.06425041753139203,0.19169929196463598,4,3.221871658354303e-10,1.652438186283689e-10,0.0,2.1352326230031685e-12,3.7922668150701165e-12
98700.0,1.2020000000000002,0.2623385740833071,0.2623385740833071,0.06422261002968481,0.1915854974095961,4,3.197258152676241e-10,1.5910472939140163e-10,0.0,2.1332266944005575e-12,3.80244720177732e-12
98760.0,1.202,0.26216003807794336,0.26216003807794336,0.06419498689774053,0.19147192417758419,4,3.173707130432746e-10,1.042508301907219e-10,0.0,2.1312784504357203e-12,3.811547301319827e-12
98820.0,1.2019999999999997,0.2619818266425201,0.2619818266425201,0.06416753957974695,0.1913585708319765,4,3.1511120102134527e-10,1.0265921446261927e-10,0.0,2.128978705161948e-12,3.819676461007336e-12
98880.0,1.202,0.2618039389434929,0.2618039389434929,0.06414026033406071,0.19124543600105015,4,3.129386194622441e-10,1.0192025001742877e-10,0.0,2.126783789532761e-12,3.826930162802534e-12
98940.0,1.202,0.2616263741501168,0.2616263741501168,0.06411314213254272,0.1911325183719069,4,3.1084433638195463e-10,9.373479770147242e-11,0.0,2.124472467436182e-12,3.833392140653657e-12
99000.0,1.202,0.26144913143443455,0.26144913143443455,0.06408617857483793,0.1910198166851371,4,3.088233280212904e-10,1.0152234608540311e-10,0.0,2.1220336588342284e-12,3.839136093651711e-12
99060.0,1.202,0.261272209971258,0.261272209971258,0.06405936381511813,0.19090732973011565,4,3.068660187066641e-10,9.64632818067912e-11,0.0,2.1196041218549155e-12,3.844227155579697e-12
99120.0,1.202,0.2610956089381573,0.2610956089381573,0.06403269249910044,0.1907950563408394,4,3.04971006781507e-10,1.0152234608540311e-10,0.0,2.117116647398494e-12,3.848723066245029e-12
99180.0,1.2019999999999997,0.2609193275154442,0.2609193275154442,0.06400615970971467,0.19068299539223083,4,3.031305900735859e-10,1.0260237104375847e-10,0.0,2.114421649869995e-12,3.852675194189093e-12
99240.0,1.2020000000000002,0.26074336488616007,0.26074336488616007,0.06397976092003073,0.19057114579684437,4,3.013417293473708e-10,1.0254552762489766e-10,0.0,2.111981429264118e-12,3.8561293740272995e-12
99300.0,1.2020000000000002,0.26056772023605707,0.26056772023605707,0.06395349195225661,0.1904595065019238,4,2.9960092740033417e-10,1.0624034985085018e-10,0.0,2.1091939564900862e-12,3.859126623341699e-12
99360.0,1.2020000000000002,0.2603923927535863,0.2603923927535863,0.06392734894198218,0.19034807648676436,4,2.979030355731993e-10,8.600409273640253e-11,0.0,2.106458296721438e-12,3.8617037474228054e-12
99420.0,1.202,0.26021738162988167,0.26021738162988167,0.0639013283068395,0.19023685476034208,4,2.9624634689806584e-10,8.418510333285667e-11,0.0,2.1036787873276596e-12,3.8638938701342585e-12
99480.0,1.2020000000000002,0.260042686058743,0.260042686058743,0.06387542671895638,0.19012584035917665,4,2.946275445836477e-10,1.0015810403274372e-10,0.0,2.1009281515929872e-12,3.8657268534290535e-12
99540.0,1.202,0.25986830523662063,0.25986830523662063,0.06384964108062785,0.19001503234540182,4,2.930449771731958e-10,1.0192025001742877e-10,0.0,2.098091264187362e-12,3.86722970326692e-12
99600.0,1.202,0.2596942383626032,0.2596942383626032,0.06382396850282983,0.18990442980501723,4,2.914945090859433e-10,1.0237499736831523e-10,0.0,2.095195200942459e-12,3.8684268973201175e-12
99660.0,1.202,0.25952048463839256,0.25952048463839256,0.06379840628617252,0.18979403184630195,4,2.899756684771049e-10,1.0288658813806251e-10,0.0,2.0923335539167526e-12,3.869340651702791e-12
99720.0,1.2020000000000002,0.2593470432682978,0.2593470432682978,0.06377295190393016,0.1896838375983712,4,2.8848542998893834e-10,1.0430767360958271e-10,0.0,2.0894165401589323e-12,3.8699911852171225e-12
99780.0,1.202,0.2591739134592111,0.2591739134592111,0.06374760298692464,0.18957384620986073,4,2.870232523877192e-10,1.0419398677186109e-10,0.0,2.0865084587870573e-12,3.870396937656223e-12
99840.0,1.202,0.25900109442059555,0.25900109442059555,0.06372235731000524,0.18946405684772533,4,2.8558660991606644e-10,1.0822986951097846e-10,0.0,2.0835582553137483e-12,3.870574743672533e-12
99900.0,1.202,0.258828585364463,0.258828585364463,0.06369721277995043,0.1893544686961397,4,2.841732821279308e-10,1.0822986951097846e-10,0.0,2.080602468199251e-12,3.870540025237937e-12
99960.0,1.202,0.2586563855053656,0.2586563855053656,0.06367216742459568,0.18924508095548992,4,2.8278318575658545e-10,9.401901479577646e-11,0.0,2.0776379579159465e-12,3.870306898035732e-12
100020.0,1.202,0.2584844940603661,0.2584844940603661,0.0636472193830386,0.18913589284144783,4,2.814151411900667e-10,1.035687091643922e-10,0.0,2.0746407377613177e-12,3.869888336456692e-12
100080.0,1.2020000000000002,0.25831291024903136,0.25831291024903136,0.0636223668968202,0.1890269035841196,4,2.800679133052597e-10,7.992184691829607e-11,0.0,2.0716570705573616e-12,3.869296268877038e-12
100140.0,1.202,0.25814163329340956,0.25814163329340956,0.06359760830195456,0.18891811242726075,4,2.787398367676275e-10,1.0669509720173664e-10,0.0,2.0686045302574312e-12,3.86854168643269e-12
100200.0,1.202,0.2579706624180152,0.2579706624180152,0.0635729420217189,0.18880951862755208,4,2.774297458429942e-10,1.638795765757095e-10,0.0,2.065627239517502e-12,3.867634723485742e-12
100260.0,1.202,0.2577999968498062,0.2577999968498062,0.06354836656008597,0.18870112145392987,4,2.761369605197572e-10,1.1738165994756855e-10,0.0,2.0624964964772e-12,3.866584744915175e-12
100320.0,1.202,0.2576296358181717,0.2576296358181717,0.06352388049579571,0.1885929201869665,4,2.7486118936437265e-10,1.658690962358378e-10,0.0,2.059518257483886e-12,3.8654004084234155e-12
100380.0,1.202,0.2574595785549127,0.2574595785549127,0.06349948247694902,0.18848491411829596,4,2.736021686988721e-10,1.1516476661199704e-10,0.0,2.05642218773728e-12,3.864089736527513e-12
100440.0,1.2020000000000002,0.25728982429422487,0.25728982429422487,0.063475171216041,0.18837710255008064,4,2.723573866436624e-10,9.214318197336979e-11,0.0,2.053431349128876e-12,3.8626601748853015e-12
100500.0,1.2020000000000002,0.2571203722726788,0.2571203722726788,0.063450945485494,0.18826948479451555,4,2.71127745254951e-10,1.694502316240687e-10,0.0,2.050377829235342e-12,3.861118625840883e-12
100560.0,1.202,0.25695122172920154,0.25695122172920154,0.06342680411351778,0.18816206017336728,4,2.6991082979765935e-10,8.941469786805101e-11,0.0,2.0473594311394496e-12,3.859471519600208e-12
100620.0,1.2019999999999997,0.25678237190506603,0.25678237190506603,0.06340274598034423,0.18805482801754408,4,2.687085970398684e-10,9.276845958083868e-11,0.0,2.0441124556970264e-12,3.857724830003759e-12
100680.0,1.202,0.25661382204386607,0.25661382204386607,0.06337877001476946,0.18794778766669495,4,2.675186183687117e-10,9.129053069045767e-11,0.0,2.041154786051804e-12,3.85588413234647e-12
100740.0,1.202,0.25644557139150265,0.25644557139150265,0.06335487519096136,0.18784093846883484,4,2.6634053296170634e-10,8.589040589868091e-11,0.0,2.0380448474112357e-12,3.8539546203762954e-12
100800.0,1.202,0.2562776191961697,0.2562776191961697,0.06333106052554985,0.18773427977999496,4,2.6517443796336693e-10,9.038103598868474e-11,0.0,2.0349754829193905e-12,3.851941148366263e-12
100860.0,1.202,0.2561099647083315,0.2561099647083315,0.0633073250749615,0.18762781096389394,4,2.6401980601775676e-10,8.697043085703626e-11,0.0,2.0318064040149287e-12,3.84984825435329e-12
100920.0,1.202,0.25594260718071316,0.25594260718071316,0.06328366793286988,0.18752153139163175,4,2.6287627630239285e-10,1.263060767087154e-10,0.0,2.028815881349814e-12,3.847680177667794e-12
100980.0,1.2019999999999997,0.2557755458682804,0.2557755458682804,0.06326008822799087,0.18741544044140054,4,2.617429328832799e-10,8.361666914424859e-11,0.0,2.0256448195412225e-12,3.845440899521793e-12
101040.0,1.2020000000000002,0.25560878002822324,0.25560878002822324,0.06323658512190639,0.18730953749821422,4,2.6061941493793483e-10,1.0408029993413948e-10,0.0,2.022663756963579e-12,3.84313414528861e-12
101100.0,1.2020000000000002,0.2554423089199454,0.2554423089199454,0.06321315780712321,0.18720382195365404,4,2.5950669391150427e-10,9.475797924096696e-11,0.0,2.0195415117813204e-12,3.840763411225776e-12
101160.0,1.2020000000000002,0.2552761318050469,0.2552761318050469,0.0631898055052838,0.18709829320562907,4,2.5840241058006086e-10,8.492406777804717e-11,0.0,2.0164104007052027e-12,3.838331982492674e-12
101220.0,1.202,0.2551102479473092,0.2551102479473092,0.06316652746543845,0.18699295065815077,4,2.573069396438754e-10,9.987388693843968e-11,0.0,2.013288984344683e-12,3.835842946448296e-12
101280.0,1.2020000000000002,0.2549446566126818,0.2549446566126818,0.06314332296251009,0.18688779372112033,4,2.562213080592457e-10,1.1226575225009583e-10,0.0,2.0102596341127824e-12,3.8332992036874865e-12
101340.0,1.202,0.2547793570692705,0.2547793570692705,0.06312019129586645,0.18678282181012826,4,2.5514415580296657e-10,9.350742402602918e-11,0.0,2.00713530565299e-12,3.830703488487194e-12
101400.0,1.202,0.2546143485873214,0.2546143485873214,0.06309713178792693,0.1866780343462647,4,2.540749416413135e-10,1.0686562745831907e-10,0.0,2.0040501228208547e-12,3.8280583817783146e-12
101460.0,1.202,0.25444963043921387,0.25444963043921387,0.06307414378293785,0.18657343075594077,4,2.53013845985528e-10,1.0157918950426392e-10,0.0,2.001016069862031e-12,3.82536630853015e-12
101520.0,1.2020000000000002,0.2542852018994406,0.2542852018994406,0.06305122664579293,0.18646901047071857,4,2.519616043583639e-10,1.5825207810848951e-10,0.0,1.997843482970618e-12,3.822629561558318e-12
101580.0,1.202,0.2541210622446031,0.2541210622446031,0.06302837976092289,0.1863647729271516,4,2.509159685581963e-10,1.0078338164021261e-10,0.0,1.9947599984395422e-12,3.819850305978293e-12
101640.0,1.202,0.2539572107533994,0.2539572107533994,0.06300560253131315,0.18626071756663237,4,2.498781181969889e-10,1.0010126061388291e-10,0.0,1.9916800460358563e-12,3.817030588215059e-12
101700.0,1.202,0.2537936467066105,0.2537936467066105,0.06298289437751767,0.18615684383524858,4,2.488475536743806e-10,1.1516476661199704e-10,0.0,1.988598903127363e-12,3.814172340688257e-12
101760.0,1.202,0.2536303693870944,0.2536303693870944,0.06296025473679492,0.18605315118364615,4,2.4782399743461525e-10,9.623590813134797e-11,0.0,1.9855502951778904e-12,3.811277393637564e-12
101820.0,1.202,0.2534673780797741,0.2534673780797741,0.06293768306224243,0.1859496390668995,4,2.468068388550293e-10,9.799805411603302e-11,0.0,1.982422872930258e-12,3.8083474845475846e-12
101880.0,1.2020000000000002,0.25330467207163065,0.25330467207163065,0.06291517882204067,0.18584630694438853,4,2.457972575475864e-10,8.913048077374697e-11,0.0,1.979415550637184e-12,3.805384252791031e-12
101940.0,1.202,0.2531422506516922,0.2531422506516922,0.06289274149871486,0.18574315427968063,4,2.447927971438446e-10,1.0084022505907342e-10,0.0,1.9762781499179163e-12,3.802389257408143e-12
102000.0,1.202,0.25298011311102947,0.25298011311102947,0.06287037058845514,0.1856401805404195,4,2.437966772905753e-10,1.1004885891452432e-10,0.0,1.9732091530383702e-12,3.799363968884513e-12
102060.0,1.202,0.2528182587427443,0.2528182587427443,0.06284806560043753,0.18553738519821855,4,2.428057060965827e-10,9.106315701501444e-11,0.0,1.970135554652338e-12,3.796309797028727e-12
102120.0,1.202,0.2526566868419664,0.2526566868419664,0.06282582605625747,0.18543476772855955,4,2.4182085500701334e-10,9.026734915096313e-11,0.0,1.9670545265168093e-12,3.793228075267513e-12
102180.0,1.202,0.25249539670584503,0.25249539670584503,0.06280365148933548,0.18533232761069612,4,2.4084238769983557e-10,1.1056044968427159e-10,0.0,1.9639924257560033e-12,3.7901200628112995e-12
102240.0,1.2020000000000002,0.25233438763354255,0.25233438763354255,0.06278154144439305,0.18523006432756117,4,2.3986951314114435e-10,9.094947017729282e-11,0.0,1.9609825411882637e-12,3.786986970242222e-12
102300.0,1.2020000000000002,0.25217365892623,0.25217365892623,0.0627594954769384,0.1851279773656791,4,2.3890200928633476e-10,9.180212146020494e-11,0.0,1.957904721613539e-12,3.783829940426103e-12
102360.0,1.202,0.25201320988707965,0.25201320988707965,0.06273751315278901,0.18502606621508136,4,2.3794066716931184e-10,1.0999201549566351e-10,0.0,1.9548741732535347e-12,3.780650061423084e-12
102420.0,1.2019999999999997,0.2518530398212624,0.2518530398212624,0.06271559404763037,0.18492433036922615,4,2.369846263672315e-10,1.0857093002414331e-10,0.0,1.9517253452127758e-12,3.777448373707262e-12
102480.0,1.202,0.25169314803594245,0.25169314803594245,0.06269373774659515,0.18482276932492114,4,2.3603352605761074e-10,1.106172931031324e-10,0.0,1.9487909990432723e-12,3.774225868006092e-12
102540.0,1.202,0.25153353384027105,0.25153353384027105,0.0626719438438411,0.1847213825822501,4,2.35088490341262e-10,9.885070539894514e-11,0.0,1.9457345729796964e-12,3.770983485841362e-12
102600.0,1.202,0.2513741965453875,0.2513741965453875,0.06265021194219672,0.1846201696445021,4,2.3414827021728257e-10,1.0277290130034089e-10,0.0,1.9426987132995963e-12,3.767722129624107e-12
102660.0,1.202,0.2512151354644081,0.2512151354644081,0.06262854165278886,0.18451913001810366,4,2.3321324038594327e-10,1.1101519703515805e-10,0.0,1.9396198904143456e-12,3.764442656215835e-12
102720.0,1.202,0.2510563499124294,0.2510563499124294,0.0626069325947047,0.18441826321255417,4,2.3228390044760516e-10,1.6706280803191476e-10,0.0,1.9366543056697474e-12,3.761145881074354e-12
102780.0,1.2019999999999997,0.2508978392065217,0.2508978392065217,0.06258538439468955,0.18431756874036354,4,2.313576413781604e-10,1.0402345651527867e-10,0.0,1.93351117858424e-12,3.757832601985587e-12
102840.0,1.2020000000000002,0.25073960266572787,0.25073960266572787,0.06256389668681642,0.18421704611699213,4,2.30437710579956e-10,1.1038991942768916e-10,0.0,1.930724914526224e-12,3.754503551738912e-12
102900.0,1.2020000000000002,0.2505816396110584,0.2505816396110584,0.06254246911221789,0.18411669486079363,4,2.2952251210739405e-10,8.679990060045384e-11,0.0,1.927590427600295e-12,3.751159453913878e-12
102960.0,1.2020000000000002,0.25042394936549023,0.25042394936549023,0.06252110131880345,0.1840165144929597,4,2.2861196269374773e-10,1.0766143532237038e-10,0.0,1.9246205327285446e-12,3.74780099104368e-12
103020.0,1.202,0.25026653125396636,0.25026653125396636,0.06249979296100665,0.183916504537467,4,2.2770575008879135e-10,1.2039436114719138e-10,0.0,1.921555704098132e-12,3.7444288178765126e-12
103080.0,1.2020000000000002,0.2501093846033897,0.2501093846033897,0.062478543699531874,0.18381666452102602,4,2.2680480410430803e-10,9.214318197336979e-11,0.0,1.918609885714391e-12,3.741043560553359e-12
103140.0,1.202,0.24995250874262476,0.24995250874262476,0.06245735320113933,0.18371699397303204,4,2.259077161448353e-10,8.992628863779828e-11,0.0,1.9155455741975925e-12,3.737645824138639e-12
103200.0,1.202,0.24979590300249221,0.24979590300249221,0.062436221138394296,0.1836174924255177,4,2.250147984605988e-10,1.0271605788148008e-10,0.0,1.912615444981617e-12,3.734236181678265e-12
103260.0,1.202,0.24963956671577098,0.24963956671577098,0.06241514718948232,0.18351815941310748,4,2.2412711964125975e-10,9.424638847121969e-11,0.0,1.909668925678112e-12,3.73081518115127e-12
103320.0,1.2020000000000002,0.2494834992171924,0.2494834992171924,0.062394131037994696,0.18341899447297352,4,2.2324304210785684e-10,1.0106759873451665e-10,0.0,1.90663445216743e-12,3.727383355056826e-12
103380.0,1.202,0.24932769984344302,0.24932769984344302,0.06237317237273962,0.18331999714479344,4,2.2236423119492699e-10,1.7053025658242404e-10,0.0,1.9036802494280607e-12,3.723941210425217e-12
103440.0,1.202,0.24917216793315802,0.24917216793315802,0.06235227088756617,0.18322116697070936,4,2.214887162566015e-10,1.1010570233338512e-10,0.0,1.900651556070211e-12,3.720489231764252e-12
103500.0,1.202,0.24901690282692227,0.24901690282692227,0.06233142628117775,0.1831225034952885,4,2.2061774629378306e-10,9.600853445590474e-11,0.0,1.8977479275505396e-12,3.717027886536855e-12
103560.0,1.202,0.24886190386727133,0.24886190386727133,0.06231063825699553,0.1830240062654846,4,2.1975051639477883e-10,1.7456613932154141e-10,0.0,1.8947364607252546e-12,3.713557623460385e-12
103620.0,1.202,0.2487071703986847,0.2487071703986847,0.06228990652296709,0.18292567483060157,4,2.1888767881561577e-10,1.74395609064959e-10,0.0,1.8918623246222573e-12,3.710078871552066e-12
103680.0,1.2020000000000002,0.24855270176758876,0.24855270176758876,0.06226923079142972,0.18282750874225745,4,2.1802885191712917e-10,1.0049916454590857e-10,0.0,1.8889212475054385e-12,3.706592046435415e-12
103740.0,1.202,0.24839849732235078,0.24839849732235078,0.06224861077897144,0.18272950755435016,4,2.1717368181572994e-10,1.106741365219932e-10,0.0,1.88592603058373e-12,3.70309754711589e-12
103800.0,1.202,0.24824455641328155,0.24824455641328155,0.06222804620629644,0.18263167082302412,4,2.163224321893864e-10,1.0174971976084635e-10,0.0,1.883023830161608e-12,3.699595754038669e-12
103860.0,1.202,0.2480908783926313,0.2480908783926313,0.062207536798088034,0.1825339981066378,4,2.1547499201579612e-10,8.787992555880919e-11,0.0,1.8800610020857365e-12,3.69608703665901e-12
103920.0,1.202,0.24793746261458977,0.24793746261458977,0.06218708228287235,0.18243648896573283,4,2.1463216620665193e-10,1.0629719326971099e-10,0.0,1.877133088707951e-12,3.692571744149703e-12
103980.0,1.202,0.2477843084352817,0.2477843084352817,0.06216668239292727,0.18233914296300324,4,2.1379219922179615e-10,1.1254996934439987e-10,0.0,1.8741619097342526e-12,3.689050225622323e-12
104040.0,1.2020000000000002,0.24763141521276677,0.24763141521276677,0.06214633686414978,0.1822419596632663,4,2.129567286401901e-10,1.0692247087717988e-10,0.0,1.8713292621520448e-12,3.685522798211302e-12
104100.0,1.2020000000000002,0.24747878230703887,0.24747878230703887,0.06212604543592919,0.18214493863343417,4,2.121243458663713e-10,1.6507328837178648e-10,0.0,1.868409999098233e-12,3.681989786712415e-12
104160.0,1.202,0.24732640908002204,0.24732640908002204,0.062105807851089705,0.18204807944248613,4,2.112958905065021e-10,1.2460077414289117e-10,0.0,1.865507162977884e-12,3.678451488907374e-12
104220.0,1.2019999999999997,0.24717429489556894,0.24717429489556894,0.06208562385574299,0.18195138166144184,4,2.1047163317744477e-10,9.083578333957121e-11,0.0,1.8624733713287246e-12,3.674908202662263e-12
104280.0,1.202,0.2470224391194603,0.2470224391194603,0.06206549319922971,0.18185484486333534,4,2.0964988078908675e-10,9.259792932425626e-11,0.0,1.8596691205260735e-12,3.67136020918044e-12
104340.0,1.202,0.24687084111939828,0.24687084111939828,0.06204541563397784,0.18175846862318973,4,2.0883282603190167e-10,1.581952346896287e-10,0.0,1.856799438122313e-12,3.667807775446029e-12
104400.0,1.202,0.24671950026501024,0.24671950026501024,0.062025390915479754,0.18166225251799267,4,2.0801840805440008e-10,9.407585821463726e-11,0.0,1.853892704379857e-12,3.6642511734475946e-12
104460.0,1.2019967407407406,0.24656841592783632,0.24656841592783632,0.06201291445274763,0.18156682376720382,4,9.734684586204523e-11,8.537881512893364e-11,-1.0567798353910171e-07,-1.076130543082435e-08,1.888447767132439e-12
104520.0,1.201987259259259,0.24641758748129833,0.24641758748129833,0.06200879835557466,0.1814726965150798,3,6.979287633934739e-10,1.6410695025115274e-10,-2.0580144032922385e-07,-2.095764988123899e-08,-5.651624121269882e-13
104580.0,1.2019719999999998,0.2462670143007259,0.2462670143007259,0.06200930127958899,0.18137973107306538,3,2.8960039921699376e-10,1.560920281917788e-10,-2.9851748971191933e-07,-3.0400769681574264e-08,-3.0770060418924532e-12
104640.0,1.2019514074074076,0.2461166957633638,0.2461166957633638,0.062012706784260414,0.1812878074665553,3,7.1970956277978e-10,1.000444171950221e-10,-3.838261316871611e-07,-3.909179646385988e-08,-5.520562588825726e-12
104700.0,1.201925925925926,0.24596663124837076,0.24596663124837076,0.06201793710842669,0.1811968166778598,4,4.269766484821247e-11,1.1817746781161986e-10,-4.617273662551116e-07,-4.703109716672041e-08,-7.84143859121138e-12
104760.0,1.2018960000000003,0.24581682013681308,0.24581682013681308,0.062024224873179885,0.18110665714949137,4,4.994474278596783e-11,9.373479770147242e-11,-5.322211934156084e-07,-5.421855443467996e-08,-1.0009490904640754e-11
104820.0,1.2018620740740742,0.245667261811664,0.245667261811664,0.06203098286670156,0.1810172329216443,4,5.258382618222868e-11,1.1857537174364552e-10,-5.953076131687057e-07,-6.065374885890331e-08,-1.2006785731266013e-11
104880.0,1.2018245925925928,0.24551795565779877,0.24551795565779877,0.06203773954812604,0.18092845249058748,4,5.14433773357581e-11,9.390532795805484e-11,-6.50986625514295e-07,-6.63360606717425e-08,-1.3821200141567236e-11
104940.0,1.201784,0.245368901061994,0.245368901061994,0.062044103304337114,0.1808402280451473,4,4.711324386175164e-11,1.0828671292983927e-10,-6.992582304525931e-07,-7.126475189631903e-08,-1.5444163896082334e-11
105000.0,1.2017407407407408,0.24522009741292136,0.24522009741292136,0.062049740560153895,0.18075247492274896,4,4.003176956590693e-11,9.094947017729282e-11,-7.401224279834917e-07,-7.543902734952302e-08,-1.6869341066656143e-11
105060.0,1.2016952592592591,0.2450715441011437,0.2450715441011437,0.06205436156736949,0.18066511120392356,3,7.66124295947801e-10,1.369357960356865e-10,-7.735792181068822e-07,-7.885808067499185e-08,-1.809166576173549e-11
105120.0,1.201648,0.2449232405191133,0.2449232405191133,0.06205771071140115,0.1805780573973907,3,4.6466289149726947e-10,9.310952009400353e-11,-7.996286008229818e-07,-8.152114825078871e-08,-1.910786143655664e-11
105180.0,1.2015994074074074,0.24477518606116783,0.24477518606116783,0.06205955959604661,0.18049123619151936,3,1.3518906827325594e-10,1.014086592476815e-10,-8.182705761316818e-07,-8.342752258818308e-08,-1.9914566687481696e-11
105240.0,1.201549925925926,0.24462738012352345,0.24462738012352345,0.06205970205927164,0.18040457224945963,3,2.8395204937359253e-10,1.091962076316122e-10,-8.295051440328736e-07,-8.457659748478038e-08,-2.050927537398091e-11
105300.0,1.2015,0.24447982210427469,0.24447982210427469,0.06205795036150001,0.18031799203929627,3,7.226032966434204e-10,8.708411769475788e-11,-8.333323045265576e-07,-8.496789036342184e-08,-2.088990337759215e-11
105360.0,1.2014500740740741,0.2443325114033872,0.2443325114033872,0.06205413222507531,0.18023142369026707,4,5.035204198033938e-11,1.063540366885718e-10,-8.297520576131673e-07,-8.460106227402092e-08,-2.1054298809946596e-11
105420.0,1.2014005925925928,0.24418544742269307,0.24418544742269307,0.062048088816935236,0.18014479686811458,4,7.052051997913367e-11,1.1425527191022411e-10,-8.187644032920522e-07,-8.347595559199328e-08,-2.100160860980321e-11
105480.0,1.2013520000000002,0.24403862956588998,0.24403862956588998,0.062039672507291144,0.18005804266705666,4,9.210913975987722e-11,8.992628863779828e-11,-8.003693415637544e-07,-8.159259196425734e-08,-2.073028717505169e-11
105540.0,1.201304740740741,0.2438920572385328,0.2438920572385328,0.062028745765435864,0.17997109351480584,4,1.1507077929406861e-10,9.617906471248716e-11,-7.7456687242784e-07,-7.895120368506132e-08,-2.023922829817433e-11
105600.0,1.2012592592592592,0.24374572984802914,0.24374572984802914,0.06201517984734103,0.17988388308702546,4,1.3937184739631903e-10,1.007265382213518e-10,-7.41356995884743e-07,-7.555224701195572e-08,-1.952746380367599e-11
105660.0,1.201216,0.2435996468036368,0.2435996468036368,0.06199885383057619,0.1797963462306488,4,1.6498620525329244e-10,1.0487610779819079e-10,-7.007397119341381e-07,-7.139641885680071e-08,-1.8594146021683648e-11
105720.0,1.2011754074074075,0.2434538075164566,0.2434538075164566,0.0619796538045379,0.1797084188941958,4,1.9190032896077014e-10,8.86757334228605e-11,-6.527150205760252e-07,-6.648467111693046e-08,-1.7438531060064795e-11
105780.0,1.201137925925926,0.2433082113994308,0.2433082113994308,0.06195747219251677,0.17962003806397336,4,2.2010593347943086e-10,1.1021938917110674e-10,-5.972829218106211e-07,-6.081822433937598e-08,-1.605996584485146e-11
105840.0,1.2011040000000002,0.24316285786733188,0.24316285786733188,0.06193220718139809,0.17953114170524384,4,2.496006873409229e-10,9.026734915096313e-11,-5.344434156378175e-07,-5.4398580809476136e-08,-1.4457878367918095e-11
105900.0,1.2010740740740742,0.24301774633676218,0.24301774633676218,0.06190376223962702,0.1794416687076182,4,2.803874285528529e-10,1.0203393685515039e-10,-4.6419650205750587e-07,-4.722753752930029e-08,-1.2631770615110128e-11
105960.0,1.2010485925925927,0.24287287622614734,0.24287287622614734,0.06187204570863921,0.1793515588340601,4,3.124729641701407e-10,1.0123812899109907e-10,-3.865421810699031e-07,-3.9307195717229954e-08,-1.0581213785705802e-11
106020.0,1.201028,0.24272824695573128,0.24272824695573128,0.06183697045586171,0.1792607526729927,4,3.458665367994662e-10,9.606537787476555e-11,-3.0148045267484663e-07,-3.063997415922496e-08,-8.30584545201527e-12
106080.0,1.201012740740741,0.242583857947568,0.242583857947568,0.06179845357998299,0.17916919159308237,4,3.8057875600960855e-10,9.350742402602918e-11,-2.0901131687239057e-07,-2.122861713682107e-08,-5.805368590182994e-12
106140.0,1.2010032592592594,0.24243970862552003,0.24243970862552003,0.06175641616105383,0.17907681770033812,4,4.166231457047864e-10,1.0521716831135564e-10,-1.0913477366253496e-07,-1.107620508918512e-08,-3.0795522167197732e-12
106200.0,1.201,0.24229579841524915,0.24229579841524915,0.061710783049429514,0.17898357379721924,4,4.5401164078251455e-10,8.890310709830374e-11,-1.8508230452675063e-09,-1.861635507424186e-10,-1.2823365744923664e-13
106260.0,1.201,0.24215212674420292,0.24215212674420292,0.06166928582890134,0.17889004716507723,4,3.7470864605593235e-10,9.197265171678737e-11,0.0,1.4950588057091477e-12,1.1685436582042086e-12
106320.0,1.201,0.2420086930415832,0.2420086930415832,0.061633925532692105,0.17879682352880266,4,3.3459644083189133e-10,1.6694912119419314e-10,0.0,1.5513890865047949e-12,1.7009452423023728e-12
106380.0,1.201,0.24186549673836555,0.24186549673836555,0.06160187252960574,0.17870386787139117,4,3.085845814987387e-10,1.0146550266654231e-10,0.0,1.5856148372139572e-12,2.030690700285125e-12
106440.0,1.2010000000000003,0.24172253726730325,0.24172253726730325,0.06157204011247067,0.17861115874940203,4,2.898245879401351e-10,1.6905232769204304e-10,0.0,1.6090223987407848e-12,2.2608017095749076e-12
106500.0,1.201,0.24157981406291795,0.24157981406291795,0.0615438378141679,0.17851868105539187,4,2.754533892646016e-10,9.481482265982777e-11,0.0,1.6257712695213382e-12,2.4320247544313607e-12
106560.0,1.2010000000000003,0.24143732656149422,0.24143732656149422,0.061516897041149175,0.1784264233846552,4,2.639930427039694e-10,1.0766143532237038e-10,0.0,1.6384351807651896e-12,2.5647794922441074e-12
106620.0,1.201,0.24129507420107313,0.24129507420107313,0.06149096821536086,0.17833437674337552,4,2.545848393209482e-10,8.901679393602535e-11,0.0,1.6479329667084663e-12,2.6707307611853486e-12
106680.0,1.2010000000000003,0.24115305642144602,0.24115305642144602,0.06146587286176573,0.178242533816809,4,2.466864212902209e-10,9.453060556552373e-11,0.0,1.6554736334756844e-12,2.757135474772571e-12
106740.0,1.201,0.24101127266415187,0.24101127266415187,0.061441478191340604,0.17815088851567584,4,2.399351134441119e-10,9.71454028331209e-11,0.0,1.6612828039624548e-12,2.8287905493673163e-12
106800.0,1.201,0.2408697223724665,0.2408697223724665,0.06141768236791719,0.178059435676774,4,2.3408058130724996e-10,1.1050360626541078e-10,0.0,1.6658228887012766e-12,2.8890147538360476e-12
106860.0,1.201,0.24072840499139556,0.24072840499139556,0.061394405394391734,0.17796817085592942,4,2.2893840989635095e-10,9.464429240324534e-11,0.0,1.6694206052405647e-12,2.940187657652198e-12
106920.0,1.201,0.24058731996767635,0.24058731996767635,0.061371583186191014,0.17787709017950715,4,2.2437515734274882e-10,1.0857093002414331e-10,0.0,1.6721633525573992e-12,2.984065203962615e-12
106980.0,1.201,0.24044646674976047,0.24044646674976047,0.0613491635608663,0.1777861902347699,4,2.2028719126598872e-10,1.0174971976084635e-10,0.0,1.6742624950182733e-12,3.021974307699525e-12
107040.0,1.201,0.24030584478781541,0.24030584478781541,0.06132710343469298,0.17769546798695582,4,2.1659531113105146e-10,9.72022462519817e-11,0.0,1.6758109716192584e-12,3.054937873006372e-12
107100.0,1.201,0.24016545353371704,0.24016545353371704,0.06130536680923468,0.17760492071528966,4,2.1323698362607502e-10,1.248281478183344e-10,0.0,1.676885407501862e-12,3.0837580147278105e-12
107160.0,1.201,0.24002529244103776,0.24002529244103776,0.06128392329161195,0.17751454596275051,4,2.101612495142291e-10,1.0078338164021261e-10,0.0,1.677621823451919e-12,3.109073051777607e-12
107220.0,1.201,0.23988536096504828,0.23988536096504828,0.06126274698535872,0.1774243414960503,4,2.0732881383933588e-10,1.000444171950221e-10,0.0,1.6780006458085679e-12,3.1313975275164106e-12
107280.0,1.201,0.23974565856270483,0.23974565856270483,0.06124181564470552,0.17733430527333277,4,2.0470664052751886e-10,1.2568079910124652e-10,0.0,1.6780799391038592e-12,3.1511509723668253e-12
107340.0,1.201,0.23960618469264514,0.23960618469264514,0.06122111001984727,0.17724443541780452,4,2.0226636338049886e-10,1.6785861589596607e-10,0.0,1.6779082861830322e-12,3.1686789159297767e-12
107400.0,1.201,0.2394669388151814,0.2394669388151814,0.061200613343309014,0.17715473019598843,4,1.999863608048713e-10,9.970335668185726e-11,0.0,1.677566670172108e-12,3.184268535752776e-12
107460.0,1.201,0.23932792039229497,0.23932792039229497,0.06118031092218399,0.17706518799962678,4,1.9784698879199425e-10,9.72022462519817e-11,0.0,1.6770206168301334e-12,3.198160466186815e-12
107520.0,1.201,0.23918912888762675,0.23918912888762675,0.06116018981087688,0.17697580733049662,4,1.958317535910581e-10,9.737277650856413e-11,0.0,1.6762819477724367e-12,3.2105578602608184e-12
107580.0,1.201,0.23905056376647507,0.23905056376647507,0.061140238545960075,0.17688658678757416,4,1.9392684680319405e-10,1.0913936421275139e-10,0.0,1.6753017053416995e-12,3.2216333718321307e-12
107640.0,1.201,0.23891222449578609,0.23891222449578609,0.06112044692941372,0.1767975250561106,4,1.9212160334847184e-10,9.367795428261161e-11,0.0,1.6743991913128835e-12,3.231534656969556e-12
107700.0,1.201,0.2387741105441467,0.2387741105441467,0.06110080585002498,0.17670862089827785,4,1.9040412302384624e-10,9.032419256982394e-11,0.0,1.6732075061651056e-12,3.2403887164232718e-12
107760.0,1.201,0.23863622138178048,0.23863622138178048,0.06108130713510209,0.1766198731451108,4,1.8876689100721933e-10,9.032419256982394e-11,0.0,1.6720588265741257e-12,3.2483053538353595e-12
107820.0,1.201,0.23849855648053783,0.23849855648053783,0.06106194342658537,0.17653128068953242,4,1.872017332815723e-10,7.861444828449748e-11,0.0,1.6708031620632263e-12,3.2553799819847743e-12
107880.0,1.201,0.23836111531389317,0.23836111531389317,0.06104270807678224,0.1764428424802839,4,1.8570223830893795e-10,1.0453504728502594e-10,0.0,1.6693793636298794e-12,3.261695865834814e-12
107940.0,1.201,0.23822389735693564,0.23822389735693564,0.06102359506022378,0.17635455751662044,4,1.842613700508977e-10,9.305267667514272e-11,0.0,1.6679367568299386e-12,3.267326002997547e-12
108000.0,1.201,0.23808690208636185,0.23808690208636185,0.061004598898660334,0.17626642484365493,4,1.828754439547886e-10,9.339373718830757e-11,0.0,1.6664643797865172e-12,3.272334612242017e-12
108060.0,1.201,0.2379501289804711,0.2379501289804711,0.060985714596957286,0.17617844354825546,4,1.8153843706070205e-10,8.304823495564051e-11,0.0,1.6648111277510556e-12,3.2767784275107755e-12
108120.0,1.201,0.2378135775191597,0.2378135775191597,0.06096693758804081,0.17609061275541626,4,1.8024765707780332e-10,1.049897946359124e-10,0.0,1.6631675933010813e-12,3.2807077228280963e-12
108180.0,1.201,0.23767724718390906,0.23767724718390906,0.06094826368539014,0.17600293162503677,4,1.7899871862514516e-10,1.0720668797148392e-10,0.0,1.661481503915837e-12,3.2841672120541046e-12
108240.0,1.2010000000000003,0.23754113745778485,0.23754113745778485,0.0609296890418867,0.1759153993490538,4,1.7778879757290866e-10,1.09253051050473e-10,0.0,1.6599091994310127e-12,3.2871967678834006e-12
108300.0,1.201,0.2374052478254252,0.2374052478254252,0.060911210114039674,0.1758280151488794,4,1.76613910995993e-10,9.941913958755322e-11,0.0,1.6579748603590377e-12,3.2898320689501075e-12
108360.0,1.2010000000000003,0.23726957777303875,0.23726957777303875,0.0608928236307301,0.17574077827310586,4,1.754723449876039e-10,1.0629719326971099e-10,0.0,1.6562725613042818e-12,3.2921051175784146e-12
108420.0,1.201,0.2371341267883929,0.2371341267883929,0.06087452656586242,0.17565368799544367,4,1.7436109500668096e-10,9.384848453919403e-11,0.0,1.6543236295486915e-12,3.294044694951944e-12
108480.0,1.2010000000000003,0.23699889436080943,0.23699889436080943,0.06085631611430393,0.17556674361286445,4,1.732784055130665e-10,1.708713170955889e-10,0.0,1.6525516103650141e-12,3.2956767461365476e-12
108540.0,1.201,0.2368638799811588,0.2368638799811588,0.060838189670694355,0.17547994444392406,4,1.722236728229909e-10,1.71723968378501e-10,0.0,1.6505354419811037e-12,3.297024731190353e-12
108600.0,1.201,0.23672908314184932,0.23672908314184932,0.06082014481069793,0.1753932898272446,4,1.7119227563311412e-10,9.140421752817929e-11,0.0,1.6485912485278203e-12,3.2981098935954526e-12
108660.0,1.201,0.2365945033368219,0.2365945033368219,0.060802179274359366,0.17530677912013748,4,1.701852964108852e-10,1.5370460459962487e-10,0.0,1.6466731369130488e-12,3.2989515126538696e-12
108720.0,1.201,0.23646014006154426,0.23646014006154426,0.060784290951354694,0.17522041169735156,4,1.691994738761693e-10,1.2454393072403036e-10,0.0,1.6446479916739634e-12,3.299567135480287e-12
108780.0,1.201,0.23632599281300107,0.23632599281300107,0.060766477867787536,0.17513418694993255,4,1.682347941511786e-10,8.72546479513403e-11,0.0,1.642653180378785e-12,3.299972746464885e-12
108840.0,1.201,0.23619206108968874,0.23619206108968874,0.060748738174430904,0.17504810428418197,4,1.6728907842322727e-10,1.0265921446261927e-10,0.0,1.6406649412122444e-12,3.3001829464026124e-12
108900.0,1.201,0.23605834439160536,0.23605834439160536,0.06073107013618444,0.17496216312070487,4,1.6636098054689796e-10,1.0237499736831523e-10,0.0,1.6386255124565695e-12,3.3002110870324575e-12
108960.0,1.201,0.2359248422202463,0.2359248422202463,0.06071347212257476,0.17487636289353758,4,1.6545098624476395e-10,1.0328449207008816e-10,0.0,1.6365663198811362e-12,3.30006940425985e-12
109020.0,1.201,0.23579155407859329,0.23579155407859329,0.06069594259928217,0.1747907030493469,4,1.645565558816564e-10,8.674305718159303e-11,0.0,1.634511343412198e-12,3.299769132246373e-12
109080.0,1.201,0.23565847947111015,0.23565847947111015,0.06067848012042519,0.17470518304669397,4,1.6367690536256418e-10,8.924416761146858e-11,0.0,1.6324179912685513e-12,3.2993205952698255e-12
109140.0,1.201,0.23552561790373217,0.23552561790373217,0.060661083321643,0.1746198023553561,4,1.6281317960498143e-10,1.020907802740112e-10,0.0,1.630330553532459e-12,3.2987332918352555e-12
109200.0,1.201,0.23539296888386002,0.23539296888386002,0.060643750913812335,0.17453456045570198,4,1.6196270019586123e-10,1.0174971976084635e-10,0.0,1.628256420142869e-12,3.29801599925375e-12
109260.0,1.201,0.23526053192035043,0.23526053192035043,0.06062648167734599,0.17444945683811386,4,1.6112509937382669e-10,1.1294787327642553e-10,0.0,1.6261267853429268e-12,3.2971768047444265e-12
109320.0,1.201,0.23512830652350905,0.23512830652350905,0.06060927445704228,0.17436449100245344,4,1.603000440719704e-10,9.043787940754555e-11,0.0,1.62397462158417e-12,3.29622319125773e-12
109380.0,1.201,0.23499629220508167,0.23499629220508167,0.06059212815735948,0.17427966245756693,4,1.594866738674483e-10,1.1146994438604452e-10,0.0,1.6217795877938868e-12,3.2951620922215553e-12
109440.0,1.201,0.23486448847824698,0.23486448847824698,0.06057504173814281,0.17419497072082624,4,1.5868478753233717e-10,9.595169103704393e-11,0.0,1.6197623673950559e-12,3.2939999269693913e-12
109500.0,1.201,0.23473289485760657,0.23473289485760657,0.060558014210696114,0.17411041531770236,4,1.5789448915004556e-10,1.6552803572267294e-10,0.0,1.6175494010702463e-12,3.292742658110261e-12
109560.0,1.201,0.2346015108591797,0.2346015108591797,0.06054104463422557,0.17402599578136943,4,1.571129684685424e-10,1.042508301907219e-10,0.0,1.6154568256558123e-12,3.2913958295724116e-12
109620.0,1.201,0.23447033600039147,0.23447033600039147,0.060524132112547716,0.1739417116523353,4,1.5634262634511842e-10,9.742961992742494e-11,0.0,1.613284499971812e-12,3.2899645886509864e-12
109680.0,1.201,0.23433936980006692,0.23433936980006692,0.060507275791092975,0.17385756247809753,4,1.555814505005415e-10,8.810729923425242e-11,0.0,1.6111383908045621e-12,3.2884537429924974e-12
109740.0,1.201,0.23420861177842198,0.23420861177842198,0.06049047485414755,0.17377354781282228,4,1.548293229736153e-10,9.703171599539928e-11,0.0,1.608977551310843e-12,3.286867762929129e-12
109800.0,1.201,0.23407806145705323,0.23407806145705323,0.06047372852232627,0.17368966721704446,4,1.540854249748591e-10,9.322320693172514e-11,0.0,1.6068568853192628e-12,3.2852108321799467e-12
109860.0,1.201,0.2339477183589307,0.2339477183589307,0.060457036050213686,0.17360592025738705,4,1.533514357165977e-10,9.333689376944676e-11,0.0,1.604674442250224e-12,3.2834868425850645e-12
109920.0,1.201,0.23381758200839267,0.23381758200839267,0.060440396724247294,0.17352230650629852,4,1.526240106519694e-10,1.0481926437932998e-10,0.0,1.6025000299005581e-12,3.2816994588408007e-12
109980.0,1.201,0.23368765193113175,0.23368765193113175,0.06042380986071824,0.17343882554180648,4,1.5190520369356975e-10,9.811174095375463e-11,0.0,1.6003008926591619e-12,3.279852088871722e-12
110040.0,1.2010000000000003,0.23355792765419,0.23355792765419,0.06040727480393327,0.17335547694728684,4,1.5119391155726802e-10,1.546709427202586e-10,0.0,1.5982741050231918e-12,3.2779479340305806e-12
110100.0,1.201,0.23342840870594792,0.23342840870594792,0.06039079092452421,0.17327226031124682,4,1.5048966933717267e-10,1.0794565241667442e-10,0.0,1.5959733297573556e-12,3.2759899994893574e-12
110160.0,1.2010000000000003,0.23329909461612014,0.23329909461612014,0.06037435761788702,0.17318917522712124,4,1.4979252560554102e-10,9.106315701501444e-11,0.0,1.59388953383942e-12,3.2739811010353777e-12
110220.0,1.201,0.23316998491574353,0.23316998491574353,0.060357974302704905,0.17310622129308048,4,1.491021889288291e-10,1.6132162272697315e-10,0.0,1.591601104925823e-12,3.2719238892316023e-12
110280.0,1.2010000000000003,0.2330410791371697,0.2330410791371697,0.06034164041961596,0.17302339811185016,4,1.48417930723177e-10,1.135163074650336e-10,0.0,1.589509446001038e-12,3.2698208494728763e-12
110340.0,1.201,0.23291237681405838,0.23291237681405838,0.060325355429957365,0.17294070529054095,4,1.4774012568885553e-10,1.0328449207008816e-10,0.0,1.5872594071617094e-12,3.2676743258136933e-12
110400.0,1.201,0.23278387748136906,0.23278387748136906,0.060309118814585345,0.17285814244048742,4,1.4706873913139518e-10,1.6194690033444203e-10,0.0,1.5850456636841708e-12,3.265486520638978e-12
110460.0,1.201,0.23265558067535136,0.23265558067535136,0.06029293007280738,0.17277570917709742,4,1.464029938946787e-10,1.0550138540565968e-10,0.0,1.5829053884563451e-12,3.2632595152658457e-12
110520.0,1.201,0.23252748593353983,0.23252748593353983,0.060276788721365465,0.17269340511970807,4,1.4574347284579403e-10,1.0692247087717988e-10,0.0,1.5807057319837522e-12,3.260995266889653e-12
110580.0,1.201,0.23239959279474381,0.23239959279474381,0.060260694293477704,0.17261122989145072,4,1.4508978740668255e-10,9.032419256982394e-11,0.0,1.5784991929449464e-12,3.2586956221381774e-12
110640.0,1.201,0.2322719007990427,0.2322719007990427,0.060244646337988234,0.17252918311912302,4,1.4444093837662209e-10,9.544010026729666e-11,0.0,1.5762971160757067e-12,3.256362337919879e-12
110700.0,1.201,0.23214440948777545,0.23214440948777545,0.060228644418509523,0.17244726443306702,4,1.437979041396531e-10,9.850964488578029e-11,0.0,1.5741230370335056e-12,3.253997054461121e-12
110760.0,1.201,0.23201711840353717,0.23201711840353717,0.06021268811268347,0.1723654734670546,4,1.431598312118254e-10,9.57811607804615e-11,0.0,1.571909764929802e-12,3.2516013371830145e-12
110820.0,1.201,0.23189002709016843,0.23189002709016843,0.06019677701145481,0.1722838098581786,4,1.4252647673185237e-10,1.0516032489249483e-10,0.0,1.5697755794453507e-12,3.249176664308599e-12
110880.0,1.201,0.2317631350927516,0.2317631350927516,0.06018091071838426,0.1722022732467487,4,1.4189828478894384e-10,1.0123812899109907e-10,0.0,1.5675593367971011e-12,3.2467244309358806e-12
110940.0,1.201,0.23163644195760222,0.23163644195760222,0.060165088849032815,0.17212086327619364,4,1.412748529272534e-10,1.049897946359124e-10,0.0,1.5654080979983227e-12,3.2442459675716395e-12
111000.0,1.201,0.23150994723226412,0.23150994723226412,0.060149311030364826,0.1720395795929675,4,1.4065568848531385e-10,1.6109424905152991e-10,0.0,1.563218749069665e-12,3.2417425266963634e-12
111060.0,1.201,0.23138365046550066,0.23138365046550066,0.06013357690019001,0.17195842184646118,4,1.4004161719149977e-10,1.0510348147363402e-10,0.0,1.5609826134291326e-12,3.23921529769982e-12
111120.0,1.201,0.23125755120729222,0.23125755120729222,0.06011788610664262,0.17187738968891775,4,1.3943195903420857e-10,1.149373929365538e-10,0.0,1.55885808412028e-12,3.236665416802262e-12
111180.0,1.201,0.23113164900882757,0.23113164900882757,0.0601022383077001,0.1717964827753517,4,1.3882664462450123e-10,1.0464873412274756e-10,0.0,1.5565725770468346e-12,3.234093954357204e-12
111240.0,1.201,0.23100594342249953,0.23100594342249953,0.060086633170704215,0.1717157007634727,4,1.3822567396237773e-10,8.947154128691182e-11,0.0,1.5545164054144077e-12,3.2315019350015426e-12
111300.0,1.201,0.2308804340018993,0.2308804340018993,0.06007107037194854,0.17163504331361187,4,1.376283947918111e-10,1.5847945178393275e-10,0.0,1.5522469707911365e-12,3.2288903280668785e-12
111360.0,1.201,0.23075512030181247,0.23075512030181247,0.06005554959624498,0.17155451008865277,4,1.3703568835232716e-10,1.197690835397225e-10,0.0,1.5501584827341895e-12,3.2262600524284497e-12
111420.0,1.201,0.2306300018782115,0.2306300018782115,0.06004007053655625,0.17147410075396424,4,1.3644681912117207e-10,8.276401786133647e-11,0.0,1.5479511665426546e-12,3.223611991614412e-12
111480.0,1.201,0.23050507828825334,0.23050507828825334,0.060024632893630456,0.17139381497733702,4,1.3586165525936167e-10,1.0840039976756088e-10,0.0,1.5458493101882175e-12,3.2209469808191035e-12
111540.0,1.201,0.2303803490902731,0.2303803490902731,0.06000923637564524,0.17131365242892307,4,1.3528037023924355e-10,1.7075763025786728e-10,0.0,1.5436608366681107e-12,3.2182658150640093e-12
111600.0,1.201,0.2302558138437825,0.2302558138437825,0.05999388069790317,0.17123361278117716,4,1.3470308202201409e-10,9.447376214666292e-11,0.0,1.5415417550516584e-12,3.215569256217215e-12
111660.0,1.201,0.23013147210946064,0.23013147210946064,0.059978565582508025,0.1711536957088016,4,1.3412979060767327e-10,8.822098607197404e-11,0.0,1.5393461601020475e-12,3.212858025115339e-12
111720.0,1.201,0.23000732344915595,0.23000732344915595,0.05996329075808747,0.17107390088869284,4,1.3355968414563435e-10,1.0720668797148392e-10,0.0,1.5372100556644542e-12,3.210132817121146e-12
111780.0,1.201,0.2298833674258778,0.2298833674258778,0.059948055959511526,0.17099422799989064,4,1.3299282508594246e-10,1.0436451702844352e-10,0.0,1.5350300329920622e-12,3.2073942873037786e-12
111840.0,1.2010000000000003,0.22975960360379533,0.22975960360379533,0.05993286092763394,0.17091467672352906,4,1.324299558902453e-10,1.4864554032101296e-10,0.0,1.53300509273495e-12,3.2046430656539174e-12
111900.0,1.201,0.22963603154823423,0.22963603154823423,0.05991770540905066,0.17083524674278971,4,1.3186989694657925e-10,9.157474778476171e-11,0.0,1.5307266643158448e-12,3.2018797583444045e-12
111960.0,1.2010000000000003,0.22951265082567124,0.22951265082567124,0.059902589155873286,0.17075593774285688,4,1.3131404991151285e-10,1.1016254575224593e-10,0.0,1.5286920462837938e-12,3.1991049344539946e-12
112020.0,1.201,0.22938946100373409,0.22938946100373409,0.05988751192548563,0.1706767494108743,4,1.3076070087825187e-10,1.0749090506578796e-10,0.0,1.5264308482089016e-12,3.1963191459503844e-12
112080.0,1.2010000000000003,0.22926646165119693,0.22926646165119693,0.05987247348036115,0.17059768143590406,4,1.302107449641099e-10,1.5342038750532083e-10,0.0,1.5243824870672814e-12,3.1935229162056366e-12
112140.0,1.201,0.22914365233797707,0.22914365233797707,0.059857473587850346,0.17051873350888647,4,1.2966427931360158e-10,1.0544454198679887e-10,0.0,1.522171782320441e-12,3.1907167510903267e-12
112200.0,1.201,0.2290210326351338,0.2290210326351338,0.05984251201998167,0.17043990532260206,4,1.2912082514304757e-10,1.6427748050773516e-10,0.0,1.520035752421747e-12,3.1879011307116628e-12
112260.0,1.201,0.2288986021148652,0.2288986021148652,0.059827588553312556,0.1703611965716348,4,1.2858108328073214e-10,1.495550350227859e-10,0.0,1.5179148107209424e-12,3.185076511701467e-12
112320.0,1.201,0.22877636035050578,0.22877636035050578,0.059812702968730924,0.1702826069523366,4,1.280439851369941e-10,1.680291461525485e-10,0.0,1.5157287262572634e-12,3.1822433414205214e-12
112380.0,1.201,0.22865430691652386,0.22865430691652386,0.059797855051306435,0.17020413616279373,4,1.27510141334497e-10,9.555378710501827e-11,0.0,1.5136423600178492e-12,3.1794020400087483e-12
112440.0,1.201,0.22853244138852233,0.22853244138852233,0.05978304459014035,0.1701257839027934,4,1.2697939921757495e-10,9.606537787476555e-11,0.0,1.5114853961233803e-12,3.1765530112957227e-12
112500.0,1.201,0.22841076334323235,0.22841076334323235,0.05976827137819751,0.17004754987379284,4,1.264507942799753e-10,1.0089706847793423e-10,0.0,1.5093652912911276e-12,3.1736966475304912e-12
112560.0,1.201,0.22828927235851476,0.22828927235851476,0.05975353521219054,0.16996943377888846,4,1.259261930841582e-10,8.003553375601768e-11,0.0,1.5072605715418124e-12,3.1708333173212784e-12
112620.0,1.201,0.228167968013358,0.228167968013358,0.05973883589243376,0.16989143532278655,4,1.2540325028398414e-10,9.049472282640636e-11,0.0,1.5051463540120596e-12,3.167963381821757e-12
112680.0,1.201,0.2280468498878756,0.2280468498878756,0.05972417322272206,0.1698135542117753,4,1.248830275302204e-10,1.0180656317970715e-10,0.0,1.5030090366232858e-12,3.1650871847982635e-12
112740.0,1.201,0.2279259175633032,0.2279259175633032,0.059709547010200065,0.16973579015369727,4,1.2436662116810382e-10,9.799805411603302e-11,0.0,1.5009288964995505e-12,3.162205051979634e-12
112800.0,1.201,0.22780517062200142,0.22780517062200142,0.05969495706526691,0.16965814285792297,4,1.2385240749646087e-10,1.5768364391988143e-10,0.0,1.4988198179186887e-12,3.1593173040869528e-12
112860.0,1.201,0.22768460864745008,0.22768460864745008,0.0596804032014411,0.1695806120353256,4,1.2334159388283084e-10,1.0476242096046917e-10,0.0,1.496698646248439e-12,3.1564242421097382e-12
112920.0,1.201,0.2275642312242492,0.2275642312242492,0.059665885235275815,0.16950319739825637,4,1.2283222355913281e-10,9.964651326299645e-11,0.0,1.4946156478120231e-12,3.153526162157143e-12
112980.0,1.201,0.22744403793811807,0.22744403793811807,0.059651402986239076,0.1694258986605206,4,1.2232682922164173e-10,1.5984369383659214e-10,0.0,1.4924111721454768e-12,3.1506233394917137e-12
113040.0,1.201,0.227324028375892,0.227324028375892,0.059636956276636045,0.16934871553735506,4,1.2182321817988395e-10,1.1362999430275522e-10,0.0,1.490446614749592e-12,3.1477160517318076e-12
113100.0,1.201,0.22720420212552317,0.22720420212552317,0.05962254493150651,0.16927164774540543,4,1.2132299331835128e-10,9.890754881780595e-11,0.0,1.4882381969917092e-12,3.1448045540560263e-12
113160.0,1.201,0.22708455877607864,0.22708455877607864,0.05960816877853436,0.16919469500270512,4,1.208245517525519e-10,1.0510348147363402e-10,0.0,1.4862885236587736e-12,3.141889098380571e-12
113220.0,1.201,0.22696509791773858,0.22696509791773858,0.059593827647975973,0.1691178570286539,4,1.2032900370551047e-10,1.028297447192017e-10,0.0,1.484188338076825e-12,3.1389699234214945e-12
113280.0,1.201,0.22684581914179675,0.22684581914179675,0.05957952137257372,0.1690411335439983,4,1.1983590508801711e-10,9.328005035058595e-11,0.0,1.4820968007012679e-12,3.1360472639458897e-12
113340.0,1.201,0.2267267220406582,0.2267267220406582,0.05956524978747172,0.16896452427081182,4,1.1934499222210349e-10,1.631974555493798e-10,0.0,1.4800378563064882e-12,3.1331213421460496e-12
113400.0,1.201,0.22660780620783977,0.22660780620783977,0.05955101273014085,0.16888802893247593,4,1.188566398080404e-10,1.6399326341343112e-10,0.0,1.4779742007144559e-12,3.1301923720665382e-12
113460.0,1.201,0.22648907123796577,0.22648907123796577,0.05953681004033246,0.16881164725366185,4,1.1837157642968776e-10,1.0811618267325684e-10,0.0,1.4758889135950165e-12,3.127260559170748e-12
113520.0,1.201,0.22637051672677092,0.22637051672677092,0.05952264155998215,0.16873537896031263,4,1.17887893891222e-10,8.878942026058212e-11,0.0,1.4738302859905591e-12,3.1243261083463534e-12
113580.0,1.201,0.22625214227109605,0.22625214227109605,0.0595085071331595,0.168659223779626,4,1.1740647343216892e-10,1.6154899640241638e-10,0.0,1.4717339988777503e-12,3.1213892086173594e-12
113640.0,1.2010000000000003,0.22613394746889073,0.22613394746889073,0.0594944066059902,0.16858318144003753,4,1.1692775914173836e-10,8.139977580867708e-11,0.0,1.4698251940374867e-12,3.118450044337509e-12
113700.0,1.201,0.2260159319192102,0.2260159319192102,0.059480339826621376,0.16850725167120434,4,1.164518689811267e-10,1.185185283247847e-10,0.0,1.4676226584999061e-12,3.1155087956601226e-12
113760.0,1.2010000000000003,0.22589809522221152,0.22589809522221152,0.05946630664514464,0.16843143420398937,4,1.1597802579421668e-10,1.0345502232667059e-10,0.0,1.4657035482332898e-12,3.1125656349597132e-12
113820.0,1.201,0.2257804369791573,0.2257804369791573,0.05945230691354558,0.16835572877044583,4,1.1550604223087291e-10,8.168399290298112e-11,0.0,1.4635758493271485e-12,3.1096207315568437e-12
113880.0,1.2010000000000003,0.22566295679241088,0.22566295679241088,0.05943834048565096,0.16828013510380252,4,1.1503670932500043e-10,9.549694368615746e-11,0.0,1.4615669815202105e-12,3.106674240291453e-12
113940.0,1.201,0.22554565426543904,0.22554565426543904,0.059424407217082274,0.16820465293844922,4,1.1456979809310042e-10,9.43032318900805e-11,0.0,1.4594255251049399e-12,3.1037263222288408e-12
114000.0,1.201,0.22542852900280688,0.22542852900280688,0.059410506965197896,0.1681292820099226,4,1.1410428157887509e-10,1.1448264558566734e-10,0.0,1.4574568075067346e-12,3.1007771220743296e-12
114060.0,1.201,0.22531158061017953,0.22531158061017953,0.05939663958905109,0.1680540220548923,4,1.1364174878902844e-10,9.106315701501444e-11,0.0,1.4554311849645834e-12,3.097826788877594e-12
114120.0,1.201,0.22519480869431963,0.22519480869431963,0.05938280494935191,0.16797887281114804,4,1.1318142256744324e-10,8.86757334228605e-11,0.0,1.4533725442311153e-12,3.0948754575600633e-12
114180.0,1.201,0.22507821286308616,0.22507821286308616,0.05936900290840386,0.16790383401758596,4,1.1272306699172674e-10,9.72022462519817e-11,0.0,1.451330014911337e-12,3.09192326584731e-12
114240.0,1.201,0.22496179272543307,0.22496179272543307,0.05935523333008361,0.1678289054141966,4,1.1226663348962163e-10,9.993073035730049e-11,0.0,1.4493020914041845e-12,3.08897034477136e-12
114300.0,1.201,0.2248455478914083,0.2248455478914083,0.05934149607978807,0.1677540867420521,4,1.1181251757808042e-10,9.771383702172898e-11,0.0,1.447316508956483e-12,3.0860168185598525e-12
114360.0,1.201,0.22472947797215306,0.22472947797215306,0.059327791024396635,0.16767937774329447,4,1.1136060129590675e-10,1.0754774848464876e-10,0.0,1.4452792202295493e-12,3.083062808239237e-12
114420.0,1.201,0.22461358257989905,0.22461358257989905,0.059314118032235665,0.16760477816112387,4,1.1091091933757014e-10,9.777068044058979e-11,0.0,1.4432703151531616e-12,3.0801084339508804e-12
114480.0,1.201,0.2244978613279686,0.2244978613279686,0.05930047697304374,0.16753028773978695,4,1.1046338843634373e-10,1.0169287634198554e-10,0.0,1.4412528817255444e-12,3.077153808335275e-12
114540.0,1.201,0.22438231383077037,0.22438231383077037,0.05928686771793891,0.16745590622456596,4,1.1001755062522989e-10,1.049897946359124e-10,0.0,1.439252193715778e-12,3.074199041514976e-12
114600.0,1.201,0.22426693970380182,0.22426693970380182,0.05927329013937447,0.16738163336176787,4,1.0957392632127139e-10,9.43032318900805e-11,0.0,1.4372969524117636e-12,3.0712442400713783e-12
114660.0,1.201,0.22415173856364445,0.22415173856364445,0.05925974411111267,0.16730746889871362,4,1.0913196041295592e-10,9.873701856122352e-11,0.0,1.4352478543514793e-12,3.068289505721227e-12
114720.0,1.201,0.22403671002796244,0.22403671002796244,0.059246229508202713,0.16723341258372798,4,1.0869222188958361e-10,9.885070539894514e-11,0.0,1.4333084957622588e-12,3.0653349407172813e-12
114780.0,1.201,0.22392185371550408,0.22392185371550408,0.059232746206942674,0.16715946416612912,4,1.082551548403643e-10,1.617195266589988e-10,0.0,1.431193097045061e-12,3.062380637363798e-12
114840.0,1.201,0.22380716924609528,0.22380716924609528,0.05921929408482869,0.16708562339621935,4,1.0781966292006118e-10,9.680434231995605e-11,0.0,1.429310925461758e-12,3.0594266913705373e-12
114900.0,1.201,0.22369265624064186,0.22369265624064186,0.05920587302057441,0.16701189002527486,4,1.0738572531199253e-10,1.0118128557223827e-10,0.0,1.4272211736316538e-12,3.056473194314665e-12
114960.0,1.201,0.22357831432112502,0.22357831432112502,0.059192482894048166,0.16693826380553672,4,1.0695411223338169e-10,9.879386198008433e-11,0.0,1.4252839737058994e-12,3.053520232408253e-12
115020.0,1.201,0.22346414311060117,0.22346414311060117,0.05917912358624492,0.1668647444902016,4,1.0652424775603464e-10,8.72546479513403e-11,0.0,1.4233844845339897e-12,3.0505678887920517e-12
115080.0,1.201,0.22335014223319932,0.22335014223319932,0.05916579497928541,0.16679133183341258,4,1.0609656903026732e-10,9.521272659185342e-11,0.0,1.421402462589282e-12,3.0476162483323107e-12
115140.0,1.201,0.22323631131411897,0.22323631131411897,0.059152496956378586,0.1667180255902506,4,1.0567074298917234e-10,9.129053069045767e-11,0.0,1.4194371403226458e-12,3.0446653867450074e-12
115200.0,1.201,0.2231226499796268,0.2231226499796268,0.05913922940178535,0.16664482551672566,4,1.0524666554934115e-10,1.1800693755503744e-10,0.0,1.417492206986083e-12,3.041715385529766e-12
115260.0,1.201,0.22300915785705766,0.22300915785705766,0.05912599220082062,0.16657173136976877,4,1.0482475304440797e-10,1.0908252079389058e-10,0.0,1.4154998448866717e-12,3.0387663174702083e-12
115320.0,1.201,0.2228958345748112,0.2228958345748112,0.05911278523980774,0.16649874290722327,4,1.0440467240746543e-10,8.58335624798201e-11,0.0,1.4135669669465307e-12,3.035818250582915e-12
115380.0,1.201,0.22278267976234722,0.22278267976234722,0.05909960840607749,0.16642585988783712,4,1.0398627098284763e-10,9.038103598868474e-11,0.0,1.4115991251803929e-12,3.0328712635592315e-12
115440.0,1.2010000000000003,0.2226696930501859,0.2226696930501859,0.05908646158792636,0.16635308207125477,4,1.035699581652949e-10,9.168843462248333e-11,0.0,1.4097826659896214e-12,3.029925414387001e-12
115500.0,1.201,0.2225568740699071,0.2225568740699071,0.059073344674618125,0.16628040921800957,4,1.0315513720993152e-10,1.0749090506578796e-10,0.0,1.4076925486648003e-12,3.0269807761865075e-12
115560.0,1.2010000000000003,0.22244422245414303,0.22244422245414303,0.05906025755634249,0.16620784108951625,4,1.0274188444459043e-10,1.0953726814477704e-10,0.0,1.4058551351494631e-12,3.024037410806873e-12
115620.0,1.201,0.22233173783657995,0.22233173783657995,0.05904720012422017,0.16613537744806334,4,1.0233112274216083e-10,9.953282642527483e-11,0.0,1.4038468759356977e-12,3.0210953775040077e-12
115680.0,1.2010000000000003,0.22221941985195526,0.22221941985195526,0.05903417227026466,0.1660630180568061,4,1.0192197086311694e-10,9.310952009400353e-11,0.0,1.4020223635791802e-12,3.0181547379996473e-12
115740.0,1.201,0.22210726813605372,0.22210726813605372,0.05902117388736684,0.1659907626797592,4,1.0151497698007717e-10,8.947154128691182e-11,0.0,1.3999599111974494e-12,3.0152155498614267e-12
115800.0,1.201,0.22199528232570534,0.22199528232570534,0.05900820486928969,0.16591861108179,4,1.0110908638116811e-10,9.987388693843968e-11,0.0,1.39801045809308e-12,3.012277872280736e-12
115860.0,1.201,0.22188346205878318,0.22188346205878318,0.058995265110646386,0.16584656302861137,4,1.0070517336702167e-10,1.0629719326971099e-10,0.0,1.3961407484820135e-12,3.0093417585131175e-12
115920.0,1.201,0.22177180697420074,0.22177180697420074,0.05898235450687575,0.1657746182867752,4,1.0030353631007571e-10,1.7132606444647536e-10,0.0,1.3941616814117422e-12,3.0064072560767886e-12
115980.0,1.201,0.22166031671190833,0.22166031671190833,0.05896947295423315,0.16570277662366587,4,9.990346744315204e-11,1.0271605788148008e-10,0.0,1.3922426566954536e-12,3.0034744226824864e-12
116040.0,1.201,0.22154899091289246,0.22154899091289246,0.05895662034977829,0.1656310378074936,4,9.950491819399332e-11,1.1527845344971865e-10,0.0,1.3903680630924131e-12,3.0005433069626405e-12
116100.0,1.201,0.2214378292191713,0.2214378292191713,0.058943796591364034,0.1655594016072882,4,9.910767345688853e-11,1.0396661309641786e-10,0.0,1.3884517493050722e-12,2.9976139562394266e-12
116160.0,1.201,0.22132683127379235,0.22132683127379235,0.05893100157760056,0.16548786779289293,4,9.871259365468177e-11,8.810729923425242e-11,0.0,1.386562367777322e-12,2.9946864196854235e-12
116220.0,1.201,0.22121599672082995,0.22121599672082995,0.05891823520786738,0.1654164361349581,4,9.831937347604125e-11,8.964207154349424e-11,0.0,1.3846212126312205e-12,2.991760738792838e-12
116280.0,1.201,0.22110532520538095,0.22110532520538095,0.05890549738228408,0.1653451064049354,4,9.792763822069617e-11,1.049329512170516e-10,0.0,1.3827232743766373e-12,2.988836961395043e-12
116340.0,1.201,0.2209948163735655,0.2209948163735655,0.058892788001709655,0.16527387837507185,4,9.753821361702109e-11,1.0368239600211382e-10,0.0,1.380878684798171e-12,2.9859151270527786e-12
116400.0,1.201,0.2208844698725197,0.2208844698725197,0.05888010696771119,0.16520275181840388,4,9.71493233081766e-11,9.822542779147625e-11,0.0,1.3789573870689683e-12,2.9829952834488715e-12
116460.0,1.201,0.22077428535039625,0.22077428535039625,0.058867454182564796,0.16513172650875188,4,9.67630489623339e-11,9.708855941426009e-11,0.0,1.377041730155678e-12,2.980077463163484e-12
116520.0,1.201,0.22066426245635778,0.22066426245635778,0.05885482954924718,0.16506080222071445,4,9.637817627305978e-11,1.0311396181350574e-10,0.0,1.3751893275453062e-12,2.977161711314356e-12
116580.0,1.201,0.22055440084057937,0.22055440084057937,0.0588422329714149,0.16498997872966303,4,9.599464279030911e-11,9.254108590539545e-11,0.0,1.373239613554789e-12,2.9742480638218054e-12
116640.0,1.201,0.22044470015423895,0.22044470015423895,0.058829664353393,0.16491925581173622,4,9.561330199803209e-11,9.407585821463726e-11,0.0,1.371421541613286e-12,2.971336557695547e-12
116700.0,1.201,0.22033516004951886,0.22033516004951886,0.058817123600173674,0.1648486332438346,4,9.523334204564193e-11,1.1584688763832673e-10,0.0,1.3694371403530294e-12,2.9684272281660303e-12
116760.0,1.201,0.22022578017960265,0.22022578017960265,0.05880461061738961,0.16477811080361576,4,9.48548323220777e-11,9.885070539894514e-11,0.0,1.3676993514648164e-12,2.965520110931889e-12
116820.0,1.201,0.22011656019866907,0.22011656019866907,0.05879212531132086,0.16470768826948876,4,9.447801568862602e-11,8.958522812463343e-11,0.0,1.3658070425912007e-12,2.9626152395096545e-12
116880.0,1.201,0.22000749976188966,0.22000749976188966,0.058779667588869856,0.16463736542060914,4,9.410270479515148e-11,1.0118128557223827e-10,0.0,1.3639477256508804e-12,2.9597126486086524e-12
116940.0,1.201,0.21989859852542906,0.21989859852542906,0.05876723735756194,0.16456714203687425,4,9.372912168625902e-11,1.0362555258325301e-10,0.0,1.362122538209104e-12,2.95681236768313e-12
117000.0,1.201,0.21978985614643742,0.21978985614643742,0.05875483452553407,0.1644970178989179,4,9.33577312678402e-11,1.0385292625869624e-10,0.0,1.3602841760168658e-12,2.9539144262857687e-12
117060.0,1.201,0.21968127228305037,0.21968127228305037,0.05874245900151767,0.1644269927881058,4,9.298677799973731e-11,1.0578560249996372e-10,0.0,1.358426274892117e-12,2.951018860003533e-12
117120.0,1.201,0.2195728465943834,0.2195728465943834,0.05873011069483719,0.1643570664865307,4,9.261800354432026e-11,8.628830983070657e-11,0.0,1.3564890792015273e-12,2.948125693318488e-12
117180.0,1.201,0.21946457874052983,0.21946457874052983,0.05871778951540351,0.1642872387770079,4,9.225048502869981e-11,1.2016698747174814e-10,0.0,1.3547100194799923e-12,2.9452349581713853e-12
117240.0,1.2010000000000003,0.21935646838255943,0.21935646838255943,0.0587054953736923,0.16421750944307012,4,9.188509675350787e-11,1.610374056326691e-10,0.0,1.3529837299110713e-12,2.942346675120972e-12
117300.0,1.201,0.2192485151825097,0.2192485151825097,0.05869322818074681,0.1641478782689637,4,9.152069380125027e-11,1.0533085514907725e-10,0.0,1.3510037311045581e-12,2.9394608772718433e-12
117360.0,1.2010000000000003,0.21914071880338867,0.21914071880338867,0.05868098784817509,0.1640783450396435,4,9.115797700021133e-11,1.1254996934439987e-10,0.0,1.3492482489686265e-12,2.9365775918117717e-12
117420.0,1.201,0.2190330789091687,0.2190330789091687,0.058668774288120194,0.1640089095407688,4,9.07970434949057e-11,9.021050573210232e-11,0.0,1.3473280104541244e-12,2.9336968390960176e-12
117480.0,1.2010000000000003,0.21892559516478327,0.21892559516478327,0.05865658741327604,0.16393957155869876,4,9.043710919032222e-11,1.1863221516250633e-10,0.0,1.3456347335708062e-12,2.9308186473752806e-12
117540.0,1.201,0.21881826723612469,0.21881826723612469,0.05864442713685864,0.16387033088048827,4,9.007947859851484e-11,9.509903975413181e-11,0.0,1.3436657034174434e-12,2.9279430355407115e-12
117600.0,1.201,0.21871109479003745,0.21871109479003745,0.05863229337262243,0.16380118729388388,4,8.972309006871626e-11,1.3164935808163136e-10,0.0,1.341836822064984e-12,2.9250700299711e-12
117660.0,1.201,0.21860407749432062,0.21860407749432062,0.05862018603483079,0.16373214058731908,4,8.936838075124243e-11,9.117684385273606e-11,0.0,1.3400888730165687e-12,2.92219965300115e-12
117720.0,1.201,0.2184972150177199,0.2184972150177199,0.058608105038266155,0.16366319054991088,4,8.901472614564199e-11,1.1169731806148775e-10,0.0,1.338242546597044e-12,2.919331928313042e-12
117780.0,1.201,0.21839050702992482,0.21839050702992482,0.05859605029820391,0.16359433697145523,4,8.866251482997356e-11,1.0606981959426776e-10,0.0,1.3364377984838012e-12,2.9164668756697754e-12
117840.0,1.201,0.21828395320156804,0.21828395320156804,0.05858402173042524,0.16352557964242326,4,8.831153169852612e-11,1.7354295778204687e-10,0.0,1.334667477601183e-12,2.9136045133685855e-12
117900.0,1.201,0.2181775532042183,0.2181775532042183,0.058572019251200605,0.1634569183539572,4,8.796250533515959e-11,1.7286083675571717e-10,0.0,1.3328433874905898e-12,2.9107448627714115e-12
117960.0,1.201,0.21807130671038055,0.21807130671038055,0.058560042777274966,0.16338835289786674,4,8.761558839553985e-11,9.71454028331209e-11,0.0,1.3310272561015688e-12,2.9078879410389425e-12
118020.0,1.201,0.21796521339349023,0.21796521339349023,0.05854809222588769,0.1633198830666248,4,8.726917105628118e-11,1.0084022505907342e-10,0.0,1.3292716015944324e-12,2.9050337719517938e-12
118080.0,1.201,0.2178592729279112,0.2178592729279112,0.058536167514741284,0.16325150865336413,4,8.692437741819603e-11,9.708855941426009e-11,0.0,1.327423488782422e-12,2.902182370891389e-12
118140.0,1.201,0.2177534849889311,0.2177534849889311,0.05852426856200029,0.16318322945187336,4,8.65810340089368e-11,8.145661922753789e-11,0.0,1.3256644999300887e-12,2.899333754671828e-12
118200.0,1.201,0.21764784925275862,0.21764784925275862,0.05851239528629894,0.16311504525659315,4,8.623954328434991e-11,9.617906471248716e-11,0.0,1.3238550571367357e-12,2.896487939833415e-12
118260.0,1.201,0.217542365396521,0.217542365396521,0.05850054760670936,0.1630469558626129,4,8.589880196030464e-11,1.269313543161843e-10,0.0,1.3220662218079565e-12,2.8936449471441733e-12
118320.0,1.201,0.21743703309825868,0.21743703309825868,0.05848872544276879,0.16297896106566698,4,8.555985780978048e-11,9.958966984413564e-11,0.0,1.3202815687043544e-12,2.890804789213644e-12
118380.0,1.201,0.2173318520369242,0.2173318520369242,0.058476928714449754,0.16291106066213096,4,8.522203082117485e-11,9.896439223666675e-11,0.0,1.3184362295017298e-12,2.887967483453152e-12
118440.0,1.201,0.21722682189237671,0.21722682189237671,0.058465157342158236,0.16284325444901837,4,8.48861120283928e-11,1.0328449207008816e-10,0.0,1.316745256548028e-12,2.8851330434325955e-12
118500.0,1.201,0.21712194234538088,0.21712194234538088,0.05845341124674563,0.16277554222397728,4,8.455108141403045e-11,1.5899104255368002e-10,0.0,1.3148846703288364e-12,2.882301485204241e-12
118560.0,1.201,0.21701721307759983,0.21701721307759983,0.05844169034947683,0.16270792378528653,4,8.421793123991606e-11,9.606537787476555e-11,0.0,1.313227906071259e-12,2.8794728227863185e-12
118620.0,1.201,0.21691263377159695,0.21691263377159695,0.05842999457204279,0.1626403989318526,4,8.388604394449217e-11,1.014086592476815e-10,0.0,1.311463275132464e-12,2.8766470701350194e-12
118680.0,1.201,0.21680820411082788,0.21680820411082788,0.058418323836556374,0.16257296746320613,4,8.355500319412457e-11,1.6774492905824445e-10,0.0,1.3096968692361281e-12,2.873824239237845e-12
118740.0,1.201,0.21670392377964012,0.21670392377964012,0.05840667806553347,0.16250562917949885,4,8.322603717303423e-11,1.5842260836507194e-10,0.0,1.3079307559896755e-12,2.87100434465152e-12
118800.0,1.201,0.21659979246326666,0.21659979246326666,0.05839505718190296,0.16243838388149992,4,8.289838954178563e-11,8.827782949083485e-11,0.0,1.3061830873091658e-12,2.8681873989913755e-12
118860.0,1.201,0.2164958098478266,0.2164958098478266,0.05838346110899833,0.162371231370593,4,8.257183131687995e-11,1.1220890883123502e-10,0.0,1.3044388812993445e-12,2.8653734139818697e-12
118920.0,1.201,0.21639197562031878,0.21639197562031878,0.05837188977054755,0.1623041714487728,4,8.224651515398307e-11,1.0629719326971099e-10,0.0,1.3026943081007405e-12,2.8625624032524577e-12
118980.0,1.201,0.21628828946862,0.21628828946862,0.058360343090678404,0.1622372039186423,4,8.192272554774505e-11,1.1164047464262694e-10,0.0,1.3009815935053487e-12,2.8597543757342083e-12
119040.0,1.2010000000000003,0.2161847510814799,0.2161847510814799,0.05834882099390328,0.1621703285834091,4,8.160018494240973e-11,9.339373718830757e-11,0.0,1.2993179958094693e-12,2.856949344334448e-12
119100.0,1.201,0.21608136014852017,0.21608136014852017,0.05833732340511778,0.16210354524688284,4,8.127942763280771e-11,1.5825207810848951e-10,0.0,1.2974940208953568e-12,2.854147318790747e-12
119160.0,1.2010000000000003,0.21597811636022893,0.21597811636022893,0.058325850249601435,0.16203685371347165,4,8.095910053462774e-11,9.373479770147242e-11,0.0,1.2958252855211358e-12,2.8513483114082438e-12
119220.0,1.201,0.21587501940795772,0.21587501940795772,0.0583144014530131,0.16197025378817964,4,8.064100082139092e-11,1.1243628250667825e-10,0.0,1.2940472778145214e-12,2.8485523307507395e-12
119280.0,1.2010000000000003,0.21577206898392023,0.21577206898392023,0.05830297694137998,0.16190374527660334,4,8.032376846989209e-11,9.686118573881686e-11,0.0,1.2923694635176553e-12,2.8457593861256703e-12
119340.0,1.201,0.21566926478118784,0.21566926478118784,0.05829157664110269,0.16183732798492936,4,8.00080349194765e-11,8.839151632855646e-11,0.0,1.290560540802532e-12,2.842969489485796e-12
119400.0,1.201,0.21556660649368456,0.21556660649368456,0.0582802004789427,0.16177100171993086,4,7.969379323125025e-11,9.92486093309708e-11,0.0,1.2888377003517722e-12,2.8401826464493277e-12
119460.0,1.201,0.21546409381618634,0.21546409381618634,0.058268848382028476,0.16170476628896494,4,7.938036339361076e-11,8.986944521893747e-11,0.0,1.2871635731893255e-12,2.837398868182376e-12
119520.0,1.201,0.21536172644431617,0.21536172644431617,0.05825752027784122,0.16163862149996977,4,7.906842541816061e-11,1.1073097994085401e-10,0.0,1.2854303493851818e-12,2.8346181642967797e-12
119580.0,1.201,0.2152595040745422,0.2152595040745422,0.058246216094217776,0.1615725671614617,4,7.87577988936583e-11,1.1129941412946209e-10,0.0,1.2836719543029445e-12,2.8318405396001127e-12
119640.0,1.201,0.21515742640417376,0.21515742640417376,0.058234935759349696,0.16150660308253253,4,7.844812993651473e-11,9.612222129362635e-11,0.0,1.2820168273600541e-12,2.8290660078012392e-12
119700.0,1.201,0.21505549313135786,0.21505549313135786,0.058223679201769823,0.1614407290728465,4,7.814004998607516e-11,1.0595613275654614e-10,0.0,1.2803085067480762e-12,2.826294573052606e-12
119760.0,1.201,0.2149537039550751,0.2149537039550751,0.05821244635035698,0.1613749449426377,4,7.783328842547732e-11,9.583800419932231e-11,0.0,1.2786001658073075e-12,2.8235262409368547e-12
119820.0,1.201,0.21485205857513992,0.21485205857513992,0.058201237134329536,0.16130925050270745,4,7.752767178237363e-11,1.0288658813806251e-10,0.0,1.2769414868317528e-12,2.8207610203155716e-12
119880.0,1.201,0.2147505566921936,0.2147505566921936,0.05819005148323875,0.16124364556442122,4,7.722344291805072e-11,1.0078338164021261e-10,0.0,1.2752359567698196e-12,2.8179989201917902e-12
119940.0,1.201,0.21464919800770252,0.21464919800770252,0.05817888932697567,0.16117812993970648,4,7.692065040476592e-11,1.4773604561924003e-10,0.0,1.2735245770983527e-12,2.8152399452688597e-12
120000.0,1.201,0.21454798222395574,0.21454798222395574,0.05816775059576597,0.1611127034410495,4,7.661847545303857e-11,1.0527401173021644e-10,0.0,1.2718200541585937e-12,2.81248410374993e-12
120060.0,1.201,0.21444690904406008,0.21444690904406008,0.058156635220149695,0.1610473658814931,4,7.63178686913335e-11,9.259792932425626e-11,0.0,1.2701249087205939e-12,2.809731400862783e-12
120120.0,1.201,0.21434597817194062,0.21434597817194062,0.058145543130999414,0.16098211707463395,4,7.601886481412023e-11,1.176658770418726e-10,0.0,1.2684832733184874e-12,2.8069818397002464e-12
120180.0,1.201,0.21424518931233136,0.21424518931233136,0.058134474259509926,0.16091695683461985,4,7.572061033744859e-11,9.549694368615746e-11,0.0,1.2666727988390046e-12,2.804235433375615e-12
120240.0,1.201,0.21414454217077972,0.21414454217077972,0.058123428537190866,0.16085188497614733,4,7.54240420119956e-11,1.0686562745831907e-10,0.0,1.2651187695135338e-12,2.8014921795678194e-12
120300.0,1.201,0.2140440364536362,0.2140440364536362,0.058112405895870994,0.16078690131445905,4,7.512862554293065e-11,1.5404566511278972e-10,0.0,1.2633449389498987e-12,2.7987520882485225e-12
120360.0,1.201,0.2139436718680565,0.2139436718680565,0.058101406267686215,0.1607220056653414,4,7.483393765772561e-11,1.1078782335971482e-10,0.0,1.261802519905036e-12,2.7960151654702045e-12
120420.0,1.201,0.21384344812199613,0.21384344812199613,0.05809042958508731,0.16065719784512184,4,7.454076245139163e-11,9.765699360286817e-11,0.0,1.260110531782347e-12,2.7932814136234175e-12
120480.0,1.201,0.21374336492420756,0.21374336492420756,0.05807947578082653,0.16059247767066653,4,7.424918319065554e-11,1.1431211532908492e-10,0.0,1.258461597497334e-12,2.790550835331151e-12
120540.0,1.201,0.21364342198423739,0.21364342198423739,0.058068544787968204,0.16052784495937794,4,7.395765944107069e-11,9.845280146691948e-11,0.0,1.2568261318832152e-12,2.7878234420573016e-12
120600.0,1.201,0.21354361901242352,0.21354361901242352,0.058057636539870144,0.16046329952919214,4,7.366799531505208e-11,1.6700596461305395e-10,0.0,1.2551822721725892e-12,2.78509923385729e-12
120660.0,1.201,0.21344395571989236,0.21344395571989236,0.05804675097019364,0.16039884119857706,4,7.337985080679843e-11,1.0277290130034089e-10,0.0,1.2534950621627557e-12,2.7823782127535727e-12
120720.0,1.201,0.21334443181855497,0.21334443181855497,0.058035888012889475,0.16033446978652938,4,7.309275407152427e-11,1.064108801074326e-10,0.0,1.2518066756241585e-12,2.7796603867367148e-12
120780.0,1.201,0.21324504702110342,0.21324504702110342,0.05802504760221564,0.16027018511257252,4,7.280659408692713e-11,1.1334577720845118e-10,0.0,1.2501941662969762e-12,2.7769457584288785e-12
120840.0,1.2010000000000003,0.2131458010410124,0.2131458010410124,0.05801422967271112,0.16020598699675426,4,7.25213292196436e-11,1.7348611436318606e-10,0.0,1.2486685159633702e-12,2.7742343343590006e-12
120900.0,1.201,0.21304669359252895,0.21304669359252895,0.05800343415920927,0.16014187525964435,4,7.223811826495563e-11,9.748646334628575e-11,0.0,1.2469198164437637e-12,2.7715261116336032e-12
120960.0,1.2010000000000003,0.21294772439067605,0.21294772439067605,0.05799266099682051,0.16007784972233247,4,7.195530282722018e-11,9.367795428261161e-11,0.0,1.2453696953283115e-12,2.768821097167089e-12
121020.0,1.201,0.21284889315124553,0.21284889315124553,0.05798191012094948,0.1600139102064256,4,7.167401394614359e-11,1.0254552762489766e-10,0.0,1.243625564280906e-12,2.766119295034977e-12
121080.0,1.2010000000000003,0.21275019959079758,0.21275019959079758,0.0579711814672767,0.15995005653404598,4,7.139384916587943e-11,1.7132606444647536e-10,0.0,1.2421435039568316e-12,2.7634207065673738e-12
121140.0,1.201,0.2126516434266561,0.2126516434266561,0.05796047497177,0.15988628852782868,4,7.11148084864277e-11,1.0766143532237038e-10,0.0,1.240399109058663e-12,2.7607253375222832e-12
121200.0,1.201,0.212553224376907,0.212553224376907,0.05794979057066086,0.15982260601091966,4,7.083714170796895e-11,8.964207154349424e-11,0.0,1.2387838515330834e-12,2.7580331870708705e-12
121260.0,1.201,0.21245494216039623,0.21245494216039623,0.057939128200462556,0.15975900880697344,4,7.056003004102251e-11,1.035118657455314e-10,0.0,1.2372005368904942e-12,2.7553442612292202e-12
121320.0,1.201,0.21235679649672398,0.21235679649672398,0.05792848779796907,0.1596954967401507,4,7.028389675811653e-11,1.106741365219932e-10,0.0,1.2355328044032828e-12,2.7526585592379806e-12
121380.0,1.201,0.21225878710624393,0.21225878710624393,0.05791786930023042,0.15963206963511645,4,7.000956064873165e-11,1.1402789823478088e-10,0.0,1.2339204310248886e-12,2.749976085261179e-12
121440.0,1.201,0.2121609137100615,0.2121609137100615,0.05790727264457202,0.1595687273170377,4,6.973638333462873e-11,1.02147623692872e-10,0.0,1.2323416725725227e-12,2.747296838840557e-12
121500.0,1.201,0.2120631760300279,0.2120631760300279,0.057896697768587746,0.15950546961158113,4,6.946405256558208e-11,1.1237943908781745e-10,0.0,1.2306818890660048e-12,2.7446208266953028e-12
121560.0,1.201,0.21196557378873992,0.21196557378873992,0.05788614461013179,0.15944229634491153,4,6.919295691965033e-11,9.970335668185726e-11,0.0,1.2290837200066196e-12,2.741948047095782e-12
121620.0,1.201,0.21186810670953682,0.21186810670953682,0.057875613107323934,0.1593792073436891,4,6.892253434642726e-11,1.5899104255368002e-10,0.0,1.2274786916744275e-12,2.7392785050439555e-12
121680.0,1.201,0.21177077451649606,0.21177077451649606,0.0578651031985372,0.1593162024350676,4,6.865369384101427e-11,9.174527804134414e-11,0.0,1.2258892974528594e-12,2.7366121977828305e-12
121740.0,1.201,0.21167357693443206,0.21167357693443206,0.057854614822410756,0.1592532814466925,4,6.838573457512709e-11,1.2573764252010733e-10,0.0,1.2243149829588513e-12,2.73394913069818e-12
121800.0,1.201,0.2115765136888934,0.2115765136888934,0.05784414791783534,0.15919044420669853,4,6.811896186009747e-11,1.6257217794191092e-10,0.0,1.2227517569731556e-12,2.7312893030984806e-12
121860.0,1.201,0.21147958450615956,0.21147958450615956,0.05783370242396118,0.15912769054370787,4,6.785318834579002e-11,1.078319655789528e-10,0.0,1.221123829528751e-12,2.728632717449558e-12
121920.0,1.201,0.21138278911323802,0.21138278911323802,0.05782327828018268,0.15906502028682806,4,6.758883036583896e-11,1.0618350643198937e-10,0.0,1.2195614086478717e-12,2.7259793733758726e-12
121980.0,1.201,0.21128612723786158,0.21128612723786158,0.05781287542614448,0.15900243326565003,4,6.732502749740021e-11,1.5688783605583012e-10,0.0,1.2178620513385416e-12,2.7233292730206487e-12
122040.0,1.201,0.21118959860848738,0.21118959860848738,0.05780249380175338,0.15893992931024625,4,6.706260546884835e-11,1.0561507224338129e-10,0.0,1.21638644964069e-12,2.7206824204503066e-12
122100.0,1.201,0.21109320295429176,0.21109320295429176,0.05779213334714576,0.1588775082511683,4,6.68007524295966e-11,9.771383702172898e-11,0.0,1.2146873494058594e-12,2.7180388116728724e-12
122160.0,1.201,0.21099694000516958,0.21099694000516958,0.057781794002717005,0.1588151699194454,4,6.654088391400137e-11,9.259792932425626e-11,0.0,1.2132086454498384e-12,2.7153984464732793e-12
122220.0,1.201,0.2109008094917301,0.2109008094917301,0.05777147570909615,0.15875291414658216,4,6.628175092115995e-11,1.0533085514907725e-10,0.0,1.2116343495905551e-12,2.7127613302149664e-12
122280.0,1.201,0.21080481114529626,0.21080481114529626,0.057761178407160156,0.1586907407645568,4,6.60232493676638e-11,9.36211108637508e-11,0.0,1.2100668761581455e-12,2.710127462817697e-12
122340.0,1.201,0.21070894469789972,0.21070894469789972,0.057750902038018484,0.15862864960581907,4,6.576612171516061e-11,9.85664883046411e-11,0.0,1.2085061624721714e-12,2.7074968410422323e-12
122400.0,1.201,0.2106132098822807,0.2106132098822807,0.05774064654302531,0.15856664050328856,4,6.551066633608826e-11,1.0811618267325684e-10,0.0,1.2069468802718781e-12,2.7048694686026127e-12
122460.0,1.201,0.21051760643188205,0.21051760643188205,0.05773041186377431,0.1585047132903525,4,6.525484319563901e-11,1.0135181582882069e-10,0.0,1.2053535536998524e-12,2.702245347201176e-12
122520.0,1.201,0.21042213408085178,0.21042213408085178,0.05772019794208025,0.15844286780086428,4,6.500060906189375e-11,1.2045120456605218e-10,0.0,1.2037965974520323e-12,2.6996244707705527e-12
122580.0,1.201,0.21032679256403577,0.21032679256403577,0.057710004720001554,0.15838110386914114,4,6.474781821808051e-11,1.007265382213518e-10,0.0,1.2023173890878913e-12,2.6970068450298694e-12
122640.0,1.2010000000000003,0.21023158161697722,0.21023158161697722,0.05769983213982956,0.15831942132996266,4,6.449582534706622e-11,1.559783413540572e-10,0.0,1.2008314468118196e-12,2.694392468128723e-12
122700.0,1.201,0.21013650097591488,0.21013650097591488,0.05768968014408183,0.15825782001856864,4,6.424497739354607e-11,1.1192469173693098e-10,0.0,1.1991736301158052e-12,2.6917813388354415e-12
122760.0,1.2010000000000003,0.21004155037777925,0.21004155037777925,0.05767954867550159,0.1581962997706576,4,6.399478169605288e-11,8.86188900039997e-11,0.0,1.1976852242444064e-12,2.6891734603892644e-12
122820.0,1.201,0.20994672956019017,0.20994672956019017,0.05766943767705834,0.15813486042238467,4,6.374611255521856e-11,1.2022383089060895e-10,0.0,1.1960866075281086e-12,2.6865688293077612e-12
122880.0,1.2010000000000003,0.20985203826145524,0.20985203826145524,0.05765934709195752,0.15807350181035984,4,6.349811648709291e-11,9.305267667514272e-11,0.0,1.194654308272103e-12,2.6839674462435774e-12
122940.0,1.201,0.2097574762205673,0.2097574762205673,0.05764927686361498,0.15801222377164634,4,6.3251945348064e-11,1.0817302609211765e-10,0.0,1.192992734561451e-12,2.6813693088814345e-12
123000.0,1.201,0.20966304317720091,0.20966304317720091,0.05763922693567841,0.15795102614375872,4,6.30054619588094e-11,9.526957001071423e-11,0.0,1.1914727589250752e-12,2.6787744232564422e-12
123060.0,1.201,0.20956873887171049,0.20956873887171049,0.05762919725200994,0.1578899087646609,4,6.276082431533325e-11,1.000444171950221e-10,0.0,1.1899586379804307e-12,2.6761827806476354e-12
123120.0,1.201,0.2094745630451291,0.2094745630451291,0.0576191877566991,0.1578288714727648,4,6.251710260585241e-11,8.981260180007666e-11,0.0,1.1884221981411426e-12,2.673594384613545e-12
123180.0,1.201,0.20938051543916422,0.20938051543916422,0.05760919839404026,0.1577679141069283,4,6.227361681876431e-11,9.981704351957887e-11,0.0,1.1868428645534054e-12,2.67100923678868e-12
123240.0,1.201,0.20928659579619588,0.20928659579619588,0.05759922910855695,0.15770703650645362,4,6.203199065524245e-11,9.725908967084251e-11,0.0,1.1853550812512229e-12,2.668427329665549e-12
123300.0,1.201,0.20919280385927563,0.20919280385927563,0.05758927984498291,0.1576462385110856,4,6.179101674774756e-11,1.1527845344971865e-10,0.0,1.1838439355098057e-12,2.6658486665983694e-12
123360.0,1.201,0.20909913937212204,0.20909913937212204,0.05757935054826509,0.15758551996100986,4,6.155099346871751e-11,1.0669509720173664e-10,0.0,1.182345281386778e-12,2.66327324687163e-12
123420.0,1.201,0.20900560207912067,0.20900560207912067,0.05756944116355851,0.15752488069685136,4,6.131207347381817e-11,9.07789399207104e-11,0.0,1.1808094780927497e-12,2.6607010689724177e-12
123480.0,1.201,0.20891219172531894,0.20891219172531894,0.057559551636238424,0.15746432055967244,4,6.10743330908825e-11,1.7183765521622263e-10,0.0,1.179339516787294e-12,2.6581321308906832e-12
123540.0,1.201,0.20881890805642678,0.20881890805642678,0.0575496819118864,0.1574038393909712,4,6.08372519028677e-11,1.0618350643198937e-10,0.0,1.1777880014556105e-12,2.655566433722441e-12
123600.0,1.201,0.208725750818813,0.208725750818813,0.05753983193628634,0.15734343703268003,4,6.060124624340801e-11,1.0942358130705543e-10,0.0,1.1763198316248381e-12,2.653003974163105e-12
123660.0,1.201,0.20863271975950173,0.20863271975950173,0.05753000165543749,0.15728311332716363,4,6.03666144849413e-11,1.681428329902701e-10,0.0,1.1747579591977922e-12,2.6504447513623326e-12
123720.0,1.201,0.20853981462617258,0.20853981462617258,0.057520191015543926,0.15722286811721753,4,6.013190639864163e-11,1.6427748050773516e-10,0.0,1.1732617856107506e-12,2.6478887648254705e-12
123780.0,1.201,0.2084470351671571,0.2084470351671571,0.05751039996300382,0.1571627012460666,4,5.989871793010693e-11,1.7348611436318606e-10,0.0,1.171666600224922e-12,2.6453360132480546e-12
123840.0,1.201,0.20835438113143606,0.20835438113143606,0.057500628444432024,0.15710261255736319,4,5.966684785141396e-11,9.953282642527483e-11,0.0,1.170288234097767e-12,2.6427864941394442e-12
123900.0,1.201,0.2082618522686382,0.2082618522686382,0.05749087640663564,0.1570426018951855,4,5.943504022276613e-11,1.7121237760875374e-10,0.0,1.1686950981081544e-12,2.6402402061174205e-12
123960.0,1.201,0.20816944832903744,0.20816944832903744,0.05748114379662425,0.1569826691040362,4,5.920503670653332e-11,1.74395609064959e-10,0.0,1.1672847090533954e-12,2.6376971495203e-12
124020.0,1.201,0.20807716906355098,0.20807716906355098,0.05747143056161799,0.15692281402884053,4,5.897558830181282e-11,1.6558487914153375e-10,0.0,1.165805997474078e-12,2.6351573213586527e-12
124080.0,1.201,0.20798501422373697,0.20798501422373697,0.05746173664902177,0.156863036514945,4,5.874728481458646e-11,1.2886403055745177e-10,0.0,1.1643155100192113e-12,2.632620717532971e-12
124140.0,1.201,0.20789298356179256,0.20789298356179256,0.057452062006443066,0.1568033364081156,4,5.851947398882729e-11,1.5796786101418547e-10,0.0,1.1628532982181899e-12,2.630087342468671e-12
124200.0,1.201,0.20780107683055074,0.20780107683055074,0.05744240658168447,0.15674371355453637,4,5.829298849180375e-11,1.0362555258325301e-10,0.0,1.1614174456589705e-12,2.627557188554037e-12
124260.0,1.200996740740741,0.20770929378347758,0.20770929378347758,0.05743904830844728,0.15668468911930758,3,1.2041866809253676e-10,1.0874146028072573e-10,-1.0567798353910171e-07,-9.974018767359221e-09,8.779656069438093e-13
124320.0,1.2009872592592594,0.2076176341746547,0.2076176341746547,0.05744227084184567,0.15662669218448572,3,6.175348912784706e-10,9.094947017729282e-11,-2.0580144032922385e-07,-1.9426226134468417e-08,-1.4513337555155383e-12
124380.0,1.2009720000000002,0.20752609775879152,0.20752609775879152,0.05744901629298734,0.15656960984375276,4,3.5225489192214354e-11,9.458744898438454e-11,-2.9851748971197354e-07,-2.8182021209851464e-08,-3.8005702082660695e-12
124440.0,1.2009514074074077,0.2074346842912264,0.2074346842912264,0.057457942163109385,0.1565133448608064,4,4.458680646912683e-11,9.555378710501827e-11,-3.838261316873237e-07,-3.624200538820153e-08,-6.067076455908663e-12
124500.0,1.200925925925926,0.20734339352792455,0.20734339352792455,0.05746821492375555,0.156457808499576,4,5.043229722723197e-11,1.7342927094432525e-10,-4.6172736625522005e-07,-4.360621857887989e-08,-8.208102477117383e-12
124560.0,1.2008960000000002,0.20725222522547876,0.20725222522547876,0.05747924323572329,0.15640291776298276,4,5.3651999509796156e-11,9.907807907438837e-11,-5.322211934157169e-07,-5.0274348264602805e-08,-1.020058083616992e-11
124620.0,1.2008620740740743,0.20716117914110363,0.20716117914110363,0.05749057474359042,0.15634859394558245,4,5.478953402082709e-11,1.1050360626541078e-10,-5.953076131688141e-07,-5.6245853274474445e-08,-1.2030257416772776e-11
124680.0,1.2008245925925929,0.20707025503263501,0.20707025503263501,0.05750184592332215,0.15629476175386675,4,5.420673632183792e-11,9.00968188943807e-11,-6.509866255145118e-07,-6.152004426168409e-08,-1.368748316532172e-11
124740.0,1.200784,0.20697945265852885,0.20697945265852885,0.057512754326205326,0.15624134872042544,4,5.2159346286551056e-11,1.0703615771490149e-10,-6.992582304527015e-07,-6.609614229021538e-08,-1.5165289982474905e-11
124800.0,1.2007407407407409,0.2068887717778581,0.2068887717778581,0.05752304177225731,0.15618828478792807,4,4.8837198174389584e-11,1.6018475434975699e-10,-7.401224279836001e-07,-6.997332501741868e-08,-1.645840075586324e-11
124860.0,1.2006952592592592,0.2067982121503106,0.2067982121503106,0.05753248348777443,0.15613550199918227,4,4.4386924691330876e-11,1.0936673788819462e-10,-7.735792181070992e-07,-7.315076329524964e-08,-1.7562675038393292e-11
124920.0,1.2006480000000002,0.20670777353618802,0.20670777353618802,0.05754088072658862,0.15608293425738906,4,3.8925709877624115e-11,1.0010126061388291e-10,-7.996286008231986e-07,-7.562765145156152e-08,-1.847477832738624e-11
124980.0,1.2005994074074073,0.20661745569640239,0.20661745569640239,0.05754805552547922,0.1560305171349923,3,9.93290442952155e-10,1.5472778613911942e-10,-8.182705761316818e-07,-7.740323054831318e-08,-1.9191877821574685e-11
125040.0,1.2005499259259258,0.20652725839247552,0.20652725839247552,0.05755384705692223,0.15597818771764543,3,7.7285971372687e-10,9.777068044058979e-11,-8.295051440328736e-07,-7.847682764927244e-08,-1.9711817203575286e-11
125100.0,1.2005,0.20643718138653538,0.20643718138653538,0.05755810849688884,0.15592588447244254,3,5.293209273671273e-10,1.4989609553595074e-10,-8.333323045269914e-07,-7.884785036867546e-08,-2.0032811277954226e-11
125160.0,1.200450074074074,0.20634722444131592,0.20634722444131592,0.057560705090457874,0.1558735471385231,3,2.6443672945797303e-10,1.509761204943061e-10,-8.297520576131673e-07,-7.851582406387686e-08,-2.0153139230003733e-11
125220.0,1.2004005925925927,0.20625738732016427,0.20625738732016427,0.05756151240782707,0.1558211166301896,2,3.4380373548081877e-10,1.0510348147363402e-10,-8.18764403292269e-07,-7.748040455466233e-08,-2.007150125197671e-11
125280.0,1.200352,0.20616766978700107,0.20616766978700107,0.057560414852766174,0.15576853495233367,3,3.233976211824974e-10,9.441691872780211e-11,-8.003693415638627e-07,-7.574138881718284e-08,-1.9786738921962335e-11
125340.0,1.2003047407407408,0.20607807160636596,0.20607807160636596,0.05755730485746364,0.1557157451269666,3,6.437588309649023e-10,9.57243173616007e-11,-7.745668724281653e-07,-7.32987395687411e-08,-1.9298042689607624e-11
125400.0,1.2002592592592594,0.20598859254339744,0.20598859254339744,0.05755208176877882,0.1556626911248028,3,9.802240477641e-10,9.453060556552373e-11,-7.413569958848515e-07,-7.015258829142565e-08,-1.8604709760051872e-11
125460.0,1.200216,0.2058992323638246,0.2058992323638246,0.05754465120658244,0.15560931780561515,4,4.367386313708366e-11,1.0595613275654614e-10,-7.007397119341381e-07,-6.630324837369996e-08,-1.7705941395517843e-11
125520.0,1.2001754074074074,0.20580999083397064,0.20580999083397064,0.05753492458699079,0.15555557086099908,4,5.590205381933444e-11,1.589341991348192e-10,-6.52715020576242e-07,-6.175124253144916e-08,-1.660194525435308e-11
125580.0,1.2001379259259257,0.20572086772074824,0.20572086772074824,0.05752281842550967,0.15550139676482033,4,6.871071767111658e-11,1.1254996934439987e-10,-5.972829218107295e-07,-5.649728958690873e-08,-1.5292352008553533e-11
125640.0,1.200104,0.20563186279166193,0.20563186279166193,0.05750825408906354,0.15544674272478426,4,8.209492807775831e-11,1.4597389963455498e-10,-5.344434156379259e-07,-5.054232902966596e-08,-1.3777192461195285e-11
125700.0,1.200074074074074,0.20554297581480205,0.20554297581480205,0.057491157404838907,0.1553915566379268,4,9.604909229077307e-11,9.379164112033322e-11,-4.641965020577227e-07,-4.388752795847864e-08,-1.2056669053096482e-11
125760.0,1.2000485925925926,0.2054542065588436,0.2054542065588436,0.05747145837968586,0.15533578704865883,4,1.1056854043456354e-10,9.43032318900805e-11,-3.8654218107001155e-07,-3.653428822124232e-08,-1.0131159095454883e-11
125820.0,1.2000279999999999,0.20536555479304858,0.20536555479304858,0.05744909096432665,0.15527938310903036,4,1.2564926876734717e-10,1.1283418643870391e-10,-3.0148045267490084e-07,-2.848425599730038e-08,-8.00121887994785e-12
125880.0,1.2000127407407406,0.20527702028725756,0.20527702028725756,0.05742399285763389,0.15522229454090214,4,1.4128539310709343e-10,9.373479770147242e-11,-2.09011316872499e-07,-1.9739327704699262e-08,-5.667589372123861e-12
125940.0,1.200003259259259,0.20518860281189083,0.20518860281189083,0.05739610534573144,0.15516447159975388,4,1.5747115417186208e-10,1.0510348147363402e-10,-1.0913477366256208e-07,-1.030165781080758e-08,-3.1312035165546175e-12
126000.0,1.2,0.2051003021379488,0.2051003021379488,0.05736537317165563,0.15510586503989746,4,1.7419890530057103e-10,9.57243173616007e-11,-1.8508230452675063e-09,-1.7366396337787957e-10,-3.9319514278099043e-13
126060.0,1.2,0.20501211803700028,0.20501211803700028,0.05733829252698766,0.15504696307494545,4,1.375685468318899e-10,1.6865442376001738e-10,0.0,9.056890619384952e-13,7.0164748814232e-13
126120.0,1.2,0.20492405028117522,0.20492405028117522,0.057316134163587835,0.15498825450997405,4,1.1945469613472426e-10,9.197265171678737e-11,0.0,9.50785966800184e-13,1.1208044967034663e-12
126180.0,1.2,0.20483609864316862,0.20483609864316862,0.05729654373634481,0.15492971178943238,4,1.0781232850920475e-10,9.873701856122352e-11,0.0,9.781311519882529e-13,1.3775972185207243e-12
126240.0,1.2000000000000002,0.20474826289624865,0.20474826289624865,0.057278658886801725,0.15487131834582374,4,9.946780898939522e-11,1.744524524838198e-10,0.0,9.968910445805291e-13,1.556068227816214e-12
126300.0,1.2,0.20466054281424867,0.20466054281424867,0.0572620173273225,0.15481306260772298,4,9.311080378937575e-11,8.839151632855646e-11,0.0,1.0105024468791792e-12,1.6886500037460995e-12
126360.0,1.2000000000000002,0.2045729381715692,0.2045729381715692,0.05724633240293458,0.1547549358948374,4,8.806828183383075e-11,1.1107204045401886e-10,0.0,1.0209746434313512e-12,1.7913976554883677e-12
126420.0,1.2,0.20448544874317368,0.20448544874317368,0.05723141076242156,0.154696931399589,4,8.395156098073286e-11,8.895995051716454e-11,0.0,1.029019868243491e-12,1.87341704166924e-12
126480.0,1.2000000000000002,0.20439807430458778,0.20439807430458778,0.05721711447192414,0.1546390436146359,4,8.051465744118858e-11,1.5069190340000205e-10,0.0,1.0354813527789855e-12,1.9403472799776526e-12
126540.0,1.1999999999999997,0.20431081463189837,0.20431081463189837,0.057203341070870516,0.15458126797972355,4,7.759427822495724e-11,1.0464873412274756e-10,0.0,1.0405640718112903e-12,1.9959045828024116e-12
126600.0,1.2,0.20422366950175053,0.20422366950175053,0.05719001207117551,0.1545236006493354,4,7.507752058932837e-11,1.0595613275654614e-10,0.0,1.0449078520059047e-12,2.0426546646742804e-12
126660.0,1.2,0.20413663869134646,0.20413663869134646,0.05717706586902977,0.15446603833234845,4,7.288073616829038e-11,8.594724931754172e-11,0.0,1.04837540838032e-12,2.082434453363325e-12
126720.0,1.2000000000000002,0.2040497219784428,0.2040497219784428,0.057164453147656676,0.15440857817721207,4,7.094486803582711e-11,1.560920281917788e-10,0.0,1.051142190257033e-12,2.1165980596805147e-12
126780.0,1.2,0.20396291914135037,0.20396291914135037,0.05715213377250174,0.15435121768725507,4,6.922231537975776e-11,9.168843462248333e-11,0.0,1.0534863115869118e-12,2.1461679790725874e-12
126840.0,1.2,0.2038762299589317,0.2038762299589317,0.057140074624046,0.15429395465668141,4,6.767677390717708e-11,9.089262675843202e-11,0.0,1.0552191912839207e-12,2.171932031991011e-12
126900.0,1.2,0.2037896542105979,0.2037896542105979,0.05712824804295513,0.15423678712120564,4,6.628097376504272e-11,9.663381206337363e-11,0.0,1.0568577036755507e-12,2.194507754770842e-12
126960.0,1.2,0.20370319167631057,0.20370319167631057,0.057116630688377384,0.15417971331931654,4,6.501321009322325e-11,1.169837560155429e-10,0.0,1.0579845829678089e-12,2.214386444396034e-12
127020.0,1.2,0.2036168421365756,0.2036168421365756,0.057105202682685215,0.15412273166142287,4,6.385364459404741e-11,1.1294787327642553e-10,0.0,1.0590077943211691e-12,2.2319640794818443e-12
127080.0,1.2000000000000002,0.2035306053724447,0.2035306053724447,0.057093946959630486,0.15406584070495577,4,6.278866315767573e-11,9.163159120362252e-11,0.0,1.0597770448681518e-12,2.247563466828052e-12
127140.0,1.2000000000000002,0.20344448116551353,0.20344448116551353,0.05708284875991069,0.1540090391340463,4,6.180504025232736e-11,1.6149215298355557e-10,0.0,1.0603110349786498e-12,2.261450464636033e-12
127200.0,1.2,0.20335846929791804,0.20335846929791804,0.0570718952355477,0.153952325742767,4,6.089304754874902e-11,9.629275155020878e-11,0.0,1.06058936492292e-12,2.2738460234237316e-12
127260.0,1.2,0.20327256955233386,0.20327256955233386,0.05706107513583369,0.15389569942118642,4,6.00441224518633e-11,9.089262675843202e-11,0.0,1.0608492676654225e-12,2.2849352901343007e-12
127320.0,1.2,0.20318678171197666,0.20318678171197666,0.05705037855536051,0.1538391591436684,4,5.925040319487707e-11,1.7081447367672808e-10,0.0,1.0609561160012792e-12,2.2948745673323262e-12
127380.0,1.1999999999999997,0.20310110556059677,0.20310110556059677,0.05703979672986161,0.1537827039589813,4,5.850661621842335e-11,1.0805933925439604e-10,0.0,1.060806647085099e-12,2.303796698473043e-12
127440.0,1.2000000000000002,0.2030155408824786,0.2030155408824786,0.05702932186931943,0.1537263329818807,4,5.780620426776295e-11,8.986944521893747e-11,0.0,1.0609523113410383e-12,2.3118153031208368e-12
127500.0,1.2,0.20293008746244295,0.20293008746244295,0.057018947020467836,0.15367004538590104,4,5.7146141985153776e-11,1.5268142306013033e-10,0.0,1.0606380650822223e-12,2.3190281030615144e-12
127560.0,1.2000000000000002,0.20284474508583858,0.20284474508583858,0.057008665952626256,0.15361384039714693,4,5.6521481939242335e-11,1.0504663805477321e-10,0.0,1.060463020217958e-12,2.3255195986857055e-12
127620.0,1.2,0.2027595135385471,0.2027595135385471,0.056998473062295864,0.15355771728891854,4,5.5928241204927787e-11,1.1016254575224593e-10,0.0,1.0600210674369592e-12,2.331363216340635e-12
127680.0,1.2,0.20267439260697648,0.20267439260697648,0.05698836329289963,0.15350167537703435,4,5.536467811984025e-11,9.913492249324918e-11,0.0,1.059626934324514e-12,2.3366230372989025e-12
127740.0,1.2,0.20258938207806218,0.20258938207806218,0.05697833206690446,0.15344571401574428,4,5.482686527003011e-11,1.0982148523908108e-10,0.0,1.0591325493570472e-12,2.3413552418131743e-12
127800.0,1.2,0.20250448173926458,0.20250448173926458,0.05696837522806078,0.1533898325941418,4,5.431362304353371e-11,1.0930989446933381e-10,0.0,1.058688474334999e-12,2.3456092581395353e-12
127860.0,1.2,0.20241969137856822,0.20241969137856822,0.05695848899204415,0.15333403053300276,4,5.382205098269921e-11,9.623590813134797e-11,0.0,1.058004824090633e-12,2.3494287562345234e-12
127920.0,1.2,0.20233501078447821,0.20233501078447821,0.056948669904046394,0.15327830728198968,4,5.3350643347549465e-11,1.1675638234009966e-10,0.0,1.0573712652571851e-12,2.3528524326742568e-12
127980.0,1.2,0.20225043974602083,0.20225043974602083,0.05693891480219349,0.1532226623171702,4,5.289808174824273e-11,1.7126922102761455e-10,0.0,1.0566779901774394e-12,2.3559147037631315e-12
128040.0,1.2000000000000002,0.2021659780527414,0.2021659780527414,0.056929220785847216,0.1531670951388077,4,5.2462138799835856e-11,1.0419398677186109e-10,0.0,1.0560684254580467e-12,2.3586462683053237e-12
128100.0,1.2,0.2020816254947014,0.2020816254947014,0.05691958518803966,0.15311160526938766,4,5.2042398168694604e-11,9.100631359615363e-11,0.0,1.0552235297866765e-12,2.361074580864597e-12
128160.0,1.2000000000000002,0.20199738186247843,0.20199738186247843,0.056910005551407086,0.15305619225185024,4,5.163668798102705e-11,8.856204658513889e-11,0.0,1.0545909806165018e-12,2.3632242837006473e-12
128220.0,1.2,0.20191324694716448,0.20191324694716448,0.05690047960711612,0.15300085564800203,4,5.1244605780986774e-11,1.5864998204051517e-10,0.0,1.0537418379219342e-12,2.3651175277184892e-12
128280.0,1.2000000000000002,0.2018292205403637,0.2018292205403637,0.056891005256327065,0.15294559503708627,4,5.0865006651079625e-11,1.6444801076431759e-10,0.0,1.052921354798895e-12,2.3667742877607542e-12
128340.0,1.1999999999999997,0.20174530243419087,0.20174530243419087,0.05688158055385225,0.1528904100144916,4,5.049720364080912e-11,1.0868461686186492e-10,0.0,1.0519616795986666e-12,2.3682126202603896e-12
128400.0,1.2,0.2016614924212705,0.2016614924212705,0.05687220369372858,0.15283530019058375,4,5.014001713821159e-11,1.226680979016237e-10,0.0,1.0512108748881764e-12,2.3694488747672843e-12
128460.0,1.2,0.2015777902947339,0.2015777902947339,0.056862872996392526,0.1527802651896456,4,4.9793065504122325e-11,1.0516032489249483e-10,0.0,1.050418716123377e-12,2.3704978960847414e-12
128520.0,1.2000000000000002,0.20149419584822045,0.20149419584822045,0.05685358689729185,0.15272530464891432,4,4.945538423228868e-11,1.0345502232667059e-10,0.0,1.0494408841366494e-12,2.3713731871247965e-12
128580.0,1.2,0.20141070887587342,0.20141070887587342,0.05684434393674007,0.1526704182177034,4,4.9126550050182516e-11,1.0300027497578412e-10,0.0,1.0485922210744881e-12,2.372087046733052e-12
128640.0,1.2,0.20132732917233923,0.20132732917233923,0.056835142750824415,0.15261560555660253,4,4.8806333974305005e-11,9.981704351957887e-11,0.0,1.0475633157538982e-12,2.3726507141698325e-12
128700.0,1.2,0.20124405653276545,0.20124405653276545,0.0568259820632917,0.15256086633674512,4,4.849374374282789e-11,1.0771827874123119e-10,0.0,1.0467154624552345e-12,2.373074460802329e-12
128760.0,1.2,0.2011608907528003,0.2011608907528003,0.056816860678249335,0.15250620023913802,4,4.818837689990474e-11,9.373479770147242e-11,0.0,1.0456283566538058e-12,2.373367703569791e-12
128820.0,1.2,0.20107783162859094,0.20107783162859094,0.05680777747359319,0.15245160695404603,4,4.7890441612352674e-11,9.71454028331209e-11,0.0,1.0447121363613539e-12,2.3735390840363495e-12
128880.0,1.2000000000000002,0.2009948789567804,0.2009948789567804,0.056798731395096655,0.15239708618042647,4,4.759858479586043e-11,1.127773430198431e-10,0.0,1.043772300366816e-12,2.3735965464181374e-12
128940.0,1.2000000000000002,0.20091203253450812,0.20091203253450812,0.05678972145105113,0.15234263762540884,4,4.731312563954759e-11,8.702727427589707e-11,0.0,1.042792201084647e-12,2.373547399671467e-12
129000.0,1.2,0.20082929215940784,0.20082929215940784,0.056780746707436894,0.15228826100381465,4,4.70330788204798e-11,1.0174971976084635e-10,0.0,1.0417040714321433e-12,2.373398388146461e-12
129060.0,1.2,0.20074665762960422,0.20074665762960422,0.05677180628353711,0.15223395603771464,4,4.675942966159141e-11,9.64632818067912e-11,0.0,1.0406782027246693e-12,2.3731557325879143e-12
129120.0,1.2,0.2006641287437142,0.2006641287437142,0.05676289934794416,0.15217972245601896,4,4.649047813387597e-11,9.055156624526717e-11,0.0,1.0396932404145917e-12,2.372825192653605e-12
129180.0,1.1999999999999997,0.20058170530084318,0.20058170530084318,0.05675402511494321,0.1521255599940977,4,4.622666832654332e-11,1.064108801074326e-10,0.0,1.0384894255432509e-12,2.3724120899314223e-12
129240.0,1.2000000000000002,0.20049938710058415,0.20049938710058415,0.05674518284119814,0.15207146839342955,4,4.5967556150383615e-11,1.0953726814477704e-10,0.0,1.0377788930142378e-12,2.3719213627541426e-12
129300.0,1.2,0.20041717394301736,0.20041717394301736,0.05673637182273671,0.15201744740127537,4,4.5713030583094394e-11,9.71454028331209e-11,0.0,1.0365829477142517e-12,2.3713575937238664e-12
129360.0,1.2000000000000002,0.2003350656287055,0.2003350656287055,0.05672759139220568,0.15196349677037452,4,4.546259896320848e-11,9.833911462919787e-11,0.0,1.0356176172985509e-12,2.370725041478234e-12
129420.0,1.2,0.20025306195869705,0.20025306195869705,0.05671884091632419,0.15190961625866287,4,4.5215962918288e-11,9.725908967084251e-11,0.0,1.0344499216061469e-12,2.3700276636339354e-12
129480.0,1.2,0.20017116273451938,0.20017116273451938,0.056710119793599946,0.15185580562900958,4,4.4973864909980676e-11,1.0288658813806251e-10,0.0,1.0333593592750187e-12,2.3692691461251503e-12
129540.0,1.2,0.20008936775818054,0.20008936775818054,0.05670142745217478,0.15180206464897203,4,4.4735729010092484e-11,9.043787940754555e-11,0.0,1.032316350008824e-12,2.3684529273034574e-12
129600.0,1.2,0.20000767683216636,0.20000767683216636,0.0566927633478879,0.15174839309056673,4,4.4500791940293993e-11,9.913492249324918e-11,0.0,1.0313598543585214e-12,2.3675822171259417e-12
129660.0,1.2,0.1999260897594395,0.1999260897594395,0.05668412696248151,0.15169479073005518,4,4.4268824717086375e-11,1.0123812899109907e-10,0.0,1.0301659370671692e-12,2.3666600093445285e-12
129720.0,1.2,0.19984460634343687,0.19984460634343687,0.05667551780193332,0.15164125734774384,4,4.404098613575158e-11,1.1380052455933765e-10,0.0,1.0290618713367959e-12,2.365689103814217e-12
129780.0,1.2,0.1997632263880685,0.1997632263880685,0.05666693539493697,0.15158779272779643,4,4.3816165973264987e-11,1.0811618267325684e-10,0.0,1.0280091828133547e-12,2.364672122311256e-12
129840.0,1.2000000000000002,0.1996819496977166,0.1996819496977166,0.056658379291478655,0.15153439665805818,4,4.359430177958146e-11,1.2039436114719138e-10,0.0,1.026976998628226e-12,2.3636115207042785e-12
129900.0,1.2,0.1996007760772322,0.1996007760772322,0.05664984906154731,0.15148106892989108,4,4.3375150693414355e-11,8.930101103032939e-11,0.0,1.0257392600873476e-12,2.3625096033877763e-12
129960.0,1.2000000000000002,0.19951970533193372,0.19951970533193372,0.056641344293911475,0.15142780933801858,4,4.31589278204747e-11,1.0038547770818695e-10,0.0,1.0247720581523499e-12,2.361368525803347e-12
130020.0,1.2,0.1994387372676078,0.1994387372676078,0.05663286459501354,0.1513746176803804,4,4.294521682712826e-11,8.213874025386758e-11,0.0,1.0235940934560098e-12,2.3601903215174513e-12
130080.0,1.2000000000000002,0.19935787169050367,0.19935787169050367,0.05662440958791495,0.15132149375799536,4,4.2734309146919e-11,9.07789399207104e-11,0.0,1.0225088674324493e-12,2.358976896897678e-12
130140.0,1.1999999999999997,0.19927710840733484,0.19927710840733484,0.05661597891133857,0.15126843737483228,4,4.252627416878596e-11,8.554934538551606e-11,0.0,1.0213611053899095e-12,2.3577300399693675e-12
130200.0,1.2,0.19919644722527374,0.19919644722527374,0.05660757221876671,0.15121544833768885,4,4.232026534767286e-11,9.282530299969949e-11,0.0,1.0203079715388963e-12,2.3564514445022836e-12
130260.0,1.2,0.1991158879519538,0.1991158879519538,0.05659918917761711,0.1511625264560766,4,4.2116241050216274e-11,9.669065548223443e-11,0.0,1.0193169781424761e-12,2.355142699972777e-12
130320.0,1.2000000000000002,0.19903543039546437,0.19903543039546437,0.05659082946844917,0.15110967154211294,4,4.1915047821472484e-11,1.6478907127748244e-10,0.0,1.0180719597769326e-12,2.353805305835132e-12
130380.0,1.2,0.19895507436435123,0.19895507436435123,0.0565824927842512,0.15105688341041903,4,4.1715984833157194e-11,1.0788880899781361e-10,0.0,1.0171241419791745e-12,2.3524406730816304e-12
130440.0,1.2,0.19887481966761295,0.19887481966761295,0.05657417882976212,0.151004161878023,4,4.1518948001861844e-11,9.094947017729282e-11,0.0,1.0157819164185382e-12,2.351050145453115e-12
130500.0,1.2,0.1987946661147008,0.1987946661147008,0.0565658873208305,0.150951506764269,4,4.132379854970836e-11,1.0123812899109907e-10,0.0,1.0148809880353995e-12,2.3496349771125583e-12
130560.0,1.2,0.1987146135155154,0.1987146135155154,0.05655761798382731,0.1508989178907303,4,4.113092505475535e-11,1.6552803572267294e-10,0.0,1.0136161169116382e-12,2.348196364449331e-12
130620.0,1.2,0.1986346616804052,0.1986346616804052,0.056549370555108634,0.15084639508112746,4,4.094013322797352e-11,1.7121237760875374e-10,0.0,1.0125036280738791e-12,2.346735432139553e-12
130680.0,1.2000000000000002,0.19855481042016496,0.19855481042016496,0.056541144780473784,0.15079393816125125,4,4.0750673668821236e-11,9.845280146691948e-11,0.0,1.011448719265325e-12,2.345253253493082e-12
130740.0,1.2000000000000002,0.19847505954603378,0.19847505954603378,0.05653294041469774,0.15074154695888828,4,4.0563635783641416e-11,8.36735125631094e-11,0.0,1.010350173648669e-12,2.343750836415433e-12
130800.0,1.2,0.19839540886969348,0.19839540886969348,0.056524757221072953,0.1506892213037515,4,4.0377853838258204e-11,1.1101519703515805e-10,0.0,1.0091899350225743e-12,2.342229140280606e-12
130860.0,1.2,0.19831585820326508,0.19831585820326508,0.05651659497097803,0.15063696102741403,4,4.0193889883077816e-11,7.725020623183809e-11,0.0,1.0080357266357894e-12,2.3406890723535322e-12
130920.0,1.2,0.1982364073593101,0.1982364073593101,0.05650845344348176,0.15058476596324571,4,4.001170228473683e-11,1.2141754268668592e-10,0.0,1.0069589923292834e-12,2.3391314961032374e-12
130980.0,1.1999999999999997,0.19815705615082474,0.19815705615082474,0.05650033242496731,0.15053263594635355,4,3.983125634876572e-11,1.298303686780855e-10,0.0,1.0056993939856187e-12,2.3375572309819856e-12
131040.0,1.2000000000000002,0.1980778043912406,0.1980778043912406,0.05649223170877928,0.15048057081352426,4,3.9652468808437646e-11,9.515588317299262e-11,0.0,1.0048647707063164e-12,2.335967054151605e-12
131100.0,1.2,0.19799865189442264,0.19799865189442264,0.05648415109488661,0.15042857040317037,4,3.94747984300281e-11,1.0965095498249866e-10,0.0,1.0036060168545002e-12,2.334361701472796e-12
131160.0,1.2000000000000002,0.1979195984746665,0.1979195984746665,0.05647609038957101,0.15037663455527828,4,3.929889053067015e-11,1.020907802740112e-10,0.0,1.0025692104105783e-12,2.3327418804918656e-12
131220.0,1.2,0.19784064394669676,0.19784064394669676,0.056468049405136535,0.15032476311135917,4,3.912484919377235e-11,1.1590373105718754e-10,0.0,1.0013476398228389e-12,2.3311082539599833e-12
131280.0,1.2,0.19776178812566403,0.19776178812566403,0.05646002795962058,0.15027295591440182,4,3.8951786240915e-11,1.0550138540565968e-10,0.0,1.0002399820374945e-12,2.329461460818751e-12
131340.0,1.2,0.1976830308271461,0.1976830308271461,0.05645202587653859,0.1502212128088279,4,3.877980575550666e-11,1.1027623258996755e-10,0.0,9.991469590756545e-13,2.3278021065006842e-12
131400.0,1.2,0.19760437186714241,0.19760437186714241,0.056444042984638926,0.1501695336404491,4,3.86099277549512e-11,9.07789399207104e-11,0.0,9.981177198123252e-13,2.3261307664728535e-12
131460.0,1.2,0.19752581106207565,0.19752581106207565,0.0564360791176602,0.15011791825642656,4,3.844078527714956e-11,1.4722445484949276e-10,0.0,9.968616059504473e-13,2.3244479927120544e-12
131520.0,1.2,0.1974473482287874,0.1974473482287874,0.05642813411411633,0.15006636650523147,4,3.8273433033975124e-11,1.538751348562073e-10,0.0,9.95796687330039e-13,2.3227543064595326e-12
131580.0,1.2,0.19736898318453572,0.19736898318453572,0.0564202078170828,0.15001487823660795,4,3.810721876940093e-11,1.20508047984913e-10,0.0,9.946280959002932e-13,2.321050207813797e-12
131640.0,1.2000000000000002,0.1972907157469973,0.1972907157469973,0.056412300074007236,0.1499634533015373,4,3.7941892683246436e-11,8.992628863779828e-11,0.0,9.935916005292212e-13,2.319336176959811e-12
131700.0,1.2,0.19721254573426092,0.19721254573426092,0.056404410736510334,0.14991209155220395,4,3.7778363770613055e-11,1.0675194062059745e-10,0.0,9.92388770757198e-13,2.3176126679841616e-12
131760.0,1.2000000000000002,0.19713447296482972,0.19713447296482972,0.056396539660212616,0.1498607928419626,4,3.761593120321649e-11,1.1198153515579179e-10,0.0,9.913878162533181e-13,2.3158801147786492e-12
131820.0,1.2,0.19705649725761668,0.19705649725761668,0.056388686704572706,0.14980955702530713,4,3.745401905286272e-11,1.7365664461976849e-10,0.0,9.90168726413323e-13,2.314138933837811e-12
131880.0,1.2000000000000002,0.1969786184319436,0.1969786184319436,0.05638085173272122,0.14975838395784036,4,3.7294146937316697e-11,1.1380052455933765e-10,0.0,9.890789329763526e-13,2.3123895232836763e-12
131940.0,1.1999999999999997,0.196900836307541,0.196900836307541,0.05637303461130523,0.14970727349624557,4,3.7135072794569624e-11,1.042508301907219e-10,0.0,9.8787422236767e-13,2.310632262400062e-12
132000.0,1.2,0.19682315070454323,0.19682315070454323,0.056365235210357946,0.14965622549825863,4,3.697721989714964e-11,9.038103598868474e-11,0.0,9.86860422609145e-13,2.3088675143647525e-12
132060.0,1.2,0.19674556144349012,0.19674556144349012,0.05635745340314655,0.1496052398226418,4,3.6819707005530944e-11,1.1169731806148775e-10,0.0,9.85817561361958e-13,2.3070956287897692e-12
132120.0,1.2000000000000002,0.19666806834532408,0.19666806834532408,0.0563496890660575,0.1495543163291581,4,3.666419945425048e-11,9.754330676514655e-11,0.0,9.846280806174253e-13,2.305316936097371e-12
132180.0,1.2,0.19659067123138765,0.19659067123138765,0.056341942078459134,0.14950345487854722,4,3.650953150913239e-11,1.1124257071060129e-10,0.0,9.836166625037897e-13,2.3035317564949634e-12
132240.0,1.2,0.19651336992342328,0.19651336992342328,0.05633421232259877,0.14945265533250177,4,3.635543949220832e-11,1.0487610779819079e-10,0.0,9.823698816744411e-13,2.30174039744558e-12
132300.0,1.2,0.19643616424357116,0.19643616424357116,0.05632649968347867,0.14940191755364512,4,3.6203109954335844e-11,1.0504663805477321e-10,0.0,9.813736642023187e-13,2.299943147710528e-12
132360.0,1.2,0.19635905401436726,0.19635905401436726,0.056318804048758296,0.14935124140550937,4,3.6051203688991507e-11,9.174527804134414e-11,0.0,9.80128456101395e-13,2.2981402924735582e-12
132420.0,1.2,0.19628203905874486,0.19628203905874486,0.056311125308647694,0.14930062675251482,4,3.5900712958003567e-11,1.2386180969770066e-10,0.0,9.79097204287783e-13,2.2963320975284814e-12
132480.0,1.2000000000000002,0.19620511920002873,0.19620511920002873,0.05630346335581952,0.14925007345994984,4,3.5750770399634035e-11,8.969891496235505e-11,0.0,9.780113586596215e-13,2.2945188225024763e-12
132540.0,1.2000000000000002,0.19612829426193637,0.19612829426193637,0.056295818085306044,0.14919958139395165,4,3.560217398668186e-11,9.833911462919787e-11,0.0,9.769257277543122e-13,2.2927007160766406e-12
132600.0,1.2,0.19605156406857596,0.19605156406857596,0.056288189394423496,0.14914915042148758,4,3.545371635160777e-11,9.094947017729282e-11,0.0,9.757747836207478e-13,2.2908780152051327e-12
132660.0,1.2,0.19597492844444567,0.19597492844444567,0.05628057718267271,0.14909878041033758,4,3.530704895116088e-11,8.975575838121586e-11,0.0,9.746755745655358e-13,2.2890509464849824e-12
132720.0,1.2,0.19589838721443278,0.19589838721443278,0.05627298135167883,0.14904847122907658,4,3.516079788434823e-11,9.396217137691565e-11,0.0,9.73535184250736e-13,2.287219733039061e-12
132780.0,1.1999999999999997,0.19582194020380964,0.19582194020380964,0.05626540180510295,0.14899822274705807,4,3.501579581843828e-11,1.0606981959426776e-10,0.0,9.723330390930924e-13,2.285384582714695e-12
132840.0,1.2000000000000002,0.19574558723823637,0.19574558723823637,0.05625783844856896,0.14894803483439809,4,3.487134886404064e-11,9.36211108637508e-11,0.0,9.715249262509733e-13,2.283545697982538e-12
132900.0,1.2,0.19566932814375693,0.19566932814375693,0.05625029118960837,0.14889790736195987,4,3.472771376022976e-11,1.0192025001742877e-10,0.0,9.702636179595463e-13,2.2817032760482375e-12
132960.0,1.2000000000000002,0.1955931627468004,0.1955931627468004,0.05624275993757054,0.14884784020133862,4,3.458536929068501e-11,1.0112444215337746e-10,0.0,9.693160235667281e-13,2.279857499052829e-12
133020.0,1.2,0.19551709087417596,0.19551709087417596,0.05623524460358243,0.1487978332248476,4,3.444393381624167e-11,8.787992555880919e-11,0.0,9.680878435809013e-13,2.278008552400575e-12
133080.0,1.2,0.19544111235307624,0.19544111235307624,0.056227745100473285,0.1487478863055038,4,3.430299794215941e-11,1.0368239600211382e-10,0.0,9.669798789578717e-13,2.276156608962297e-12
133140.0,1.2,0.19536522701107414,0.19536522701107414,0.05622026134272055,0.14869799931701488,4,3.4163213924465197e-11,9.64632818067912e-11,0.0,9.658677746730707e-13,2.274301830542795e-12
133200.0,1.2,0.19528943467612242,0.19528943467612242,0.0562127932464023,0.14864817213376588,4,3.4023568684649064e-11,1.6916601452976465e-10,0.0,9.64889312070314e-13,2.272444382887557e-12
133260.0,1.2,0.19521373517655016,0.19521373517655016,0.056205340729125676,0.14859840463080695,4,3.3884943462236805e-11,1.0840039976756088e-10,0.0,9.636724007990591e-13,2.270584419482427e-12
133320.0,1.2,0.19513812834106775,0.19513812834106775,0.05619790370999687,0.14854869668384116,4,3.374760887409067e-11,9.447376214666292e-11,0.0,9.625740995514084e-13,2.26872208500543e-12
133380.0,1.2,0.1950626139987591,0.1950626139987591,0.056190482109564746,0.14849904816921264,4,3.36107322529422e-11,1.0504663805477321e-10,0.0,9.61512678965314e-13,2.266857528438412e-12
133440.0,1.2000000000000002,0.19498719197908668,0.19498719197908668,0.056183075849764105,0.14844945896389547,4,3.34745217656085e-11,1.0408029993413948e-10,0.0,9.605171723655925e-13,2.264990884520823e-12
133500.0,1.2,0.1949118621118865,0.1949118621118865,0.056175684853877465,0.14839992894548265,4,3.333900516766519e-11,9.538325684843585e-11,0.0,9.592936745661399e-13,2.2631222865371023e-12
133560.0,1.2000000000000002,0.1948366242273694,0.1948366242273694,0.056168309046506826,0.1483504579921754,4,3.3204307359202545e-11,1.0857093002414331e-10,0.0,9.583236596347243e-13,2.261251862611736e-12
133620.0,1.2,0.1947614781561204,0.1947614781561204,0.05616094835351136,0.14830104598277286,4,3.3070685079295004e-11,9.487166607868858e-11,0.0,9.571768250932617e-13,2.2593797375406367e-12
133680.0,1.2000000000000002,0.19468642372909623,0.19468642372909623,0.05615360270197315,0.14825169279666228,4,3.2937721994308333e-11,9.026734915096313e-11,0.0,9.561019093664935e-13,2.2575060296602623e-12
133740.0,1.1999999999999997,0.19461146077762742,0.19461146077762742,0.056146272020170286,0.14820239831380935,4,3.2805189120743705e-11,1.0442136044730432e-10,0.0,9.549371952300638e-13,2.255630855670908e-12
133800.0,1.2,0.19453658913341448,0.19453658913341448,0.05613895623752794,0.14815316241474863,4,3.267351667002316e-11,1.0885514711844735e-10,0.0,9.539680294491778e-13,2.2537543242401185e-12
133860.0,1.2,0.19446180862852971,0.19446180862852971,0.056131655284586295,0.1481039849805747,4,3.25423438196637e-11,1.0447820386616513e-10,0.0,9.529771156738546e-13,2.251876542942732e-12
133920.0,1.2000000000000002,0.19438711909541623,0.19438711909541623,0.056124369092969965,0.14805486589293335,4,3.24121701700264e-11,9.447376214666292e-11,0.0,9.518010548958218e-13,2.249997616663596e-12
133980.0,1.2,0.19431252036688482,0.19431252036688482,0.05611709759535514,0.14800580503401295,4,3.228283612655147e-11,1.0339817890780978e-10,0.0,9.507686233770725e-13,2.248117642682459e-12
134040.0,1.2,0.19423801227611798,0.19423801227611798,0.05610984072543446,0.14795680228653638,4,3.215349514418264e-11,1.1664269550237805e-10,0.0,9.495855648363459e-13,2.246236719563682e-12
134100.0,1.2,0.19416359465666547,0.19416359465666547,0.056102598448998474,0.14790785753339353,3,9.970211670151663e-10,9.15179043659009e-11,0.0,9.48658480075796e-13,2.244143417830076e-12
134160.0,1.2,0.19408926734244433,0.19408926734244433,0.05609537062590088,0.14785897065888845,3,9.93800396142941e-10,9.015366231324151e-11,0.0,9.474374238488138e-13,2.242264110735184e-12
134220.0,1.2,0.1940150301677401,0.1940150301677401,0.05608815724588919,0.14781014154718763,3,9.905961190215251e-10,1.0726353139034472e-10,0.0,9.46435361637597e-13,2.2403822558412872e-12
134280.0,1.2000000000000002,0.19394088296720466,0.19394088296720466,0.056080958240351565,0.14776137008303752,3,9.874078707450273e-10,9.680434231995605e-11,0.0,9.454493661590821e-13,2.2384994790454987e-12
134340.0,1.2000000000000002,0.19386682557585774,0.19386682557585774,0.05607377354628083,0.14771265615170437,3,9.842345272126352e-10,9.413270163349807e-11,0.0,9.44335839917721e-13,2.2366160829627467e-12
134400.0,1.2,0.1937928578290838,0.1937928578290838,0.05606660310241039,0.14766399963895066,3,9.810757137240778e-10,8.998313205665909e-11,0.0,9.432271072475664e-13,2.2347322073269976e-12
134460.0,1.2,0.1937189795626335,0.1937189795626335,0.056059446848580614,0.147615400431024,3,9.77931943757504e-10,1.0265921446261927e-10,0.0,9.421742272946792e-13,2.232847944424311e-12
134520.0,1.2,0.19364519061262275,0.19364519061262275,0.05605230472554458,0.14756685841464962,3,9.748025164846297e-10,1.0533085514907725e-10,0.0,9.410951882115237e-13,2.230963379144097e-12
134580.0,1.1999999999999997,0.19357149081553174,0.19357149081553174,0.05604517667488911,0.14751837347702335,3,9.716875915000145e-10,1.0624034985085018e-10,0.0,9.399420796970208e-13,2.229078586016156e-12
134640.0,1.2000000000000002,0.19349788000820603,0.19349788000820603,0.056038062638993,0.14746994550580472,3,9.685869259423718e-10,8.822098607197404e-11,0.0,9.391369996563693e-13,2.2271936341878242e-12
134700.0,1.2,0.19342435802785474,0.19342435802785474,0.05603096256099793,0.14742157438911122,3,9.655000965391736e-10,9.487166607868858e-11,0.0,9.379172912705644e-13,2.2253085953839327e-12
134760.0,1.2000000000000002,0.19335092471205045,0.19335092471205045,0.056023876384771715,0.14737326001551224,3,9.624272351294039e-10,9.390532795805484e-11,0.0,9.370550650933352e-13,2.223423529229314e-12
134820.0,1.2,0.19327757989872918,0.19327757989872918,0.05601680405489887,0.14732500227402315,3,9.593681959962908e-10,1.00669694802491e-10,0.0,9.358194881805383e-13,2.2215385016833507e-12
134880.0,1.2,0.1932043234261894,0.1932043234261894,0.05600974551665728,0.14727680105409985,3,9.563228264841683e-10,9.475797924096696e-11,0.0,9.347704776859123e-13,2.2196535734569634e-12
134940.0,1.2,0.19313115513309315,0.19313115513309315,0.05600270071599252,0.14722865624563317,3,9.532909669984768e-10,9.777068044058979e-11,0.0,9.337283768625536e-13,2.21776880152718e-12
135000.0,1.2,0.1930580748584637,0.1930580748584637,0.05599566959950713,0.14718056773894367,3,9.502723122278844e-10,1.0146550266654231e-10,0.0,9.327828386422149e-13,2.2158842411124424e-12
135060.0,1.2,0.19298508244168658,0.19298508244168658,0.05598865211444376,0.14713253542477644,3,9.472668274779217e-10,8.958522812463343e-11,0.0,9.316059922411234e-13,2.213999951404968e-12
135120.0,1.2,0.19291217772250915,0.19291217772250915,0.055981648208663894,0.14708455919429608,3,9.442748735710715e-10,1.1283418643870391e-10,0.0,9.305526207973686e-13,2.2121159806492386e-12
135180.0,1.2,0.19283936054103906,0.19283936054103906,0.05597465783063775,0.14703663893908175,3,9.4129559008449e-10,9.703171599539928e-11,0.0,9.295045636383248e-13,2.2102323805779573e-12
135240.0,1.2000000000000002,0.19276663073774547,0.19276663073774547,0.05596768092942273,0.14698877455112241,3,9.383296500908855e-10,9.049472282640636e-11,0.0,9.285472984585895e-13,2.2083492022877246e-12
135300.0,1.2,0.1926939881534594,0.1926939881534594,0.05596071745465238,0.14694096592281222,3,9.353764152120192e-10,1.064108801074326e-10,0.0,9.273787790266443e-13,2.2064664929501694e-12
135360.0,1.2000000000000002,0.19262143262936915,0.19262143262936915,0.05595376735653205,0.14689321294694582,3,9.324353095196969e-10,1.630837687116582e-10,0.0,9.264611922582902e-13,2.204584299193463e-12
135420.0,1.2,0.19254896400702498,0.19254896400702498,0.05594683058579825,0.14684551551671404,3,9.295075681370335e-10,1.1021938917110674e-10,0.0,9.25339571770085e-13,2.2027026654860075e-12
135480.0,1.2000000000000002,0.1924765821283364,0.1924765821283364,0.05593990709373865,0.1467978735256995,3,9.265916436906885e-10,1.0254552762489766e-10,0.0,9.243176739530677e-13,2.20082163638885e-12
135540.0,1.1999999999999997,0.1924042868355718,0.1924042868355718,0.05593299683215521,0.1467502868678725,3,9.236882508867339e-10,1.1232259566895664e-10,0.0,9.232011231688101e-13,2.1989412541138445e-12
135600.0,1.2,0.1923320779713594,0.1923320779713594,0.05592609975336058,0.14670275543758668,3,9.207972717639734e-10,8.805045581539162e-11,0.0,9.22284664013067e-13,2.197061557627815e-12
135660.0,1.2,0.19225995537868498,0.19225995537868498,0.05591921581016966,0.1466552791295751,3,9.179181234553191e-10,1.3727685654885136e-10,0.0,9.212911068596738e-13,2.19518258905907e-12
135720.0,1.2000000000000002,0.1921879189008931,0.1921879189008931,0.055912344955884576,0.1466078578389464,3,9.150514929112674e-10,1.0396661309641786e-10,0.0,9.201673069556953e-13,2.1933043850591557e-12
135780.0,1.2,0.19211596838168615,0.19211596838168615,0.05590548714428023,0.14656049146118072,3,9.121966376701707e-10,8.981260180007666e-11,0.0,9.192685372360227e-13,2.1914269816534418e-12
135840.0,1.2,0.1920441036651245,0.1920441036651245,0.055898642329596175,0.14651317989212603,3,9.093538422266789e-10,9.885070539894514e-11,0.0,9.180622435227617e-13,2.189550419862642e-12
135900.0,1.2,0.19197232459562588,0.19197232459562588,0.05589181046653189,0.14646592302799463,3,9.065223294246749e-10,1.2096279533579946e-10,0.0,9.17173781135266e-13,2.1876747302213018e-12
135960.0,1.2,0.19190063101796334,0.19190063101796334,0.055884991510228445,0.14641872076535936,3,9.037024184532783e-10,1.6899548427318223e-10,0.0,9.160286561180493e-13,2.1857999501965667e-12
136020.0,1.2,0.19182902277726932,0.19182902277726932,0.0558781854162634,0.14637157300114995,3,9.008946505462134e-10,1.1266365618212149e-10,0.0,9.150393343411504e-13,2.183926108693436e-12
136080.0,1.2000000000000002,0.19175749971903067,0.19175749971903067,0.0558713921406371,0.14632447963265002,3,8.980978807859863e-10,1.0578560249996372e-10,0.0,9.140957462024145e-13,2.1820532403145295e-12
136140.0,1.2000000000000002,0.19168606168908936,0.19168606168908936,0.05586461163976756,0.14627744055749325,3,8.953128655120324e-10,1.1658585208351724e-10,0.0,9.131050916191732e-13,2.1801813749566357e-12
136200.0,1.2,0.19161470853364654,0.19161470853364654,0.055857843870476986,0.14623045567366033,3,8.925388692015979e-10,1.6825651982799172e-10,0.0,9.119882350560216e-13,2.178310542358552e-12
136260.0,1.2,0.1915434400992545,0.1915434400992545,0.0558510887899933,0.14618352487947583,3,8.897765163551341e-10,8.873257684172131e-11,0.0,9.109859928503036e-13,2.1764407732409394e-12
136320.0,1.2,0.19147225623282227,0.19147225623282227,0.05584434635593124,0.14613664807360477,3,8.870248840997519e-10,9.413270163349807e-11,0.0,9.09995286174536e-13,2.17457209685704e-12
136380.0,1.1999999999999997,0.1914011567816125,0.1914011567816125,0.055837616526285314,0.1460898251550496,3,8.842842222356317e-10,8.930101103032939e-11,0.0,9.088025498588706e-13,2.172704535698722e-12
136440.0,1.2000000000000002,0.1913301415932427,0.1913301415932427,0.055830899259427,0.14604305602314743,3,8.815548152574237e-10,1.0766143532237038e-10,0.0,9.080711919660581e-13,2.170838120645465e-12
136500.0,1.2,0.1912592105156845,0.1912592105156845,0.0558241945140918,0.1459963405775668,3,8.78836579898401e-10,9.060840966412798e-11,0.0,9.069382123425137e-13,2.168972875486983e-12
136560.0,1.2000000000000002,0.19118836339726086,0.19118836339726086,0.05581750224938053,0.14594967871830486,3,8.761288916581123e-10,1.0840039976756088e-10,0.0,9.060732794715016e-13,2.1671088263282693e-12
136620.0,1.2,0.19111760008664946,0.19111760008664946,0.05581082242473575,0.14590307034568456,3,8.734318268643904e-10,9.566747394273989e-11,0.0,9.049195856572321e-13,2.1652459978209603e-12
136680.0,1.2,0.1910469204328793,0.1910469204328793,0.05580415499995263,0.14585651536035177,3,8.707458157286574e-10,9.850964488578029e-11,0.0,9.039319719222715e-13,2.163384412667028e-12
136740.0,1.2,0.19097632428533162,0.19097632428533162,0.055797499935165217,0.14581001366327268,3,8.680696023111167e-10,9.197265171678737e-11,0.0,9.029027286355356e-13,2.161524093626347e-12
136800.0,1.2,0.19090581149373897,0.19090581149373897,0.055790857190836866,0.14576356515573097,3,8.654047478628968e-10,1.0487610779819079e-10,0.0,9.020178350096049e-13,2.1596650633057634e-12
136860.0,1.2,0.19083538190818622,0.19083538190818622,0.055784226727752684,0.14571716973932533,3,8.627502254276997e-10,9.57811607804615e-11,0.0,9.009137944784618e-13,2.157807343463436e-12
136920.0,1.2,0.19076503537910725,0.19076503537910725,0.055777608507021174,0.14567082731596684,3,8.601055978552097e-10,9.163159120362252e-11,0.0,8.99901568718911e-13,2.155950953574505e-12
136980.0,1.2,0.1906947717572869,0.1906947717572869,0.05577100249006354,0.1456245377878764,3,8.574721488407988e-10,1.0464873412274756e-10,0.0,8.98904930483172e-13,2.1540959152540275e-12
137040.0,1.2000000000000002,0.1906245908938599,0.1906245908938599,0.055764408638607106,0.14557830105758224,3,8.548483171333388e-10,1.468833943363279e-10,0.0,8.979998736614484e-13,2.152242248511502e-12
137100.0,1.2,0.1905544926403093,0.1905544926403093,0.055757826914674125,0.14553211702791755,3,8.52234498249782e-10,9.5042196335271e-11,0.0,8.96823403766502e-13,2.150389972051964e-12
137160.0,1.2000000000000002,0.19048447684846823,0.19048447684846823,0.05575125728059083,0.1454859856020182,3,8.496314346517764e-10,1.0339817890780978e-10,0.0,8.959876827325001e-13,2.148539102320591e-12
137220.0,1.2,0.19041454337051672,0.19041454337051672,0.05574469969897534,0.14543990668331996,3,8.470380577496606e-10,1.1101519703515805e-10,0.0,8.949121575655263e-13,2.1466896623601534e-12
137280.0,1.2000000000000002,0.19034469205898316,0.19034469205898316,0.05573815413271781,0.14539388017555688,3,8.444549504105225e-10,9.180212146020494e-11,0.0,8.939123224156861e-13,2.144841662995964e-12
137340.0,1.1999999999999997,0.19027492276674307,0.19027492276674307,0.05573162054500065,0.14534790598275846,3,8.418815714006378e-10,9.339373718830757e-11,0.0,8.928639740890667e-13,2.1429951259621933e-12
137400.0,1.2,0.1902052353470191,0.1902052353470191,0.055725098899273386,0.14530198400924768,3,8.393175598975233e-10,9.254108590539545e-11,0.0,8.919494281689933e-13,2.1411500657179584e-12
137460.0,1.2,0.19013562965337882,0.19013562965337882,0.05571858915926024,0.14525611415963868,3,8.367638595907501e-10,9.947598300641403e-11,0.0,8.910477937838931e-13,2.1393065002494746e-12
137520.0,1.2000000000000002,0.19006610553973657,0.19006610553973657,0.055712091288948926,0.14521029633883498,3,8.342201512911984e-10,1.0044232112704776e-10,0.0,8.900143274026404e-13,2.1374644424806118e-12
137580.0,1.2,0.18999666286035152,0.18999666286035152,0.0557056052525872,0.14516453045202687,3,8.316854843704036e-10,9.760015018400736e-11,0.0,8.89079506478425e-13,2.1356239097068893e-12
137640.0,1.2,0.18992730146982617,0.18992730146982617,0.05569913101467648,0.1451188164046897,3,8.291610453792231e-10,9.958966984413564e-11,0.0,8.879297043570318e-13,2.133784913583282e-12
137700.0,1.2,0.189858021223108,0.189858021223108,0.05569266853997735,0.14507315410258179,3,8.266459183836616e-10,9.43600753089413e-11,0.0,8.871439076566992e-13,2.131947471869358e-12
137760.0,1.2,0.18978882197548805,0.18978882197548805,0.05568621779348483,0.14502754345174226,3,8.241404017561571e-10,9.5042196335271e-11,0.0,8.85998958398819e-13,2.1301115944482705e-12
137820.0,1.2,0.18971970358259857,0.18971970358259857,0.055679778740452615,0.14498198435848936,3,8.216445024356034e-10,1.0408029993413948e-10,0.0,8.851112255184491e-13,2.128277298388065e-12
137880.0,1.2000000000000002,0.18965066590041543,0.18965066590041543,0.05567335134636263,0.14493647672941823,3,8.191576097993369e-10,1.6825651982799172e-10,0.0,8.842167923957082e-13,2.1264445942766527e-12
137940.0,1.2000000000000002,0.18958170878525477,0.18958170878525477,0.055666935576933876,0.1448910204713992,3,8.166802720199762e-10,1.1124257071060129e-10,0.0,8.832326063913269e-13,2.1246134960429285e-12
138000.0,1.2,0.18951283209377365,0.18951283209377365,0.055660531398118614,0.14484561549157599,3,8.142117258191917e-10,1.0913936421275139e-10,0.0,8.821613445529348e-13,2.122784015424585e-12
138060.0,1.2,0.18944403568297033,0.18944403568297033,0.05565413877609275,0.1448002616973637,3,8.117528940698726e-10,1.1084466677857563e-10,0.0,8.812300269569893e-13,2.1209561618663704e-12
138120.0,1.2,0.18937531941018218,0.18937531941018218,0.05564775767726392,0.14475495899644703,3,8.093033257439153e-10,9.521272659185342e-11,0.0,8.802568898621301e-13,2.119129949749647e-12
138180.0,1.1999999999999997,0.18930668313308532,0.18930668313308532,0.05564138806825232,0.14470970729677854,3,8.068627016522001e-10,1.1448264558566734e-10,0.0,8.791168572069922e-13,2.1173053910677065e-12
138240.0,1.2000000000000002,0.18923812670969395,0.18923812670969395,0.05563502991590266,0.14466450650657686,3,8.044310495503026e-10,1.716102815407794e-10,0.0,8.784270530565061e-13,2.115482492041774e-12
138300.0,1.2,0.18916964999835942,0.18916964999835942,0.05562868318726503,0.14461935653432528,3,8.020086678106608e-10,9.833911462919787e-11,0.0,8.773770574625625e-13,2.1136612658356022e-12
138360.0,1.2000000000000002,0.18910125285777155,0.18910125285777155,0.05562234784960384,0.14457425728876938,3,7.99595022138444e-10,9.441691872780211e-11,0.0,8.765076905858297e-13,2.1118417256385857e-12
138420.0,1.2,0.1890329351469547,0.1890329351469547,0.055616023870389796,0.1445292086789161,3,7.971904109060901e-10,9.902123565552756e-11,0.0,8.754500975298658e-13,2.1100238756610738e-12
138480.0,1.2,0.18896469672526933,0.18896469672526933,0.05560971121729956,0.14448421061403166,3,7.947949798303711e-10,9.623590813134797e-11,0.0,8.744785706446393e-13,2.108207729086671e-12
138540.0,1.2,0.18889653745241156,0.18889653745241156,0.055603409858207636,0.14443926300363996,3,7.92407708893883e-10,9.328005035058595e-11,0.0,8.735201685349306e-13,2.1063932951616027e-12
138600.0,1.2,0.1888284571884101,0.1888284571884101,0.055597119761188286,0.14439436575752118,3,7.900298332197409e-10,1.0737721822806634e-10,0.0,8.726022759876826e-13,2.1045805786851702e-12
138660.0,1.2,0.18876045579362838,0.18876045579362838,0.055590840894507616,0.1443495187857101,3,7.876598887013309e-10,8.941469786805101e-11,0.0,8.715916790724893e-13,2.102769594744321e-12
138720.0,1.2,0.18869253312876205,0.18869253312876205,0.055584573226628735,0.1443047219984945,3,7.852993463841607e-10,9.623590813134797e-11,0.0,8.706429837485979e-13,2.1009603460381455e-12
138780.0,1.2,0.18862468905483779,0.18862468905483779,0.0555783167261983,0.14425997530641377,3,7.829473389064923e-10,1.0254552762489766e-10,0.0,8.697009278924635e-13,2.0991528433654864e-12
138840.0,1.2000000000000002,0.18855692343321515,0.18855692343321515,0.05557207136205266,0.14421527862025726,3,7.806039079016891e-10,1.00669694802491e-10,0.0,8.687843624340856e-13,2.097347094728489e-12
138900.0,1.2,0.18848923612558283,0.18848923612558283,0.0555658371032106,0.14417063185106296,3,7.782689770419182e-10,9.464429240324534e-11,0.0,8.677254984051843e-13,2.0955431067462528e-12
138960.0,1.2000000000000002,0.18842162699396056,0.18842162699396056,0.05555961391887838,0.14412603491011589,3,7.759423381603625e-10,1.6137846614583395e-10,0.0,8.668771178285109e-13,2.0937408890140726e-12
139020.0,1.2,0.1883540959006953,0.1883540959006953,0.05555340177842791,0.14408148770894666,3,7.736242826905659e-10,9.737277650856413e-11,0.0,8.659067846244654e-13,2.091940446462772e-12
139080.0,1.2000000000000002,0.1882866427084626,0.1882866427084626,0.055547200651419264,0.14403699015933027,3,7.713145330767723e-10,9.259792932425626e-11,0.0,8.649322279023866e-13,2.0901417877355615e-12
139140.0,1.1999999999999997,0.18821926728026686,0.18821926728026686,0.05554101050758334,0.1439925421732844,3,7.690134223858891e-10,9.987388693843968e-11,0.0,8.639049692138462e-13,2.0883449170858037e-12
139200.0,1.2,0.18815196947943785,0.18815196947943785,0.055534831316815386,0.14394814366306832,3,7.667203608119344e-10,1.6433432392659597e-10,0.0,8.630556497011508e-13,2.086549841046571e-12
139260.0,1.2,0.18808474916963108,0.18808474916963108,0.05552866304918817,0.14390379454118127,3,7.644358618330571e-10,1.6149215298355557e-10,0.0,8.621916691069296e-13,2.0847565697408997e-12
139320.0,1.2000000000000002,0.18801760621482852,0.18801760621482852,0.0555225056749404,0.14385949472036139,3,7.621593911544267e-10,1.0948042472591624e-10,0.0,8.612117373255258e-13,2.082965106100318e-12
139380.0,1.2,0.18795054047933385,0.18795054047933385,0.055516359164471986,0.14381524411358404,3,7.598909626538308e-10,9.492850949754938e-11,0.0,8.603634251467629e-13,2.0811754568787556e-12
139440.0,1.2,0.18788355182777708,0.18788355182777708,0.05551022348834347,0.14377104263406087,3,7.576310204204795e-10,1.5484147297684103e-10,0.0,8.592312770978145e-13,2.079387627414836e-12
139500.0,1.2,0.1878166401251093,0.1878166401251093,0.05550409861728364,0.14372689019523835,3,7.553787595426797e-10,9.640643838793039e-11,0.0,8.584564407920612e-13,2.0776016235046142e-12
139560.0,1.2,0.18774980523660395,0.18774980523660395,0.05549798452216995,0.14368278671079635,3,7.531348600320342e-10,1.7200818547280505e-10,0.0,8.574020937781094e-13,2.075817450833302e-12
139620.0,1.2,0.18768304702785418,0.18768304702785418,0.05549188117404321,0.14363873209464723,3,7.508989124938026e-10,1.0254552762489766e-10,0.0,8.565102424117917e-13,2.0740351130901254e-12
139680.0,1.2000000000000002,0.18761636536477597,0.18761636536477597,0.055485788544094444,0.14359472626093425,3,7.486712291782105e-10,9.072209650184959e-11,0.0,8.556512059488836e-13,2.072254617560891e-12
139740.0,1.2000000000000002,0.18754976011360258,0.18754976011360258,0.0554797066036684,0.14355076912403064,3,7.464511508903371e-10,1.0800249583553523e-10,0.0,8.547127622647528e-13,2.0704759661084094e-12
139800.0,1.2,0.18748323114088655,0.18748323114088655,0.05547363532425934,0.14350686059853818,3,7.442389968193019e-10,1.1971224012086168e-10,0.0,8.537402106814185e-13,2.0686991662145294e-12
139860.0,1.2,0.1874167783134981,0.1874167783134981,0.05546757467751022,0.14346300059928602,3,7.420347322706355e-10,1.1669953892123885e-10,0.0,8.52794965110963e-13,2.066924219879374e-12
139920.0,1.2,0.18735040149862403,0.18735040149862403,0.0554615246352143,0.14341918904132966,3,7.398383849999135e-10,9.640643838793039e-11,0.0,8.519079420442029e-13,2.0651511341381136e-12
139980.0,1.1999999999999997,0.1872841005637683,0.1872841005637683,0.055455485169302904,0.1433754258399496,3,7.376499203126663e-10,8.827782949083485e-11,0.0,8.507939374409847e-13,2.0633799113837824e-12
140040.0,1.2000000000000002,0.187217875376749,0.187217875376749,0.055449456251858625,0.14333171091065036,3,7.35468824730745e-10,1.6711965145077556e-10,0.0,8.501727702760388e-13,2.0616105540425008e-12
140100.0,1.2,0.18715172580569842,0.18715172580569842,0.0554434378550949,0.14328804416915913,3,7.332960003103572e-10,9.168843462248333e-11,0.0,8.491050786815194e-13,2.0598430682081084e-12
140160.0,1.2000000000000002,0.18708565171906333,0.18708565171906333,0.05543742995137393,0.14324442553142488,3,7.311302951951149e-10,9.805489753489383e-11,0.0,8.483381803450312e-13,2.058077458531842e-12
140220.0,1.2,0.18701965298560266,0.18701965298560266,0.05543143251319245,0.14320085491361706,3,7.289726530745888e-10,1.645048541831784e-10,0.0,8.472670809252068e-13,2.056313726624222e-12
140280.0,1.2,0.18695372947438674,0.18695372947438674,0.055425445513182285,0.1431573322321246,3,7.26822574348418e-10,1.6694912119419314e-10,0.0,8.464051249514878e-13,2.0545518749899513e-12
140340.0,1.2,0.18688788105479848,0.18688788105479848,0.05541946892411413,0.1431138574035548,3,7.246795594162414e-10,1.6859758034115657e-10,0.0,8.454791862265155e-13,2.05279191085528e-12
140400.0,1.2,0.18682210759652898,0.18682210759652898,0.05541350271888763,0.14307043034473235,3,7.225445380898421e-10,9.026734915096313e-11,0.0,8.446505129301512e-13,2.051033832480647e-12
140460.0,1.2,0.1867564089695788,0.1867564089695788,0.05540754687053441,0.143027050972698,3,7.204170870966919e-10,1.0589928933768533e-10,0.0,8.436685014711037e-13,2.0492776459177055e-12
140520.0,1.2,0.186690785044258,0.186690785044258,0.055401601352224425,0.14298371920470787,3,7.182970329644434e-10,9.634959496906959e-11,0.0,8.427194277352431e-13,2.0475233547043075e-12
140580.0,1.2,0.18662523569118397,0.18662523569118397,0.05539566613724485,0.14294043495823217,3,7.161840703817646e-10,1.1868905858136714e-10,0.0,8.417855360061708e-13,2.0457709594260965e-12
140640.0,1.2000000000000002,0.18655976078127962,0.18655976078127962,0.05538974119901815,0.1428971981509542,3,7.14078747521274e-10,1.0197709343628958e-10,0.0,8.410027922243384e-13,2.0440204634157833e-12
140700.0,1.2,0.1864943601857745,0.1864943601857745,0.055383826511087794,0.14285400870076947,3,7.119807313160642e-10,8.770939530222677e-11,0.0,8.39974742195267e-13,2.0422718698257532e-12
140760.0,1.2000000000000002,0.18642903377620246,0.18642903377620246,0.05537792204712983,0.1428108665257844,3,7.098901952384828e-10,1.1652900866465643e-10,0.0,8.391402607939834e-13,2.040525180944815e-12
140820.0,1.2,0.18636378142440221,0.18636378142440221,0.05537202778093333,0.1427677715443158,3,7.078067784660469e-10,9.310952009400353e-11,0.0,8.381919144476662e-13,2.038780397974862e-12
140880.0,1.2000000000000002,0.1862986030025146,0.1862986030025146,0.05536614368641826,0.14272472367488948,3,7.057307585545125e-10,1.6046897144406103e-10,0.0,8.372806963082843e-13,2.03703752495419e-12
140940.0,1.1999999999999997,0.1862334983829832,0.1862334983829832,0.05536026973761475,0.14268172283623945,3,7.03662038359365e-10,1.0078338164021261e-10,0.0,8.363046240325047e-13,2.035296562650423e-12
141000.0,1.2,0.18616846743855345,0.18616846743855345,0.05535440590868503,0.14263876894730693,3,7.015997505188665e-10,9.453060556552373e-11,0.0,8.355263523728755e-13,2.033557514355739e-12
141060.0,1.2,0.18610351004227071,0.18610351004227071,0.055348552173899904,0.14259586192723936,3,6.99545470161933e-10,9.163159120362252e-11,0.0,8.346727938837956e-13,2.0318203798219847e-12
141120.0,1.2000000000000002,0.18603862606747934,0.18603862606747934,0.05534270850765115,0.14255300169538962,3,6.974980037988132e-10,1.1624479157035239e-10,0.0,8.337148824179215e-13,2.0300851637475454e-12
141180.0,1.2,0.18597381538782373,0.18597381538782373,0.055336874884448266,0.14251018817131483,3,6.954577053130961e-10,9.299583325628191e-11,0.0,8.32890231045749e-13,2.0283518653904403e-12
141240.0,1.2,0.18590907787724545,0.18590907787724545,0.05533105127891143,0.14246742127477569,3,6.934246232770391e-10,1.67290181707358e-10,0.0,8.319012756105999e-13,2.0266204868798322e-12
141300.0,1.2,0.18584441340998228,0.18584441340998228,0.05532523766577244,0.1424247009257354,3,6.913985634016129e-10,1.113562575483229e-10,0.0,8.311154977567504e-13,2.024891030812241e-12
141360.0,1.2,0.18577982186056932,0.18577982186056932,0.05531943401988359,0.14238202704435887,3,6.893790954753953e-10,9.07789399207104e-11,0.0,8.301325266093736e-13,2.023163498794052e-12
141420.0,1.2,0.18571530310383605,0.18571530310383605,0.055313640316201694,0.1423393995510117,3,6.873667537932171e-10,1.659259396546986e-10,0.0,8.292386781511246e-13,2.021437891209076e-12
141480.0,1.2000000000000002,0.18565085701490636,0.18565085701490636,0.05530785652979166,0.14229681836625946,3,6.853615383550782e-10,1.028297447192017e-10,0.0,8.284196819944244e-13,2.0197142086735636e-12
141540.0,1.2000000000000002,0.18558648346919898,0.18558648346919898,0.05530208263583277,0.14225428341086666,3,6.833630744607078e-10,1.6217427400988527e-10,0.0,8.27550602473619e-13,2.0179924535424973e-12
141600.0,1.2,0.18552218234242265,0.18552218234242265,0.05529631860961146,0.14221179460579592,3,6.813714106823632e-10,1.0186340659856796e-10,0.0,8.266056584468927e-13,2.0162726274470775e-12
141660.0,1.2,0.1854579535105794,0.1854579535105794,0.055290564426517926,0.14216935187220722,3,6.793870951926628e-10,1.6581225281697698e-10,0.0,8.257279131437622e-13,2.014554729525382e-12
141720.0,1.2,0.1853937968499617,0.1853937968499617,0.05528482006204912,0.1421269551314569,3,6.774090038907943e-10,1.0658141036401503e-10,0.0,8.248300846894522e-13,2.0128387625377125e-12
141780.0,1.1999999999999997,0.1853297122371519,0.1853297122371519,0.05527908549180964,0.14208460430509692,3,6.754378376050418e-10,1.014086592476815e-10,0.0,8.238065338876384e-13,2.011124726749594e-12
141840.0,1.2000000000000002,0.18526569954902128,0.18526569954902128,0.055273360691509205,0.142042299314874,3,6.734736865410262e-10,9.708855941426009e-11,0.0,8.232619924994746e-13,2.0094126221659895e-12
141900.0,1.2,0.18520175866272912,0.18520175866272912,0.05526764563695307,0.14200004008272865,3,6.715158082370998e-10,1.0760459190350957e-10,0.0,8.22250240019583e-13,2.007702451873937e-12
141960.0,1.2000000000000002,0.18513788945572188,0.18513788945572188,0.05526194030405104,0.14195782653079467,3,6.695649173993345e-10,1.0572875908110291e-10,0.0,8.214999473405094e-13,2.0059942130411704e-12
142020.0,1.2,0.1850740918057333,0.1850740918057333,0.055256244668816616,0.14191565858139804,3,6.676204519773243e-10,8.486722435918637e-11,0.0,8.204733611961291e-13,2.0042879098027653e-12
142080.0,1.2,0.185010365590781,0.185010365590781,0.055250558707364984,0.14187353615705628,3,6.656831613716108e-10,8.481038094032556e-11,0.0,8.195774595300159e-13,2.0025835398442704e-12
142140.0,1.2,0.1849467106891684,0.1849467106891684,0.055244882395906976,0.14183145918047751,3,6.637519006646997e-10,1.0408029993413948e-10,0.0,8.187035684385535e-13,2.000881106038484e-12
142200.0,1.2,0.18488312697948228,0.18488312697948228,0.055239215710749794,0.14178942757455987,3,6.618273776237693e-10,1.0169287634198554e-10,0.0,8.179334128368668e-13,1.9991806066284744e-12
142260.0,1.2,0.1848196143405914,0.1848196143405914,0.05523355862830464,0.14174744126239056,3,6.599092730597e-10,1.0680878403945826e-10,0.0,8.169999924816297e-13,1.9974820450660664e-12
142320.0,1.2,0.18475617265164854,0.18475617265164854,0.05522791112507025,0.1417055001672451,3,6.579981282062164e-10,1.177795638795942e-10,0.0,8.161066939595216e-13,1.9957854161375406e-12
142380.0,1.2,0.18469280179208541,0.18469280179208541,0.05522227317765064,0.1416636042125866,3,6.560932699906097e-10,1.0675194062059745e-10,0.0,8.152496914344781e-13,1.9940907259235016e-12
142440.0,1.2000000000000002,0.1846295016416159,0.1846295016416159,0.055216644762736494,0.14162175332206509,3,6.54194906579697e-10,1.1294787327642553e-10,0.0,8.14471800727917e-13,1.992397971875406e-12
142500.0,1.2,0.1845662720802311,0.1845662720802311,0.05521102585712137,0.14157994741951646,3,6.52302850623343e-10,8.560618880437687e-11,0.0,8.135138659686369e-13,1.9907071537781867e-12
142560.0,1.2000000000000002,0.1845031129882016,0.1845031129882016,0.055205416437681606,0.14153818642896196,3,6.504171368160172e-10,1.0908252079389058e-10,0.0,8.127270274177793e-13,1.9890182731877706e-12
142620.0,1.2,0.1844400242460763,0.1844400242460763,0.055199816481393375,0.14149647027460754,3,6.485381051635208e-10,9.981704351957887e-11,0.0,8.118302406022362e-13,1.987331327018774e-12
142680.0,1.2000000000000002,0.1843770057346793,0.1843770057346793,0.05519422596532228,0.14145479888084284,3,6.46665249126599e-10,1.0601297617540695e-10,0.0,8.109427715726294e-13,1.9856463194145445e-12
142740.0,1.1999999999999997,0.1843140573351117,0.1843140573351117,0.05518864486662798,0.1414131721722407,3,6.447985062552064e-10,1.0805933925439604e-10,0.0,8.100442635861375e-13,1.983963248963085e-12
142800.0,1.2,0.18425117892875,0.18425117892875,0.055183073162552165,0.14137159007355615,3,6.429381887995689e-10,1.7104184735217132e-10,0.0,8.092538827434944e-13,1.982282112549233e-12
142860.0,1.2,0.18418837039724362,0.18418837039724362,0.05517751083043173,0.14133005250972608,3,6.410847200322145e-10,1.0976464182022028e-10,0.0,8.084808919107749e-13,1.980602913102035e-12
142920.0,1.2000000000000002,0.18412563162251558,0.18412563162251558,0.05517195784769266,0.14128855940586826,3,6.392365733964844e-10,1.0169287634198554e-10,0.0,8.075641989739384e-13,1.9789256498480777e-12
142980.0,1.2,0.18406296248676135,0.18406296248676135,0.05516641419184854,0.1412471106872807,3,6.373955113714302e-10,1.5211298887152225e-10,0.0,8.067425295812567e-13,1.977250321397697e-12
143040.0,1.2,0.18400036287244886,0.18400036287244886,0.055160879840498986,0.14120570627944093,3,6.355598963780906e-10,1.7206502889166586e-10,0.0,8.058069783028826e-13,1.975576929460676e-12
143100.0,1.2,0.1839378326623153,0.1839378326623153,0.05515535477132973,0.14116434610800527,3,6.337312966064879e-10,1.0089706847793423e-10,0.0,8.05042178278763e-13,1.9739054708895915e-12
143160.0,1.2,0.18387537173936855,0.18387537173936855,0.055149838962111404,0.14112303009880828,3,6.319080605998728e-10,9.237055564881302e-11,0.0,8.040730667079857e-13,1.9722359476787767e-12
143220.0,1.2,0.18381297998688573,0.18381297998688573,0.05514433239070616,0.14108175817786195,3,6.300912291923311e-10,1.0322764865122736e-10,0.0,8.033254381592894e-13,1.9705683577313284e-12
143280.0,1.2000000000000002,0.1837506572884119,0.1837506572884119,0.055138835035050834,0.14104053027135505,3,6.282803721724406e-10,9.00399754755199e-11,0.0,8.024920831000673e-13,1.9689027019389475e-12
143340.0,1.2000000000000002,0.18368840352775875,0.18368840352775875,0.055133346873177724,0.14099934630565253,3,6.264759128127295e-10,9.680434231995605e-11,0.0,8.016441766500862e-13,1.9672389774098104e-12
143400.0,1.2,0.18362621858900546,0.18362621858900546,0.05512786788318729,0.1409582062072947,3,6.246772127349587e-10,1.0624034985085018e-10,0.0,8.007769576371494e-13,1.965577186010864e-12
143460.0,1.2,0.18356410235649548,0.18356410235649548,0.0551223980432734,0.14091710990299672,3,6.228846327616111e-10,1.4125589586910792e-10,0.0,7.999105737986986e-13,1.9639173267660347e-12
143520.0,1.2,0.18350205471483924,0.18350205471483924,0.05511693733171611,0.14087605731964792,3,6.210980896259599e-10,1.0936673788819462e-10,0.0,7.990881556288915e-13,1.9622593970498517e-12
143580.0,1.1999999999999997,0.18344007554890882,0.18344007554890882,0.05511148572686297,0.14083504838431096,3,6.193173959778697e-10,1.67290181707358e-10,0.0,7.981355442599267e-13,1.9606033980054784e-12
143640.0,1.2000000000000002,0.18337816474384078,0.18337816474384078,0.05510604320715447,0.14079408302422142,3,6.175429126398235e-10,1.2329337550909258e-10,0.0,7.975386439536448e-13,1.9589493271960408e-12
143700.0,1.2,0.18331632218503358,0.18331632218503358,0.05510060975110021,0.14075316116678707,3,6.157740012335822e-10,8.731149137020111e-11,0.0,7.96554762457608e-13,1.9572971870972904e-12
143760.0,1.2000000000000002,0.18325454775814737,0.18325454775814737,0.055095185337298645,0.14071228273958725,3,6.140115291208836e-10,9.760015018400736e-11,0.0,7.958766242801462e-13,1.9556469721307212e-12
143820.0,1.2,0.18319284134910244,0.18319284134910244,0.05508976994442286,0.14067144767037223,3,6.122542334230374e-10,9.811174095375463e-11,0.0,7.948992518087925e-13,1.9539986871717357e-12
143880.0,1.2,0.18313120284407935,0.18313120284407935,0.05508436355122685,0.14063065588706244,3,6.105033145686889e-10,9.691802915767767e-11,0.0,7.940745019690399e-13,1.9523523257286205e-12
143940.0,1.2,0.18306963212951743,0.18306963212951743,0.05507896613654044,0.140589907317748,3,6.08757912134994e-10,9.271161616197787e-11,0.0,7.932862380734902e-13,1.9507078909239823e-12
144000.0,1.2,0.18300812909211478,0.18300812909211478,0.05507357767926763,0.14054920189068815,3,6.070184840889503e-10,1.6893864085432142e-10,0.0,7.924616324410968e-13,1.9490653795665585e-12
144060.0,1.2,0.1829466936188257,0.1829466936188257,0.05506819815839511,0.14050853953431058,3,6.052847806303774e-10,1.730313670122996e-10,0.0,7.916204942078807e-13,1.947424791619953e-12
144120.0,1.2,0.1828853255968621,0.1828853255968621,0.05506282755298077,0.14046792017721066,3,6.035565797146702e-10,1.2084910849807784e-10,0.0,7.907780875428261e-13,1.9457861251320194e-12
144180.0,1.2,0.18282402491369107,0.18282402491369107,0.05505746584216036,0.14042734374815108,3,6.018346654368401e-10,9.606537787476555e-11,0.0,7.899469157110256e-13,1.944149378269726e-12
144240.0,1.2000000000000002,0.18276279145703447,0.18276279145703447,0.05505211300514232,0.14038681017606114,3,6.001180941073159e-10,9.907807907438837e-11,0.0,7.891588584915151e-13,1.942514553139901e-12
144300.0,1.2,0.18270162511486943,0.18270162511486943,0.055046769021215004,0.14034631939003614,3,5.984071640985356e-10,1.042508301907219e-10,0.0,7.882553563987662e-13,1.9408816467671765e-12
144360.0,1.2000000000000002,0.18264052577542483,0.18264052577542483,0.055041433869736,0.14030587131933672,3,5.967024235831175e-10,9.532641342957504e-11,0.0,7.875198222100072e-13,1.9392506568139397e-12
144420.0,1.2,0.1825794933271835,0.1825794933271835,0.05503610753013933,0.1402654658933884,3,5.950026374379469e-10,1.0516032489249483e-10,0.0,7.866678368728685e-13,1.9376215849378606e-12
144480.0,1.2000000000000002,0.18251852765887935,0.18251852765887935,0.05503078998192488,0.14022510304178093,3,5.93308867313791e-10,1.1112888387287967e-10,0.0,7.858325330025931e-13,1.9359944265059007e-12
144540.0,1.1999999999999997,0.18245762865949627,0.18245762865949627,0.05502548120467575,0.1401847826942677,3,5.916207107548033e-10,9.180212146020494e-11,0.0,7.849104156667624e-13,1.934369183936736e-12
144600.0,1.2,0.18239679621827062,0.18239679621827062,0.05502018117804031,0.14014450478076526,3,5.899379595941667e-10,9.026734915096313e-11,0.0,7.841918589828817e-13,1.9327458521738115e-12
144660.0,1.2,0.18233603022468628,0.18233603022468628,0.055014889881739554,0.14010426923135258,3,5.882607734264411e-10,1.1687006917782128e-10,0.0,7.834454366091023e-13,1.931124434271905e-12
144720.0,1.2000000000000002,0.1822753305684761,0.1822753305684761,0.05500960729556688,0.14006407597627057,3,5.86589110618263e-10,1.0629719326971099e-10,0.0,7.825531509266409e-13,1.9295049255624095e-12
144780.0,1.2,0.1822146971396205,0.1822146971396205,0.05500433339938401,0.14002392494592153,3,5.849231099475105e-10,1.0930989446933381e-10,0.0,7.818152086232129e-13,1.9278873248202702e-12
144840.0,1.2,0.18215412982834836,0.18215412982834836,0.054999068173122376,0.1399838160708686,3,5.832624730417457e-10,1.1044676284654997e-10,0.0,7.809151332022522e-13,1.9262716327295656e-12
144900.0,1.2,0.18209362852513294,0.18209362852513294,0.054993811596783536,0.13994374928183514,3,5.816072692899077e-10,8.350298230652697e-11,0.0,7.80237477621812e-13,1.924657845518352e-12
144960.0,1.2,0.18203319312069371,0.18203319312069371,0.05498856365044515,0.1399037245097042,3,5.799573668530122e-10,1.0226131053059362e-10,0.0,7.792694729113385e-13,1.9230459637449764e-12
145020.0,1.2,0.18197282350599592,0.18197282350599592,0.05498332431424063,0.13986374168551802,3,5.783136192150096e-10,9.544010026729666e-11,0.0,7.785484740197127e-13,1.921435984716966e-12
145080.0,1.2000000000000002,0.18191251957224708,0.18191251957224708,0.054978093568381514,0.1398238007404773,3,5.766743124691054e-10,1.0692247087717988e-10,0.0,7.777385893964261e-13,1.9198279088098604e-12
145140.0,1.2000000000000002,0.18185228121089875,0.18185228121089875,0.054972871393146265,0.139783901605941,3,5.750409176608073e-10,1.0089706847793423e-10,0.0,7.769688092420932e-13,1.91822173261154e-12
145200.0,1.2,0.18179210831364523,0.18179210831364523,0.054967657768875064,0.13974404421342534,3,5.734125396728018e-10,1.0601297617540695e-10,0.0,7.761022418092511e-13,1.916617455922654e-12
145260.0,1.2,0.1817320007724214,0.1817320007724214,0.05496245267598139,0.13970422849460373,3,5.717899487223121e-10,1.0987832865794189e-10,0.0,7.753038865749261e-13,1.9150150754634316e-12
145320.0,1.2,0.18167195847940404,0.18167195847940404,0.05495725609494195,0.13966445438130592,3,5.701725688811443e-10,1.0220446711173281e-10,0.0,7.745203158771789e-13,1.913414591754169e-12
145380.0,1.1999999999999997,0.18161198132700995,0.18161198132700995,0.054952068006300994,0.13962472180551758,3,5.685603793326166e-10,9.532641342957504e-11,0.0,7.735749388048584e-13,1.911816002520947e-12
145440.0,1.2000000000000002,0.1815520692078951,0.1815520692078951,0.05494688839066572,0.13958503069937972,3,5.669533245655778e-10,9.561063052387908e-11,0.0,7.730138180173015e-13,1.9102193056023427e-12
145500.0,1.2,0.1814922220149539,0.1814922220149539,0.054941717228711114,0.1395453809951883,3,5.653516682579962e-10,1.0612666301312856e-10,0.0,7.721305356597947e-13,1.9086244993994158e-12
145560.0,1.2000000000000002,0.18143243964131975,0.18143243964131975,0.05493655450117872,0.13950577262539351,3,5.637554312265536e-10,1.0743406164692715e-10,0.0,7.714128645488604e-13,1.907031583477069e-12
145620.0,1.2,0.1813727219803615,0.1813727219803615,0.05493140018887,0.13946620552259945,3,5.621644191822206e-10,9.396217137691565e-11,0.0,7.705175159952618e-13,1.9054405544488257e-12
145680.0,1.2,0.18131306892568627,0.18131306892568627,0.05492625427265701,0.13942667961956345,3,5.605784447748619e-10,8.952838470577262e-11,0.0,7.696847193425102e-13,1.90385141354553e-12
145740.0,1.2,0.18125348037113598,0.18125348037113598,0.05492111673346752,0.1393871948491957,3,5.589976953546127e-10,9.839595804805867e-11,0.0,7.689342746210225e-13,1.9022641569331997e-12
145800.0,1.2,0.18119395621078746,0.18119395621078746,0.0549159875522994,0.13934775114455858,3,5.574219558157623e-10,1.3602630133391358e-10,0.0,7.682340849995701e-13,1.9006787825033517e-12
145860.0,1.2,0.18113449633895312,0.18113449633895312,0.05491086671021064,0.13930834843886628,3,5.55851323302825e-10,1.5353407434304245e-10,0.0,7.673798609543519e-13,1.89909528930721e-12
145920.0,1.2,0.18107510065017665,0.18107510065017665,0.05490575418831774,0.13926898666548432,3,5.542859990437243e-10,1.6694912119419314e-10,0.0,7.665593685139504e-13,1.897513676300872e-12
145980.0,1.2,0.1810157690392364,0.1810157690392364,0.054900649967813527,0.13922966575792894,3,5.52725920588415e-10,9.231371222995222e-11,0.0,7.657689779304284e-13,1.8959339416149104e-12
146040.0,1.2000000000000002,0.18095650140114208,0.18095650140114208,0.05489555402993491,0.1391903856498667,3,5.511707479310957e-10,9.805489753489383e-11,0.0,7.65040335837003e-13,1.894356082786808e-12
146100.0,1.2,0.18089729763113488,0.18089729763113488,0.054890466355989764,0.13915114627511388,3,5.496204116828274e-10,1.6251533452305011e-10,0.0,7.641652006658994e-13,1.892780098302824e-12
146160.0,1.2000000000000002,0.18083815762468738,0.18083815762468738,0.05488538692734955,0.1391119475676361,3,5.48075064499276e-10,1.6916601452976465e-10,0.0,7.63446390295651e-13,1.891205987195985e-12
146220.0,1.2,0.180779081277501,0.180779081277501,0.05488031572543705,0.1390727894615478,3,5.465348312805318e-10,9.896439223666675e-11,0.0,7.626357153906247e-13,1.8896337465364167e-12
146280.0,1.2000000000000002,0.18072006848550745,0.18072006848550745,0.05487525273174496,0.1390336718911117,3,5.449999687656693e-10,1.0453504728502594e-10,0.0,7.618565678989281e-13,1.8880633743546023e-12
146340.0,1.1999999999999997,0.1806611191448665,0.1806611191448665,0.05487019792782204,0.13899459479073845,3,5.434696997985711e-10,9.060840966412798e-11,0.0,7.610119945235944e-13,1.8864948712767174e-12
146400.0,1.2,0.1806022331519657,0.1806022331519657,0.054865151295277574,0.1389555580949859,3,5.419448848020814e-10,1.1289102985756472e-10,0.0,7.603270652594779e-13,1.884928231412409e-12
146460.0,1.2,0.18054341040342042,0.18054341040342042,0.05486011281577959,0.13891656173855893,3,5.404245176365841e-10,8.878942026058212e-11,0.0,7.595954606683195e-13,1.883363457065375e-12
146520.0,1.2000000000000002,0.1804846507960716,0.1804846507960716,0.05485508247105455,0.13887760565630874,3,5.389092228025305e-10,1.0521716831135564e-10,0.0,7.587440898535841e-13,1.881800543195604e-12
146580.0,1.2,0.1804259542269869,0.1804259542269869,0.05485006024288773,0.1388386897832325,3,5.373987088663768e-10,1.0146550266654231e-10,0.0,7.580684783754039e-13,1.880239489884987e-12
146640.0,1.2,0.1803673205934585,0.1803673205934585,0.05484504611312741,0.1387998140544729,3,5.358934268562265e-10,1.0589928933768533e-10,0.0,7.570809764487923e-13,1.878680294959693e-12
146700.0,1.2,0.18030874979300354,0.18030874979300354,0.05484004006367095,0.1387609784053176,3,5.343928424772493e-10,9.731593308970332e-11,0.0,7.565305115474701e-13,1.877122955533689e-12
146760.0,1.2,0.18025024172336265,0.18025024172336265,0.05483504207648321,0.13872218277119863,3,5.328971153240047e-10,1.1789325071731582e-10,0.0,7.555840629784713e-13,1.8755674709543295e-12
146820.0,1.2,0.18019179628249907,0.18019179628249907,0.054830052133581636,0.13868342708769243,3,5.314061274352966e-10,1.0436451702844352e-10,0.0,7.548814125145489e-13,1.8740138406674036e-12
146880.0,1.2000000000000002,0.18013341336859964,0.18013341336859964,0.05482507021703997,0.13864471129051875,3,5.299200384056846e-10,1.0754774848464876e-10,0.0,7.541126752695323e-13,1.872462058182852e-12
146940.0,1.2000000000000002,0.18007509288007142,0.18007509288007142,0.05482009630899068,0.13860603531554078,3,5.284387649684419e-10,1.573994268255774e-10,0.0,7.534071423524904e-13,1.8709121253974003e-12
147000.0,1.2,0.18001683471554397,0.18001683471554397,0.0548151303916245,0.1385673990987641,3,5.269622099790539e-10,1.1368683772161603e-10,0.0,7.525567166147658e-13,1.8693640399692997e-12
147060.0,1.2,0.17995863877386667,0.17995863877386667,0.05481017244718427,0.13852880257633685,3,5.254902346596424e-10,1.0379608283983544e-10,0.0,7.518142380263888e-13,1.8678177994318977e-12
147120.0,1.2,0.17990050495410864,0.17990050495410864,0.054805222457969115,0.13849024568454876,3,5.240226794156477e-10,1.0800249583553523e-10,0.0,7.510946236101153e-13,1.866273401112574e-12
147180.0,1.1999999999999997,0.17984243315555762,0.17984243315555762,0.05480028040634099,0.138451728359831,3,5.225607307979274e-10,1.0874146028072573e-10,0.0,7.501413191564414e-13,1.8647308438904985e-12
147240.0,1.2000000000000002,0.17978442327772096,0.17978442327772096,0.054795346274705094,0.13841325053875578,3,5.211032577667751e-10,1.5637624528608285e-10,0.0,7.496504502227386e-13,1.8631901246281754e-12
147300.0,1.2,0.17972647522032226,0.17972647522032226,0.05479042004553237,0.1383748121580356,3,5.196502048110396e-10,1.156195139628835e-10,0.0,7.487827750825597e-13,1.861651243579549e-12
147360.0,1.2000000000000002,0.1796685888833038,0.1796685888833038,0.05478550170134259,0.13833641315452308,3,5.182021547978088e-10,1.1283418643870391e-10,0.0,7.481238003902548e-13,1.8601141951512242e-12
147420.0,1.2,0.17961076416682278,0.17961076416682278,0.054780591224712925,0.13829805346521049,3,5.167583652654351e-10,8.668621376273222e-11,0.0,7.472390742650894e-13,1.858578981982734e-12
147480.0,1.2,0.17955300097125407,0.17955300097125407,0.05477568859827409,0.13825973302722913,3,5.153193149975976e-10,9.794121069717221e-11,0.0,7.464848699878653e-13,1.857045599848013e-12
147540.0,1.2,0.17949529919718576,0.17949529919718576,0.05477079380470754,0.13822145177784922,3,5.138850178720844e-10,1.1186784831807017e-10,0.0,7.456898310992871e-13,1.855514045448265e-12
147600.0,1.2,0.17943765874542236,0.17943765874542236,0.054765906826751615,0.1381832096544792,3,5.124552310276087e-10,9.265477274311706e-11,0.0,7.450507015419034e-13,1.8539843184046408e-12
147660.0,1.2,0.1793800795169813,0.1793800795169813,0.05476102764720197,0.1381450065946653,3,5.11030134875412e-10,8.998313205665909e-11,0.0,7.441912938668062e-13,1.852456416085879e-12
147720.0,1.2,0.17932256141309302,0.17932256141309302,0.05475615624889827,0.1381068425360913,3,5.096094449208444e-10,9.07789399207104e-11,0.0,7.434294857748146e-13,1.850930336916201e-12
147780.0,1.2,0.17926510433520113,0.17926510433520113,0.05475129261474077,0.13806871741657795,3,5.081933623918289e-10,1.0271605788148008e-10,0.0,7.426757971288971e-13,1.8494060786564284e-12
147840.0,1.2000000000000002,0.17920770818496132,0.17920770818496132,0.05474643672767698,0.13803063117408268,3,5.067820885162888e-10,1.0595613275654614e-10,0.0,7.419945194238163e-13,1.8478836384304543e-12
147900.0,1.2,0.17915037286424054,0.17915037286424054,0.05474158857070918,0.13799258374669907,3,5.053746657268654e-10,9.310952009400353e-11,0.0,7.411586819227841e-13,1.8463630159495927e-12
147960.0,1.2000000000000002,0.17909309827511613,0.17909309827511613,0.05473674812689153,0.13795457507265643,3,5.03972155674326e-10,1.0834355634870008e-10,0.0,7.404963000404489e-13,1.844844207360009e-12
148020.0,1.2,0.17903588431987655,0.17903588431987655,0.05473191537932951,0.13791660509031947,3,5.025743710085351e-10,1.0044232112704776e-10,0.0,7.397373375556436e-13,1.843327210524269e-12
148080.0,1.2000000000000002,0.1789787309010191,0.1789787309010191,0.05472709031118191,0.13787867373818782,3,5.011810896848878e-10,1.169837560155429e-10,0.0,7.389553692324744e-13,1.8418120255664492e-12
148140.0,1.1999999999999997,0.17892163792124985,0.17892163792124985,0.05472227290565686,0.13784078095489563,3,4.997917218974024e-10,1.0368239600211382e-10,0.0,7.381665412129818e-13,1.8402986484325377e-12
148200.0,1.2,0.17886460528348377,0.17886460528348377,0.05471746314601394,0.13780292667921118,3,4.984071350078167e-10,1.064108801074326e-10,0.0,7.374948417564686e-13,1.838787077507878e-12
148260.0,1.2,0.17880763289084325,0.17880763289084325,0.054712661015560604,0.1377651108500365,3,4.970268502324515e-10,9.845280146691948e-11,0.0,7.368182024038069e-13,1.837277310636837e-12
148320.0,1.2000000000000002,0.17875072064665753,0.17875072064665753,0.05470786649766216,0.13772733340640692,3,4.956508120601555e-10,9.526957001071423e-11,0.0,7.359829269091352e-13,1.835769347195721e-12
148380.0,1.2,0.17869386845446342,0.17869386845446342,0.0547030795757256,0.1376895942874906,3,4.942795825413349e-10,1.5921841622912325e-10,0.0,7.35317008452487e-13,1.8342631809707493e-12
148440.0,1.2,0.17863707621800262,0.17863707621800262,0.05469830023321275,0.13765189343258832,3,4.929125094199627e-10,9.134737410931848e-11,0.0,7.344572043659704e-13,1.8327588147776443e-12
148500.0,1.2,0.17858034384122146,0.17858034384122146,0.05469352845363954,0.13761423078113283,3,4.915497175961292e-10,1.049329512170516e-10,0.0,7.33831142832897e-13,1.8312562442770167e-12
148560.0,1.2,0.1785236712282731,0.1785236712282731,0.054688764220561306,0.1375766062726887,3,4.901911584975771e-10,1.1885958883794956e-10,0.0,7.329593443363309e-13,1.8297554674480642e-12
148620.0,1.2,0.1784670582835132,0.1784670582835132,0.05468400751758697,0.13753901984695177,3,4.888371374356382e-10,9.458744898438454e-11,0.0,7.322942377607626e-13,1.828256481217811e-12
148680.0,1.2000000000000002,0.17841050491150146,0.17841050491150146,0.054679258328378756,0.1375014714437488,3,4.874873560378745e-10,1.5711520973127335e-10,0.0,7.315966015201297e-13,1.8267592849575996e-12
148740.0,1.2000000000000002,0.17835401101700052,0.17835401101700052,0.05467451663664215,0.1374639610030371,3,4.861418420598618e-10,1.227817847393453e-10,0.0,7.308505128773314e-13,1.825263875558058e-12
148800.0,1.2,0.1782975765049747,0.1782975765049747,0.05466978242613545,0.13742648846490407,3,4.848007412183719e-10,1.0828671292983927e-10,0.0,7.301011898392241e-13,1.82377025165103e-12
148860.0,1.2,0.1782412012805912,0.1782412012805912,0.05466505568065894,0.13738905376956684,3,4.834637967743305e-10,9.742961992742494e-11,0.0,7.293579844965784e-13,1.822278409567142e-12
148920.0,1.2,0.17818488524921888,0.17818488524921888,0.05466033638407119,0.13735165685737205,3,4.821309254610107e-10,1.2096279533579946e-10,0.0,7.286457955946369e-13,1.820788348981312e-12
148980.0,1.1999999999999997,0.17812862831642495,0.17812862831642495,0.05465562452027028,0.13731429766879516,3,4.808026130009857e-10,8.964207154349424e-11,0.0,7.277412429692752e-13,1.8193000674037264e-12
149040.0,1.2000000000000002,0.1780724303879788,0.1780724303879788,0.05465092007320181,0.13727697614444032,3,4.794783875494701e-10,8.316192179336213e-11,0.0,7.273041805329973e-13,1.8178135627945578e-12
149100.0,1.2,0.17801629136984842,0.17801629136984842,0.05464622302686445,0.1372396922250399,3,4.781582005342067e-10,1.0442136044730432e-10,0.0,7.264792428636886e-13,1.8163288313793812e-12
149160.0,1.2000000000000002,0.17796021116820063,0.17796021116820063,0.054641533365303,0.13720244585145397,3,4.768423988998904e-10,9.657696864451282e-11,0.0,7.258586252113672e-13,1.8148458715063168e-12
149220.0,1.2,0.1779041896894009,0.1779041896894009,0.05463685107260171,0.1371652369646703,3,4.755307397852349e-10,9.174527804134414e-11,0.0,7.25009771778551e-13,1.8133646827013901e-12
149280.0,1.2,0.17784822684001256,0.17784822684001256,0.054632176132904546,0.1371280655058035,3,4.742228623677569e-10,1.0845724318642169e-10,0.0,7.242925049140908e-13,1.8118852624574167e-12
149340.0,1.2,0.17779232252679555,0.17779232252679555,0.054627508530392936,0.13709093141609502,3,4.729196409480885e-10,1.0930989446933381e-10,0.0,7.235825301562734e-13,1.8104076061446667e-12
149400.0,1.2,0.17773647665670717,0.17773647665670717,0.0546228482492939,0.13705383463691267,3,4.716202844923245e-10,9.936229616869241e-11,0.0,7.229324133110145e-13,1.808931713606803e-12
149460.0,1.2,0.17768068913690066,0.17768068913690066,0.05461819527388653,0.1370167751097501,3,4.703251330062663e-10,9.100631359615363e-11,0.0,7.221262619854429e-13,1.8074575826331854e-12
149520.0,1.2,0.1776249598747246,0.1776249598747246,0.054613549588490545,0.13697975277622676,3,4.690340685287175e-10,9.350742402602918e-11,0.0,7.213825312706116e-13,1.8059852102500996e-12
149580.0,1.2,0.1775692887777225,0.1775692887777225,0.0546089111774757,0.1369427675780872,3,4.677471118763599e-10,9.981704351957887e-11,0.0,7.20674206956492e-13,1.8045145952568928e-12
149640.0,1.2000000000000002,0.17751367575363264,0.17751367575363264,0.0546042800252549,0.13690581945720082,3,4.664638883489225e-10,9.066525308298878e-11,0.0,7.200093112921276e-13,1.8030457346583442e-12
149700.0,1.2,0.17745812071038702,0.17745812071038702,0.054599656116287025,0.1368689083555616,3,4.6518499469128116e-10,9.669065548223443e-11,0.0,7.191963625271543e-13,1.801578626680565e-12
149760.0,1.2000000000000002,0.17740262355611097,0.17740262355611097,0.05459503943507651,0.13683203421528756,3,4.639099659975443e-10,9.060840966412798e-11,0.0,7.185501346219144e-13,1.8001132688767547e-12
149820.0,1.2,0.1773471841991222,0.1773471841991222,0.05459042996617035,0.13679519697862066,3,4.626391353346193e-10,1.715534381219186e-10,0.0,7.178085318656048e-13,1.7986496585945588e-12
149880.0,1.2000000000000002,0.17729180254793203,0.17729180254793203,0.054585827694164236,0.13675839658792618,3,4.6137225984121955e-10,1.0595613275654614e-10,0.0,7.171224328489883e-13,1.7971877942900448e-12
149940.0,1.1999999999999997,0.1772364785112428,0.1772364785112428,0.0545812326036967,0.13672163298569245,3,4.6010940196739014e-10,1.0118128557223827e-10,0.0,7.163012060310215e-13,1.7957276737087318e-12
150000.0,1.2,0.17718121199794748,0.17718121199794748,0.05457664467944912,0.1366849061145306,3,4.588504298741469e-10,8.43556335894391e-11,0.0,7.15659756238637e-13,1.794269295149523e-12
150060.0,1.2,0.17712600291712982,0.17712600291712982,0.054572063906147904,0.136648215917174,3,4.575956696895034e-10,1.2107648217352107e-10,0.0,7.150308831914534e-13,1.792812654485614e-12
150120.0,1.2000000000000002,0.17707085117806437,0.17707085117806437,0.05456749026856415,0.1366115623364781,3,4.563443581351301e-10,9.612222129362635e-11,0.0,7.142357852223271e-13,1.7913577527683518e-12
150180.0,1.2,0.17701575669021472,0.17701575669021472,0.054562923751513205,0.13657494531542,3,4.550971891004174e-10,1.0868461686186492e-10,0.0,7.13625082725928e-13,1.7899045849560703e-12
150240.0,1.2,0.1769607193632342,0.1769607193632342,0.0545583643398529,0.13653836479709805,3,4.538539960519117e-10,9.407585821463726e-11,0.0,7.127842860587478e-13,1.7884531489440085e-12
150300.0,1.2,0.17690573910696392,0.17690573910696392,0.054553812018485255,0.1365018207247316,3,4.5261453612832625e-10,8.941469786805101e-11,0.0,7.122047751271149e-13,1.7870034433110701e-12
150360.0,1.2,0.1768508158314335,0.1768508158314335,0.05454926677235429,0.13646531304166065,3,4.513794407690064e-10,9.703171599539928e-11,0.0,7.11353868909951e-13,1.785555465702272e-12
150420.0,1.2,0.17679594944686033,0.17679594944686033,0.05454472858644559,0.1364288416913454,3,4.5014813404575804e-10,9.487166607868858e-11,0.0,7.10721702175152e-13,1.7841092141125281e-12
150480.0,1.2000000000000002,0.1767411398636477,0.1767411398636477,0.054540197445794976,0.1363924066173659,3,4.4892012329711406e-10,1.0157918950426392e-10,0.0,7.100824214223872e-13,1.7826646873891625e-12
150540.0,1.2000000000000002,0.17668638699238676,0.17668638699238676,0.05453567333547165,0.13635600776342202,3,4.47696595073932e-10,1.0044232112704776e-10,0.0,7.093837693774923e-13,1.7812218807647197e-12
150600.0,1.2,0.17663169074385354,0.17663169074385354,0.054531156240592765,0.13631964507333255,3,4.4647643915318724e-10,1.0334133548894897e-10,0.0,7.0858627854029e-13,1.7797807939273525e-12
150660.0,1.2,0.17657705102901047,0.17657705102901047,0.05452664614631791,0.13628331849103548,3,4.452601898297104e-10,9.424638847121969e-11,0.0,7.079441428629765e-13,1.7783414229922072e-12
150720.0,1.2,0.17652246775900388,0.17652246775900388,0.05452214303784638,0.13624702796058713,3,4.440479997591673e-10,9.805489753489383e-11,0.0,7.07204513693434e-13,1.7769037681391956e-12
150780.0,1.1999999999999997,0.1764679408451654,0.1764679408451654,0.054517646900419055,0.13621077342616217,3,4.428394456690299e-10,9.134737410931848e-11,0.0,7.064079723801656e-13,1.7754678254685747e-12
150840.0,1.2000000000000002,0.17641347019900988,0.17641347019900988,0.05451315771931986,0.13617455483205312,3,4.416347287872213e-10,1.1721112969098613e-10,0.0,7.059830426320659e-13,1.7740335919317703e-12
150900.0,1.2,0.17635905573223642,0.17635905573223642,0.05450867547987811,0.13613837212267005,3,4.404334674745769e-10,9.106315701501444e-11,0.0,7.051233272722506e-13,1.7726010678600683e-12
150960.0,1.2000000000000002,0.1763046973567268,0.1763046973567268,0.05450420016745727,0.1361022252425402,3,4.3923642500942606e-10,1.5910472939140163e-10,0.0,7.045609054420868e-13,1.7711702487486431e-12
151020.0,1.2,0.1762503949845451,0.1762503949845451,0.054499731767468175,0.1360661141363079,3,4.38042865869015e-10,1.1755219020415097e-10,0.0,7.036993465150618e-13,1.769741132909219e-12
151080.0,1.2,0.17619614852793672,0.17619614852793672,0.0544952702653564,0.1360300387487338,3,4.368530120979486e-10,9.413270163349807e-11,0.0,7.03057339374998e-13,1.7683137196395197e-12
151140.0,1.2,0.17614195789933063,0.17614195789933063,0.05449081564661427,0.13599399902469494,3,4.356669192073781e-10,1.7149659470305778e-10,0.0,7.023425289060848e-13,1.7668880039611587e-12
151200.0,1.2,0.1760878230113333,0.1760878230113333,0.05448636789677422,0.13595799490918425,3,4.3448460107509135e-10,1.6791545931482688e-10,0.0,7.017438362780866e-13,1.765463985827814e-12
151260.0,1.2,0.1760337437767349,0.1760337437767349,0.054481927001405354,0.13592202634731018,3,4.333057038174992e-10,9.00399754755199e-11,0.0,7.00989382973176e-13,1.7640416632000714e-12
151320.0,1.2,0.17597972010850363,0.17597972010850363,0.05447749294612324,0.1358860932842964,3,4.3213083805726527e-10,8.702727427589707e-11,0.0,7.00266725167523e-13,1.7626210312753207e-12
151380.0,1.2,0.17592575191978815,0.17592575191978815,0.054473065716575,0.13585019566548176,3,4.3095975399420894e-10,1.1090151019743644e-10,0.0,6.996071372233643e-13,1.761202089276839e-12
151440.0,1.2000000000000002,0.1758718391239163,0.1758718391239163,0.054468645298459774,0.13581433343631946,3,4.2979189651681793e-10,9.703171599539928e-11,0.0,6.989616443309643e-13,1.7597848369444783e-12
151500.0,1.2,0.175817981634393,0.175817981634393,0.05446423167750473,0.1357785065423771,3,4.286275917531057e-10,1.1834799806820229e-10,0.0,6.981711063637095e-13,1.758369268863514e-12
151560.0,1.2000000000000002,0.17576417936490266,0.17576417936490266,0.054459824839482404,0.13574271492933626,3,4.2746711031993456e-10,9.396217137691565e-11,0.0,6.976296424580014e-13,1.7569553855517614e-12
151620.0,1.2,0.1757104322293075,0.1757104322293075,0.05445542477020525,0.1357069585429922,3,4.263103134394264e-10,9.089262675843202e-11,0.0,6.968714490791122e-13,1.75554318175621e-12
151680.0,1.2000000000000002,0.17565674014164523,0.17565674014164523,0.05445103145552618,0.13567123732925346,3,4.2515711784485433e-10,9.964651326299645e-11,0.0,6.961944376672284e-13,1.754132657810627e-12
151740.0,1.1999999999999997,0.1756031030161315,0.1756031030161315,0.05444664488133442,0.13563555123414162,3,4.240073570027647e-10,1.035118657455314e-10,0.0,6.954356189662659e-13,1.7527238100166879e-12
151800.0,1.2,0.17554952076715766,0.17554952076715766,0.05444226503355784,0.13559990020379106,3,4.2286121826329293e-10,1.4512124835164286e-10,0.0,6.948187807749551e-13,1.7513166370037546e-12
151860.0,1.2,0.1754959933092905,0.1754959933092905,0.05443789189816674,0.1355642841844485,3,4.217185073374097e-10,1.609237187949475e-10,0.0,6.942260838696741e-13,1.7499111356620414e-12
151920.0,1.2000000000000002,0.17544252055727236,0.17544252055727236,0.05443352546116472,0.13552870312247273,3,4.205796128031736e-10,1.1891643225681037e-10,0.0,6.934779911469226e-13,1.748507304759463e-12
151980.0,1.2,0.1753891024260201,0.1753891024260201,0.054429165708601145,0.13549315696433434,3,4.194441252658443e-10,1.6058265828178264e-10,0.0,6.92877735954895e-13,1.747105140981093e-12
152040.0,1.2,0.1753357388306256,0.1753357388306256,0.05442481262656102,0.1354576456566155,3,4.183121626866182e-10,1.1044676284654997e-10,0.0,6.92079259171342e-13,1.7457046426758787e-12
152100.0,1.2,0.1752824296863531,0.1752824296863531,0.05442046620116514,0.13542216914600927,3,4.1718369037102576e-10,1.5126033758861013e-10,0.0,6.915224874744528e-13,1.7443058079086313e-12
152160.0,1.2,0.17522917490864173,0.17522917490864173,0.054416126418575905,0.13538672737931984,3,4.160588679136268e-10,9.85664883046411e-11,0.0,6.906937684383093e-13,1.7429086336721356e-12
152220.0,1.2,0.17517597441310265,0.17517597441310265,0.05441179326499206,0.13535132030346192,3,4.149373900030895e-10,9.07789399207104e-11,0.0,6.901244043261098e-13,1.7415131190569065e-12
152280.0,1.2000000000000002,0.17512282811551932,0.17512282811551932,0.05440746672664924,0.13531594786546033,3,4.138194995007005e-10,8.93578544491902e-11,0.0,6.894614422262057e-13,1.7401192598033775e-12
152340.0,1.2000000000000002,0.1750697359318472,0.1750697359318472,0.054403146789821506,0.13528061001244998,3,4.1270481476729515e-10,1.6399326341343112e-10,0.0,6.888092219863804e-13,1.7387270558598498e-12
152400.0,1.2,0.17501669777821433,0.17501669777821433,0.0543988334408243,0.13524530669167534,3,4.1159380764765885e-10,1.0373923942097463e-10,0.0,6.880713626921813e-13,1.737336503362149e-12
152460.0,1.2,0.17496371357091833,0.17496371357091833,0.054394526666005284,0.13521003785049027,3,4.104858952747037e-10,9.731593308970332e-11,0.0,6.874424168001642e-13,1.735947600224953e-12
152520.0,1.2,0.1749107832264283,0.1749107832264283,0.05439022645175328,0.1351748034363576,3,4.093817923545018e-10,9.731593308970332e-11,0.0,6.867749838486062e-13,1.7345603450193073e-12
152580.0,1.1999999999999997,0.17485790666138354,0.17485790666138354,0.05438593278449093,0.135139603396849,3,4.0828098540890423e-10,8.793676897767e-11,0.0,6.859542089227168e-13,1.7331747343537712e-12
152640.0,1.2000000000000002,0.17480508379259324,0.17480508379259324,0.05438164565067773,0.13510443767964458,3,4.0718352994906226e-10,1.0373923942097463e-10,0.0,6.855338736930813e-13,1.7317907680633222e-12
152700.0,1.2,0.174752314537035,0.174752314537035,0.05437736503681546,0.1350693062325326,3,4.060894676083393e-10,9.237055564881302e-11,0.0,6.847614175499098e-13,1.7304084414247592e-12
152760.0,1.2000000000000002,0.17469959881185557,0.17469959881185557,0.054373090929436686,0.13503420900340915,3,4.0499876369226584e-10,9.157474778476171e-11,0.0,6.84210110697838e-13,1.729027753968657e-12
152820.0,1.2,0.17464693653437058,0.17464693653437058,0.05436882331511347,0.13499914594027795,3,4.039115222842504e-10,9.907807907438837e-11,0.0,6.834049520948807e-13,1.7276487024243435e-12
152880.0,1.2,0.17459432762206395,0.17459432762206395,0.05436456218045303,0.13496411699124994,3,4.0282754909526375e-10,9.498535291641019e-11,0.0,6.827508868055381e-13,1.7262712850146212e-12
152940.0,1.2,0.1745417719925859,0.1745417719925859,0.054360307512102496,0.1349291221045431,3,4.0174689269756314e-10,1.1442580216680653e-10,0.0,6.820517475049402e-13,1.7248954998229125e-12
153000.0,1.2,0.17448926956375424,0.17448926956375424,0.054356059296741345,0.1348941612284821,3,4.00669740441284e-10,1.1505107977427542e-10,0.0,6.815435175721923e-13,1.723521344146405e-12
153060.0,1.2,0.17443682025355323,0.17443682025355323,0.054351817521084006,0.1348592343114979,3,3.995956968094738e-10,9.498535291641019e-11,0.0,6.808126935218948e-13,1.7221488155461564e-12
153120.0,1.2,0.17438442398013362,0.17438442398013362,0.05434758217188261,0.13482434130212764,3,3.985249560911619e-10,1.0049916454590857e-10,0.0,6.801381590461071e-13,1.720777912609756e-12
153180.0,1.2,0.1743320806618122,0.1743320806618122,0.054343353235927296,0.1347894821490144,3,3.9745776114763487e-10,9.799805411603302e-11,0.0,6.794795297314864e-13,1.7194086318961323e-12
153240.0,1.2000000000000002,0.17427979021707177,0.17427979021707177,0.05433913070004315,0.1347546568009067,3,3.963934666617597e-10,1.0231815394945443e-10,0.0,6.788763287706264e-13,1.7180409726099513e-12
153300.0,1.2,0.1742275525645579,0.1742275525645579,0.05433491455108442,0.13471986520665843,3,3.953326138672608e-10,1.1317524695186876e-10,0.0,6.781170395428617e-13,1.7166749312154293e-12
153360.0,1.2000000000000002,0.17417536762308228,0.17417536762308228,0.054330704775950804,0.13468510731522826,3,3.9427527909197124e-10,8.782308213994838e-11,0.0,6.775198965616405e-13,1.7153105053327678e-12
153420.0,1.2,0.17412323531162016,0.17412323531162016,0.054326501361570814,0.1346503830756798,3,3.9322060191304686e-10,1.5785417417646386e-10,0.0,6.768225993459447e-13,1.71394769480108e-12
153480.0,1.2000000000000002,0.1740711555493106,0.1740711555493106,0.05432230429490725,0.1346156924371809,3,3.9216957459231594e-10,1.0192025001742877e-10,0.0,6.761955107854227e-13,1.7125864962984088e-12
153540.0,1.1999999999999997,0.1740191282554555,0.1740191282554555,0.05431811356296266,0.1345810353490036,3,3.911217183460991e-10,9.805489753489383e-11,0.0,6.754666560867276e-13,1.7112269067046288e-12
153600.0,1.2,0.1739671533495204,0.1739671533495204,0.05431392915277069,0.1345464117605238,3,3.9007718583006223e-10,1.1004885891452432e-10,0.0,6.748958806058797e-13,1.7098689242131776e-12
153660.0,1.2,0.17391523075113222,0.17391523075113222,0.05430975105140064,0.13451182162122094,3,3.890357688773882e-10,1.6126477930811234e-10,0.0,6.743054819127427e-13,1.7085125456406505e-12
153720.0,1.2000000000000002,0.17386336038008088,0.17386336038008088,0.0543055792459587,0.13447726488067785,3,3.879974883047588e-10,1.014086592476815e-10,0.0,6.736217158366211e-13,1.70715777232129e-12
153780.0,1.2,0.17381154215631706,0.17381154215631706,0.05430141372358293,0.13444274148858026,3,3.8696208737309945e-10,9.475797924096696e-11,0.0,6.730146204300279e-13,1.7058045983730146e-12
153840.0,1.2,0.17375977599995304,0.17375977599995304,0.05429725447144342,0.13440825139471685,3,3.859305514053446e-10,9.760015018400736e-11,0.0,6.72262789539122e-13,1.7044530228263687e-12
153900.0,1.2,0.17370806183126056,0.17370806183126056,0.05429310147674769,0.1343737945489785,3,3.849017632395757e-10,8.787992555880919e-11,0.0,6.717194848190612e-13,1.703103043902914e-12
153960.0,1.2,0.17365639957067375,0.17365639957067375,0.05428895472673874,0.1343393709013585,3,3.838759587981855e-10,1.1732481652870774e-10,0.0,6.709709831911545e-13,1.701754658930857e-12
154020.0,1.2,0.1736047891387853,0.1736047891387853,0.054284814208693924,0.13430498040195202,3,3.8285388054282166e-10,9.657696864451282e-11,0.0,6.703421145908938e-13,1.7004078654340327e-12
154080.0,1.2000000000000002,0.1735532304563476,0.1735532304563476,0.05428067990991899,0.13427062300095582,3,3.8183411293912783e-10,1.5302248357329518e-10,0.0,6.697888195407366e-13,1.6990626627494557e-12
154140.0,1.2000000000000002,0.17350172344427237,0.17350172344427237,0.0542765518177565,0.13423629864866815,3,3.808180853992482e-10,1.0373923942097463e-10,0.0,6.691356809054383e-13,1.6977190460066867e-12
154200.0,1.2,0.17345026802362942,0.17345026802362942,0.05427242991958593,0.13420200729548828,3,3.798047085168399e-10,1.0589928933768533e-10,0.0,6.684288886621621e-13,1.696377015356686e-12
154260.0,1.2,0.17339886411564776,0.17339886411564776,0.054268314202813535,0.13416774889191643,3,3.78794912103686e-10,1.0476242096046917e-10,0.0,6.677923552607617e-13,1.6950365670961661e-12
154320.0,1.2,0.17334751164171358,0.17334751164171358,0.0542642046548855,0.1341335233885533,3,3.7778787043141193e-10,1.0248868420603685e-10,0.0,6.671724167171058e-13,1.693697699748196e-12
154380.0,1.1999999999999997,0.17329621052337157,0.17329621052337157,0.054260101263276544,0.1340993307361,3,3.7678401371143977e-10,1.0032863428932615e-10,0.0,6.66405367608753e-13,1.6923604116865387e-12
154440.0,1.2000000000000002,0.17324496068232115,0.17324496068232115,0.0542560040154974,0.1340651708853577,3,3.757832101047853e-10,1.5910472939140163e-10,0.0,6.659959171760062e-13,1.691024698668171e-12
154500.0,1.2,0.1731937620404205,0.1731937620404205,0.05425191289908647,0.1340310437872272,3,3.747854249169791e-10,8.020606401260011e-11,0.0,6.652561850919607e-13,1.6896905595842576e-12
154560.0,1.2000000000000002,0.17314261451968374,0.17314261451968374,0.05424782790162135,0.133996949392709,3,3.7379070672027837e-10,1.7126922102761455e-10,0.0,6.647087076758435e-13,1.6883579938698339e-12
154620.0,1.2,0.17309151804228104,0.17309151804228104,0.05424374901071361,0.13396288765290285,3,3.7279900000353194e-10,1.0538769856793806e-10,0.0,6.639909880722729e-13,1.687026997668584e-12
154680.0,1.2,0.17304047253053653,0.17304047253053653,0.054239676213999395,0.13392885851900735,3,3.718102561944825e-10,1.6353851606254466e-10,0.0,6.633353043147263e-13,1.6856975690738565e-12
154740.0,1.2,0.17298947790693223,0.17298947790693223,0.054235609499154,0.13389486194232003,3,3.7082441284308487e-10,1.063540366885718e-10,0.0,6.627020277550082e-13,1.6843697062501378e-12
154800.0,1.2,0.17293853409410156,0.17293853409410156,0.05423154885388252,0.1338608978742367,3,3.698418724051855e-10,1.0300027497578412e-10,0.0,6.621535904388035e-13,1.6830434052009046e-12
154860.0,1.2,0.1728876410148348,0.1728876410148348,0.05422749426592199,0.1338269662662516,3,3.688621144637416e-10,9.981704351957887e-11,0.0,6.614550713780813e-13,1.6817186661689344e-12
154920.0,1.2,0.17283679859207568,0.17283679859207568,0.05422344572304373,0.13379306706995675,3,3.6788555535238743e-10,8.964207154349424e-11,0.0,6.607806783567958e-13,1.6803954853107326e-12
154980.0,1.2,0.17278600674891947,0.17278600674891947,0.05421940321304915,0.13375920023704208,3,3.669116399596106e-10,8.731149137020111e-11,0.0,6.601479398747574e-13,1.679073861538143e-12
155040.0,1.2000000000000002,0.17273526540861786,0.17273526540861786,0.054215366723771675,0.1337253657192948,3,3.6594111074705893e-10,9.066525308298878e-11,0.0,6.596064566990496e-13,1.677753791181379e-12
155100.0,1.2,0.1726845744945727,0.1726845744945727,0.05421133624307945,0.13369156346859934,3,3.6497294075843456e-10,9.237055564881302e-11,0.0,6.589092083995066e-13,1.6764352747197915e-12
155160.0,1.2000000000000002,0.17263393393033918,0.17263393393033918,0.05420731175886823,0.1336577934369371,3,3.640079973554755e-10,1.3869794202037156e-10,0.0,6.583577018594175e-13,1.6751183069276672e-12
155220.0,1.2,0.17258334363962508,0.17258334363962508,0.054203293259065505,0.13362405557638618,3,3.6304637768269643e-10,1.1823431123048067e-10,0.0,6.576501570273676e-13,1.6738028879191569e-12
155280.0,1.2000000000000002,0.17253280354628878,0.17253280354628878,0.054199280731633874,0.13359034983912116,3,3.620869923337544e-10,9.549694368615746e-11,0.0,6.5705884925612e-13,1.6724890147751402e-12
155340.0,1.1999999999999997,0.1724823135743405,0.1724823135743405,0.054195274164567105,0.1335566761774127,3,3.6113093765388626e-10,1.6581225281697698e-10,0.0,6.56346730446155e-13,1.6711766843887268e-12
155400.0,1.2,0.17243187364794088,0.17243187364794088,0.054191273545885134,0.13352303454362746,3,3.601776515926858e-10,9.117684385273606e-11,0.0,6.558248935643841e-13,1.6698658953561912e-12
155460.0,1.2,0.17238148369140224,0.17238148369140224,0.05418727886364419,0.1334894248902278,3,3.5922766150608965e-10,1.0368239600211382e-10,0.0,6.552729469906789e-13,1.6685566460239993e-12
155520.0,1.2000000000000002,0.17233114362918517,0.17233114362918517,0.05418329010592809,0.1334558471697715,3,3.5827987104886105e-10,8.691358743817545e-11,0.0,6.545955014744097e-13,1.667248933229426e-12
155580.0,1.2,0.17228085338590118,0.17228085338590118,0.05417930726085711,0.1334223013349114,3,3.5733527942172216e-10,1.6854073692229576e-10,0.0,6.540362909579072e-13,1.665942755885556e-12
155640.0,1.2,0.17223061288631117,0.17223061288631117,0.05417533031657509,0.13338878733839551,3,3.563935535577656e-10,1.0646772352629341e-10,0.0,6.532806454541233e-13,1.6646381102237546e-12
155700.0,1.2,0.17218042205532544,0.17218042205532544,0.0541713592612595,0.1333553051330664,3,3.554543118178266e-10,9.123368727159686e-11,0.0,6.527993066998683e-13,1.6633349967308174e-12
155760.0,1.2,0.1721302808180009,0.1721302808180009,0.05416739408312327,0.13332185467186108,3,3.5451845625811274e-10,8.958522812463343e-11,0.0,6.520372137930482e-13,1.662033410391962e-12
155820.0,1.2,0.17208018909954523,0.17208018909954523,0.05416343477040021,0.13328843590781086,3,3.535851750280372e-10,9.123368727159686e-11,0.0,6.514801346231992e-13,1.6607333508179999e-12
155880.0,1.2000000000000002,0.17203014682531265,0.17203014682531265,0.05415948131136375,0.1332550487940409,3,3.5265486364455256e-10,9.754330676514655e-11,0.0,6.50918541403016e-13,1.6594348153230756e-12
155940.0,1.2000000000000002,0.1719801539208046,0.1719801539208046,0.05415553369431308,0.13322169328377012,3,3.5172732087973557e-10,1.0800249583553523e-10,0.0,6.503144771038245e-13,1.6581378008917023e-12
156000.0,1.2,0.1719302103116718,0.1719302103116718,0.05415159190757692,0.1331883693303109,3,3.5080256061137405e-10,1.106172931031324e-10,0.0,6.496378606210524e-13,1.6568423060581159e-12
156060.0,1.2,0.1718803159237084,0.1718803159237084,0.05414765593951742,0.1331550768870689,3,3.498805689616802e-10,1.0271605788148008e-10,0.0,6.490557505688208e-13,1.6555483304161706e-12
156120.0,1.2,0.17183047068285792,0.17183047068285792,0.054143725778523166,0.1331218159075428,3,3.489610059248527e-10,9.72022462519817e-11,0.0,6.483893313039425e-13,1.6542558702931847e-12
156180.0,1.1999999999999997,0.17178067451520856,0.17178067451520856,0.05413980141301328,0.13308858634532394,3,3.480444751846612e-10,1.0027179087046534e-10,0.0,6.477032102644693e-13,1.6529649225297417e-12
156240.0,1.2000000000000002,0.1717309273469948,0.1717309273469948,0.05413588283143807,0.13305538815409618,3,3.4713103919115085e-10,1.0902567737502977e-10,0.0,6.473056043169404e-13,1.651675484572335e-12
156300.0,1.2,0.17168122910459568,0.17168122910459568,0.054131970022278215,0.13302222128763574,3,3.4622002487161296e-10,1.09253051050473e-10,0.0,6.465952058308912e-13,1.6503875574280573e-12
156360.0,1.2000000000000002,0.1716315797145363,0.1716315797145363,0.054128062974045266,0.13298908569981088,3,3.453117097818037e-10,1.035687091643922e-10,0.0,6.460847894943482e-13,1.6491011379288065e-12
156420.0,1.2,0.17158197910348566,0.17158197910348566,0.05412416167527134,0.13295598134458161,3,3.4440610086061696e-10,1.0982148523908108e-10,0.0,6.453514675438892e-13,1.6478162211334193e-12
156480.0,1.2,0.17153242719825748,0.17153242719825748,0.05412026611452889,0.1329229081759995,3,3.435031495357954e-10,1.064108801074326e-10,0.0,6.447595520265019e-13,1.6465328085250307e-12
156540.0,1.2,0.1714829239258095,0.1714829239258095,0.05411637628041589,0.1328898661482075,3,3.426032443853977e-10,1.0652456694515422e-10,0.0,6.441625375825305e-13,1.6452508957448123e-12
156600.0,1.2,0.17143346921324254,0.17143346921324254,0.05411249216155641,0.13285685521543958,3,3.417059205035322e-10,1.6552803572267294e-10,0.0,6.436561533345746e-13,1.6439704808348276e-12
156660.0,1.2,0.17138406298780096,0.17138406298780096,0.05410861374660721,0.13282387533202078,3,3.408111709513051e-10,1.687112671788782e-10,0.0,6.429683949804143e-13,1.6426915629459758e-12
156720.0,1.2,0.1713347051768714,0.1713347051768714,0.05410474102425402,0.13279092645236648,3,3.3991939818456274e-10,8.549250196665525e-11,0.0,6.423526109216064e-13,1.6414141389974226e-12
156780.0,1.2,0.17128539570798415,0.17128539570798415,0.05410087398320722,0.13275800853098269,3,3.3903018586967093e-10,1.4841816664556973e-10,0.0,6.417628519501028e-13,1.6401382058694564e-12
156840.0,1.2000000000000002,0.17123613450881106,0.17123613450881106,0.05409701261221268,0.13272512152246552,3,3.3814330502313084e-10,1.709281605144497e-10,0.0,6.411861629087337e-13,1.638863764694901e-12
156900.0,1.2,0.17118692150716616,0.17118692150716616,0.05409315690003613,0.13269226538150103,3,3.3725947035101456e-10,1.5614887161063962e-10,0.0,6.404737061326227e-13,1.6375908102286042e-12
156960.0,1.2000000000000002,0.1711377566310043,0.1711377566310043,0.05408930683548171,0.132659440062865,3,3.3637811286402197e-10,1.0976464182022028e-10,0.0,6.400045239952267e-13,1.6363193409580662e-12
157020.0,1.2,0.17108863980842126,0.17108863980842126,0.05408546240737614,0.13262664552142267,3,3.3549951011790924e-10,9.322320693172514e-11,0.0,6.393401748788714e-13,1.6350493554919692e-12
157080.0,1.2000000000000002,0.17103957096765568,0.17103957096765568,0.05408162360457416,0.13259388171212855,3,3.3462347476254095e-10,8.930101103032939e-11,0.0,6.387555474447206e-13,1.6337808511093025e-12
157140.0,1.1999999999999997,0.17099055003708408,0.17099055003708408,0.05407779041596247,0.1325611485900262,3,3.337501316980074e-10,1.0720668797148392e-10,0.0,6.380399543173641e-13,1.6325138279585452e-12
157200.0,1.2,0.1709415769452246,0.1709415769452246,0.054073962830454445,0.13252844611024803,3,3.3287933520753654e-10,1.1715428627212532e-10,0.0,6.375545053357326e-13,1.6312482793089286e-12
157260.0,1.2,0.17089265162073522,0.17089265162073522,0.05407014083699148,0.13249577422801484,3,3.3201111998559796e-10,1.0248868420603685e-10,0.0,6.3703251132935e-13,1.62998420742031e-12
157320.0,1.2000000000000002,0.17084377399241246,0.17084377399241246,0.054066324424539985,0.132463132898636,3,3.311456386878575e-10,9.777068044058979e-11,0.0,6.363551257406618e-13,1.628721608099711e-12
157380.0,1.2,0.17079494398919223,0.17079494398919223,0.05406251358209963,0.13243052207750894,3,3.3028264151413467e-10,1.0078338164021261e-10,0.0,6.358123569806984e-13,1.6274604796514114e-12
157440.0,1.2,0.17074616154014968,0.17074616154014968,0.05405870829869624,0.13239794172011893,3,3.2942221867005017e-10,1.113562575483229e-10,0.0,6.351600283206559e-13,1.626200820392512e-12
157500.0,1.2,0.1706974265744986,0.1706974265744986,0.054054908563379314,0.132365391782039,3,3.28564155049893e-10,1.1095835361629725e-10,0.0,6.346543824736718e-13,1.6249426271913073e-12
157560.0,1.2,0.1706487390215899,0.1706487390215899,0.05405111436523233,0.1323328722189297,3,3.2770895025402424e-10,1.2386180969770066e-10,0.0,6.339960292917919e-13,1.6236858993872934e-12
157620.0,1.2,0.17060009881091281,0.17060009881091281,0.05404732569335861,0.13230038298653857,3,3.2685619488770357e-10,9.941913958755322e-11,0.0,6.333849767590274e-13,1.6224306336717479e-12
157680.0,1.2000000000000002,0.1705515058720942,0.1705515058720942,0.05404354253689826,0.13226792404070048,3,3.260062775289896e-10,9.600853445590474e-11,0.0,6.328428127805883e-13,1.621176827469244e-12
157740.0,1.2000000000000002,0.170502960134897,0.170502960134897,0.054039764885012255,0.13223549533733697,3,3.251584418384468e-10,1.1715428627212532e-10,0.0,6.322555125339724e-13,1.6199244816880258e-12
157800.0,1.2,0.17045446152922242,0.17045446152922242,0.05403599272689164,0.13220309683245615,3,3.2431340946104115e-10,1.1812062439275905e-10,0.0,6.316111912998967e-13,1.6186735903182129e-12
157860.0,1.2,0.17040600998510752,0.17040600998510752,0.05403222605175264,0.13217072848215256,3,3.2347075018535065e-10,9.168843462248333e-11,0.0,6.310693752402407e-13,1.6174241540298214e-12
157920.0,1.2,0.17035760543272443,0.17035760543272443,0.05402846484883928,0.13213839024260676,3,3.2263070687266193e-10,1.1760903362301178e-10,0.0,6.304911352815451e-13,1.6161761702110285e-12
157980.0,1.1999999999999997,0.17030924780238307,0.17030924780238307,0.054024709107424886,0.13210608207008534,3,3.217931268673091e-10,1.1408474165364169e-10,0.0,6.297218218423662e-13,1.6149296351755038e-12
158040.0,1.2000000000000002,0.17026093702452613,0.17026093702452613,0.05402095881680801,0.13207380392094062,3,3.209579130247775e-10,1.0578560249996372e-10,0.0,6.294134940145108e-13,1.6136845490878563e-12
158100.0,1.2,0.1702126730297345,0.1702126730297345,0.054017213966310984,0.13204155575161045,3,3.2012548167870136e-10,9.629275155020878e-11,0.0,6.287187093102949e-13,1.612440907918062e-12
158160.0,1.2000000000000002,0.17016445574872208,0.17016445574872208,0.0540134745452878,0.1320093375186178,3,3.192951736341598e-10,1.5052137314341962e-10,0.0,6.282572521133778e-13,1.6111987117281596e-12
158220.0,1.2,0.17011628511233687,0.17011628511233687,0.05400974054311782,0.13197714917857084,3,3.1846750236930177e-10,1.0487610779819079e-10,0.0,6.275498212072593e-13,1.6099579579071533e-12
158280.0,1.2,0.17006816105156244,0.17006816105156244,0.054006011949206324,0.13194499068816262,3,3.176424401285516e-10,1.0470557754160836e-10,0.0,6.269475305950594e-13,1.6087186421929951e-12
158340.0,1.2,0.17002008349751485,0.17002008349751485,0.05400228875298294,0.1319128620041708,3,3.168198758896068e-10,8.839151632855646e-11,0.0,6.263609446089763e-13,1.6074807643784762e-12
158400.0,1.2,0.1699720523814445,0.1699720523814445,0.05399857094390822,0.13188076308345748,3,3.1599945576887833e-10,1.0686562745831907e-10,0.0,6.258500414402468e-13,1.6062443227798706e-12
158460.0,1.2,0.16992406763473492,0.16992406763473492,0.053994858511467916,0.13184869388296896,3,3.151816099777882e-10,1.0732037480920553e-10,0.0,6.252227102047854e-13,1.6050093154243523e-12
158520.0,1.2,0.16987612918890246,0.16987612918890246,0.05399115144516916,0.13181665435973558,3,3.1436615116620104e-10,9.055156624526717e-11,0.0,6.246454650862864e-13,1.6037757377367855e-12
158580.0,1.2,0.16982823697559604,0.16982823697559604,0.05398744973455272,0.13178464447087146,3,3.135532250508888e-10,1.6927970136748627e-10,0.0,6.240585068292229e-13,1.6025435902966102e-12
158640.0,1.2000000000000002,0.16978039092659636,0.16978039092659636,0.05398375336917992,0.1317526641735744,3,3.127423528481721e-10,1.0754774848464876e-10,0.0,6.235486904037648e-13,1.6013128721190679e-12
158700.0,1.2,0.16973259097381638,0.16973259097381638,0.0539800623386396,0.13172071342512545,3,3.119343186530621e-10,1.0390976967755705e-10,0.0,6.228337461036459e-13,1.6000835771206587e-12
158760.0,1.2000000000000002,0.16968483704930107,0.16968483704930107,0.053976376632546334,0.13168879218288895,3,3.111285673540465e-10,1.0822986951097846e-10,0.0,6.223676596599139e-13,1.5988557056413539e-12
158820.0,1.2,0.16963712908522585,0.16963712908522585,0.05397269624054308,0.13165690040431222,3,3.1032529324015456e-10,1.6689227777533233e-10,0.0,6.217884775888227e-13,1.5976292559982545e-12
158880.0,1.2000000000000002,0.16958946701389824,0.16958946701389824,0.05396902115229402,0.1316250380469252,3,3.095242048778424e-10,1.688817974354606e-10,0.0,6.211634259307807e-13,1.5964042255791241e-12
158940.0,1.1999999999999997,0.16954185076775516,0.16954185076775516,0.05396535135749373,0.13159320506834057,3,3.087256075784417e-10,1.078319655789528e-10,0.0,6.205207790690835e-13,1.595180612282097e-12
159000.0,1.2,0.1694942802793654,0.1694942802793654,0.053961686845859155,0.13156140142625328,3,3.079293001140293e-10,9.947598300641403e-11,0.0,6.20059473491064e-13,1.5939584139614663e-12
159060.0,1.2,0.1694467554814262,0.1694467554814262,0.053958027607135375,0.1315296270784404,3,3.0713534493465033e-10,9.760015018400736e-11,0.0,6.195624347693734e-13,1.5927376293127684e-12
159120.0,1.2000000000000002,0.16939927630676502,0.16939927630676502,0.05395437363108701,0.13149788198276102,3,3.063437489791987e-10,9.72022462519817e-11,0.0,6.189119130423657e-13,1.5915182549462172e-12
159180.0,1.2,0.1693518426883401,0.1693518426883401,0.05395072490751475,0.13146616609715595,3,3.055543595920085e-10,1.1482370609883219e-10,0.0,6.184468222858631e-13,1.5903002911273376e-12
159240.0,1.2,0.1693044545592376,0.1693044545592376,0.05394708142623027,0.13143447937964745,3,3.04767808212425e-10,1.0828671292983927e-10,0.0,6.177325587884756e-13,1.58908373268501e-12
159300.0,1.2,0.16925711185267245,0.16925711185267245,0.053943443177086096,0.13140282178833923,3,3.0398315808977117e-10,1.1937117960769683e-10,0.0,6.172865624839448e-13,1.5878685813976727e-12
159360.0,1.2,0.1692098145019883,0.1692098145019883,0.05393981014994526,0.13137119328141617,3,3.03200915763302e-10,1.3028511602897197e-10,0.0,6.165702794482528e-13,1.5866548316467014e-12
159420.0,1.2,0.16916256244065697,0.16916256244065697,0.05393618233470707,0.13133959381714405,3,3.0242085224951865e-10,1.5057821656228043e-10,0.0,6.160900930823226e-13,1.585442483698862e-12
159480.0,1.2000000000000002,0.16911535560227847,0.16911535560227847,0.05393255972128895,0.13130802335386924,3,3.0164332837090413e-10,9.833911462919787e-11,0.0,6.155572468898198e-13,1.5842315348484464e-12
159540.0,1.2000000000000002,0.16906819392058028,0.16906819392058028,0.05392894229963513,0.1312764818500189,3,3.008679139160364e-10,1.0095391189679503e-10,0.0,6.149959984120461e-13,1.5830219819232172e-12
159600.0,1.2,0.16902107732941687,0.16902107732941687,0.053925330059717405,0.13124496926410034,3,3.000948448073082e-10,9.828227121033706e-11,0.0,6.14390903485516e-13,1.5818138256349632e-12
159660.0,1.2,0.16897400576277005,0.16897400576277005,0.05392172299152642,0.1312134855547011,3,2.9932416267808293e-10,9.026734915096313e-11,0.0,6.138256582827807e-13,1.5806070610640278e-12
159720.0,1.2,0.16892697915474872,0.16892697915474872,0.053918121085084834,0.13118203068048867,3,2.985554581336203e-10,9.441691872780211e-11,0.0,6.132513218754226e-13,1.5794016895674007e-12
159780.0,1.1999999999999997,0.16887999743958712,0.16887999743958712,0.05391452433043372,0.13115060460021022,3,2.977892307742813e-10,9.617906471248716e-11,0.0,6.126003376684256e-13,1.578197705541347e-12
159840.0,1.2000000000000002,0.16883306055164687,0.16883306055164687,0.0539109327176406,0.13111920727269255,3,2.970253695777636e-10,8.645884008728899e-11,0.0,6.122592472414452e-13,1.5769951091438579e-12
159900.0,1.2,0.16878616842541402,0.16878616842541402,0.0539073462367971,0.13108783865684176,3,2.962634998437963e-10,9.760015018400736e-11,0.0,6.115857531338749e-13,1.575793897507512e-12
159960.0,1.2000000000000002,0.16873932099550182,0.16873932099550182,0.05390376487802245,0.13105649871164315,3,2.9550405178380146e-10,1.0481926437932998e-10,0.0,6.111448909077957e-13,1.574594067738418e-12
160020.0,1.2,0.16869251819664755,0.16869251819664755,0.053900188631453995,0.13102518739616098,3,2.947466992697656e-10,9.07789399207104e-11,0.0,6.10447724346932e-13,1.5733956218966692e-12
160080.0,1.2,0.16864575996371325,0.16864575996371325,0.05389661748725878,0.13099390466953828,3,2.9399183781864124e-10,1.0510348147363402e-10,0.0,6.09907338078891e-13,1.5721985531021907e-12
160140.0,1.2,0.16859904623168603,0.16859904623168603,0.05389305143562525,0.13096265049099665,3,2.9323884986887094e-10,1.007265382213518e-10,0.0,6.093307693162003e-13,1.57100286250435e-12
160200.0,1.2,0.16855237693567768,0.16855237693567768,0.053889490466763224,0.13093142481983613,3,2.924884154320573e-10,9.970335668185726e-11,0.0,6.088836919858706e-13,1.5698085467890482e-12
160260.0,1.2,0.16850575201092416,0.16850575201092416,0.053885934570913015,0.13090022761543493,3,2.9173999327447575e-10,9.367795428261161e-11,0.0,6.082458043905458e-13,1.5686156036720257e-12
160320.0,1.2,0.1684591713927842,0.1684591713927842,0.05388238373833807,0.1308690588372492,3,2.909938054407313e-10,1.3790213415632024e-10,0.0,6.076676650170127e-13,1.5674240332409639e-12
160380.0,1.2,0.16841263501674114,0.16841263501674114,0.053878837959317125,0.13083791844481296,3,2.9024981029746044e-10,1.0390976967755705e-10,0.0,6.071215636059183e-13,1.5662338313789847e-12
160440.0,1.2000000000000002,0.1683661428184,0.1683661428184,0.05387529722416111,0.1308068063977379,3,2.895079800890876e-10,1.0260237104375847e-10,0.0,6.066354333980389e-13,1.5650449962497473e-12
160500.0,1.2,0.16831969473349026,0.16831969473349026,0.05387176152320296,0.13077572265571308,3,2.8876833563229454e-10,1.1146994438604452e-10,0.0,6.060313165828047e-13,1.5638575272324526e-12
160560.0,1.2000000000000002,0.16827329069786418,0.16827329069786418,0.05386823084679851,0.13074466717850478,3,2.880309254993385e-10,8.759570846450515e-11,0.0,6.055138234977456e-13,1.5626714212317907e-12
160620.0,1.2,0.1682269306474941,0.1682269306474941,0.053864705185324,0.13071363992595647,3,2.872956386679171e-10,1.1232259566895664e-10,0.0,6.049400709078463e-13,1.5614866767877879e-12
160680.0,1.2000000000000002,0.16818061451847655,0.16818061451847655,0.05386118452918396,0.1306826408579883,3,2.865623849324095e-10,1.0868461686186492e-10,0.0,6.043629541148388e-13,1.5603032921021534e-12
160740.0,1.1999999999999997,0.16813434224702936,0.16813434224702936,0.05385766886880442,0.13065166993459731,3,2.858314626652536e-10,1.1237943908781745e-10,0.0,6.037705115312001e-13,1.5591212653679114e-12
160800.0,1.2,0.16808811376949084,0.16808811376949084,0.05385415819463394,0.1306207271158569,3,2.851025943106933e-10,8.810729923425242e-11,0.0,6.032744350389376e-13,1.5579405934847887e-12
160860.0,1.2,0.16804192902232196,0.16804192902232196,0.0538506524971428,0.1305898123619168,3,2.843757521131529e-10,1.0840039976756088e-10,0.0,6.028039789639889e-13,1.5567612745825301e-12
160920.0,1.2000000000000002,0.16799578794210335,0.16799578794210335,0.0538471517668301,0.13055892563300292,3,2.8365105403382884e-10,9.822542779147625e-11,0.0,6.021784413207934e-13,1.5555833085651826e-12
160980.0,1.2,0.1679496904655371,0.1679496904655371,0.053843655994212786,0.13052806688941704,3,2.8292861803391745e-10,7.850076144677587e-11,0.0,6.017159750958779e-13,1.5544066921595925e-12
161040.0,1.2,0.1679036365294449,0.1679036365294449,0.05384016516983052,0.13049723609153668,3,2.8220815267987476e-10,1.6751755538280122e-10,0.0,6.0101140970222e-13,1.5532314236336437e-12
161100.0,1.2,0.16785762607076943,0.16785762607076943,0.053836679284253036,0.1304664331998151,3,2.814899147107752e-10,1.0697931429604068e-10,0.0,6.006557935072271e-13,1.5520575011617484e-12
161160.0,1.2,0.16781165902657186,0.16781165902657186,0.05383319832806213,0.13043565817478073,3,2.807739873933457e-10,1.6632384358672425e-10,0.0,5.999728439708667e-13,1.5508849213702507e-12
161220.0,1.2,0.1677657353340347,0.1677657353340347,0.053829722291870316,0.13040491097703732,3,2.8005964908262015e-10,1.5973000699887052e-10,0.0,5.994473745883015e-13,1.5497136851334803e-12
161280.0,1.2000000000000002,0.16771985493045796,0.16771985493045796,0.05382625116630931,0.13037419156726376,3,2.793477324458671e-10,1.2141754268668592e-10,0.0,5.989340474230352e-13,1.5485437887307789e-12
161340.0,1.2000000000000002,0.167674017753261,0.167674017753261,0.05382278494203483,0.13034349990621358,3,2.786379044161791e-10,9.15179043659009e-11,0.0,5.984115642551256e-13,1.5473752300693795e-12
161400.0,1.2,0.16762822373998296,0.16762822373998296,0.053819323609727174,0.13031283595471502,3,2.7792996376563295e-10,9.885070539894514e-11,0.0,5.978651854407409e-13,1.5462080080346563e-12
161460.0,1.2,0.1675824728282798,0.1675824728282798,0.05381586716008564,0.13028219967367083,3,2.772241602944092e-10,1.2227019396959804e-10,0.0,5.97285237228349e-13,1.5450421206459253e-12
161520.0,1.2,0.1675367649559259,0.1675367649559259,0.053812415583830556,0.13025159102405814,3,2.7652044543025056e-10,1.1243628250667825e-10,0.0,5.967617659965064e-13,1.5438775655916302e-12
161580.0,1.1999999999999997,0.1674911000608152,0.1674911000608152,0.05380896887171061,0.1302210099669281,3,2.758188122342631e-10,1.1658585208351724e-10,0.0,5.961100404239223e-13,1.5427143404435825e-12
161640.0,1.2000000000000002,0.16744547808095647,0.16744547808095647,0.053805527014492115,0.13019045646340577,3,2.751191566230382e-10,9.850964488578029e-11,0.0,5.958088289433733e-13,1.5415524441198297e-12
161700.0,1.2,0.1673998989544788,0.1673998989544788,0.053802090002965146,0.1301599304746901,3,2.744215549244089e-10,1.0254552762489766e-10,0.0,5.951903331085848e-13,1.5403918741843251e-12
161760.0,1.2000000000000002,0.16735436261962547,0.16735436261962547,0.05379865782794035,0.1301294319620535,3,2.7372600713837514e-10,1.0800249583553523e-10,0.0,5.946745590768921e-13,1.5392326300162696e-12
161820.0,1.2,0.16730886901475886,0.16730886901475886,0.05379523048025366,0.13009896088684206,3,2.730324716315735e-10,9.93054527498316e-11,0.0,5.940765116762414e-13,1.5380747082932922e-12
161880.0,1.2,0.16726341807835599,0.16726341807835599,0.05379180795076199,0.13006851721047472,3,2.7234085819838327e-10,9.117684385273606e-11,0.0,5.935461868890644e-13,1.5369181075119923e-12
161940.0,1.2,0.16721800974901085,0.16721800974901085,0.05378839023034175,0.13003810089444376,3,2.716515276612874e-10,1.0572875908110291e-10,0.0,5.930035017736045e-13,1.5357628259067526e-12
162000.0,1.2,0.16717264396543408,0.16717264396543408,0.053784977309895614,0.1300077119003142,3,2.7096396654213706e-10,9.57811607804615e-11,0.0,5.925635977535468e-13,1.5346088621015585e-12
162060.0,1.2,0.16712732066645072,0.16712732066645072,0.05378156918034259,0.12997735018972387,3,2.7027829280212856e-10,1.0146550266654231e-10,0.0,5.91945989609287e-13,1.5334562128447627e-12
162120.0,1.2,0.1670820397910019,0.1670820397910019,0.053778165832625624,0.12994701572438305,3,2.6959492971379007e-10,1.064108801074326e-10,0.0,5.914412623695341e-13,1.5323048773273827e-12
162180.0,1.2,0.16703680127814483,0.16703680127814483,0.053774767257715704,0.1299167084660744,3,2.6891326665445803e-10,9.811174095375463e-11,0.0,5.908533766113935e-13,1.5311548546415879e-12
162240.0,1.2000000000000002,0.16699160506704971,0.16699160506704971,0.05377137344659519,0.1298864283766528,3,2.6823380322449353e-10,1.206217348226346e-10,0.0,5.90389313305856e-13,1.5300061396356972e-12
162300.0,1.2,0.16694645109700174,0.16694645109700174,0.05376798439027273,0.12985617541804517,3,2.675562549292465e-10,1.1596057447604835e-10,0.0,5.89768960774847e-13,1.5288587334367443e-12
162360.0,1.2000000000000002,0.16690133930740214,0.16690133930740214,0.05376460007978286,0.12982594955225013,3,2.6688060789092916e-10,9.686118573881686e-11,0.0,5.893073280303516e-13,1.5277126332463772e-12
162420.0,1.2,0.1668562696377645,0.1668562696377645,0.053761220506174025,0.12979575074133815,3,2.662068759873293e-10,1.0811618267325684e-10,0.0,5.888055037842673e-13,1.5265678371240302e-12
162480.0,1.2000000000000002,0.1668112420277181,0.1668112420277181,0.05375784566051642,0.12976557894745105,3,2.6553514942406764e-10,1.1687006917782128e-10,0.0,5.882586027740707e-13,1.5254243427507025e-12
162540.0,1.1999999999999997,0.16676625641700327,0.16676625641700327,0.0537544755339068,0.12973543413280209,3,2.6486533105662957e-10,1.7291768017457798e-10,0.0,5.875982383124576e-13,1.5242821499808101e-12
162600.0,1.2,0.16672131274547508,0.16672131274547508,0.05375111011746082,0.12970531625967563,3,2.6419751109063583e-10,9.254108590539545e-11,0.0,5.871610532681606e-13,1.5231412536544006e-12
162660.0,1.2,0.1666764109531017,0.1666764109531017,0.053747749402317066,0.12967522529042702,3,2.6353175197613155e-10,1.199396137963049e-10,0.0,5.867486430905379e-13,1.5220016552579173e-12
162720.0,1.2000000000000002,0.16663155097996404,0.16663155097996404,0.05374439337962895,0.12964516118748248,3,2.628678594240874e-10,1.6422063708887435e-10,0.0,5.861194979340199e-13,1.5208633506289876e-12
162780.0,1.2,0.16658673276625532,0.16658673276625532,0.05374104204057892,0.12961512391333882,3,2.622056044510046e-10,1.0533085514907725e-10,0.0,5.856986582962643e-13,1.5197263396844797e-12
162840.0,1.2,0.1665419562522816,0.1665419562522816,0.05373769537636433,0.1295851134305634,3,2.6154559074065276e-10,1.0669509720173664e-10,0.0,5.850681051592299e-13,1.5185906200367368e-12
162900.0,1.2,0.1664972213784599,0.1664972213784599,0.053734353378208324,0.12955512970179375,3,2.60887304814883e-10,1.0197709343628958e-10,0.0,5.846166704796612e-13,1.5174561886620002e-12
162960.0,1.2,0.1664525280853198,0.1664525280853198,0.05373101603735395,0.12952517268973773,3,2.602309687183002e-10,9.674749890109524e-11,0.0,5.839855782061558e-13,1.5163230457443176e-12
163020.0,1.2,0.16640787631350187,0.16640787631350187,0.053727683345061394,0.12949524235717305,3,2.595767420454642e-10,9.725908967084251e-11,0.0,5.83526481054788e-13,1.5151911880175663e-12
163080.0,1.2000000000000002,0.16636326600375895,0.16636326600375895,0.05372435529261311,0.12946533866694726,3,2.589240419292871e-10,9.470113582210615e-11,0.0,5.830558121628114e-13,1.5140606139882717e-12
163140.0,1.2000000000000002,0.1663186970969537,0.1663186970969537,0.053721031871314474,0.1294354615819776,3,2.5827363858699215e-10,8.981260180007666e-11,0.0,5.825372892974466e-13,1.512931321122366e-12
163200.0,1.2,0.16627416953406068,0.16627416953406068,0.053717713072490646,0.12940561106525078,3,2.576248103736134e-10,1.7416823538951576e-10,0.0,5.819634316754619e-13,1.5118033090327286e-12
163260.0,1.2,0.1662296832561635,0.1662296832561635,0.053714398887485255,0.1293757870798228,3,2.5697790423384603e-10,9.447376214666292e-11,0.0,5.8144933053384e-13,1.5106765742576089e-12
163320.0,1.2,0.16618523820445663,0.16618523820445663,0.053711089307662746,0.12934598958881882,3,2.563330242510986e-10,1.524540493846871e-10,0.0,5.809273964550385e-13,1.5095511159330164e-12
163380.0,1.1999999999999997,0.16614083432024532,0.16614083432024532,0.05370778432441256,0.1293162185554331,3,2.556896153138588e-10,8.799361239653081e-11,0.0,5.803131777131171e-13,1.5084269336643862e-12
163440.0,1.2000000000000002,0.16609647154494325,0.16609647154494325,0.053704483929140616,0.12928647394292853,3,2.550485100893951e-10,1.0811618267325684e-10,0.0,5.800442477169791e-13,1.5073040219311148e-12
163500.0,1.2,0.16605214982007457,0.16605214982007457,0.053701188113272104,0.12925675571463674,3,2.544089452993781e-10,1.6825651982799172e-10,0.0,5.794339412084829e-13,1.5061823813742672e-12
163560.0,1.2000000000000002,0.16600786908727294,0.16600786908727294,0.053697896868255005,0.1292270638339579,3,2.537714344219566e-10,1.744524524838198e-10,0.0,5.790016348622038e-13,1.5050620104494972e-12
163620.0,1.2,0.16596362928827993,0.16596362928827993,0.05369461018555629,0.12919739826436055,3,2.53135519490133e-10,1.7320189726888202e-10,0.0,5.783541491130372e-13,1.5039429072352642e-12
163680.0,1.2,0.16591943036494602,0.16591943036494602,0.05369132805666413,0.12916775896938132,3,2.525016376542233e-10,1.0385292625869624e-10,0.0,5.778333481525609e-13,1.502825069023379e-12
163740.0,1.2,0.16587527225923107,0.16587527225923107,0.05368805047308644,0.1291381459126249,3,2.5186938645838097e-10,1.0624034985085018e-10,0.0,5.773157875166242e-13,1.5017084937843537e-12
163800.0,1.2,0.16583115491320247,0.16583115491320247,0.05368477742635041,0.12910855905776386,3,2.512390157027866e-10,1.297166818403639e-10,0.0,5.769184485962319e-13,1.5005931805814064e-12
163860.0,1.2,0.1657870782690348,0.1657870782690348,0.05368150890800186,0.12907899836853837,3,2.5061060865416707e-10,9.515588317299262e-11,0.0,5.762927070298543e-13,1.4994791279868235e-12
163920.0,1.2,0.1657430422690131,0.1657430422690131,0.05367824490960954,0.12904946380875632,3,2.4998365183437343e-10,9.123368727159686e-11,0.0,5.758019162349409e-13,1.4983663332576739e-12
163980.0,1.2,0.16569904685552667,0.16569904685552667,0.05367498542275793,0.12901995534229274,3,2.493589848495681e-10,1.0584244591882452e-10,0.0,5.752724596565348e-13,1.4972547946266863e-12
164040.0,1.2000000000000002,0.1656550919710744,0.1656550919710744,0.053671730439059546,0.12899047293309016,3,2.4873591381036064e-10,1.0697931429604068e-10,0.0,5.748440763433509e-13,1.496144510444049e-12
164100.0,1.2,0.16561117755826105,0.16561117755826105,0.05366847995013715,0.1289610165451579,3,2.481145844335231e-10,1.0606981959426776e-10,0.0,5.742592426566774e-13,1.495035478773332e-12
164160.0,1.2000000000000002,0.1655673035597987,0.1655673035597987,0.05366523394763902,0.12893158614257239,3,2.4749491345232855e-10,8.304823495564051e-11,0.0,5.738319361341278e-13,1.4939276984415935e-12
164220.0,1.2,0.16552346991850553,0.16552346991850553,0.05366199242323031,0.1289021816894766,3,2.468773033226235e-10,1.0271605788148008e-10,0.0,5.732688788174953e-13,1.492821167301886e-12
164280.0,1.2000000000000002,0.16547967657730672,0.16547967657730672,0.05365875536859776,0.12887280315008035,3,2.462612821996224e-10,9.907807907438837e-11,0.0,5.727531314673404e-13,1.4917158837114289e-12
164340.0,1.1999999999999997,0.1654359234792325,0.1654359234792325,0.05365552277544581,0.1288434504886597,3,2.4564705825014244e-10,8.782308213994838e-11,0.0,5.721665969385089e-13,1.4906118457569533e-12
164400.0,1.2,0.1653922105674193,0.1653922105674193,0.05365229463549759,0.12881412366955702,3,2.45034527390775e-10,9.060840966412798e-11,0.0,5.717490952458402e-13,1.4895090513647176e-12
164460.0,1.2,0.16534853778510988,0.16534853778510988,0.053649070940498075,0.12878482265718083,3,2.444239324828068e-10,9.873701856122352e-11,0.0,5.712992250361251e-13,1.4884074991781455e-12
164520.0,1.2000000000000002,0.1653049050756516,0.1653049050756516,0.05364585168221079,0.1287555474160057,3,2.438149751537999e-10,9.896439223666675e-11,0.0,5.707617032217534e-13,1.4873071874059773e-12
164580.0,1.2,0.16526131238249694,0.16526131238249694,0.05364263685242056,0.1287262979105718,3,2.4320770397601166e-10,1.0271605788148008e-10,0.0,5.702751564854222e-13,1.4862081136489758e-12
164640.0,1.2,0.16521775964920324,0.16521775964920324,0.05363942644292767,0.12869707410548517,3,2.426021605828055e-10,1.1368683772161603e-10,0.0,5.696999931621493e-13,1.4851102774269625e-12
164700.0,1.2,0.1651742468194329,0.1651742468194329,0.053636220445552656,0.12866787596541726,3,2.419984213020143e-10,1.674607119639404e-10,0.0,5.693255328134206e-13,1.484013675700876e-12
164760.0,1.2,0.1651307738369517,0.1651307738369517,0.0536330188521354,0.12863870345510484,3,2.4139646531695647e-10,1.0055600796476938e-10,0.0,5.686462829052155e-13,1.48291830699089e-12
164820.0,1.2,0.1650873406456305,0.1650873406456305,0.053629821654534116,0.12860955653935002,3,2.4079632732210143e-10,8.276401786133647e-11,0.0,5.682439558077969e-13,1.4818241693097032e-12
164880.0,1.2000000000000002,0.16504394718944435,0.16504394718944435,0.05362662884462971,0.12858043518301976,3,2.4019754935045157e-10,1.645616976020392e-10,0.0,5.678122284085373e-13,1.4807312621113764e-12
164940.0,1.2000000000000002,0.1650005934124715,0.1650005934124715,0.053623440414317436,0.12855133935104607,3,2.3960084610807897e-10,9.669065548223443e-11,0.0,5.673074168890062e-13,1.4796395824871289e-12
165000.0,1.2,0.164957279258893,0.164957279258893,0.05362025635551351,0.1285222690084257,3,2.39005829016925e-10,8.770939530222677e-11,0.0,5.667384856106427e-13,1.4785491286035149e-12
165060.0,1.2,0.16491400467299427,0.16491400467299427,0.05361707666015425,0.12849322412021988,3,2.384120817433555e-10,9.379164112033322e-11,0.0,5.662138717313543e-13,1.4774599000341228e-12
165120.0,1.2,0.16487076959916283,0.16487076959916283,0.05361390132019384,0.1284642046515544,3,2.3782020797114e-10,9.708855941426009e-11,0.0,5.65752667373772e-13,1.4763718944181792e-12
165180.0,1.1999999999999997,0.16482757398188946,0.16482757398188946,0.05361073032760036,0.12843521056761925,3,2.372304228059896e-10,9.532641342957504e-11,0.0,5.651659049930776e-13,1.4752851084461343e-12
165240.0,1.2000000000000002,0.16478441776576716,0.16478441776576716,0.05360756367436726,0.1284062418336686,3,2.366420739918773e-10,9.060840966412798e-11,0.0,5.648831363844057e-13,1.474199541354087e-12
165300.0,1.2,0.16474130089549183,0.16474130089549183,0.053604401352504154,0.1283772984150207,3,2.360551198954397e-10,8.714096111361869e-11,0.0,5.642558962049861e-13,1.4731151936627473e-12
165360.0,1.2000000000000002,0.16469822331586054,0.16469822331586054,0.05360124335403992,0.12834838027705756,3,2.3547006011703786e-10,1.1266365618212149e-10,0.0,5.638878828357773e-13,1.4720320604462548e-12
165420.0,1.2,0.16465518497177223,0.16465518497177223,0.053598089671020345,0.12831948738522483,3,2.3488667955096076e-10,7.975131666171364e-11,0.0,5.632579209277399e-13,1.4709501410527912e-12
165480.0,1.2,0.1646121858082291,0.1646121858082291,0.05359494029551007,0.1282906197050318,3,2.3430484635822424e-10,1.737134880386293e-10,0.0,5.627674869454556e-13,1.4698694342411719e-12
165540.0,1.2,0.16456922577033203,0.16456922577033203,0.05359179521959396,0.12826177720205123,3,2.3372489360573567e-10,1.1800693755503744e-10,0.0,5.62305817355027e-13,1.4687899371696179e-12
165600.0,1.2,0.16452630480328523,0.16452630480328523,0.05358865443537424,0.12823295984191893,3,2.3314646047101206e-10,9.498535291641019e-11,0.0,5.618608927589327e-13,1.4677116498133138e-12
165660.0,1.2,0.16448342285239298,0.16448342285239298,0.053585517934970246,0.128204167590334,3,2.325698869598547e-10,9.816858437261544e-11,0.0,5.612840815330609e-13,1.4666345683788094e-12
165720.0,1.2,0.1644405798630604,0.1644405798630604,0.053582385710520826,0.12817540041305842,3,2.3199456938849394e-10,1.1550582712516189e-10,0.0,5.607613624664755e-13,1.4655586933359431e-12
165780.0,1.2,0.16439777578079293,0.16439777578079293,0.05357925775418309,0.12814665827591704,3,2.3142112531848724e-10,8.895995051716454e-11,0.0,5.603188796546099e-13,1.4644840214934523e-12
165840.0,1.2000000000000002,0.16435501055119656,0.16435501055119656,0.0535761340581309,0.12811794114479727,3,2.3084924943850282e-10,9.185896487906575e-11,0.0,5.598696025797161e-13,1.4634105516453075e-12
165900.0,1.2,0.1643122841199769,0.1643122841199769,0.05357301461455689,0.12808924898564922,3,2.3027891399296507e-10,1.4927081792848185e-10,0.0,5.592844461734897e-13,1.4623382823691718e-12
165960.0,1.2000000000000002,0.16426959643293965,0.16426959643293965,0.05356989941567318,0.1280605817644852,3,2.2971034796537282e-10,1.1175416148034856e-10,0.0,5.589336303259672e-13,1.4612672104435901e-12
166020.0,1.2,0.16422694743598967,0.16422694743598967,0.05356678845370808,0.1280319394473799,3,2.291432807388638e-10,1.0965095498249866e-10,0.0,5.583446525305992e-13,1.4601973367089781e-12
166080.0,1.2000000000000002,0.1641843370751315,0.1641843370751315,0.053563681720909743,0.12800332200047007,3,2.2857771231343804e-10,1.0379608283983544e-10,0.0,5.57920866806374e-13,1.4591286570083395e-12
166140.0,1.1999999999999997,0.16414176529646957,0.16414176529646957,0.05356057920954234,0.12797472938995427,3,2.2801389248927606e-10,9.117684385273606e-11,0.0,5.573405083123982e-13,1.4580611715757665e-12
166200.0,1.2,0.1640992320462056,0.1640992320462056,0.0535574809118857,0.12794616158209304,3,2.2745180738859005e-10,1.1118572729174048e-10,0.0,5.569447946364735e-13,1.4569948758481172e-12
166260.0,1.2,0.16405673727064085,0.16405673727064085,0.0535543868202441,0.12791761854320857,3,2.2689117945562387e-10,9.822542779147625e-11,0.0,5.564932369253692e-13,1.4559297709056895e-12
166320.0,1.2000000000000002,0.16401428091617548,0.16401428091617548,0.053551296926932265,0.12788910023968456,3,2.2633209195710435e-10,1.0805933925439604e-10,0.0,5.559834301349108e-13,1.4548658552785835e-12
166380.0,1.2,0.16397186292930696,0.16397186292930696,0.053548211224289856,0.12786060663796603,3,2.2577473918206081e-10,9.987388693843968e-11,0.0,5.555843108571426e-13,1.4538031251886516e-12
166440.0,1.2,0.16392948325663137,0.16392948325663137,0.053545129704666065,0.12783213770455926,3,2.2521894765814565e-10,1.0572875908110291e-10,0.0,5.549262023619054e-13,1.4527415804468832e-12
166500.0,1.2,0.1638871418448428,0.1638871418448428,0.05354205236043432,0.12780369340603168,3,2.2466452309632956e-10,1.63140612130519e-10,0.0,5.545870367114185e-13,1.451681218304557e-12
166560.0,1.2,0.16384483864073215,0.16384483864073215,0.05353897918398506,0.1277752737090116,3,2.2411182631909554e-10,1.0186340659856796e-10,0.0,5.539728466627381e-13,1.4506220380697365e-12
166620.0,1.2,0.16380257359118836,0.16380257359118836,0.05353591016772062,0.12774687858018827,3,2.235607046707777e-10,1.064108801074326e-10,0.0,5.535516330599363e-13,1.4495640382125511e-12
166680.0,1.2000000000000002,0.1637603466431978,0.1637603466431978,0.05353284530406602,0.1277185079863115,3,2.2301097080124066e-10,1.0737721822806634e-10,0.0,5.531386350414482e-13,1.4485072159817981e-12
166740.0,1.2000000000000002,0.16371815774384219,0.16371815774384219,0.05352978458546248,0.12769016189419166,3,2.2246303410522472e-10,1.0737721822806634e-10,0.0,5.526475345501135e-13,1.4474515699290843e-12
166800.0,1.2,0.16367600684030212,0.16367600684030212,0.05352672800436883,0.12766184027069957,3,2.2191666559923107e-10,8.941469786805101e-11,0.0,5.520908166398164e-13,1.446397097999693e-12
166860.0,1.2,0.16363389387985333,0.16363389387985333,0.05352367555325733,0.1276335430827663,3,2.213714975218828e-10,9.00399754755199e-11,0.0,5.516021988020501e-13,1.445343801213538e-12
166920.0,1.2,0.1635918188098679,0.1635918188098679,0.05352062722462419,0.12760527029738308,3,2.208282584570398e-10,8.36735125631094e-11,0.0,5.511335497660152e-13,1.4442916734544456e-12
166980.0,1.1999999999999997,0.1635497815778144,0.1635497815778144,0.05351758301097807,0.127577021881601,3,2.2028640717097758e-10,9.544010026729666e-11,0.0,5.505459473403954e-13,1.4432407174161297e-12
167040.0,1.2000000000000002,0.16350778213125705,0.16350778213125705,0.05351454290484504,0.12754879780253112,3,2.1974590203033273e-10,8.998313205665909e-11,0.0,5.503403814438219e-13,1.442190927777751e-12
167100.0,1.2,0.16346582041785543,0.16346582041785543,0.05351150689877136,0.1275205980273442,3,2.192070344686492e-10,9.845280146691948e-11,0.0,5.497526847857866e-13,1.4411423059947336e-12
167160.0,1.2000000000000002,0.16342389638536592,0.16342389638536592,0.053508474985317245,0.12749242252327048,3,2.186698183637148e-10,9.907807907438837e-11,0.0,5.493870666139944e-13,1.4400948487016933e-12
167220.0,1.2,0.16338200998163832,0.16338200998163832,0.053505447157060876,0.1274642712575998,3,2.1813371942069892e-10,9.123368727159686e-11,0.0,5.487937426925741e-13,1.4390485546988047e-12
167280.0,1.2,0.1633401611546187,0.1633401611546187,0.053502423406596424,0.12743614419768112,3,2.1759975765700545e-10,1.0402345651527867e-10,0.0,5.482801080543479e-13,1.43800342035764e-12
167340.0,1.2,0.16329834985234679,0.16329834985234679,0.053499403726536304,0.1274080413109228,3,2.1706696856638175e-10,1.0805933925439604e-10,0.0,5.478290217170788e-13,1.4369594477825465e-12
167400.0,1.2,0.1632565760229584,0.1632565760229584,0.05349638810951098,0.12737996256479198,3,2.1653556725453882e-10,1.1095835361629725e-10,0.0,5.474516845268239e-13,1.4359166330084342e-12
167460.0,1.2,0.16321483961468236,0.16321483961468236,0.05349337654816524,0.12735190792681483,3,2.1600590760506577e-10,9.5042196335271e-11,0.0,5.468807700266935e-13,1.4348749743176624e-12
167520.0,1.2,0.16317314057584253,0.16317314057584253,0.053490369035160246,0.12732387736457634,3,2.1547734430082954e-10,1.2073542166035622e-10,0.0,5.464415420448069e-13,1.4338344704963436e-12
167580.0,1.2,0.16313147885485607,0.16313147885485607,0.05348736556317648,0.12729587084572003,3,2.149505504145388e-10,1.106741365219932e-10,0.0,5.459703070171841e-13,1.4327951211490854e-12
167640.0,1.2000000000000002,0.1630898544002347,0.1630898544002347,0.05348436612491008,0.12726788833794794,3,2.1442529696269474e-10,1.7115553418989293e-10,0.0,5.455428372290339e-13,1.43175692231452e-12
167700.0,1.2,0.16304826716058332,0.16304826716058332,0.053481370713073254,0.12723992980902044,3,2.1390144516741927e-10,1.68768110597739e-10,0.0,5.449333145436512e-13,1.4307198732179926e-12
167760.0,1.2000000000000002,0.1630067170845998,0.1630067170845998,0.053478379320393905,0.1272119952267563,3,2.1337900196760629e-10,1.1465317584224977e-10,0.0,5.446024417692344e-13,1.4296839734876855e-12
167820.0,1.2,0.16296520412107535,0.16296520412107535,0.05347539193961927,0.12718408455903216,3,2.1285818246896682e-10,1.0271605788148008e-10,0.0,5.440513968621015e-13,1.4286492193888784e-12
167880.0,1.2000000000000002,0.1629237282188949,0.1629237282188949,0.05347240856350978,0.1271561977737828,3,2.123387091157447e-10,1.0396661309641786e-10,0.0,5.436083850781604e-13,1.4276156106577006e-12
167940.0,1.1999999999999997,0.16288228932703497,0.16288228932703497,0.0534694291848434,0.1271283348390007,3,2.118206651746668e-10,1.7320189726888202e-10,0.0,5.43065123662659e-13,1.4265831457386389e-12
168000.0,1.2,0.16284088739456484,0.16284088739456484,0.053466453796419115,0.12710049572273624,3,2.1130418248471727e-10,8.361666914424859e-11,0.0,5.426659807738473e-13,1.4255518222853955e-12
168060.0,1.2,0.16279952237064724,0.16279952237064724,0.05346348239104307,0.1270726803930971,3,2.1078906675686682e-10,1.241460267920047e-10,0.0,5.423043064933366e-13,1.4245216387217779e-12
168120.0,1.2000000000000002,0.16275819420453477,0.16275819420453477,0.053460514961545226,0.12704488881824866,3,2.1027538044116056e-10,9.64632818067912e-11,0.0,5.417621543733588e-13,1.423492594682172e-12
168180.0,1.2,0.16271690284557436,0.16271690284557436,0.053457551500769265,0.1270171209664135,3,2.0976331782662783e-10,9.487166607868858e-11,0.0,5.413899284975449e-13,1.4224646866783575e-12
168240.0,1.2,0.16267564824320302,0.16267564824320302,0.053454592001575665,0.12698937680587133,3,2.0925237931290752e-10,1.064108801074326e-10,0.0,5.407660641679367e-13,1.4214379150999362e-12
168300.0,1.2,0.16263443034695013,0.16263443034695013,0.053451636456838814,0.12696165630495898,3,2.0874306450036073e-10,1.00669694802491e-10,0.0,5.404373817148424e-13,1.4204122769818792e-12
168360.0,1.2,0.16259324910643594,0.16259324910643594,0.053448684859451576,0.12693395943207025,3,2.0823499174982274e-10,1.0481926437932998e-10,0.0,5.398497806656511e-13,1.419387771604953e-12
168420.0,1.2,0.16255210447137192,0.16255210447137192,0.05344573720232489,0.12690628615565563,3,2.0772839004479238e-10,9.373479770147242e-11,0.0,5.394186576243993e-13,1.418364396057482e-12
168480.0,1.2000000000000002,0.16251099639156025,0.16251099639156025,0.053442793478379026,0.12687863644422237,3,2.0722362020775265e-10,1.1112888387287967e-10,0.0,5.390442627089658e-13,1.4173421480738184e-12
168540.0,1.2000000000000002,0.16246992481689518,0.16246992481689518,0.05343985368055501,0.1268510102663342,3,2.0671993977705583e-10,1.2175860319985077e-10,0.0,5.385853282938031e-13,1.416321029274409e-12
168600.0,1.2,0.16242888969735914,0.16242888969735914,0.053436917801812436,0.12682340759061125,3,2.0621758467509466e-10,9.350742402602918e-11,0.0,5.380467073483032e-13,1.4153010361123032e-12
168660.0,1.2,0.16238789098302614,0.16238789098302614,0.05343398583511949,0.12679582838573,3,2.057166728630655e-10,8.895995051716454e-11,0.0,5.375767174591129e-13,1.4142821660993419e-12
168720.0,1.2,0.1623469286240604,0.1623469286240604,0.05343105777346643,0.12676827262042303,3,2.052171141353476e-10,1.064108801074326e-10,0.0,5.371413310892794e-13,1.4132644201086142e-12
168780.0,1.1999999999999997,0.16230600257071556,0.16230600257071556,0.053428133609856446,0.12674074026347898,3,2.0471922074216664e-10,9.100631359615363e-11,0.0,5.365688004502857e-13,1.412247794437246e-12
168840.0,1.2000000000000002,0.16226511277333563,0.16226511277333563,0.05342521333730842,0.12671323128374243,3,2.0422252083873715e-10,1.730313670122996e-10,0.0,5.363503628292874e-13,1.4112322869688959e-12
168900.0,1.2,0.16222425918235345,0.16222425918235345,0.053422296948857986,0.12668574565011365,3,2.037271323862555e-10,8.708411769475788e-11,0.0,5.357817565998174e-13,1.410217899195384e-12
168960.0,1.2000000000000002,0.1621834417482915,0.1621834417482915,0.05341938443755768,0.1266582833315486,3,2.0323335375715956e-10,1.7143975128419697e-10,0.0,5.354337831831076e-13,1.4092046261767875e-12
169020.0,1.2,0.16214266042176131,0.16214266042176131,0.05341647579647279,0.1266308442970588,3,2.0274069922887605e-10,1.6336798580596223e-10,0.0,5.348689072867373e-13,1.4081924686534334e-12
169080.0,1.2,0.16210191515346378,0.16210191515346378,0.05341357101868496,0.1266034285157111,3,2.022495851350392e-10,1.7223555914824829e-10,0.0,5.344068746368117e-13,1.4071814238848722e-12
169140.0,1.2,0.1620612058941877,0.1620612058941877,0.053410670097293715,0.12657603595662775,3,2.0175972698099898e-10,8.401457307627425e-11,0.0,5.339486787284999e-13,1.4061714916597591e-12
169200.0,1.2,0.1620205325948105,0.1620205325948105,0.05340777302540934,0.12654866658898606,3,2.0127153416149568e-10,1.0953726814477704e-10,0.0,5.335864173482775e-13,1.4051626668293086e-12
169260.0,1.2,0.16197989520629888,0.16197989520629888,0.05340487979616251,0.12652132038201835,3,2.0078431972603283e-10,9.237055564881302e-11,0.0,5.330646937571633e-13,1.4041549518655498e-12
169320.0,1.2,0.16193929367970722,0.16193929367970722,0.05340199040269659,0.12649399730501193,3,2.0029883307515206e-10,9.99875737761613e-11,0.0,5.325785359148341e-13,1.4031483436396721e-12
169380.0,1.2,0.16189872796617727,0.16189872796617727,0.05339910483817172,0.12646669732730884,3,1.9981430399163003e-10,9.760015018400736e-11,0.0,5.321392241825648e-13,1.4021428420007151e-12
169440.0,1.2000000000000002,0.1618581980169395,0.1618581980169395,0.05339622309576344,0.12643942041830578,3,1.9933128758697904e-10,9.396217137691565e-11,0.0,5.317621361258755e-13,1.4011384421956989e-12
169500.0,1.2,0.16181770378331103,0.16181770378331103,0.05339334516866171,0.12641216654745407,3,1.9884967977779056e-10,9.742961992742494e-11,0.0,5.312312152392618e-13,1.4001351449806666e-12
169560.0,1.2000000000000002,0.16177724521669679,0.16177724521669679,0.05339047105007183,0.12638493568425924,3,1.983693626028682e-10,1.135163074650336e-10,0.0,5.308521223614654e-13,1.3991329484878444e-12
169620.0,1.2,0.161736822268589,0.161736822268589,0.05338760073321178,0.1263577277982813,3,1.9789029442884853e-10,1.0368239600211382e-10,0.0,5.303456847504339e-13,1.3981318508167848e-12
169680.0,1.2000000000000002,0.16169643489056645,0.16169643489056645,0.053384734211321554,0.12633054285913445,3,1.9741241280568644e-10,9.640643838793039e-11,0.0,5.299326999668355e-13,1.3971318512846502e-12
169740.0,1.1999999999999997,0.16165608303429552,0.16165608303429552,0.053381871477649334,0.12630338083648676,3,1.9693634223383327e-10,9.748646334628575e-11,0.0,5.293655785861221e-13,1.3961329470111978e-12
169800.0,1.2,0.16161576665152877,0.16161576665152877,0.05337901252546112,0.1262762417000604,3,1.964611390237181e-10,8.071765478234738e-11,0.0,5.289896993513276e-13,1.3951351371357462e-12
169860.0,1.2,0.16157548569410482,0.16157548569410482,0.05337615734803859,0.12624912541963135,3,1.9598737216464102e-10,8.805045581539162e-11,0.0,5.286605155606076e-13,1.394138420135042e-12
169920.0,1.2000000000000002,0.16153524011394874,0.16153524011394874,0.05337330593867612,0.12622203196502912,3,1.9551500696213253e-10,8.691358743817545e-11,0.0,5.280956984271481e-13,1.3931427940478404e-12
169980.0,1.2,0.16149502986307243,0.16149502986307243,0.05337045829068534,0.126194961306137,3,1.9504411280513168e-10,9.822542779147625e-11,0.0,5.277233801188639e-13,1.3921482578215538e-12
170040.0,1.2,0.1614548548935722,0.1614548548935722,0.053367614397393556,0.12616791341289155,3,1.945744121378823e-10,1.0749090506578796e-10,0.0,5.271523684217028e-13,1.3911548102720732e-12
170100.0,1.2,0.1614147151576313,0.1614147151576313,0.05336477425214379,0.1261408882552828,3,1.9410561352684041e-10,9.015366231324151e-11,0.0,5.268426940232196e-13,1.390162449627164e-12
170160.0,1.2,0.1613746106075182,0.1613746106075182,0.053361937848287105,0.1261138858033538,3,1.936385288225928e-10,1.0271605788148008e-10,0.0,5.263153867909171e-13,1.389171173124457e-12
170220.0,1.2,0.16133454119558593,0.16133454119558593,0.053359105179193726,0.12608690602720093,3,1.931728735304894e-10,1.1613110473263077e-10,0.0,5.258730303987189e-13,1.38818098032141e-12
170280.0,1.2000000000000002,0.16129450687427385,0.16129450687427385,0.05335627623825323,0.12605994889697342,3,1.9270819662242644e-10,1.7291768017457798e-10,0.0,5.254939693905372e-13,1.3871918699400293e-12
170340.0,1.2000000000000002,0.1612545075961047,0.1612545075961047,0.053353451018861645,0.1260330143828734,3,1.922447756541601e-10,1.6200374375330284e-10,0.0,5.250406234870022e-13,1.3862038406551715e-12
170400.0,1.2,0.16121454331368784,0.16121454331368784,0.05335062951443631,0.12600610245515564,3,1.9178274940356843e-10,1.0265921446261927e-10,0.0,5.245693263083369e-13,1.3852168901176436e-12
170460.0,1.2,0.16117461397971578,0.16117461397971578,0.053347811718402846,0.12597921308412768,3,1.9132207623728803e-10,1.028297447192017e-10,0.0,5.241150913378446e-13,1.3842310167256104e-12
170520.0,1.2,0.1611347195469664,0.1611347195469664,0.0533449976242073,0.12595234624014948,3,1.9086271452195547e-10,9.356426744488999e-11,0.0,5.2367132093002e-13,1.3832462193789216e-12
170580.0,1.1999999999999997,0.16109485996830045,0.16109485996830045,0.05334218722530788,0.12592550189363338,3,1.9040433119066336e-10,1.1294787327642553e-10,0.0,5.231405447801612e-13,1.382262496859554e-12
170640.0,1.2000000000000002,0.16105503519666356,0.16105503519666356,0.05333938051517804,0.12589868001504406,3,1.8994749523271182e-10,9.697487257653847e-11,0.0,5.229234612472082e-13,1.3812798461267913e-12
170700.0,1.2,0.16101524518508523,0.16101524518508523,0.05333657748730438,0.12587188057489823,3,1.8949191521455688e-10,9.748646334628575e-11,0.0,5.223419574588086e-13,1.3802982681244468e-12
170760.0,1.2000000000000002,0.160975489886679,0.160975489886679,0.05333377813518959,0.12584510354376482,3,1.890373274582302e-10,1.7104184735217132e-10,0.0,5.220398124420727e-13,1.3793177598473733e-12
170820.0,1.2,0.16093576925464045,0.16093576925464045,0.05333098245234947,0.1258183488922645,3,1.8858430095303191e-10,8.782308213994838e-11,0.0,5.214643434457849e-13,1.3783383196685065e-12
170880.0,1.2,0.16089608324224952,0.16089608324224952,0.053328190432312385,0.1257916165910699,3,1.8813237079307044e-10,9.845280146691948e-11,0.0,5.210308905345326e-13,1.3773599464967953e-12
170940.0,1.2,0.16085643180286974,0.16085643180286974,0.05332540206862553,0.12576490661090534,3,1.876815577950275e-10,9.413270163349807e-11,0.0,5.206421859503673e-13,1.376382639876463e-12
171000.0,1.2,0.160816814889947,0.160816814889947,0.05332261735484875,0.12573821892254655,3,1.8723230604811292e-10,8.458300726488233e-11,0.0,5.202513922653167e-13,1.3754063957303365e-12
171060.0,1.2,0.16077723245700923,0.16077723245700923,0.05331983628455433,0.12571155349682092,3,1.867840257463449e-10,1.0686562745831907e-10,0.0,5.197444022829245e-13,1.374431214323527e-12
171120.0,1.2,0.1607376844576679,0.1607376844576679,0.0533170588513283,0.1256849103046071,3,1.8633724424566012e-10,9.299583325628191e-11,0.0,5.19269593411539e-13,1.3734570941054847e-12
171180.0,1.2,0.16069817084561602,0.16069817084561602,0.053314285048775244,0.12565828931683504,3,1.8589140643454627e-10,1.0373923942097463e-10,0.0,5.188626418318657e-13,1.372484033636088e-12
171240.0,1.2000000000000002,0.16065869157463036,0.16065869157463036,0.05331151487051098,0.1256316905044857,3,1.854469286466376e-10,1.063540366885718e-10,0.0,5.184681093433859e-13,1.3715120314772835e-12
171300.0,1.2,0.1606192465985677,0.1606192465985677,0.053308748310163884,0.12560511383859121,3,1.8500358883732915e-10,1.1948486644541845e-10,0.0,5.179868458691841e-13,1.3705410845842192e-12
171360.0,1.2000000000000002,0.16057983587136782,0.16057983587136782,0.053305985361379565,0.12557855929023445,3,1.8456157435675635e-10,9.29389898374211e-11,0.0,5.176066440135016e-13,1.3695711933183731e-12
171420.0,1.2,0.16054045934705244,0.16054045934705244,0.05330322601781416,0.12555202683054925,3,1.841207186714655e-10,1.0396661309641786e-10,0.0,5.171651712884256e-13,1.3686023553566086e-12
171480.0,1.2000000000000002,0.1605011169797238,0.1605011169797238,0.053300470273141796,0.12552551643072002,3,1.836811813760164e-10,9.64632818067912e-11,0.0,5.167166509315911e-13,1.367634569237711e-12
171540.0,1.1999999999999997,0.16046180872356616,0.16046180872356616,0.053297718121047825,0.12549902806198165,3,1.8324260164792605e-10,9.237055564881302e-11,0.0,5.16177128425398e-13,1.36666783498815e-12
171600.0,1.2,0.16042253453284527,0.16042253453284527,0.053294969555231025,0.12547256169561966,3,1.8280550684313113e-10,1.0976464182022028e-10,0.0,5.1586621757057e-13,1.365702148136601e-12
171660.0,1.2,0.16038329436190682,0.16038329436190682,0.053292224569407194,0.1254461173029698,3,1.8236954307804254e-10,9.191580829792656e-11,0.0,5.154727945893721e-13,1.3647375099333473e-12
171720.0,1.2000000000000002,0.16034408816517814,0.16034408816517814,0.053289483157302135,0.12541969485541812,3,1.8193463402482735e-10,9.060840966412798e-11,0.0,5.149707490559302e-13,1.3637739178451484e-12
171780.0,1.2,0.16030491589716675,0.16030491589716675,0.05328674531265762,0.12539329432440074,3,1.815012168338015e-10,9.731593308970332e-11,0.0,5.146205720830082e-13,1.3628113695836091e-12
171840.0,1.2,0.16026577751246104,0.16026577751246104,0.05328401102923036,0.1253669156814038,3,1.8106873639345267e-10,9.669065548223443e-11,0.0,5.140749954088246e-13,1.3618498656698533e-12
171900.0,1.2,0.16022667296572898,0.16022667296572898,0.05328128030078911,0.12534055889796336,3,1.8063750495400654e-10,8.844835974741727e-11,0.0,5.137899339878436e-13,1.3608894035168734e-12
171960.0,1.2,0.1601876022117192,0.1601876022117192,0.05327855312111452,0.12531422394566527,3,1.8020723108191916e-10,1.1692691259668209e-10,0.0,5.132362733370905e-13,1.359929981250692e-12
172020.0,1.2,0.16014856520526,0.16014856520526,0.053275829484003744,0.12528791079614504,3,1.7977854621653577e-10,9.299583325628191e-11,0.0,5.128304448172262e-13,1.3589715968715996e-12
172080.0,1.2000000000000002,0.16010956190126033,0.16010956190126033,0.05327310938326928,0.1252616194210878,3,1.7935072177399647e-10,1.0277290130034089e-10,0.0,5.124753436182652e-13,1.3580142522159375e-12
172140.0,1.2000000000000002,0.16007059225470738,0.16007059225470738,0.053270392812730646,0.12523534979222806,3,1.7892424347687452e-10,1.2539658200694248e-10,0.0,5.120522032272666e-13,1.3570579421158947e-12
172200.0,1.2,0.16003165622066756,0.16003165622066756,0.053267679766227566,0.12520910188134973,3,1.7849884070830768e-10,9.799805411603302e-11,0.0,5.115888224185264e-13,1.356102666556582e-12
172260.0,1.2,0.15999275375428865,0.15999275375428865,0.05326497023760886,0.12518287566028607,3,1.7807474245179478e-10,1.0396661309641786e-10,0.0,5.111624808782619e-13,1.3551484234353061e-12
172320.0,1.2,0.15995388481079528,0.15995388481079528,0.05326226422073748,0.1251566711009193,3,1.7765151849591376e-10,1.0265921446261927e-10,0.0,5.10713056101998e-13,1.354195212787636e-12
172380.0,1.1999999999999997,0.15991504934549253,0.15991504934549253,0.05325956170949387,0.1251304881751808,3,1.772298002800099e-10,8.668621376273222e-11,0.0,5.101850868075681e-13,1.3532430325377618e-12
172440.0,1.2000000000000002,0.15987624731376268,0.15987624731376268,0.05325686269776749,0.12510432685505082,3,1.7680898412031354e-10,9.674749890109524e-11,0.0,5.099960940635196e-13,1.352291880504822e-12
172500.0,1.2,0.15983747867106865,0.15983747867106865,0.05325416717946123,0.12507818711255847,3,1.763894308393077e-10,1.2613554645213298e-10,0.0,5.094377980249627e-13,1.351341755329345e-12
172560.0,1.2000000000000002,0.15979874337294958,0.15979874337294958,0.053251475148494834,0.12505206891978152,3,1.759708559423423e-10,8.697043085703626e-11,0.0,5.091710836552566e-13,1.3503926570514491e-12
172620.0,1.2,0.15976004137502428,0.15976004137502428,0.053248786598797615,0.12502597224884635,3,1.755536896408394e-10,9.617906471248716e-11,0.0,5.086123610297316e-13,1.3494445828136391e-12
172680.0,1.2,0.1597213726329891,0.1597213726329891,0.05324610152431311,0.1249998970719279,3,1.7513771682908796e-10,1.0578560249996372e-10,0.0,5.08217099881159e-13,1.34849753096114e-12
172740.0,1.2,0.15968273710261816,0.15968273710261816,0.05324341991900003,0.12497384336124948,3,1.7472267382911966e-10,1.169837560155429e-10,0.0,5.077860100859504e-13,1.34755150079333e-12
172800.0,1.2,0.15964413473976333,0.15964413473976333,0.05324074177682717,0.12494781108908265,3,1.7430869941881255e-10,1.085140866052825e-10,0.0,5.07428367152873e-13,1.3466064911968237e-12
172860.0,1.2,0.15960556550035493,0.15960556550035493,0.05323806709177904,0.12492180022774718,3,1.738959046204691e-10,1.1721112969098613e-10,0.0,5.06928230514057e-13,1.3456625003534783e-12
172920.0,1.2,0.1595670293403995,0.1595670293403995,0.05323539585785235,0.1248958107496109,3,1.7348418535068078e-10,1.1732481652870774e-10,0.0,5.065199613746342e-13,1.3447195267702328e-12
172980.0,1.2,0.15952852621598096,0.15952852621598096,0.05323272806905701,0.12486984262708963,3,1.7307386079856713e-10,1.0010126061388291e-10,0.0,5.06112040577511e-13,1.343777568158692e-12
173040.0,1.2000000000000002,0.15949005608326075,0.15949005608326075,0.05323006371941417,0.12484389583264707,3,1.7266425789141948e-10,1.0800249583553523e-10,0.0,5.057100574813481e-13,1.3428366250523875e-12
173100.0,1.2,0.15945161889847703,0.15945161889847703,0.053227402802961475,0.12481797033879466,3,1.7225594561853796e-10,1.007265382213518e-10,0.0,5.052063599160218e-13,1.3418966951637511e-12
173160.0,1.2000000000000002,0.15941321461794483,0.15941321461794483,0.053224745313748094,0.12479206611809149,3,1.7184902806333113e-10,1.0334133548894897e-10,0.0,5.048728252346891e-13,1.3409577757184192e-12
173220.0,1.2,0.15937484319805575,0.15937484319805575,0.05322209124583309,0.12476618314314426,3,1.7144286684755983e-10,9.276845958083868e-11,0.0,5.044428103242907e-13,1.3400198668264067e-12
173280.0,1.2000000000000002,0.15933650459527762,0.15933650459527762,0.053219440593294184,0.12474032138660705,3,1.7103800320494855e-10,1.169837560155429e-10,0.0,5.040311078426953e-13,1.3390829670728213e-12
173340.0,1.1999999999999997,0.15929819876615445,0.15929819876615445,0.05321679335021837,0.1247144808211813,3,1.7063392365734842e-10,1.0334133548894897e-10,0.0,5.035196923249119e-13,1.3381470753686796e-12
173400.0,1.2,0.1592599256673057,0.1592599256673057,0.05321414951070387,0.12468866141961575,3,1.7023137760530105e-10,9.748646334628575e-11,0.0,5.031699992195609e-13,1.3372121877108412e-12
173460.0,1.2,0.15922168525542893,0.15922168525542893,0.05321150906886533,0.12466286315470626,3,1.698295948315831e-10,1.1408474165364169e-10,0.0,5.028478460140614e-13,1.3362783069361217e-12
173520.0,1.2000000000000002,0.15918347748729503,0.15918347748729503,0.05320887201882737,0.12463708599929572,3,1.6942906105876787e-10,1.5910472939140163e-10,0.0,5.023511323412643e-13,1.3353454282183362e-12
173580.0,1.2,0.15914530231975188,0.15914530231975188,0.05320623835473086,0.12461132992627402,3,1.6902948485331137e-10,9.447376214666292e-11,0.0,5.020467749803492e-13,1.3344135517911629e-12
173640.0,1.2,0.15910715970972217,0.15910715970972217,0.053203608070726036,0.12458559490857776,3,1.686311923432271e-10,1.1249312592553906e-10,0.0,5.014806856034029e-13,1.3334826743810347e-12
173700.0,1.2,0.15906904961420376,0.15906904961420376,0.0532009811609744,0.12455988091919037,3,1.6823396148391012e-10,9.742961992742494e-11,0.0,5.011899855899711e-13,1.3325527970297855e-12
173760.0,1.2,0.15903097199027036,0.15903097199027036,0.0531983576196567,0.12453418793114195,3,1.6783761186411894e-10,1.0413714335300028e-10,0.0,5.006581358258516e-13,1.331623917675254e-12
173820.0,1.2,0.15899292679506988,0.15899292679506988,0.05319573744095972,0.12450851591750906,3,1.6744243491739752e-10,9.879386198008433e-11,0.0,5.003113552432898e-13,1.3306960336448199e-12
173880.0,1.2000000000000002,0.15895491398582576,0.15895491398582576,0.05319312061908727,0.12448286485141469,3,1.670485069715788e-10,9.254108590539545e-11,0.0,4.999451308076655e-13,1.3297691444909781e-12
173940.0,1.2000000000000002,0.15891693351983496,0.15891693351983496,0.05319050714825056,0.12445723470602824,3,1.6665542557081636e-10,1.6859758034115657e-10,0.0,4.995451488268404e-13,1.3288432494986313e-12
174000.0,1.2,0.15887898535447037,0.15887898535447037,0.05318789702268135,0.12443162545456522,3,1.6626340582082122e-10,1.0197709343628958e-10,0.0,4.991025753824495e-13,1.3279183459467687e-12
174060.0,1.2,0.15884106944717796,0.15884106944717796,0.05318529023661535,0.12440603707028737,3,1.6587244772159337e-10,8.151346264639869e-11,0.0,4.986566923685754e-13,1.3269944340661737e-12
174120.0,1.2,0.1588031857554784,0.1588031857554784,0.05318268678430334,0.12438046952650253,3,1.6548282188999508e-10,9.987388693843968e-11,0.0,4.982743233790973e-13,1.326071510718523e-12
174180.0,1.1999999999999997,0.15876533423696598,0.15876533423696598,0.05318008666001235,0.1243549227965643,3,1.650939107644689e-10,9.879386198008433e-11,0.0,4.977207563254849e-13,1.325149575556401e-12
174240.0,1.2000000000000002,0.1587275148493097,0.1587275148493097,0.05317748985801802,0.12432939685387222,3,1.647060751674978e-10,1.3636736184707843e-10,0.0,4.975870751505295e-13,1.324228626509788e-12
174300.0,1.2,0.15868972755025104,0.15868972755025104,0.05317489637260901,0.12430389167187156,3,1.643194677547477e-10,1.0697931429604068e-10,0.0,4.970325898073232e-13,1.3233086629632615e-12
174360.0,1.2000000000000002,0.1586519722976061,0.1586519722976061,0.05317230619808697,0.12427840722405317,3,1.6393382484825025e-10,9.589484761818312e-11,0.0,4.967494366456932e-13,1.3223896829295204e-12
174420.0,1.2,0.15861424904926355,0.15861424904926355,0.05316971932876458,0.12425294348395355,3,1.6354918808136887e-10,9.231371222995222e-11,0.0,4.962327300307256e-13,1.3214716861281502e-12
174480.0,1.2,0.15857655776318547,0.15857655776318547,0.05316713575896756,0.12422750042515456,3,1.6316571010976944e-10,1.0334133548894897e-10,0.0,4.958045672637454e-13,1.320554669824492e-12
174540.0,1.2,0.1585388983974073,0.1585388983974073,0.05316455548303475,0.12420207802128339,3,1.6278323133889216e-10,1.0965095498249866e-10,0.0,4.954376153326986e-13,1.3196386337298596e-12
174600.0,1.2,0.15850127091003735,0.15850127091003735,0.0531619784953175,0.12417667624601249,3,1.6240168237979802e-10,1.7200818547280505e-10,0.0,4.950843431955081e-13,1.3187235761274398e-12
174660.0,1.2,0.15846367525925664,0.15846367525925664,0.053159404790174884,0.12415129507305953,3,1.620212575215163e-10,1.5899104255368002e-10,0.0,4.94605170092741e-13,1.317809495295456e-12
174720.0,1.2,0.15842611140331825,0.15842611140331825,0.05315683436198321,0.12412593447618715,3,1.616419220695775e-10,1.631974555493798e-10,0.0,4.942415671182094e-13,1.3168963893247755e-12
174780.0,1.2,0.15838857930054814,0.15838857930054814,0.053154267205128884,0.12410059442920296,3,1.6126338459043765e-10,9.765699360286817e-11,0.0,4.937671275531889e-13,1.3159842591116483e-12
174840.0,1.2000000000000002,0.1583510789093446,0.1583510789093446,0.05315170331401093,0.12407527490595943,3,1.6088604753994318e-10,9.941913958755322e-11,0.0,4.93452907340636e-13,1.3150731005809693e-12
174900.0,1.2,0.15831361018817786,0.15831361018817786,0.05314914268303776,0.12404997588035385,3,1.60509772140216e-10,1.5825207810848951e-10,0.0,4.929607233882826e-13,1.3141629138059439e-12
174960.0,1.2000000000000002,0.15827617309559094,0.15827617309559094,0.05314658530663457,0.1240246973263281,3,1.6013439879669633e-10,9.947598300641403e-11,0.0,4.926627267154058e-13,1.3132536976475444e-12
175020.0,1.2,0.1582387675901971,0.1582387675901971,0.05314403117923467,0.12399943921786863,3,1.5976003853168663e-10,8.29913915367797e-11,0.0,4.922273746504066e-13,1.3123454506772298e-12
175080.0,1.2000000000000002,0.15820139363068284,0.15820139363068284,0.053141480295285426,0.1239742015290064,3,1.593865248117332e-10,1.1152678780490533e-10,0.0,4.918209721598414e-13,1.3114381715619987e-12
175140.0,1.1999999999999997,0.15816405117580495,0.15816405117580495,0.05313893264924277,0.12394898423381676,3,1.590144474428179e-10,9.29389898374211e-11,0.0,4.91353293717685e-13,1.3105318570328333e-12
175200.0,1.2,0.15812674018439282,0.15812674018439282,0.05313638823558112,0.12392378730641929,3,1.5864297375767222e-10,1.5967316358000971e-10,0.0,4.909978593171385e-13,1.3096265099947918e-12
175260.0,1.2,0.15808946061534587,0.15808946061534587,0.05313384704877843,0.12389861072097783,3,1.5827261723444508e-10,1.0703615771490149e-10,0.0,4.906703182409406e-13,1.3087221247560444e-12
175320.0,1.2000000000000002,0.15805221242763534,0.15805221242763534,0.053131309083328596,0.12387345445170024,3,1.5790335011756085e-10,1.0794565241667442e-10,0.0,4.901964515878298e-13,1.3078187015266951e-12
175380.0,1.2,0.1580149955803035,0.1580149955803035,0.05312877433374131,0.12384831847283848,3,1.5753488097347557e-10,9.032419256982394e-11,0.0,4.899003586215019e-13,1.30691624084772e-12
175440.0,1.2,0.1579778100324625,0.1579778100324625,0.05312624279453154,0.12382320275868827,3,1.5716762613582347e-10,8.895995051716454e-11,0.0,4.893781566685308e-13,1.3060147384632748e-12
175500.0,1.2,0.15794065574329588,0.15794065574329588,0.053123714460226304,0.12379810728358928,3,1.5680135662110573e-10,1.0106759873451665e-10,0.0,4.89076205834098e-13,1.3051141942956045e-12
175560.0,1.2,0.15790353267205742,0.15790353267205742,0.05312118932537054,0.12377303202192487,3,1.5643596834591378e-10,9.760015018400736e-11,0.0,4.88575087378217e-13,1.3042146077640283e-12
175620.0,1.2,0.15786644077807105,0.15786644077807105,0.0531186673845116,0.12374797694812191,3,1.5607164172148913e-10,1.61662683240138e-10,0.0,4.882559973614921e-13,1.3033159758567816e-12
175680.0,1.2000000000000002,0.15782938002073155,0.15782938002073155,0.05311614863221778,0.12372294203665096,3,1.5570813388654514e-10,1.0942358130705543e-10,0.0,4.878939771739015e-13,1.302418299402286e-12
175740.0,1.2000000000000002,0.15779235035950287,0.15779235035950287,0.053113633063065095,0.123697927262026,3,1.5534565994679284e-10,1.5722889656899497e-10,0.0,4.874778780619143e-13,1.3015215759359565e-12
175800.0,1.2,0.15775535175391986,0.15775535175391986,0.05311112067163851,0.1236729325988042,3,1.5498423378002002e-10,1.0572875908110291e-10,0.0,4.87045999784911e-13,1.3006258033000927e-12
175860.0,1.2,0.1577183841635858,0.1577183841635858,0.053108611452537376,0.12364795802158612,3,1.546236749749852e-10,8.111555871437304e-11,0.0,4.866640037016879e-13,1.2997309808172336e-12
175920.0,1.2,0.15768144754817434,0.15768144754817434,0.05310610540037197,0.12362300350501551,3,1.542642610874445e-10,1.063540366885718e-10,0.0,4.862828261699293e-13,1.2988371077983378e-12
175980.0,1.1999999999999997,0.15764454186742818,0.15764454186742818,0.05310360250976403,0.12359806902377911,3,1.5390564517270278e-10,1.5853629520279355e-10,0.0,4.857623389292807e-13,1.2979441830158693e-12
176040.0,1.2000000000000002,0.15760766708116045,0.15760766708116045,0.05310110277534708,0.12357315455260663,3,1.5354799376421369e-10,1.0311396181350574e-10,0.0,4.855773097700298e-13,1.2970522037459222e-12
176100.0,1.2,0.15757082314925192,0.15757082314925192,0.053098606191765284,0.12354826006627073,3,1.5319126522861382e-10,1.0521716831135564e-10,0.0,4.851230155072313e-13,1.2961611703830618e-12
176160.0,1.2000000000000002,0.15753401003165318,0.15753401003165318,0.053096112753673784,0.12352338553958683,3,1.528356954882959e-10,1.0891199053730816e-10,0.0,4.848329308632357e-13,1.2952710803158788e-12
176220.0,1.2,0.15749722768838353,0.15749722768838353,0.05309362245574345,0.12349853094741307,3,1.5248095147635254e-10,9.760015018400736e-11,0.0,4.843212153899098e-13,1.2943819327196743e-12
176280.0,1.2,0.15746047607953073,0.15746047607953073,0.053091135292649236,0.12347369626465021,3,1.521270956428289e-10,1.2460077414289117e-10,0.0,4.839089805481071e-13,1.2934937268462632e-12
176340.0,1.2,0.1574237551652519,0.1574237551652519,0.05308865125908159,0.12344888146624153,3,1.5177416268219446e-10,1.063540366885718e-10,0.0,4.835214813977048e-13,1.292606460482524e-12
176400.0,1.2,0.15738706490577098,0.15738706490577098,0.05308617034974393,0.12342408652717268,3,1.5142231912790294e-10,9.157474778476171e-11,0.0,4.83205074887236e-13,1.291720132619296e-12
176460.0,1.2,0.15735040526138208,0.15735040526138208,0.05308369255934723,0.12339931142247176,3,1.5107121109636523e-10,9.134737410931848e-11,0.0,4.827493174809001e-13,1.2908347429616898e-12
176520.0,1.2,0.15731377619244621,0.15731377619244621,0.053081217882615744,0.12337455612720905,3,1.5072126186010948e-10,1.0720668797148392e-10,0.0,4.823708233495184e-13,1.2899502883804808e-12
176580.0,1.2,0.15727717765939334,0.15727717765939334,0.05307874631428458,0.12334982061649699,3,1.5037206896328925e-10,9.055156624526717e-11,0.0,4.819596992855469e-13,1.2890667690167034e-12
176640.0,1.2000000000000002,0.15724060962271966,0.15724060962271966,0.05307627784909769,0.12332510486549014,3,1.5002402098396317e-10,9.00968188943807e-11,0.0,4.816436985038598e-13,1.2881841828656853e-12
176700.0,1.2,0.15720407204299103,0.15720407204299103,0.05307381248181524,0.12330040884938505,3,1.496767154662848e-10,1.0277290130034089e-10,0.0,4.81154905965548e-13,1.2873025286064192e-12
176760.0,1.2000000000000002,0.15716756488083988,0.15716756488083988,0.05307135020720446,0.12327573254342011,3,1.4933049935494935e-10,9.623590813134797e-11,0.0,4.808625724490775e-13,1.286421805412138e-12
176820.0,1.2,0.15713108809696555,0.15713108809696555,0.053068891020043016,0.12325107592287557,3,1.4898509509420066e-10,1.0436451702844352e-10,0.0,4.804563936810894e-13,1.285542012026768e-12
176880.0,1.2000000000000002,0.1570946416521358,0.1570946416521358,0.053066434915122015,0.12322643896307338,3,1.486406206452351e-10,9.99875737761613e-11,0.0,4.80053168093472e-13,1.2846631475052553e-12
176940.0,1.1999999999999997,0.15705822550718465,0.15705822550718465,0.0530639818872455,0.12320182163937707,3,1.4829727029708195e-10,1.0663825378287584e-10,0.0,4.79584913245395e-13,1.283785208676603e-12
177000.0,1.2,0.15702183962301366,0.15702183962301366,0.053061531931222664,0.12317722392719184,3,1.4795457914384968e-10,8.810729923425242e-11,0.0,4.792673649345132e-13,1.28290819725597e-12
177060.0,1.2,0.1569854839605911,0.1569854839605911,0.053059085041878,0.12315264580196422,3,1.4761277616903712e-10,1.5779733075760305e-10,0.0,4.789674101332206e-13,1.282032109280748e-12
177120.0,1.2000000000000002,0.15694915848095123,0.15694915848095123,0.05305664121404761,0.12312808723918219,3,1.4727184055596254e-10,1.091962076316122e-10,0.0,4.785314999793884e-13,1.2811569448890756e-12
177180.0,1.2,0.15691286314519648,0.15691286314519648,0.05305420044257233,0.12310354821437494,3,1.4693195271586745e-10,1.0828671292983927e-10,0.0,4.781838095775621e-13,1.2802827026002998e-12
177240.0,1.2,0.1568765979144947,0.1568765979144947,0.053051762722311734,0.1230790287031129,3,1.4659308489317624e-10,1.0248868420603685e-10,0.0,4.776829355965654e-13,1.2794093806033087e-12
177300.0,1.2,0.15684036275007973,0.15684036275007973,0.053049328048132574,0.12305452868100761,3,1.4625485544872419e-10,9.600853445590474e-11,0.0,4.774246637101237e-13,1.2785369788079395e-12
177360.0,1.2,0.15680415761325192,0.15680415761325192,0.05304689641491012,0.12303004812371164,3,1.4591756969384306e-10,1.0470557754160836e-10,0.0,4.769364904587756e-13,1.2776654945800355e-12
177420.0,1.2,0.15676798246537807,0.15676798246537807,0.0530444678175345,0.12300558700691844,3,1.4558138722309266e-10,9.373479770147242e-11,0.0,4.765969046799468e-13,1.2767949269145724e-12
177480.0,1.2000000000000002,0.15673183726789042,0.15673183726789042,0.05304204225090518,0.12298114530636234,3,1.4524604435850463e-10,9.99875737761613e-11,0.0,4.762692574069932e-13,1.2759252758524955e-12
177540.0,1.2000000000000002,0.15669572198228707,0.15669572198228707,0.05303961970993229,0.12295672299781847,3,1.4491144395556432e-10,1.177795638795942e-10,0.0,4.758903267360062e-13,1.2750565388258227e-12
177600.0,1.2,0.15665963657013185,0.15665963657013185,0.053037200189537455,0.12293232005710256,3,1.4457774560883152e-10,8.822098607197404e-11,0.0,4.754705450424018e-13,1.2741887146363829e-12
177660.0,1.2,0.15662358099305373,0.15662358099305373,0.053034783684650144,0.12290793646007098,3,1.4424503952392698e-10,1.0192025001742877e-10,0.0,4.750694924119314e-13,1.2733218029636434e-12
177720.0,1.2,0.15658755521274734,0.15658755521274734,0.05303237019021332,0.12288357218262057,3,1.4391330488416898e-10,9.191580829792656e-11,0.0,4.747032888344934e-13,1.2724558006812753e-12
177780.0,1.1999999999999997,0.15655155919097238,0.15655155919097238,0.05302995970117864,0.12285922720068865,3,1.4358234740052822e-10,1.6700596461305395e-10,0.0,4.742021439088328e-13,1.2715907092145107e-12
177840.0,1.2000000000000002,0.15651559288955408,0.15651559288955408,0.053027552212509474,0.1228349014902528,3,1.4325212543964128e-10,9.652012522565201e-11,0.0,4.740817256816446e-13,1.2707265255110532e-12
177900.0,1.2,0.15647965627038127,0.15647965627038127,0.05302514771918168,0.12281059502733092,3,1.4292281247385574e-10,1.6183321349672042e-10,0.0,4.735904773830606e-13,1.2698632486374294e-12
177960.0,1.2000000000000002,0.1564437492954094,0.1564437492954094,0.053022746216178286,0.12278630778798102,3,1.42594526464368e-10,1.6825651982799172e-10,0.0,4.733198932374558e-13,1.2690008771125725e-12
178020.0,1.2,0.1564078719266572,0.1564078719266572,0.05302034769849313,0.12276203974830122,3,1.422670592443609e-10,1.0442136044730432e-10,0.0,4.728290864547955e-13,1.2681394101246046e-12
178080.0,1.2,0.15637202412620865,0.15637202412620865,0.05301795216113328,0.12273779088442963,3,1.4194043163051617e-10,9.390532795805484e-11,0.0,4.724571485701837e-13,1.267278846986966e-12
178140.0,1.2,0.1563362058562116,0.1563362058562116,0.053015559599113464,0.12271356117254428,3,1.4161462974504602e-10,1.581383912707679e-10,0.0,4.720511053274673e-13,1.2664191854331815e-12
178200.0,1.2,0.1563004170788785,0.1563004170788785,0.05301317000746133,0.12268935058886304,3,1.412897923658285e-10,9.180212146020494e-11,0.0,4.717673047150282e-13,1.265560424488419e-12
178260.0,1.2,0.156264657756486,0.156264657756486,0.05301078338121302,0.12266515910964346,3,1.4096577377609165e-10,9.345058060716838e-11,0.0,4.713173142266346e-13,1.2647025631687472e-12
178320.0,1.2,0.15622892785137435,0.15622892785137435,0.05300839971541502,0.12264098671118281,3,1.406424768313208e-10,1.680291461525485e-10,0.0,4.70980147362145e-13,1.2638455999070722e-12
178380.0,1.2,0.1561932273259481,0.1561932273259481,0.053006019005124305,0.12261683336981799,3,1.4032027623178678e-10,9.339373718830757e-11,0.0,4.706141005916814e-13,1.262989533845608e-12
178440.0,1.2000000000000002,0.15615755614267535,0.15615755614267535,0.05300364124540989,0.12259269906192527,3,1.399988944217334e-10,1.0646772352629341e-10,0.0,4.702453778323792e-13,1.2621343631992985e-12
178500.0,1.2,0.15612191426408784,0.15612191426408784,0.05300126643135084,0.12256858376392049,3,1.3967842160678146e-10,1.0464873412274756e-10,0.0,4.697852222074647e-13,1.2612800880959433e-12
178560.0,1.2000000000000002,0.15608630165278034,0.15608630165278034,0.05299889455803359,0.12254448745225865,3,1.39358490025554e-10,1.0373923942097463e-10,0.0,4.695233006678115e-13,1.2604267057309866e-12
178620.0,1.2,0.15605071827141143,0.15605071827141143,0.05299652562055828,0.12252041010343415,3,1.3903942580606454e-10,8.628830983070657e-11,0.0,4.690941326844812e-13,1.2595742159849007e-12
178680.0,1.2000000000000002,0.1560151640827032,0.1560151640827032,0.052994159614031644,0.1224963516939805,3,1.38721450992918e-10,9.617906471248716e-11,0.0,4.686986828593195e-13,1.2587226163893786e-12
178740.0,1.1999999999999997,0.1559796390494404,0.1559796390494404,0.05299179653357419,0.12247231220047025,3,1.3840421170252526e-10,1.1146994438604452e-10,0.0,4.682592458720531e-13,1.2578719075342002e-12
178800.0,1.2,0.15594414313447055,0.15594414313447055,0.052989436374315996,0.12244829159951504,3,1.3808776344603757e-10,1.0663825378287584e-10,0.0,4.679594826060857e-13,1.2570220860333016e-12
178860.0,1.2,0.15590867630070387,0.15590867630070387,0.052987079131396705,0.12242428986776538,3,1.3777221030686349e-10,1.1164047464262694e-10,0.0,4.676797336698708e-13,1.2561731524272453e-12
178920.0,1.2000000000000002,0.15587323851111382,0.15587323851111382,0.05298472479996488,0.12240030698191062,3,1.374571706458383e-10,9.5042196335271e-11,0.0,4.672321311791137e-13,1.2553251054471363e-12
178980.0,1.2,0.1558378297287358,0.1558378297287358,0.052982373375179165,0.12237634291867891,3,1.371434077412914e-10,1.6183321349672042e-10,0.0,4.669491243424254e-13,1.254477942835185e-12
179040.0,1.2,0.1558024499166685,0.1558024499166685,0.05298002485220818,0.12235239765483703,3,1.3683024158162027e-10,1.6751755538280122e-10,0.0,4.664599666270343e-13,1.253631664096324e-12
179100.0,1.2,0.15576709903807168,0.15576709903807168,0.05297767922623615,0.12232847116719041,3,1.365181023782469e-10,9.487166607868858e-11,0.0,4.662215736509525e-13,1.2527862673859404e-12
179160.0,1.2,0.15573177705616856,0.15573177705616856,0.05297533649245119,0.12230456343258295,3,1.3620669869762736e-10,9.345058060716838e-11,0.0,4.657507527165618e-13,1.2519417517296155e-12
179220.0,1.2,0.1556964839342436,0.1556964839342436,0.052972996646050416,0.12228067442789707,3,1.3589604441754943e-10,1.1186784831807017e-10,0.0,4.653902136719586e-13,1.2510981168316322e-12
179280.0,1.2000000000000002,0.1556612196356434,0.1556612196356434,0.05297065968224743,0.12225680413005346,3,1.3558604933239238e-10,1.645048541831784e-10,0.0,4.650635467337623e-13,1.2502553609272006e-12
179340.0,1.2000000000000002,0.15562598412377596,0.15562598412377596,0.052968325596258636,0.12223295251601117,3,1.3527712283689652e-10,9.634959496906959e-11,0.0,4.647186194592891e-13,1.2494134824748697e-12
179400.0,1.2,0.1555907773621113,0.1555907773621113,0.05296599438331637,0.1222091195627674,3,1.3496907064203256e-10,9.595169103704393e-11,0.0,4.643075445232285e-13,1.2485724799282254e-12
179460.0,1.2,0.15555559931418092,0.15555559931418092,0.05296366603865875,0.12218530524735742,3,1.346615596808931e-10,1.02147623692872e-10,0.0,4.639486829214983e-13,1.2477323532607978e-12
179520.0,1.2,0.15552044994357792,0.15552044994357792,0.05296134055753647,0.12216150954685467,3,1.343550201649002e-10,1.6478907127748244e-10,0.0,4.635755145097724e-13,1.2468931004509575e-12
179580.0,1.1999999999999997,0.1554853292139561,0.1554853292139561,0.05295901793520625,0.1221377324383705,3,1.3404930637728185e-10,9.57811607804615e-11,0.0,4.630995982486875e-13,1.24605472056854e-12
179640.0,1.2000000000000002,0.15545023708903083,0.15545023708903083,0.052956698166939056,0.12211397389905414,3,1.3374443913471978e-10,1.1482370609883219e-10,0.0,4.629774555682978e-13,1.2452172120725078e-12
179700.0,1.2,0.15541517353257892,0.15541517353257892,0.05295438124801467,0.12209023390609255,3,1.3344012006477612e-10,9.418954505235888e-11,0.0,4.624915199662381e-13,1.2443805755104544e-12
179760.0,1.2000000000000002,0.15538013850843718,0.15538013850843718,0.052952067173720516,0.12206651243671054,3,1.3313689040117538e-10,9.742961992742494e-11,0.0,4.622203416270208e-13,1.2435448065297554e-12
179820.0,1.2,0.1553451319805032,0.1553451319805032,0.05294975593935408,0.1220428094681705,3,1.328341187045723e-10,1.0913936421275139e-10,0.0,4.617569521361928e-13,1.2427099067516848e-12
179880.0,1.2,0.15531015391273628,0.15531015391273628,0.05294744754022571,0.12201912497777243,3,1.3253235314758527e-10,1.1499423635541461e-10,0.0,4.614036701522443e-13,1.2418758741124271e-12
179940.0,1.2,0.15527520426915487,0.15527520426915487,0.05294514197165165,0.1219954589428538,3,1.322315867913204e-10,1.1601741789490916e-10,0.0,4.610408699531884e-13,1.2410427065684325e-12
180000.0,1.2,0.15524028301383871,0.15524028301383871,0.05294283922896058,0.1219718113407895,3,1.319312645242654e-10,8.924416761146858e-11,0.0,4.607404751182797e-13,1.2402104039563328e-12
180060.0,1.2,0.15520539011092752,0.15520539011092752,0.05294053930749035,0.12194818214899177,3,1.3163192064125084e-10,1.1243628250667825e-10,0.0,4.603180362823197e-13,1.2393789649584294e-12
180120.0,1.2,0.1551705255246215,0.1551705255246215,0.05293824220258643,0.12192457134491011,3,1.3133320819758154e-10,9.231371222995222e-11,0.0,4.599675965174258e-13,1.238548387973714e-12
180180.0,1.2,0.15513568921918006,0.15513568921918006,0.05293594790960524,0.12190097890603116,3,1.3103539087122584e-10,1.1226575225009583e-10,0.0,4.596037726790531e-13,1.2377186725422745e-12
180240.0,1.2000000000000002,0.15510088115892343,0.15510088115892343,0.05293365642391335,0.12187740480987874,3,1.307383715176691e-10,1.00669694802491e-10,0.0,4.593085896378689e-13,1.2368898169874155e-12
180300.0,1.2,0.1550661013082306,0.1550661013082306,0.05293136774088709,0.12185384903401365,3,1.3044202523682102e-10,9.271161616197787e-11,0.0,4.588137448373908e-13,1.2360618204335665e-12
180360.0,1.2000000000000002,0.15503134963154147,0.15503134963154147,0.05292908185590975,0.12183031155603366,3,1.3014658795107437e-10,9.072209650184959e-11,0.0,4.585586554654901e-13,1.235234680490589e-12
180420.0,1.2,0.1549966260933545,0.1549966260933545,0.05292679876437799,0.1218067923535735,3,1.298518306769303e-10,1.0822986951097846e-10,0.0,4.581627950411073e-13,1.2344083981928726e-12
180480.0,1.2000000000000002,0.15496193065822786,0.15496193065822786,0.0529245184616946,0.12178329140430452,3,1.2955770484213147e-10,9.850964488578029e-11,0.0,4.577884358069367e-13,1.2335829711349757e-12
180540.0,1.1999999999999997,0.15492726329077905,0.15492726329077905,0.052922240943274135,0.12175980868593497,3,1.2926475861929632e-10,1.1448264558566734e-10,0.0,4.573892229320278e-13,1.2327583968295665e-12
180600.0,1.2,0.15489262395568462,0.15489262395568462,0.05291996620453973,0.12173634417620964,3,1.289720760744295e-10,1.156195139628835e-10,0.0,4.570857990014206e-13,1.231934677175438e-12
180660.0,1.2,0.15485801261768004,0.15485801261768004,0.052917694240923824,0.12171289785291,3,1.2868041354696658e-10,1.7058710000128485e-10,0.0,4.567895222289432e-13,1.2311118081744127e-12
180720.0,1.2000000000000002,0.15482342924156048,0.15482342924156048,0.052915425047865054,0.12168946969385393,3,1.2838962532013554e-10,1.141984284913633e-10,0.0,4.563663507094838e-13,1.2302897904505984e-12
180780.0,1.2,0.15478887379217826,0.15478887379217826,0.0529131586208192,0.12166605967689578,3,1.2809947547154366e-10,1.0015810403274372e-10,0.0,4.5611032854255e-13,1.2294686223351581e-12
180840.0,1.2,0.15475434623444634,0.15475434623444634,0.05291089495524599,0.12164266777992624,3,1.2781018604579586e-10,1.6359535948140547e-10,0.0,4.55610690912019e-13,1.2286483024438052e-12
180900.0,1.2,0.154719846533335,0.154719846533335,0.052908634046614375,0.12161929398087229,3,1.275212990758945e-10,1.2590817277668975e-10,0.0,4.553767525880859e-13,1.2278288299874093e-12
180960.0,1.2,0.15468537465387297,0.15468537465387297,0.05290637589040368,0.12159593825769704,3,1.2723355702348726e-10,1.638795765757095e-10,0.0,4.549088627053301e-13,1.2270102033273257e-12
181020.0,1.2,0.15465093056114795,0.15465093056114795,0.05290412048210191,0.12157260058839986,3,1.2694638396038016e-10,1.5489831639570184e-10,0.0,4.546037736138277e-13,1.2261924219180287e-12
181080.0,1.2000000000000002,0.15461651422030537,0.15461651422030537,0.05290186781720842,0.12154928095101607,3,1.266598215199366e-10,9.231371222995222e-11,0.0,4.5429657286918783e-13,1.225375484349589e-12
181140.0,1.2000000000000002,0.15458212559654883,0.15458212559654883,0.052899617891227484,0.12152597932361703,3,1.2637429991357862e-10,1.0686562745831907e-10,0.0,4.5394131041632955e-13,1.2245593889585462e-12
181200.0,1.2,0.15454776465514025,0.15454776465514025,0.05289737069967983,0.12150269568430996,3,1.2608943750214152e-10,8.765255188336596e-11,0.0,4.535434735464434e-13,1.2237441360286236e-12
181260.0,1.2,0.15451343136139847,0.15451343136139847,0.05289512623808661,0.12147943001123793,3,1.2580540775797289e-10,1.7189449863508344e-10,0.0,4.5320278302489323e-13,1.2229297222440674e-12
181320.0,1.2,0.15447912568070066,0.15447912568070066,0.05289288450198308,0.12145618228257976,3,1.2552169720292383e-10,1.0231815394945443e-10,0.0,4.5283448971129527e-13,1.222116148537524e-12
181380.0,1.1999999999999997,0.15444484757848215,0.15444484757848215,0.05289064548691503,0.12143295247654995,3,1.2523915932094454e-10,9.458744898438454e-11,0.0,4.523801781902004e-13,1.2213034130019282e-12
181440.0,1.2000000000000002,0.15441059702023427,0.15441059702023427,0.05288840918843329,0.1214097405713987,3,1.249572736949922e-10,1.0328449207008816e-10,0.0,4.5227688548689804e-13,1.220491514111132e-12
181500.0,1.2,0.15437637397150736,0.15437637397150736,0.05288617560210047,0.12138654654541156,3,1.246759709361278e-10,9.697487257653847e-11,0.0,4.517648233653385e-13,1.2196804516641304e-12
181560.0,1.2000000000000002,0.15434217839790806,0.15434217839790806,0.052883944723490145,0.12136337037690977,3,1.2439541063891113e-10,9.214318197336979e-11,0.0,4.515694374283624e-13,1.2188702235958671e-12
181620.0,1.2,0.15430801026509997,0.15430801026509997,0.05288171654817744,0.1213402120442498,3,1.2411579403126538e-10,1.0305711839464493e-10,0.0,4.510989766947325e-13,1.2180608287594561e-12
181680.0,1.2,0.15427386953880462,0.15427386953880462,0.05287949107175527,0.1213170715258235,3,1.2383668396287462e-10,9.970335668185726e-11,0.0,4.5075463948458615e-13,1.217252266607304e-12
181740.0,1.2,0.15423975618479957,0.15423975618479957,0.05287726828981984,0.12129394880005798,3,1.235583788061767e-10,8.58335624798201e-11,0.0,4.5042087462205006e-13,1.2164445362522592e-12
181800.0,1.2,0.15420567016892,0.15420567016892,0.05287504819797872,0.12127084384541548,3,1.2328055937205207e-10,1.5586465451633558e-10,0.0,4.501263287614004e-13,1.2156376363274062e-12
181860.0,1.2,0.1541716114570565,0.1541716114570565,0.05287283079184962,0.12124775664039343,3,1.230037668942252e-10,1.0101075531565584e-10,0.0,4.4971412811855297e-13,1.2148315646746304e-12
181920.0,1.2,0.15413758001515768,0.15413758001515768,0.0528706160670554,0.12122468716352425,3,1.2272782096145463e-10,9.839595804805867e-11,0.0,4.4935816548708466e-13,1.2140263210168266e-12
181980.0,1.2,0.15410357580922748,0.15410357580922748,0.05286840401923051,0.1212016353933753,3,1.2245218727890972e-10,9.157474778476171e-11,0.0,4.4902367556434573e-13,1.2132219055078502e-12
182040.0,1.2000000000000002,0.154069598805327,0.154069598805327,0.0528661946440191,0.12117860130854881,3,1.2217737932473938e-10,9.345058060716838e-11,0.0,4.487020049558679e-13,1.2124183149059805e-12
182100.0,1.2,0.15403564896957264,0.15403564896957264,0.05286398793706973,0.12115558488768197,3,1.2190351506013997e-10,8.759570846450515e-11,0.0,4.4826802868413334e-13,1.2116155487144954e-12
182160.0,1.2000000000000002,0.15400172626813796,0.15400172626813796,0.05286178389404653,0.12113258610944658,3,1.2163017815147725e-10,1.0760459190350957e-10,0.0,4.4802429580059386e-13,1.2108136064631428e-12
182220.0,1.2,0.15396783066725175,0.15396783066725175,0.05285958251061647,0.12110960495254912,3,1.2135763227671958e-10,1.5165824152063578e-10,0.0,4.476388360937704e-13,1.2100124867159372e-12
182280.0,1.2000000000000002,0.15393396213319843,0.15393396213319843,0.05285738378245932,0.12108664139573075,3,1.2108573171909498e-10,1.1107204045401886e-10,0.0,4.4727719527106103e-13,1.2092121886808531e-12
182340.0,1.1999999999999997,0.15390012063231903,0.15390012063231903,0.0528551877052613,0.12106369541776717,3,1.208143862729827e-10,9.674749890109524e-11,0.0,4.4687134938702127e-13,1.208412710548433e-12
182400.0,1.2,0.15386630613100966,0.15386630613100966,0.052852994274718575,0.12104076699746848,3,1.2054399145533523e-10,1.1590373105718754e-10,0.0,4.466147478495515e-13,1.2076140515465037e-12
182460.0,1.2,0.15383251859572203,0.15383251859572203,0.05285080348653575,0.12101785611367916,3,1.2027423501592693e-10,1.0186340659856796e-10,0.0,4.463266268396859e-13,1.2068162105873227e-12
182520.0,1.2000000000000002,0.15379875799296364,0.15379875799296364,0.05284861533642398,0.12099496274527818,3,1.200051377714395e-10,1.0857093002414331e-10,0.0,4.4594561394995636e-13,1.2060191857956716e-12
182580.0,1.2,0.15376502428929684,0.15376502428929684,0.05284642982010868,0.12097208687117854,3,1.1973673441634247e-10,8.640199666842818e-11,0.0,4.4562589861115814e-13,1.2052229779366924e-12
182640.0,1.2,0.15373131745133894,0.15373131745133894,0.05284424693331781,0.12094922847032767,3,1.1946890698943946e-10,9.316636351286434e-11,0.0,4.451929451317074e-13,1.20442758494202e-12
182700.0,1.2,0.15369763744576334,0.15369763744576334,0.052842066671791824,0.1209263875217069,3,1.192020648854708e-10,9.15179043659009e-11,0.0,4.4492259836708607e-13,1.2036330052147824e-12
182760.0,1.2,0.15366398423929753,0.15366398423929753,0.052839889031277586,0.12090356400433179,3,1.1893561829845467e-10,1.1090151019743644e-10,0.0,4.4450419172559235e-13,1.2028392382698379e-12
182820.0,1.2,0.15363035779872367,0.15363035779872367,0.052837714007533544,0.12088075789725171,3,1.1867007376764604e-10,8.08881850389298e-11,0.0,4.4419483792907966e-13,1.2020462823974043e-12
182880.0,1.2000000000000002,0.15359675809087975,0.15359675809087975,0.05283554159632366,0.12085796917955009,3,1.1840505659277412e-10,1.74395609064959e-10,0.0,4.4392371697634454e-13,1.20125413754661e-12
182940.0,1.2000000000000002,0.1535631850826576,0.1535631850826576,0.052833371793422075,0.1208351978303441,3,1.1814074718508039e-10,1.063540366885718e-10,0.0,4.4357566944425186e-13,1.2004628015791931e-12
183000.0,1.2,0.15352963874100378,0.15352963874100378,0.05283120459461067,0.12081244382878474,3,1.178772357501856e-10,9.208633855450898e-11,0.0,4.431787678046186e-13,1.1996722737664075e-12
183060.0,1.2,0.1534961190329185,0.1534961190329185,0.05282903999568076,0.12078970715405674,3,1.176141961600763e-10,9.379164112033322e-11,0.0,4.4283418707249993e-13,1.1988825529837011e-12
183120.0,1.2,0.15346262592545787,0.15346262592545787,0.05282687799243051,0.1207669877853784,3,1.1735200311502325e-10,1.6632384358672425e-10,0.0,4.425037581433475e-13,1.1980936393841024e-12
183180.0,1.1999999999999997,0.1534291593857309,0.1534291593857309,0.05282471858066828,0.12074428570200162,3,1.1709044844820937e-10,9.583800419932231e-11,0.0,4.420579173752416e-13,1.1973055297775893e-12
183240.0,1.2000000000000002,0.15339571938090132,0.15339571938090132,0.05282256175621174,0.12072160088321181,3,1.1682936562618096e-10,8.452616384602152e-11,0.0,4.4193427152900794e-13,1.196518224556659e-12
183300.0,1.2,0.15336230587818644,0.15336230587818644,0.05282040751488478,0.12069893330832773,3,1.165692750659808e-10,1.525108928035479e-10,0.0,4.4148975996735455e-13,1.195731721845266e-12
183360.0,1.2000000000000002,0.15332891884485783,0.15332891884485783,0.05281825585251988,0.12067628295670171,3,1.1630976737286858e-10,9.094947017729282e-11,0.0,4.412600573375534e-13,1.1949460207194494e-12
183420.0,1.2,0.1532955582482403,0.1532955582482403,0.05281610676495872,0.12065364980771923,3,1.1605098132472236e-10,1.0021494745160453e-10,0.0,4.4079507913055374e-13,1.1941611199512596e-12
183480.0,1.2,0.15326222405571271,0.15326222405571271,0.05281396024805211,0.12063103384079898,3,1.157926671213616e-10,1.0646772352629341e-10,0.0,4.40470681287744e-13,1.1933770200556166e-12
183540.0,1.2,0.15322891623470697,0.15322891623470697,0.05281181629765781,0.12060843503539292,3,1.1553525497420836e-10,1.134594640461728e-10,0.0,4.401469481540396e-13,1.1925937173767956e-12
183600.0,1.2,0.1531956347527095,0.1531956347527095,0.05280967490964331,0.12058585337098598,3,1.1527814119949298e-10,1.0174971976084635e-10,0.0,4.398747782568784e-13,1.191811213409512e-12
183660.0,1.2,0.15316237957725926,0.15316237957725926,0.05280753607988279,0.12056328882709624,3,1.1502205438107538e-10,9.544010026729666e-11,0.0,4.394715722568979e-13,1.191029504832222e-12
183720.0,1.2,0.15312915067594793,0.15312915067594793,0.052805399804260196,0.12054074138327471,3,1.1476639083518592e-10,1.1175416148034856e-10,0.0,4.3915732430401596e-13,1.190248592286818e-12
183780.0,1.2,0.1530959480164217,0.1530959480164217,0.05280326607866762,0.12051821101910523,3,1.1451139342311123e-10,1.0538769856793806e-10,0.0,4.388012687106817e-13,1.1894684737888934e-12
183840.0,1.2000000000000002,0.1530627715663783,0.1530627715663783,0.052801134899003795,0.12049569771420457,3,1.1425722867830501e-10,9.544010026729666e-11,0.0,4.385096955121604e-13,1.1886891488388313e-12
183900.0,1.2,0.15302962129356917,0.15302962129356917,0.052799006261177533,0.12047320144822221,3,1.1400365373948063e-10,9.731593308970332e-11,0.0,4.380857139115661e-13,1.1879106148562416e-12
183960.0,1.2000000000000002,0.15299649716579872,0.15299649716579872,0.052796880161105175,0.12045072220084034,3,1.137507102400015e-10,9.066525308298878e-11,0.0,4.378285398857031e-13,1.18713287305708e-12
184020.0,1.2,0.15296339915092333,0.15296339915092333,0.05279475659471115,0.12042825995177381,3,1.1349838430207981e-10,1.4591705621569417e-10,0.0,4.37427800445665e-13,1.1863559215098797e-12
184080.0,1.2000000000000002,0.15293032721685232,0.15293032721685232,0.05279263555792955,0.12040581468077005,3,1.1324661347567044e-10,9.305267667514272e-11,0.0,4.3711686269754093e-13,1.1855797586235588e-12
184140.0,1.1999999999999997,0.1528972813315478,0.1528972813315478,0.052790517046699355,0.12038338636760892,3,1.1299556429422708e-10,9.038103598868474e-11,0.0,4.367304058211803e-13,1.1848043840643498e-12
184200.0,1.2,0.1528642614630235,0.1528642614630235,0.052788401056970656,0.12036097499210278,3,1.1274515349102288e-10,9.72022462519817e-11,0.0,4.3645900333586933e-13,1.1840297959458675e-12
184260.0,1.2,0.15283126757934612,0.15283126757934612,0.05278628758470049,0.12033858053409632,3,1.1249548514946639e-10,1.035118657455314e-10,0.0,4.3618920798969667e-13,1.1832559930798668e-12
184320.0,1.2000000000000002,0.15279829964863414,0.15279829964863414,0.05278417662585403,0.12031620297346658,3,1.1224640661389174e-10,1.7411139197065495e-10,0.0,4.3578621385383207e-13,1.1824829759775455e-12
184380.0,1.2,0.1527653576390588,0.1527653576390588,0.052782068176405524,0.12029384229012284,3,1.1199791788429891e-10,1.6967760529951192e-10,0.0,4.355411510226863e-13,1.181710742295087e-12
184440.0,1.2,0.15273244151884213,0.15273244151884213,0.052779962232336455,0.12027149846400653,3,1.1175003283847573e-10,8.128608897095546e-11,0.0,4.350882764929864e-13,1.1809392916184878e-12
184500.0,1.2,0.15269955125625861,0.15269955125625861,0.05277785878963528,0.1202491714750912,3,1.1150302209328444e-10,1.0015810403274372e-10,0.0,4.348636803071869e-13,1.1801686225167253e-12
184560.0,1.2,0.1526666868196345,0.1526666868196345,0.052775757844302496,0.12022686130338253,3,1.112562611482737e-10,1.0123812899109907e-10,0.0,4.3445963383876446e-13,1.1793987340538445e-12
184620.0,1.2,0.15263384817734765,0.15263384817734765,0.05277365939234061,0.12020456792891804,3,1.1101032593163751e-10,8.685674401931465e-11,0.0,4.3412774515420654e-13,1.178629624812058e-12
184680.0,1.2000000000000002,0.1526010352978271,0.1526010352978271,0.052771563429764225,0.12018229133176722,3,1.107652372600576e-10,1.170405994344037e-10,0.0,4.338875598564084e-13,1.1778612940617923e-12
184740.0,1.2000000000000002,0.15256824814955428,0.15256824814955428,0.05276946995259486,0.12016003149203153,3,1.1052040532755214e-10,9.669065548223443e-11,0.0,4.335487121609141e-13,1.1770937412256755e-12
184800.0,1.2,0.15253548670106049,0.15253548670106049,0.0527673789568618,0.12013778838984411,3,1.1027620483439193e-10,9.424638847121969e-11,0.0,4.332052532180549e-13,1.1763269652771765e-12
184860.0,1.2,0.15250275092092966,0.15250275092092966,0.052765290438602314,0.12011556200536985,3,1.1003292027522704e-10,1.6075318853836507e-10,0.0,4.3285924216492566e-13,1.1755609640784468e-12
184920.0,1.2,0.15247004077779613,0.15247004077779613,0.0527632043938652,0.12009335231880532,3,1.097898993940305e-10,1.0550138540565968e-10,0.0,4.3249228928096673e-13,1.1747957384310247e-12
184980.0,1.1999999999999997,0.15243735624034468,0.15243735624034468,0.05276112081870045,0.1200711593103787,3,1.095478430190866e-10,1.1038991942768916e-10,0.0,4.320627936017649e-13,1.1740312849401607e-12
185040.0,1.2000000000000002,0.15240469727731265,0.15240469727731265,0.05275903970916875,0.12004898296034971,3,1.0930636951123063e-10,1.6547119230381213e-10,0.0,4.3197905063064343e-13,1.17326760362488e-12
185100.0,1.2,0.15237206385748653,0.15237206385748653,0.05275696106134117,0.12002682324900948,3,1.0906529845922108e-10,1.1795009413617663e-10,0.0,4.3149921663041923e-13,1.1725046946349025e-12
185160.0,1.2000000000000002,0.15233945594970436,0.15233945594970436,0.052754884871293616,0.12000468015668071,3,1.0882492129660193e-10,8.878942026058212e-11,0.0,4.313179901197059e-13,1.1717425555374898e-12
185220.0,1.2,0.15230687352285502,0.15230687352285502,0.05275281113511063,0.11998255366371732,3,1.0858538374014515e-10,8.65156835061498e-11,0.0,4.3088535247766537e-13,1.1709811858644577e-12
185280.0,1.2,0.15227431654587756,0.15227431654587756,0.05275073984888561,0.11996044375050456,3,1.0834612373944452e-10,9.470113582210615e-11,0.0,4.30547737850384e-13,1.1702205838295098e-12
185340.0,1.2,0.15224178498776075,0.15224178498776075,0.05274867100871903,0.11993835039745888,3,1.0810764089486113e-10,8.770939530222677e-11,0.0,4.3022994506461783e-13,1.1694607497254679e-12
185400.0,1.2,0.15220927881754515,0.15220927881754515,0.052746604610718305,0.11991627358502793,3,1.078696021394876e-10,1.0686562745831907e-10,0.0,4.299762743670247e-13,1.168701682182521e-12
185460.0,1.2,0.15217679800431994,0.15217679800431994,0.05274454065099862,0.11989421329369046,3,1.0763231972354959e-10,9.22000253922306e-11,0.0,4.295978075524555e-13,1.1679433795206651e-12
185520.0,1.2,0.15214434251722575,0.15214434251722575,0.05274247912568413,0.11987216950395627,3,1.0739568262474464e-10,1.0686562745831907e-10,0.0,4.292374191738378e-13,1.1671858407576235e-12
185580.0,1.2,0.15211191232545232,0.15211191232545232,0.05274042003090614,0.11985014219636608,3,1.071595867596642e-10,9.85664883046411e-11,0.0,4.2896930709388956e-13,1.1664290656481369e-12
185640.0,1.2000000000000002,0.15207950739823975,0.15207950739823975,0.05273836336280489,0.11982813135149163,3,1.0692383783927895e-10,8.930101103032939e-11,0.0,4.286582905717014e-13,1.1656730528674757e-12
185700.0,1.2,0.15204712770487774,0.15204712770487774,0.05273630911752583,0.11980613694993543,3,1.0668904648625244e-10,1.7456613932154141e-10,0.0,4.282646983956722e-13,1.164917801448252e-12
185760.0,1.2000000000000002,0.1520147732147062,0.1520147732147062,0.05273425729122273,0.1197841589723308,3,1.0645472003911749e-10,1.1687006917782128e-10,0.0,4.280098872740947e-13,1.1641633089957782e-12
185820.0,1.2,0.15198244389711363,0.15198244389711363,0.05273220788005799,0.11976219739934182,3,1.0622088625344972e-10,1.0857093002414331e-10,0.0,4.2764694233828396e-13,1.163409576974991e-12
185880.0,1.2000000000000002,0.15195013972153856,0.15195013972153856,0.05273016088020125,0.11974025221166326,3,1.0598794064620165e-10,1.1038991942768916e-10,0.0,4.273544018281369e-13,1.1626566016838435e-12
185940.0,1.1999999999999997,0.1519178606574696,0.1519178606574696,0.05272811628783099,0.11971832339002042,3,1.0575527953360364e-10,1.0720668797148392e-10,0.0,4.2696022255239615e-13,1.1619043851638176e-12
186000.0,1.2,0.15188560667444367,0.15188560667444367,0.05272607409912959,0.11969641091516922,3,1.0552337476044116e-10,9.163159120362252e-11,0.0,4.26693398174286e-13,1.1611529239345508e-12
186060.0,1.2,0.1518533777420476,0.1518533777420476,0.05272403431029042,0.11967451476789608,3,1.0529192795427633e-10,9.78275238594506e-11,0.0,4.264093845330607e-13,1.1604022181953936e-12
186120.0,1.2000000000000002,0.15182117382991686,0.15182117382991686,0.05272199691751598,0.11965263492901777,3,1.0506127218201655e-10,1.0339817890780978e-10,0.0,4.2603666420176393e-13,1.1596522662386317e-12
186180.0,1.2,0.15178899490773606,0.15178899490773606,0.05271996191700907,0.11963077137938155,3,1.0483106743786053e-10,9.094947017729282e-11,0.0,4.2578614203151485e-13,1.1589030679013105e-12
186240.0,1.2,0.15175684094523914,0.15175684094523914,0.05271792930498742,0.1196089240998649,3,1.0460159821645831e-10,9.123368727159686e-11,0.0,4.253550753179541e-13,1.1581546212416234e-12
186300.0,1.2,0.15172471191220818,0.15172471191220818,0.0527158990776731,0.11958709307137555,3,1.0437242042860007e-10,1.0595613275654614e-10,0.0,4.251712642979605e-13,1.1574069258683141e-12
186360.0,1.2,0.15169260777847465,0.15169260777847465,0.05271387123129494,0.11956527827485144,3,1.0414405449132857e-10,1.0555822882452048e-10,0.0,4.2474669475062166e-13,1.1566599807941425e-12
186420.0,1.2,0.15166052851391842,0.15166052851391842,0.05271184576209051,0.11954347969126072,3,1.039160771321157e-10,9.168843462248333e-11,0.0,4.2446624732986256e-13,1.1559137854471132e-12
186480.0,1.2000000000000002,0.15162847408846725,0.15162847408846725,0.052709822666306104,0.11952169730160143,3,1.0368884917344445e-10,9.038103598868474e-11,0.0,4.241759649036738e-13,1.1551683374536315e-12
186540.0,1.2000000000000002,0.15159644447209844,0.15159644447209844,0.05270780194019259,0.1194999310869018,3,1.034621555096038e-10,1.1186784831807017e-10,0.0,4.238642837782594e-13,1.1544236369295026e-12
186600.0,1.2,0.151564439634837,0.151564439634837,0.052705783580009595,0.11947818102821992,3,1.0323598920169985e-10,9.237055564881302e-11,0.0,4.2349844844839524e-13,1.1536796826347827e-12
186660.0,1.2,0.1515324595467561,0.1515324595467561,0.05270376758202563,0.1194564471066438,3,1.0301037800530821e-10,1.192006493511144e-10,0.0,4.232127714462198e-13,1.1529364741492642e-12
186720.0,1.2,0.15150050417797736,0.15150050417797736,0.05270175394251372,0.11943472930329117,3,1.0278521089812642e-10,1.0197709343628958e-10,0.0,4.228839551619198e-13,1.1521940097424852e-12
186780.0,1.1999999999999997,0.15146857349867068,0.15146857349867068,0.05269974265775398,0.11941302759930975,3,1.0256098054162166e-10,9.652012522565201e-11,0.0,4.2243764958448414e-13,1.1514522882832762e-12
186840.0,1.2000000000000002,0.15143666747905307,0.15143666747905307,0.05269773372403804,0.11939134197587684,3,1.0233709019091819e-10,1.2238388080731966e-10,0.0,4.2239079352178704e-13,1.150711308794737e-12
186900.0,1.2,0.1514047860893904,0.1514047860893904,0.05269572713766069,0.11936967241419938,3,1.0211378270730265e-10,9.555378710501827e-11,0.0,4.2192002902096646e-13,1.1499710711006779e-12
186960.0,1.2000000000000002,0.15137292929999568,0.15137292929999568,0.05269372289492819,0.11934801889551401,3,1.0189083604617011e-10,1.176658770418726e-10,0.0,4.217344255733773e-13,1.149231574147271e-12
187020.0,1.2,0.15134109708123006,0.15134109708123006,0.05269172099214967,0.11932638140108681,3,1.0166877062456336e-10,1.1050360626541078e-10,0.0,4.2132032535326656e-13,1.1484928162478949e-12
187080.0,1.2,0.15130928940350125,0.15130928940350125,0.05268972142564329,0.1193047599122134,3,1.014470243920762e-10,8.799361239653081e-11,0.0,4.2101351159680445e-13,1.1477547966134194e-12
187140.0,1.2,0.15127750623726544,0.15127750623726544,0.05268772419173351,0.11928315441021876,3,1.0122595817119162e-10,1.000444171950221e-10,0.0,4.206808714881432e-13,1.1470175145064129e-12
187200.0,1.2,0.15124574755302622,0.15124574755302622,0.05268572928675539,0.11926156487645734,3,1.0100556502301572e-10,1.0857093002414331e-10,0.0,4.204274105370836e-13,1.1462809688593989e-12
187260.0,1.2,0.15121401332133366,0.15121401332133366,0.05268373670704751,0.11923999129231282,3,1.0078578943639727e-10,1.2170175978098996e-10,0.0,4.2005319519263493e-13,1.1455451577371883e-12
187320.0,1.2,0.15118230351278628,0.15118230351278628,0.0526817464489569,0.11921843363919817,3,1.0056614568876299e-10,8.86757334228605e-11,0.0,4.1976053429793026e-13,1.1448100829173922e-12
187380.0,1.2,0.1511506180980287,0.1511506180980287,0.052679758508838936,0.11919689189855548,3,1.0034725828056423e-10,1.1198153515579179e-10,0.0,4.1944809041934687e-13,1.1440757409899587e-12
187440.0,1.2000000000000002,0.15111895704775305,0.15111895704775305,0.052677772883053454,0.11917536605185605,3,1.0012901618949854e-10,1.0510348147363402e-10,0.0,4.1918041604367413e-13,1.1433421313675894e-12
187500.0,1.2,0.15108732033269823,0.15108732033269823,0.05267578956797029,0.11915385608060025,3,9.991144023224763e-11,1.0163603292312473e-10,0.0,4.187659132711552e-13,1.1426092532297211e-12
187560.0,1.2000000000000002,0.15105570792364956,0.15105570792364956,0.05267380855996581,0.11913236196631748,3,9.969406550291993e-11,1.106172931031324e-10,0.0,4.1853235981781757e-13,1.141877106608614e-12
187620.0,1.2,0.1510241197914398,0.1510241197914398,0.05267182985542098,0.11911088369056602,3,9.947762752426925e-11,1.1237943908781745e-10,0.0,4.1819700888608776e-13,1.1411456884561075e-12
187680.0,1.2000000000000002,0.15099255590694832,0.15099255590694832,0.05266985345072663,0.1190894212349332,3,9.92613977124357e-11,1.0828671292983927e-10,0.0,4.1787973829613355e-13,1.1404150005427816e-12
187740.0,1.1999999999999997,0.1509610162411002,0.1509610162411002,0.05266787934227885,0.11906797458103507,3,9.904579240105349e-11,1.1368683772161603e-10,0.0,4.17490064176881e-13,1.1396850388795579e-12
187800.0,1.2,0.15092950076486794,0.15092950076486794,0.052665907526482585,0.11904654371051661,3,9.883076301786531e-11,9.282530299969949e-11,0.0,4.172457414407729e-13,1.138955804440855e-12
187860.0,1.2,0.15089800944927015,0.15089800944927015,0.05266393799974923,0.11902512860505135,3,9.861628874618944e-11,1.0868461686186492e-10,0.0,4.170133128471892e-13,1.1382272967167163e-12
187920.0,1.2000000000000002,0.15086654226537183,0.15086654226537183,0.05266197075849681,0.11900372924634166,3,9.840220305257219e-11,1.0277290130034089e-10,0.0,4.166375609849742e-13,1.1374995134894705e-12
187980.0,1.2,0.1508350991842834,0.1508350991842834,0.05266000579915238,0.1189823456161185,3,9.818885288170875e-11,1.1328893378959037e-10,0.0,4.163891916548397e-13,1.1367724544468567e-12
188040.0,1.2,0.15080368017716247,0.15080368017716247,0.05265804311814454,0.11896097769614139,3,9.79758288388588e-11,9.498535291641019e-11,0.0,4.159746350957286e-13,1.1360461185234666e-12
188100.0,1.2,0.15077228521521166,0.15077228521521166,0.05265608271191571,0.11893962546819829,3,9.776372766889807e-11,9.316636351286434e-11,0.0,4.1578633945979574e-13,1.1353205044235215e-12
188160.0,1.2,0.15074091426968028,0.15074091426968028,0.05265412457690886,0.11891828891410569,3,9.755183466575446e-11,1.0442136044730432e-10,0.0,4.1536986574748766e-13,1.1345956111060148e-12
188220.0,1.2,0.15070956731186336,0.15070956731186336,0.05265216870957985,0.11889696801570858,3,9.734049677412315e-11,9.094947017729282e-11,0.0,4.150977178731831e-13,1.1338714392310365e-12
188280.0,1.2000000000000002,0.1506782443131013,0.1506782443131013,0.052650215106386664,0.11887566275488011,3,9.712967236064074e-11,1.0663825378287584e-10,0.0,4.1484885927564244e-13,1.133147985388121e-12
188340.0,1.2000000000000002,0.15064694524478053,0.15064694524478053,0.05264826376379737,0.11885437311352177,3,9.691947244760968e-11,9.85664883046411e-11,0.0,4.1455200662664004e-13,1.1324252503672257e-12
188400.0,1.2,0.15061567007833296,0.15061567007833296,0.052646314678285525,0.11883309907356339,3,9.670979989051531e-11,1.0135181582882069e-10,0.0,4.141843904100043e-13,1.131703232599189e-12
188460.0,1.2,0.1505844187852356,0.1505844187852356,0.05264436784633279,0.1188118406169629,3,9.650073101719059e-11,9.777068044058979e-11,0.0,4.138665820600077e-13,1.1309819309011428e-12
188520.0,1.2,0.15055319133701134,0.15055319133701134,0.05264242326442425,0.11879059772570635,3,9.629197439409154e-11,1.0089706847793423e-10,0.0,4.135788856254069e-13,1.130261345032791e-12
188580.0,1.1999999999999997,0.15052198770522804,0.15052198770522804,0.05264048092905576,0.1187693703818079,3,9.608378676029261e-11,1.652438186283689e-10,0.0,4.131633138973085e-13,1.129541474424206e-12
188640.0,1.2000000000000002,0.150490807861499,0.150490807861499,0.05263854083672972,0.11874815856730968,3,9.587627219920236e-11,1.0584244591882452e-10,0.0,4.130518350440874e-13,1.1288223165206408e-12
188700.0,1.2,0.15045965177748255,0.15045965177748255,0.052636602983953375,0.11872696226428184,3,9.566904907165608e-11,8.247980076703243e-11,0.0,4.1268950780705345e-13,1.128103871772495e-12
188760.0,1.2000000000000002,0.15042851942488214,0.15042851942488214,0.05263466736724131,0.11870578145482233,3,9.546246432234895e-11,1.0663825378287584e-10,0.0,4.124880230210989e-13,1.127386138761981e-12
188820.0,1.2,0.15039741077544577,0.15039741077544577,0.05263273398311483,0.11868461612105714,3,9.525658040132612e-11,1.0527401173021644e-10,0.0,4.1206088781096283e-13,1.1266691160514591e-12
188880.0,1.2,0.15036632580096648,0.15036632580096648,0.05263080282810302,0.1186634662451399,3,9.505087689154479e-11,1.0948042472591624e-10,0.0,4.1175307730848004e-13,1.1259528043101184e-12
188940.0,1.2,0.1503352644732821,0.1503352644732821,0.05262887389874004,0.11864233180925197,3,9.484592972119898e-11,9.828227121033706e-11,0.0,4.114638683906728e-13,1.1252372006597837e-12
189000.0,1.2,0.15030422676427588,0.15030422676427588,0.05262694719156954,0.11862121279560255,3,9.46412045954581e-11,1.0118128557223827e-10,0.0,4.1121271655730654e-13,1.1245223057985957e-12
189060.0,1.2,0.15027321264587423,0.15027321264587423,0.05262502270313961,0.11860010918642833,3,9.443711784795639e-11,1.1641532182693481e-10,0.0,4.1087908912586615e-13,1.1238081172900938e-12
189120.0,1.2,0.1502422220900492,0.1502422220900492,0.052623100430004614,0.11857902096399367,3,9.423377356210239e-11,1.1306156011414714e-10,0.0,4.105794113043473e-13,1.1230946354734221e-12
189180.0,1.2,0.15021125506881686,0.15021125506881686,0.05262118036872723,0.1185579481105904,3,9.403077622094358e-11,1.1362999430275522e-10,0.0,4.1022056886673745e-13,1.1223818589754607e-12
189240.0,1.2000000000000002,0.1501803115542373,0.1501803115542373,0.052619262515875904,0.1185368906085379,3,9.382829235793366e-11,9.771383702172898e-11,0.0,4.0999332782056013e-13,1.1216697866352617e-12
189300.0,1.2,0.15014939151841578,0.15014939151841578,0.052617346868026674,0.11851584844018288,3,9.362622482855798e-11,1.0027179087046534e-10,0.0,4.095728497599939e-13,1.1209584181695157e-12
189360.0,1.2000000000000002,0.15011849493350046,0.15011849493350046,0.0526154334217612,0.11849482158789951,3,9.342476792184584e-11,9.379164112033322e-11,0.0,4.093887132675903e-13,1.1202477516248357e-12
189420.0,1.2,0.1500876217716843,0.1500876217716843,0.05261352217366744,0.11847381003408922,3,9.322367877651061e-11,9.225686881109141e-11,0.0,4.0904867125564034e-13,1.1195377873010746e-12
189480.0,1.2000000000000002,0.1500567720052047,0.1500567720052047,0.052611613120342994,0.11845281376118075,3,9.302313086489988e-11,1.21985976875294e-10,0.0,4.0877479575176075e-13,1.118828523361478e-12
189540.0,1.1999999999999997,0.15002594560634194,0.15002594560634194,0.05260970625838744,0.11843183275162997,3,9.282327684267955e-11,1.2045120456605218e-10,0.0,4.08389695292786e-13,1.1181199596211708e-12
189590.53534526424,1.2,0.1499999999999938,0.1499999999999938,0.05260810188970121,0.11841417320222847,2,1.418413997367196e-12,2.7284841053187847e-12,0.0,7.21438518599943e-15,1.117524879507629e-12
