time_s,scheme,environment_temperature_c,environment_moisture_kg_kg,picard_iterations,temperature_residual,moisture_residual,temperature_linear_residual,moisture_linear_residual,surface_heat_internal_w_m2,surface_heat_robin_w_m2,surface_heat_boundary_residual_w_m2,surface_moisture_internal_kg_m2_s,surface_moisture_robin_kg_m2_s,surface_moisture_boundary_residual_kg_m2_s,surface_k_w_m_k,surface_D_m2_s,mass_step_residual,heat_step_residual_j,property_min_json,property_max_json,picard_history_json
0.25,be,28.0022,0.019631625000000003,3,7.550179618881633e-15,2.2842834377846806e-10,1.978150976356119e-10,2.220446049250313e-14,-0.05402053300017101,-0.05446290643078555,0.00044237343061453993,1.9317305042658012e-06,2.0137734718646103e-06,-8.204296759880902e-08,0.4825597169970405,5.63652653071452e-09,-9.238252424017106e-21,3.6669184487518076e-11,"{""D"": 5.63652653071452e-09, ""cp"": 3412.429962378692, ""k"": 0.4825597169970405, ""rho"": 974.7166034983377}","{""D"": 5.641680801423757e-09, ""cp"": 3415.295774647888, ""k"": 0.48295774647887324, ""rho"": 976.4000000000001}","[[7.13043916149692e-08, 0.0051559378536946586], [3.4605493265182336e-11, 1.5266901266497866e-06], [7.550179618881633e-15, 2.2842834377846806e-10]]"
0.5,bdf2,28.0044,0.01963325,3,1.0192741491128611e-14,2.4673422346638154e-10,4.504272510530427e-10,6.17284001691587e-14,-0.10804507810199498,-0.10872843274682964,0.000683354644834655,1.9801359096525877e-06,2.0078839676263206e-06,-2.774805797373289e-08,0.4823356652747425,5.633624999170881e-09,1.576988380489457e-08,-0.0008539511109378837,"{""D"": 5.633624999170881e-09, ""cp"": 3410.816789978146, ""k"": 0.4823356652747425, ""rho"": 973.7744908202113}","{""D"": 5.641681633478001e-09, ""cp"": 3415.295774647888, ""k"": 0.48295774647887324, ""rho"": 976.4000000000001}","[[9.751088436094294e-08, 0.0028851069135112537], [4.4969242932026643e-11, 1.2674663671549183e-06], [1.0192741491128611e-14, 2.4673422346638154e-10]]"
0.75,bdf2,28.0066,0.019634875000000003,3,9.626476875595495e-15,2.371457278915091e-10,1.3460521586239338e-10,3.1530333899354446e-14,-0.1619406192422073,-0.16279042832394452,0.000849809081737235,1.9787150896631186e-06,2.0037687454602745e-06,-2.505365579715594e-08,0.4821785713354002,5.631592671501065e-09,1.573756292559944e-08,-0.00127855306372237,"{""D"": 5.631592671501065e-09, ""cp"": 3409.685713614882, ""k"": 0.4821785713354002, ""rho"": 973.1162632736439}","{""D"": 5.641682978506135e-09, ""cp"": 3415.295774647888, ""k"": 0.48295774647887324, ""rho"": 976.4000000000002}","[[1.245343843525769e-07, 0.0020158875164346824], [5.524974836911585e-11, 1.0446050111186992e-06], [9.626476875595495e-15, 2.371457278915091e-10]]"
1.0,bdf2,28.0088,0.0196365,3,1.5666616905076627e-14,2.2115869048953802e-10,4.587263902067207e-11,1.0658141036401503e-13,-0.21569091510983873,-0.2166736863927099,0.0009827712828711643,1.97785747720998e-06,2.0004545895955993e-06,-2.2597112385619488e-08,0.48205173323968686,5.629954015803058e-09,1.5711533606292117e-08,-0.0017017510607730934,"{""D"": 5.629954015803058e-09, ""cp"": 3408.7724793257457, ""k"": 0.48205173323968686, ""rho"": 972.5862063352959}","{""D"": 5.641684612734085e-09, ""cp"": 3415.295774647888, ""k"": 0.48295774647887335, ""rho"": 976.4000000000003}","[[1.4826695862194495e-07, 0.001623231105192419], [6.328482710200666e-11, 8.999745713808506e-07], [1.5666616905076627e-14, 2.2115869048953802e-10]]"
1.25,bdf2,28.011,0.019638125000000003,3,3.3975789956405875e-15,2.0802305412006706e-10,2.545448296586983e-10,9.059419880941277e-14,-0.2693044146464494,-0.270401450693214,0.0010970360467645879,1.977101454413461e-06,1.997587603447464e-06,-2.0486149034002973e-08,0.4819417748060637,5.6285354808975975e-09,1.568901634971154e-08,-0.0021237280123707672,"{""D"": 5.6285354808975975e-09, ""cp"": 3407.9807786036586, ""k"": 0.4819417748060637, ""rho"": 972.1276965515942}","{""D"": 5.6416869613291886e-09, ""cp"": 3415.295774647888, ""k"": 0.48295774647887335, ""rho"": 976.4000000000004}","[[1.6891324874330696e-07, 0.0014041014283733364], [7.030383710412692e-11, 8.073998557315852e-07], [3.3975789956405875e-15, 2.0802305412006706e-10]]"
1.5,bdf2,28.0132,0.01963975,3,3.3975783592873286e-15,1.978227603513894e-10,1.1254996934439987e-10,4.3520742565306136e-14,-0.3227923659343945,-0.3239913441348108,0.0011989782004163119,1.976237539623771e-06,1.9950154546291366e-06,-1.877791500536571e-08,0.48184293869164063,5.627262295823142e-09,1.566881474013744e-08,-0.002544622034664458,"{""D"": 5.627262295823142e-09, ""cp"": 3407.269158579813, ""k"": 0.48184293869164063, ""rho"": 971.7163607406619}","{""D"": 5.641689818361082e-09, ""cp"": 3415.295774647888, ""k"": 0.48295774647887335, ""rho"": 976.4000000000005}","[[1.8721943744915314e-07, 0.0012596618467489416], [7.664842401375592e-11, 7.428843957420231e-07], [3.3975783592873286e-15, 1.978227603513894e-10]]"
1.75,bdf2,28.0154,0.019641375000000003,3,1.90641857961021e-14,1.8962313201124408e-10,8.29913915367797e-11,5.995204332975845e-14,-0.3761646055184513,-0.3774564763418198,0.0012918708233684573,1.97526115455237e-06,1.992659333505707e-06,-1.7398178953336845e-08,0.4817522489634628,5.626095783209754e-09,1.5650309808128953e-08,-0.0029645361028747077,"{""D"": 5.626095783209754e-09, ""cp"": 3406.6161925369315, ""k"": 0.4817522489634628, ""rho"": 971.3395893609131}","{""D"": 5.641692708451009e-09, ""cp"": 3415.2957746478883, ""k"": 0.48295774647887335, ""rho"": 976.4000000000005}","[[2.0378476164941654e-07, 0.0011538396237295505], [8.256189231641981e-11, 6.940874583579778e-07], [1.90641857961021e-14, 1.8962313201124408e-10]]"
2.0,bdf2,28.0176,0.019643,3,7.55017093821185e-15,1.827397492585681e-10,9.640643838793039e-11,5.81756864903582e-14,-0.42942912984810666,-0.4308068643595675,0.0013777345114608375,1.9742053209374036e-06,1.990471803823112e-06,-1.626648288570839e-08,0.48166791584042634,5.625012666674743e-09,1.56331289901546e-08,-0.0033835491512451406,"{""D"": 5.625012666674743e-09, ""cp"": 3406.0089940510693, ""k"": 0.48166791584042634, ""rho"": 970.9897926116979}","{""D"": 5.641695804532714e-09, ""cp"": 3415.2957746478883, ""k"": 0.48295774647887335, ""rho"": 976.4000000000005}","[[2.1902000704643182e-07, 0.001071253514702197], [8.80776516053508e-11, 6.549928589048264e-07], [7.55017093821185e-15, 1.827397492585681e-10]]"
2.25,bdf2,28.0198,0.019644625000000002,3,4.152593047231801e-15,1.7678216189395604e-10,3.660716174636036e-11,7.638334409421077e-14,-0.48259256901209613,-0.48405043247186086,0.00145786345976473,1.973100202015504e-06,1.988421166079722e-06,-1.532096406421813e-08,0.4815887438743308,5.623997389582185e-09,1.561702331898301e-08,-0.0038017231699445054,"{""D"": 5.623997389582185e-09, ""cp"": 3405.438955895182, ""k"": 0.4815887438743308, ""rho"": 970.6618985727555}","{""D"": 5.641699982068018e-09, ""cp"": 3415.2957746478883, ""k"": 0.48295774647887335, ""rho"": 976.4000000000005}","[[2.3320302104379774e-07, 0.0010041931889914304], [9.325157323978468e-11, 6.224747661111868e-07], [4.152593047231801e-15, 1.7678216189395604e-10]]"
2.5,bdf2,28.022,0.01964625,3,2.0951714298352933e-14,1.7150725284409385e-10,2.6500401872908697e-10,2.6645352591003757e-14,-0.535660438937557,-0.5371936485104811,0.0015332095729241324,1.9719674562421905e-06,1.9864847491521157e-06,-1.451729290992522e-08,0.48151387829517145,5.623038821726614e-09,1.5601814736007257e-08,-0.004219108890176403,"{""D"": 5.623038821726614e-09, ""cp"": 3404.899923725234, ""k"": 0.48151387829517145, ""rho"": 970.3522798643385}","{""D"": 5.641704224827594e-09, ""cp"": 3415.2957746478883, ""k"": 0.48295774647887335, ""rho"": 976.4000000000007}","[[2.4652721907578816e-07, 0.0009482366269077449], [9.813650849420712e-11, 5.947382650849603e-07], [2.0951714298352933e-14, 1.7150725284409385e-10]]"
2.75,bdf2,28.0242,0.019647875000000002,3,1.963042992937409e-14,1.6677308771446083e-10,6.014033715473488e-11,2.042810365310288e-14,-0.588637415342224,-0.5902419266050174,0.0016045112627933733,1.9708216841744817e-06,1.9846455852189505e-06,-1.382390104446877e-08,0.4814426794301301,5.622128628534932e-09,1.5587369976248635e-08,-0.004635749236410159,"{""D"": 5.622128628534932e-09, ""cp"": 3404.3872918969364, ""k"": 0.4814426794301301, ""rho"": 970.0582216350322}","{""D"": 5.641708276334679e-09, ""cp"": 3415.2957746478887, ""k"": 0.48295774647887346, ""rho"": 976.4000000000008}","[[2.5913254223612984e-07, 0.0009005907685696358], [1.027800235027224e-10, 5.706500918859414e-07], [1.963042992937409e-14, 1.6677308771446083e-10]]"
3.0,bdf2,28.0264,0.0196495,3,1.79316378603256e-14,1.6248248933678392e-10,5.718447937397286e-11,6.261657858885883e-14,-0.6415276062342437,-0.643199889769619,0.0016722835353752963,1.969672572427556e-06,1.9828905537786092e-06,-1.3217981351053272e-08,0.48137465266838,5.621260361443797e-09,1.5573585991531932e-08,-0.005051680129782638,"{""D"": 5.621260361443797e-09, ""cp"": 3403.897499212336, ""k"": 0.48137465266838, ""rho"": 969.7776246045775}","{""D"": 5.641712057020705e-09, ""cp"": 3415.2957746478887, ""k"": 0.48295774647887346, ""rho"": 976.4000000000008}","[[2.7112401109129475e-07, 0.0008593715176079868], [1.07221756700612e-10, 5.494403287027076e-07], [1.79316378603256e-14, 1.6248248933678392e-10]]"
3.25,bdf2,28.0286,0.019651125000000002,3,3.13331688771704e-14,1.5855761148486592e-10,8.526512829121202e-11,4.6629367034256575e-14,-0.6943345805128202,-0.6960715488446567,0.0017369683318365636,1.9685265342881557e-06,1.9812092517768435e-06,-1.2682717488687812e-08,0.481309405847381,5.6204289043250845e-09,1.556038107650891e-08,-0.005466933089483358,"{""D"": 5.6204289043250845e-09, ""cp"": 3403.4277221011434, ""k"": 0.481309405847381, ""rho"": 969.5088242842951}","{""D"": 5.641717629200562e-09, ""cp"": 3415.2957746478887, ""k"": 0.48295774647887346, ""rho"": 976.4000000000009}","[[2.8258291297122985e-07, 0.0008232480595309887], [1.1147020208291915e-10, 5.305578892127141e-07], [3.13331688771704e-14, 1.5855761148486592e-10]]"
3.5,bdf2,28.0308,0.01965275,3,6.606389088092109e-15,1.5495073633772684e-10,9.22000253922306e-11,7.105427357601002e-15,-0.7470614789507066,-0.7488604286407963,0.0017989496900896462,1.9673878138977666e-06,1.9795932623914677e-06,-1.2205448493701127e-08,0.48124662168186205,5.6196301152509295e-09,1.5547689125562634e-08,-0.005881536037759035,"{""D"": 5.6196301152509295e-09, ""cp"": 3402.975676109407, ""k"": 0.48124662168186205, ""rho"": 969.2504739826348}","{""D"": 5.641723265840789e-09, ""cp"": 3415.2957746478887, ""k"": 0.48295774647887346, ""rho"": 976.400000000001}","[[2.9357382231545047e-07, 0.0007912476359065793], [1.1556122297659527e-10, 5.135932919911581e-07], [6.606389088092109e-15, 1.5495073633772684e-10]]"
3.75,bdf2,28.033,0.019654375,3,6.795140994489272e-15,1.5161745497438165e-10,1.716671249596402e-10,1.7763568394002505e-14,-0.7997111827581708,-0.8015696596672228,0.0018584769090520536,1.9662592060893643e-06,1.9780356603411494e-06,-1.1776454251785167e-08,0.4811860391133793,5.6188605841126124e-09,1.5535455747649138e-08,-0.006295513377679523,"{""D"": 5.6188605841126124e-09, ""cp"": 3402.539481616331, ""k"": 0.4811860391133793, ""rho"": 969.0014656545839}","{""D"": 5.6417288185844775e-09, ""cp"": 3415.2957746478887, ""k"": 0.48295774647887346, ""rho"": 976.400000000001}","[[3.0414906245212646e-07, 0.0007626397300784416], [1.194851929853501e-10, 4.982336563363001e-07], [6.795140994489272e-15, 1.5161745497438165e-10]]"
4.0,bdf2,28.0352,0.019656,3,1.5855324001035753e-14,1.4851597076331504e-10,3.632294465205632e-11,1.5987211554602254e-14,-0.8522862344210204,-0.8542020472802392,0.001915812859218824,1.9651425256027474e-06,1.9765306656228286e-06,-1.138814002008122e-08,0.48112744025654863,5.618117462929681e-09,1.5523635546768933e-08,-0.006708887224056917,"{""D"": 5.618117462929681e-09, ""cp"": 3402.11756984715, ""k"": 0.48112744025654863, ""rho"": 968.7608744996526}","{""D"": 5.6417341312263475e-09, ""cp"": 3415.295774647889, ""k"": 0.48295774647887346, ""rho"": 976.400000000001}","[[3.1435180041677644e-07, 0.0007368633908269832], [1.2329175444748136e-10, 4.842346229441071e-07], [1.5855324001035753e-14, 1.4851597076331504e-10]]"
4.25,bdf2,28.0374,0.019657625,3,6.417629061748972e-15,1.4562225064140572e-10,8.844835974741727e-11,5.639932965095795e-14,-0.9047889667918619,-0.9067601247281232,0.0019711579362612364,1.9640389164505308e-06,1.9750733943831602e-06,-1.103447793262944e-08,0.4810706410074107,5.617398343734187e-09,1.551219016522084e-08,-0.007121677262256864,"{""D"": 5.617398343734187e-09, ""cp"": 3401.708615253357, ""k"": 0.4810706410074107, ""rho"": 968.5279191013055}","{""D"": 5.641739043621963e-09, ""cp"": 3415.295774647889, ""k"": 0.4829577464788736, ""rho"": 976.4000000000012}","[[3.2421818346443245e-07, 0.0007134796710615899], [1.2693957031861987e-10, 4.7140182668056964e-07], [6.417629061748972e-15, 1.4562225064140572e-10]]"
4.5,bdf2,28.0396,0.019659250000000003,3,6.417626918843103e-15,1.429180085823658e-10,5.968558980384842e-11,2.6645352591003757e-14,-0.957221517000255,-0.9592461950035158,0.0020246780032607825,1.9629490589604673e-06,1.973659675488428e-06,-1.0710616527960856e-08,0.4810154841286167,5.616701168633858e-09,1.5501086843014178e-08,-0.00753390192416545,"{""D"": 5.616701168633858e-09, ""cp"": 3401.3114857260402, ""k"": 0.4810154841286167, ""rho"": 968.3019320781485}","{""D"": 5.641745191685748e-09, ""cp"": 3415.2957746478896, ""k"": 0.4829577464788736, ""rho"": 976.4000000000012}","[[3.337787934233714e-07, 0.0006921394576511781], [1.304779054093971e-10, 4.5957830064433745e-07], [6.417626918843103e-15, 1.429180085823658e-10]]"
4.75,bdf2,28.0418,0.019660875,3,2.0762903494085104e-14,1.4037659923360425e-10,8.708411769475788e-11,1.4654943925052066e-14,-1.0095858218570868,-1.0116623635269661,0.0020765416698793615,1.961873310486375e-06,1.972285912757198e-06,-1.0412602270823235e-08,0.48096183405604165,5.61602416225339e-09,1.5490297335721387e-08,-0.007945577546295064,"{""D"": 5.61602416225339e-09, ""cp"": 3400.9252052035004, ""k"": 0.48096183405604165, ""rho"": 968.0823380411517}","{""D"": 5.641752322978439e-09, ""cp"": 3415.2957746478896, ""k"": 0.4829577464788736, ""rho"": 976.4000000000012}","[[3.430598296194048e-07, 0.0006725611111359329], [1.3391166736078156e-10, 4.4863558027615877e-07], [2.0762903494085104e-14, 1.4037659923360425e-10]]"
5.0,bdf2,28.044,0.019662500000000003,3,3.076683706813468e-14,1.379833937740907e-10,1.6439116734545678e-10,3.552713678800501e-14,-1.0618836999828576,-1.064010565295348,0.0021268653124904002,1.9608118024098498e-06,1.9709489796759255e-06,-1.0137177266075694e-08,0.4809095729299421,5.6153657800848105e-09,1.547979708785641e-08,-0.008356719349115452,"{""D"": 5.6153657800848105e-09, ""cp"": 3400.548925095583, ""k"": 0.4809095729299421, ""rho"": 967.868636748148}","{""D"": 5.641759448383244e-09, ""cp"": 3415.2957746478896, ""k"": 0.4829577464788736, ""rho"": 976.4000000000012}","[[3.5208394939966624e-07, 0.0006545145586447732], [1.3724576381370861e-10, 4.38467306906885e-07], [3.076683706813468e-14, 1.379833937740907e-10]]"
5.25,bdf2,28.0462,0.019664125,3,2.1706656352821557e-14,1.3572306677226954e-10,6.866684998385608e-11,1.509903313490213e-14,-1.1141168108376578,-1.1162925867481022,0.0021757759104443775,1.9597645078781622e-06,1.9696461376944346e-06,-9.881629816272376e-09,0.4808585975150166,5.614724668398351e-09,1.5469564590875972e-08,-0.008767341405334438,"{""D"": 5.614724668398351e-09, ""cp"": 3400.18190210812, ""k"": 0.4808585975150166, ""rho"": 967.6603900311095}","{""D"": 5.641766480068085e-09, ""cp"": 3415.2957746478896, ""k"": 0.4829577464788736, ""rho"": 976.4000000000012}","[[3.608708672396656e-07, 0.0006378097462720134], [1.4051058413542003e-10, 4.289845071762464e-07], [2.1706656352821557e-14, 1.3572306677226954e-10]]"
5.5,bdf2,28.0484,0.019665750000000003,3,2.3027922576640755e-14,1.3358377584921144e-10,1.7541879060445353e-10,4.04121180963557e-14,-1.1662867182734133,-1.1685100836956508,0.0022233654222374444,1.9587312896286152e-06,1.968374971947521e-06,-9.643682318905934e-09,0.48080881677738196,5.61409963269702e-09,1.54595808784842e-08,-0.009177456768016687,"{""D"": 5.61409963269702e-09, ""cp"": 3399.8234807971503, ""k"": 0.48080881677738196, ""rho"": 967.4572115116034}","{""D"": 5.641773329491081e-09, ""cp"": 3415.2957746478896, ""k"": 0.4829577464788736, ""rho"": 976.4000000000012}","[[3.694379096812859e-07, 0.0006223166095951537], [1.437002769890814e-10, 4.2011207097003617e-07], [2.3027922576640755e-14, 1.3358377584921144e-10]]"
5.75,bdf2,28.0506,0.019667375,3,3.3598103847931735e-14,1.3155071803125472e-10,3.3526248444104567e-10,9.015010959956271e-14,-1.2183948837207959,-1.2206645968362295,0.002269713115433669,1.957711934067916e-06,1.9671333400620795e-06,-9.421405994163314e-09,0.4807601499548292,5.613489612581565e-09,1.5449829124461444e-08,-0.009587077225789732,"{""D"": 5.613489612581565e-09, ""cp"": 3399.47307967477, ""k"": 0.4807601499548292, ""rho"": 967.2587584099327}","{""D"": 5.641779908638436e-09, ""cp"": 3415.2957746478896, ""k"": 0.4829577464788736, ""rho"": 976.4000000000012}","[[3.778003934081235e-07, 0.0006078773515828047], [1.4678898319126427e-10, 4.11786062677636e-07], [3.3598103847931735e-14, 1.3155071803125472e-10]]"
6.0,bdf2,28.0528,0.019669000000000002,3,1.453400560321923e-14,1.296251123868186e-10,5.5365489970427006e-11,3.4638958368304884e-14,-1.2704426416006005,-1.272757564748872,0.0023149231482715305,1.9567061757503288e-06,1.9659193309324144e-06,-9.213155182085638e-09,0.48071252500284467,5.6128936615050926e-09,1.5440294318990397e-08,-0.009996214490443456,"{""D"": 5.6128936615050926e-09, ""cp"": 3399.130180020482, ""k"": 0.48071252500284467, ""rho"": 967.0647249491863}","{""D"": 5.64178613113209e-09, ""cp"": 3415.2957746478896, ""k"": 0.4829577464788736, ""rho"": 976.4000000000012}","[[3.8597189459848833e-07, 0.0005943703035208214], [1.4980388328557802e-10, 4.0395164999477144e-07], [1.453400560321923e-14, 1.296251123868186e-10]]"
6.25,bdf2,28.055,0.019670625,3,1.5855272591034776e-14,1.2778919534750906e-10,1.3881162885809317e-10,4.085620730620576e-14,-1.3224312794361843,-1.3247903338339029,0.002359054397718552,1.955713715045087e-06,1.9647312311881966e-06,-9.017516143109445e-09,0.48066587733061383,5.612310930311506e-09,1.5430963005433107e-08,-0.010404878870035633,"{""D"": 5.612310930311506e-09, ""cp"": 3398.7943167804196, ""k"": 0.48066587733061383, ""rho"": 966.8748369901115}","{""D"": 5.641793579598086e-09, ""cp"": 3415.2957746478896, ""k"": 0.4829577464788736, ""rho"": 976.4000000000012}","[[3.939645949118654e-07, 0.0005816992233247494], [1.5275630250561104e-10, 3.9656149684303037e-07], [1.5855272591034776e-14, 1.2778919534750906e-10]]"
6.5,bdf2,28.057199999999998,0.019672250000000002,3,1.5855266218086922e-14,1.2603826479228064e-10,1.2641976354643703e-10,5.595524044110789e-14,-1.3743620040703841,-1.3767641688701815,0.0024021647997973794,1.9547342309695876e-06,1.9635674976692173e-06,-8.833266699629729e-09,0.48062014876345516,5.611740653700207e-09,1.5421823063768125e-08,-0.010813080375693755,"{""D"": 5.611740653700207e-09, ""cp"": 3398.465071096877, ""k"": 0.48062014876345516, ""rho"": 966.6888476270749}","{""D"": 5.6418023453379e-09, ""cp"": 3415.2957746478896, ""k"": 0.4829577464788736, ""rho"": 976.4000000000012}","[[4.0178935019644867e-07, 0.0005697812384383639], [1.5565360225416223e-10, 3.895744715056438e-07], [1.5855266218086922e-14, 1.2603826479228064e-10]]"
6.75,bdf2,28.0594,0.019673875,3,1.661027209132665e-14,1.2436483215798681e-10,1.5756995708215982e-10,1.0036416142611415e-13,-1.4262359427107094,-1.4286802602043736,0.0024443174936641388,1.953767390484745e-06,1.9624267346413423e-06,-8.659344156597256e-09,0.48057528668397653,5.611182139036914e-09,1.5412863531867002e-08,-0.011220828410811512,"{""D"": 5.611182139036914e-09, ""cp"": 3398.142064124631, ""k"": 0.48057528668397653, ""rho"": 966.5065335426148}","{""D"": 5.641811116052564e-09, ""cp"": 3415.2957746478896, ""k"": 0.4829577464788736, ""rho"": 976.4000000000012}","[[4.0945605572782317e-07, 0.0005585445474059034], [1.584846461222925e-10, 3.8295463985112445e-07], [1.661027209132665e-14, 1.2436483215798681e-10]]"
7.0,bdf2,28.0616,0.019675500000000002,3,1.8875301321139735e-14,1.2276924574989023e-10,1.4699708117404953e-10,7.72715225139109e-14,-1.478054152582384,-1.4805397312514401,0.0024855786690560766,1.9528128552728406e-06,1.961307674791678e-06,-8.494819518837276e-09,0.48053124331569064,5.610634757006283e-09,1.5404074456406055e-08,-0.011628131871047052,"{""D"": 5.610634757006283e-09, ""cp"": 3397.8249518729726, ""k"": 0.48053124331569064, ""rho"": 966.3276919666685}","{""D"": 5.6418198414971125e-09, ""cp"": 3415.2957746478896, ""k"": 0.4829577464788736, ""rho"": 976.4000000000012}","[[4.169736312983996e-07, 0.0005479265869269453], [1.6124886789129692e-10, 3.76670447860815e-07], [1.8875301321139735e-14, 1.2276924574989023e-10]]"
7.25,bdf2,28.0638,0.019677125,3,2.18953402376372e-14,1.2123252293117771e-10,1.4563283912139013e-10,4.4853010194856324e-14,-1.5298176654262163,-1.53234364402266,0.0025259785964437675,1.951870286616483e-06,1.9602091632636612e-06,-8.338876647178044e-09,0.4804879751212203,5.61009793376691e-09,1.539544676701955e-08,-0.012034998784502506,"{""D"": 5.61009793376691e-09, ""cp"": 3397.5134208727864, ""k"": 0.4804879751212203, ""rho"": 966.1521381221858}","{""D"": 5.641828471905214e-09, ""cp"": 3415.2957746478896, ""k"": 0.4829577464788736, ""rho"": 976.4000000000012}","[[4.2435014485170376e-07, 0.0005378725569009973], [1.6394664511143845e-10, 3.706940387764211e-07], [2.18953402376372e-14, 1.2123252293117771e-10]]"
7.5,bdf2,28.066,0.019678750000000002,3,2.019655511982815e-14,1.197658094702533e-10,2.1168489183764905e-10,1.4210854715202004e-14,-1.5815274357438143,-1.5840930050998736,0.0025655693560593384,1.9509393489338486e-06,1.959130144157729e-06,-8.19079522388049e-09,0.4804454422934442,5.609571144305665e-09,1.5386972170776558e-08,-0.012441437329411144,"{""D"": 5.609571144305665e-09, ""cp"": 3397.207184512798, ""k"": 0.4804454422934442, ""rho"": 965.9797030652367}","{""D"": 5.6418369583624505e-09, ""cp"": 3415.2957746478896, ""k"": 0.4829577464788736, ""rho"": 976.4000000000012}","[[4.315929961398074e-07, 0.0005283342235598816], [1.6663384867393876e-10, 3.6500072280524873e-07], [2.019655511982815e-14, 1.197658094702533e-10]]"
7.75,bdf2,28.0682,0.019680375,3,3.4353003912072814e-14,1.183506451881978e-10,8.36735125631094e-11,4.440892098500626e-14,-1.6331843938567105,-1.6357887699030016,0.002604376046291046,1.9500197122732705e-06,1.9580696490475044e-06,-8.049936774233909e-09,0.4804036083226165,5.609053906792005e-09,1.5378643061630865e-08,-0.012847454775511706,"{""D"": 5.609053906792005e-09, ""cp"": 3396.9059799228394, ""k"": 0.4804036083226165, ""rho"": 965.8102318476008}","{""D"": 5.641845253133739e-09, ""cp"": 3415.2957746478896, ""k"": 0.4829577464788736, ""rho"": 976.4000000000012}","[[4.3870900336157547e-07, 0.0005192689408292139], [1.6923856375068257e-10, 3.5956852223353135e-07], [3.4353003912072814e-14, 1.183506451881978e-10]]"
8.0,bdf2,28.0704,0.019682,3,1.0570150336888443e-14,1.169929512744758e-10,5.775291356258094e-11,6.572520305780927e-14,-1.6847893765370698,-1.6874318474279448,0.0026424708908749928,1.9491110540606647e-06,1.9570267871552005e-06,-7.915733094535826e-09,0.48036243962603187,5.608545777737552e-09,1.5370452443472712e-08,-0.013253058709968221,"{""D"": 5.608545777737552e-09, ""cp"": 3396.6095653074294, ""k"": 0.48036243962603187, ""rho"": 965.643581944832}","{""D"": 5.64185330994382e-09, ""cp"": 3415.2957746478896, ""k"": 0.4829577464788736, ""rho"": 976.4000000000012}","[[4.457043306822741e-07, 0.000510638844295342], [1.7181609495196217e-10, 3.54377794908441e-07], [1.0570150336888443e-14, 1.169929512744758e-10]]"
8.25,bdf2,28.0726,0.019683625,3,7.738856564239736e-15,1.1568767730277925e-10,1.1368683772161603e-10,3.064215547965432e-14,-1.736343241099425,-1.7390231029708048,0.0026798618713796962,1.9482130602901102e-06,1.9560007369023532e-06,-7.787676612242964e-09,0.4803219052295309,5.608046347846252e-09,1.536239386365856e-08,-0.013658255365559882,"{""D"": 5.608046347846252e-09, ""cp"": 3396.317717652623, ""k"": 0.4803219052295309, ""rho"": 965.4796219043765}","{""D"": 5.641861548884334e-09, ""cp"": 3415.2957746478896, ""k"": 0.4829577464788736, ""rho"": 976.4000000000012}","[[4.525847387090735e-07, 0.0005024101829602778], [1.7435153082474528e-10, 3.4941092058919925e-07], [7.738856564239736e-15, 1.1568767730277925e-10]]"
8.5,bdf2,28.0748,0.01968525,3,9.248873107103979e-15,1.1442211013102224e-10,8.86757334228605e-12,8.215650382226158e-14,-1.7878467784427803,-1.7905633624508255,0.0027165840080451975,1.9473254262813645e-06,1.954990738607464e-06,-7.665312326099535e-09,0.4802819764922399,5.607555238409007e-09,1.5354461355624273e-08,-0.014063051718985945,"{""D"": 5.607555238409007e-09, ""cp"": 3396.030230744127, ""k"": 0.4802819764922399, ""rho"": 965.3182301771942}","{""D"": 5.641872007823294e-09, ""cp"": 3415.2957746478896, ""k"": 0.4829577464788736, ""rho"": 976.4000000000012}","[[4.593554963439932e-07, 0.0004945527617427279], [1.7682693990457315e-10, 3.44652053998646e-07], [9.248873107103979e-15, 1.1442211013102224e-10]]"
8.75,bdf2,28.076999999999998,0.019686875000000003,3,1.4722689102678073e-14,1.1321018196970985e-10,1.1459633242338896e-10,4.707345624410664e-14,-1.8393007483953125,-1.842053414659972,0.0027526662646595312,1.9464478571442925e-06,1.953996088145784e-06,-7.548231001491704e-09,0.4802426268675767,5.607072098187747e-09,1.534664938912793e-08,-0.014467453635557926,"{""D"": 5.607072098187747e-09, ""cp"": 3395.7469134465528, ""k"": 0.4802426268675767, ""rho"": 965.1592941033255}","{""D"": 5.641882483903085e-09, ""cp"": 3415.2957746478896, ""k"": 0.4829577464788736, ""rho"": 976.4000000000012}","[[4.6602152367013584e-07, 0.0004870394736675527], [1.7924156723298124e-10, 3.400868830993873e-07], [1.4722689102678073e-14, 1.1321018196970985e-10]]"
9.0,bdf2,28.0792,0.0196885,3,3.265415398216378e-14,1.1203813476096831e-10,1.6723333828849718e-10,2.1760371282653068e-14,-1.8907058800628878,-1.8934940142486312,0.0027881341857434183,1.9455800679917573e-06,1.953016131420736e-06,-7.436063428978756e-09,0.4802038316948517,5.606596600688535e-09,1.533895282702503e-08,-0.014871467029196565,"{""D"": 5.606596600688535e-09, ""cp"": 3395.4675882029323, ""k"": 0.4802038316948517, ""rho"": 965.0027090273178}","{""D"": 5.641892946520747e-09, ""cp"": 3415.2957746478896, ""k"": 0.4829577464788736, ""rho"": 976.4000000000012}","[[4.725873083347756e-07, 0.0004798459051890574], [1.8164656474770098e-10, 3.357024390932744e-07], [3.265415398216378e-14, 1.1203813476096831e-10]]"
9.25,bdf2,28.0814,0.019690125000000003,3,1.9818985693408695e-14,1.1090387867322187e-10,1.3574208423960954e-10,2.4424906541753444e-14,-1.9420628546754055,-1.9448858842736172,0.0028230295982116793,1.9447217840008547e-06,1.952050259523306e-06,-7.328475522451166e-09,0.4801655680168011,5.606128441774637e-09,1.5331366886853635e-08,-0.015275097840687146,"{""D"": 5.606128441774637e-09, ""cp"": 3395.1920897209675, ""k"": 0.4801655680168011, ""rho"": 964.8483775237289}","{""D"": 5.641903392373217e-09, ""cp"": 3415.2957746478896, ""k"": 0.4829577464788736, ""rho"": 976.4000000000012}","[[4.790571088360772e-07, 0.0004729500014522191], [1.840187159065693e-10, 3.3148696075650423e-07], [1.9818985693408695e-14, 1.1090387867322187e-10]]"
9.5,bdf2,28.0836,0.01969175,3,1.0947624876148276e-14,1.098124641327786e-10,2.0759216567967087e-10,4.440892098500626e-14,-1.9933723495487221,-1.9962297181436384,0.002857368594916254,1.9438727403343454e-06,1.9510979044776354e-06,-7.225164143289943e-09,0.48012781441921637,5.605667337571612e-09,1.5323887107825212e-08,-0.01567835146882081,"{""D"": 5.605667337571612e-09, ""cp"": 3394.920263818358, ""k"": 0.48012781441921637, ""rho"": 964.6962087164217}","{""D"": 5.641914104224801e-09, ""cp"": 3415.2957746478896, ""k"": 0.4829577464788736, ""rho"": 976.4000000000012}","[[4.854348469346128e-07, 0.00046633178108797306], [1.8634745060734803e-10, 3.27429732477672e-07], [1.0947624876148276e-14, 1.098124641327786e-10]]"
9.75,bdf2,28.0858,0.019693375000000003,3,1.340139627330742e-14,1.0875187460807786e-10,2.637534635141492e-10,7.460698725481052e-14,-2.044635020868494,-2.0475261812762824,0.0028911604077883624,1.9430326819783774e-06,1.9501585354883137e-06,-7.125853509936257e-09,0.48009055088948593,5.605213022619723e-09,1.531650932104504e-08,-0.016081232844460967,"{""D"": 5.605213022619723e-09, ""cp"": 3394.651966404299, ""k"": 0.48009055088948593, ""rho"": 964.5461176781303}","{""D"": 5.641924754713794e-09, ""cp"": 3415.2957746478896, ""k"": 0.4829577464788736, ""rho"": 976.4000000000012}","[[4.917241959897531e-07, 0.00045997309205192004], [1.8864730279402698e-10, 3.235209764572926e-07], [1.340139627330742e-14, 1.0875187460807786e-10]]"
10.0,bdf2,28.088,0.019695,3,3.284284211294383e-14,1.0772454823595806e-10,1.4938450476620346e-10,6.661338147750939e-14,-2.0958514951921177,-2.0987759135593365,0.002924418367218795,1.942201363518344e-06,1.949231655618802e-06,-7.03029210045798e-09,0.48005375869138733,5.604765248229396e-09,1.530922962358209e-08,-0.01648374743065888,"{""D"": 5.604765248229396e-09, ""cp"": 3394.387062577989, ""k"": 0.48005375869138733, ""rho"": 964.3980248990083}","{""D"": 5.6419353166322176e-09, ""cp"": 3415.2957746478896, ""k"": 0.4829577464788736, ""rho"": 976.4000000000012}","[[4.979285898312882e-07, 0.00045385740171328373], [1.9089203595874412e-10, 3.197517473454587e-07], [3.284284211294383e-14, 1.0772454823595806e-10]]"
10.25,bdf2,28.0902,0.019696625000000002,3,2.397148761563143e-14,1.0672491213221714e-10,9.140421752817929e-11,2.0872192862952943e-14,-2.147022334739209,-2.1499795306525016,0.0029571959132925763,1.9413785488547416e-06,1.948316798842018e-06,-6.938249987276228e-09,0.4800174202539078,5.6043237810291825e-09,1.530204435524691e-08,-0.016885899598082725,"{""D"": 5.6043237810291825e-09, ""cp"": 3394.1254258281365, ""k"": 0.4800174202539078, ""rho"": 964.2518558147228}","{""D"": 5.641945763565566e-09, ""cp"": 3415.2957746478896, ""k"": 0.4829577464788736, ""rho"": 976.4000000000012}","[[5.040512522050599e-07, 0.00044796961568201247], [1.9311373797591846e-10, 3.1611383767696163e-07], [2.397148761563143e-14, 1.0672491213221714e-10]]"
10.5,bdf2,28.0924,0.01969825,3,1.547764552301682e-14,1.0576149977578948e-10,2.5420376914553344e-10,6.217248937900877e-15,-2.198148133646634,-2.2011376254837955,0.002989491837161573,1.9405640109129116e-06,1.947413527413283e-06,-6.8495165003712964e-09,0.479981519072217,5.6038884016693225e-09,1.5294950078060703e-08,-0.017287694459031114,"{""D"": 5.6038884016693225e-09, ""cp"": 3393.866937319962, ""k"": 0.479981519072217, ""rho"": 964.1075403861253}","{""D"": 5.641956069963727e-09, ""cp"": 3415.2957746478896, ""k"": 0.4829577464788736, ""rho"": 976.4000000000012}","[[5.100951748780135e-07, 0.0004422959207899806], [1.9531184259962825e-10, 3.1259970159243926e-07], [1.547764552301682e-14, 1.0576149977578948e-10]]"
10.75,bdf2,28.0946,0.019699875000000002,3,1.3590120760258165e-14,1.0482159802458917e-10,1.5052137314341962e-10,1.3766765505351941e-14,-2.2492294482852637,-2.2522507693054195,0.0030213210201557317,1.9397575313160422e-06,1.946521429523633e-06,-6.763898207590617e-09,0.47994603961920634,5.603458903666224e-09,1.528794355763617e-08,-0.01768913621153469,"{""D"": 5.603458903666224e-09, ""cp"": 3393.611485258286, ""k"": 0.47994603961920634, ""rho"": 963.9650127237812}","{""D"": 5.641966211201116e-09, ""cp"": 3415.2957746478896, ""k"": 0.4829577464788736, ""rho"": 976.4000000000012}","[[5.160632290019798e-07, 0.0004368236485516683], [1.9748748235117538e-10, 3.092024027667389e-07], [1.3590120760258165e-14, 1.0482159802458917e-10]]"
11.0,bdf2,28.096799999999998,0.0197015,3,2.6425221013473094e-14,1.039151335786011e-10,3.3514879760332406e-10,8.038014698286133e-14,-2.3002667974324793,-2.303319513545432,0.003052716112952769,1.9389589000534626e-06,1.9456401171977066e-06,-6.681217144244018e-09,0.4799109672662495,5.603035092358845e-09,1.528102174678299e-08,-0.01809022918371958,"{""D"": 5.603035092358845e-09, ""cp"": 3393.358964316996, ""k"": 0.4799109672662495, ""rho"": 963.824210751633}","{""D"": 5.641976163624198e-09, ""cp"": 3415.2957746478896, ""k"": 0.4829577464788736, ""rho"": 976.4000000000012}","[[5.219580584691517e-07, 0.00043154115599099336], [1.9962178208314107e-10, 3.059155297707389e-07], [2.6425221013473094e-14, 1.039151335786011e-10]]"
11.25,bdf2,28.099,0.019703125000000002,3,2.151766860712412e-14,1.0302921914310806e-10,2.2214408090803772e-10,2.7533531010703882e-14,-2.3512607235360967,-2.3543443906703487,0.0030836671342520106,1.93816791514717e-06,1.9447692244058158e-06,-6.601309258645802e-09,0.479876288212035,5.602616783979041e-09,1.5274181770758504e-08,-0.01849097768939954,"{""D"": 5.602616783979041e-09, ""cp"": 3393.1092751266524, ""k"": 0.479876288212035, ""rho"": 963.6850759049305}","{""D"": 5.641985904588947e-09, ""cp"": 3415.2957746478896, ""k"": 0.4829577464788736, ""rho"": 976.4000000000012}","[[5.277822016571492e-07, 0.00042643772129985215], [2.0172795444031396e-10, 3.0273316542048495e-07], [2.151766860712412e-14, 1.0302921914310806e-10]]"
11.5,bdf2,28.1012,0.01970475,3,4.53003307836705e-14,1.0216646700757977e-10,3.199147613486275e-10,9.325873406851315e-15,-2.4022117230114777,-2.4053259150406348,0.0031141920291570813,1.9373843823248115e-06,1.943908405364025e-06,-6.524023039213672e-09,0.4798419894184861,5.602203804813572e-09,1.5267420913849892e-08,-0.018891385469617678,"{""D"": 5.602203804813572e-09, ""cp"": 3392.8623238131004, ""k"": 0.4798419894184861, ""rho"": 963.547552858244}","{""D"": 5.641997755436056e-09, ""cp"": 3415.2957746478896, ""k"": 0.4829577464788736, ""rho"": 976.4000000000012}","[[5.335380212136058e-07, 0.00042150345219169055], [2.0380128065990792e-10, 2.9964982234071715e-07], [4.53003307836705e-14, 1.0216646700757977e-10]]"
11.75,bdf2,28.1034,0.019706375,3,1.623260977439448e-14,1.0133384327726875e-10,8.219558367272839e-11,4.618527782440651e-14,-2.4531202463821216,-2.456264584449741,0.00314433806761949,1.9366081146834593e-06,1.9430573329999443e-06,-6.44921831648505e-09,0.4798080585529275,5.601795990440714e-09,1.526073660712295e-08,-0.019291456988275998,"{""D"": 5.601795990440714e-09, ""cp"": 3392.618021581078, ""k"": 0.4798080585529275, ""rho"": 963.4115892799912}","{""D"": 5.642010635527009e-09, ""cp"": 3415.295774647889, ""k"": 0.4829577464788736, ""rho"": 976.4000000000012}","[[5.392277661555792e-07, 0.00041672920513822104], [2.0587498099694898e-10, 2.966604130106168e-07], [1.623260977439448e-14, 1.0133384327726875e-10]]"
12.0,bdf2,28.1056,0.019708,3,1.0570065719662005e-14,1.0052072464166487e-10,8.071765478234738e-12,5.950795411990839e-14,-2.503986811866193,-2.5071608802491596,0.0031740683829664107,1.935838932376299e-06,1.9422156975648485e-06,-6.3767651885494804e-09,0.4797744839357675,5.601393185051565e-09,1.5254126417894037e-08,-0.019691195540374965,"{""D"": 5.601393185051565e-09, ""cp"": 3392.3762843375252, ""k"": 0.4797744839357675, ""rho"": 963.2771356103758}","{""D"": 5.642023541262121e-09, ""cp"": 3415.295774647889, ""k"": 0.48295774647887346, ""rho"": 976.4000000000011}","[[5.448535684722057e-07, 0.0004121065140540945], [2.0792451777616777e-10, 2.93760208141328e-07], [1.0570065719662005e-14, 1.0052072464166487e-10]]"
12.25,bdf2,28.1078,0.019709625,3,1.5666338779607596e-14,9.972449881129843e-11,6.633626981056295e-11,4.1300296516055823e-14,-2.554811839650854,-2.5580152688419844,0.003203429191130258,1.9350766622952432e-06,1.941383205375417e-06,-6.306543080173748e-09,0.47974125449306626,5.600995240821775e-09,1.5247588039499826e-08,-0.020090604922077156,"{""D"": 5.600995240821775e-09, ""cp"": 3392.137032350077, ""k"": 0.47974125449306626, ""rho"": 963.1441448600667}","{""D"": 5.642036456093675e-09, ""cp"": 3415.295774647889, ""k"": 0.48295774647887346, ""rho"": 976.400000000001}","[[5.504174308559919e-07, 0.0004076275270599899], [2.099459272430121e-10, 2.9094482413696794e-07], [1.5666338779607596e-14, 9.972449881129843e-11]]"
12.5,bdf2,28.11,0.01971125,3,1.1891310773774238e-14,9.895369926510377e-11,1.9201706891180947e-10,3.5083047578154947e-14,-2.6055957741911686,-2.608828202225766,0.0032324280345972234,1.9343211377782223e-06,1.94055957767063e-06,-6.238439892407904e-09,0.4797083597134453,5.600602017348282e-09,1.5241119282591687e-08,-0.020489688727486424,"{""D"": 5.600602017348282e-09, ""cp"": 3391.900189936807, ""k"": 0.4797083597134453, ""rho"": 963.0125724273008}","{""D"": 5.64204936385159e-09, ""cp"": 3415.295774647889, ""k"": 0.48295774647887346, ""rho"": 976.400000000001}","[[5.559213014484078e-07, 0.0004032849503697657], [2.1192354309284308e-10, 2.8821014907975855e-07], [1.1891310773774238e-14, 9.895369926510377e-11]]"
12.75,bdf2,28.1122,0.019712875,3,4.05814346127929e-14,9.820031498204049e-11,1.5074874681886286e-10,5.81756864903582e-14,-2.656339049391153,-2.6596001186291574,0.0032610692380043993,1.9335721983158486e-06,1.939744549571163e-06,-6.17235125531459e-09,0.4796757896088598,5.600213381135434e-09,1.523471806695715e-08,-0.02088845027671282,"{""D"": 5.600213381135434e-09, ""cp"": 3391.6656851837906, ""k"": 0.4796757896088598, ""rho"": 962.8823759313862}","{""D"": 5.64206224877214e-09, ""cp"": 3415.295774647889, ""k"": 0.48295774647887346, ""rho"": 976.400000000001}","[[5.61366931333062e-07, 0.00039907199828200944], [2.1389398304509618e-10, 2.8555236206096896e-07], [4.05814346127929e-14, 9.820031498204049e-11]]"
13.0,bdf2,28.1144,0.019714500000000003,3,1.71763183999416e-14,9.746904808315407e-11,2.1088908397359774e-11,2.6201263381153694e-14,-2.7070420712428356,-2.710331443674363,0.003289372431527493,1.9328296892739135e-06,1.938937869130277e-06,-6.108179856363391e-09,0.4796435346788206,5.5998292051206134e-09,1.52283824135798e-08,-0.021286893324864855,"{""D"": 5.5998292051206134e-09, ""cp"": 3391.433449687508, ""k"": 0.4796435346788206, ""rho"": 962.7535150608444}","{""D"": 5.6420750955232945e-09, ""cp"": 3415.2957746478887, ""k"": 0.48295774647887346, ""rho"": 976.400000000001}","[[5.667561068881629e-07, 0.0003949823485469822], [2.1582968948210068e-10, 2.829678936482678e-07], [1.71763183999416e-14, 9.746904808315407e-11]]"
13.25,bdf2,28.1166,0.019716125,3,1.9630066936906944e-14,9.675345492108587e-11,2.944489096989855e-10,7.327471962526033e-14,-2.7577052528128494,-2.7610225901213425,0.0033173373084931512,1.9320934616276883e-06,1.9381392964665834e-06,-6.045834838895138e-09,0.47961158587770214,5.599449368253389e-09,1.5222110438517914e-08,-0.021685020750764068,"{""D"": 5.599449368253389e-09, ""cp"": 3391.2034183194555, ""k"": 0.47961158587770214, ""rho"": 962.6259514346534}","{""D"": 5.6420878892257765e-09, ""cp"": 3415.2957746478887, ""k"": 0.48295774647887346, ""rho"": 976.400000000001}","[[5.720904398957327e-07, 0.00039101010245518904], [2.1777369759032124e-10, 2.804533945382495e-07], [1.9630066936906944e-14, 9.675345492108587e-11]]"
13.5,bdf2,28.1188,0.019717750000000003,3,3.491884890162816e-14,9.605109735899752e-11,9.697487257653847e-11,6.128431095930864e-14,-2.808328988142942,-2.81167395896631,0.00334497082336771,1.9313633717093897e-06,1.9373486029701614e-06,-5.98523126077172e-09,0.47957993458481596,5.599073755097514e-09,1.52159003462925e-08,-0.0220828355390963,"{""D"": 5.599073755097514e-09, ""cp"": 3390.975529010675, ""k"": 0.47957993458481596, ""rho"": 962.4996484752259}","{""D"": 5.642100615470808e-09, ""cp"": 3415.2957746478887, ""k"": 0.48295774647887346, ""rho"": 976.400000000001}","[[5.773715147672566e-07, 0.0003871497490157508], [2.196452221072869e-10, 2.7800573956194515e-07], [3.491884890162816e-14, 9.605109735899752e-11]]"
13.75,bdf2,28.121,0.019719375,3,1.8308791185750688e-14,9.53705088758234e-11,1.9099388737231493e-10,1.2878587085651816e-14,-2.8589136523257777,-2.862285940467757,0.0033722881419793183,1.930639280969033e-06,1.936565570574629e-06,-5.926289605595721e-09,0.47954857257696937,5.598702255465886e-09,1.5209750424320217e-08,-0.022480341227349744,"{""D"": 5.598702255465886e-09, ""cp"": 3390.7497225541797, ""k"": 0.47954857257696937, ""rho"": 962.3745712919406}","{""D"": 5.642113260334527e-09, ""cp"": 3415.2957746478887, ""k"": 0.48295774647887346, ""rho"": 976.400000000001}","[[5.826007760485016e-07, 0.00038339613280556373], [2.2154203586032523e-10, 2.756219747424225e-07], [1.8308791185750688e-14, 9.53705088758234e-11]]"
14.0,bdf2,28.1232,0.019721000000000002,3,3.0011299863914725e-14,9.47043750610483e-11,2.7284841053187847e-11,3.907985046680551e-14,-2.9094596190215327,-2.912858913587968,0.0033992945664351737,1.9299210557365843e-06,1.935789991088575e-06,-5.868935351990775e-09,0.47951749200326277,5.5983347640995424e-09,1.5203659037224122e-08,-0.022877540366371577,"{""D"": 5.5983347640995424e-09, ""cp"": 3390.5259424234923, ""k"": 0.47951749200326277, ""rho"": 962.250686574172}","{""D"": 5.642125810389018e-09, ""cp"": 3415.2957746478887, ""k"": 0.48295774647887346, ""rho"": 976.400000000001}","[[5.877797067888011e-07, 0.0003797444249795046], [2.2339807617695242e-10, 2.7329935299607514e-07], [3.0011299863914725e-14, 9.47043750610483e-11]]"
14.25,bdf2,28.1254,0.019722625,3,1.6232517342341426e-14,9.405495989887932e-11,1.9701928977156058e-10,7.593925488436071e-14,-2.959967243075056,-2.963393247610213,0.00342600453515729,1.929208567010179e-06,1.9350216655805405e-06,-5.813098570361373e-09,0.4794866853619051,5.5979711803519944e-09,1.5197624622788688e-08,-0.023274436171780592,"{""D"": 5.5979711803519944e-09, ""cp"": 3390.304134605717, ""k"": 0.4794866853619051, ""rho"": 962.1279624928866}","{""D"": 5.642138252710682e-09, ""cp"": 3415.2957746478887, ""k"": 0.48295774647887346, ""rho"": 976.400000000001}","[[5.929096216706585e-07, 0.0003761900971572882], [2.2523750313709025e-10, 2.710352731792018e-07], [1.6232517342341426e-14, 9.405495989887932e-11]]"
14.5,bdf2,28.1276,0.019724250000000002,3,3.20875150860021e-14,9.34163421998518e-11,6.662048690486699e-11,5.284661597215745e-14,-3.010436869300657,-3.0138893014751034,0.0034524321744462405,1.928501690241284e-06,1.9342604038124036e-06,-5.758713571119651e-09,0.47945614547885373,5.597611407919038e-09,1.5191645686835082e-08,-0.023671031209933347,"{""D"": 5.597611407919038e-09, ""cp"": 3390.0842474477467, ""k"": 0.47945614547885373, ""rho"": 962.0063686099845}","{""D"": 5.642150574885771e-09, ""cp"": 3415.2957746478887, ""k"": 0.48295774647887346, ""rho"": 976.400000000001}","[[5.979918450014721e-07, 0.00037273486113754777], [2.2705484300024424e-10, 2.688272973291167e-07], [3.20875150860021e-14, 9.34163421998518e-11]]"
14.75,bdf2,28.1298,0.019725875,3,3.246499567875316e-14,9.279392069553647e-11,1.2221335055073723e-11,3.419486915845482e-14,-3.060868849981042,-3.064347425157621,0.00347857517657868,1.927800305140711e-06,1.9335060237165887e-06,-5.70571857587779e-09,0.47942586548810684,5.597255354570433e-09,1.5185720799393575e-08,-0.024067328390028335,"{""D"": 5.597255354570433e-09, ""cp"": 3389.8662315143692, ""k"": 0.47942586548810684, ""rho"": 961.8858757946541}","{""D"": 5.64216276501415e-09, ""cp"": 3415.2957746478887, ""k"": 0.48295774647887346, ""rho"": 976.400000000001}","[[6.030276031259082e-07, 0.0003693756983638979], [2.2885953328770446e-10, 2.6667311879421814e-07], [3.246499567875316e-14, 9.279392069553647e-11]]"
15.0,bdf2,28.131999999999998,0.019727500000000002,3,2.000748516737023e-14,9.218734708067068e-11,7.139533408917487e-11,6.572520305780927e-14,-3.1112635274745246,-3.114767959509379,0.00350443203485451,1.927104295490301e-06,1.932758350913016e-06,-5.654055422714856e-09,0.4793958388134937,5.596902931915636e-09,1.5179848590955927e-08,-0.02446333028403466,"{""D"": 5.596902931915636e-09, ""cp"": 3389.650039457154, ""k"": 0.4793958388134937, ""rho"": 961.7664561460826}","{""D"": 5.642174811709802e-09, ""cp"": 3415.2957746478887, ""k"": 0.48295774647887346, ""rho"": 976.400000000001}","[[6.080180899223506e-07, 0.00036610125974299607], [2.306674289937764e-10, 2.645705693742462e-07], [2.000748516737023e-14, 9.218734708067068e-11]]"
15.25,bdf2,28.1342,0.019729125,3,2.90674606266196e-14,9.158948109737058e-11,2.8398972062859684e-10,1.9539925233402755e-14,-3.1616212168258837,-3.1651512368270573,0.0035300200011736393,1.926413548958583e-06,1.932017218262206e-06,-5.603669303623267e-09,0.47936605915182706,5.596554055180246e-09,1.5174027748766775e-08,-0.024859039597162597,"{""D"": 5.596554055180246e-09, ""cp"": 3389.435625893155, ""k"": 0.47936605915182706, ""rho"": 961.648082921953}","{""D"": 5.642189303510764e-09, ""cp"": 3415.2957746478887, ""k"": 0.48295774647887346, ""rho"": 976.400000000001}","[[6.129644386791808e-07, 0.0003629080436474446], [2.324466313890095e-10, 2.625175968545935e-07], [2.90674606266196e-14, 9.158948109737058e-11]]"
15.5,bdf2,28.1364,0.019730750000000002,3,3.756117590475901e-14,9.100554732457558e-11,1.4654233382316306e-10,1.1457501614131615e-13,-3.2119422406972298,-3.2154975812247244,0.0035553405274946215,1.9257279569403106e-06,1.9312824654511855e-06,-5.55450851087494e-09,0.4793365204572936,5.5962086430002625e-09,1.5168257013672184e-08,-0.025254458905895488,"{""D"": 5.5962086430002625e-09, ""cp"": 3389.2229472925133, ""k"": 0.4793365204572936, ""rho"": 961.5307304721897}","{""D"": 5.6422046440658485e-09, ""cp"": 3415.2957746478887, ""k"": 0.48295774647887346, ""rho"": 976.400000000001}","[[6.178677828722476e-07, 0.0003597927477692739], [2.341726030582554e-10, 2.6051227266902085e-07], [3.756117590475901e-14, 9.100554732457558e-11]]"
15.75,bdf2,28.1386,0.019732375,3,4.473363388841001e-14,9.043397838860384e-11,1.91562321560923e-10,2.9753977059954195e-14,-3.2622268945324797,-3.265807308817159,0.0035804142846793674,1.9250474143821123e-06,1.930553938609449e-06,-5.5065242273365936e-09,0.47930721692697575,5.595866617233046e-09,1.5162535177178026e-08,-0.025649590541509257,"{""D"": 5.595866617233046e-09, ""cp"": 3389.0119618742256, ""k"": 0.47930721692697575, ""rho"": 961.4143741775118}","{""D"": 5.642220018638499e-09, ""cp"": 3415.2957746478887, ""k"": 0.48295774647887346, ""rho"": 976.400000000001}","[[6.227290968603066e-07, 0.00035675225477202965], [2.3593481135249893e-10, 2.585527520187048e-07], [4.473363388841001e-14, 9.043397838860384e-11]]"
16.0,bdf2,28.1408,0.019734,3,2.0951182465731116e-14,8.987773488418773e-11,3.0183855415089056e-10,9.325873406851315e-14,-3.312475490197227,-3.3160807283266536,0.003605238129426702,1.924371819644833e-06,1.9298314899521823e-06,-5.459670307349099e-09,0.4792781429874028,5.5955279027772045e-09,1.5156861078692104e-08,-0.026044437184835886,"{""D"": 5.5955279027772045e-09, ""cp"": 3388.8026295093, ""k"": 0.4792781429874028, ""rho"": 961.2989903923492}","{""D"": 5.6422354177859084e-09, ""cp"": 3415.2957746478887, ""k"": 0.48295774647887346, ""rho"": 976.400000000001}","[[6.275494620219139e-07, 0.00035378361916210254], [2.3766285266498704e-10, 2.5663731061844267e-07], [2.0951182465731116e-14, 8.987773488418773e-11]]"
16.25,bdf2,28.143,0.019735625,3,2.9444886461033546e-14,8.932671595871103e-11,1.2778400559909642e-10,3.863576125695545e-14,-3.3626883385758704,-3.366318140993485,0.0036298024176146804,1.9237010743416713e-06,1.9291149774485885e-06,-5.41390310691728e-09,0.47924929328204624,5.5951924274116735e-09,1.5151233602684015e-08,-0.026439000826927326,"{""D"": 5.5951924274116735e-09, ""cp"": 3388.594911630733, ""k"": 0.47924929328204624, ""rho"": 961.1845563917741}","{""D"": 5.642250832297154e-09, ""cp"": 3415.2957746478887, ""k"": 0.48295774647887346, ""rho"": 976.400000000001}","[[6.323297870288023e-07, 0.0003508840553024991], [2.3937881070950577e-10, 2.547643056864633e-07], [2.9444886461033546e-14, 8.932671595871103e-11]]"
16.5,bdf2,28.1452,0.01973725,3,1.4156186392043368e-14,8.87918932279465e-11,2.7750957087846473e-10,3.9968028886505635e-14,-3.412865688586618,-3.416519841231036,0.0036541526444180406,1.92303508321444e-06,1.9284042645130286e-06,-5.369181298588744e-09,0.47922066265967733,5.594860121638628e-09,1.5145651676338127e-08,-0.0268332841257878,"{""D"": 5.594860121638628e-09, ""cp"": 3388.388771149677, ""k"": 0.47922066265967733, ""rho"": 961.0710503220846}","{""D"": 5.6422662531998405e-09, ""cp"": 3415.2957746478887, ""k"": 0.48295774647887346, ""rho"": 976.400000000001}","[[6.370710407626409e-07, 0.00034805092642206935], [2.4108381798868994e-10, 2.5293216688849007e-07], [1.4156186392043368e-14, 8.87918932279465e-11]]"
16.75,bdf2,28.1474,0.019738875,3,2.9067350729920456e-14,8.826212092349006e-11,5.4285465012071654e-11,1.021405182655144e-13,-3.4630078579853016,-3.466686116453843,0.0036782584685415287,1.922373753991596e-06,1.9276992197172218e-06,-5.3254657256257254e-09,0.47919224616351697,5.59453091854476e-09,1.5140114267507932e-08,-0.02722728916306754,"{""D"": 5.59453091854476e-09, ""cp"": 3388.1841723773223, ""k"": 0.47919224616351697, ""rho"": 960.9584511547555}","{""D"": 5.642281671765563e-09, ""cp"": 3415.295774647889, ""k"": 0.48295774647887346, ""rho"": 976.400000000001}","[[6.417740992394482e-07, 0.00034528173453381075], [2.4275597962093774e-10, 2.511394301233516e-07], [2.9067350729920456e-14, 8.826212092349006e-11]]"
17.0,bdf2,28.1496,0.0197405,3,3.9637270817074485e-14,8.774575837164478e-11,1.0459189070388675e-11,3.064215547965432e-14,-3.5131151200656103,-3.5168172477526127,0.003702127687002399,1.9217169972731316e-06,1.9269997165216755e-06,-5.282719248543893e-09,0.47916403902111127,5.59420475366361e-09,1.5134620382192483e-08,-0.027621018117554144,"{""D"": 5.59420475366361e-09, ""cp"": 3387.9810809520013, ""k"": 0.47916403902111127, ""rho"": 960.8467386434681}","{""D"": 5.642297079514344e-09, ""cp"": 3415.295774647889, ""k"": 0.48295774647887346, ""rho"": 976.4000000000011}","[[6.464398469678956e-07, 0.00034257411118422914], [2.4440680933844674e-10, 2.4938468440642893e-07], [3.9637270817074485e-14, 8.774575837164478e-11]]"
17.25,bdf2,28.151799999999998,0.019742125000000003,3,2.5103588500455292e-14,8.724054158820359e-11,3.1309355108533055e-10,5.3734794391857577e-14,-3.5631877385656,-3.5669135101429106,0.003725771577310688,1.921064726400926e-06,1.9263056330248855e-06,-5.240906623959532e-09,0.4791360366348767,5.5938815648508556e-09,1.51291690632028e-08,-0.02801447326945675,"{""D"": 5.5938815648508556e-09, ""cp"": 3387.779463771112, ""k"": 0.4791360366348767, ""rho"": 960.7358932839817}","{""D"": 5.642312468218079e-09, ""cp"": 3415.295774647889, ""k"": 0.48295774647887346, ""rho"": 976.4000000000011}","[[6.510690799324496e-07, 0.00033992580893710045], [2.46060655761826e-10, 2.476665892849189e-07], [2.5103588500455292e-14, 8.724054158820359e-11]]"
17.5,bdf2,28.154,0.01974375,3,2.5481069358583262e-14,8.674420658895941e-11,2.964952727779746e-10,5.0182080713057076e-14,-3.613225950268787,-3.6169751724401067,0.003749222171319566,1.9204168573562798e-06,1.9256168517288067e-06,-5.1999943725269414e-09,0.47910823457325846,5.593561292171052e-09,1.512375938750942e-08,-0.028407656624055765,"{""D"": 5.593561292171052e-09, ""cp"": 3387.5792889274608, ""k"": 0.47910823457325846, ""rho"": 960.6258962766091}","{""D"": 5.642327829903348e-09, ""cp"": 3415.295774647889, ""k"": 0.48295774647887346, ""rho"": 976.4000000000011}","[[6.556626124252833e-07, 0.00033733469353155196], [2.4772280383358185e-10, 2.459838840679234e-07], [2.5481069358583262e-14, 8.674420658895941e-11]]"
17.75,bdf2,28.1562,0.019745375000000003,3,2.6424795215349457e-14,8.625466354233645e-11,5.871925168321468e-11,2.1316282072803006e-14,-3.663230060901429,-3.6670024974810644,0.003772436579635219,1.919773308647749e-06,1.924933259319394e-06,-5.1599506716451986e-09,0.4790806285624575,5.593243877788312e-09,1.5118390465329172e-08,-0.0288005703397436,"{""D"": 5.593243877788312e-09, ""cp"": 3387.3805256496944, ""k"": 0.4790806285624575, ""rho"": 960.516729491103}","{""D"": 5.642343156852873e-09, ""cp"": 3415.295774647889, ""k"": 0.48295774647887346, ""rho"": 976.4000000000011}","[[6.602212017355191e-07, 0.000334798736662217], [2.493373839561657e-10, 2.4433535508575485e-07], [2.6424795215349457e-14, 8.625466354233645e-11]]"
18.0,bdf2,28.1584,0.019747,3,2.0384828467419532e-14,8.577713702727416e-11,2.2259882825892419e-10,4.75175454539567e-14,-3.713200288282334,-3.7169957429497913,0.003795454667457232,1.919134001210717e-06,1.924254746460978e-06,-5.120745250260898e-09,0.47905321447867844,5.592929265858125e-09,1.5113061437770987e-08,-0.029193216464907742,"{""D"": 5.592929265858125e-09, ""cp"": 3387.1831442464845, ""k"": 0.47905321447867844, ""rho"": 960.4083754337565}","{""D"": 5.642358441606772e-09, ""cp"": 3415.295774647889, ""k"": 0.48295774647887346, ""rho"": 976.4000000000011}","[[6.647456211949589e-07, 0.0003323160093023968], [2.5092968849747015e-10, 2.4271984979629914e-07], [2.0384828467419532e-14, 8.577713702727416e-11]]"
18.25,bdf2,28.1606,0.019748625000000002,3,3.00109773738871e-14,8.530622831220179e-11,1.177795638795942e-10,2.7533531010703882e-14,-3.7631369105064887,-3.766955160718055,0.003818250211566454,1.918498858307625e-06,1.9235812076034854e-06,-5.082349295860549e-09,0.47902598834086196,5.592617402439499e-09,1.510777147592816e-08,-0.02958559677339673,"{""D"": 5.592617402439499e-09, ""cp"": 3386.987116054206, ""k"": 0.47902598834086196, ""rho"": 960.3008172165577}","{""D"": 5.642373676962801e-09, ""cp"": 3415.295774647889, ""k"": 0.48295774647887346, ""rho"": 976.400000000001}","[[6.692365627839876e-07, 0.0003298846755449787], [2.525214235415914e-10, 2.411362713862843e-07], [3.00109773738871e-14, 8.530622831220179e-11]]"
18.5,bdf2,28.1628,0.01975025,3,3.680589084191528e-14,8.484054417606881e-11,9.094947017729282e-12,3.774758283725532e-14,-3.81304013525264,-3.8168809976795615,0.0038408624269212766,1.9178678054429943e-06,1.9229125408015117e-06,-5.04473535851741e-09,0.4789989463038642,5.592308235398785e-09,1.5102519779180802e-08,-0.029977713249660334,"{""D"": 5.592308235398785e-09, ""cp"": 3386.792413387822, ""k"": 0.4789989463038642, ""rho"": 960.1940385282419}","{""D"": 5.642388855975907e-09, ""cp"": 3415.295774647889, ""k"": 0.48295774647887346, ""rho"": 976.4000000000011}","[[6.736947126309417e-07, 0.00032750298689528026], [2.541067378836435e-10, 2.3958357041195396e-07], [3.680589084191528e-14, 8.484054417606881e-11]]"
18.75,bdf2,28.165,0.019751875000000002,3,2.5858480126625862e-14,8.439053377675408e-11,3.6970959627069533e-10,6.52811138479592e-14,-3.8629102305170884,-3.8667734955694755,0.0038632650523870993,1.9172407702684967e-06,1.9222486475443258e-06,-5.007877275829124e-09,0.47897208465204755,5.592001714328306e-09,1.509730557371953e-08,-0.030369567932761035,"{""D"": 5.592001714328306e-09, ""cp"": 3386.599009494743, ""k"": 0.47897208465204755, ""rho"": 960.088023607092}","{""D"": 5.642403971957231e-09, ""cp"": 3415.295774647889, ""k"": 0.48295774647887346, ""rho"": 976.4000000000011}","[[6.781207498796572e-07, 0.0003251692769924833], [2.5570601631085433e-10, 2.3806074654059396e-07], [2.5858480126625862e-14, 8.439053377675408e-11]]"
19.0,bdf2,28.1672,0.0197535,3,2.491472296491721e-14,8.394487719322219e-11,5.809397407574579e-11,7.593925488436071e-14,-3.912747393933929,-3.916632891512961,0.0038854975790321156,1.9166176825026628e-06,1.9215894325960932e-06,-4.971750093430453e-09,0.478945399793258,5.591697790463185e-09,1.509212811162382e-08,-0.030761162868848613,"{""D"": 5.591697790463185e-09, ""cp"": 3386.4068785114578, ""k"": 0.478945399793258, ""rho"": 959.9827572153749}","{""D"": 5.6424190184726484e-09, ""cp"": 3415.295774647889, ""k"": 0.48295774647887346, ""rho"": 976.4000000000011}","[[6.82515334043321e-07, 0.00032288195671681505], [2.5724432586487535e-10, 2.3656685151112675e-07], [2.491472296491721e-14, 8.394487719322219e-11]]"
19.25,bdf2,28.1694,0.019755125000000002,3,2.7745922418370025e-14,8.350566425704893e-11,1.0470557754160836e-10,1.9539925233402755e-14,-3.962551900915631,-3.966459417574697,0.003907516659066079,1.9159984738498847e-06,1.9209348038455327e-06,-4.9363299956479626e-09,0.4789188882531563,5.59139641661228e-09,1.5086986669432823e-08,-0.031152499511104555,"{""D"": 5.59139641661228e-09, ""cp"": 3386.215995422726, ""k"": 0.4789188882531563, ""rho"": 959.8782246152853}","{""D"": 5.642433989340798e-09, ""cp"": 3415.295774647889, ""k"": 0.48295774647887346, ""rho"": 976.400000000001}","[[6.86879063102558e-07, 0.0003206395096392889], [2.5880263945226954e-10, 2.351009673650327e-07], [2.7745922418370025e-14, 8.350566425704893e-11]]"
19.5,bdf2,28.171599999999998,0.01975675,3,1.8686016462916442e-14,8.307690047875449e-11,1.6711965145077556e-11,4.75175454539567e-14,-4.012323939135897,-4.016253301348627,0.003929362212729437,1.91538307792874e-06,1.9202846721642943e-06,-4.9015942355541545e-09,0.47889254666987957,5.591097547083364e-09,1.5081880547151077e-08,-0.031543579678158934,"{""D"": 5.591097547083364e-09, ""cp"": 3386.0263360231334, ""k"": 0.47889254666987957, ""rho"": 959.7744115462871}","{""D"": 5.642448878630581e-09, ""cp"": 3415.295774647889, ""k"": 0.48295774647887346, ""rho"": 976.400000000001}","[[6.912125710880134e-07, 0.00031844048780163727], [2.603558535829994e-10, 2.3366222072686573e-07], [1.8686016462916442e-14, 8.307690047875449e-11]]"
19.75,bdf2,28.1738,0.019758375,3,3.284206669006976e-14,8.265458034781864e-11,7.787548383930698e-11,4.75175454539567e-14,-4.062063739235062,-4.066014766256387,0.003951027021325437,1.9147714301939496e-06,1.919638951273509e-06,-4.867521079559234e-09,0.4788663717890098,5.590801137615217e-09,1.5076809067146547e-08,-0.0319344052956525,"{""D"": 5.590801137615217e-09, ""cp"": 3385.8378768808707, ""k"": 0.4788663717890098, ""rho"": 959.6713042037613}","{""D"": 5.64246368065829e-09, ""cp"": 3415.295774647889, ""k"": 0.48295774647887346, ""rho"": 976.400000000001}","[[6.955164152092999e-07, 0.0003162835077943948], [2.6186603000577015e-10, 2.3224978646145865e-07], [3.284206669006976e-14, 8.265458034781864e-11]]"
20.0,bdf2,28.176,0.01976,3,2.3593422197435485e-14,8.224009708529193e-11,5.3887561080046e-11,4.884981308350689e-14,-4.111771505143098,-4.115744031258828,0.003972526115729735,1.914163467871146e-06,1.918997557617948e-06,-4.83408974680209e-09,0.47884036045882983,5.590507145318864e-09,1.5071771573203938e-08,-0.03232497800218512,"{""D"": 5.590507145318864e-09, ""cp"": 3385.650595303575, ""k"": 0.47884036045882983, ""rho"": 959.5688892188716}","{""D"": 5.642480783018849e-09, ""cp"": 3415.2957746478887, ""k"": 0.48295774647887346, ""rho"": 976.400000000001}","[[6.997911783450007e-07, 0.00031416724710596244], [2.6338922676969524e-10, 2.3086284848958123e-07], [2.3593422197435485e-14, 8.224009708529193e-11]]"
20.25,bdf2,28.1782,0.019761625,3,3.1143295366303927e-14,8.182787780697233e-11,2.872866389225237e-10,2.886579864025407e-14,-4.1614474663632555,-4.165441311161544,0.0039938447982885705,1.913559129890171e-06,1.9183604102471874e-06,-4.801280357016262e-09,0.47881450962584315,5.59021552861676e-09,1.5066767429391336e-08,-0.0327152996090102,"{""D"": 5.59021552861676e-09, ""cp"": 3385.4644693060704, ""k"": 0.47881450962584315, ""rho"": 959.46715363955}","{""D"": 5.6424989519753135e-09, ""cp"": 3415.2957746478887, ""k"": 0.48295774647887346, ""rho"": 976.4000000000008}","[[7.04037404302248e-07, 0.00031209044070381703], [2.648939230456001e-10, 2.2950065899983464e-07], [3.1143295366303927e-14, 8.182787780697233e-11]]"
20.5,bdf2,28.1804,0.01976325,3,3.8315663515274306e-14,8.142575938126888e-11,1.0891199053730816e-10,8.43769498715119e-14,-4.211091834434229,-4.2151068168308825,0.004014982396653544,1.912958356822979e-06,1.9177274307033843e-06,-4.769073880405074e-09,0.47878881633054293,5.58992624718584e-09,1.506179601970583e-08,-0.03310537149892041,"{""D"": 5.58992624718584e-09, ""cp"": 3385.2794775799093, ""k"": 0.47878881633054293, ""rho"": 959.3660849125415}","{""D"": 5.642517162844829e-09, ""cp"": 3415.2957746478887, ""k"": 0.48295774647887346, ""rho"": 976.4000000000008}","[[7.082556436823606e-07, 0.0003100518778792137], [2.663693602755317e-10, 2.2816247557955136e-07], [3.8315663515274306e-14, 8.142575938126888e-11]]"
20.75,bdf2,28.1826,0.019764875,3,1.5099758111193756e-14,8.10283430766109e-11,7.457856554538012e-11,2.7977620220553945e-14,-4.260704802950572,-4.2647407552706795,0.004035952320107228,1.9123610908239206e-06,1.917098542915203e-06,-4.737452091282249e-09,0.4787632777034134,5.5896392619050554e-09,1.5056856746531973e-08,-0.033495195576199746,"{""D"": 5.5896392619050554e-09, ""cp"": 3385.095599464576, ""k"": 0.4787632777034134, ""rho"": 959.2656708664324}","{""D"": 5.642535410266673e-09, ""cp"": 3415.2957746478887, ""k"": 0.48295774647887346, ""rho"": 976.4000000000008}","[[7.124463696997059e-07, 0.0003080503992756203], [2.678853748916216e-10, 2.2684759761269574e-07], [1.5099758111193756e-14, 8.10283430766109e-11]]"
21.0,bdf2,28.1848,0.0197665,3,2.7745785638919384e-14,8.063893779299336e-11,8.458300726488233e-11,3.68594044175552e-14,-4.3102865824163805,-4.314343329630788,0.004056747214407075,1.911767275569669e-06,1.9164736730974506e-06,-4.706397527781518e-09,0.4787378909611453,5.58935453480635e-09,1.5051949030487884e-08,-0.033884773306456825,"{""D"": 5.58935453480635e-09, ""cp"": 3384.912814920246, ""k"": 0.4787378909611453, ""rho"": 959.1658996955921}","{""D"": 5.64255368901203e-09, ""cp"": 3415.2957746478887, ""k"": 0.48295774647887346, ""rho"": 976.4000000000008}","[[7.166101155895464e-07, 0.00030608489412526274], [2.6935495450159034e-10, 2.2555534155018988e-07], [2.7745785638919384e-14, 8.063893779299336e-11]]"
21.25,bdf2,28.187,0.019768125,3,1.6043469924250146e-14,8.025893675146676e-11,2.6352608983870596e-10,6.705747068735946e-14,-4.3598373305906755,-4.363914739622032,0.004077409031356893,1.9111768562106786e-06,1.9158527496560865e-06,-4.675893445407872e-09,0.47871265340305513,5.589072029024255e-09,1.5047072309160493e-08,-0.03427410620895003,"{""D"": 5.589072029024255e-09, ""cp"": 3384.731104501997, ""k"": 0.47871265340305513, ""rho"": 959.0667599449739}","{""D"": 5.6425719939847605e-09, ""cp"": 3415.2957746478887, ""k"": 0.48295774647887346, ""rho"": 976.4000000000008}","[[7.207473481475832e-07, 0.000304154297653032], [2.7082773957751616e-10, 2.2428507190908215e-07], [1.6043469924250146e-14, 8.025893675146676e-11]]"
21.5,bdf2,28.1892,0.019769750000000003,3,2.5669533265015996e-14,7.98818963046725e-11,8.026290743146092e-11,9.50350909079134e-14,-4.409357283128844,-4.413455181121151,0.004097897992306976,1.910589779311864e-06,1.91523570309828e-06,-4.645923786416053e-09,0.4786875624076943,5.588791708755758e-09,1.5042226036786577e-08,-0.034663195926612274,"{""D"": 5.588791708755758e-09, ""cp"": 3384.550449335399, ""k"": 0.4786875624076943, ""rho"": 958.9682404957248}","{""D"": 5.642590320222001e-09, ""cp"": 3415.2957746478887, ""k"": 0.48295774647887346, ""rho"": 976.4000000000008}","[[7.248585668220758e-07, 0.00030225758866795314], [2.722680569998979e-10, 2.2303616435218923e-07], [2.5669533265015996e-14, 7.98818963046725e-11]]"
21.75,bdf2,28.191399999999998,0.019771375,3,3.4918089640230677e-14,7.950642323156008e-11,9.708855941426009e-11,1.9095836023552692e-14,-4.458846614261105,-4.462964846695172,0.0041182324340667265,1.910005992807055e-06,1.9146224659470975e-06,-4.616473140042354e-09,0.4786626154296323,5.588513539213706e-09,1.503740968351108e-08,-0.035052043894064175,"{""D"": 5.588513539213706e-09, ""cp"": 3384.3708310933525, ""k"": 0.4786626154296323, ""rho"": 958.8703305515356}","{""D"": 5.642608662894555e-09, ""cp"": 3415.2957746478887, ""k"": 0.48295774647887346, ""rho"": 976.4000000000008}","[[7.289442031118735e-07, 0.0003003937872915386], [2.7370554001817297e-10, 2.2180801927200161e-07], [3.4918089640230677e-14, 7.950642323156008e-11]]"
22.0,bdf2,28.1936,0.019773000000000002,3,2.6801973475896107e-14,7.914261838474566e-11,1.6325429896824062e-10,3.241851231905457e-14,-4.508305497767956,-4.512443925685261,0.004138427917305343,1.9094254459524832e-06,1.9140129726606237e-06,-4.587526708140497e-09,0.4786378099964075,5.588237486586539e-09,1.5032622734437375e-08,-0.0354406517650178,"{""D"": 5.588237486586539e-09, ""cp"": 3384.1922319741343, ""k"": 0.4786378099964075, ""rho"": 958.7730196256998}","{""D"": 5.6426270173069096e-09, ""cp"": 3415.2957746478883, ""k"": 0.48295774647887335, ""rho"": 976.4000000000007}","[[7.330047072011648e-07, 0.00029856195283016495], [2.75136036209403e-10, 2.2060006353220954e-07], [2.6801973475896107e-14, 7.914261838474566e-11]]"
22.25,bdf2,28.1958,0.019774625,3,2.2083299891395192e-14,7.8780903369507e-11,3.387867764104158e-11,1.2434497875801753e-14,-4.557734159229766,-4.561892604000661,0.004158444770895109,1.908848089278678e-06,1.9134071595552165e-06,-4.559070276538361e-09,0.47861314370563424,5.5879635180026746e-09,1.5027864689453962e-08,-0.035829020723252024,"{""D"": 5.5879635180026746e-09, ""cp"": 3384.014634680567, ""k"": 0.47861314370563424, ""rho"": 958.6762975288348}","{""D"": 5.642645378897209e-09, ""cp"": 3415.2957746478883, ""k"": 0.48295774647887335, ""rho"": 976.4000000000007}","[[7.370405066240051e-07, 0.0002967611817946098], [2.7656652918601654e-10, 2.1941174367575068e-07], [2.2083299891395192e-14, 7.8780903369507e-11]]"
22.5,bdf2,28.198,0.019776250000000002,3,3.284180626108074e-14,7.842441293320776e-11,2.220303940703161e-10,7.771561172376096e-14,-4.607132745438183,-4.611311064475387,0.004178319037204226,1.9082738745445603e-06,1.91280496473262e-06,-4.5310901880595635e-09,0.47858861422225407,5.5876916014916484e-09,1.50231350623701e-08,-0.036217152482637106,"{""D"": 5.5876916014916484e-09, ""cp"": 3383.8380224002294, ""k"": 0.47858861422225407, ""rho"": 958.5801543572193}","{""D"": 5.6426637432367215e-09, ""cp"": 3415.2957746478883, ""k"": 0.48295774647887335, ""rho"": 976.4000000000007}","[[7.410520221190028e-07, 0.0002949906060167649], [2.7797267070177055e-10, 2.1824252784048904e-07], [3.284180626108074e-14, 7.842441293320776e-11]]"
22.75,bdf2,28.2002,0.019777875,3,3.4351748762005986e-14,7.807366953374187e-11,1.7064394342014566e-10,6.306066779870889e-14,-4.656501428891668,-4.660699486920805,0.004198058029136753,1.907702754702574e-06,1.9122063280106995e-06,-4.503573308125451e-09,0.47856421927592485,5.5874217059497665e-09,1.5018433380530787e-08,-0.036605048181939465,"{""D"": 5.5874217059497665e-09, ""cp"": 3383.6623787866583, ""k"": 0.47856421927592485, ""rho"": 958.4845804817119}","{""D"": 5.642682106029422e-09, ""cp"": 3415.2957746478883, ""k"": 0.48295774647887335, ""rho"": 976.4000000000007}","[[7.450396529071795e-07, 0.00029324939089975076], [2.79382017697915e-10, 2.1709190750074118e-07], [3.4351748762005986e-14, 7.807366953374187e-11]]"
23.0,bdf2,28.2024,0.019779500000000002,3,1.4533421278863815e-14,7.77319820711043e-11,2.7489477361086756e-10,4.39648317751562e-14,-4.705840390389788,-4.710058048142685,0.004217657752896287,1.9071346838518668e-06,1.911611190857598e-06,-4.476507005731375e-09,0.47853995665853777,5.587153801107757e-09,1.501375918426557e-08,-0.0369927094305181,"{""D"": 5.587153801107757e-09, ""cp"": 3383.4876879414714, ""k"": 0.47853995665853777, ""rho"": 958.3895665372156}","{""D"": 5.642700463111198e-09, ""cp"": 3415.2957746478883, ""k"": 0.48295774647887335, ""rho"": 976.4000000000007}","[[7.490038129311786e-07, 0.00029153673377408957], [2.807966463600434e-10, 2.1595938771472895e-07], [1.4533421278863815e-14, 7.77319820711043e-11]]"
23.25,bdf2,28.2046,0.019781125,3,1.566588386425322e-14,7.738924969267884e-11,8.890310709830374e-11,1.199040866595169e-14,-4.755149810336973,-4.759386922022202,0.004237111685228889,1.9065696172021939e-06,1.911019496329141e-06,-4.4498791269470525e-09,0.4785158242218578,5.586887857499493e-09,1.5009112026293046e-08,-0.037380137615528504,"{""D"": 5.586887857499493e-09, ""cp"": 3383.313934397376, ""k"": 0.4785158242218578, ""rho"": 958.2951034126626}","{""D"": 5.642718810448989e-09, ""cp"": 3415.2957746478883, ""k"": 0.48295774647887335, ""rho"": 976.4000000000007}","[[7.529448876324753e-07, 0.00028985186233329243], [2.8216767155850374e-10, 2.1484450105678983e-07], [1.566588386425322e-14, 7.738924969267884e-11]]"
23.5,bdf2,28.2068,0.01978275,3,2.887805321012707e-14,7.705679231950089e-11,1.256239556823857e-10,5.0182080713057076e-14,-4.804429860048505,-4.808686279487517,0.004256419439012227,1.9060075110394775e-06,1.9104311890092025e-06,-4.423677969724962e-09,0.4784918198752752,5.586623846433098e-09,1.5004491471446178e-08,-0.03776733375035225,"{""D"": 5.586623846433098e-09, ""cp"": 3383.1411031019816, ""k"": 0.4784918198752752, ""rho"": 958.2011822414725}","{""D"": 5.642737144139657e-09, ""cp"": 3415.2957746478883, ""k"": 0.48295774647887335, ""rho"": 976.4000000000007}","[[7.568632339514632e-07, 0.00028819403318090385], [2.835368061255681e-10, 2.1374677801142987e-07], [2.887805321012707e-14, 7.705679231950089e-11]]"
23.75,bdf2,28.209,0.019784375,3,3.152046546309224e-14,7.672746969368657e-11,7.935341272968799e-11,1.1235457009206584e-13,-4.853680684355165,-4.857956288944365,0.004275604589199844,1.905448322689623e-06,1.9098462149529426e-06,-4.397892263319557e-09,0.4784679415836651,5.5863617399592225e-09,1.499989709592194e-08,-0.03815429954809586,"{""D"": 5.5863617399592225e-09, ""cp"": 3382.9691794023893, ""k"": 0.4784679415836651, ""rho"": 958.1077943924709}","{""D"": 5.642755460408837e-09, ""cp"": 3415.2957746478887, ""k"": 0.48295774647887346, ""rho"": 976.4000000000008}","[[7.607592118479736e-07, 0.0002865625304527802], [2.849151860286193e-10, 2.126657927754654e-07], [3.152046546309224e-14, 7.672746969368657e-11]]"
24.0,bdf2,28.211199999999998,0.019786,3,3.8504012191045176e-14,7.639901783102881e-11,2.1930190996499732e-10,8.260059303211165e-14,-4.902902471244347,-4.907197116023099,0.004294644778751966,1.9048920104786219e-06,1.9092645216327557e-06,-4.372511154133773e-09,0.4784441873653499,5.5861015108469414e-09,1.4995328487267996e-08,-0.038541035967231345,"{""D"": 5.5861015108469414e-09, ""cp"": 3382.798149030519, ""k"": 0.4784441873653499, ""rho"": 958.0149314612408}","{""D"": 5.642773755609516e-09, ""cp"": 3415.2957746478887, ""k"": 0.48295774647887346, ""rho"": 976.4000000000008}","[[7.646331856224964e-07, 0.00028495666452226507], [2.8628563542737506e-10, 2.116011127537603e-07], [3.8504012191045176e-14, 7.639901783102881e-11]]"
24.25,bdf2,28.2134,0.019787625,3,2.7179281828371658e-14,7.607805453151755e-11,1.63140612130519e-10,1.7763568394002505e-14,-4.952095373533566,-4.956408923872857,0.004313550339291261,1.9043385337104566e-06,1.908686057886685e-06,-4.347524176228302e-09,0.4784205552901538,5.585843132555882e-09,1.4990785243694075e-08,-0.038927544652103824,"{""D"": 5.585843132555882e-09, ""cp"": 3382.627998089107, ""k"": 0.4784205552901538, ""rho"": 957.9225852618696}","{""D"": 5.64279202622083e-09, ""cp"": 3415.2957746478887, ""k"": 0.48295774647887346, ""rho"": 976.4000000000009}","[[7.684855048528804e-07, 0.00028337577077206487], [2.876507967605031e-10, 2.105523279910205e-07], [2.7179281828371658e-14, 7.607805453151755e-11]]"
24.5,bdf2,28.2156,0.01978925,3,2.8122985163865586e-14,7.576022597936997e-11,2.0884272089460865e-10,3.952393967665557e-14,-5.001259543696945,-5.005591872844661,0.004332329147715974,1.903787852629906e-06,1.908110773869281e-06,-4.322921239375041e-09,0.4783970434775505,5.58558657921519e-09,1.4986266973526268e-08,-0.03931382663627709,"{""D"": 5.58558657921519e-09, ""cp"": 3382.4587130383634, ""k"": 0.4783970434775505, ""rho"": 957.830747819085}","{""D"": 5.642810268846134e-09, ""cp"": 3415.2957746478887, ""k"": 0.48295774647887346, ""rho"": 976.4000000000009}","[[7.723165262887827e-07, 0.0002818192084471054], [2.889955704412283e-10, 2.095190457730624e-07], [2.8122985163865586e-14, 7.576022597936997e-11]]"
24.75,bdf2,28.2178,0.019790875,3,1.5665811787130836e-14,7.545040844826281e-11,1.3426415534922853e-10,8.79296635503124e-14,-5.050395133873498,-5.054746121143694,0.004350987270195894,1.9032399283929386e-06,1.9075386210046665e-06,-4.298692611727855e-09,0.4783736500948932,5.585331825594421e-09,1.498177329548597e-08,-0.039699883319991185,"{""D"": 5.585331825594421e-09, ""cp"": 3382.290280683231, ""k"": 0.4783736500948932, ""rho"": 957.7394113607467}","{""D"": 5.6428284802117226e-09, ""cp"": 3415.2957746478887, ""k"": 0.48295774647887346, ""rho"": 976.4000000000009}","[[7.761265368437961e-07, 0.0002802863595601564], [2.9034977817324486e-10, 2.0850088278994443e-07], [1.5665811787130836e-14, 7.545040844826281e-11]]"
25.0,bdf2,28.22,0.0197925,3,4.020259406323126e-14,7.514128752768087e-11,9.254108590539545e-11,3.1530333899354446e-14,-5.099502313278057,-5.103871824159967,0.004369510881909733,1.9026947230369955e-06,1.9069695519417652e-06,-4.274828904769745e-09,0.4783503733557264,5.585078847088031e-09,1.497730383745256e-08,-0.040085715551979574,"{""D"": 5.585078847088031e-09, ""cp"": 3382.12268816123, ""k"": 0.4783503733557264, ""rho"": 957.6485683106824}","{""D"": 5.642846657164852e-09, ""cp"": 3415.2957746478887, ""k"": 0.48295774647887346, ""rho"": 976.400000000001}","[[7.799159015713974e-07, 0.0002787766278667699], [2.916522666834593e-10, 2.0749747680419338e-07], [4.020259406323126e-14, 7.514128752768087e-11]]"
25.25,bdf2,28.2222,0.019794125,3,2.755668606390477e-14,7.483878440708889e-11,3.858531272271648e-10,5.0182080713057076e-14,-5.148581207297535,-5.152969135311025,0.004387928013490416,1.9021521994594753e-06,1.9064035205115252e-06,-4.251321052049992e-09,0.4783272115181737,5.584827619686477e-09,1.49728582370418e-08,-0.04047132499655103,"{""D"": 5.584827619686477e-09, ""cp"": 3381.95592293085, ""k"": 0.4783272115181737, ""rho"": 957.558211281844}","{""D"": 5.6428647966719624e-09, ""cp"": 3415.2957746478887, ""k"": 0.48295774647887346, ""rho"": 976.400000000001}","[[7.836848836025073e-07, 0.0002772894378895024], [2.929957095967752e-10, 2.065084535618047e-07], [2.755668606390477e-14, 7.483878440708889e-11]]"
25.5,bdf2,28.2244,0.01979575,3,2.6990431527479274e-14,7.453924188122923e-11,1.646185410209e-10,1.9539925233402755e-14,-5.19763201061693,-5.202038205544568,0.004406194927637941,1.901612321383398e-06,1.9058404816860112e-06,-4.228160302613083e-09,0.47830416288339406,5.584578119961066e-09,1.4968436140436e-08,-0.04085671241477902,"{""D"": 5.584578119961066e-09, ""cp"": 3381.7899727604376, ""k"": 0.47830416288339406, ""rho"": 957.4683330697618}","{""D"": 5.642882895816952e-09, ""cp"": 3415.295774647889, ""k"": 0.48295774647887346, ""rho"": 976.400000000001}","[[7.874338202442281e-07, 0.0002758242339938612], [2.9431555626505614e-10, 2.0553349122871565e-07], [2.6990431527479274e-14, 7.453924188122923e-11]]"
25.75,bdf2,28.226599999999998,0.019797375,3,4.1146219693117424e-14,7.423778367642511e-11,2.773958840407431e-11,6.306066779870889e-14,-5.246654821905976,-5.251079183631191,0.00442436172521532,1.901075053338319e-06,1.9052803915393644e-06,-4.205338201045373e-09,0.47828122579411125,5.584330325041962e-09,1.496403720270842e-08,-0.04124187937426868,"{""D"": 5.584330325041962e-09, ""cp"": 3381.624825717601, ""k"": 0.47828122579411125, ""rho"": 957.3789266462984}","{""D"": 5.642900951799019e-09, ""cp"": 3415.295774647889, ""k"": 0.48295774647887346, ""rho"": 976.4000000000011}","[[7.911630118092754e-07, 0.0002743804795265972], [2.955974621814003e-10, 2.045722531678899e-07], [4.1146219693117424e-14, 7.423778367642511e-11]]"
26.0,bdf2,28.2288,0.019799,3,2.7367876657611286e-14,7.395095429265135e-11,2.582964953035116e-10,4.6629367034256575e-14,-5.295649800445195,-5.3000922160720165,0.004442415626821905,1.900540360630049e-06,1.9047232072103915e-06,-4.182846580342429e-09,0.47825839863320196,5.584084212600871e-09,1.495966108721963e-08,-0.041626826739846655,"{""D"": 5.584084212600871e-09, ""cp"": 3381.4604701590542, ""k"": 0.47825839863320196, ""rho"": 957.2899851536627}","{""D"": 5.642920397899156e-09, ""cp"": 3415.295774647889, ""k"": 0.4829577464788736, ""rho"": 976.4000000000012}","[[7.948727053841646e-07, 0.0002729576559877834], [2.969384418314594e-10, 2.0362439838847537e-07], [2.7367876657611286e-14, 7.395095429265135e-11]]"
26.25,bdf2,28.230999999999998,0.019800625000000002,3,1.66094567028504e-14,7.366081600888265e-11,3.8767211663071066e-10,1.1457501614131615e-13,-5.344617105222447,-5.349077447608863,0.004460342386416016,1.9000082093230845e-06,1.904168886866829e-06,-4.160677543744621e-09,0.47823567982234916,5.583839760828793e-09,1.495530746543525e-08,-0.04201155617651831,"{""D"": 5.583839760828793e-09, ""cp"": 3381.2968947209138, ""k"": 0.47823567982234916, ""rho"": 957.2015018986926}","{""D"": 5.642941825416113e-09, ""cp"": 3415.295774647889, ""k"": 0.4829577464788736, ""rho"": 976.4000000000012}","[[7.985632533740819e-07, 0.0002715552622432965], [2.981958047325398e-10, 2.026896391903251e-07], [1.66094567028504e-14, 7.366081600888265e-11]]"
26.5,bdf2,28.2332,0.01980225,3,3.189768102351275e-14,7.337537984615942e-11,2.128217602148652e-10,1.554312234475219e-14,-5.393556877541534,-5.398035020098746,0.004478142557212017,1.8994785662150224e-06,1.903617389671086e-06,-4.138823456063504e-09,0.4782130678207499,5.583596948429896e-09,1.4950976016553143e-08,-0.04239606784572596,"{""D"": 5.583596948429896e-09, ""cp"": 3381.1340883094, ""k"": 0.4782130678207499, ""rho"": 957.1134703473738}","{""D"": 5.642963301677341e-09, ""cp"": 3415.295774647889, ""k"": 0.4829577464788736, ""rho"": 976.4000000000012}","[[8.022348639835573e-07, 0.00027017281379476915], [2.9950167164904767e-10, 2.0176765913810808e-07], [3.189768102351275e-14, 7.337537984615942e-11]]"
26.75,bdf2,28.2354,0.019803875000000002,3,2.6801580199591568e-14,7.309360088869377e-11,2.0554580260068178e-10,1.554312234475219e-14,-5.442469232334065,-5.446965074223442,0.004495841889377239,1.8989513988124573e-06,1.9030686757474736e-06,-4.11727693501625e-09,0.47819056112388003,5.583355754589335e-09,1.494666642748274e-08,-0.04278036362831413,"{""D"": 5.583355754589335e-09, ""cp"": 3380.972040091936, ""k"": 0.47819056112388003, ""rho"": 957.0258841195957}","{""D"": 5.642984823665687e-09, ""cp"": 3415.295774647889, ""k"": 0.4829577464788736, ""rho"": 976.4000000000012}","[[8.058878346924572e-07, 0.0002688098420657381], [3.007805450464019e-10, 2.008581743630351e-07], [2.6801580199591568e-14, 7.309360088869377e-11]]"
27.0,bdf2,28.2376,0.0198055,3,3.303008969456055e-14,7.281495667859178e-11,9.390532795805484e-11,1.509903313490213e-14,-5.491354319058673,-5.495867748226146,0.004513429167473326,1.8984266753142801e-06,1.9025227061507858e-06,-4.096030836505693e-09,0.47816815826230885,5.583116158969854e-09,1.4942378392301907e-08,-0.04316444428297698,"{""D"": 5.583116158969854e-09, ""cp"": 3380.8107394886238, ""k"": 0.47816815826230885, ""rho"": 956.9387369841257}","{""D"": 5.643006388435435e-09, ""cp"": 3415.295774647889, ""k"": 0.48295774647887346, ""rho"": 976.4000000000011}","[[8.09522452599368e-07, 0.000267465893743348], [3.0203091503446534e-10, 1.9996090360860677e-07], [3.303008969456055e-14, 7.281495667859178e-11]]"
27.25,bdf2,28.2398,0.019807125000000002,3,4.3599682930966554e-14,7.254066628427262e-11,1.2937562132719904e-10,1.4210854715202004e-14,-5.540212278210037,-5.544743178569433,0.004530900359396739,1.8979043645906827e-06,1.901979442836205e-06,-4.075078245522353e-09,0.4781458578005652,5.582878141690959e-09,1.4938111612179653e-08,-0.043548311053076785,"{""D"": 5.582878141690959e-09, ""cp"": 3380.6501761640698, ""k"": 0.4781458578005652, ""rho"": 956.8520228537927}","{""D"": 5.643027993112048e-09, ""cp"": 3415.295774647889, ""k"": 0.48295774647887346, ""rho"": 976.4000000000011}","[[8.131389160931138e-07, 0.00026614053014582795], [3.0329845753264787e-10, 1.990755654441707e-07], [4.3599682930966554e-14, 7.254066628427262e-11]]"
27.5,bdf2,28.242,0.01980875,3,5.2093085095499087e-14,7.226898817942316e-11,8.208189683500677e-11,1.2878587085651816e-14,-5.5890432239319345,-5.593591499851414,0.004548275919479039,1.8973844361607204e-06,1.9014388486304255e-06,-4.054412469705078e-09,0.47812365833604775,5.582641683315451e-09,1.4933865795296535e-08,-0.04393196484952757,"{""D"": 5.582641683315451e-09, ""cp"": 3380.4903400195435, ""k"": 0.47812365833604775, ""rho"": 956.7657357808681}","{""D"": 5.643049634891862e-09, ""cp"": 3415.295774647889, ""k"": 0.4829577464788736, ""rho"": 976.4000000000012}","[[8.167375160463639e-07, 0.0002648333266164414], [3.045458013644625e-10, 1.9820190160137479e-07], [5.2093085095499087e-14, 7.226898817942316e-11]]"
27.75,bdf2,28.2442,0.019810375,3,1.9629262333518467e-14,7.200288295877576e-11,3.128661774098873e-10,9.281464485866309e-14,-5.637847304907342,-5.642412844689204,0.004565539781862249,1.8968668601765836e-06,1.9009008872039679e-06,-4.034027027384324e-09,0.4781015584979813,5.582406764837129e-09,1.4929640656116902e-08,-0.04431540680333607,"{""D"": 5.582406764837129e-09, ""cp"": 3380.3312211854654, ""k"": 0.4781015584979813, ""rho"": 956.6798699526348}","{""D"": 5.643071311041675e-09, ""cp"": 3415.295774647889, ""k"": 0.4829577464788736, ""rho"": 976.4000000000012}","[[8.203184876521672e-07, 0.0002635438719588822], [3.0583976156041617e-10, 1.9733964893559309e-07], [1.9629262333518467e-14, 7.200288295877576e-11]]"
28.0,bdf2,28.246399999999998,0.019812,3,4.4920774855380944e-14,7.174043494338594e-11,1.1539214028744027e-10,1.3722356584366935e-13,-5.686624669569595,-5.691207343902249,0.00458267433265469,1.8963516074055484e-06,1.900365523044617e-06,-4.013915639068632e-09,0.47807955694641546,5.582173367666077e-09,1.492543591584142e-08,-0.044698637857381186,"{""D"": 5.582173367666077e-09, ""cp"": 3380.172810014192, ""k"": 0.47807955694641546, ""rho"": 956.5944196871387}","{""D"": 5.643093018898234e-09, ""cp"": 3415.295774647889, ""k"": 0.4829577464788736, ""rho"": 976.4000000000012}","[[8.238820812026258e-07, 0.00026227176788451564], [3.070706784585867e-10, 1.9648856885772068e-07], [4.4920774855380944e-14, 7.174043494338594e-11]]"
28.25,bdf2,28.2486,0.019813625,3,1.547689281163691e-14,7.147868353852139e-11,2.5784174795262516e-10,1.199040866595169e-14,-5.7353753878423595,-5.7399751268206956,0.004599738978336099,1.8958386492116613e-06,1.89983272143192e-06,-3.9940722202586085e-09,0.47805765237126274,5.581941473613217e-09,1.4921251301726863e-08,-0.04508165923023509,"{""D"": 5.581941473613217e-09, ""cp"": 3380.015097073092, ""k"": 0.47805765237126274, ""rho"": 956.5093794291072}","{""D"": 5.6431147558678975e-09, ""cp"": 3415.295774647889, ""k"": 0.48295774647887346, ""rho"": 976.4000000000011}","[[8.274285315125601e-07, 0.0002610166285101206], [3.083134830172663e-10, 1.9564841372271588e-07], [1.547689281163691e-14, 7.147868353852139e-11]]"
28.5,bdf2,28.250799999999998,0.01981525,3,2.3970289672768783e-14,7.122233086522755e-11,5.5138116294983774e-11,1.0880185641326534e-13,-5.784099625077324,-5.788716320705589,0.00461669562826561,1.8953279575341156e-06,1.8993024484126954e-06,-3.97449087857972e-09,0.47803584349137485,5.581711064883886e-09,1.491708654713209e-08,-0.04546447168565134,"{""D"": 5.581711064883886e-09, ""cp"": 3379.8580731378993, ""k"": 0.47803584349137485, ""rho"": 956.4247437460313}","{""D"": 5.643136519425892e-09, ""cp"": 3415.295774647889, ""k"": 0.48295774647887346, ""rho"": 976.4000000000011}","[[8.309580582970773e-07, 0.00025977807985197736], [3.095308041961695e-10, 1.948189487728316e-07], [2.3970289672768783e-14, 7.122233086522755e-11]]"
28.75,bdf2,28.253,0.019816875,3,3.5106064230572345e-14,7.096615234456502e-11,1.9485923985484987e-10,1.1368683772161603e-13,-5.832797528997732,-5.837431051132569,0.004633522134836809,1.8948195048833762e-06,1.8987746707775127e-06,-3.955165894136424e-09,0.47801412905365614,5.581482124062704e-09,1.4912941391304708e-08,-0.045847076270188074,"{""D"": 5.581482124062704e-09, ""cp"": 3379.7017291863244, ""k"": 0.47801412905365614, ""rho"": 956.3405073244021}","{""D"": 5.6431583071158e-09, ""cp"": 3415.295774647889, ""k"": 0.48295774647887346, ""rho"": 976.4000000000011}","[[8.344708639066489e-07, 0.00025855575936889057], [3.1077926473536473e-10, 1.9399994900286828e-07], [3.5106064230572345e-14, 7.096615234456502e-11]]"
29.0,bdf2,28.2552,0.0198185,3,3.4539808434115685e-14,7.071397933442271e-11,2.1009327610954642e-10,3.4638958368304884e-14,-5.881469151452535,-5.886119442418192,0.004650290965656723,1.8943132643135437e-06,1.8982493560380756e-06,-3.936091724531895e-09,0.47799250783221037,5.581254634098542e-09,1.490881557901683e-08,-0.0462294740595268,"{""D"": 5.581254634098542e-09, ""cp"": 3379.546056391915, ""k"": 0.47799250783221037, ""rho"": 956.2566649660921}","{""D"": 5.6431801165489e-09, ""cp"": 3415.295774647889, ""k"": 0.48295774647887346, ""rho"": 976.4000000000011}","[[8.379672124100954e-07, 0.00025735213099980424], [3.119769504676476e-10, 1.9319119480635773e-07], [3.4539808434115685e-14, 7.071397933442271e-11]]"
29.25,bdf2,28.2574,0.019820125,3,2.3026519573245716e-14,7.046685675058851e-11,1.446096575818956e-10,3.952393967665557e-14,-5.930114691890205,-5.934781616838336,0.004666924948130813,1.893809209412127e-06,1.8977264724055007e-06,-3.917262993373578e-09,0.4779709786275219,5.581028578301241e-09,1.4904708860566475e-08,-0.04661166586049106,"{""D"": 5.581028578301241e-09, ""cp"": 3379.3910461181576, ""k"": 0.4779709786275219, ""rho"": 956.1732115848802}","{""D"": 5.6432019454035355e-09, ""cp"": 3415.295774647889, ""k"": 0.48295774647887346, ""rho"": 976.400000000001}","[[8.414472742598525e-07, 0.0002561674283201432], [3.1322313978613866e-10, 1.9239246971157928e-07], [2.3026519573245716e-14, 7.046685675058851e-11]]"
29.5,bdf2,28.2596,0.01982175,3,3.0764914082246554e-14,7.021921170886036e-11,2.544311428209767e-10,3.552713678800501e-15,-5.978734210422284,-5.983417695324533,0.004683484902249013,1.8933073142853737e-06,1.8972059887694207e-06,-3.898674484047072e-09,0.4779495402656674,5.580803940324831e-09,1.490062099163669e-08,-0.046993652731567886,"{""D"": 5.580803940324831e-09, ""cp"": 3379.2366899128056, ""k"": 0.4779495402656674, ""rho"": 956.0901422031073}","{""D"": 5.643223791424283e-09, ""cp"": 3415.295774647889, ""k"": 0.48295774647887346, ""rho"": 976.400000000001}","[[8.449113161663618e-07, 0.00025499777341544716], [3.1439949144917186e-10, 1.9160357030825956e-07], [3.0764914082246554e-14, 7.021921170886036e-11]]"
29.75,bdf2,28.2618,0.019823375,3,2.925495482078854e-14,6.997713955133425e-11,3.37536221195478e-10,5.1514348342607263e-14,-6.027327879978546,-6.032027797127171,0.004699917148625055,1.8928075535445675e-06,1.8966878746778756e-06,-3.880321133308115e-09,0.4779281915975577,5.580580704160932e-09,1.489655173306849e-08,-0.047375435498352755,"{""D"": 5.580580704160932e-09, ""cp"": 3379.0829795024156, ""k"": 0.4779281915975577, ""rho"": 956.0074519484601}","{""D"": 5.6432456524213175e-09, ""cp"": 3415.295774647889, ""k"": 0.48295774647887346, ""rho"": 976.400000000001}","[[8.483594846112434e-07, 0.0002538428502054823], [3.1561188968887623e-10, 1.908242921412094e-07], [2.925495482078854e-14, 6.997713955133425e-11]]"
30.0,bdf2,28.264,0.019825000000000002,3,4.397676558016255e-14,6.97371572253839e-11,1.5847945178393275e-10,1.509903313490213e-14,-6.075895751564253,-6.0806120400940245,0.004716288529771795,1.8923099022937375e-06,1.8961721003179774e-06,-3.862198024239928e-09,0.47790693149820873,5.580358854126655e-09,1.489250085075112e-08,-0.047757015276600534,"{""D"": 5.580358854126655e-09, ""cp"": 3378.9299067871025, ""k"": 0.47790693149820873, ""rho"": 955.9251360508764}","{""D"": 5.643267526269537e-09, ""cp"": 3415.295774647889, ""k"": 0.48295774647887346, ""rho"": 976.400000000001}","[[8.517919930791485e-07, 0.00025270235182756523], [3.168071093076395e-10, 1.9005443319337648e-07], [4.397676558016255e-14, 6.97371572253839e-11]]"
30.25,bdf2,28.266199999999998,0.019826625,3,1.88741321703212e-14,6.949874227311538e-11,5.1954884838778526e-11,1.7763568394002505e-14,-6.124437980309519,-6.129170540677364,0.0047325603678451955,1.8918143361111391e-06,1.8956586364972841e-06,-3.844300386145004e-09,0.4778857588660387,5.580138374855412e-09,1.488846811533162e-08,-0.04813839296378135,"{""D"": 5.580138374855412e-09, ""cp"": 3378.7774638354786, ""k"": 0.4778857588660387, ""rho"": 955.8431898395654}","{""D"": 5.6432894109078315e-09, ""cp"": 3415.295774647889, ""k"": 0.48295774647887346, ""rho"": 976.400000000001}","[[8.552090544881573e-07, 0.00025157598028756117], [3.1801383902286024e-10, 1.8929381652568738e-07], [1.88741321703212e-14, 6.949874227311538e-11]]"
30.5,bdf2,28.2684,0.019828250000000002,3,3.850319655587238e-14,6.92608497787408e-11,1.1471001926111057e-10,3.907985046680551e-14,-6.172954686368082,-6.17770341348205,0.004748727113967455,1.891320831041953e-06,1.8951474546258793e-06,-3.8266235839262835e-09,0.4778646726221928,5.579919251292478e-09,1.4884453302259447e-08,-0.04851956905086624,"{""D"": 5.579919251292478e-09, ""cp"": 3378.625642879788, ""k"": 0.4778646726221928, ""rho"": 955.7616087401407}","{""D"": 5.643311304338169e-09, ""cp"": 3415.295774647889, ""k"": 0.48295774647887346, ""rho"": 976.400000000001}","[[8.586108832659204e-07, 0.00025046344614588665], [3.191782875670232e-10, 1.8854225178931605e-07], [3.850319655587238e-14, 6.92608497787408e-11]]"
30.75,bdf2,28.270599999999998,0.019829875,3,3.0576041486898974e-14,6.903131661066927e-11,3.8767211663071066e-11,6.084022174945858e-14,-6.2214459636210675,-6.226210772202023,0.004764808580955737,1.890829363584218e-06,1.8946385266990993e-06,-3.809163114881345e-09,0.4778436717098915,5.579701468677697e-09,1.4880456191684328e-08,-0.04890054506959028,"{""D"": 5.579701468677697e-09, ""cp"": 3378.4744363112186, ""k"": 0.4778436717098915, ""rho"": 955.6803882718559}","{""D"": 5.643333204624763e-09, ""cp"": 3415.295774647889, ""k"": 0.48295774647887346, ""rho"": 976.400000000001}","[[8.619976107936934e-07, 0.00024936446819288915], [3.203629283119526e-10, 1.8779955002865757e-07], [3.0576041486898974e-14, 6.903131661066927e-11]]"
31.0,bdf2,28.2728,0.019831500000000002,3,4.64302450265644e-14,6.880143513733512e-11,3.317381924716756e-10,9.814371537686384e-14,-6.269911940529458,-6.2746927286710275,0.004780788141569126,1.890339910678518e-06,1.894131825280891e-06,-3.791914602373162e-09,0.477822755093803,5.579485012546293e-09,1.4876476568078152e-08,-0.0492813213389109,"{""D"": 5.579485012546293e-09, ""cp"": 3378.3238366753812, ""k"": 0.477822755093803, ""rho"": 955.5995240449427}","{""D"": 5.643355109893302e-09, ""cp"": 3415.295774647889, ""k"": 0.48295774647887346, ""rho"": 976.400000000001}","[[8.653694526310254e-07, 0.000248278773156619], [3.215473771881503e-10, 1.8706554910761214e-07], [4.64302450265644e-14, 6.880143513733512e-11]]"
31.25,bdf2,28.275,0.019833125,3,1.962902961928721e-14,6.857503671662725e-11,1.5756995708215982e-10,2.886579864025407e-14,-6.318352701906727,-6.323149393914207,0.004796692007479564,1.8898524496938073e-06,1.8936273234878004e-06,-3.774873793993102e-09,0.47780192175943936,5.579269868711114e-09,1.4872514220226572e-08,-0.049661899285316766,"{""D"": 5.579269868711114e-09, ""cp"": 3378.1738366679638, ""k"": 0.47780192175943936, ""rho"": 955.519011758048}","{""D"": 5.64337701832991e-09, ""cp"": 3415.295774647889, ""k"": 0.48295774647887346, ""rho"": 976.400000000001}","[[8.68726607161623e-07, 0.00024720609541774134], [3.2270709790183996e-10, 1.8634006808159584e-07], [1.962902961928721e-14, 6.857503671662725e-11]]"
31.5,bdf2,28.2772,0.01983475,3,5.1903638809043634e-14,6.834933490644463e-11,1.014086592476815e-10,4.529709940470639e-14,-6.366768367151756,-6.3715808769302384,0.004812509778482799,1.8893669584166037e-06,1.8931249949734807e-06,-3.7580365568770445e-09,0.47778117071257253,5.57905602326663e-09,1.4868568941324311e-08,-0.050042279048737676,"{""D"": 5.57905602326663e-09, ""cp"": 3378.0244291305225, ""k"": 0.47778117071257253, ""rho"": 955.4388471957569}","{""D"": 5.643398928180232e-09, ""cp"": 3415.295774647889, ""k"": 0.48295774647887346, ""rho"": 976.400000000001}","[[8.720692180342053e-07, 0.0002461461767298472], [3.2386643803563966e-10, 1.8562295265137731e-07], [5.1903638809043634e-14, 6.834933490644463e-11]]"
31.75,bdf2,28.2794,0.019836375,3,3.01984543161352e-14,6.812363309626201e-11,1.77351466845721e-10,1.1857181902996672e-13,-6.415159046791024,-6.419987286085416,0.004828239294392134,1.888883415041429e-06,1.8926248139138113e-06,-3.741398872382415e-09,0.47776050097867273,5.578843462568432e-09,1.4864640528462652e-08,-0.050422462198159004,"{""D"": 5.578843462568432e-09, ""cp"": 3377.875607046444, ""k"": 0.47776050097867273, ""rho"": 955.3590262262098}","{""D"": 5.643420837748719e-09, ""cp"": 3415.295774647889, ""k"": 0.48295774647887346, ""rho"": 976.400000000001}","[[8.753974774034676e-07, 0.0002450987659684994], [3.250297386113625e-10, 1.8491403615288845e-07], [3.01984543161352e-14, 6.812363309626201e-11]]"
32.0,bdf2,28.2816,0.019838,3,5.4168429813428416e-14,6.79042007808067e-11,9.981704351957887e-11,2.2648549702353193e-14,-6.463524859864511,-6.468368727782092,0.0048438679175815125,1.8884017981653427e-06,1.892126754992504e-06,-3.724956827161304e-09,0.47773991160236595,5.578632173238796e-09,1.486072878281172e-08,-0.050802449029394584,"{""D"": 5.578632173238796e-09, ""cp"": 3377.7273635370348, ""k"": 0.47773991160236595, ""rho"": 955.2795447988007}","{""D"": 5.643442745397466e-09, ""cp"": 3415.2957746478887, ""k"": 0.48295774647887346, ""rho"": 976.400000000001}","[[8.78711555907476e-07, 0.00024406361887209358], [3.26187751343119e-10, 1.8421316533181362e-07], [5.4168429813428416e-14, 6.79042007808067e-11]]"
32.25,bdf2,28.2838,0.019839625,3,4.227776157542291e-14,6.768894812850294e-11,6.752998160663992e-11,3.5083047578154947e-14,-6.511865873097175,-6.5167253078527665,0.004859434755591252,1.8879220867658917e-06,1.8916307933872417e-06,-3.7087066213500075e-09,0.47771940164691096,5.57842214214672e-09,1.4856833509500452e-08,-0.05118224082728518,"{""D"": 5.57842214214672e-09, ""cp"": 3377.579691857759, ""k"": 0.47771940164691096, ""rho"": 955.2003989419586}","{""D"": 5.643464649545314e-09, ""cp"": 3415.2957746478887, ""k"": 0.48295774647887346, ""rho"": 976.4000000000008}","[[8.820116243726789e-07, 0.0002430404978097127], [3.2732669821739515e-10, 1.8352017752959533e-07], [4.227776157542291e-14, 6.768894812850294e-11]]"
32.5,bdf2,28.285999999999998,0.01984125,3,1.8685244148122022e-14,6.747195394988599e-11,2.426077116979286e-10,6.661338147750939e-15,-6.560182213878209,-6.56505713066764,0.004874916789431083,1.8874442602023354e-06,1.8911369047562795e-06,-3.692644553944153e-09,0.4776989701936941,5.578213356409898e-09,1.4852954517275008e-08,-0.0515618381711286,"{""D"": 5.578213356409898e-09, ""cp"": 3377.4325853945984, ""k"": 0.4776989701936941, ""rho"": 955.1215847610047}","{""D"": 5.643486548667014e-09, ""cp"": 3415.2957746478887, ""k"": 0.48295774647887346, ""rho"": 976.4000000000009}","[[8.852978241819293e-07, 0.00024202917154375657], [3.284828173271914e-10, 1.8283493377243352e-07], [1.8685244148122022e-14, 6.747195394988599e-11]]"
32.75,bdf2,28.2882,0.019842875,3,3.7747934421835243e-14,6.725826867126404e-11,3.325340003357269e-11,6.972200594645983e-14,-6.6084740007371146,-6.613364298867452,0.004890298130337811,1.886968298203029e-06,1.8906450652255037e-06,-3.6767670224747113e-09,0.4776786163417416,5.578005803390831e-09,1.48490916186277e-08,-0.051941241713142274,"{""D"": 5.578005803390831e-09, ""cp"": 3377.286037660539, ""k"": 0.4776786163417416, ""rho"": 955.0430984360806}","{""D"": 5.6435084412922064e-09, ""cp"": 3415.2957746478887, ""k"": 0.48295774647887346, ""rho"": 976.4000000000008}","[[8.885703684388756e-07, 0.0002410294150179991], [3.295968443629553e-10, 1.8215728933949178e-07], [3.7747934421835243e-14, 6.725826867126404e-11]]"
33.0,bdf2,28.290399999999998,0.0198445,3,2.849966506219833e-14,6.704789229263705e-11,3.7471181713044643e-10,1.2878587085651816e-14,-6.656741317281942,-6.6616469145373,0.004905597255357996,1.886494180852291e-06,1.8901552513759667e-06,-3.661070523675669e-09,0.4776583392072483,5.577799470679639e-09,1.4845244629666237e-08,-0.05232045247539407,"{""D"": 5.577799470679639e-09, ""cp"": 3377.1400422921874, ""k"": 0.4776583392072483, ""rho"": 954.9649362201546}","{""D"": 5.643530326004437e-09, ""cp"": 3415.2957746478887, ""k"": 0.48295774647887346, ""rho"": 976.4000000000008}","[[8.918293415264262e-07, 0.000240041009144947], [3.307501261565481e-10, 1.8148710299298608e-07], [2.849966506219833e-14, 6.704789229263705e-11]]"
33.25,bdf2,28.2926,0.019846125,3,2.92545968823012e-14,6.6840824814005e-11,2.767137630144134e-10,4.440892098500626e-14,-6.704984246963562,-6.709905078434986,0.004920831471423526,1.8860218885898926e-06,1.8896674402318193e-06,-3.6455516419266893e-09,0.47763813792312404,5.577594346095572e-09,1.4841413369838296e-08,-0.05269947121699455,"{""D"": 5.577594346095572e-09, ""cp"": 3376.9945930464933, ""k"": 0.47763813792312404, ""rho"": 954.887094437091}","{""D"": 5.643552201440242e-09, ""cp"": 3415.2957746478887, ""k"": 0.48295774647887346, ""rho"": 976.4000000000008}","[[8.950749573026333e-07, 0.00023906374060068825], [3.3186037224614006e-10, 1.8082423192775865e-07], [2.92545968823012e-14, 6.6840824814005e-11]]"
33.5,bdf2,28.2948,0.01984775,3,4.0012703004536926e-14,6.663480225116083e-11,9.765699360286817e-11,2.4868995751603507e-14,-6.753202916519153,-6.758138889983911,0.00493597346475827,1.8855514021922812e-06,1.8891816092486585e-06,-3.630207056377292e-09,0.47761801163855333,5.577390417681259e-09,1.4837597662275867e-08,-0.05307829882395259,"{""D"": 5.577390417681259e-09, ""cp"": 3376.8496837975836, ""k"": 0.47761801163855333, ""rho"": 954.8095694797853}","{""D"": 5.643574066288086e-09, ""cp"": 3415.2957746478887, ""k"": 0.48295774647887346, ""rho"": 976.4000000000008}","[[8.983073435600772e-07, 0.00023809740163506588], [3.3297646618467897e-10, 1.8016854831577812e-07], [4.0012703004536926e-14, 6.663480225116083e-11]]"
33.75,bdf2,28.297,0.019849375,3,2.8877066219591175e-14,6.642738646726613e-11,1.5495515981456265e-10,2.6201263381153694e-14,-6.801397409088024,-6.806348447666721,0.00495103857869772,1.8850827027740563e-06,1.8886977363022682e-06,-3.6150335282119266e-09,0.47759795951857065,5.577187673693527e-09,1.4833797333046409e-08,-0.05345693569423292,"{""D"": 5.577187673693527e-09, ""cp"": 3376.7053085337084, ""k"": 0.47759795951857065, ""rho"": 954.732357808363}","{""D"": 5.6435975716700036e-09, ""cp"": 3415.2957746478887, ""k"": 0.48295774647887346, ""rho"": 976.4000000000008}","[[9.015266258262833e-07, 0.0002371417898839415], [3.3412992736207766e-10, 1.7951992119426583e-07], [2.8877066219591175e-14, 6.642738646726613e-11]]"
34.0,bdf2,28.2992,0.019851,3,3.151938362096193e-14,6.622885246756847e-11,1.559783413540572e-10,1.0658141036401503e-14,-6.849567816347882,-6.854533848967037,0.004966032619154959,1.8846157717734947e-06,1.8882157996777176e-06,-3.6000279042229686e-09,0.47757798074364965,5.576986102598665e-09,1.483001221164855e-08,-0.053835382981297225,"{""D"": 5.576986102598665e-09, ""cp"": 3376.5614613542775, ""k"": 0.47757798074364965, ""rho"": 954.6554559484348}","{""D"": 5.643622798971454e-09, ""cp"": 3415.2957746478887, ""k"": 0.48295774647887346, ""rho"": 976.4000000000008}","[[9.047330032367084e-07, 0.0002361967081905144], [3.3521845922779275e-10, 1.7887822586993774e-07], [3.151938362096193e-14, 6.622885246756847e-11]]"
34.25,bdf2,28.3014,0.019852625,3,3.6615298614708425e-14,6.602457143103744e-11,1.730313670122996e-10,2.6645352591003757e-14,-6.897714247202654,-6.902695190022712,0.004980942820058232,1.88415059094698e-06,1.8877357780588653e-06,-3.5851871118852226e-09,0.4775580745093072,5.576785693070544e-09,1.4826242130677068e-08,-0.054213641203448196,"{""D"": 5.576785693070544e-09, ""cp"": 3376.418136467011, ""k"": 0.4775580745093072, ""rho"": 954.5788604894185}","{""D"": 5.6436480793616546e-09, ""cp"": 3415.2957746478887, ""k"": 0.48295774647887346, ""rho"": 976.4000000000008}","[[9.079265899940668e-07, 0.0002352619644407475], [3.3631850110625736e-10, 1.782433327732361e-07], [3.6615298614708425e-14, 6.602457143103744e-11]]"
34.5,bdf2,28.3036,0.01985425,3,4.812831256020022e-14,6.582568912607713e-11,2.878550731111318e-10,8.43769498715119e-15,-6.945836784347925,-6.950832565961207,0.004995781613281736,1.8836871423613258e-06,1.8872576505181381e-06,-3.570508156812283e-09,0.47753824002571776,5.5765864339824496e-09,1.4822486925737424e-08,-0.054591711321076895,"{""D"": 5.5765864339824496e-09, ""cp"": 3376.275328185168, ""k"": 0.47753824002571776, ""rho"": 954.5025680829021}","{""D"": 5.643673411195114e-09, ""cp"": 3415.2957746478887, ""k"": 0.48295774647887346, ""rho"": 976.4000000000008}","[[9.111075288003892e-07, 0.0002343373713872989], [3.374170300046648e-10, 1.77615125221898e-07], [4.812831256020022e-14, 6.582568912607713e-11]]"
34.75,bdf2,28.305799999999998,0.019855875000000002,3,3.8691353141082673e-14,6.562924495795523e-11,5.002220859751105e-11,5.773159728050814e-15,-6.993935536396823,-6.998946071004752,0.005010534607928996,1.8832254083876722e-06,1.8867813965067198e-06,-3.5559881190475873e-09,0.4775184765173436,5.576388314401272e-09,1.4818746435501762e-08,-0.054969593804605914,"{""D"": 5.576388314401272e-09, ""cp"": 3376.1330309248738, ""k"": 0.4775184765173436, ""rho"": 954.4265754410752}","{""D"": 5.643698792863566e-09, ""cp"": 3415.2957746478887, ""k"": 0.48295774647887346, ""rho"": 976.4000000000008}","[[9.142759574502762e-07, 0.00023342274650253736], [3.385238603129058e-10, 1.7699348618535518e-07], [3.8691353141082673e-14, 6.562924495795523e-11]]"
35.0,bdf2,28.308,0.0198575,3,1.9251289748234554e-14,6.543680630035355e-11,1.4949819160392508e-10,5.284661597215745e-14,-7.042010577075197,-7.04703579843482,0.005025221359622911,1.882765371691184e-06,1.886306995844991e-06,-3.5416241538070538e-09,0.4774987832225739,5.576191323583275e-09,1.4815020501326969e-08,-0.05534728976183152,"{""D"": 5.576191323583275e-09, ""cp"": 3375.9912392025317, ""k"": 0.4774987832225739, ""rho"": 954.3508793351987}","{""D"": 5.6437242227955655e-09, ""cp"": 3415.2957746478887, ""k"": 0.48295774647887346, ""rho"": 976.4000000000008}","[[9.174319993940259e-07, 0.00023251791182163034], [3.3963012130955183e-10, 1.7637829967795516e-07], [1.9251289748234554e-14, 6.543680630035355e-11]]"
35.25,bdf2,28.3102,0.019859125000000002,3,5.341284295579439e-14,6.524245196380739e-11,1.4358647604240105e-10,3.8191672047105385e-14,-7.090062014716062,-7.095101840134532,0.005039825418470478,1.8823070152268192e-06,1.8858344287133298e-06,-3.527413486510597e-09,0.4774791593933779,5.575995450973777e-09,1.4811308967808235e-08,-0.05572479945358843,"{""D"": 5.575995450973777e-09, ""cp"": 3375.8499476323213, ""k"": 0.4774791593933779, ""rho"": 954.2754765941328}","{""D"": 5.64374969945619e-09, ""cp"": 3415.2957746478887, ""k"": 0.48295774647887346, ""rho"": 976.4000000000008}","[[9.205758084685439e-07, 0.00023162269379904264], [3.407035387985429e-10, 1.75769451803877e-07], [5.341284295579439e-14, 6.524245196380739e-11]]"
35.5,bdf2,28.3124,0.01986075,3,4.624075770998032e-14,6.505245144304409e-11,2.5431745598325506e-10,5.995204332975845e-14,-7.1380899314579125,-7.14314428738021,0.0050543559222973045,1.881850322232839e-06,1.88536367564316e-06,-3.5133534103210732e-09,0.4774596042949678,5.575800686195407e-09,1.4807611681839934e-08,-0.0561021239446879,"{""D"": 5.575800686195407e-09, ""cp"": 3375.709150923768, ""k"": 0.4774596042949678, ""rho"": 954.2003641029056}","{""D"": 5.643775221346683e-09, ""cp"": 3415.2957746478887, ""k"": 0.48295774647887346, ""rho"": 976.4000000000008}","[[9.237075307721423e-07, 0.00023073692316538278], [3.417737446970895e-10, 1.7516683215035255e-07], [4.624075770998032e-14, 6.505245144304409e-11]]"
35.75,bdf2,28.3146,0.019862375,3,5.058167990325461e-14,6.486210261701817e-11,1.0038547770818695e-10,3.108624468950438e-14,-7.186094400622085,-7.191163230426412,0.005068829804327102,1.8813952762233979e-06,1.8848947175083004e-06,-3.4994412849025316e-09,0.4774401172054714,5.575607019047746e-09,1.4803928493273994e-08,-0.0564792640534448,"{""D"": 5.575607019047746e-09, ""cp"": 3375.568843879394, ""k"": 0.4774401172054714, ""rho"": 954.125538801328}","{""D"": 5.643800787004029e-09, ""cp"": 3415.2957746478887, ""k"": 0.48295774647887346, ""rho"": 976.4000000000008}","[[9.268272442686825e-07, 0.00022986043479661432], [3.4284545744845077e-10, 1.7457034232114513e-07], [5.058167990325461e-14, 6.486210261701817e-11]]"
36.0,bdf2,28.3168,0.019864,3,4.7373096436164093e-14,6.467436608046195e-11,3.6493474908638746e-10,2.708944180085382e-14,-7.23407552145491,-7.239158758318354,0.005083236863443474,1.8809418609820937e-06,1.8844275355166085e-06,-3.485674534514812e-09,0.477420697415618,5.575414439505085e-09,1.480025925449133e-08,-0.05685621983183299,"{""D"": 5.575414439505085e-09, ""cp"": 3375.4290213924496, ""k"": 0.477420697415618, ""rho"": 954.0509976826575}","{""D"": 5.643826395000623e-09, ""cp"": 3415.2957746478887, ""k"": 0.48295774647887346, ""rho"": 976.4000000000008}","[[9.299351022281541e-07, 0.00022899306758483457], [3.4394566649580767e-10, 1.7397987120687587e-07], [4.7373096436164093e-14, 6.467436608046195e-11]]"
36.25,bdf2,28.319,0.019865625,3,1.9062463243598365e-14,6.448941598600674e-11,2.601154847070575e-10,6.084022174945858e-14,-7.282033401756127,-7.287130959599608,0.005097557843480871,1.880490060553444e-06,1.8839621112018572e-06,-3.472050648413345e-09,0.4774013442284314,5.575222937705669e-09,1.4796603820460218e-08,-0.057232992846437285,"{""D"": 5.575222937705669e-09, ""cp"": 3375.2896784447066, ""k"": 0.4774013442284314, ""rho"": 953.9767377922972}","{""D"": 5.643852043943874e-09, ""cp"": 3415.2957746478887, ""k"": 0.48295774647887346, ""rho"": 976.4000000000008}","[[9.330312509369234e-07, 0.00022813466430818274], [3.450117109831532e-10, 1.7339532041130813e-07], [1.9062463243598365e-14, 6.448941598600674e-11]]"
36.5,bdf2,28.321199999999997,0.01986725,3,4.98265899363809e-14,6.43041175862889e-11,2.0236257114447653e-10,1.3322676295501878e-14,-7.329968123143807,-7.33507992119371,0.005111798049902916,1.880039859245051e-06,1.8834984264158727e-06,-3.4585671708217655e-09,0.47738205695893365,5.5750325039584884e-09,1.4792962048675564e-08,-0.05760958287813478,"{""D"": 5.5750325039584884e-09, ""cp"": 3375.1508101043223, ""k"": 0.47738205695893365, ""rho"": 953.9027562265396}","{""D"": 5.643877732475799e-09, ""cp"": 3415.2957746478887, ""k"": 0.48295774647887346, ""rho"": 976.4000000000008}","[[9.361157966688882e-07, 0.00022728507151711819], [3.460683155581537e-10, 1.7281658439794728e-07], [4.98265899363809e-14, 6.43041175862889e-11]]"
36.75,bdf2,28.3234,0.019868875,3,3.92572763995496e-14,6.412282469709127e-11,4.206412995699793e-11,5.284661597215745e-14,-7.3778797497451345,-7.3830057298877705,0.0051259801426359886,1.8795912416111765e-06,1.8830364633209031e-06,-3.445221709726653e-09,0.477362834933857,5.57484312872554e-09,1.4789333798957398e-08,-0.0579859914726913,"{""D"": 5.57484312872554e-09, ""cp"": 3375.0124115237704, ""k"": 0.477362834933857, ""rho"": 953.8290501313445}","{""D"": 5.643903459272579e-09, ""cp"": 3415.2957746478887, ""k"": 0.48295774647887346, ""rho"": 976.400000000001}","[[9.39188830032557e-07, 0.0002264441394147775], [3.471439795142827e-10, 1.7224357365234084e-07], [3.92572763995496e-14, 6.412282469709127e-11]]"
37.0,bdf2,28.325599999999998,0.0198705,3,2.5101984805898446e-14,6.394379579210071e-11,1.4574652595911175e-10,2.0872192862952943e-14,-7.425768371617616,-7.430908471327768,0.005140099710152057,1.8791441924561604e-06,1.8825762043822379e-06,-3.4320119260774406e-09,0.47734367749136564,5.574654802627678e-09,1.4785718933745616e-08,-0.05836221866954846,"{""D"": 5.574654802627678e-09, ""cp"": 3374.874477937832, ""k"": 0.47734367749136564, ""rho"": 953.755616701158}","{""D"": 5.643929223044245e-09, ""cp"": 3415.295774647889, ""k"": 0.48295774647887346, ""rho"": 976.400000000001}","[[9.422505035420225e-07, 0.00022561172174917414], [3.48199445552475e-10, 1.716761915197785e-07], [2.5101984805898446e-14, 6.394379579210071e-11]]"
37.25,bdf2,28.3278,0.019872125,3,4.982644903763171e-14,6.376354781869097e-11,6.45741238258779e-11,7.549516567451064e-15,-7.473634096062967,-7.478788229897759,0.0051541338347922405,1.8786986968216324e-06,1.8821176323610628e-06,-3.418935539430406e-09,0.47732458398078625,5.57446751644229e-09,1.4782117317557781e-08,-0.058738265300226196,"{""D"": 5.57446751644229e-09, ""cp"": 3374.7370046616606, ""k"": 0.47732458398078625, ""rho"": 953.6824531777701}","{""D"": 5.643955022534151e-09, ""cp"": 3415.295774647889, ""k"": 0.48295774647887346, ""rho"": 976.4000000000011}","[[9.453009274340622e-07, 0.00022478767570365647], [3.4924981264802516e-10, 1.711143465701288e-07], [4.982644903763171e-14, 6.376354781869097e-11]]"
37.5,bdf2,28.33,0.01987375,3,3.4161283030162575e-14,6.358765366106409e-11,2.2305357560981065e-10,1.9984014443252818e-14,-7.521476969483403,-7.526645089764372,0.005168120280969468,1.8782547399890428e-06,1.8816607303074767e-06,-3.405990318433951e-09,0.4773055537623446,5.57428126108996e-09,1.4778528817183357e-08,-0.05911413236353753,"{""D"": 5.57428126108996e-09, ""cp"": 3374.599987088882, ""k"": 0.4773055537623446, ""rho"": 953.6095568491962}","{""D"": 5.643980856518645e-09, ""cp"": 3415.295774647889, ""k"": 0.48295774647887346, ""rho"": 976.4000000000011}","[[9.483402006210502e-07, 0.00022397186179502816], [3.5030414015544425e-10, 1.705579458058866e-07], [3.4161283030162575e-14, 6.358765366106409e-11]]"
37.75,bdf2,28.3322,0.019875375,3,5.190245244476611e-14,6.341472009816953e-11,1.0811618267325684e-10,1.7763568394002505e-14,-7.569297098945157,-7.574479133714362,0.005182034769205757,1.8778123074655055e-06,1.8812054815537852e-06,-3.3931740882797377e-09,0.47728658620691267,5.57409602764232e-09,1.4774953301854456e-08,-0.05948981996772935,"{""D"": 5.57409602764232e-09, ""cp"": 3374.463420689771, ""k"": 0.47728658620691267, ""rho"": 953.5369250486056}","{""D"": 5.644006723806499e-09, ""cp"": 3415.295774647889, ""k"": 0.48295774647887346, ""rho"": 976.4000000000011}","[[9.513684684443561e-07, 0.00022316414377410743], [3.513271343900679e-10, 1.7000689936429407e-07], [5.190245244476611e-14, 6.341472009816953e-11]]"
38.0,bdf2,28.3344,0.019877,3,5.171366688099626e-14,6.323795517738607e-11,2.8126123652327806e-10,2.842170943040401e-14,-7.6170945740322775,-7.622290443991631,0.005195869959353061,1.877371384987055e-06,1.8807518697079546e-06,-3.3804847208995538e-09,0.4772676806957614,5.57391180731077e-09,1.4771390642679202e-08,-0.059865329053763135,"{""D"": 5.57391180731077e-09, ""cp"": 3374.3273010094827, ""k"": 0.4772676806957614, ""rho"": 953.4645551532728}","{""D"": 5.644032623238637e-09, ""cp"": 3415.295774647889, ""k"": 0.48295774647887346, ""rho"": 976.4000000000011}","[[9.54385792068775e-07, 0.00022236438852942024], [3.523805121113265e-10, 1.6946112591607258e-07], [5.171366688099626e-14, 6.323795517738607e-11]]"
38.25,bdf2,28.3366,0.019878625,3,3.0952676079569024e-14,6.306275763028444e-11,2.517026587156579e-10,9.592326932761353e-14,-7.664869440807541,-7.670079102099692,0.005209661292150614,1.8769319585086177e-06,1.880299878647253e-06,-3.3679201386352937e-09,0.47724883662032136,5.573728591445306e-09,1.4767840713240653e-08,-0.0602406604482664,"{""D"": 5.573728591445306e-09, ""cp"": 3374.1916236663137, ""k"": 0.47724883662032136, ""rho"": 953.3924445835605}","{""D"": 5.644058553687627e-09, ""cp"": 3415.295774647889, ""k"": 0.48295774647887346, ""rho"": 976.4000000000011}","[[9.573923157028172e-07, 0.00022157246599368075], [3.534210527214656e-10, 1.689205422162642e-07], [3.0952676079569024e-14, 6.306275763028444e-11]]"
38.5,bdf2,28.3388,0.019880250000000002,3,2.3591956053364113e-14,6.289539695159193e-11,6.87805368215777e-11,6.306066779870889e-14,-7.712621805995732,-7.717845188425088,0.005223382429355716,1.8764940142001294e-06,1.8798494925121019e-06,-3.355478311972511e-09,0.47723005338195035,5.573546371535137e-09,1.4764303388822469e-08,-0.06061581448571149,"{""D"": 5.573546371535137e-09, ""cp"": 3374.056384350042, ""k"": 0.47723005338195035, ""rho"": 953.3205908019363}","{""D"": 5.644084514057252e-09, ""cp"": 3415.295774647889, ""k"": 0.48295774647887346, ""rho"": 976.4000000000011}","[[9.603881607176794e-07, 0.0002207882490591528], [3.5444233923972755e-10, 1.683850584021112e-07], [2.3591956053364113e-14, 6.289539695159193e-11]]"
38.75,bdf2,28.340999999999998,0.019881875,3,4.284295090387942e-14,6.272681720448021e-11,3.285549610154703e-11,1.3766765505351941e-14,-7.760351758846664,-7.765588782591237,0.005237023744573577,1.876057538446685e-06,1.8794006957001062e-06,-3.343157253421239e-09,0.4772113303917086,5.573365139202345e-09,1.4760778546862208e-08,-0.06099079160788083,"{""D"": 5.573365139202345e-09, ""cp"": 3373.921578820302, ""k"": 0.4772113303917086, ""rho"": 953.248991312017}","{""D"": 5.64411050328202e-09, ""cp"": 3415.295774647889, ""k"": 0.48295774647887346, ""rho"": 976.4000000000011}","[[9.633733812945086e-07, 0.00022001161348813572], [3.554777778937627e-10, 1.678545973239979e-07], [4.284295090387942e-14, 6.272681720448021e-11]]"
39.0,bdf2,28.3432,0.019883500000000002,3,3.5104762839895666e-14,6.255701838894932e-11,2.1645973902195692e-10,7.815970093361102e-14,-7.8080593537794245,-7.813309963792392,0.005250610012967449,1.875622517834546e-06,1.8789534728602495e-06,-3.3309550257036258e-09,0.47719266707013985,5.573184886195901e-09,1.4757266066931989e-08,-0.061365593003229454,"{""D"": 5.573184886195901e-09, ""cp"": 3373.787202905007, ""k"": 0.47719266707013985, ""rho"": 953.1776436576399}","{""D"": 5.644136520326766e-09, ""cp"": 3415.295774647889, ""k"": 0.48295774647887346, ""rho"": 976.400000000001}","[[9.663481173001992e-07, 0.0002192424378288484], [3.5649830340335727e-10, 1.6732908357383506e-07], [3.5104762839895666e-14, 6.255701838894932e-11]]"
39.25,bdf2,28.345399999999998,0.019885125,3,4.850492097614977e-14,6.239174754183257e-11,1.3869794202037156e-10,4.263256414560601e-14,-7.855744671151202,-7.861008810066039,0.005264138914837346,1.8751889391571562e-06,1.8785078088872364e-06,-3.318869730080123e-09,0.47717406284705743,5.5730056043958005e-09,1.4753765830243137e-08,-0.061740218707418894,"{""D"": 5.5730056043958005e-09, ""cp"": 3373.6532524988133, ""k"": 0.47717406284705743, ""rho"": 953.1065454219579}","{""D"": 5.644162564186218e-09, ""cp"": 3415.295774647889, ""k"": 0.48295774647887346, ""rho"": 976.400000000001}","[[9.69312461795103e-07, 0.0002184806033396729], [3.575161835879399e-10, 1.6680843529988578e-07], [4.850492097614977e-14, 6.239174754183257e-11]]"
39.5,bdf2,28.3476,0.01988675,3,3.6992043831179715e-14,6.222908898418553e-11,2.580691216280684e-10,1.6431300764452317e-14,-7.903407782534861,-7.908685399030446,0.00527761649558478,1.8747567894039092e-06,1.8780636889160376e-06,-3.3068995121283708e-09,0.4771555171613392,5.572827285803456e-09,1.4750277720217476e-08,-0.06211466975966564,"{""D"": 5.572827285803456e-09, ""cp"": 3373.519723561642, ""k"": 0.4771555171613392, ""rho"": 953.035694226566}","{""D"": 5.644188633884519e-09, ""cp"": 3415.295774647889, ""k"": 0.48295774647887346, ""rho"": 976.400000000001}","[[9.722664853799371e-07, 0.00021772599390904455], [3.5856312591596823e-10, 1.6629257587499238e-07], [3.6992043831179715e-14, 6.222908898418553e-11]]"
39.75,bdf2,28.3498,0.019888375,3,4.963723487944132e-14,6.206451474759404e-11,1.4244960766518489e-10,2.708944180085382e-14,-7.951048785439699,-7.95633980742565,0.00529102198595055,1.8743260557566314e-06,1.8776210983165639e-06,-3.295042559932451e-09,0.477137029460726,5.572649922543357e-09,1.4746801621696783e-08,-0.062488946637629876,"{""D"": 5.572649922543357e-09, ""cp"": 3373.3866121172273, ""k"": 0.477137029460726, ""rho"": 952.9650877306502}","{""D"": 5.644214728474746e-09, ""cp"": 3415.295774647889, ""k"": 0.48295774647887346, ""rho"": 976.400000000001}","[[9.75210338301374e-07, 0.0002169784959817849], [3.595558982796199e-10, 1.657814422559023e-07], [4.963723487944132e-14, 6.206451474759404e-11]]"
40.0,bdf2,28.352,0.01989,3,4.6617433529908487e-14,6.190185618994698e-11,1.0527401173021644e-10,6.661338147750939e-15,-7.998667759912644,-8.003972111265512,0.005304351352867442,1.873896725589761e-06,1.8771800226885e-06,-3.283297098739169e-09,0.4771185992016276,5.57247350685914e-09,1.4743337421857062e-08,-0.0628630499962066,"{""D"": 5.57247350685914e-09, ""cp"": 3373.253914251719, ""k"": 0.4771185992016276, ""rho"": 952.8947236301601}","{""D"": 5.644240847038582e-09, ""cp"": 3415.295774647889, ""k"": 0.48295774647887346, ""rho"": 976.4000000000011}","[[9.781441007852378e-07, 0.0002162379984883962], [3.605505549932513e-10, 1.6527495137181042e-07], [4.6617433529908487e-14, 6.190185618994698e-11]]"
40.25,bdf2,28.3542,0.019891625,3,3.378345106192395e-14,6.174059085335045e-11,4.695266397902742e-11,8.43769498715119e-14,-8.04626475118561,-8.051582385671452,0.005317634485841438,1.873468786463646e-06,1.8767404478562748e-06,-3.271661392628827e-09,0.4771002258489321,5.572298031112769e-09,1.4739885009158545e-08,-0.06323698021876198,"{""D"": 5.572298031112769e-09, ""cp"": 3373.121626112311, ""k"": 0.4771002258489321, ""rho"": 952.824599657004}","{""D"": 5.644266988685708e-09, ""cp"": 3415.295774647889, ""k"": 0.48295774647887346, ""rho"": 976.4000000000011}","[[9.81067839845849e-07, 0.0002155043927715687], [3.61593335965231e-10, 1.6477303599980104e-07], [3.378345106192395e-14, 6.174059085335045e-11]]"
40.5,bdf2,28.3564,0.01989325,3,4.8504683667573526e-14,6.158315687464281e-11,2.0236257114447653e-11,2.6201263381153694e-14,-8.093839847789114,-8.099170705310144,0.005330857521029131,1.8730422261182538e-06,1.8763023598641777e-06,-3.2601337459238388e-09,0.47708190887582225,5.57212348777792e-09,1.4736444274130771e-08,-0.06361073807327823,"{""D"": 5.57212348777792e-09, ""cp"": 3372.9897439059205, ""k"": 0.47708190887582225, ""rho"": 952.7547135782684}","{""D"": 5.64429315255357e-09, ""cp"": 3415.295774647889, ""k"": 0.4829577464788736, ""rho"": 976.4000000000012}","[[9.839817051629298e-07, 0.0002147775725245307], [3.625570342125587e-10, 1.6427562752373742e-07], [4.8504683667573526e-14, 6.158315687464281e-11]]"
40.75,bdf2,28.3586,0.019894875,3,2.0194537076284788e-14,6.142554874330387e-11,1.680291461525485e-10,3.68594044175552e-14,-8.141393120798929,-8.14673714406382,0.005344023264891362,1.8726170324757473e-06,1.8758657449716223e-06,-3.248712495875023e-09,0.4770636477635968,5.571949869440814e-09,1.4733015108747354e-08,-0.0639843240141395,"{""D"": 5.571949869440814e-09, ""cp"": 3372.858263897897, ""k"": 0.4770636477635968, ""rho"": 952.6850631954596}","{""D"": 5.644319337806702e-09, ""cp"": 3415.295774647889, ""k"": 0.4829577464788736, ""rho"": 976.4000000000012}","[[9.868857271360778e-07, 0.0002140574337233033], [3.6358622020126596e-10, 1.6378265227705652e-07], [2.0194537076284788e-14, 6.142554874330387e-11]]"
41.0,bdf2,28.360799999999998,0.0198965,3,5.284546525809504e-14,6.126863722249019e-11,2.1259438653942198e-11,8.881784197001252e-15,-8.188924641196223,-8.19428177498338,0.005357133787157409,1.8721931936318688e-06,1.8754305896485106e-06,-3.2373960166418135e-09,0.47704544200149535,5.571777168798395e-09,1.4729597406820577e-08,-0.06435773850927118,"{""D"": 5.571777168798395e-09, ""cp"": 3372.7271824107665, ""k"": 0.47704544200149535, ""rho"": 952.6156463437617}","{""D"": 5.644345543636378e-09, ""cp"": 3415.295774647889, ""k"": 0.48295774647887346, ""rho"": 976.4000000000011}","[[9.897800420445133e-07, 0.00021334387456174126], [3.6455085614070257e-10, 1.6329405888473214e-07], [5.284546525809504e-14, 6.126863722249019e-11]]"
41.25,bdf2,28.363,0.019898125,3,3.0386112349044864e-14,6.111277061746438e-11,6.275513442233205e-11,9.636735853746359e-14,-8.236434497223701,-8.241804670832664,0.005370173608962858,1.8717706978526057e-06,1.8749968805707665e-06,-3.226182718160832e-09,0.4770272910865302,5.571605378651063e-09,1.4726191063709832e-08,-0.06473098259775036,"{""D"": 5.571605378651063e-09, ""cp"": 3372.596495823018, ""k"": 0.4770272910865302, ""rho"": 952.5464608913227}","{""D"": 5.644371769260217e-09, ""cp"": 3415.295774647889, ""k"": 0.4829577464788736, ""rho"": 976.4000000000012}","[[9.926646976511108e-07, 0.0002126367953975458], [3.6555795417859897e-10, 1.6280976758485906e-07], [3.0386112349044864e-14, 6.111277061746438e-11]]"
41.5,bdf2,28.365199999999998,0.01989975,3,5.30340935809758e-14,6.096073537032747e-11,1.7325874068774283e-10,1.554312234475219e-14,-8.283922742321202,-8.289305903160482,0.00538316083927981,1.8713495335715738e-06,1.8745646046159477e-06,-3.2150710443738976e-09,0.4770091945233207,5.571434491909189e-09,1.4722795976305461e-08,-0.06510405621361974,"{""D"": 5.571434491909189e-09, ""cp"": 3372.466200567909, ""k"": 0.4770091945233207, ""rho"": 952.4775047385517}","{""D"": 5.644398013921688e-09, ""cp"": 3415.295774647889, ""k"": 0.4829577464788736, ""rho"": 976.4000000000012}","[[9.955398213642233e-07, 0.0002119360986860866], [3.6654070254934953e-10, 1.623297184689322e-07], [5.30340935809758e-14, 6.096073537032747e-11]]"
41.75,bdf2,28.3674,0.019901375,3,2.944238553546146e-14,6.080800351266533e-11,1.3676526577910408e-10,1.9095836023552692e-14,-8.33138944719401,-8.336785543471592,0.005396096277582529,1.8709296893902691e-06,1.8741337488590094e-06,-3.2040594687402334e-09,0.47699115182393326,5.571264501580029e-09,1.4719412043140849e-08,-0.0654769605728905,"{""D"": 5.571264501580029e-09, ""cp"": 3372.336293132319, ""k"": 0.47699115182393326, ""rho"": 952.4087758174414}","{""D"": 5.644424276889676e-09, ""cp"": 3415.295774647889, ""k"": 0.48295774647887346, ""rho"": 976.4000000000011}","[[9.98405467363387e-07, 0.00021124168892937506], [3.675421324995378e-10, 1.618538474487832e-07], [2.944238553546146e-14, 6.080800351266533e-11]]"
42.0,bdf2,28.3696,0.019903,3,5.13353900273112e-14,6.06519627550082e-11,2.7114310796605423e-10,1.9095836023552692e-14,-8.378834682457972,-8.384243662082724,0.005408979624752064,1.8705111540690928e-06,1.8737043005681563e-06,-3.1931464990634955e-09,0.47697316250772526,5.571095400776583e-09,1.4716039164126095e-08,-0.06584969570800998,"{""D"": 5.571095400776583e-09, ""cp"": 3372.206770055622, ""k"": 0.47697316250772526, ""rho"": 952.340272090905}","{""D"": 5.644450557458084e-09, ""cp"": 3415.295774647889, ""k"": 0.4829577464788736, ""rho"": 976.4000000000012}","[[1.0012617645664006e-06, 0.00021055347261667818], [3.684999620610297e-10, 1.6138210819981206e-07], [5.13353900273112e-14, 6.06519627550082e-11]]"
42.25,bdf2,28.3718,0.019904625,3,3.944516815648442e-14,6.050306225523494e-11,1.2187229003757238e-10,8.881784197001252e-15,-8.42625854466901,-8.4316803291415,0.005421784472490643,1.8700939165272908e-06,1.873276247200833e-06,-3.1823306735422703e-09,0.4769552261011937,5.570927182705879e-09,1.47126772408838e-08,-0.06622226248327323,"{""D"": 5.570927182705879e-09, ""cp"": 3372.0776279285947, ""k"": 0.4769552261011937, ""rho"": 952.2719915521334}","{""D"": 5.644476854945307e-09, ""cp"": 3415.2957746478896, ""k"": 0.4829577464788736, ""rho"": 976.4000000000012}","[[1.0041087263862607e-06, 0.00020987135817749757], [3.695019521408654e-10, 1.6091442148257156e-07], [3.944516815648442e-14, 6.050306225523494e-11]]"
42.5,bdf2,28.374,0.01990625,3,2.887609879747518e-14,6.035503251861824e-11,3.814193405560218e-11,2.4424906541753444e-14,-8.47366105221029,-8.47909561378799,0.005434561577700947,1.869677965838617e-06,1.8728495763997972e-06,-3.1716105611802502e-09,0.4769373421378268,5.570759840675062e-09,1.4709326176249346e-08,-0.06659466126699831,"{""D"": 5.570759840675062e-09, ""cp"": 3371.948863392353, ""k"": 0.4769373421378268, ""rho"": 952.2039322239675}","{""D"": 5.644503168693917e-09, ""cp"": 3415.2957746478896, ""k"": 0.4829577464788736, ""rho"": 976.4000000000012}","[[1.0069465262812984e-06, 0.0002091952559240989], [3.704735531954296e-10, 1.6045074166907238e-07], [2.887609879747518e-14, 6.035503251861824e-11]]"
42.75,bdf2,28.3762,0.019907875,3,3.0952126921924264e-14,6.020804769778944e-11,4.263256414560601e-11,2.220446049250313e-14,-8.521042310141336,-8.526489584733099,0.005447274591762863,1.8692632912303322e-06,1.8724242759893179e-06,-3.160984758985731e-09,0.47691951015796086,5.570593368084015e-09,1.4705985874593397e-08,-0.06696689253013824,"{""D"": 5.570593368084015e-09, ""cp"": 3371.8204731373185, ""k"": 0.47691951015796086, ""rho"": 952.1360921582909}","{""D"": 5.644529498070163e-09, ""cp"": 3415.2957746478896, ""k"": 0.4829577464788736, ""rho"": 976.4000000000012}","[[1.0097751895544228e-06, 0.00020852507800658054], [3.7143495968716427e-10, 1.5999100292961988e-07], [3.0952126921924264e-14, 6.020804769778944e-11]]"
43.0,bdf2,28.3784,0.0199095,3,4.095490694115884e-14,6.006263025064246e-11,9.595169103704393e-11,2.042810365310288e-14,-8.568402388731373,-8.57386230992887,0.005459921197497053,1.8688498820772745e-06,1.8720003339714408e-06,-3.150451894166274e-09,0.47690172970863953,5.5704277584267555e-09,1.4702656241795884e-08,-0.06733895704292667,"{""D"": 5.5704277584267555e-09, ""cp"": 3371.6924539022048, ""k"": 0.47690172970863953, ""rho"": 952.0684694354305}","{""D"": 5.644555842463555e-09, ""cp"": 3415.295774647889, ""k"": 0.4829577464788736, ""rho"": 976.4000000000012}","[[1.0125948007705224e-06, 0.0002078607383606276], [3.7240768712322383e-10, 1.5953515528240876e-07], [4.095490694115884e-14, 6.006263025064246e-11]]"
43.25,bdf2,28.380599999999998,0.019911125000000002,3,3.7935151766571996e-14,5.991425220876316e-11,1.3153567124390975e-10,8.43769498715119e-15,-8.615741323466938,-8.621213857004761,0.0054725335378229545,1.8684377279021758e-06,1.871577738522408e-06,-3.1400106202321433e-09,0.47688400034347844,5.57026300528542e-09,1.4699337184896504e-08,-0.0677108553275417,"{""D"": 5.57026300528542e-09, ""cp"": 3371.5648024730453, ""k"": 0.47688400034347844, ""rho"": 952.0010621635853}","{""D"": 5.644582201286459e-09, ""cp"": 3415.295774647889, ""k"": 0.48295774647887346, ""rho"": 976.4000000000011}","[[1.015405431471794e-06, 0.00020720215266467105], [3.733834312519901e-10, 1.5908314195368133e-07], [3.7935151766571996e-14, 5.991425220876316e-11]]"
43.5,bdf2,28.3828,0.01991275,3,5.397732514520521e-14,5.97716212037172e-11,1.502939994679764e-10,4.263256414560601e-14,-8.663059219153052,-8.668544292761737,0.005485073608685553,1.8680268183694711e-06,1.8711564779890998e-06,-3.1296596196286713e-09,0.4768663216225312,5.570099102333392e-09,1.4696028612352988e-08,-0.06808258767404192,"{""D"": 5.570099102333392e-09, ""cp"": 3371.4375156822243, ""k"": 0.4768663216225312, ""rho"": 951.933868478256}","{""D"": 5.644608573973612e-09, ""cp"": 3415.295774647889, ""k"": 0.48295774647887346, ""rho"": 976.4000000000011}","[[1.0182071977410374e-06, 0.00020654923829251714], [3.743240682143377e-10, 1.5863490303493234e-07], [5.397732514520521e-14, 5.97716212037172e-11]]"
43.75,bdf2,28.384999999999998,0.019914375,3,2.227034217364547e-14,5.963020926709043e-11,1.2607870303327218e-10,2.886579864025407e-14,-8.710356111115077,-8.715853683681019,0.005497572565941411,1.8676171432870588e-06,1.8707365408856165e-06,-3.119397598557712e-09,0.47684869311216005,5.5699360433288304e-09,1.4692730434106178e-08,-0.06845415480384534,"{""D"": 5.5699360433288304e-09, ""cp"": 3371.310590407553, ""k"": 0.47684869311216005, ""rho"": 951.8668865416987}","{""D"": 5.6446379944932864e-09, ""cp"": 3415.295774647889, ""k"": 0.4829577464788736, ""rho"": 976.4000000000012}","[[1.021000142244156e-06, 0.00020590191427102922], [3.7529678660286844e-10, 1.5819039498800394e-07], [2.227034217364547e-14, 5.963020926709043e-11]]"
44.0,bdf2,28.3872,0.019916,3,4.2653323530031175e-14,5.948722995678185e-11,9.526957001071423e-11,6.661338147750939e-14,-8.757632077972374,-8.763142095233434,0.0055100172610593745,1.8672086925983374e-06,1.8703179158899491e-06,-3.1092232916117582e-09,0.4768311143849112,5.56977382211952e-09,1.4689442561087505e-08,-0.06882555710509919,"{""D"": 5.56977382211952e-09, ""cp"": 3371.1840235713607, ""k"": 0.4768311143849112, ""rho"": 951.8001145423918}","{""D"": 5.644667683551776e-09, ""cp"": 3415.295774647889, ""k"": 0.48295774647887346, ""rho"": 976.4000000000011}","[[1.023784363889016e-06, 0.00020526010123728594], [3.7623647394001907e-10, 1.577495636514279e-07], [4.2653323530031175e-14, 5.948722995678185e-11]]"
44.25,bdf2,28.3894,0.019917625,3,5.284477134411377e-14,5.934755954646824e-11,1.5847945178393275e-10,5.46229728115577e-14,-8.8048871895903,-8.810409592722124,0.00552240313182395,1.8668014563837087e-06,1.8699005918407115e-06,-3.0991354570028163e-09,0.47681358501939064,5.56961243263337e-09,1.4686164905654165e-08,-0.06919679515535446,"{""D"": 5.56961243263337e-09, ""cp"": 3371.057812139612, ""k"": 0.47681358501939064, ""rho"": 951.733550694514}","{""D"": 5.644697429230215e-09, ""cp"": 3415.295774647889, ""k"": 0.48295774647887346, ""rho"": 976.400000000001}","[[1.0265599030765347e-06, 0.00020462372139643613], [3.771874821843336e-10, 1.5731235486373576e-07], [5.284477134411377e-14, 5.934755954646824e-11]]"
44.5,bdf2,28.3916,0.01991925,3,4.435181599447368e-14,5.920667006773541e-11,2.760316419880837e-10,4.6629367034256575e-14,-8.852121498409609,-8.857656240759582,0.005534742349972532,1.866395424855308e-06,1.8694845577339602e-06,-3.0891328786522482e-09,0.4767961046001443,5.569451868881715e-09,1.4682897381417116e-08,-0.06956786953720225,"{""D"": 5.569451868881715e-09, ""cp"": 3370.9319531210394, ""k"": 0.4767961046001443, ""rho"": 951.6671932374336}","{""D"": 5.644727230670802e-09, ""cp"": 3415.295774647889, ""k"": 0.48295774647887346, ""rho"": 976.400000000001}","[[1.0293268655085859e-06, 0.00020399269848669408], [3.78144149362295e-10, 1.568787195138856e-07], [4.435181599447368e-14, 5.920667006773541e-11]]"
44.75,bdf2,28.3938,0.019920875,3,5.1146083935994666e-14,5.906665135215915e-11,1.4995293895481154e-10,4.75175454539567e-14,-8.899335074142165,-8.904882103297496,0.005547029155330563,1.8659905883563615e-06,1.8690698027201133e-06,-3.0792143637517407e-09,0.4767786727175427,5.569292124957661e-09,1.4679639903147446e-08,-0.06993878037561352,"{""D"": 5.569292124957661e-09, ""cp"": 3370.8064435663073, ""k"": 0.4767786727175427, ""rho"": 951.6010404352181}","{""D"": 5.644757087033965e-09, ""cp"": 3415.295774647889, ""k"": 0.48295774647887346, ""rho"": 976.400000000001}","[[1.0320853215941022e-06, 0.00020336695773231876], [3.790904333220601e-10, 1.5644861214804058e-07], [5.1146083935994666e-14, 5.906665135215915e-11]]"
45.0,bdf2,28.396,0.0199225,3,3.755741758954828e-14,5.89302898418405e-11,2.3874235921539366e-10,3.730349362740526e-14,-8.946527969078486,-8.952087244193763,0.005559275115276208,1.8655869373603891e-06,1.8686563161009152e-06,-3.0693787405260788e-09,0.47676128896766523,5.5691331950291015e-09,1.4676392386859448e-08,-0.07030952894165253,"{""D"": 5.5691331950291015e-09, ""cp"": 3370.68128056719, ""k"": 0.47676128896766523, ""rho"": 951.5350905761464}","{""D"": 5.644786997498238e-09, ""cp"": 3415.2957746478887, ""k"": 0.48295774647887346, ""rho"": 976.400000000001}","[[1.0348353277758095e-06, 0.0002027464258164456], [3.8001746374630477e-10, 1.560219812170218e-07], [3.755741758954828e-14, 5.89302898418405e-11]]"
45.25,bdf2,28.3982,0.019924125,3,3.2839114962491024e-14,5.879514739994104e-11,3.362856659805402e-10,2.353672812205332e-14,-8.99370026145311,-8.999271726067093,0.005571464613982613,1.8651844624624346e-06,1.8682440873265286e-06,-3.059624864093979e-09,0.4767439529521913,5.5689750733482006e-09,1.4673154749579381e-08,-0.07068011486456004,"{""D"": 5.5689750733482006e-09, ""cp"": 3370.5564612557773, ""k"": 0.4767439529521913, ""rho"": 951.4693419722446}","{""D"": 5.644816961260007e-09, ""cp"": 3415.2957746478887, ""k"": 0.48295774647887346, ""rho"": 976.400000000001}","[[1.037576972014389e-06, 0.00020213103083702597], [3.8097261205733526e-10, 1.5559877708732947e-07], [3.2839114962491024e-14, 5.879514739994104e-11]]"
45.5,bdf2,28.400399999999998,0.01992575,3,3.642495742474798e-14,5.865687021067792e-11,2.4203927750932053e-10,5.46229728115577e-14,-9.04085201208114,-9.046435611493564,0.005583599412423368,1.8647831543850555e-06,1.8678331059926392e-06,-3.0499516075837725e-09,0.4767266642782908,5.568817754238685e-09,1.466992690975698e-08,-0.07105053914285248,"{""D"": 5.568817754238685e-09, ""cp"": 3370.4319828036937, ""k"": 0.4767266642782908, ""rho"": 951.4037929588224}","{""D"": 5.644846977533424e-09, ""cp"": 3415.2957746478887, ""k"": 0.48295774647887346, ""rho"": 976.400000000001}","[[1.0403103115071998e-06, 0.00020152070227408658], [3.819054871596315e-10, 1.5517896214199508e-07], [3.642495742474798e-14, 5.865687021067792e-11]]"
45.75,bdf2,28.4026,0.019927375,3,3.019682438821223e-14,5.852172776877846e-11,3.058175934711471e-11,4.1300296516055823e-14,-9.087983273033958,-9.093578962406923,0.005595689372965396,1.8643830039678135e-06,1.8674233618376697e-06,-3.0403578698562276e-09,0.4767094225585191,5.5686612321000924e-09,1.4666708786742291e-08,-0.0714208021764454,"{""D"": 5.5686612321000924e-09, ""cp"": 3370.307842421338, ""k"": 0.4767094225585191, ""rho"": 951.3384418940271}","{""D"": 5.644877045550012e-09, ""cp"": 3415.2957746478887, ""k"": 0.48295774647887346, ""rho"": 976.400000000001}","[[1.0430354168514116e-06, 0.00020091537095768533], [3.828483619742837e-10, 1.5476247995556615e-07], [3.019682438821223e-14, 5.852172776877846e-11]]"
46.0,bdf2,28.404799999999998,0.019929,3,5.737390631662138e-14,5.839076499003051e-11,5.7411853049416095e-11,3.019806626980426e-14,-9.135094113655587,-9.140701840178167,0.005607726522580236,1.8639840021728458e-06,1.8670148447400325e-06,-3.0308425671866867e-09,0.4766922274107136,5.568505501405711e-09,1.4663500300940719e-08,-0.07179090432584558,"{""D"": 5.568505501405711e-09, ""cp"": 3370.1840373571385, ""k"": 0.4766922274107136, ""rho"": 951.2732871584052}","{""D"": 5.644907164558498e-09, ""cp"": 3415.2957746478887, ""k"": 0.48295774647887346, ""rho"": 976.400000000001}","[[1.0457523607200627e-06, 0.00020031496903255832], [3.8376028206518826e-10, 1.5434929621997426e-07], [5.737390631662138e-14, 5.839076499003051e-11]]"
46.25,bdf2,28.407,0.019930625,3,5.001338561566343e-14,5.825893144812601e-11,3.5083758120890707e-10,1.7319479184152442e-14,-9.18218459454749,-9.187804305901182,0.00561971135369177,1.8635861400787463e-06,1.866607544715501e-06,-3.02140463675463e-09,0.47667507845789403,5.5683505566985606e-09,1.4660301374043107e-08,-0.07216084630000034,"{""D"": 5.5683505566985606e-09, ""cp"": 3370.0605648968376, ""k"": 0.47667507845789403, ""rho"": 951.2083271544802}","{""D"": 5.644937333824691e-09, ""cp"": 3415.2957746478887, ""k"": 0.48295774647887346, ""rho"": 976.400000000001}","[[1.0484611967243454e-06, 0.0001997194299293847], [3.846922045595511e-10, 1.5393936356570377e-07], [5.001338561566343e-14, 5.825893144812601e-11]]"
46.5,bdf2,28.4092,0.01993225,3,3.3593861427578543e-14,5.812866527990332e-11,1.440412233932875e-10,9.237055564881302e-14,-9.229254758900336,-9.234886419925203,0.0056316610248678955,1.8631894088768256e-06,1.866201451914603e-06,-3.012043037777429e-09,0.4766579753281648,5.568196392594633e-09,1.465711192864339e-08,-0.07253062833651279,"{""D"": 5.568196392594633e-09, ""cp"": 3369.9374223627865, ""k"": 0.4766579753281648, ""rho"": 951.1435603063364}","{""D"": 5.6449675526311745e-09, ""cp"": 3415.2957746478887, ""k"": 0.48295774647887346, ""rho"": 976.400000000001}","[[1.0511620154663632e-06, 0.0001991286883285629], [3.856275211888001e-10, 1.5353263427493366e-07], [3.3593861427578543e-14, 5.812866527990332e-11]]"
46.75,bdf2,28.4114,0.019933875,3,3.83120600019221e-14,5.7995960974842247e-11,1.127773430198431e-10,5.551115123125783e-14,-9.276304684520163,-9.281948242204408,0.005643557684244627,1.8627937998718729e-06,1.8657965566200683e-06,-3.002756748195484e-09,0.476640917654618,5.568043003778222e-09,1.465393188840934e-08,-0.07290025107475868,"{""D"": 5.568043003778222e-09, ""cp"": 3369.81460711325, ""k"": 0.476640917654618, ""rho"": 951.0789850592109}","{""D"": 5.644997820277122e-09, ""cp"": 3415.2957746478887, ""k"": 0.48295774647887346, ""rho"": 976.400000000001}","[[1.0538548760301815e-06, 0.00019854268013199788], [3.8652886352452994e-10, 1.531290763035798e-07], [3.83120600019221e-14, 5.7995960974842247e-11]]"
47.0,bdf2,28.4136,0.0199355,3,4.5106269273977286e-14,5.786534650135694e-11,4.0961367631098256e-10,7.993605777301127e-14,-9.323334423132598,-9.328989832113166,0.0056554089805676,1.8623993044799477e-06,1.8653928492443717e-06,-2.993544764424041e-09,0.47662390507524166,5.567890385002532e-09,1.4650761178109734e-08,-0.0732697147920512,"{""D"": 5.567890385002532e-09, ""cp"": 3369.69211654174, ""k"": 0.47662390507524166, ""rho"": 951.0145998790995}","{""D"": 5.645028136078103e-09, ""cp"": 3415.2957746478887, ""k"": 0.48295774647887346, ""rho"": 976.4000000000009}","[[1.0565398316491785e-06, 0.00019796134243906815], [3.8743907318930445e-10, 1.5272863914737908e-07], [4.5106269273977286e-14, 5.786534650135694e-11]]"
47.25,bdf2,28.415799999999997,0.019937125,3,5.152300612470009e-14,5.7735602791028186e-11,5.297806637827307e-11,5.950795411990839e-14,-9.370344043737092,-9.376011248608052,0.005667204870960063,1.8620059142250393e-06,1.8649903203273219e-06,-2.9844061022826025e-09,0.47660693723282777,5.5677385310869694e-09,1.4647599723414081e-08,-0.07363902000263539,"{""D"": 5.5677385310869694e-09, ""cp"": 3369.5699480763597, ""k"": 0.47660693723282777, ""rho"": 950.9504032523715}","{""D"": 5.64505849936586e-09, ""cp"": 3415.2957746478887, ""k"": 0.48295774647887346, ""rho"": 976.400000000001}","[[1.059216938576299e-06, 0.00019738461350953107], [3.883604148982319e-10, 1.5233128501521048e-07], [5.152300612470009e-14, 5.7735602791028186e-11]]"
47.5,bdf2,28.418,0.01993875,3,4.1520327129945283e-14,5.7613695949108556e-11,3.452669261605479e-10,2.5757174171303632e-14,-9.41733359792686,-9.423012550332999,0.005678952406139359,1.8616136207390864e-06,1.8645889605336889e-06,-2.9753397946024787e-09,0.4765900137748835,5.567587436914976e-09,1.4644447450907472e-08,-0.07400816756905815,"{""D"": 5.567587436914976e-09, ""cp"": 3369.4480991791615, ""k"": 0.4765900137748835, ""rho"": 950.8863936853902}","{""D"": 5.645088909488039e-09, ""cp"": 3415.2957746478887, ""k"": 0.48295774647887346, ""rho"": 976.400000000001}","[[1.0618862543854996e-06, 0.0001968124327415799], [3.89292322425267e-10, 1.5193697385196877e-07], [4.1520327129945283e-14, 5.7613695949108556e-11]]"
47.75,bdf2,28.420199999999998,0.019940375,3,5.718475328522625e-14,5.748395223877981e-11,1.0106759873451665e-10,4.085620730620576e-14,-9.464303128561914,-9.469993795140397,0.005690666578482606,1.8612224157583306e-06,1.8641887606509317e-06,-2.9663448926011017e-09,0.4765731343535452,5.567437097437428e-09,1.4641304288382086e-08,-0.07437715733451628,"{""D"": 5.567437097437428e-09, ""cp"": 3369.3265673455257, ""k"": 0.4765731343535452, ""rho"": 950.8225697041491}","{""D"": 5.645119365808037e-09, ""cp"": 3415.2957746478887, ""k"": 0.48295774647887346, ""rho"": 976.400000000001}","[[1.064547895345177e-06, 0.0001962447406451983], [3.9018176300729067e-10, 1.5154567274280673e-07], [5.718475328522625e-14, 5.748395223877981e-11]]"
48.0,bdf2,28.4224,0.019942,3,2.2081217793784244e-14,5.735751742844603e-11,3.785771696129814e-10,1.3766765505351941e-14,-9.51125270444667,-9.516955040911057,0.005702336464386448,1.860832291121087e-06,1.8637897115869236e-06,-2.9574204658367075e-09,0.47655629862549276,5.567287507663802e-09,1.4638170164388194e-08,-0.07474599026229571,"{""D"": 5.567287507663802e-09, ""cp"": 3369.205350103548, ""k"": 0.47655629862549276, ""rho"": 950.7589298539078}","{""D"": 5.645149867704807e-09, ""cp"": 3415.2957746478887, ""k"": 0.48295774647887346, ""rho"": 976.400000000001}","[[1.0672018599569556e-06, 0.00019568147881168343], [3.9110271829187234e-10, 1.5115733675634545e-07], [2.2081217793784244e-14, 5.735751742844603e-11]]"
48.25,bdf2,28.424599999999998,0.019943625,3,6.47337572429085e-14,5.723073431284963e-11,2.4715518520679325e-10,3.907985046680551e-14,-9.558182411657603,-9.56389634435908,0.00571393270147702,1.860443238768757e-06,1.8633918043677685e-06,-2.9485655990114225e-09,0.47653950625186703,5.567138662672425e-09,1.463504500837561e-08,-0.07511466619037145,"{""D"": 5.567138662672425e-09, ""cp"": 3369.0844450134423, ""k"": 0.47653950625186703, ""rho"": 950.6954726988429}","{""D"": 5.645180414572615e-09, ""cp"": 3415.2957746478887, ""k"": 0.48295774647887346, ""rho"": 976.400000000001}","[[1.069848241652835e-06, 0.000195122589893793], [3.919887558631025e-10, 1.50771929494685e-07], [6.47337572429085e-14, 5.723073431284963e-11]]"
48.5,bdf2,28.4268,0.01994525,3,5.548601810687409e-14,5.7108827470930006e-11,1.723492459859699e-10,1.9984014443252818e-14,-9.605092249522317,-9.610817762460044,0.005725512937727828,1.8600552507409282e-06,1.8629950301356675e-06,-2.9397793947393672e-09,0.47652275689818935,5.566990557595866e-09,1.4631928750859331e-08,-0.07548318613647521,"{""D"": 5.566990557595866e-09, ""cp"": 3368.963849666963, ""k"": 0.47652275689818935, ""rho"": 950.6321968217069}","{""D"": 5.645211005820782e-09, ""cp"": 3415.2957746478887, ""k"": 0.48295774647887346, ""rho"": 976.400000000001}","[[1.0724870742264807e-06, 0.00019456801757875114], [3.929004575018049e-10, 1.503894102061096e-07], [5.548601810687409e-14, 5.7108827470930006e-11]]"
48.75,bdf2,28.429,0.019946875,3,5.4353591932387344e-14,5.6987268934273006e-11,3.1116087484406307e-10,6.039613253960852e-14,-9.651982312661758,-9.657719351304195,0.005737038642436687,1.8596683191769976e-06,1.8625993801468186e-06,-2.9310609698209816e-09,0.4765060502342825,5.5668431876307936e-09,1.4628821323113477e-08,-0.07585155033031525,"{""D"": 5.5668431876307936e-09, ""cp"": 3368.8435616868337, ""k"": 0.4765060502342825, ""rho"": 950.569100823491}","{""D"": 5.645241640873523e-09, ""cp"": 3415.2957746478887, ""k"": 0.48295774647887346, ""rho"": 976.400000000001}","[[1.0751184622444801e-06, 0.00019401982643555294], [3.937908299114189e-10, 1.5000975172280882e-07], [5.4353591932387344e-14, 5.6987268934273006e-11]]"
49.0,bdf2,28.4312,0.0199485,3,4.52946111098006e-14,5.6862227344989734e-11,1.7189449863508344e-10,4.04121180963557e-14,-9.698852643624793,-9.70460116681977,0.0057485231949776505,1.859282436308808e-06,1.8622048457693779e-06,-2.9224094605698035e-09,0.4764893859341939,5.566696548030166e-09,1.4625722657310419e-08,-0.07621975934493674,"{""D"": 5.566696548030166e-09, ""cp"": 3368.723578726196, ""k"": 0.4764893859341939, ""rho"": 950.5061833231005}","{""D"": 5.6452723191697264e-09, ""cp"": 3415.2957746478887, ""k"": 0.48295774647887346, ""rho"": 976.400000000001}","[[1.0777423934508155e-06, 0.00019347733596923516], [3.947102634115144e-10, 1.4963291189984582e-07], [4.52946111098006e-14, 5.6862227344989734e-11]]"
49.25,bdf2,28.4334,0.019950125,3,4.019892391472804e-14,5.67453709293782e-11,1.1004885891452432e-10,4.1744385725905886e-14,-9.745703293569186,-9.751463264380789,0.005759970811602955,1.8588975944670142e-06,1.8618114184814434e-06,-2.913824014429172e-09,0.47647276367611924,5.566550634105876e-09,1.4622632686655499e-08,-0.07658781348100402,"{""D"": 5.566550634105876e-09, ""cp"": 3368.603898468058, ""k"": 0.47647276367611924, ""rho"": 950.4434429570309}","{""D"": 5.6453030401627604e-09, ""cp"": 3415.2957746478887, ""k"": 0.48295774647887346, ""rho"": 976.400000000001}","[[1.080359016196489e-06, 0.00019293894502276949], [3.95571565871614e-10, 1.4925885555838908e-07], [4.019892391472804e-14, 5.67453709293782e-11]]"
49.5,bdf2,28.435599999999997,0.01995175,3,6.454468114883862e-14,5.662050349272624e-11,1.532498572487384e-10,3.907985046680551e-14,-9.792534330927808,-9.798305698694776,0.005771367766968183,1.8585137860724013e-06,1.8614190898691318e-06,-2.905303796730492e-09,0.47645618314232985,5.566405441228964e-09,1.4619551344945079e-08,-0.07695571298227927,"{""D"": 5.566405441228964e-09, ""cp"": 3368.484518624775, ""k"": 0.47645618314232985, ""rho"": 950.3808783790612}","{""D"": 5.645333803320289e-09, ""cp"": 3415.2957746478887, ""k"": 0.48295774647887346, ""rho"": 976.400000000001}","[[1.082968311431184e-06, 0.00019240460221155132], [3.9645702250842516e-10, 1.4888755152511767e-07], [6.454468114883862e-14, 5.662050349272624e-11]]"
49.75,bdf2,28.4378,0.019953375,3,6.662060731741085e-14,5.65022538560642e-11,1.3574208423960954e-10,1.8207657603852567e-14,-9.839345806739471,-9.845128524426627,0.0057827176871558805,1.8581310036375036e-06,1.8610278516246484e-06,-2.8968479871448e-09,0.47643964401910033,5.566260964822683e-09,1.4616478566966175e-08,-0.07732345852745785,"{""D"": 5.566260964822683e-09, ""cp"": 3368.3654369375226, ""k"": 0.47643964401910033, ""rho"": 950.3184882599437}","{""D"": 5.6453646081239276e-09, ""cp"": 3415.2957746478887, ""k"": 0.48295774647887346, ""rho"": 976.400000000001}","[[1.0855703659804565e-06, 0.00019187425704577225], [3.973370031109053e-10, 1.4851896270552103e-07], [6.662060731741085e-14, 5.65022538560642e-11]]"
50.0,bdf2,28.439999999999998,0.019955,3,4.189733349817653e-14,5.63845266772961e-11,4.0949998947326094e-10,5.595524044110789e-14,-9.886137763319033,-9.89193179585186,0.005794032532827842,1.8577492397665966e-06,1.8606376955444364e-06,-2.8884557778398335e-09,0.4764231459966386,5.566117200364995e-09,1.4613414288233168e-08,-0.0776910505762482,"{""D"": 5.566117200364995e-09, ""cp"": 3368.246651175798, ""k"": 0.4764231459966386, ""rho"": 950.2562712871098}","{""D"": 5.645395454069251e-09, ""cp"": 3415.295774647889, ""k"": 0.48295774647887346, ""rho"": 976.400000000001}","[[1.0881652040124626e-06, 0.00019134785991492046], [3.982441574167405e-10, 1.481530565330572e-07], [4.189733349817653e-14, 5.63845266772961e-11]]"
50.25,bdf2,28.4422,0.019956625,3,4.7936536471083493e-14,5.6263142293270417e-11,4.6406967157963663e-10,3.3306690738754696e-14,-9.932910286256194,-9.938715566448764,0.005805280192570095,1.8573684871494743e-06,1.860248613527343e-06,-2.8801263778687204e-09,0.4764066887690165,5.565974143391394e-09,1.4610358445232241e-08,-0.07805848939570316,"{""D"": 5.565974143391394e-09, ""cp"": 3368.1281591369184, ""k"": 0.4764066887690165, ""rho"": 950.1942261643749}","{""D"": 5.645426340665409e-09, ""cp"": 3415.295774647889, ""k"": 0.48295774647887346, ""rho"": 976.400000000001}","[[1.090752926506994e-06, 0.0001908253620661859], [3.991252644539065e-10, 1.4778980305347348e-07], [4.7936536471083493e-14, 5.6263142293270417e-11]]"
50.5,bdf2,28.444399999999998,0.01995825,3,3.378201040704582e-14,5.614698248818416e-11,2.270326149300672e-10,6.439293542825908e-14,-9.979663365755718,-9.985479889682836,0.005816523927117956,1.8569887385642387e-06,1.8598605975728427e-06,-2.871859008604047e-09,0.47639027203410267,5.5658317894866926e-09,1.4607310975074649e-08,-0.07842577577089985,"{""D"": 5.5658317894866926e-09, ""cp"": 3368.00995864554, ""k"": 0.47639027203410267, ""rho"": 950.1323516116549}","{""D"": 5.645457267435018e-09, ""cp"": 3415.2957746478887, ""k"": 0.48295774647887346, ""rho"": 976.400000000001}","[[1.0933335540461495e-06, 0.0001903067155853035], [4.0001240777721285e-10, 1.474291646498016e-07], [3.378201040704582e-14, 5.614698248818416e-11]]"
50.75,bdf2,28.4466,0.019959875,3,3.321579504689185e-14,5.602977776731001e-11,1.4347278920467943e-10,2.6645352591003757e-14,-10.026397121957825,-10.032224818338875,0.005827696381050629,1.8566099868766723e-06,1.8594736397793088e-06,-2.8636529026365044e-09,0.4763738954934982,5.565690134290527e-09,1.4604271815676094e-08,-0.07879290944250616,"{""D"": 5.565690134290527e-09, ""cp"": 3367.892047553187, ""k"": 0.4763738954934982, ""rho"": 950.0706463646894}","{""D"": 5.645488233913896e-09, ""cp"": 3415.2957746478887, ""k"": 0.48295774647887346, ""rho"": 976.400000000001}","[[1.0959071581681122e-06, 0.00018979187337809277], [4.008912441785786e-10, 1.47071114676689e-07], [3.321579504689185e-14, 5.602977776731001e-11]]"
51.0,bdf2,28.4488,0.0199615,3,4.076479458024441e-14,5.5912224741173224e-11,8.185452315956354e-11,2.0872192862952943e-14,-10.073111562290427,-10.078950404947307,0.005838842656880061,1.8562322250314832e-06,1.8590877323422844e-06,-2.8555073108012378e-09,0.4763575588524701,5.5655491734924135e-09,1.4601240905705919e-08,-0.07915989147110769,"{""D"": 5.5655491734924135e-09, ""cp"": 3367.7744237377847, ""k"": 0.4763575588524701, ""rho"": 950.0091091747655}","{""D"": 5.645519239650906e-09, ""cp"": 3415.2957746478887, ""k"": 0.48295774647887346, ""rho"": 976.400000000001}","[[1.0984738005970968e-06, 0.00018928078915321687], [4.0173874912143257e-10, 1.4671562213496716e-07], [4.076479458024441e-14, 5.5912224741173224e-11]]"
51.25,bdf2,28.451,0.019963124999999998,3,4.925740586384728e-14,5.5799373836081913e-11,1.9610979506978765e-10,3.774758283725532e-14,-10.119806772117297,-10.125656701480068,0.005849929362771178,1.855855446060056e-06,1.8587028675528358e-06,-2.8474214927798044e-09,0.47634126181989034,5.565408902833825e-09,1.4598218184748692e-08,-0.07952672167873064,"{""D"": 5.565408902833825e-09, ""cp"": 3367.65708510321, ""k"": 0.47634126181989034, ""rho"": 949.9477388084538}","{""D"": 5.64555028420774e-09, ""cp"": 3415.2957746478887, ""k"": 0.48295774647887346, ""rho"": 976.400000000001}","[[1.1010334964419948e-06, 0.00018877341740459336], [4.0262135414923113e-10, 1.4636264853690466e-07], [4.925740586384728e-14, 5.5799373836081913e-11]]"
51.5,bdf2,28.4532,0.01996475,3,3.9632351768873426e-14,5.568721954151586e-11,5.184119800105691e-11,1.2434497875801753e-14,-10.166482758762118,-10.172343759869307,0.005861001107188457,1.8554796430745855e-06,1.8583190377959194e-06,-2.8393947213338564e-09,0.4763250041081737,5.5652693181025304e-09,1.4595203592867886e-08,-0.07989340105165282,"{""D"": 5.5652693181025304e-09, ""cp"": 3367.5400295788504, ""k"": 0.4763250041081737, ""rho"": 949.8865340473471}","{""D"": 5.6455813671587164e-09, ""cp"": 3415.2957746478887, ""k"": 0.48295774647887346, ""rho"": 976.400000000001}","[[1.1035863042185402e-06, 0.0001882697133931078], [4.035047111037855e-10, 1.460121717651173e-07], [3.9632351768873426e-14, 5.568721954151586e-11]]"
51.75,bdf2,28.455399999999997,0.019966375,3,4.56715167392454e-14,5.557297541537404e-11,3.8198777474462986e-11,3.952393967665557e-14,-10.213139616144632,-10.219011631390629,0.005872015245996565,1.8551048092657547e-06,1.8579362355487809e-06,-2.831426283026177e-09,0.4763087854332172,5.5651304151376425e-09,1.4592197071074173e-08,-0.08025992960785569,"{""D"": 5.5651304151376425e-09, ""cp"": 3367.423255119164, ""k"": 0.4763087854332172, ""rho"": 949.825493687805}","{""D"": 5.645612488090632e-09, ""cp"": 3415.2957746478887, ""k"": 0.48295774647887346, ""rho"": 976.400000000001}","[[1.1061323152805412e-06, 0.0001877696331312886], [4.0435145237399714e-10, 1.4566416430348935e-07], [4.56715167392454e-14, 5.557297541537404e-11]]"
52.0,bdf2,28.4576,0.019968,3,5.737242020723857e-14,5.546012451028272e-11,4.5361048250924796e-11,1.4654943925052066e-14,-10.259777377477878,-10.265660366947316,0.0058829894694376605,1.8547309379039283e-06,1.8575544533794111e-06,-2.8235154754828584e-09,0.4762926055143426,5.564992189826127e-09,1.4589198560899442e-08,-0.08062630784491137,"{""D"": 5.564992189826127e-09, ""cp"": 3367.306759703267, ""k"": 0.4762926055143426, ""rho"": 949.7646165407058}","{""D"": 5.645643646602471e-09, ""cp"": 3415.295774647889, ""k"": 0.48295774647887346, ""rho"": 976.400000000001}","[[1.1086715288837473e-06, 0.0001872731333676331], [4.0522121519868285e-10, 1.453185860969156e-07], [5.737242020723857e-14, 5.546012451028272e-11]]"
52.25,bdf2,28.459799999999998,0.019969625,3,3.6612622196401497e-14,5.534762191045403e-11,1.0027179087046534e-10,2.1316282072803006e-14,-10.306396084589009,-10.31229001739149,0.005893932802480961,1.8543580223362714e-06,1.8571736839449965e-06,-2.8156616087250497e-09,0.47627646407423696,5.5648546380990346e-09,1.4586208004787539e-08,-0.08099253648988178,"{""D"": 5.5648546380990346e-09, ""cp"": 3367.1905413345066, ""k"": 0.47627646407423696, ""rho"": 949.7039014311995}","{""D"": 5.645674842305268e-09, ""cp"": 3415.295774647889, ""k"": 0.48295774647887346, ""rho"": 976.4000000000011}","[[1.111204022982208e-06, 0.00018678017156779933], [4.0608097264742137e-10, 1.44975423909796e-07], [3.6612622196401497e-14, 5.534762191045403e-11]]"
52.5,bdf2,28.462,0.01997125,3,3.491405958717651e-14,5.52394731264082e-11,1.6427748050773516e-10,5.417888360170764e-14,-10.3529958052453,-10.358900632763834,0.0059048275185347165,1.8539860559880935e-06,1.8567939199904532e-06,-2.8078640023597716e-09,0.47626036083889833,5.564717755938002e-09,1.4583225345657155e-08,-0.08135861544464723,"{""D"": 5.564717755938002e-09, ""cp"": 3367.074598040068, ""k"": 0.47626036083889833, ""rho"": 949.6433471984726}","{""D"": 5.645706074822008e-09, ""cp"": 3415.295774647889, ""k"": 0.48295774647887346, ""rho"": 976.400000000001}","[[1.1137298543926516e-06, 0.00018629070590537566], [4.0693072474976673e-10, 1.4463463542304126e-07], [3.491405958717651e-14, 5.52394731264082e-11]]"
52.75,bdf2,28.464199999999998,0.019972875,3,5.171049537536016e-14,5.5129234510786586e-11,1.6302692529279739e-10,6.661338147750939e-14,-10.399576572508206,-10.405492262897553,0.005915690389347361,1.8536150323567119e-06,1.8564151543469524e-06,-2.800121990240504e-09,0.4762442955375791,5.564581539368782e-09,1.4580250527245077e-08,-0.08172454524759526,"{""D"": 5.564581539368782e-09, ""cp"": 3366.95892787057, ""k"": 0.4762442955375791, ""rho"": 949.5829526955124}","{""D"": 5.645737343787199e-09, ""cp"": 3415.295774647889, ""k"": 0.48295774647887346, ""rho"": 976.4000000000011}","[[1.1162490378460998e-06, 0.00018580469523871856], [4.07783304797041e-10, 1.4429619956418296e-07], [5.171049537536016e-14, 5.5129234510786586e-11]]"
53.0,bdf2,28.4664,0.0199745,3,5.1521713278045264e-14,5.5014990384644753e-11,4.75210981676355e-11,9.814371537686384e-14,-10.44613846270555,-10.452064957243579,0.005926494538028848,1.853244945014101e-06,1.8560373799305039e-06,-2.7924349164029096e-09,0.47622826790273365,5.5644459844622056e-09,1.4577283493906984e-08,-0.08209032620620323,"{""D"": 5.5644459844622056e-09, ""cp"": 3366.8435288996825, ""k"": 0.47622826790273365, ""rho"": 949.5227167888806}","{""D"": 5.645768648846934e-09, ""cp"": 3415.295774647889, ""k"": 0.4829577464788736, ""rho"": 976.4000000000012}","[[1.1187616507300179e-06, 0.00018532209910381248], [4.086477715387652e-10, 1.439600910810895e-07], [5.1521713278045264e-14, 5.5014990384644753e-11]]"
53.25,bdf2,28.4686,0.019976125,3,5.2653999563955406e-14,5.490893143217468e-11,1.311946107307449e-10,2.3092638912203256e-14,-10.492681491473869,-10.498618765201684,0.00593727372781494,1.852875787607985e-06,1.8556605897405225e-06,-2.7848021325374997e-09,0.4762122776699633,5.564311087330375e-09,1.4574324190695164e-08,-0.08245595896978306,"{""D"": 5.564311087330375e-09, ""cp"": 3366.7283992237362, ""k"": 0.4762122776699633, ""rho"": 949.4626383584837}","{""D"": 5.645799989658611e-09, ""cp"": 3415.295774647889, ""k"": 0.4829577464788736, ""rho"": 976.4000000000012}","[[1.1212676970180746e-06, 0.0001848428776961579], [4.0950846083814187e-10, 1.4362627514323466e-07], [5.2653999563955406e-14, 5.490893143217468e-11]]"
53.5,bdf2,28.4708,0.01997775,3,5.001180716289806e-14,5.479869281655309e-11,1.4563283912139013e-10,1.0658141036401503e-14,-10.539205726378851,-10.54515373550089,0.0059480091220383,1.8525075538540373e-06,1.8552847768585053e-06,-2.777223004467954e-09,0.47619632457796723,5.564176844131875e-09,1.4571372563215028e-08,-0.08282144377674647,"{""D"": 5.564176844131875e-09, ""cp"": 3366.613536961364, ""k"": 0.47619632457796723, ""rho"": 949.4027162973608}","{""D"": 5.645831365890684e-09, ""cp"": 3415.295774647889, ""k"": 0.48295774647887346, ""rho"": 976.4000000000011}","[[1.1237672942956781e-06, 0.00018436699185683906], [4.10342537124185e-10, 1.4329473538027113e-07], [5.001180716289806e-14, 5.479869281655309e-11]]"
53.75,bdf2,28.473,0.019979375,3,3.661237606908054e-14,5.469420123776483e-11,4.229150363244116e-11,2.220446049250313e-14,-10.585711200287168,-10.591669916654212,0.005958716367043593,1.8521402375381454e-06,1.8549099344466507e-06,-2.769696908505278e-09,0.4761804083684896,5.564043251066765e-09,1.4568428557804762e-08,-0.08318678108596159,"{""D"": 5.564043251066765e-09, ""cp"": 3366.4989402531255, ""k"": 0.4761804083684896, ""rho"": 949.3429495114642}","{""D"": 5.645862777222516e-09, ""cp"": 3415.295774647889, ""k"": 0.4829577464788736, ""rho"": 976.4000000000012}","[[1.1262604248331087e-06, 0.000183894403062423], [4.112028430876699e-10, 1.4296543783243574e-07], [3.661237606908054e-14, 5.469420123776483e-11]]"
54.0,bdf2,28.475199999999997,0.019981,3,3.793339835207871e-14,5.458692321687556e-11,3.255991032347083e-10,2.6645352591003757e-14,-10.632197980666453,-10.638167356626127,0.0059693759596743945,1.8517738325187953e-06,1.854536055746578e-06,-2.762223227782694e-09,0.4761645287862719,5.563910304379103e-09,1.4565492121375073e-08,-0.08355197109059628,"{""D"": 5.563910304379103e-09, ""cp"": 3366.3846072611577, ""k"": 0.4761645287862719, ""rho"": 949.2833369194525}","{""D"": 5.64589422334431e-09, ""cp"": 3415.295774647889, ""k"": 0.4829577464788736, ""rho"": 976.4000000000012}","[[1.1287471720564714e-06, 0.00018342507340806722], [4.1205333247153206e-10, 1.4263835933742853e-07], [3.793339835207871e-14, 5.458692321687556e-11]]"
54.25,bdf2,28.4774,0.019982625,3,3.7744632263790345e-14,5.448034180651155e-11,8.355982572538778e-11,2.9753977059954195e-14,-10.678666082965842,-10.68464610335269,0.00598002038684875,1.851408332718123e-06,1.8541631340780215e-06,-2.754801359898628e-09,0.47614868557900347,5.563778000351475e-09,1.4562563201396685e-08,-0.0839170142658524,"{""D"": 5.563778000351475e-09, ""cp"": 3366.270536168825, ""k"": 0.47614868557900347, ""rho"": 949.2238774524835}","{""D"": 5.645925703956769e-09, ""cp"": 3415.295774647889, ""k"": 0.48295774647887346, ""rho"": 976.4000000000011}","[[1.1312275642844696e-06, 0.00018295896559637339], [4.1288626765568235e-10, 1.423134807384601e-07], [3.7744632263790345e-14, 5.448034180651155e-11]]"
54.5,bdf2,28.479599999999998,0.01998425,3,4.2840109033718935e-14,5.4372889632990964e-11,7.469225238310173e-11,2.3092638912203256e-14,-10.72511560054208,-10.73110620419726,0.0059906036551797825,1.8510437321288532e-06,1.8537911628375858e-06,-2.7474307087326794e-09,0.47613287849727426,5.56364633530939e-09,1.4559641746160737e-08,-0.08428191103764475,"{""D"": 5.56364633530939e-09, ""cp"": 3366.1567251803745, ""k"": 0.47613287849727426, ""rho"": 949.1645700540137}","{""D"": 5.64595721877097e-09, ""cp"": 3415.295774647889, ""k"": 0.4829577464788736, ""rho"": 976.4000000000012}","[[1.1337016451223736e-06, 0.00018249604292467446], [4.137267488481064e-10, 1.4199077208127782e-07], [4.2840109033718935e-14, 5.4372889632990964e-11]]"
54.75,bdf2,28.4818,0.019985875,3,4.5293455868546615e-14,5.4272751869985563e-11,1.4529177860822529e-10,3.774758283725532e-14,-10.771546557412703,-10.777547706354085,0.0060011489413813734,1.8506800248097056e-06,1.8534201354974862e-06,-2.7401106877806007e-09,0.4761171072945277,5.56351530561696e-09,1.4556727704192206e-08,-0.08464666181855342,"{""D"": 5.56351530561696e-09, ""cp"": 3366.0431725205995, ""k"": 0.4761171072945277, ""rho"": 949.1054136795979}","{""D"": 5.645988767508232e-09, ""cp"": 3415.295774647889, ""k"": 0.48295774647887346, ""rho"": 976.4000000000011}","[[1.136169441001577e-06, 0.00018203626927284393], [4.14578927919603e-10, 1.416702042823923e-07], [4.5293455868546615e-14, 5.4272751869985563e-11]]"
55.0,bdf2,28.483999999999998,0.0199875,3,5.5106975203920285e-14,5.416477723857105e-11,8.549250196665525e-11,2.6645352591003757e-14,-10.817958986213087,-10.823970656645088,0.006011670432000571,1.8503172048826228e-06,1.853050045604387e-06,-2.7328407217642957e-09,0.47610137172701683,5.563384907678195e-09,1.4553821024988443e-08,-0.08501126669778991,"{""D"": 5.563384907678195e-09, ""cp"": 3365.9298764345217, ""k"": 0.47610137172701683, ""rho"": 949.046407296702}","{""D"": 5.646020349899908e-09, ""cp"": 3415.295774647889, ""k"": 0.48295774647887346, ""rho"": 976.400000000001}","[[1.1386310495017913e-06, 0.00018157960909336918], [4.1538448956855124e-10, 1.4135176462866147e-07], [5.5106975203920285e-14, 5.416477723857105e-11]]"
55.25,bdf2,28.4862,0.019989125,3,4.000912810760727e-14,5.4063246254515124e-11,3.2446223485749215e-10,3.597122599785507e-14,-10.864352962836492,-10.870375101501395,0.006022138664903309,1.8499552665341881e-06,1.8526808867781734e-06,-2.725620243985265e-09,0.4760856715537579,5.5632551379366306e-09,1.4550921658332716e-08,-0.08537572640430523,"{""D"": 5.5632551379366306e-09, ""cp"": 3365.8168351870568, ""k"": 0.4760856715537579, ""rho"": 948.9875498845078}","{""D"": 5.646051965687304e-09, ""cp"": 3415.295774647889, ""k"": 0.48295774647887346, ""rho"": 976.4000000000011}","[[1.14108646516012e-06, 0.00018112602739515517], [4.1623364321139214e-10, 1.410354174187958e-07], [4.000912810760727e-14, 5.4063246254515124e-11]]"
55.5,bdf2,28.4884,0.019990749999999998,3,5.6805348037992404e-14,5.3961366965196584e-11,2.6636826078174636e-10,4.929390229335695e-14,-10.910728485187631,-10.916761087074178,0.006032601886547084,1.849594204015861e-06,1.8523126527108175e-06,-2.7184486949564356e-09,0.47607000653648734,5.563125992873657e-09,1.4548029554711838e-08,-0.08574004091483893,"{""D"": 5.563125992873657e-09, ""cp"": 3365.704047062709, ""k"": 0.47607000653648734, ""rho"": 948.9288404337308}","{""D"": 5.646083614621239e-09, ""cp"": 3415.295774647889, ""k"": 0.48295774647887346, ""rho"": 976.4000000000011}","[[1.143535722522821e-06, 0.00018067548973742915], [4.1707165929007807e-10, 1.4072114767566914e-07], [5.6805348037992404e-14, 5.3961366965196584e-11]]"
55.75,bdf2,28.4906,0.019992375,3,2.3778955639473813e-14,5.3857049539039644e-11,6.343725544866174e-11,3.597122599785507e-14,-10.957085655049669,-10.96312865938387,0.006043004334200575,1.8492340116385301e-06,1.851945337165243e-06,-2.711325526712924e-09,0.47605437643961934,5.562997469006599e-09,1.4545144665239108e-08,-0.08610421122114963,"{""D"": 5.562997469006599e-09, ""cp"": 3365.591510365259, ""k"": 0.47605437643961934, ""rho"": 948.8702779464389}","{""D"": 5.646115296462233e-09, ""cp"": 3415.295774647889, ""k"": 0.48295774647887346, ""rho"": 976.4000000000011}","[[1.1459789150172587e-06, 0.00018022796221563457], [4.1790419949529324e-10, 1.404089311920656e-07], [2.3778955639473813e-14, 5.3857049539039644e-11]]"
56.0,bdf2,28.4928,0.019994,3,3.35924542952856e-14,5.375447363919585e-11,1.268745108973235e-10,4.4853010194856324e-14,-11.003424504879261,-11.0094778637702,0.00605335889093972,1.8488746837764564e-06,1.8515789339741956e-06,-2.704250197739156e-09,0.47603878103020303,5.5628695628933805e-09,1.4542266941236771e-08,-0.08646823703112017,"{""D"": 5.5628695628933805e-09, ""cp"": 3365.479223417461, ""k"": 0.47603878103020303, ""rho"": 948.8118614358714}","{""D"": 5.646147010980172e-09, ""cp"": 3415.295774647889, ""k"": 0.48295774647887346, ""rho"": 976.4000000000011}","[[1.1484160364255795e-06, 0.00017978341145045895], [4.187357931620027e-10, 1.4009874619890639e-07], [3.35924542952856e-14, 5.375447363919585e-11]]"
56.25,bdf2,28.494999999999997,0.019995625,3,4.7746523327059913e-14,5.365607740250358e-11,2.637534635141492e-11,6.750155989720952e-14,-11.04974504977317,-11.055808745446427,0.00606369567325693,1.8485162148629217e-06,1.851213437039179e-06,-2.6972221762572585e-09,0.4760232200778822,5.5627422711267235e-09,1.4539396335079538e-08,-0.08683211881307962,"{""D"": 5.5627422711267235e-09, ""cp"": 3365.3671845607523, ""k"": 0.4760232200778822, ""rho"": 948.7535899262687}","{""D"": 5.6461790950082534e-09, ""cp"": 3415.295774647889, ""k"": 0.48295774647887346, ""rho"": 976.4000000000011}","[[1.1508471720597932e-06, 0.00017934180458086817], [4.1953586741724237e-10, 1.3979056413515987e-07], [4.7746523327059913e-14, 5.365607740250358e-11]]"
56.5,bdf2,28.4972,0.01999725,3,6.020206865326334e-14,5.355733286054868e-11,4.1040948417503387e-11,8.881784197001252e-15,-11.09604735674235,-11.10212134938564,0.006073992643290893,1.8481585993927537e-06,1.8508488403293629e-06,-2.690240936609173e-09,0.4760076933548548,5.5626155903346806e-09,1.4536532799179863e-08,-0.08719585706589607,"{""D"": 5.5626155903346806e-09, ""cp"": 3365.2553921549543, ""k"": 0.4760076933548548, ""rho"": 948.695462452698}","{""D"": 5.6462139874230895e-09, ""cp"": 3415.295774647889, ""k"": 0.48295774647887346, ""rho"": 976.4000000000011}","[[1.153272330044754e-06, 0.00017890310924947744], [4.2033442904025865e-10, 1.394843698495472e-07], [6.020206865326334e-14, 5.355733286054868e-11]]"
56.75,bdf2,28.499399999999998,0.019998875,3,3.547954803116732e-14,5.345458280807358e-11,1.227817847393453e-10,5.240252676230739e-14,-11.14233145811818,-11.14841572037193,0.006084262253748918,1.8478018319164622e-06,1.8504851378805493e-06,-2.68330596408707e-09,0.4759922006358328,5.562489517179691e-09,1.4533676286847429e-08,-0.08755945234119347,"{""D"": 5.562489517179691e-09, ""cp"": 3365.143844577996, ""k"": 0.4759922006358328, ""rho"": 948.6374780608879}","{""D"": 5.646248940415673e-09, ""cp"": 3415.295774647889, ""k"": 0.48295774647887346, ""rho"": 976.400000000001}","[[1.1556915254880566e-06, 0.00017846729359454047], [4.2117677107300134e-10, 1.3918014610095786e-07], [3.547954803116732e-14, 5.345458280807358e-11]]"
57.0,bdf2,28.5016,0.0200005,3,2.7741954884532692e-14,5.3357753945063135e-11,2.0736479200422764e-10,2.2648549702353193e-14,-11.188597420824852,-11.194691902596787,0.006094481771935278,1.8474459070428837e-06,1.8501223237941462e-06,-2.6764167512625224e-09,0.4759767416980044,5.5623640483618894e-09,1.4530826751672266e-08,-0.08792290467260984,"{""D"": 5.5623640483618894e-09, ""cp"": 3365.0325402256317, ""k"": 0.4759767416980044, ""rho"": 948.5796358070634}","{""D"": 5.646283953543263e-09, ""cp"": 3415.295774647889, ""k"": 0.48295774647887346, ""rho"": 976.400000000001}","[[1.158104855402065e-06, 0.000178034326242809], [4.219909907422442e-10, 1.388778566656445e-07], [2.7741954884532692e-14, 5.3357753945063135e-11]]"
57.25,bdf2,28.5038,0.020002125,3,5.661616873045171e-14,5.3257790334689033e-11,2.6761881599668413e-10,9.769962616701378e-14,-11.234845268452107,-11.240949939904965,0.006104671452858312,1.8470908194398173e-06,1.849760392236164e-06,-2.669572796346647e-09,0.4759613163209959,5.5622391806162554e-09,1.452798414784006e-08,-0.08828621425201987,"{""D"": 5.5622391806162554e-09, ""cp"": 3364.9214775111705, ""k"": 0.4759613163209959, ""rho"": 948.5219347577863}","{""D"": 5.646319026371725e-09, ""cp"": 3415.295774647889, ""k"": 0.48295774647887346, ""rho"": 976.4000000000011}","[[1.1605123113040721e-06, 0.00017760417629298836], [4.2281143528466164e-10, 1.3857749544826504e-07], [5.661616873045171e-14, 5.3257790334689033e-11]]"
57.5,bdf2,28.506,0.02000375,3,3.5856865148930345e-14,5.31623546927291e-11,6.764366844436154e-11,7.682743330406083e-14,-11.281075033209,-11.2871898763089,0.006114843099901179,1.8467365638274576e-06,1.8493993374362104e-06,-2.6627736087527846e-09,0.4759459242868337,5.562114910707272e-09,1.4525148430060462e-08,-0.0886493819536955,"{""D"": 5.562114910707272e-09, ""cp"": 3364.8106548652027, ""k"": 0.4759459242868337, ""rho"": 948.4643739897937}","{""D"": 5.646354158475553e-09, ""cp"": 3415.295774647889, ""k"": 0.48295774647887346, ""rho"": 976.4000000000011}","[[1.1629139496312208e-06, 0.0001771768133150411], [4.236456534887981e-10, 1.382790324945669e-07], [3.5856865148930345e-14, 5.31623546927291e-11]]"
57.75,bdf2,28.5082,0.020005375,3,5.869195821920317e-14,5.3060475403410555e-11,6.52562448522076e-11,6.350475700855895e-14,-11.32728679055273,-11.333411755221334,0.006124964668604349,1.8463831349869802e-06,1.84903915368655e-06,-2.6560186995699175e-09,0.47593056537990885,5.5619912354357666e-09,1.4522319553533593e-08,-0.0890124078036616,"{""D"": 5.5619912354357666e-09, ""cp"": 3364.7000707353436, ""k"": 0.47593056537990885, ""rho"": 948.4069525898481}","{""D"": 5.6463893494376104e-09, ""cp"": 3415.295774647889, ""k"": 0.48295774647887346, ""rho"": 976.4000000000011}","[[1.1653098351242336e-06, 0.0001767522073353836], [4.2441589261242276e-10, 1.3798245631047642e-07], [5.869195821920317e-14, 5.3060475403410555e-11]]"
58.0,bdf2,28.510399999999997,0.020007,3,4.717997561064709e-14,5.2966258829869826e-11,5.434230843093246e-11,5.906386491005833e-14,-11.373480563953148,-11.379615619806316,0.00613505585316787,1.8460305277457982e-06,1.8486798353411315e-06,-2.64930759533331e-09,0.47591523938694025,5.561868151635033e-09,1.4519497473832066e-08,-0.08937529219521365,"{""D"": 5.561868151635033e-09, ""cp"": 3364.5897235859693, ""k"": 0.47591523938694025, ""rho"": 948.349669654581}","{""D"": 5.6464245988490926e-09, ""cp"": 3415.295774647889, ""k"": 0.48295774647887346, ""rho"": 976.400000000001}","[[1.1676999694912012e-06, 0.00017633032882957207], [4.2523085553995297e-10, 1.376877346777568e-07], [4.717997561064709e-14, 5.2966258829869826e-11]]"
58.25,bdf2,28.5126,0.020008625,3,2.6420755416154952e-14,5.287448039316749e-11,1.2846612662542611e-10,1.865174681370263e-14,-11.419656402813594,-11.425801512926625,0.006145110113031649,1.8456787369925898e-06,1.8483213768146792e-06,-2.642639822089488e-09,0.47589994609694064,5.561745656170941e-09,1.4516682147158713e-08,-0.08973803528074323,"{""D"": 5.561745656170941e-09, ""cp"": 3364.479611897973, ""k"": 0.47589994609694064, ""rho"": 948.2925242903486}","{""D"": 5.646459906309447e-09, ""cp"": 3415.2957746478887, ""k"": 0.48295774647887346, ""rho"": 976.400000000001}","[[1.1700844001104162e-06, 0.0001759111487144653], [4.2605827104570283e-10, 1.3739485836631862e-07], [2.6420755416154952e-14, 5.287448039316749e-11]]"
58.5,bdf2,28.514799999999997,0.02001025,3,3.094999147223023e-14,5.277817398805098e-11,2.603428583825007e-10,1.865174681370263e-14,-11.465814347840617,-11.471969477167931,0.006155129327314768,1.8453277576644033e-06,1.8479637725817744e-06,-2.6360149173711678e-09,0.4758846853011821,5.561623745941259e-09,1.4513873530086352e-08,-0.09010063773088106,"{""D"": 5.561623745941259e-09, ""cp"": 3364.369734168511, ""k"": 0.4758846853011821, ""rho"": 948.2355156130839}","{""D"": 5.646495271426297e-09, ""cp"": 3415.295774647889, ""k"": 0.48295774647887346, ""rho"": 976.400000000001}","[[1.1724631773795463e-06, 0.00017549463833899483], [4.2684982690063954e-10, 1.3710380560708285e-07], [3.094999147223023e-14, 5.277817398805098e-11]]"
58.75,bdf2,28.517,0.020011875,3,2.7930447283397904e-14,5.268099681977791e-11,7.366907084360719e-11,8.43769498715119e-15,-11.511954431045762,-11.518119554835948,0.0061651237901863,1.8449775847512567e-06,1.8476070171759586e-06,-2.629432424701918e-09,0.4758694567931613,5.5615024178752546e-09,1.4511071579674556e-08,-0.09046309945109317,"{""D"": 5.5615024178752546e-09, ""cp"": 3364.260088910761, ""k"": 0.4758694567931613, ""rho"": 948.1786427481534}","{""D"": 5.646530693815296e-09, ""cp"": 3415.295774647889, ""k"": 0.48295774647887346, ""rho"": 976.400000000001}","[[1.1748363081020208e-06, 0.0001750807694754573], [4.276693103302551e-10, 1.3681455898478648e-07], [2.7930447283397904e-14, 5.268099681977791e-11]]"
59.0,bdf2,28.519199999999998,0.0200135,3,2.509962914920766e-14,5.258538702518666e-11,1.7473666957812384e-10,2.2648549702353193e-14,-11.558076719027625,-11.564251788014701,0.006175068987076315,1.844628213294957e-06,1.8472511051888524e-06,-2.622891893895374e-09,0.47585426036856737,5.5613816689326374e-09,1.45082762534535e-08,-0.0908254212787474,"{""D"": 5.5613816689326374e-09, ""cp"": 3364.150674653685, ""k"": 0.47585426036856737, ""rho"": 948.1219048302164}","{""D"": 5.646566173100015e-09, ""cp"": 3415.2957746478887, ""k"": 0.48295774647887346, ""rho"": 976.400000000001}","[[1.1772038596600609e-06, 0.00017466951431272245], [4.2847048507368226e-10, 1.3652709707865577e-07], [2.509962914920766e-14, 5.258538702518666e-11]]"
59.25,bdf2,28.5214,0.020015124999999998,3,4.8123292335342627e-14,5.249273782532776e-11,1.5188561519607902e-10,4.39648317751562e-14,-11.604181217753062,-11.610366218449997,0.006185000696934395,1.8442796383885741e-06,1.8468960312693056e-06,-2.616392880731459e-09,0.4758390958252492,5.561261496104321e-09,1.4505487509417663e-08,-0.09118760306270159,"{""D"": 5.561261496104321e-09, ""cp"": 3364.0414899417938, ""k"": 0.4758390958252492, ""rho"": 948.065301003089}","{""D"": 5.646601708911849e-09, ""cp"": 3415.2957746478887, ""k"": 0.48295774647887346, ""rho"": 976.400000000001}","[[1.1795658603709235e-06, 0.00017426084544804784], [4.292442926902122e-10, 1.3624139550732248e-07], [4.8123292335342627e-14, 5.249273782532776e-11]]"
59.5,bdf2,28.5236,0.02001675,3,5.038785828072935e-14,5.239765048863045e-11,5.2011728257639334e-11,1.5987211554602254e-14,-11.65026800239987,-11.656462887745533,0.006194885345664147,1.8439318551724687e-06,1.8465417901225422e-06,-2.6099349500734667e-09,0.4758239629631833,5.561141896410166e-09,1.4502705305966298e-08,-0.09154964548131153,"{""D"": 5.561141896410166e-09, ""cp"": 3363.9325333349198, ""k"": 0.4758239629631833, ""rho"": 948.0088304196067}","{""D"": 5.64663730089004e-09, ""cp"": 3415.2957746478887, ""k"": 0.48295774647887346, ""rho"": 976.400000000001}","[[1.1819223206235676e-06, 0.00017385473587854547], [4.3004640525184154e-10, 1.3595744922036014e-07], [5.038785828072935e-14, 5.239765048863045e-11]]"
59.75,bdf2,28.5258,0.020018374999999998,3,5.265241874719225e-14,5.230639450982205e-11,3.866489350912161e-10,2.6201263381153694e-14,-11.696337087517575,-11.702541837215108,0.006204749697532819,1.8435848588385655e-06,1.8461883765093357e-06,-2.6035176707701915e-09,0.4758088615844427,5.561022866899877e-09,1.4499929601955134e-08,-0.09191154863976572,"{""D"": 5.561022866899877e-09, ""cp"": 3363.8238034079877, ""k"": 0.4758088615844427, ""rho"": 947.9524922414937}","{""D"": 5.6466729486812954e-09, ""cp"": 3415.2957746478887, ""k"": 0.48295774647887346, ""rho"": 976.400000000001}","[[1.1842733047803937e-06, 0.00017345115899404168], [4.3082964306817724e-10, 1.3567523000504256e-07], [5.265241874719225e-14, 5.230639450982205e-11]]"
60.0,bdf2,28.528,0.02002,3,4.2461577617832305e-14,5.221270039417524e-11,6.94626578479074e-11,3.5083047578154947e-14,-11.74238853955195,-11.748603107854194,0.0062145683022443166,1.8432386446263357e-06,1.8458357852452117e-06,-2.597140618875926e-09,0.47579379149316714,5.5609044046529756e-09,1.4497160356637772e-08,-0.09227331317543098,"{""D"": 5.5609044046529756e-09, ""cp"": 3363.7152987508034, ""k"": 0.47579379149316714, ""rho"": 947.8962856392338}","{""D"": 5.646708651939923e-09, ""cp"": 3415.2957746478887, ""k"": 0.48295774647887346, ""rho"": 976.400000000001}","[[1.1866188349307725e-06, 0.00017305008857185225], [4.316268431564751e-10, 1.3539472305839596e-07], [4.2461577617832305e-14, 5.221270039417524e-11]]"
