time_s,step_dt_s,C_inf,D_surface,robin_flux,literal_one_sided_diffusive_flux,literal_diffusive_minus_robin,face_diffusive_flux,face_diffusive_minus_robin,surface_control_volume_balance,picard_iterations,picard_final_normalized_residual,temperature_matrix_residual_linf,moisture_matrix_residual_linf,time_step_residual_normalized,time_alignment_error_s
0.0,0.0,0.01963,4.937655094173937e-09,2.0242959999999997e-06,0.0,-2.0242959999999997e-06,0.0,-2.0242959999999997e-06,0.0,0,0.0,0.0,0.0,0.0,0.0
0.0625,0.0625,0.019630406250000003,4.93697562601198e-09,2.0234916170012106e-06,1.9750419290921806e-08,-2.0037411977102886e-06,1.975177171565276e-08,-2.0037398452855577e-06,2.764106734907197e-20,2,2.629678609942928e-10,1.1368683772161603e-13,4.440892098500626e-16,3.7750900475373713e-16,0.0
0.125,0.0625,0.0196308125,4.936302547283083e-09,2.022695310717757e-06,3.9200410833066637e-08,-1.9834948998846903e-06,3.9205741744344265e-08,-1.983489568973413e-06,4.95051053000736e-20,2,5.196272170718761e-10,1.1368683772161603e-13,4.440892098500626e-16,3.7750899914873347e-16,0.0
0.1875,0.0625,0.019631218750000002,4.935635769238121e-09,2.0219069611829238e-06,5.835503816627958e-08,-1.963551923016644e-06,5.8366858640631165e-08,-1.9635401025422924e-06,6.602224777153246e-20,2,7.701222666114778e-10,1.1368683772161603e-13,4.440892098500626e-16,3.7750899150435427e-16,0.0
0.25,0.0625,0.019631625000000003,4.9349752044436295e-09,2.021126450416029e-06,7.721927410632854e-08,-1.9439071763097006e-06,7.723998437975318e-08,-1.943886466036276e-06,1.4558378780933287e-19,2,1.0145942473970932e-09,1.1368683772161603e-13,4.440892098500626e-16,3.7750898213633925e-16,0.0
0.3125,0.0625,0.01963203125,4.934320766763005e-09,2.0203536623877446e-06,9.579800245196989e-08,-1.924555659935775e-06,9.582989592279575e-08,-1.9245237664649486e-06,2.200697476085079e-19,2,1.253182133228511e-09,1.1368683772161603e-13,4.440892098500626e-16,3.7750897127421293e-16,0.0
0.375,0.0625,0.019632437500000002,4.933672371337926e-09,2.019588482986035e-06,1.1409601965805522e-07,-1.9054924633279797e-06,1.1414128675268804e-07,-1.9054471962333469e-06,2.8974482496507453e-19,2,1.4860219373107866e-09,1.1368683772161603e-13,4.440892098500626e-16,3.7750895908879016e-16,0.0
0.4375,0.0625,0.01963284375,4.933029934569991e-09,2.0188307999827213e-06,1.3211803647580304e-07,-1.8867127635069182e-06,1.3217876838199856e-07,-1.8866520316007228e-06,4.043126485261191e-19,2,1.7132446224226686e-09,1.1368683772161603e-13,4.440892098500626e-16,3.775089457102717e-16,0.0
0.5,0.0625,0.01963325,4.932393374102586e-09,2.018080503000641e-06,1.4986867956067062e-07,-1.8682118234399705e-06,1.499468718328062e-07,-1.868133631167835e-06,5.203296925203565e-19,2,1.934980628885011e-09,1.1368683772161603e-13,4.440892098500626e-16,3.775089312402756e-16,0.0
0.5625,0.0625,0.019633656250000003,4.93176260880295e-09,2.0173374834814017e-06,1.6735249304864898e-07,-1.8499849904327528e-06,1.674500490893197e-07,-1.849887434392082e-06,6.464184876530396e-19,2,2.151356565660778e-09,1.1368683772161603e-13,4.440892098500626e-16,3.7750891575993347e-16,0.0
0.625,0.0625,0.0196340625,4.931137558744481e-09,2.016601634653717e-06,1.845739401015103e-07,-1.8320276945522065e-06,1.8469267452362754e-07,-1.8319089601300893e-06,7.550703154731049e-19,2,2.362495732812941e-09,1.1368683772161603e-13,4.440892098500626e-16,3.775088993354093e-16,0.0
0.6875,0.0625,0.019634468750000002,4.930518145189244e-09,2.0158728515023138e-06,2.0153740442170686e-07,-1.814335447080607e-06,2.016790462951367e-07,-1.814193805207177e-06,9.277790099292767e-19,2,2.5685182956571058e-09,1.1368683772161603e-13,8.881784197001252e-16,3.7750888202171575e-16,0.0
0.75,0.0625,0.019634875000000003,4.929904290570699e-09,2.0151510307373954e-06,2.1824719173767616e-07,-1.7969038389997192e-06,2.1841338772431946e-07,-1.7967376430130758e-06,1.0655872999806111e-18,2,2.769543897050985e-09,1.1368683772161603e-13,4.440892098500626e-16,3.775088638653935e-16,0.0
0.8125,0.0625,0.01963528125,4.929295918476644e-09,2.0144360707646593e-06,2.3470753125981254e-07,-1.7797285395048468e-06,2.3489984864089477e-07,-1.7795362221237646e-06,1.2429215884221794e-18,2,2.9656869552733515e-09,1.1368683772161603e-13,4.440892098500626e-16,3.7750884490642266e-16,0.0
0.875,0.0625,0.019635687500000002,4.928692953632369e-09,2.0137278716558507e-06,2.509225771081657e-07,-1.762805294547685e-06,2.511425067073798e-07,-1.7625853649484708e-06,1.3928464200861905e-18,2,3.1570608436871918e-09,1.1368683772161603e-13,4.440892098500626e-16,3.7750882517960944e-16,0.0
0.9375,0.0625,0.01963609375,4.928095321884028e-09,2.01302633511985e-06,2.6689640971205516e-07,-1.7461299254077948e-06,2.671453687180761e-07,-1.7458809664017738e-06,1.5798024734129756e-18,2,3.3437754526028636e-09,1.1368683772161603e-13,8.881784197001252e-16,3.7750880471560895e-16,0.0
1.0,0.0625,0.0196365,4.927502950182211e-09,2.0123313644742737e-06,2.8263303718240763e-07,-1.729698327291866e-06,2.8291237187417877e-07,-1.7294189926000949e-06,1.7832094947622154e-18,2,3.5259387566517823e-09,1.1368683772161603e-13,4.440892098500626e-16,3.7750878354169267e-16,0.0
1.0625,0.0625,0.019636906250000002,4.9269157665657415e-09,2.0116428646175903e-06,2.981363966573727e-07,-1.7135064679602178e-06,2.9844738503545084e-07,-1.7131954795821395e-06,1.9800983328845372e-18,2,3.7036564664811544e-09,1.1368683772161603e-13,4.440892098500626e-16,3.775087616823336e-16,0.0
1.125,0.0625,0.0196373125,4.9263337001456634e-09,2.0109607420017377e-06,3.1341035562152606e-07,-1.6975503863802116e-06,3.137542099486584e-07,-1.6972065320530793e-06,2.150623270523569e-18,2,3.877030983838193e-09,1.1368683772161603e-13,4.440892098500626e-16,3.7750873915966047e-16,0.0
1.1875,0.0625,0.01963771875,4.925756681089451e-09,2.0102849046052295e-06,3.284587131995486e-07,-1.6818261914056809e-06,3.28836582453551e-07,-1.6814483221516785e-06,2.3678607517146953e-18,2,4.0461631430964286e-09,1.1368683772161603e-13,4.440892098500626e-16,3.7750871599381405e-16,0.0
1.25,0.0625,0.019638125000000003,4.925184640605417e-09,2.0096152619067424e-06,3.432852014247083e-07,-1.666330060482034e-06,3.4369817366660813e-07,-1.6659170882401342e-06,2.559925472504608e-18,2,4.211150992187291e-09,1.1368683772161603e-13,4.440892098500626e-16,3.7750869220323243e-16,0.0
1.3125,0.0625,0.01963853125,4.924617510927324e-09,2.0089517248591853e-06,3.5789348648258795e-07,-1.6510582383765973e-06,3.5834259114289625e-07,-1.650609133716289e-06,2.7875854294139024e-18,2,4.372090663363265e-09,1.1368683772161603e-13,8.881784197001252e-16,3.775086678048811e-16,0.0
1.375,0.0625,0.019638937500000002,4.924055225299198e-09,2.008294205864222e-06,3.7228716993074575e-07,-1.6360070359334764e-06,3.7277338001662683e-07,-1.6355208258475953e-06,3.0158012516948325e-18,2,4.5290761990452606e-09,1.1368683772161603e-13,8.881784197001252e-16,3.7750864281444177e-16,0.0
1.4375,0.0625,0.019639343750000003,4.9234977179603455e-09,2.0076426187472604e-06,3.8646978989478826e-07,-1.6211728288524721e-06,3.869940241208012e-07,-1.6206485946264593e-06,3.239358392765864e-18,2,4.682198681059455e-09,1.1368683772161603e-13,8.881784197001252e-16,3.7750861724646804e-16,0.0
1.5,0.0625,0.01963975,4.922944924130572e-09,2.0069968787328837e-06,4.0044482224101944e-07,-1.6065520564918643e-06,4.0100794708601475e-07,-1.605988931646869e-06,3.4649140021968236e-18,2,4.831547972163604e-09,1.1368683772161603e-13,8.881784197001252e-16,3.7750859111451605e-16,0.0
1.5625,0.0625,0.019640156250000002,4.922396779995586e-09,2.0063569024207227e-06,4.1421568172674163e-07,-1.592141220693981e-06,4.148185134194129e-07,-1.5915383890013097e-06,3.689073330753794e-18,2,4.977211671131262e-09,1.1368683772161603e-13,8.881784197001252e-16,3.7750856443125437e-16,0.0
1.625,0.0625,0.0196405625,4.921853222692615e-09,2.005722607761764e-06,4.2778572312793696e-07,-1.5779368846338268e-06,4.2842902956343774e-07,-1.5772935781983261e-06,3.9326482426486084e-18,2,5.119275286904401e-09,1.1368683772161603e-13,8.881784197001252e-16,3.7750853720855747e-16,0.0
1.6875,0.0625,0.01964096875,4.9213141902962035e-09,2.005093914035074e-06,4.411582423454953e-07,-1.563935671689579e-06,4.4184274493545566e-07,-1.5632511690996184e-06,4.16743518771566e-18,2,5.25782206444079e-09,1.1368683772161603e-13,8.881784197001252e-16,3.7750850945758626e-16,0.0
1.75,0.0625,0.019641375000000003,4.920779621804209e-09,2.0044707418249484e-06,4.5433647748981523e-07,-1.5501342643351332e-06,4.550628529480093e-07,-1.549407888876939e-06,4.441774600952547e-18,2,5.392933158866622e-09,1.1368683772161603e-13,8.881784197001252e-16,3.7750848118885674e-16,0.0
1.8125,0.0625,0.01964178125,4.9202494571239835e-09,2.003853012998459e-06,4.6732360994472813e-07,-1.5365294030537308e-06,4.6809249201057165e-07,-1.5357605209878872e-06,4.673405024802096e-18,2,5.524689202850194e-09,1.1368683772161603e-13,8.881784197001252e-16,3.775084524123005e-16,0.0
1.875,0.0625,0.0196421875,4.919723637058754e-09,2.003240650683413e-06,4.801227654107766e-07,-1.5231178852726362e-06,4.80934746512758e-07,-1.5223059041706547e-06,4.907622869607711e-18,2,5.653167694312442e-09,1.1368683772161603e-13,8.881784197001252e-16,3.77508423137317e-16,0.0
1.9375,0.0625,0.019642593750000003,4.919202103294181e-09,2.002633579246699e-06,4.927370149284238e-07,-1.5098965643182751e-06,4.935926477895014e-07,-1.5090409314571973e-06,5.162480525057749e-18,2,5.778444215495354e-09,1.1368683772161603e-13,8.881784197001252e-16,3.775083933728197e-16,0.0
2.0,0.0625,0.019643,4.918684798385099e-09,2.0020317242730203e-06,5.051693758816904e-07,-1.4968623483913299e-06,5.060691750686224e-07,-1.4959625492043979e-06,5.419171212745204e-18,2,5.900592955419872e-09,1.1368683772161603e-13,8.881784197001252e-16,3.7750836312727675e-16,0.0
2.0625,0.0625,0.019643406250000002,4.918171665742455e-09,2.001435012544007e-06,5.174228129823997e-07,-1.4840121995616072e-06,5.183672564009029e-07,-1.4830677561431039e-06,5.666676886910871e-18,2,6.019686884038516e-09,1.1368683772161603e-13,8.881784197001252e-16,3.775083324087467e-16,0.0
2.125,0.0625,0.0196438125,4.917662649620416e-09,2.000843372017704e-06,5.295002392356334e-07,-1.4713431327820706e-06,5.304897695732093e-07,-1.4703536024444947e-06,5.9189669737395444e-18,2,6.135796533166966e-09,1.1368683772161603e-13,8.881784197001252e-16,3.7750830122491097e-16,0.0
2.1875,0.0625,0.01964421875,4.917157695103659e-09,2.00025673180842e-06,5.414045168865744e-07,-1.4588522149218457e-06,5.424395430047711e-07,-1.4578171888036491e-06,6.184577977152772e-18,2,6.248991738010382e-09,1.1368683772161603e-13,8.881784197001252e-16,3.775082695831023e-16,0.0
2.25,0.0625,0.019644625000000002,4.9166567480948435e-09,1.9996750221669357e-06,5.531384583494132e-07,-1.4465365638175225e-06,5.542193566272404e-07,-1.4454556655396953e-06,6.411635746576128e-18,2,6.359339373179186e-09,1.1368683772161603e-13,8.881784197001252e-16,3.775082374903302e-16,0.0
2.3125,0.0625,0.01964503125,4.916159755302254e-09,1.9990981744610722e-06,5.647048271181568e-07,-1.4343933473429155e-06,5.658319427483083e-07,-1.433266231712764e-06,6.6960667632861616e-18,2,6.4669054425206475e-09,1.1368683772161603e-13,8.881784197001252e-16,3.7750820495330454e-16,0.0
2.375,0.0625,0.0196454375,4.915666664227621e-09,1.9985261211565895e-06,5.761063386603887e-07,-1.422419782496201e-06,5.772799868998713e-07,-1.4212461342567182e-06,6.935657973350921e-18,2,6.571754904966245e-09,1.1368683772161603e-13,8.881784197001252e-16,3.775081719784555e-16,0.0
2.4375,0.0625,0.019645843750000003,4.915177423154111e-09,1.997958795798441e-06,5.873456612937177e-07,-1.4106131345047233e-06,5.88566128670434e-07,-1.4093926671280072e-06,7.194300807284002e-18,2,6.673950455463252e-09,1.1368683772161603e-13,4.440892098500626e-16,3.7750813857195363e-16,0.0
2.5,0.0625,0.01964625,4.914691981134493e-09,1.9973961329923513e-06,5.98425417045575e-07,-1.3989707159467764e-06,5.996929625223548e-07,-1.3977031704699966e-06,7.435241976108448e-18,2,6.773553569890523e-09,1.1368683772161603e-13,8.881784197001252e-16,3.7750810473972594e-16,0.0
2.5625,0.0625,0.019646656250000002,4.9142102879794645e-09,1.9968380683867244e-06,6.093481824966441e-07,-1.3874898858900803e-06,6.10663038594166e-07,-1.3861750297925585e-06,7.699416993978283e-18,2,6.8706245050584925e-09,1.1368683772161603e-13,8.881784197001252e-16,3.77508070487472e-16,0.0
2.625,0.0625,0.019647062500000003,4.9137322942461516e-09,1.9962845386548715e-06,6.20116489608238e-07,-1.3761680490466335e-06,6.214788634882395e-07,-1.374805675166632e-06,7.979189329478418e-18,2,6.96522160209865e-09,1.1368683772161603e-13,8.881784197001252e-16,3.7750803582067794e-16,0.0
2.6875,0.0625,0.01964746875,4.913257951226771e-09,1.995735481477555e-06,6.307328265339223e-07,-1.365002654943633e-06,6.32142901044045e-07,-1.3635925804335101e-06,8.190173325238644e-18,2,7.057402853837222e-09,1.1368683772161603e-13,8.881784197001252e-16,3.7750800074462973e-16,0.0
2.75,0.0625,0.019647875000000002,4.912787210937459e-09,1.995190835525847e-06,6.411996384156061e-07,-1.3539911971102407e-06,6.426575730971791e-07,-1.3525332624286676e-06,8.485040052556646e-18,2,7.147223118353075e-09,1.1368683772161603e-13,8.881784197001252e-16,3.7750796526442466e-16,0.0
2.8125,0.0625,0.01964828125,4.912320026107252e-09,1.994650540444278e-06,6.515193281647638e-07,-1.3431312122795141e-06,6.53025260224786e-07,-1.3416252802194919e-06,8.728217917757436e-18,2,7.234737950335595e-09,1.1368683772161603e-13,8.881784197001252e-16,3.7750792938498266e-16,0.0
2.875,0.0625,0.0196486875,4.911856350167238e-09,1.9941145368343024e-06,6.616942572285264e-07,-1.332420279605776e-06,6.632483024770623e-07,-1.33086623435724e-06,8.99705161683717e-18,2,7.320000466337336e-09,1.1368683772161603e-13,8.881784197001252e-16,3.7750789311105617e-16,0.0
2.9375,0.0625,0.019649093750000002,4.9113961372398554e-09,1.993582766238042e-06,6.717267463415509e-07,-1.321856019896491e-06,6.733290000957192e-07,-1.3202537661423228e-06,9.23229516560235e-18,2,7.4030629121476895e-09,1.1368683772161603e-13,4.440892098500626e-16,3.7750785644723957e-16,0.0
3.0,0.0625,0.0196495,4.9109393421283555e-09,1.9930551711223236e-06,6.816190762634095e-07,-1.311436094858914e-06,6.832696142190977e-07,-1.3097855569032258e-06,9.496106224002662e-18,2,7.483975966182368e-09,1.1368683772161603e-13,8.881784197001252e-16,3.775078193979775e-16,0.0
3.0625,0.0625,0.01964990625,4.910485920306413e-09,1.9925316948629982e-06,6.913734885021646e-07,-1.3011582063608336e-06,6.930723675745695e-07,-1.2994593272884287e-06,9.744630984682994e-18,2,7.562789436093929e-09,1.1368683772161603e-13,4.440892098500626e-16,3.7750778196757327e-16,0.0
3.125,0.0625,0.019650312500000003,4.91003582790789e-09,1.9920122817295403e-06,7.009921860242235e-07,-1.2910200957053169e-06,7.027394451582798e-07,-1.2892728365712604e-06,1.001723000991107e-17,2,7.639551910466509e-09,1.1368683772161603e-13,4.440892098500626e-16,3.7750774416019575e-16,0.0
3.1875,0.0625,0.01965071875,4.909589021716751e-09,1.99149687686991e-06,7.104773339508447e-07,-1.2810195429190653e-06,7.122729949025652e-07,-1.2792238819673448e-06,1.025606021381228e-17,2,7.714311107121084e-09,1.1368683772161603e-13,8.881784197001252e-16,3.7750770597988645e-16,0.0
3.25,0.0625,0.019651125000000002,4.909145459157125e-09,1.9909854262956936e-06,7.198310602413131e-07,-1.2711543660543804e-06,7.216751283310341e-07,-1.2693102979646594e-06,1.0500389514425743e-17,2,7.787113176504957e-09,5.684341886080802e-14,8.881784197001252e-16,3.483052626274962e-16,0.0
3.3125,0.0625,0.019651531250000003,4.908705098283513e-09,1.990477876867502e-06,7.290554563635029e-07,-1.261422420503999e-06,7.309479212019901e-07,-1.259529955665512e-06,1.0768865871480855e-17,2,7.858003398302267e-09,1.1368683772161603e-13,4.440892098500626e-16,3.775076285160391e-16,0.0
3.375,0.0625,0.0196519375,4.908267897771143e-09,1.9899741762806215e-06,7.381525779516422e-07,-1.2518215983289794e-06,7.400934141399859e-07,-1.2498807621406356e-06,1.1005571875569029e-17,2,7.927025658976107e-09,1.1368683772161603e-13,8.881784197001252e-16,3.7750758924000207e-16,0.0
3.4375,0.0625,0.019652343750000002,4.907833816906466e-09,1.9894742730509274e-06,7.471244454517075e-07,-1.2423498275992199e-06,7.491136132558985e-07,-1.2403606597950289e-06,1.1241841128293775e-17,2,7.994223844989565e-09,1.1368683772161603e-13,8.881784197001252e-16,3.77507549606046e-16,0.0
3.5,0.0625,0.01965275,4.907402815577785e-09,1.988978116501039e-06,7.559730447546867e-07,-1.2330050717463522e-06,7.580104907557401e-07,-1.2309676257452987e-06,1.1490928371790643e-17,2,8.059639056363633e-09,1.1368683772161603e-13,8.881784197001252e-16,3.775075096176626e-16,0.0
3.5625,0.0625,0.01965315625,4.906974854266044e-09,1.9884856567467194e-06,7.647003278180423e-07,-1.2237853289286772e-06,7.667859855385025e-07,-1.221699671208217e-06,1.1759259145057945e-17,2,8.123313263882459e-09,1.1368683772161603e-13,8.881784197001252e-16,3.775074692782484e-16,0.0
3.625,0.0625,0.019653562500000003,4.906549894035727e-09,1.987996844683517e-06,7.733082132753968e-07,-1.21468863140812e-06,7.754420037830329e-07,-1.212554840900484e-06,1.1979494328788964e-17,2,8.185286870956505e-09,5.684341886080802e-14,8.881784197001252e-16,3.483052626274958e-16,0.0
3.6875,0.0625,0.01965396875,4.906127896525913e-09,1.9875116319736394e-06,7.817985870347563e-07,-1.2057130449388831e-06,7.83980419524227e-07,-1.2035312124494123e-06,1.2231466778262417e-17,2,8.245598539469925e-09,5.684341886080802e-14,8.881784197001252e-16,3.4830526262749575e-16,0.0
3.75,0.0625,0.019654375,4.905708823941462e-09,1.987029971033061e-06,7.901733028657128e-07,-1.1968566681673484e-06,7.924030752189543e-07,-1.1946268958141069e-06,1.248110326968602e-17,2,8.304286408848974e-09,5.684341886080802e-14,8.881784197001252e-16,3.483052626274957e-16,0.0
3.8125,0.0625,0.019654781250000003,4.905292639044318e-09,1.9865518150188532e-06,7.984341829754409e-07,-1.1881176320434123e-06,8.00711782301509e-07,-1.1858400327173443e-06,1.2709180125624041e-17,2,8.361389315130438e-09,5.684341886080802e-14,8.881784197001252e-16,3.4830526262749565e-16,0.0
3.875,0.0625,0.0196551875,4.904879305144962e-09,1.986077117816741e-06,8.065830185740256e-07,-1.1794940992427156e-06,8.089083217290926e-07,-1.1771687960876487e-06,1.2941650964975944e-17,2,8.416942262993208e-09,5.684341886080802e-14,8.881784197001252e-16,3.4830526262749555e-16,0.0
3.9375,0.0625,0.019655593750000002,4.904468786093981e-09,1.985605834028877e-06,8.146215704292177e-07,-1.1709842635996592e-06,8.169944445174077e-07,-1.1686113895114692e-06,1.317979295460751e-17,2,8.470981998642495e-09,1.1368683772161603e-13,8.881784197001252e-16,3.77507220049359e-16,0.0
4.0,0.0625,0.019656,4.904061046273768e-09,1.985137918961827e-06,8.225515694108086e-07,-1.1625863495510185e-06,8.249718722665265e-07,-1.1601660466953005e-06,1.342171350527722e-17,2,8.523543352604558e-09,5.684341886080802e-14,8.881784197001252e-16,3.4830526262749545e-16,0.0
4.0625,0.0625,0.01965640625,4.903656050590348e-09,1.984673328614771e-06,8.303747170248722e-07,-1.154298611589899e-06,8.328422976772639e-07,-1.1518310309375071e-06,1.3646561048103834e-17,2,8.57465958803198e-09,5.684341886080802e-14,8.881784197001252e-16,3.483052626274954e-16,0.0
4.125,0.0625,0.019656812500000002,4.903253764465322e-09,1.9842120196679084e-06,8.380926859380082e-07,-1.1461193337299002e-06,8.406073850581646e-07,-1.1436046346097439e-06,1.3883214112632805e-17,2,8.62436518714576e-09,1.1368683772161603e-13,4.440892098500626e-16,3.775070909455399e-16,0.0
4.1875,0.0625,0.01965721875,4.902854153827942e-09,1.9837539494710643e-06,8.457071204918709e-07,-1.1380468289791934e-06,8.482687708233699e-07,-1.1354851786476945e-06,1.4110073358709148e-17,2,8.67269201987743e-09,1.1368683772161603e-13,4.440892098500626e-16,3.775070472644362e-16,0.0
4.25,0.0625,0.019657625,4.902457185107296e-09,1.9832990760325004e-06,8.532196372080413e-07,-1.1300794388244592e-06,8.558280639814007e-07,-1.1274710120510997e-06,1.4339447233847652e-17,2,8.719671607853255e-09,5.684341886080802e-14,4.440892098500626e-16,1.8875350163221866e-16,0.0
4.3125,0.0625,0.019658031250000003,4.9020628252246205e-09,1.9828473580079155e-06,8.606318252836328e-07,-1.1222155327242827e-06,8.632868466152293e-07,-1.119560511392686e-06,1.454249029572737e-17,2,8.76533582100477e-09,5.684341886080802e-14,4.440892098500626e-16,1.8875347947403345e-16,0.0
4.375,0.0625,0.0196584375,4.901671041585721e-09,1.9823987546896464e-06,8.679452470775396e-07,-1.1144535076121068e-06,8.70646674353529e-07,-1.1117520803361174e-06,1.4788791594921158e-17,2,8.809714091126662e-09,1.7053025658242404e-13,4.440892098500626e-16,5.662603714766902e-16,0.0
4.4375,0.0625,0.019658843750000002,4.901281802073518e-09,1.9819532259960467e-06,8.75161438587835e-07,-1.1067917874082115e-06,8.779090768335905e-07,-1.1040441491624561e-06,1.4988611961134368e-17,2,8.852836894929415e-09,1.1368683772161603e-13,4.440892098500626e-16,3.7750686937603175e-16,0.0
4.5,0.0625,0.019659250000000003,4.900895075040696e-09,1.9815107324610616e-06,8.822819099200896e-07,-1.0992288225409721e-06,8.850755581556593e-07,-1.0964351743054023e-06,1.5216754991521393e-17,2,8.8947324451393e-09,1.1368683772161603e-13,4.440892098500626e-16,3.775068241251447e-16,0.0
4.5625,0.0625,0.01965965625,4.90051082930247e-09,1.9810712352239783e-06,8.893081457472534e-07,-1.0917630894767249e-06,8.921475973293212e-07,-1.0889236378946571e-06,1.5436560041333884e-17,2,8.935428954482588e-09,5.684341886080802e-14,4.440892098500626e-16,1.8875338928372267e-16,0.0
4.625,0.0625,0.019660062500000002,4.900129034129469e-09,1.980634696019357e-06,8.962416057607881e-07,-1.084393090258569e-06,8.991266487116008e-07,-1.081508047307756e-06,1.565784739880407e-17,2,8.974954809838185e-09,1.1368683772161603e-13,4.440892098500626e-16,3.7750673270519884e-16,0.0
4.6875,0.0625,0.01966046875,4.8997496592407105e-09,1.980201077167138e-06,9.030837251136475e-07,-1.0771173520534904e-06,9.06014142437366e-07,-1.0741869347297719e-06,1.586171764129634e-17,2,9.01333630825342e-09,1.1368683772161603e-13,4.440892098500626e-16,3.775066865406235e-16,0.0
4.75,0.0625,0.019660875,4.899372674796702e-09,1.9797703415629207e-06,9.098359148549474e-07,-1.0699344267079733e-06,9.128114848418523e-07,-1.0669588567210685e-06,1.6067712083601645e-17,2,9.050600095080884e-09,1.1368683772161603e-13,4.440892098500626e-16,3.77506640075893e-16,0.0
4.8125,0.0625,0.019661281250000003,4.898998051392636e-09,1.979342452668412e-06,9.164995623565726e-07,-1.0628428903118394e-06,9.195200588755484e-07,-1.0598223937928637e-06,1.6290514835954028e-17,2,9.086771596604748e-09,1.1368683772161603e-13,8.881784197001252e-16,3.775065933131373e-16,0.0
4.875,0.0625,0.0196616875,4.898625760051694e-09,1.978917374502039e-06,9.23076031732138e-07,-1.0558413427699008e-06,9.261412245118437e-07,-1.0527761499901952e-06,1.6484498615765064e-17,2,9.121876239109183e-09,1.1368683772161603e-13,4.440892098500626e-16,3.775065462544444e-16,0.0
4.9375,0.0625,0.01966209375,4.898255772218454e-09,1.978495071629731e-06,9.295666642478532e-07,-1.0489284073818779e-06,9.326763191469704e-07,-1.0458187524827606e-06,1.6697871509134343e-17,2,9.155938403962575e-09,1.1368683772161603e-13,8.881784197001252e-16,3.7750649890186177e-16,0.0
5.0,0.0625,0.019662500000000003,4.8978880597523975e-09,1.978075509155853e-06,9.359727787261787e-07,-1.0421027304296743e-06,9.391266579931198e-07,-1.038948851162733e-06,1.688738189619269e-17,2,9.188982124228044e-09,1.1368683772161603e-13,4.440892098500626e-16,3.775064512573973e-16,0.0
5.0625,0.0625,0.01966290625,4.897522594921512e-09,1.9776586527143047e-06,9.422956719417282e-07,-1.0353629807725765e-06,9.454935344641716e-07,-1.032165118250133e-06,1.7113480136105486e-17,2,9.221030562205555e-09,1.1368683772161603e-13,4.440892098500626e-16,3.77506403323021e-16,0.0
5.125,0.0625,0.019663312500000002,4.897159350396007e-09,1.977244468459766e-06,9.485366190102392e-07,-1.0287078494495267e-06,9.517782205548451e-07,-1.0254662479049207e-06,1.7284567556561054e-17,2,9.252107228500334e-09,1.1368683772161603e-13,8.881784197001252e-16,3.7750635510066586e-16,0.0
5.1875,0.0625,0.01966371875,4.896798299242112e-09,1.9768329230591076e-06,9.54696873769952e-07,-1.0221360492891556e-06,9.579819672126035e-07,-1.0188509558465042e-06,1.7509190106261053e-17,2,9.282233718038667e-09,1.1368683772161603e-13,4.440892098500626e-16,3.7750630659222893e-16,0.0
5.25,0.0625,0.019664125,4.8964394149159705e-09,1.9764239836829323e-06,9.6077766915643e-07,-1.0156463145265023e-06,9.641060047033323e-07,-1.0123179789796e-06,1.7689098580768887e-17,2,9.311432670662622e-09,1.7053025658242404e-13,8.881784197001252e-16,5.662593866993594e-16,0.0
5.3125,0.0625,0.019664531250000002,4.896082671257644e-09,1.976017617997279e-06,9.66780217570177e-07,-1.009237400427102e-06,9.701515429701297e-07,-1.0058660750271491e-06,1.788992479860696e-17,2,9.339724636382695e-09,5.684341886080802e-14,4.440892098500626e-16,1.887531043622633e-16,0.0
5.375,0.0625,0.0196649375,4.895728042485189e-09,1.975613794155462e-06,9.727057112376278e-07,-1.0029080829178342e-06,9.761197719857874e-07,-9.994940221696745e-07,1.806088648760942e-17,2,9.3671313842778e-09,1.1368683772161603e-13,4.440892098500626e-16,3.7750615936888603e-16,0.0
5.4375,0.0625,0.01966534375,4.895375503188842e-09,1.975212480790054e-06,9.785553225655435e-07,-9.966571582245105e-07,9.820118620989692e-07,-9.932006186910849e-07,1.8272141798610564e-17,2,9.393672071137383e-09,1.1368683772161603e-13,4.440892098500626e-16,3.7750610973441573e-16,0.0
5.5,0.0625,0.019665750000000003,4.895025028325283e-09,1.974813647005006e-06,9.843302044888288e-07,-9.904834425161774e-07,9.878289643741018e-07,-9.869846826309044e-07,1.846005738144791e-17,2,9.419367421124568e-09,5.684341886080802e-14,4.440892098500626e-16,1.887530299114247e-16,0.0
5.5625,0.0625,0.01966615625,4.894676593211995e-09,1.974417262367909e-06,9.900314908121241e-07,-9.84385771555785e-07,9.935722109253224e-07,-9.808450514425866e-07,1.864768841415454e-17,2,9.444236765181431e-09,1.1368683772161603e-13,8.881784197001252e-16,3.775060096358909e-16,0.0
5.625,0.0625,0.019666562500000002,4.894330173521706e-09,1.97402329690238e-06,9.956602965449507e-07,-9.783630003574293e-07,9.992427152442466e-07,-9.747805816581335e-07,1.8847740390939263e-17,2,9.468298911792156e-09,1.1368683772161603e-13,4.440892098500626e-16,3.77505959175215e-16,0.0
5.6875,0.0625,0.019666968750000003,4.893985745276925e-09,1.973631721080587e-06,1.0012177182309488e-06,-9.724140028496382e-07,1.00484157252209e-06,-9.687901485584969e-07,1.9009794999105752e-17,2,9.491573017746187e-09,5.684341886080802e-14,4.440892098500626e-16,1.8875295422123405e-16,0.0
5.75,0.0625,0.019667375,4.893643284844555e-09,1.973242505815904e-06,1.0067048342709322e-06,-9.665376715449718e-07,1.0103698599658593e-06,-9.628726458500447e-07,1.9194196718700973e-17,2,9.514076324154022e-09,5.684341886080802e-14,4.440892098500626e-16,1.8875292871963475e-16,0.0
5.8125,0.0625,0.019667781250000002,4.893302768930593e-09,1.9728556224556846e-06,1.0121227052401094e-06,-9.607329172155752e-07,1.0158286371089525e-06,-9.570269853467322e-07,1.938135129537477e-17,2,9.535826768736688e-09,5.684341886080802e-14,4.440892098500626e-16,1.8875290308360579e-16,0.0
5.875,0.0625,0.0196681875,4.892964174574914e-09,1.9724710427741673e-06,1.0174723741995262e-06,-9.549986685746411e-07,1.0212189461162148e-06,-9.512520966579525e-07,1.9553199721993888e-17,2,9.556842289215211e-09,1.1368683772161603e-13,8.881784197001252e-16,3.7750575462786066e-16,0.0
5.9375,0.0625,0.01966859375,4.892627479146133e-09,1.9720887389655013e-06,1.0227548670018644e-06,-9.493338719636369e-07,1.0265418120835804e-06,-9.455469268819208e-07,1.9707624416190187e-17,2,9.577139255936933e-09,1.1368683772161603e-13,4.440892098500626e-16,3.77505702822758e-16,0.0
6.0,0.0625,0.019669000000000002,4.892292660336553e-09,1.971708683636893e-06,1.027971192591553e-06,-9.437374910453399e-07,1.0317982433322452e-06,-9.399104403046477e-07,1.9913155637352463e-17,2,9.596734039249197e-09,5.684341886080802e-14,4.440892098500626e-16,1.8875282537671e-16,0.0
6.0625,0.0625,0.01966940625,4.891959696157184e-09,1.971330849801864e-06,1.0331223432995928e-06,-9.382085065022714e-07,1.03698923169776e-06,-9.34341618104104e-07,2.0077268270882984e-17,2,9.61564335780461e-09,1.1368683772161603e-13,8.881784197001252e-16,3.7750559842133925e-16,0.0
6.125,0.0625,0.0196698125,4.891628564932844e-09,1.9709552108736368e-06,1.0382092951328633e-06,-9.327459157407735e-07,1.0421157528138224e-06,-9.288394580598144e-07,2.0229893020066368e-17,2,9.633882537034728e-09,1.1368683772161603e-13,4.440892098500626e-16,3.775055458279852e-16,0.0
6.1875,0.0625,0.019670218750000003,4.89129924529734e-09,1.970581740658625e-06,1.0432330080582345e-06,-9.273487326003905e-07,1.0471787663910566e-06,-9.234029742675683e-07,2.0395071062225857e-17,2,9.65146725067637e-09,5.684341886080802e-14,4.440892098500626e-16,1.887527464874021e-16,0.0
6.25,0.0625,0.019670625,4.890971716188717e-09,1.970210413350037e-06,1.0481944262815403e-06,-9.220159870684967e-07,1.0521792164908588e-06,-9.180311968591781e-07,2.0563028431243524e-17,2,9.668412301703196e-09,5.684341886080802e-14,4.440892098500626e-16,1.8875271993161038e-16,0.0
6.3125,0.0625,0.019671031250000002,4.8906459568445864e-09,1.969841203521593e-06,1.0530944785214614e-06,-9.167467250001315e-07,1.0571180317943298e-06,-9.127231717272632e-07,2.0779736516842617e-17,2,9.684731970630975e-09,5.684341886080802e-14,4.440892098500626e-16,1.8875269324731884e-16,0.0
6.375,0.0625,0.0196714375,4.890321946797526e-09,1.969474086121344e-06,1.057934078278538e-06,-9.115400078428061e-07,1.061996125866518e-06,-9.074779602548259e-07,2.0906870868269567e-17,2,9.700441931196522e-09,1.1368683772161603e-13,4.440892098500626e-16,3.7750533287043656e-16,0.0
6.4375,0.0625,0.01967184375,4.889999665870551e-09,1.9691090364656027e-06,1.0627141240990662e-06,-9.063949123665364e-07,1.0668143974157184e-06,-9.022946390498843e-07,2.10664836392678e-17,2,9.715555244847191e-09,1.1368683772161603e-13,8.881784197001252e-16,3.7750527899197865e-16,0.0
6.5,0.0625,0.019672250000000002,4.889679094172662e-09,1.968746030232975e-06,1.0674354998344654e-06,-9.013105303985096e-07,1.0715737305484062e-06,-8.971722996845687e-07,2.1236088752065672e-17,2,9.730085843793482e-09,1.1368683772161603e-13,8.881784197001252e-16,3.7750522486060514e-16,0.0
6.5625,0.0625,0.01967265625,4.88936021209445e-09,1.968385043458495e-06,1.0720990748959202e-06,-8.962859685625746e-07,1.0762749950196128e-06,-8.92110048438882e-07,2.1396680904909167e-17,2,9.744047311940641e-09,1.1368683772161603e-13,4.440892098500626e-16,3.7750517047763756e-16,0.0
6.625,0.0625,0.0196730625,4.889043000303786e-09,1.9680260525278562e-06,1.0767057045042437e-06,-8.913203480236125e-07,1.0809190464786705e-06,-8.871070060491857e-07,2.152684604610051e-17,2,9.757453059041278e-09,1.1368683772161603e-13,8.881784197001252e-16,3.7750511584437856e-16,0.0
6.6875,0.0625,0.019673468750000003,4.888727439741567e-09,1.967669034171751e-06,1.0812562299353826e-06,-8.864128042363685e-07,1.0855067267107526e-06,-8.821623074609985e-07,2.1700335599054933e-17,2,9.770315101626954e-09,5.684341886080802e-14,4.440892098500626e-16,1.8875253048105603e-16,0.0
6.75,0.0625,0.019673875,4.88841351161753e-09,1.967313965460296e-06,1.085751478761493e-06,-8.815624866988028e-07,1.0900388638741319e-06,-8.77275101586164e-07,2.186315121338497e-17,2,9.782646326992384e-09,1.1368683772161603e-13,8.881784197001252e-16,3.7750500583210365e-16,0.0
6.8125,0.0625,0.01967428125,4.88810119740614e-09,1.966960823797557e-06,1.0901922650876386e-06,-8.767685587099185e-07,1.094516272733195e-06,-8.724445510643623e-07,2.199805444512502e-17,2,9.794459099974393e-09,1.1368683772161603e-13,4.440892098500626e-16,3.7750495045560155e-16,0.0
6.875,0.0625,0.019674687500000003,4.887790478842531e-09,1.966609586916172e-06,1.0945793897841157e-06,-8.720301971320565e-07,1.0989397548872255e-06,-8.676698320289467e-07,2.2144802903236826e-17,2,9.805765437104543e-09,1.1368683772161603e-13,4.440892098500626e-16,3.7750489483383624e-16,0.0
6.9375,0.0625,0.01967509375,4.887481337918521e-09,1.966260232872057e-06,1.0989136407147528e-06,-8.673465921573044e-07,1.103310098995287e-06,-8.6295013387677e-07,2.2304938452382192e-17,2,9.816576832456498e-09,5.684341886080802e-14,8.881784197001252e-16,3.483052626274926e-16,0.0
7.0,0.0625,0.019675500000000002,4.887173756878678e-09,1.9659127400392093e-06,1.1031957929610824e-06,-8.627169470781269e-07,1.1076280809971096e-06,-8.582846590420997e-07,2.2463260821624842e-17,2,9.826904605951295e-09,1.1368683772161603e-13,4.440892098500626e-16,3.775047828593541e-16,0.0
7.0625,0.0625,0.01967590625,4.886867718216466e-09,1.965567087104595e-06,1.1074266090423528e-06,-8.581404780622423e-07,1.111894464329931e-06,-8.536726227746641e-07,2.260284920435439e-17,2,9.836760425815234e-09,1.1368683772161603e-13,4.440892098500626e-16,3.775047265090153e-16,0.0
7.125,0.0625,0.0196763125,4.88656320467043e-09,1.9652232530631258e-06,1.111606839131712e-06,-8.536164139314138e-07,1.1161100001416354e-06,-8.491132529214904e-07,2.27246697475263e-17,2,9.84615491535882e-09,1.1368683772161603e-13,4.440892098500626e-16,3.7750466991817005e-16,0.0
7.1875,0.0625,0.019676718750000002,4.8862601992204585e-09,1.9648812172127226e-06,1.1157372212684275e-06,-8.491439959442951e-07,1.1202754275000374e-06,-8.446057897126851e-07,2.2892402123417352e-17,2,9.855098175434673e-09,1.1368683772161603e-13,4.440892098500626e-16,3.7750461308796804e-16,0.0
7.25,0.0625,0.019677125,4.885958685084091e-09,1.9645409591494556e-06,1.119818481566382e-06,-8.447224775830736e-07,1.1243914735985496e-06,-8.40149485550906e-07,2.2996468061921424e-17,2,9.863602048421722e-09,1.1368683772161603e-13,4.440892098500626e-16,3.7750455601954364e-16,0.0
7.3125,0.0625,0.01967753125,4.885658645712902e-09,1.9642024587627786e-06,1.1238513344187286e-06,-8.403511243440499e-07,1.1284588539581224e-06,-8.357436048046562e-07,2.317842794434839e-17,2,9.871675241951532e-09,5.684341886080802e-14,4.440892098500626e-16,1.887522493570083e-16,0.0
7.375,0.0625,0.019677937500000003,4.885360064788915e-09,1.9638656962308334e-06,1.1278364826989964e-06,-8.360292135318371e-07,1.1324782726257292e-06,-8.313874236051042e-07,2.3280680702949744e-17,2,9.879328727639875e-09,1.7053025658242404e-13,4.440892098500626e-16,5.662566617587378e-16,0.0
7.4375,0.0625,0.01967834375,4.885062926221105e-09,1.963530652015841e-06,1.1317746179584271e-06,-8.317560340574138e-07,1.136450422369186e-06,-8.270802296466549e-07,2.3450901238123356e-17,2,9.886571213118317e-09,1.1368683772161603e-13,4.440892098500626e-16,3.7750438339606057e-16,0.0
7.5,0.0625,0.019678750000000002,4.884767214141924e-09,1.9631973068595655e-06,1.1356664206199942e-06,-8.275308862395713e-07,1.1403759848687475e-06,-8.22821321990818e-07,2.357250340561355e-17,2,9.893413147544739e-09,1.1368683772161603e-13,4.440892098500626e-16,3.7750432538579965e-16,0.0
7.5625,0.0625,0.019679156250000003,4.884472912903909e-09,1.9628656417788604e-06,1.139512560168753e-06,-8.233530816101074e-07,1.1442556309051256e-06,-8.186100108737348e-07,2.3688573389166992e-17,2,9.89986410931386e-09,1.1368683772161603e-13,4.440892098500626e-16,3.7750426714277266e-16,0.0
7.625,0.0625,0.0196795625,4.884180007076324e-09,1.962535638061287e-06,1.1433136953388792e-06,-8.192219427224076e-07,1.1480900205442867e-06,-8.144456175170001e-07,2.3836168880226054e-17,2,9.905931935294094e-09,5.684341886080802e-14,4.440892098500626e-16,1.887521043340149e-16,0.0
7.6875,0.0625,0.019679968750000002,4.883888481441865e-09,1.9622072772608045e-06,1.1470704742973897e-06,-8.151368029634148e-07,1.1518798033190153e-06,-8.103274739417892e-07,2.3981712963365984e-17,2,9.911626378032788e-09,5.684341886080802e-14,4.440892098500626e-16,1.8875207498130408e-16,0.0
7.75,0.0625,0.019680375,4.883598320993412e-09,1.9618805411935405e-06,1.1507835348245858e-06,-8.110970063689547e-07,1.155625618407286e-06,-8.062549227862545e-07,2.407445645364543e-17,2,9.916956145161512e-09,5.684341886080802e-14,4.440892098500626e-16,1.88752045513766e-16,0.0
7.8125,0.0625,0.01968078125,4.88330951093084e-09,1.961555411933625e-06,1.1544535044911277e-06,-8.071019074424971e-07,1.1593280948073424e-06,-8.022273171262825e-07,2.4202259167007323e-17,2,9.9219297701592e-09,5.684341886080802e-14,4.440892098500626e-16,1.8875201593190665e-16,0.0
7.875,0.0625,0.019681187500000002,4.8830220366578664e-09,1.961231871809099e-06,1.1580810008321687e-06,-8.031508709769304e-07,1.162987851509916e-06,-7.982440202991831e-07,2.434510995007278e-17,2,9.926554219131103e-09,1.1368683772161603e-13,4.440892098500626e-16,3.7750397247245164e-16,0.0
7.9375,0.0625,0.01968159375,4.8827358837789625e-09,1.960909903397892e-06,1.1616666315182616e-06,-7.992432718796306e-07,1.1666054976672912e-06,-7.94304405730601e-07,2.4476188298660383e-17,2,9.930839592929839e-09,1.1368683772161603e-13,4.440892098500626e-16,3.7750391285443447e-16,0.0
8.0,0.0625,0.019682,4.882451038096302e-09,1.960589489523865e-06,1.1652109945232565e-06,-7.953784950006087e-07,1.1701816327594355e-06,-7.904078567644297e-07,2.4598465445530422e-17,2,9.934793031813291e-09,1.1368683772161603e-13,8.881784197001252e-16,3.7750385301073766e-16,0.0
8.0625,0.0625,0.019682406250000003,4.8821674856067694e-09,1.960270613252923e-06,1.168714678289207e-06,-7.91555934963716e-07,1.1737168467572021e-06,-7.865537664957208e-07,2.4717083145370526e-17,2,9.938422024344605e-09,5.684341886080802e-14,4.440892098500626e-16,1.8875189647116274e-16,0.0
8.125,0.0625,0.0196828125,4.881885212499007e-09,1.959953257889189e-06,1.172178261888268e-06,-7.87774996000921e-07,1.1772117202825968e-06,-7.827415376065922e-07,2.4835753784769834e-17,2,9.941734233239558e-09,1.1368683772161603e-13,4.440892098500626e-16,3.775037326501508e-16,0.0
8.1875,0.0625,0.019683218750000002,4.8816042051505045e-09,1.95963740697125e-06,1.175602315181969e-06,-7.840350917892811e-07,1.1806668247664845e-06,-7.789705822047656e-07,2.4917042477926645e-17,2,9.944737669519195e-09,1.1368683772161603e-13,8.881784197001252e-16,3.7750367213515553e-16,0.0
8.25,0.0625,0.019683625,4.881324450124753e-09,1.959323044268458e-06,1.178987398977237e-06,-7.803356452912209e-07,1.1840827226031025e-06,-7.752403216653554e-07,2.5084212371001162e-17,2,9.947438080220343e-09,1.1368683772161603e-13,8.881784197001252e-16,3.7750361139827056e-16,0.0
8.3125,0.0625,0.01968403125,4.88104593416842e-09,1.9590101537772934e-06,1.1823340651801441e-06,-7.766760885971493e-07,1.1874599673023666e-06,-7.715501864749268e-07,2.5177670545329853e-17,2,9.949844521279835e-09,1.1368683772161603e-13,4.440892098500626e-16,3.7750355044041623e-16,0.0
8.375,0.0625,0.019684437500000002,4.880768644208587e-09,1.958698719717798e-06,1.1856428569465076e-06,-7.730558627712902e-07,1.1907991036390806e-06,-7.678996160787173e-07,2.529509048764298e-17,2,9.95196256558187e-09,1.1368683772161603e-13,4.440892098500626e-16,3.7750348926250226e-16,0.0
8.4375,0.0625,0.01968484375,4.880492567350021e-09,1.9583887265300577e-06,1.1889143088300533e-06,-7.694744177000044e-07,1.1941006677997701e-06,-7.642880587302876e-07,2.5405813575716878e-17,2,9.9537991792317e-09,5.684341886080802e-14,8.881784197001252e-16,3.48305262627491e-16,0.0
8.5,0.0625,0.01968525,4.880217690872497e-09,1.9580801588707513e-06,1.1921489469279363e-06,-7.65931211942815e-07,1.1973651875269273e-06,-7.60714971343824e-07,2.5531617820718843e-17,2,9.955361502487213e-09,5.684341886080802e-14,8.881784197001252e-16,3.483052626274909e-16,0.0
8.5625,0.0625,0.019685656250000003,4.879944002228151e-09,1.957773001609753e-06,1.1953472890236398e-06,-7.624257125861133e-07,1.2005931822606812e-06,-7.571798193490719e-07,2.562548627663136e-17,2,9.956655630690502e-09,1.1368683772161603e-13,4.440892098500626e-16,3.775033044173476e-16,0.0
8.625,0.0625,0.0196860625,4.879671489038888e-09,1.9574672398267933e-06,1.1985098447272582e-06,-7.58957395099535e-07,1.2037851632779112e-06,-7.536820765488821e-07,2.573262270956923e-17,2,9.957688181641557e-09,1.1368683772161603e-13,4.440892098500626e-16,3.7750324236809036e-16,0.0
8.6875,0.0625,0.01968646875,4.879400139093822e-09,1.957162858808177e-06,1.2016371156135497e-06,-7.555257431946271e-07,1.2069416338291694e-06,-7.502212249790074e-07,2.5877425638880312e-17,2,9.958464554071951e-09,1.1368683772161603e-13,4.440892098500626e-16,3.77503180103172e-16,0.0
8.75,0.0625,0.019686875000000003,4.879129940346755e-09,1.9568598440435496e-06,1.204729595357337e-06,-7.521302486862127e-07,1.210063089273005e-06,-7.467967547705447e-07,2.5949860190760355e-17,2,9.958992062392196e-09,1.1368683772161603e-13,4.440892098500626e-16,3.7750311762344347e-16,0.0
8.8125,0.0625,0.01968728125,4.878860880913711e-09,1.9565581812227322e-06,1.207787769866517e-06,-7.487704113562153e-07,1.2131500172079408e-06,-7.434081640147914e-07,2.6082639222687367e-17,2,9.959275408723343e-09,1.1368683772161603e-13,8.881784197001252e-16,3.7750305492974643e-16,0.0
8.875,0.0625,0.019687687500000002,4.878592949070485e-09,1.9562578562325904e-06,1.2108121174129408e-06,-7.454457388196496e-07,1.2162028976023613e-06,-7.400549586302291e-07,2.6167494718645507e-17,2,9.959320862560113e-09,5.684341886080802e-14,4.440892098500626e-16,1.887514960114568e-16,0.0
8.9375,0.0625,0.01968809375,4.878326133250248e-09,1.95595885515397e-06,1.213803108760678e-06,-7.421557463932923e-07,1.2192222029218293e-06,-7.367366522321409e-07,2.627375764885652e-17,2,9.959134170939343e-09,1.1368683772161603e-13,4.440892098500626e-16,3.775029289037686e-16,0.0
9.0,0.0625,0.0196885,4.878060422041189e-09,1.9556611642586774e-06,1.216761207292325e-06,-7.388999569663524e-07,1.2222083982544905e-06,-7.334527660041869e-07,2.637997425695323e-17,2,9.958720906745235e-09,1.1368683772161603e-13,4.440892098500626e-16,3.775028655731266e-16,0.0
9.0625,0.0625,0.019688906250000002,4.877795804184183e-09,1.9553647700065114e-06,1.2196868691328447e-06,-7.356779008736667e-07,1.2251619414340386e-06,-7.302028285724728e-07,2.6473670659298335e-17,2,9.958086642861988e-09,1.1368683772161603e-13,4.440892098500626e-16,3.7750280203179405e-16,0.0
9.125,0.0625,0.0196893125,4.877532268570508e-09,1.9550696590423443e-06,1.222580543271406e-06,-7.324891157709382e-07,1.2280832831607317e-06,-7.269863758816126e-07,2.6584572418384545e-17,2,9.957235733105388e-09,1.1368683772161603e-13,4.440892098500626e-16,3.77502738280569e-16,0.0
9.1875,0.0625,0.01968971875,4.877269804239593e-09,1.9547758181932523e-06,1.2254426716809843e-06,-7.293331465122681e-07,1.2309728671201924e-06,-7.2380295107306e-07,2.6668157364921803e-17,2,9.956174621122792e-09,1.1368683772161603e-13,4.440892098500626e-16,3.775026743202413e-16,0.0
9.25,0.0625,0.019690125000000003,4.8770084003767955e-09,1.954483234465693e-06,1.2282736894358394e-06,-7.262095450298534e-07,1.2338311301001312e-06,-7.206521043655617e-07,2.676154936480149e-17,2,9.954907486577354e-09,1.1368683772161603e-13,4.440892098500626e-16,3.775026101515925e-16,0.0
9.3125,0.0625,0.01969053125,4.876748046311225e-09,1.9541918950427275e-06,1.2310740248270838e-06,-7.231178702156437e-07,1.2366585021051881e-06,-7.175333929375394e-07,2.685902432818474e-17,2,9.953439728200641e-09,1.1368683772161603e-13,8.881784197001252e-16,3.775025457753964e-16,0.0
9.375,0.0625,0.019690937500000002,4.876488731513596e-09,1.9539017872812965e-06,1.2338440994759973e-06,-7.200576878052992e-07,1.2394554064695546e-06,-7.14446380811742e-07,2.6956565466016992e-17,2,9.951775873961069e-09,1.7053025658242404e-13,8.881784197001252e-16,5.662537217886281e-16,0.0
9.4375,0.0625,0.01969134375,4.87623044559411e-09,1.9536128987095297e-06,1.2365843284456025e-06,-7.170285702639272e-07,1.2422222599678892e-06,-7.113906387416405e-07,2.7060320384610743e-17,2,9.94992010352179e-09,1.1368683772161603e-13,4.440892098500626e-16,3.775024164034176e-16,0.0
9.5,0.0625,0.01969175,4.875973178300379e-09,1.953325217024109e-06,1.239295120350042e-06,-7.140300966740669e-07,1.2449594729240635e-06,-7.083657441000455e-07,2.71859922807147e-17,2,9.947878338072268e-09,1.1368683772161603e-13,8.881784197001252e-16,3.775023514091434e-16,0.0
9.5625,0.0625,0.019692156250000002,4.875716919515377e-09,1.9530387300876716e-06,1.241976877462272e-06,-7.110618526253995e-07,1.2476674493182518e-06,-7.053712807694198e-07,2.7250353549816225e-17,2,9.945654583123023e-09,1.1368683772161603e-13,4.440892098500626e-16,3.7750228621033923e-16,0.0
9.625,0.0625,0.0196925625,4.875461659255422e-09,1.952753425926258e-06,1.2446299958196702e-06,-7.08123430106588e-07,1.2503465868919705e-06,-7.024068390342877e-07,2.7340847108829527e-17,2,9.943252844184575e-09,5.684341886080802e-14,4.440892098500626e-16,1.8875111040387036e-16,0.0
9.6875,0.0625,0.01969296875,4.875207387668195e-09,1.9524692927267995e-06,1.2472548653279595e-06,-7.0521442739884e-07,1.2529972772514533e-06,-6.994720154753463e-07,2.739923944263087e-17,2,9.940678171683233e-09,1.1368683772161603e-13,4.440892098500626e-16,3.7750215520207626e-16,0.0
9.75,0.0625,0.019693375000000003,4.874954095030788e-09,1.952186318834651e-06,1.2498518698631572e-06,-7.023344489714937e-07,1.2556199059690777e-06,-6.965664128655732e-07,2.752934502681811e-17,2,9.93793370036636e-09,1.1368683772161603e-13,4.440892098500626e-16,3.775020893940672e-16,0.0
9.8125,0.0625,0.01969378125,4.874701771747779e-09,1.951904492751158e-06,1.2524213873719341e-06,-6.994831053792237e-07,1.2582148526832328e-06,-6.93689640067925e-07,2.7592634269845768e-17,2,9.935024828965526e-09,1.1368683772161603e-13,4.440892098500626e-16,3.7750202338442786e-16,0.0
9.875,0.0625,0.0196941875,4.874450408349343e-09,1.951623803131273e-06,1.254963789970055e-06,-6.966600131612178e-07,1.260782491196288e-06,-6.908413119349849e-07,2.7710226265726306e-17,2,9.931954343922833e-09,1.1368683772161603e-13,8.881784197001252e-16,3.775019571738657e-16,0.0
9.9375,0.0625,0.019694593750000003,4.874199995489388e-09,1.9513442387812007e-06,1.2574794440392293e-06,-6.938647947419714e-07,1.263323189570995e-06,-6.880210492102057e-07,2.7751883081374477e-17,2,9.928727469817222e-09,1.1368683772161603e-13,4.440892098500626e-16,3.775018907630812e-16,0.0
10.0,0.0625,0.019695,4.873950523943724e-09,1.951065788656094e-06,1.2599687103221304e-06,-6.910970783339637e-07,1.265837310225085e-06,-6.852284784310091e-07,2.7853573357159296e-17,2,9.92534699309079e-09,1.1368683772161603e-13,4.440892098500626e-16,3.7750182415276855e-16,0.0
10.0625,0.0625,0.019695406250000002,4.87370198460826e-09,1.9507884418577754e-06,1.2624319440158895e-06,-6.883564978418858e-07,1.2683252100243555e-06,-6.824632318334198e-07,2.7956057726332166e-17,2,9.921817267559322e-09,1.1368683772161603e-13,4.440892098500626e-16,3.7750175734361503e-16,0.0
10.125,0.0625,0.0196958125,4.873454368497225e-09,1.9505121876325024e-06,1.2648694948639707e-06,-6.856426927685317e-07,1.270787240374166e-06,-6.797249472583364e-07,2.8031364249298993e-17,2,9.918141950428077e-09,1.1368683772161603e-13,8.881784197001252e-16,3.775016903363016e-16,0.0
10.1875,0.0625,0.01969621875,4.873207666741423e-09,1.9502370153687733e-06,1.2672817072463222e-06,-6.82955308122451e-07,1.2732237473092267e-06,-6.770132680595465e-07,2.811363232430107e-17,2,9.914324698902311e-09,1.1368683772161603e-13,8.881784197001252e-16,3.775016231315028e-16,0.0
10.25,0.0625,0.019696625000000002,4.872961870586508e-09,1.9499629145951604e-06,1.2696689202680383e-06,-6.802939943271221e-07,1.275635071581915e-06,-6.743278430132454e-07,2.81827846235105e-17,2,9.91036882188202e-09,1.1368683772161603e-13,8.881784197001252e-16,3.7750155572988713e-16,0.0
10.3125,0.0625,0.01969703125,4.872716971391301e-09,1.9496898749781846e-06,1.2720314678465315e-06,-6.776584071316532e-07,1.278021548749126e-06,-6.716683262290586e-07,2.829060927071801e-17,2,9.906277802419828e-09,5.684341886080802e-14,8.881784197001252e-16,3.4830526262749003e-16,0.0
10.375,0.0625,0.0196974375,4.8724729606261085e-09,1.9494178863202223e-06,1.2743696787971217e-06,-6.750482075231006e-07,1.280383509257554e-06,-6.690343770626683e-07,2.834686416981652e-17,2,9.902055297720996e-09,1.1368683772161603e-13,8.881784197001252e-16,3.7750142033884728e-16,0.0
10.4375,0.0625,0.019697843750000003,4.872229829871097e-09,1.949146938557449e-06,1.2766838769171346e-06,-6.724630616403142e-07,1.2827212785275013e-06,-6.664256600299475e-07,2.843110424339892e-17,2,9.897704268380252e-09,1.1368683772161603e-13,8.881784197001252e-16,3.7750135235072935e-16,0.0
10.5,0.0625,0.01969825,4.871987570814665e-09,1.9488770217578133e-06,1.2789743810686083e-06,-6.699026406892051e-07,1.2850351770353115e-06,-6.638418447225018e-07,2.849506184836152e-17,2,9.893228197450227e-09,1.1368683772161603e-13,8.881784197001252e-16,3.7750128416840703e-16,0.0
10.5625,0.0625,0.019698656250000002,4.871746175251863e-09,1.948608126119048e-06,1.2812415052594494e-06,-6.673666208595985e-07,1.2873255203942716e-06,-6.612826057247763e-07,2.8592000798707834e-17,2,9.888629871373019e-09,1.1368683772161603e-13,8.881784197001252e-16,3.775012157925187e-16,0.0
10.625,0.0625,0.0196990625,4.87150563508282e-09,1.9483402419667088e-06,1.2834855587233947e-06,-6.64854683243314e-07,1.289592619434328e-06,-6.587476225323808e-07,2.866976901117762e-17,2,9.883912599048623e-09,1.1368683772161603e-13,8.881784197001252e-16,3.7750114722369704e-16,0.0
10.6875,0.0625,0.01969946875,4.87126594231121e-09,1.948073359752249e-06,1.2857068459983712e-06,-6.623665137538779e-07,1.291836780280223e-06,-6.562365794720262e-07,2.8732429596939736e-17,2,9.879080037682298e-09,1.1368683772161603e-13,8.881784197001252e-16,3.775010784625691e-16,0.0
10.75,0.0625,0.019699875000000002,4.871027089042734e-09,1.9478074700511244e-06,1.2879056670035695e-06,-6.599018030475549e-07,1.294058304428355e-06,-6.537491656227695e-07,2.8833041229205786e-17,2,9.874134277105619e-09,1.1368683772161603e-13,8.881784197001252e-16,3.7750100950975636e-16,0.0
10.8125,0.0625,0.01970028125,4.870789067483624e-09,1.9475425635609276e-06,1.2900823171152474e-06,-6.574602464456802e-07,1.2962574888223793e-06,-6.512850747385482e-07,2.8879667745974175e-17,2,9.86907845206595e-09,1.1368683772161603e-13,8.881784197001252e-16,3.7750094036587497e-16,0.0
10.875,0.0625,0.0197006875,4.870551869939178e-09,1.9472786310995565e-06,1.292237087241205e-06,-6.550415438583515e-07,1.2984346259275047e-06,-6.488440051720518e-07,2.896364973920546e-17,2,9.863915523158022e-09,1.1368683772161603e-13,8.881784197001252e-16,3.775008710315355e-16,0.0
10.9375,0.0625,0.019701093750000002,4.870315488812314e-09,1.9470156636034075e-06,1.2943702638939165e-06,-6.52645399709491e-07,1.3005900038034448e-06,-6.464256597999628e-07,2.906007914629444e-17,2,9.858648102671308e-09,1.1368683772161603e-13,8.881784197001252e-16,3.7750080150734326e-16,0.0
11.0,0.0625,0.0197015,4.870079916602138e-09,1.9467536521256016e-06,1.2964821292624736e-06,-6.50271522863128e-07,1.3027239061762038e-06,-6.440297459493978e-07,2.910609685813199e-17,2,9.853279499505798e-09,1.1368683772161603e-13,4.440892098500626e-16,3.775007317938984e-16,0.0
11.0625,0.0625,0.01970190625,4.869845145902554e-09,1.946492587834238e-06,1.2985729612831875e-06,-6.479196265510504e-07,1.3048366125085273e-06,-6.416559753257106e-07,2.9177287330370755e-17,2,9.847811455187809e-09,5.684341886080802e-14,4.440892098500626e-16,1.8875033094589792e-16,0.0
11.125,0.0625,0.019702312500000003,4.8696111694008745e-09,1.9462324620106768e-06,1.3006430337091364e-06,-6.455894283015403e-07,1.3069283980693138e-06,-6.39304063941363e-07,2.9224727792861896e-17,2,9.842247452769965e-09,5.684341886080802e-14,4.440892098500626e-16,1.887502959008127e-16,0.0
11.1875,0.0625,0.01970271875,4.869377979876473e-09,1.945973266047851e-06,1.3026926161783897e-06,-6.432806498694612e-07,1.3089995340017062e-06,-6.369737320461447e-07,2.9317061001557515e-17,2,9.836588711320685e-09,1.1368683772161603e-13,4.440892098500626e-16,3.7750052152397196e-16,0.0
11.25,0.0625,0.019703125000000002,4.8691455701994334e-09,1.945714991448599e-06,1.304721974281058e-06,-6.409930171675409e-07,1.31105028739003e-06,-6.346647040585688e-07,2.937467909430551e-17,2,9.830839062197861e-09,1.1368683772161603e-13,8.881784197001252e-16,3.775004510594154e-16,0.0
11.3125,0.0625,0.01970353125,4.8689139333292454e-09,1.9454576298240337e-06,1.3067313696252654e-06,-6.387262601987682e-07,1.3130809213256527e-06,-6.323767084983809e-07,2.943955652410927e-17,2,9.825000421080434e-09,1.1368683772161603e-13,8.881784197001252e-16,3.775003804085307e-16,0.0
11.375,0.0625,0.0197039375,4.868683062313503e-09,1.94520117289193e-06,1.3087210599019858e-06,-6.364801129899442e-07,1.3150916949717273e-06,-6.301094779202027e-07,2.950727945522021e-17,2,9.819075226105245e-09,1.1368683772161603e-13,4.440892098500626e-16,3.775003095718882e-16,0.0
11.4375,0.0625,0.019704343750000002,4.868452950286631e-09,1.9449456124751458e-06,1.3106912989486815e-06,-6.342543135264642e-07,1.3170828636267348e-06,-6.27862748848411e-07,2.957830449133646e-17,2,9.813065392951238e-09,1.1368683772161603e-13,8.881784197001252e-16,3.775002385500534e-16,0.0
11.5,0.0625,0.01970475,4.868223590468628e-09,1.9446909405000594e-06,1.3126423368118906e-06,-6.320486036881688e-07,1.3190546787869981e-06,-6.256362617130613e-07,2.9623878834365684e-17,2,9.806973882213143e-09,1.1368683772161603e-13,4.440892098500626e-16,3.775001673435869e-16,0.0
11.5625,0.0625,0.01970515625,4.867994976163831e-09,1.94443714899504e-06,1.3145744198088052e-06,-6.298627291862349e-07,1.3210073882081832e-06,-6.23429760786857e-07,2.9732021118928417e-17,2,9.800802087112014e-09,1.1368683772161603e-13,8.881784197001252e-16,3.77500095953045e-16,0.0
11.625,0.0625,0.019705562500000003,4.867767100759697e-09,1.94418423008894e-06,1.316487790587765e-06,-6.276964395011748e-07,1.3229412359657315e-06,-6.212429941232083e-07,2.9761654037192516e-17,2,9.794552968242582e-09,1.1368683772161603e-13,8.881784197001252e-16,3.7750002437897923e-16,0.0
11.6875,0.0625,0.01970596875,4.867539957725609e-09,1.943932176009609e-06,1.3183826881876123e-06,-6.255494878219968e-07,1.3248564625141562e-06,-6.190757134954529e-07,2.983440622642778e-17,2,9.78822844128379e-09,1.1368683772161603e-13,4.440892098500626e-16,3.774999526219368e-16,0.0
11.75,0.0625,0.019706375,4.867313540611689e-09,1.9436809790824377e-06,1.3202593480961967e-06,-6.234216309862411e-07,1.3267533047454995e-06,-6.169276743369383e-07,2.988731269840667e-17,2,9.781830247761953e-09,1.1368683772161603e-13,8.881784197001252e-16,3.7749988068246047e-16,0.0
11.8125,0.0625,0.019706781250000003,4.867087843047646e-09,1.943430631728919e-06,1.3221180023077547e-06,-6.213126294211643e-07,1.32863199604667e-06,-6.147986356822491e-07,2.995657087673451e-17,2,9.775360825813907e-09,1.1368683772161603e-13,4.440892098500626e-16,3.7749980856108853e-16,0.0
11.875,0.0625,0.0197071875,4.866862858741625e-09,1.943181126465236e-06,1.3239588793793962e-06,-6.192222470858399e-07,1.3304927663558926e-06,-6.126883601093435e-07,3.0019006469370014e-17,2,9.768821916965971e-09,1.1368683772161603e-13,4.440892098500626e-16,3.774997362583551e-16,0.0
11.9375,0.0625,0.019707593750000002,4.8666385814790866e-09,1.94293245590087e-06,1.3257822044865435e-06,-6.171502514143266e-07,1.332335842218119e-06,-6.105966136827511e-07,3.008476401934553e-17,2,9.762215262744453e-09,1.1368683772161603e-13,4.440892098500626e-16,3.7749966377478984e-16,0.0
12.0,0.0625,0.019708,4.866415005121694e-09,1.9426846127372347e-06,1.3275881994775162e-06,-6.150964132597186e-07,1.3341614468395913e-06,-6.085231658976434e-07,3.011268301938042e-17,2,9.755543649591456e-09,5.684341886080802e-14,4.440892098500626e-16,1.8874979555545922e-16,0.0
12.0625,0.0625,0.01970840625,4.86619212360623e-09,1.9424375897663295e-06,1.3293770829271034e-06,-6.13060506839226e-07,1.335969800141396e-06,-6.064677896249335e-07,3.0193865833418824e-17,2,9.7488077741175e-09,1.1368683772161603e-13,4.440892098500626e-16,3.7749951826726225e-16,0.0
12.125,0.0625,0.019708812500000002,4.865969930943512e-09,1.942191379869412e-06,1.3311490701892671e-06,-6.110423096801448e-07,1.3377611188121554e-06,-6.044302610572565e-07,3.025710875433218e-17,2,9.742010248612065e-09,1.1368683772161603e-13,4.440892098500626e-16,3.7749944524433854e-16,0.0
12.1875,0.0625,0.01970921875,4.865748421217345e-09,1.9419459760156967e-06,1.332904373448987e-06,-6.090416025667097e-07,1.3395356163598696e-06,-6.02410359655827e-07,3.030519110897866e-17,2,9.73515246629619e-09,1.1368683772161603e-13,4.440892098500626e-16,3.774993720426609e-16,0.0
12.25,0.0625,0.019709625,4.865527588583474e-09,1.9417013712610737e-06,1.3346432017731126e-06,-6.070581694879611e-07,1.3412935031627635e-06,-6.004078680983102e-07,3.0370280297019233e-17,2,9.72823634284883e-09,1.1368683772161603e-13,4.440892098500626e-16,3.7749929866273837e-16,0.0
12.3125,0.0625,0.019710031250000003,4.86530742726856e-09,1.941457558746843e-06,1.3363657611604666e-06,-6.050917975863763e-07,1.3430349865193995e-06,-5.984225722274434e-07,3.0413498829663904e-17,2,9.72126361979629e-09,1.1368683772161603e-13,4.440892098500626e-16,3.774992251050765e-16,0.0
12.375,0.0625,0.0197104375,4.865087931569174e-09,1.9412145316984736e-06,1.3380722545910476e-06,-6.031422771074259e-07,1.3447602706978847e-06,-5.964542610005888e-07,3.045539387332849e-17,2,9.714236038664886e-09,1.1368683772161603e-13,8.881784197001252e-16,3.774991513701768e-16,0.0
12.4375,0.0625,0.019710843750000002,4.864869095850799e-09,1.9409722834243848e-06,1.3397628820743518e-06,-6.012094013500329e-07,1.3464695569842087e-06,-5.94502726440176e-07,3.054710504220347e-17,2,9.707154121912512e-09,1.7053025658242404e-13,4.440892098500626e-16,5.662486161878054e-16,0.0
12.5,0.0625,0.01971125,4.864650914546853e-09,1.940730807314736e-06,1.3414378406969944e-06,-5.992929666177414e-07,1.3481630437298812e-06,-5.925677635848545e-07,3.0596193248474816e-17,2,9.700021352591795e-09,1.1368683772161603e-13,4.440892098500626e-16,3.7749900337065075e-16,0.0
12.5625,0.0625,0.01971165625,4.86443338215773e-09,1.940490096840248e-06,1.3430973246694308e-06,-5.973927721708174e-07,1.3498409263986766e-06,-5.906491704415716e-07,3.06536326702105e-17,2,9.692837904855366e-09,1.1368683772161603e-13,4.440892098500626e-16,3.774989291070085e-16,0.0
12.625,0.0625,0.019712062500000002,4.864216493249843e-09,1.940250145551039e-06,1.344741525371867e-06,-5.955086201791722e-07,1.3515033976125677e-06,-5.887467479384715e-07,3.0703574526874e-17,2,9.685606390992695e-09,1.1368683772161603e-13,8.881784197001252e-16,3.7749885466809657e-16,0.0
12.6875,0.0625,0.01971246875,4.864000242454698e-09,1.9400109470754737e-06,1.3463706313995092e-06,-5.936403156759644e-07,1.3531506471970074e-06,-5.868602998784663e-07,3.074975105738916e-17,2,9.678326985156412e-09,1.1368683772161603e-13,4.440892098500626e-16,3.774987800543979e-16,0.0
12.75,0.0625,0.019712875,4.8637846244679725e-09,1.939772495119038e-06,1.347984828606927e-06,-5.917876665121112e-07,1.354782862225322e-06,-5.849896328937161e-07,3.0813768219355864e-17,2,9.671001951330723e-09,1.1368683772161603e-13,4.440892098500626e-16,3.7749870526639153e-16,0.0
12.8125,0.0625,0.019713281250000003,4.863569634048604e-09,1.939534783463228e-06,1.3495843001517262e-06,-5.899504833115016e-07,1.3564002270624233e-06,-5.831345564008045e-07,3.085863449578074e-17,2,9.663632856889314e-09,1.1368683772161603e-13,4.440892098500626e-16,3.7749863030455333e-16,0.0
12.875,0.0625,0.0197136875,4.8633552660179086e-09,1.9392978059644556e-06,1.3511692265375072e-06,-5.881285794269484e-07,1.3580029234078011e-06,-5.812948825566545e-07,3.088640129458292e-17,2,9.65622074674797e-09,5.684341886080802e-14,4.440892098500626e-16,1.8874927758467763e-16,0.0
12.9375,0.0625,0.01971409375,4.863141515258695e-09,1.939061556552977e-06,1.3527397856559893e-06,-5.863217708969878e-07,1.359591130337697e-06,-5.7947042621528e-07,3.0963858487142385e-17,2,9.64876683997511e-09,1.1368683772161603e-13,4.440892098500626e-16,3.7749847986126624e-16,0.0
13.0,0.0625,0.019714500000000003,4.862928376714406e-09,1.9388260292318285e-06,1.3542961528286313e-06,-5.845298764031972e-07,1.3611650243467638e-06,-5.776610048850647e-07,3.099312744593696e-17,2,9.641272878097048e-09,1.1368683772161603e-13,4.440892098500626e-16,3.774984043807513e-16,0.0
13.0625,0.0625,0.01971490625,4.86271584538826e-09,1.9385912180757888e-06,1.3558385008472844e-06,-5.827527172285044e-07,1.3627247793887706e-06,-5.758664386870181e-07,3.1050566867672644e-17,2,9.63373973187694e-09,5.684341886080802e-14,4.440892098500626e-16,1.8874916436413621e-16,0.0
13.125,0.0625,0.019715312500000002,4.862503916342424e-09,1.9383571172303507e-06,1.3573670000143977e-06,-5.80990117215953e-07,1.3642705669168553e-06,-5.740865503134954e-07,3.1079776269463116e-17,2,9.626169491146364e-09,1.1368683772161603e-13,4.440892098500626e-16,3.774982529042881e-16,0.0
13.1875,0.0625,0.01971571875,4.862292584697175e-09,1.9381237209107148e-06,1.3588818181823714e-06,-5.792419027283434e-07,1.3658025559229347e-06,-5.723211649877801e-07,3.1150602782232357e-17,2,9.618561807600054e-09,1.1368683772161603e-13,8.881784197001252e-16,3.7749817690925363e-16,0.0
13.25,0.0625,0.019716125,4.862081845630098e-09,1.937891023400793e-06,1.3603831207924301e-06,-5.775079026083628e-07,1.3673209129766286e-06,-5.705701104241643e-07,3.117920337909199e-17,2,9.610919815985376e-09,1.1368683772161603e-13,4.440892098500626e-16,3.7749810074362093e-16,0.0
13.3125,0.0625,0.019716531250000002,4.8618716943752814e-09,1.9376590190522325e-06,1.3618710709126178e-06,-5.757879481396147e-07,1.3688258022633162e-06,-5.688332167889163e-07,3.125001003952653e-17,2,9.603243342149698e-09,1.1368683772161603e-13,4.440892098500626e-16,3.774980244078387e-16,0.0
13.375,0.0625,0.0197169375,4.8616621262225285e-09,1.9374277022834517e-06,1.3633458292753904e-06,-5.740818730080614e-07,1.3703173856217852e-06,-5.671103166616665e-07,3.129088599667645e-17,2,9.595534475924595e-09,5.684341886080802e-14,4.440892098500626e-16,1.887489739511763e-16,0.0
13.4375,0.0625,0.01971734375,4.861453136516582e-09,1.937197067578696e-06,1.3648075543143768e-06,-5.723895132643194e-07,1.371795822581056e-06,-5.654012449976403e-07,3.1349437149155403e-17,2,9.58779356561533e-09,1.1368683772161603e-13,8.881784197001252e-16,3.774978712276048e-16,0.0
13.5,0.0625,0.019717750000000003,4.8612447206563624e-09,1.936967109487101e-06,1.3662564022006845e-06,-5.707107072864164e-07,1.3732612703967485e-06,-5.637058390903525e-07,3.140040470977847e-17,2,9.580022004442953e-09,1.1368683772161603e-13,8.881784197001252e-16,3.7749779438403485e-16,0.0
13.5625,0.0625,0.01971815625,4.861036874094211e-09,1.9367378226217753e-06,1.3676925268784789e-06,-5.690452957432965e-07,1.3747138840867287e-06,-5.620239385350467e-07,3.1415757181947455e-17,2,9.572221185628517e-09,5.684341886080802e-14,8.881784197001252e-16,3.483052626274894e-16,0.0
13.625,0.0625,0.0197185625,4.860829592335151e-09,1.9365092016589025e-06,1.3691160800999684e-06,-5.673931215589342e-07,1.3761538164661585e-06,-5.60355385192744e-07,3.146462701253709e-17,2,9.564391979935176e-09,1.1368683772161603e-13,8.881784197001252e-16,3.774976401921698e-16,0.0
13.6875,0.0625,0.01971896875,4.86062287093616e-09,1.9362812413368443e-06,1.3705272114599526e-06,-5.657540298768917e-07,1.377581218182112e-06,-5.587000231547322e-07,3.1503246420975964e-17,2,9.556535258126087e-09,5.684341886080802e-14,8.881784197001252e-16,3.483052626274894e-16,0.0
13.75,0.0625,0.019719375,4.860416705505445e-09,1.9360539364552673e-06,1.3719260684296266e-06,-5.641278680256406e-07,1.3789962377474507e-06,-5.570576987078165e-07,3.155190449332878e-17,2,9.548652239269672e-09,1.1368683772161603e-13,4.440892098500626e-16,3.774974853302108e-16,0.0
13.8125,0.0625,0.019719781250000002,4.8602110917017436e-09,1.9358272818742845e-06,1.3733127963899334e-06,-5.625144854843511e-07,1.3803990215742446e-06,-5.554282603000399e-07,3.1580154365608694e-17,2,9.540743794129083e-09,1.1368683772161603e-13,4.440892098500626e-16,3.774974076490121e-16,0.0
13.875,0.0625,0.0197201875,4.860006025233618e-09,1.9356012725136023e-06,1.3746875386642166e-06,-5.609137338493857e-07,1.3817897140064968e-06,-5.538115585071056e-07,3.163625706347449e-17,2,9.53281096762011e-09,5.684341886080802e-14,4.440892098500626e-16,1.8874866490078174e-16,0.0
13.9375,0.0625,0.01972059375,4.859801501858774e-09,1.9353759033516873e-06,1.3760504365505151e-06,-5.593254668011722e-07,1.3831684573525137e-06,-5.522074459991736e-07,3.1682943137246983e-17,2,9.524854804658542e-09,5.684341886080802e-14,8.881784197001252e-16,3.483052626274894e-16,0.0
14.0,0.0625,0.019721000000000002,4.859597517383382e-09,1.935151169424942e-06,1.3774016293531882e-06,-5.577495400717537e-07,1.3845353919166017e-06,-5.506157775083403e-07,3.1712450324057975e-17,2,9.516876350160165e-09,5.684341886080802e-14,4.440892098500626e-16,1.8874858680479354e-16,0.0
14.0625,0.0625,0.01972140625,4.8593940676614134e-09,1.9349270658269e-06,1.3787412544140508e-06,-5.561858114128491e-07,1.3858906560302782e-06,-5.490364097966218e-07,3.176527738669806e-17,2,9.508875778277613e-09,5.684341886080802e-14,4.440892098500626e-16,1.8874854763294392e-16,0.0
14.125,0.0625,0.0197218125,4.859191148593984e-09,1.9347035877074227e-06,1.3800694471430397e-06,-5.54634140564383e-07,1.387234386083014e-06,-5.474692016244088e-07,3.1816628759125354e-17,2,9.500854830537196e-09,1.1368683772161603e-13,8.881784197001252e-16,3.7749701675759547e-16,0.0
14.1875,0.0625,0.019722218750000003,4.858988756128706e-09,1.9344807302719196e-06,1.3813863410482249e-06,-5.530943892236948e-07,1.3885667165523215e-06,-5.459140137195982e-07,3.1853481309775816e-17,2,9.49281420354944e-09,1.1368683772161603e-13,8.881784197001252e-16,3.7749693808511734e-16,0.0
14.25,0.0625,0.019722625,4.858786886259055e-09,1.934258488780573e-06,1.3826920677655626e-06,-5.515664210150105e-07,1.3898877800335846e-06,-5.443707087469885e-07,3.18859464944573e-17,2,9.484754419772238e-09,1.1368683772161603e-13,4.440892098500626e-16,3.77496859248858e-16,0.0
14.3125,0.0625,0.019723031250000002,4.858585535023742e-09,1.934036858547579e-06,1.3839867570878718e-06,-5.500501014597072e-07,1.3911977072691144e-06,-5.428391512784646e-07,3.192128365022556e-17,2,9.476676698274014e-09,1.1368683772161603e-13,4.440892098500626e-16,3.774967802492193e-16,0.0
14.375,0.0625,0.0197234375,4.858384698506096e-09,1.9338158349403972e-06,1.3852705369935766e-06,-5.485452979468206e-07,1.3924966271769701e-06,-5.413192077634271e-07,3.1960465541480974e-17,2,9.468581561512657e-09,1.1368683772161603e-13,8.881784197001252e-16,3.774967010866004e-16,0.0
14.4375,0.0625,0.01972384375,4.8581843728334585e-09,1.9335954133790157e-06,1.386543533674782e-06,-5.470518797042336e-07,1.393784666879112e-06,-5.398107464999037e-07,3.19905418285534e-17,2,9.460469880251325e-09,1.1368683772161603e-13,4.440892098500626e-16,3.7749662176139805e-16,0.0
14.5,0.0625,0.019724250000000002,4.85798455417658e-09,1.9333755893352225e-06,1.3878058715650492e-06,-5.455697177701732e-07,1.3950619517292608e-06,-5.383136376059617e-07,3.2018474063478093e-17,2,9.452342351100542e-09,1.1368683772161603e-13,4.440892098500626e-16,3.774965422740063e-16,0.0
14.5625,0.0625,0.01972465625,4.8577852387490365e-09,1.9331563583318936e-06,1.3890576733665692e-06,-5.440986849653244e-07,1.3963286053401472e-06,-5.368277529917464e-07,3.2082001534522166e-17,2,9.444200018976098e-09,5.684341886080802e-14,4.440892098500626e-16,1.887482313124082e-16,0.0
14.625,0.0625,0.0197250625,4.8575864228066426e-09,1.9329377159422863e-06,1.3902990600770354e-06,-5.42638655865251e-07,1.3975847496104702e-06,-5.353529663318161e-07,3.2106922832017163e-17,2,9.436043406335886e-09,1.1368683772161603e-13,4.440892098500626e-16,3.774963828142174e-16,0.0
14.6875,0.0625,0.019725468750000003,4.8573881026468826e-09,1.9327196577893494e-06,1.391530151015889e-06,-5.411895067734604e-07,1.3988305047512172e-06,-5.338891530381322e-07,3.2149380358498285e-17,2,9.427873558095695e-09,5.684341886080802e-14,4.440892098500626e-16,1.8874815142129777e-16,0.0
14.75,0.0625,0.019725875,4.85719027460835e-09,1.9325021795450383e-06,1.3927510638502841e-06,-5.397511156947541e-07,1.4000659893117171e-06,-5.324361902333211e-07,3.218311609260065e-17,2,9.419690648408155e-09,1.1368683772161603e-13,8.881784197001252e-16,3.774962227103348e-16,0.0
14.8125,0.0625,0.01972628125,4.856992935070184e-09,1.9322852769296437e-06,1.3939619146205408e-06,-5.383233623091029e-07,1.4012913202051686e-06,-5.309939567244751e-07,3.2216143760098665e-17,2,9.411495373883794e-09,1.1368683772161603e-13,4.440892098500626e-16,3.774961424178165e-16,0.0
14.875,0.0625,0.0197266875,4.856796080451535e-09,1.9320689457111337e-06,1.3951628177652544e-06,-5.369061279458794e-07,1.4025066127338365e-06,-5.295623329772972e-07,3.2272630269768686e-17,2,9.403288953591026e-09,1.1368683772161603e-13,4.440892098500626e-16,3.7749606196541967e-16,0.0
14.9375,0.0625,0.01972709375,4.85659970721101e-09,1.931853181704496e-06,1.396353886145926e-06,-5.354992955585698e-07,1.4037119806137612e-06,-5.281412010907347e-07,3.2278235245599346e-17,2,9.395072258293013e-09,1.1368683772161603e-13,4.440892098500626e-16,3.77495981353521e-16,0.0
15.0,0.0625,0.019727500000000002,4.856403811846158e-09,1.931637980771101e-06,1.397535231071156e-06,-5.341027496999451e-07,1.404907535999035e-06,-5.267304447720662e-07,3.2308629170026994e-17,2,9.386845287989751e-09,1.1368683772161603e-13,4.440892098500626e-16,3.774959005824945e-16,0.0
15.0625,0.0625,0.01972790625,4.85620839089294e-09,1.9314233388180716e-06,1.3987069623205485e-06,-5.327163764975231e-07,1.4060933895057877e-06,-5.253299493122839e-07,3.2365737719517655e-17,2,9.378608216833873e-09,1.1368683772161603e-13,4.440892098500626e-16,3.774958196527122e-16,0.0
15.125,0.0625,0.0197283125,4.8560134409252115e-09,1.9312092517976556e-06,1.3998691881681845e-06,-5.313400636294711e-07,1.4072696502357448e-06,-5.239396015619108e-07,3.2392882478499195e-17,2,9.370362960504325e-09,5.684341886080802e-14,4.440892098500626e-16,1.8874786928227174e-16,0.0
15.1875,0.0625,0.019728718750000002,4.85581895855422e-09,1.9309957157066165e-06,1.4010220154056042e-06,-5.299737003010123e-07,1.4084364257992876e-06,-5.225592899073289e-07,3.2406269569532753e-17,2,9.362109519001105e-09,1.1368683772161603e-13,8.881784197001252e-16,3.7749565731835557e-16,0.0
15.25,0.0625,0.019729125,4.855624940428104e-09,1.9307827265856327e-06,1.402165549364557e-06,-5.286171772210757e-07,1.4095938223382887e-06,-5.21188904247344e-07,3.2454166635722024e-17,2,9.353848240629474e-09,5.684341886080802e-14,8.881784197001252e-16,3.4830526262748914e-16,0.0
15.3125,0.0625,0.01972953125,4.8554313832314026e-09,1.930570280518699e-06,1.4032998939393607e-06,-5.272703865793381e-07,1.410741944548552e-06,-5.198283359701467e-07,3.247767180000833e-17,2,9.345579647847328e-09,1.1368683772161603e-13,8.881784197001252e-16,3.7749549435337914e-16,0.0
15.375,0.0625,0.019729937500000003,4.855238283684567e-09,1.930358373632543e-06,1.4044251516087375e-06,-5.259332220238054e-07,1.4118808957017285e-06,-5.184774779308144e-07,3.250093873627822e-17,2,9.33730530802835e-09,1.1368683772161603e-13,8.881784197001252e-16,3.774954126353138e-16,0.0
15.4375,0.0625,0.01973034375,4.855045638543484e-09,1.9301470020960514e-06,1.4055414234574996e-06,-5.246055786385518e-07,1.4130107776670887e-06,-5.171362244289627e-07,3.25411397140483e-17,2,9.32902435040938e-09,5.684341886080802e-14,8.881784197001252e-16,3.4830526262748914e-16,0.0
15.5,0.0625,0.019730750000000002,4.85485344459901e-09,1.9299361621197e-06,1.4066488091977775e-06,-5.232873529219227e-07,1.4141316909328271e-06,-5.158044711868731e-07,3.258093702767945e-17,2,9.320738342364105e-09,1.1368683772161603e-13,8.881784197001252e-16,3.7749524872981964e-16,0.0
15.5625,0.0625,0.01973115625,4.854661698676499e-09,1.9297258499549945e-06,1.4077474071898775e-06,-5.21978442765117e-07,1.415243734627003e-06,-5.144821153279914e-07,3.260151066387487e-17,2,9.312447458045152e-09,1.1368683772161603e-13,8.881784197001252e-16,3.774951665431007e-16,0.0
15.625,0.0625,0.0197315625,4.854470397635355e-09,1.9295160618939226e-06,1.4088373144628463e-06,-5.206787474310763e-07,1.4163470065381882e-06,-5.131690553557345e-07,3.2639329361480794e-17,2,9.304152219910418e-09,1.1368683772161603e-13,8.881784197001252e-16,3.7749508420086997e-16,0.0
15.6875,0.0625,0.019731968750000002,4.854279538368575e-09,1.92930679426841e-06,1.4099186267347463e-06,-5.193881675336638e-07,1.4174416031358198e-06,-5.118651911325903e-07,3.265409949849854e-17,2,9.295853324570426e-09,1.1368683772161603e-13,8.881784197001252e-16,3.774950017034771e-16,0.0
15.75,0.0625,0.019732375,4.85408911780231e-09,1.929098043449788e-06,1.4109914384324438e-06,-5.181066050173444e-07,1.4185276195900717e-06,-5.105704238597164e-07,3.268983370096083e-17,2,9.287550597872545e-09,1.1368683772161603e-13,8.881784197001252e-16,3.7749491905126943e-16,0.0
15.8125,0.0625,0.01973278125,4.853899132895426e-09,1.9288898058482654e-06,1.4120558427112442e-06,-5.168339631370213e-07,1.4196051497915682e-06,-5.092846560566972e-07,3.272035997428649e-17,2,9.279245433037824e-09,1.1368683772161603e-13,8.881784197001252e-16,3.774948362445923e-16,0.0
15.875,0.0625,0.019733187500000002,4.853709580639074e-09,1.9286820779124132e-06,1.4131119314741193e-06,-5.155701464382939e-07,1.4206742863706929e-06,-5.080077915417204e-07,3.275113771051836e-17,2,9.270937830066264e-09,1.1368683772161603e-13,8.881784197001252e-16,3.77494753283789e-16,0.0
15.9375,0.0625,0.01973359375,4.853520458056269e-09,1.9284748561286534e-06,1.4141597953906235e-06,-5.143150607380299e-07,1.4217351207165829e-06,-5.067397354120705e-07,3.278562783333937e-17,2,9.26262831141576e-09,1.1368683772161603e-13,8.881784197001252e-16,3.7749467016920075e-16,0.0
16.0,0.0625,0.019734,4.8533317622014645e-09,1.9282681370207546e-06,1.4151995239155383e-06,-5.130686131052163e-07,1.4227877429958545e-06,-5.054803940249001e-07,3.2797228214249816e-17,2,9.254317225391574e-09,1.1368683772161603e-13,8.881784197001252e-16,3.7749458690116667e-16,0.0
16.0625,0.0625,0.019734406250000003,4.853143490160153e-09,1.9280619171493417e-06,1.4162312053071796e-06,-5.118307118421621e-07,1.4238322421709868e-06,-5.042296749783549e-07,3.284988984076739e-17,2,9.246005268604231e-09,1.1368683772161603e-13,8.881784197001252e-16,3.774945034800241e-16,0.0
16.125,0.0625,0.0197348125,4.85295563904845e-09,1.9278561931114035e-06,1.4172549266454268e-06,-5.106012664659767e-07,1.4248687060184332e-06,-5.029874870929703e-07,3.2887708538373317e-17,2,9.237692441053732e-09,1.1368683772161603e-13,8.881784197001252e-16,3.774944199061082e-16,0.0
16.1875,0.0625,0.019735218750000002,4.8527682060126975e-09,1.927650961539815e-06,1.4182707738494815e-06,-5.093801876903335e-07,1.425897221146454e-06,-5.01753740393361e-07,3.290214780314604e-17,2,9.229379613503234e-09,1.1368683772161603e-13,4.440892098500626e-16,3.77494336179752e-16,0.0
16.25,0.0625,0.019735625,4.852581188229073e-09,1.927446219102865e-06,1.4192788316952566e-06,-5.081673874076084e-07,1.4269178730125863e-06,-5.005283460902787e-07,3.294731186459144e-17,2,9.221066785952735e-09,1.1368683772161603e-13,8.881784197001252e-16,3.7749425230128694e-16,0.0
16.3125,0.0625,0.01973603125,4.852394582903196e-09,1.927241962503787e-06,1.4202791838326041e-06,-5.06962778671183e-07,1.4279307459409473e-06,-4.993112165628399e-07,3.2963656953495486e-17,2,9.212755003318024e-09,1.1368683772161603e-13,4.440892098500626e-16,3.774941682710424e-16,0.0
16.375,0.0625,0.019736437500000002,4.8522083872697545e-09,1.927038188480304e-06,1.4212719128021597e-06,-5.057662756781444e-07,1.4289359231391567e-06,-4.981022653411474e-07,3.2981576994285834e-17,2,9.2044442655991e-09,1.1368683772161603e-13,4.440892098500626e-16,3.7749408408934573e-16,0.0
16.4375,0.0625,0.01973684375,4.852022598592121e-09,1.926834893804174e-06,1.422257100051955e-06,-5.045777937522191e-07,1.4299334867150245e-06,-4.969014070891496e-07,3.301079963096611e-17,2,9.196134572795965e-09,5.684341886080802e-14,4.440892098500626e-16,1.8874699987826124e-16,0.0
16.5,0.0625,0.01973725,4.851837214161981e-09,1.926632075280745e-06,1.4232348259537568e-06,-5.033972493269884e-07,1.4309235176929672e-06,-4.95708557587778e-07,3.3059417998649524e-17,2,9.187826621519144e-09,1.1368683772161603e-13,8.881784197001252e-16,3.7749391527289645e-16,0.0
16.5625,0.0625,0.019737656250000003,4.851652231298972e-09,1.926429729748516e-06,1.4242051698192148e-06,-5.022245599293011e-07,1.4319060960302305e-06,-4.945236337182854e-07,3.3050544005038056e-17,2,9.179521456684422e-09,1.1368683772161603e-13,4.440892098500626e-16,3.774938306387894e-16,0.0
16.625,0.0625,0.0197380625,4.851467647350319e-09,1.9262278540787037e-06,1.4251682099155862e-06,-5.010596441631175e-07,1.4328813006326875e-06,-4.933465534460162e-07,3.306635969835007e-17,2,9.171218381681276e-09,1.1368683772161603e-13,8.881784197001252e-16,3.774937458545212e-16,0.0
16.6875,0.0625,0.01973846875,4.8512834596904855e-09,1.9260264451748204e-06,1.4261240234813902e-06,-4.999024216934302e-07,1.4338492093705693e-06,-4.92177235804251e-07,3.308013721863275e-17,2,9.162918093120232e-09,1.7053025658242404e-13,4.440892098500626e-16,5.662404913806152e-16,0.0
16.75,0.0625,0.019738875,4.851099665720814e-09,1.9258254999722512e-06,1.4270726867416285e-06,-4.987528132306227e-07,1.4348098990937592e-06,-4.910156008784921e-07,3.3139621430842666e-17,2,9.15462076515392e-09,1.1368683772161603e-13,8.881784197001252e-16,3.774935758367725e-16,0.0
16.8125,0.0625,0.01973928125,4.850916262869189e-09,1.925625015437839e-06,1.4280142749229663e-06,-4.976107405148727e-07,1.4357634456470463e-06,-4.898615697907927e-07,3.316182957592849e-17,2,9.146327442698128e-09,5.684341886080802e-14,8.881784197001252e-16,3.483052626274894e-16,0.0
16.875,0.0625,0.019739687500000002,4.8507332485896935e-09,1.92542498856948e-06,1.428948862268497e-06,-4.96476126300983e-07,1.436709923884963e-06,-4.887150646845171e-07,3.316132003267116e-17,2,9.138037603294962e-09,1.1368683772161603e-13,4.440892098500626e-16,3.77493405222174e-16,0.0
16.9375,0.0625,0.01974009375,4.850550620362275e-09,1.9252254163957237e-06,1.4298765220523134e-06,-4.953488943434103e-07,1.437649407686429e-06,-4.875760087092948e-07,3.321670804648771e-17,2,9.129751769402318e-09,1.1368683772161603e-13,8.881784197001252e-16,3.77493319691837e-16,0.0
17.0,0.0625,0.0197405,4.850368375692413e-09,1.925026295975372e-06,1.4307973265939308e-06,-4.942289693814412e-07,1.4385819699692467e-06,-4.864443260061253e-07,3.3227759179471416e-17,2,9.12147098593598e-09,1.1368683772161603e-13,4.440892098500626e-16,3.774932340132212e-16,0.0
17.0625,0.0625,0.019740906250000002,4.850186512110801e-09,1.924827624397096e-06,1.431711347272359e-06,-4.931162771247369e-07,1.4395076827042425e-06,-4.853199416928533e-07,3.324637405197631e-17,2,9.113194730438057e-09,1.1368683772161603e-13,4.440892098500626e-16,3.774931481866341e-16,0.0
17.125,0.0625,0.0197413125,4.850005027173014e-09,1.9246293987790474e-06,1.4326186545400284e-06,-4.920107442390191e-07,1.440426616929267e-06,-4.842027818497805e-07,3.3261448591459476e-17,2,9.10492317706118e-09,1.1368683772161603e-13,4.440892098500626e-16,3.7749306221238165e-16,0.0
17.1875,0.0625,0.01974171875,4.849823918459205e-09,1.9244316162684837e-06,1.4335193179364532e-06,-4.909122983320305e-07,1.4413388427629225e-06,-4.830927735055612e-07,3.3308075108227865e-17,2,9.096657196568504e-09,5.684341886080802e-14,4.440892098500626e-16,1.8874648804538394e-16,0.0
17.25,0.0625,0.019742125000000003,4.849643183573783e-09,1.9242342740413926e-06,1.434413406101708e-06,-4.898208679396845e-07,1.4422444294181158e-06,-4.819898446232767e-07,3.331465946590379e-17,2,9.08839678896003e-09,1.1368683772161603e-13,8.881784197001252e-16,3.7749288982209547e-16,0.0
17.3125,0.0625,0.01974253125,4.849462820145114e-09,1.924037369302127e-06,1.4353009867896588e-06,-4.887363825124682e-07,1.4431434452153528e-06,-4.808939240867742e-07,3.336262932398696e-17,2,9.08014212838839e-09,1.1368683772161603e-13,8.881784197001252e-16,3.7749280340666524e-16,0.0
17.375,0.0625,0.019742937500000002,4.8492828258252124e-09,1.9238408992830406e-06,1.436182126881019e-06,-4.876587724020217e-07,1.4440359575958662e-06,-4.798049416871744e-07,3.336507777860012e-17,2,9.071893911464109e-09,1.1368683772161603e-13,8.881784197001252e-16,3.774927168447762e-16,0.0
17.4375,0.0625,0.01974334375,4.849103198289449e-09,1.923644861244135e-06,1.4370568923961502e-06,-4.865879688479847e-07,1.4449220331344823e-06,-4.787228281096526e-07,3.337066951954098e-17,2,9.063652138187186e-09,1.1368683772161603e-13,8.881784197001252e-16,3.7749263013672613e-16,0.0
17.5,0.0625,0.01974375,4.8489239352362495e-09,1.9234492524727054e-06,1.4379253485076883e-06,-4.855239039650171e-07,1.4458017375523149e-06,-4.776475149203905e-07,3.341051315528643e-17,2,9.055416982710252e-09,5.684341886080802e-14,8.881784197001252e-16,3.483052626274894e-16,0.0
17.5625,0.0625,0.019744156250000002,4.848745034386811e-09,1.9232540702829953e-06,1.4387875595529814e-06,-4.844665107300139e-07,1.44667513572927e-06,-4.765789345537254e-07,3.3419777578147026e-17,2,9.04718844503331e-09,1.1368683772161603e-13,8.881784197001252e-16,3.774924562833251e-16,0.0
17.625,0.0625,0.0197445625,4.848566493484814e-09,1.9230593120158557e-06,1.4396435890462971e-06,-4.834157229695586e-07,1.4475422917163185e-06,-4.7551702029953716e-07,3.346508722338023e-17,2,9.03896704761425e-09,1.1368683772161603e-13,8.881784197001252e-16,3.774923691385612e-16,0.0
17.6875,0.0625,0.01974496875,4.848388310296141e-09,1.9228649750384074e-06,1.4404934996908302e-06,-4.823714753475772e-07,1.4484032687475699e-06,-4.744617062908375e-07,3.348009558841439e-17,2,9.030753312910968e-09,1.1368683772161603e-13,8.881784197001252e-16,3.7749228184881054e-16,0.0
17.75,0.0625,0.019745375000000003,4.848210482608598e-09,1.9226710567437117e-06,1.4413373533906346e-06,-4.813337033530771e-07,1.4492581292522694e-06,-4.7341292749144235e-07,3.348088306435754e-17,2,9.022547415076097e-09,1.1368683772161603e-13,8.881784197001252e-16,3.774921944143627e-16,0.0
17.8125,0.0625,0.01974578125,4.848033008231645e-09,1.9224775545504417e-06,1.4421752112621606e-06,-4.803023432882811e-07,1.4501069348663974e-06,-4.723706196840443e-07,3.3505890388636246e-17,2,9.014348657499107e-09,1.1368683772161603e-13,8.881784197001252e-16,3.774921068355058e-16,0.0
17.875,0.0625,0.0197461875,4.847855884996121e-09,1.9222844659025637e-06,1.4430071336457812e-06,-4.792773322567824e-07,1.450949746444263e-06,-4.713347194583006e-07,3.353852100944024e-17,2,9.006158259248422e-09,1.1368683772161603e-13,8.881784197001252e-16,3.7749201911252633e-16,0.0
17.9375,0.0625,0.01974659375,4.8476791107539825e-09,1.9220917882690148e-06,1.4438331801170743e-06,-4.782586081519405e-07,1.4517866240698453e-06,-4.703051641991695e-07,3.354090328960439e-17,2,8.997976394476672e-09,5.684341886080802e-14,8.881784197001252e-16,3.483052626274894e-16,0.0
18.0,0.0625,0.019747,4.847502683378037e-09,1.9218995191433957e-06,1.4446534094979035e-06,-4.772461096454922e-07,1.45261762706794e-06,-4.6928189207545567e-07,3.358036311354562e-17,2,8.989802540725961e-09,1.1368683772161603e-13,8.881784197001252e-16,3.7749184323533867e-16,0.0
18.0625,0.0625,0.019747406250000002,4.847326600761691e-09,1.9217076560436595e-06,1.4454678798673734e-06,-4.7623977617628605e-07,1.4534428140151744e-06,-4.6826484202848506e-07,3.358656365941732e-17,2,8.981637568759447e-09,1.1368683772161603e-13,8.881784197001252e-16,3.774917550816961e-16,0.0
18.125,0.0625,0.0197478125,4.847150860818691e-09,1.9215161965118087e-06,1.4462766485726047e-06,-4.75239547939204e-07,1.4542622427508448e-06,-4.672539537609639e-07,3.362589775190544e-17,2,8.973481826882392e-09,1.1368683772161603e-13,8.881784197001252e-16,3.7749166678506226e-16,0.0
18.1875,0.0625,0.01974821875,4.8469754614828716e-09,1.9213251381135956e-06,1.4470797722392934e-06,-4.742453658743023e-07,1.4550759703875363e-06,-4.662491677260593e-07,3.364899263460792e-17,2,8.965334618484274e-09,1.1368683772161603e-13,8.881784197001252e-16,3.7749157834571624e-16,0.0
18.25,0.0625,0.019748625000000002,4.846800400707911e-09,1.9211344784382278e-06,1.4478773067821532e-06,-4.732571716560746e-07,1.4558840533216256e-06,-4.652504251166022e-07,3.363023879576012e-17,2,8.957196988480877e-09,1.1368683772161603e-13,8.881784197001252e-16,3.7749148976393567e-16,0.0
18.3125,0.0625,0.01974903125,4.8466256764670856e-09,1.9209442150980785e-06,1.4486693074151513e-06,-4.7227490768292714e-07,1.4566865472435753e-06,-4.6425766785450315e-07,3.365846219826043e-17,2,8.949068588566936e-09,1.1368683772161603e-13,8.881784197001252e-16,3.774914010399968e-16,0.0
18.375,0.0625,0.0197494375,4.8464512867530325e-09,1.9207543457283964e-06,1.4494558286615917e-06,-4.712985170668047e-07,1.4574835071480762e-06,-4.6327083858032023e-07,3.365864086927274e-17,2,8.94094976704772e-09,1.1368683772161603e-13,8.881784197001252e-16,3.7749131217417437e-16,0.0
18.4375,0.0625,0.019749843750000003,4.846277229577507e-09,1.920564867987028e-06,1.4502369243640927e-06,-4.7032794362293535e-07,1.4582749873440846e-06,-4.6228988064294346e-07,3.371821110826636e-17,2,8.932840523923225e-09,1.1368683772161603e-13,8.881784197001252e-16,3.774912231667418e-16,0.0
18.5,0.0625,0.01975025,4.846103502971152e-09,1.920375779554135e-06,1.4510126476944262e-06,-4.693631318597089e-07,1.4590610414647187e-06,-4.613147380894164e-07,3.370753055219707e-17,2,8.924741381651346e-09,1.1368683772161603e-13,8.881784197001252e-16,3.7749113401797106e-16,0.0
18.5625,0.0625,0.01975065625,4.845930104983267e-09,1.920187078131923e-06,1.4517830511629732e-06,-4.684040269689498e-07,1.4598417224767698e-06,-4.6034535565515325e-07,3.3758392233701733e-17,2,8.916652340232084e-09,1.1368683772161603e-13,8.881784197001252e-16,3.7749104472813275e-16,0.0
18.625,0.0625,0.0197510625,4.845757033681584e-09,1.9199987614443657e-06,1.4525481866283927e-06,-4.674505748159729e-07,1.4606170826904296e-06,-4.59381678753936e-07,3.3746434510766667e-17,2,8.9085737479707e-09,1.1368683772161603e-13,8.881784197001252e-16,3.774909552974961e-16,0.0
18.6875,0.0625,0.01975146875,4.845584287152034e-09,1.9198108272369463e-06,1.4533081053068387e-06,-4.6650272193010753e-07,1.4613871737685637e-06,-4.584236534683826e-07,3.3774505712034266e-17,2,8.900505256561933e-09,1.1368683772161603e-13,8.881784197001252e-16,3.7749086572632883e-16,0.0
18.75,0.0625,0.019751875000000002,4.845411863498539e-09,1.9196232732763875e-06,1.4540628577811444e-06,-4.6556041549524314e-07,1.4621520467359474e-06,-4.5747122654044014e-07,3.3789004533811096e-17,2,8.892447388463676e-09,1.1368683772161603e-13,8.881784197001252e-16,3.774907760148974e-16,0.0
18.8125,0.0625,0.01975228125,4.845239760842786e-09,1.919436097350395e-06,1.4548124940099298e-06,-4.6462360334046503e-07,1.4629117519884332e-06,-4.5652434536196164e-07,3.3799731411994683e-17,2,8.88440031782856e-09,1.1368683772161603e-13,4.440892098500626e-16,3.7749068616346706e-16,0.0
18.875,0.0625,0.0197526875,4.845067977324013e-09,1.9192492972674026e-06,1.455557063336469e-06,-4.6369223393093346e-07,1.4636663393018697e-06,-4.555829579655329e-07,3.3821568980166083e-17,2,8.876363870503955e-09,1.1368683772161603e-13,4.440892098500626e-16,3.774905961723015e-16,0.0
18.9375,0.0625,0.019753093750000002,4.8448965110987974e-09,1.9190628708563187e-06,1.4562966144974166e-06,-4.627662563589021e-07,1.4644158578408807e-06,-4.5464701301543805e-07,3.383653102308594e-17,2,8.868338568947753e-09,1.1368683772161603e-13,8.881784197001252e-16,3.7749050604166317e-16,0.0
19.0,0.0625,0.0197535,4.844725360340851e-09,1.9188768159662798e-06,1.4570311956314797e-06,-4.618456203348e-07,1.4651603561675932e-06,-4.537164597986865e-07,3.386331844004286e-17,2,8.860324413159956e-09,1.1368683772161603e-13,4.440892098500626e-16,3.7749041577181325e-16,0.0
19.0625,0.0625,0.01975390625,4.844554523240808e-09,1.918691130466403e-06,1.4577608542878984e-06,-4.609302761785048e-07,1.4658998822501687e-06,-4.5279124821623454e-07,3.388904044837081e-17,2,8.852321228987931e-09,1.1368683772161603e-13,8.881784197001252e-16,3.774903253630116e-16,0.0
19.125,0.0625,0.0197543125,4.8443839980060276e-09,1.9185058122455475e-06,1.4584856374347782e-06,-4.600201748107693e-07,1.4666344834711872e-06,-4.518713287743603e-07,3.3892580781392536e-17,2,8.844329713042205e-09,1.7053025658242404e-13,4.440892098500626e-16,5.662353522232753e-16,0.0
19.1875,0.0625,0.01975471875,4.84421378286039e-09,1.918320859212074e-06,1.45920559146736e-06,-4.591152677447141e-07,1.4673642066359692e-06,-4.509566525761049e-07,3.390464438344601e-17,2,8.836349517017513e-09,1.1368683772161603e-13,4.440892098500626e-16,3.774901441295863e-16,0.0
19.25,0.0625,0.019755125000000002,4.8440438760441e-09,1.918136269293612e-06,1.459920762216105e-06,-4.5821550707750726e-07,1.4680890979807135e-06,-4.500471713128987e-07,3.3929843613626824e-17,2,8.828380815066488e-09,1.1368683772161603e-13,4.440892098500626e-16,3.7749005330547573e-16,0.0
19.3125,0.0625,0.01975553125,4.843874275813494e-09,1.917952040436828e-06,1.4606311949546429e-06,-4.573208454821849e-07,1.4688092031804911e-06,-4.4914283725633666e-07,3.3924880529951506e-17,2,8.820424129647025e-09,1.1368683772161603e-13,4.440892098500626e-16,3.774899623434401e-16,0.0
19.375,0.0625,0.0197559375,4.843704980440846e-09,1.917768170607196e-06,1.4613369344076389e-06,-4.5643123619955715e-07,1.4695245673571668e-06,-4.482436032500292e-07,3.3955287689268956e-17,2,8.81247911245386e-09,1.1368683772161603e-13,4.440892098500626e-16,3.774898712437328e-16,0.0
19.4375,0.0625,0.019756343750000002,4.843535988214179e-09,1.9175846577887747e-06,1.462038024758564e-06,-4.555466330302107e-07,1.4702352350872157e-06,-4.473494227015589e-07,3.3982419213360695e-17,2,8.804545937639622e-09,1.1368683772161603e-13,8.881784197001252e-16,3.7748978000660625e-16,0.0
19.5,0.0625,0.01975675,4.843367297437075e-09,1.9174014999839834e-06,1.462734509657281e-06,-4.546669903267025e-07,1.4709412504093601e-06,-4.4646024957462333e-07,3.397287024036938e-17,2,8.79662495350958e-09,1.1368683772161603e-13,8.881784197001252e-16,3.7748968863231127e-16,0.0
19.5625,0.0625,0.01975715625,4.843198906428498e-09,1.9172186952133856e-06,1.4634264322274705e-06,-4.537922629859151e-07,1.471642656832041e-06,-4.4557603838134453e-07,3.399354975568321e-17,2,8.788716160063729e-09,1.1368683772161603e-13,4.440892098500626e-16,3.7748959712109795e-16,0.0
19.625,0.0625,0.019757562500000003,4.843030813522609e-09,1.917036241515471e-06,1.4641138350741427e-06,-4.529224064413282e-07,1.4723394973409802e-06,-4.446967441744907e-07,3.3986184539509036e-17,2,8.78081955730207e-09,1.1368683772161603e-13,4.440892098500626e-16,3.7748950547321467e-16,0.0
19.6875,0.0625,0.01975796875,4.8428630170685825e-09,1.916854136946446e-06,1.4647967602907731e-06,-4.52057376655673e-07,1.4730318144063619e-06,-4.4382232254008427e-07,3.4027689153924497e-17,2,8.772934971071971e-09,1.1368683772161603e-13,4.440892098500626e-16,3.774894136889089e-16,0.0
19.75,0.0625,0.019758375,4.842695515430435e-09,1.9166723795800207e-06,1.4654752494665636e-06,-4.511971301134571e-07,1.4737196499901398e-06,-4.429527295898809e-07,3.4021276849815986e-17,2,8.76506327213659e-09,1.1368683772161603e-13,4.440892098500626e-16,3.7748932176842693e-16,0.0
19.8125,0.0625,0.01975878125,4.8425283069868515e-09,1.9164909675072035e-06,1.4661493436933856e-06,-4.503416238138179e-07,1.4744030455530271e-06,-4.4208792195417635e-07,3.404928187663458e-17,2,8.757203589732769e-09,1.1368683772161603e-13,4.440892098500626e-16,3.774892297120137e-16,0.0
19.875,0.0625,0.0197591875,4.842361390131006e-09,1.9163098988360976e-06,1.466819083572776e-06,-4.494908152633217e-07,1.4750820420615388e-06,-4.4122785677455884e-07,3.4069776103491195e-17,2,8.749356968776297e-09,1.1368683772161603e-13,4.440892098500626e-16,3.7748913751991317e-16,0.0
19.9375,0.0625,0.019759593750000002,4.842194763270405e-09,1.9161291716916996e-06,1.4674845092227866e-06,-4.4864466246891304e-07,1.4757566799948838e-06,-4.403724916968158e-07,3.407651927984473e-17,2,8.74152288680928e-09,1.1368683772161603e-13,4.440892098500626e-16,3.7748904519236794e-16,0.0
20.0,0.0625,0.01976,4.8420284248267065e-09,1.915948784215699e-06,1.4681456602846306e-06,-4.4780312393106854e-07,1.4764269993516586e-06,-4.3952178486404054e-07,3.4068227621384496e-17,2,8.73370169213698e-09,1.1368683772161603e-13,4.440892098500626e-16,3.7748895272961965e-16,0.0
20.0625,0.0625,0.01976040625,4.841862373235564e-09,1.9157687345662883e-06,1.4688025759293626e-06,-4.4696615863692576e-07,1.4770930396565696e-06,-4.3867569490971874e-07,3.408821892242868e-17,2,8.725893210606765e-09,1.1368683772161603e-13,8.881784197001252e-16,3.7748886013190864e-16,0.0
20.125,0.0625,0.019760812500000002,4.8416966069464615e-09,1.9155890209179647e-06,1.4694552948643886e-06,-4.461337260535761e-07,1.4777548399669868e-06,-4.3783418095097783e-07,3.410790582100744e-17,2,8.718097616371268e-09,1.1368683772161603e-13,4.440892098500626e-16,3.7748876739947424e-16,0.0
20.1875,0.0625,0.01976121875,4.841531124422553e-09,1.91540964146134e-06,1.4701038553398476e-06,-4.453057861214923e-07,1.4784124388793683e-06,-4.369972025819716e-07,3.4107826411668634e-17,2,8.710314909430487e-09,5.684341886080802e-14,4.440892098500626e-16,1.8874433726627725e-16,0.0
20.25,0.0625,0.019761625,4.841365924140501e-09,1.9152305944029566e-06,1.4707482951549716e-06,-4.44482299247985e-07,1.4790658745356645e-06,-4.3616471986729204e-07,3.414141656198319e-17,2,8.702545438089688e-09,1.1368683772161603e-13,4.440892098500626e-16,3.774885815313866e-16,0.0
20.3125,0.0625,0.01976203125,4.841201004590327e-09,1.9150518779651004e-06,1.471388651664345e-06,-4.4366322630075545e-07,1.4797151846296176e-06,-4.3533669333548275e-07,3.4135308660340096e-17,2,8.6947893765015e-09,1.1368683772161603e-13,4.440892098500626e-16,3.774884883962063e-16,0.0
20.375,0.0625,0.0197624375,4.841036364275253e-09,1.914873490385618e-06,1.4720249617839274e-06,-4.428485286016906e-07,1.4803604064128265e-06,-4.3451308397279146e-07,3.417233326455797e-17,2,8.687045853902765e-09,1.1368683772161603e-13,4.440892098500626e-16,3.774883951272486e-16,0.0
20.4375,0.0625,0.019762843750000002,4.84087200171155e-09,1.914695429917736e-06,1.4726572619972034e-06,-4.4203816792053256e-07,1.4810015767009374e-06,-4.336938532167985e-07,3.4187857790294365e-17,2,8.679315915209273e-09,1.1368683772161603e-13,4.440892098500626e-16,3.77488301724747e-16,0.0
20.5,0.0625,0.01976325,4.840707915428388e-09,1.9145176948298853e-06,1.4732855883610581e-06,-4.4123210646882713e-07,1.4816387318795615e-06,-4.328789629503238e-07,3.418508508088109e-17,2,8.671599734573654e-09,1.1368683772161603e-13,4.440892098500626e-16,3.774882081889344e-16,0.0
20.5625,0.0625,0.01976365625,4.84054410396769e-09,1.9143402834055252e-06,1.4739099765116667e-06,-4.404303068938585e-07,1.4822719079102015e-06,-4.320683754953237e-07,3.4184562302733954e-17,2,8.663896615385385e-09,5.684341886080802e-14,4.440892098500626e-16,1.887440572600211e-16,0.0
20.625,0.0625,0.019764062500000002,4.840380565883984e-09,1.91416319394297e-06,1.4745304616702191e-06,-4.396327322727509e-07,1.4829011403360202e-06,-4.312620536069498e-07,3.4212348953870835e-17,2,8.656206731797095e-09,1.7053025658242404e-13,4.440892098500626e-16,5.662320310774515e-16,0.0
20.6875,0.0625,0.01976446875,4.840217299744262e-09,1.9139864247552198e-06,1.4751470786486531e-06,-4.3883934610656663e-07,1.483526464287609e-06,-4.3045996046761086e-07,3.419965007710692e-17,2,8.64853060626668e-09,1.1368683772161603e-13,8.881784197001252e-16,3.774879267839402e-16,0.0
20.75,0.0625,0.019764875,4.840054304127833e-09,1.9138099741697913e-06,1.4757598618551872e-06,-4.380501123146041e-07,1.4841479144885608e-06,-4.296620596812305e-07,3.4240559121481343e-17,2,8.640867890488874e-09,5.684341886080802e-14,4.440892098500626e-16,1.8874391635859402e-16,0.0
20.8125,0.0625,0.019765281250000002,4.839891577626188e-09,1.913633840528552e-06,1.4763688452999214e-06,-4.372649952286307e-07,1.484765525261111e-06,-4.288683152674411e-07,3.424644202999782e-17,2,8.633219106921575e-09,1.1368683772161603e-13,4.440892098500626e-16,3.774877385182721e-16,0.0
20.875,0.0625,0.0197656875,4.839729118842861e-09,1.9134580221875576e-06,1.4769740626001537e-06,-4.364839595874039e-07,1.485379330531488e-06,-4.2807869165606966e-07,3.424359652869064e-17,2,8.625583907259518e-09,1.1368683772161603e-13,4.440892098500626e-16,3.774876441874186e-16,0.0
20.9375,0.0625,0.01976609375,4.839566926393289e-09,1.91328251751689e-06,1.4775755469857954e-06,-4.357069705310945e-07,1.4859893638353696e-06,-4.2729315368152034e-07,3.426156950904019e-17,2,8.61796194319744e-09,1.1368683772161603e-13,8.881784197001252e-16,3.774875497248528e-16,0.0
21.0,0.0625,0.0197665,4.8394049989046834e-09,1.9131073249004975e-06,1.4781733313045753e-06,-4.349339935959222e-07,1.486595658323121e-06,-4.2651166657737644e-07,3.427901309379771e-17,2,8.610353911345868e-09,1.1368683772161603e-13,4.440892098500626e-16,3.774874551307991e-16,0.0
21.0625,0.0625,0.01976690625,4.83924333501589e-09,1.912932442736039e-06,1.4787674480272804e-06,-4.341649947087587e-07,1.4871982467650752e-06,-4.257341959709639e-07,3.4292658265182383e-17,2,8.602759985857432e-09,1.1368683772161603e-13,4.440892098500626e-16,3.7748736040548065e-16,0.0
21.125,0.0625,0.019767312500000002,4.839081933377264e-09,1.9127578694347283e-06,1.4793579292528617e-06,-4.333999401818666e-07,1.4877971615566723e-06,-4.24960707878056e-07,3.4300619051397594e-17,2,8.595179470121607e-09,1.1368683772161603e-13,4.440892098500626e-16,3.7748726554911966e-16,0.0
21.1875,0.0625,0.01976771875,4.838920792650538e-09,1.9125836034211812e-06,1.4799448067133988e-06,-4.3263879670778244e-07,1.4883924347234603e-06,-4.24191168697721e-07,3.4288502509784917e-17,2,8.587613583206814e-09,1.1368683772161603e-13,4.440892098500626e-16,3.774871705619376e-16,0.0
21.25,0.0625,0.019768125,4.8387599115086994e-09,1.9124096431332646e-06,1.480528111779118e-06,-4.3188153135414667e-07,1.488984097926149e-06,-4.234255452071155e-07,3.4302981479227045e-17,2,8.580060757739368e-09,1.1368683772161603e-13,4.440892098500626e-16,3.7748707544415456e-16,0.0
21.3125,0.0625,0.019768531250000002,4.838599288635855e-09,1.9122359870219495e-06,1.481107875463223e-06,-4.3112811155872644e-07,1.4895721824654761e-06,-4.226638045564733e-07,3.431676561695463e-17,2,8.57252221278769e-09,1.1368683772161603e-13,4.440892098500626e-16,3.7748698019598983e-16,0.0
21.375,0.0625,0.0197689375,4.838438922727116e-09,1.9120626335511607e-06,1.4816841284267316e-06,-4.3037850512442914e-07,1.4901567192870761e-06,-4.2190591426408454e-07,3.4323581585202066e-17,2,8.564997600046517e-09,1.1368683772161603e-13,8.881784197001252e-16,3.7748688481766177e-16,0.0
21.4375,0.0625,0.01976934375,4.8382788124884705e-09,1.9118895811976353e-06,1.48225690098322e-06,-4.296326802144152e-07,1.4907377389862615e-06,-4.211518422113738e-07,3.4328888776012206e-17,2,8.55748709366848e-09,1.1368683772161603e-13,4.440892098500626e-16,3.774867893093877e-16,0.0
21.5,0.0625,0.019769750000000003,4.838118956636666e-09,1.911716828450779e-06,1.4828262231034485e-06,-4.2889060534733046e-07,1.4913152718126788e-06,-4.2040155663810016e-07,3.4360672363868943e-17,2,8.549990519500949e-09,1.1368683772161603e-13,8.881784197001252e-16,3.7748669367138405e-16,0.0
21.5625,0.0625,0.01977015625,4.837959353899086e-09,1.9115443738125225e-06,1.4833921244199584e-06,-4.281522493925641e-07,1.4918893476749413e-06,-4.196550261375811e-07,3.43568408632716e-17,2,8.542508051696554e-09,1.1368683772161603e-13,4.440892098500626e-16,3.774865979038663e-16,0.0
21.625,0.0625,0.0197705625,4.837800003013636e-09,1.911372215797186e-06,1.4839546342316265e-06,-4.274175815655595e-07,1.4924599961452154e-06,-4.1891221965197067e-07,3.439008028900643e-17,2,8.535039341950032e-09,1.1368683772161603e-13,8.881784197001252e-16,3.7748650200704874e-16,0.0
21.6875,0.0625,0.01977096875,4.837640902728624e-09,1.91120035293134e-06,1.4845137815081322e-06,-4.266865714232077e-07,1.4930272464637187e-06,-4.181731064676212e-07,3.438085557081524e-17,2,8.527585261024542e-09,5.684341886080802e-14,8.881784197001252e-16,3.483052626274882e-16,0.0
21.75,0.0625,0.019771375,4.83748205180265e-09,1.91102878375367e-06,1.4850695948942595e-06,-4.2595918885941043e-07,1.4935911275430577e-06,-4.1743765621061223e-07,3.441583538455888e-17,2,8.520144938156925e-09,1.1368683772161603e-13,4.440892098500626e-16,3.7748630982636794e-16,0.0
21.8125,0.0625,0.019771781250000002,4.837323449004491e-09,1.910857506814842e-06,1.4856221027143801e-06,-4.252354041004618e-07,1.4941516679727385e-06,-4.167058388421034e-07,3.437218010055078e-17,2,8.5127195924156e-09,1.1368683772161603e-13,4.440892098500626e-16,3.7748621354292893e-16,0.0
21.875,0.0625,0.0197721875,4.837165093112987e-09,1.910686520677373e-06,1.4861713329765212e-06,-4.2451518770085185e-07,1.4947088960232673e-06,-4.159776246541058e-07,3.440012557036527e-17,2,8.505307482274257e-09,1.1368683772161603e-13,8.881784197001252e-16,3.774861171310388e-16,0.0
21.9375,0.0625,0.01977259375,4.8370069829169364e-09,1.9105158239155004e-06,1.486717313376718e-06,-4.237985105387824e-07,1.4952628396505335e-06,-4.1525298426496693e-07,3.4408251792702993e-17,2,8.497910000953943e-09,1.1368683772161603e-13,8.881784197001252e-16,3.774860205909075e-16,0.0
22.0,0.0625,0.019773000000000002,4.836849117214979e-09,1.91034541511505e-06,1.4872600713030862e-06,-4.23085343811964e-07,1.495813526499915e-06,-4.145318886151353e-07,3.4421982990871374e-17,2,8.490526800149397e-09,1.1368683772161603e-13,4.440892098500626e-16,3.7748592392274386e-16,0.0
22.0625,0.0625,0.01977340625,4.8366914948154964e-09,1.910175292873313e-06,1.4877996338399003e-06,-4.223756590334128e-07,1.4963609839103823e-06,-4.1381430896293075e-07,3.441097818000197e-17,2,8.483157705707986e-09,1.1368683772161603e-13,4.440892098500626e-16,3.77485827126756e-16,0.0
22.125,0.0625,0.0197738125,4.8365341145365024e-09,1.9100054557989197e-06,1.488336027771605e-06,-4.216694280273147e-07,1.496905238918543e-06,-4.1310021688037667e-07,3.4418753677759967e-17,2,8.475803240087607e-09,5.684341886080802e-14,4.440892098500626e-16,1.8874286510157554e-16,0.0
22.1875,0.0625,0.01977421875,4.83637697520554e-09,1.9098359025117154e-06,1.4888692795867932e-06,-4.209666229249222e-07,1.4974463182626485e-06,-4.1238958424906684e-07,3.442741591313462e-17,2,8.468463054982995e-09,1.1368683772161603e-13,8.881784197001252e-16,3.774856331521354e-16,0.0
22.25,0.0625,0.019774625,4.836220075659577e-09,1.9096666316426395e-06,1.4893994154820983e-06,-4.2026721616054123e-07,1.497984248386514e-06,-4.1168238325612556e-07,3.443673327555442e-17,2,8.461136627936258e-09,1.1368683772161603e-13,4.440892098500626e-16,3.7748553597391427e-16,0.0
22.3125,0.0625,0.019775031250000002,4.836063414744904e-09,1.909497641833606e-06,1.4899264613659981e-06,-4.1957118046760796e-07,1.498519055443353e-06,-4.1097858639025306e-07,3.4456327529904575e-17,2,8.453824655557918e-09,1.1368683772161603e-13,4.440892098500626e-16,3.7748543866869223e-16,0.0
22.375,0.0625,0.0197754375,4.835906991317034e-09,1.9093289317373812e-06,1.4904504428626541e-06,-4.1887848887472714e-07,1.499050765299643e-06,-4.1027816643773827e-07,3.446184647895153e-17,2,8.44652731200061e-09,5.684341886080802e-14,4.440892098500626e-16,1.8874267061833642e-16,0.0
22.4375,0.0625,0.01977584375,4.8357508042406045e-09,1.9091605000174706e-06,1.4909713853155668e-06,-4.181891147019038e-07,1.49957940353881e-06,-4.0958109647866054e-07,3.447884007745582e-17,2,8.439243900653807e-09,1.1368683772161603e-13,4.440892098500626e-16,3.77485243678059e-16,0.0
22.5,0.0625,0.019776250000000002,4.83559485238928e-09,1.9089923453480013e-06,1.4914893137913373e-06,-4.1750303155666403e-07,1.5001049954650171e-06,-4.0888734988298417e-07,3.448740966860187e-17,2,8.431975118128033e-09,1.1368683772161603e-13,4.440892098500626e-16,3.7748514599305255e-16,0.0
22.5625,0.0625,0.01977665625,4.83543913464565e-09,1.9088244664136086e-06,1.4920042530831735e-06,-4.168202133304351e-07,1.5006275661066994e-06,-4.081969003069092e-07,3.4509015626201753e-17,2,8.424720441965397e-09,1.1368683772161603e-13,4.440892098500626e-16,3.774850481818547e-16,0.0
22.625,0.0625,0.0197770625,4.8352836499011405e-09,1.908656861909321e-06,1.4925162277146254e-06,-4.1614063419469554e-07,1.5011471402203237e-06,-4.0750972168899727e-07,3.447637838795286e-17,2,8.417480568776423e-09,1.1368683772161603e-13,8.881784197001252e-16,3.774849502446655e-16,0.0
22.6875,0.0625,0.019777468750000003,4.8351283970559165e-09,1.9084895305404544e-06,1.4930252619428758e-06,-4.1546426859757863e-07,1.5016637422937082e-06,-4.068257882467462e-07,3.4519510893813826e-17,2,8.41025427949269e-09,1.1368683772161603e-13,4.440892098500626e-16,3.774848521816845e-16,0.0
22.75,0.0625,0.019777875,4.834973375018787e-09,1.9083224710224954e-06,1.4935313797624198e-06,-4.1479109126007555e-07,1.5021773965497273e-06,-4.061450744727681e-07,3.450021442448419e-17,2,8.403043315640513e-09,1.1368683772161603e-13,4.440892098500626e-16,3.774847539931101e-16,0.0
22.8125,0.0625,0.01977828125,4.8348185827071185e-09,1.908155682080999e-06,1.4940346049083066e-06,-4.1412107717269233e-07,1.5026881269495783e-06,-4.0546755513142067e-07,3.452941059138486e-17,2,8.395846109846209e-09,1.1368683772161603e-13,4.440892098500626e-16,3.7748465567914024e-16,0.0
22.875,0.0625,0.0197786875,4.834664019046738e-09,1.907989162451477e-06,1.4945349608596072e-06,-4.134542015918699e-07,1.5031959571962782e-06,-4.047932052551989e-07,3.4541308757315823e-17,2,8.388663358720306e-09,1.1368683772161603e-13,4.440892098500626e-16,3.7748455723997157e-16,0.0
22.9375,0.0625,0.01977909375,4.83450968297185e-09,1.9078229108792965e-06,1.4950324708427086e-06,-4.1279044003658795e-07,1.5037009107379787e-06,-4.0412200014131776e-07,3.452648568073887e-17,2,8.381495236415432e-09,1.1368683772161603e-13,4.440892098500626e-16,3.7748445867580034e-16,0.0
23.0,0.0625,0.019779500000000002,4.8343555734249415e-09,1.9076569261195716e-06,1.4955271578345316e-06,-4.1212976828503996e-07,1.5042030107712121e-06,-4.034539153483595e-07,3.451836607584605e-17,2,8.374341568778957e-09,1.7053025658242404e-13,4.440892098500626e-16,5.662265399802328e-16,0.0
23.0625,0.0625,0.01977990625,4.8342016893567e-09,1.907491206937064e-06,1.4960190445657867e-06,-4.1147216237127744e-07,1.5047022802441716e-06,-4.027889266928925e-07,3.454373074214938e-17,2,8.367201833352987e-09,1.1368683772161603e-13,4.440892098500626e-16,3.774842611732305e-16,0.0
23.125,0.0625,0.0197803125,4.834048029725927e-09,1.9073257521060803e-06,1.4965081535241258e-06,-4.1081759858195445e-07,1.505198741859886e-06,-4.021270102461942e-07,3.455752811476676e-17,2,8.360076726748048e-09,1.1368683772161603e-13,4.440892098500626e-16,3.7748416223522003e-16,0.0
23.1875,0.0625,0.019780718750000002,4.833894593499448e-09,1.9071605604103695e-06,1.4969945069573404e-06,-4.101660534530291e-07,1.5056924180794443e-06,-4.014681423309251e-07,3.4536206707297596e-17,2,8.352966248964139e-09,1.1368683772161603e-13,4.440892098500626e-16,3.7748406317298333e-16,0.0
23.25,0.0625,0.019781125,4.8337413796520335e-09,1.9069956306430273e-06,1.497478126876318e-06,-4.0951750376670937e-07,1.5061833311249734e-06,-4.008122995180539e-07,3.4558170006922104e-17,2,8.345869529238104e-09,1.1368683772161603e-13,8.881784197001252e-16,3.7748396398671246e-16,0.0
23.3125,0.0625,0.01978153125,4.8335883871663134e-09,1.9068309616063973e-06,1.4979590350581364e-06,-4.0887192654826095e-07,1.5066715029827576e-06,-4.0015945862363976e-07,3.45627889834626e-17,2,8.3387874383331e-09,1.1368683772161603e-13,8.881784197001252e-16,3.7748386467659875e-16,0.0
23.375,0.0625,0.0197819375,4.833435615032701e-09,1.906666552111973e-06,1.4984372530490846e-06,-4.0822929906288843e-07,1.5071569554062817e-06,-3.9950959670569134e-07,3.4571259312935143e-17,2,8.331719976249125e-09,1.1368683772161603e-13,4.440892098500626e-16,3.774837652428327e-16,0.0
23.4375,0.0625,0.01978234375,4.8332830622493e-09,1.9065024009803035e-06,1.4989128021675857e-06,-4.075895988127178e-07,1.5076397099191785e-06,-3.9886269106112505e-07,3.457305264050316e-17,2,8.324666620528288e-09,1.1368683772161603e-13,4.440892098500626e-16,3.7748366568560414e-16,0.0
23.5,0.0625,0.01978275,4.833130727821839e-09,1.9063385070409008e-06,1.4993857035070715e-06,-4.0695280353382926e-07,1.508119787818124e-06,-3.9821871922277675e-07,3.4572688681033635e-17,2,8.31762771947585e-09,1.1368683772161603e-13,8.881784197001252e-16,3.77483566005102e-16,0.0
23.5625,0.0625,0.01978315625,4.832978610763582e-09,1.9061748691321446e-06,1.4998559779389027e-06,-4.0631889119324194e-07,1.5085972101757819e-06,-3.9757765895636274e-07,3.4582542056490367e-17,2,8.310603098939177e-09,1.1368683772161603e-13,4.440892098500626e-16,3.7748346620151453e-16,0.0
23.625,0.0625,0.0197835625,4.832826710095255e-09,1.9060114861011925e-06,1.5003236461151663e-06,-4.056878399860262e-07,1.5090719978436211e-06,-3.9693948825757134e-07,3.460035621816231e-17,2,8.303592758918274e-09,5.684341886080802e-14,4.440892098500626e-16,1.8874168313751462e-16,0.0
23.6875,0.0625,0.019783968750000002,4.8326750248449685e-09,1.9058483568038865e-06,1.500788728471439e-06,-4.0505962833244754e-07,1.509544171454704e-06,-3.963041853491825e-07,3.458745220060648e-17,2,8.296597221871031e-09,1.1368683772161603e-13,4.440892098500626e-16,3.7748326622583273e-16,0.0
23.75,0.0625,0.019784375,4.832523554048143e-09,1.9056854801046686e-06,1.5012512452295152e-06,-4.0443423487515336e-07,1.510013751426431e-06,-3.956717286782375e-07,3.4589516843415414e-17,2,8.289615268729032e-09,1.1368683772161603e-13,4.440892098500626e-16,3.7748316605411114e-16,0.0
23.8125,0.0625,0.01978478125,4.8323722967474334e-09,1.905522854876488e-06,1.5017112164001966e-06,-4.038116384762914e-07,1.510480757963358e-06,-3.9504209691312995e-07,3.462566794490643e-17,2,8.282648118560695e-09,5.684341886080802e-14,4.440892098500626e-16,1.8874153288002482e-16,0.0
23.875,0.0625,0.019785187500000002,4.832221251992649e-09,1.9053604800007143e-06,1.5021686617858953e-06,-4.0319181821481897e-07,1.5109452110598151e-06,-3.944152689408991e-07,3.461694615252767e-17,2,8.275695248908125e-09,1.1368683772161603e-13,4.440892098500626e-16,3.774829653438327e-16,0.0
23.9375,0.0625,0.01978559375,4.832070418840694e-09,1.9051983543670547e-06,1.5026236009832037e-06,-4.0257475338385095e-07,1.5114071305024996e-06,-3.9379122386455507e-07,3.4634171361603476e-17,2,8.268756485618692e-09,1.1368683772161603e-13,4.440892098500626e-16,3.7748286480564415e-16,0.0
24.0,0.0625,0.019786,4.831919796355479e-09,1.9050364768734648e-06,1.5030760533856299e-06,-4.019604234878349e-07,1.5118665358732327e-06,-3.931699410002321e-07,3.46111095661255e-17,2,8.261832176997657e-09,1.1368683772161603e-13,8.881784197001252e-16,3.7748276414566696e-16,0.0
24.0625,0.0625,0.01978640625,4.8317693836078635e-09,1.9048748464260675e-06,1.5035260381860051e-06,-4.0134880824006237e-07,1.5123234465513848e-06,-3.925513998746827e-07,3.461349184628965e-17,2,8.254922148892388e-09,1.1368683772161603e-13,4.440892098500626e-16,3.7748266336408346e-16,0.0
24.125,0.0625,0.0197868125,4.831619179675577e-09,1.90471346193907e-06,1.5039735743790483e-06,-4.0073988756002175e-07,1.5127778817164618e-06,-3.919355802226082e-07,3.4626495125518984e-17,2,8.248026401302888e-09,1.1368683772161603e-13,8.881784197001252e-16,3.7748256246107524e-16,0.0
24.1875,0.0625,0.019787218750000002,4.831469183643152e-09,1.904552322334679e-06,1.5044186807638975e-06,-4.0013364157078157e-07,1.5132298603506567e-06,-3.9132246198402233e-07,3.460862140684294e-17,2,8.241144760076524e-09,1.1368683772161603e-13,4.440892098500626e-16,3.774824614368232e-16,0.0
24.25,0.0625,0.019787625,4.8313193946018595e-09,1.904391426543024e-06,1.5048613759464625e-06,-3.995300505965616e-07,1.5136794012412192e-06,-3.9071202530180485e-07,3.4655545708631847e-17,2,8.234277225213296e-09,1.1368683772161603e-13,8.881784197001252e-16,3.774823602915076e-16,0.0
24.3125,0.0625,0.01978803125,4.831169811649632e-09,1.9042307735020742e-06,1.5053016783419525e-06,-3.989290951601217e-07,1.5141265229830079e-06,-3.901042505190663e-07,3.464668494991018e-17,2,8.227423970865836e-09,1.1368683772161603e-13,4.440892098500626e-16,3.7748225902530783e-16,0.0
24.375,0.0625,0.019788437500000002,4.8310204338910044e-09,1.9040703621575602e-06,1.505739606177108e-06,-3.983307559804522e-07,1.5145712439807348e-06,-3.8949911817682534e-07,3.46594963232374e-17,2,8.220585171186774e-09,1.1368683772161603e-13,8.881784197001252e-16,3.7748215763840257e-16,0.0
24.4375,0.0625,0.01978884375,4.830871260437045e-09,1.9039101914628968e-06,1.5061751774926616e-06,-3.9773501397023524e-07,1.515013582451449e-06,-3.8889660901144794e-07,3.4652852408557374e-17,2,8.21376030371822e-09,1.1368683772161603e-13,8.881784197001252e-16,3.7748205613097006e-16,0.0
24.5,0.0625,0.01978925,4.83072229040529e-09,1.9037502603791058e-06,1.5066084101456182e-06,-3.9714185023348755e-07,1.5154535564268343e-06,-3.8829670395227145e-07,3.46501127863686e-17,2,8.206949890918062e-09,1.1368683772161603e-13,4.440892098500626e-16,3.774819545031875e-16,0.0
24.5625,0.0625,0.01978965625,4.830573522919679e-09,1.9035905678747403e-06,1.507039321811466e-06,-3.965512460632743e-07,1.5158911837554395e-06,-3.876993841193008e-07,3.464012706201386e-17,2,8.20015323617578e-09,1.1368683772161603e-13,4.440892098500626e-16,3.7748185275523174e-16,0.0
24.625,0.0625,0.0197900625,4.830424957110492e-09,1.9034311129258098e-06,1.5074679299864984e-06,-3.959631829393114e-07,1.5163264821050165e-06,-3.871046308207933e-07,3.467090479824573e-17,2,8.193371036101896e-09,1.1368683772161603e-13,4.440892098500626e-16,3.774817508872787e-16,0.0
24.6875,0.0625,0.01979046875,4.830276592114286e-09,1.9032718945157035e-06,1.5078942519900087e-06,-3.9537764252569475e-07,1.5167594689647351e-06,-3.8651242555096835e-07,3.466248740833239e-17,2,8.186602768238518e-09,1.1368683772161603e-13,4.440892098500626e-16,3.774816488995037e-16,0.0
24.75,0.0625,0.019790875,4.830128427073832e-09,1.903112911635121e-06,1.5083183049664472e-06,-3.947946066686738e-07,1.5171901616473566e-06,-3.859227499877643e-07,3.466327488427554e-17,2,8.179848606738274e-09,1.1368683772161603e-13,4.440892098500626e-16,3.774815467920815e-16,0.0
24.8125,0.0625,0.01979128125,4.8299804611380536e-09,1.9029541632819966e-06,1.5087401058875973e-06,-3.942140573943993e-07,1.517618577291427e-06,-3.853355859905696e-07,3.4681089045947484e-17,2,8.17310889990643e-09,1.1368683772161603e-13,4.440892098500626e-16,3.774814445651861e-16,0.0
24.875,0.0625,0.019791687500000002,4.82983269346197e-09,1.9027956484614291e-06,1.5091596715546819e-06,-3.9363597690674727e-07,1.518044732863402e-06,-3.847509155980271e-07,3.4674842177961484e-17,2,8.16638277697983e-09,1.1368683772161603e-13,4.440892098500626e-16,3.7748134221899076e-16,0.0
24.9375,0.0625,0.01979209375,4.8296851232066255e-09,1.9026373661856129e-06,1.5095770186004582e-06,-3.9306034758515465e-07,1.5184686451597585e-06,-3.841687210258544e-07,3.468834838300325e-17,2,8.159670934568999e-09,1.1368683772161603e-13,8.881784197001252e-16,3.7748123975366817e-16,0.0
25.0,0.0625,0.0197925,4.829537749539047e-09,1.902479315473764e-06,1.5099921634913018e-06,-3.924871519824622e-07,1.518890330809093e-06,-3.8358898466467107e-07,3.466546525853758e-17,2,8.152973546826566e-09,1.1368683772161603e-13,4.440892098500626e-16,3.7748113716939033e-16,0.0
25.0625,0.0625,0.019792906250000002,4.829390571632169e-09,1.9023214953520554e-06,1.5104051225291617e-06,-3.9191637282289367e-07,1.5193098062740973e-06,-3.830116890779581e-07,3.4692815158311036e-17,2,8.146289394684112e-09,1.1368683772161603e-13,4.440892098500626e-16,3.7748103446632863e-16,0.0
25.125,0.0625,0.0197933125,4.8292435886647856e-09,1.9021639048535465e-06,1.5108159118537192e-06,-3.913479929998273e-07,1.5197270878537319e-06,-3.824368169998147e-07,3.4671897414980795e-17,2,8.139619697210059e-09,1.1368683772161603e-13,4.440892098500626e-16,3.774809316446537e-16,0.0
25.1875,0.0625,0.01979371875,4.829096799821489e-09,1.9020065430181173e-06,1.5112245474441644e-06,-3.9078199557395285e-07,1.520142191685018e-06,-3.8186435133309937e-07,3.468943364396692e-17,2,8.132963583641248e-09,1.1368683772161603e-13,4.440892098500626e-16,3.774808287045357e-16,0.0
25.25,0.0625,0.019794125,4.828950204292616e-09,1.9018494088923996e-06,1.5116310451213181e-06,-3.902183637710815e-07,1.520555133745176e-06,-3.812942751472236e-07,3.4690128475681464e-17,2,8.126321750588205e-09,1.1368683772161603e-13,4.440892098500626e-16,3.7748072564614412e-16,0.0
25.3125,0.0625,0.01979453125,4.828803801274189e-09,1.9016925015297153e-06,1.5120354205494523e-06,-3.89657080980263e-07,1.5209659298534627e-06,-3.8072657167625263e-07,3.470458097534399e-17,2,8.119693675593034e-09,1.1368683772161603e-13,4.440892098500626e-16,3.774806224696476e-16,0.0
25.375,0.0625,0.019794937500000002,4.828657589967865e-09,1.901535819990007e-06,1.5124376892382476e-06,-3.890981307517593e-07,1.5213745956731432e-06,-3.8016122431686373e-07,3.470243030575135e-17,2,8.11307953280837e-09,5.684341886080802e-14,4.440892098500626e-16,1.8874025958760717e-16,0.0
25.4375,0.0625,0.01979534375,4.828511569580875e-09,1.9013793633397766e-06,1.5128378665446126e-06,-3.8854149679516397e-07,1.5217811467133262e-06,-3.7959821662645035e-07,3.469634225644296e-17,2,8.10647932223421e-09,1.1368683772161603e-13,4.440892098500626e-16,3.774804157630119e-16,0.0
25.5,0.0625,0.01979575,4.828365739325977e-09,1.9012231306520224e-06,1.5132359676745462e-06,-3.879871629774762e-07,1.5221855983308418e-06,-3.790375323211806e-07,3.472111797015015e-17,2,8.099892695565293e-09,1.1368683772161603e-13,4.440892098500626e-16,3.7748031223320706e-16,0.0
25.5625,0.0625,0.019796156250000002,4.828220098421399e-09,1.9010671210061744e-06,1.5136320076849747e-06,-3.8743511332119965e-07,1.5225879657320926e-06,-3.784791552740818e-07,3.470703604740205e-17,2,8.093320349412145e-09,1.1368683772161603e-13,4.440892098500626e-16,3.7748020858596637e-16,0.0
25.625,0.0625,0.0197965625,4.828074646090786e-09,1.9009113334880346e-06,1.514026001485518e-06,-3.8688533200251653e-07,1.5229882639748366e-06,-3.7792306951319794e-07,3.4726643536642004e-17,2,8.086761413011606e-09,1.1368683772161603e-13,4.440892098500626e-16,3.7748010482145524e-16,0.0
25.6875,0.0625,0.01979696875,4.827929381563149e-09,1.9007557671897134e-06,1.514417963840266e-06,-3.863378033494475e-07,1.5233865079699755e-06,-3.773692592197379e-07,3.4709947723158234e-17,2,8.080216582974204e-09,1.1368683772161603e-13,8.881784197001252e-16,3.774800009398388e-16,0.0
25.75,0.0625,0.019797375,4.827784304072816e-09,1.9006004212095735e-06,1.5148079093695267e-06,-3.8579251184004685e-07,1.5237827124833224e-06,-3.7681770872625114e-07,3.472692808677272e-17,2,8.073685336842044e-09,1.1368683772161603e-13,4.440892098500626e-16,3.7747989694128156e-16,0.0
25.8125,0.0625,0.01979778125,4.827639412859377e-09,1.9004452946521648e-06,1.5151958525515441e-06,-3.8524944210062066e-07,1.5241768921373269e-06,-3.762684025148379e-07,3.472175324486059e-17,2,8.067167848767759e-09,1.1368683772161603e-13,4.440892098500626e-16,3.7747979282594743e-16,0.0
25.875,0.0625,0.0197981875,4.8274947071676355e-09,1.9002903866281695e-06,1.5155818077242175e-06,-3.8470857890395196e-07,1.5245690614128151e-06,-3.7572132521535434e-07,3.47250156451965e-17,2,8.060663944598716e-09,1.1368683772161603e-13,4.440892098500626e-16,3.774796885939995e-16,0.0
25.9375,0.0625,0.01979859375,4.827350186247563e-09,1.9001356962543425e-06,1.515965789086708e-06,-3.8416990716763445e-07,1.5249592346506053e-06,-3.751764616037372e-07,3.4714163035559804e-17,2,8.054173798487546e-09,1.1368683772161603e-13,4.440892098500626e-16,3.774795842456004e-16,0.0
26.0,0.0625,0.019799,4.8272058493542435e-09,1.899981222653454e-06,1.5163478107011669e-06,-3.8363341195228715e-07,1.525347426053254e-06,-3.746337966002001e-07,3.4719311407692334e-17,2,8.047697584586882e-09,1.1368683772161603e-13,4.440892098500626e-16,3.7747947978091214e-16,0.0
26.0625,0.0625,0.019799406250000002,4.827061695747829e-09,1.8998269649542315e-06,1.5167278864943218e-06,-3.830990784599097e-07,1.525733649686653e-06,-3.740933152675785e-07,3.4701828118265414e-17,2,8.041234780438829e-09,1.1368683772161603e-13,8.881784197001252e-16,3.7747937520009633e-16,0.0
26.125,0.0625,0.0197998125,4.82691772469349e-09,1.899672922291307e-06,1.5171060302590611e-06,-3.825668920322458e-07,1.526117919481629e-06,-3.735550028096779e-07,3.4733962430701874e-17,2,8.034785386043388e-09,1.1368683772161603e-13,4.440892098500626e-16,3.7747927050331377e-16,0.0
26.1875,0.0625,0.01980021875,4.826773935461371e-09,1.899519093805157e-06,1.5174822556560804e-06,-3.8203683814907665e-07,1.5265002492356014e-06,-3.7301884456955557e-07,3.4752206726292343e-17,2,8.02834974970582e-09,5.684341886080802e-14,8.881784197001252e-16,3.483052626274873e-16,0.0
26.25,0.0625,0.019800625000000002,4.8266303273265414e-09,1.8993654786420496e-06,1.5178565762153945e-06,-3.815089024266551e-07,1.5268806526141102e-06,-3.7248482602793943e-07,3.4738349796670855e-17,2,8.021927697273494e-09,1.1368683772161603e-13,4.440892098500626e-16,3.7747906076248893e-16,0.0
26.3125,0.0625,0.01980103125,4.82648689956895e-09,1.8992120759539904e-06,1.5182290053379077e-06,-3.8098307061608267e-07,1.5272591431523966e-06,-3.719529328015938e-07,3.474012327190417e-17,2,8.015519228746412e-09,1.1368683772161603e-13,4.440892098500626e-16,3.774789557187655e-16,0.0
26.375,0.0625,0.0198014375,4.826343651473376e-09,1.8990588848986699e-06,1.5185995562968828e-06,-3.804593286017871e-07,1.5276357342568865e-06,-3.714231506417834e-07,3.47344190344e-17,2,8.00912434412457e-09,1.1368683772161603e-13,4.440892098500626e-16,3.774788505597129e-16,0.0
26.4375,0.0625,0.01980184375,4.826200582329391e-09,1.8989059046394088e-06,1.51896824223952e-06,-3.799376623998889e-07,1.5280104392067822e-06,-3.708954654326266e-07,3.475390740963175e-17,2,8.002742520950077e-09,1.1368683772161603e-13,8.881784197001252e-16,3.7747874528548926e-16,0.0
26.5,0.0625,0.01980225,4.826057691431313e-09,1.898753134345105e-06,1.5193350761883822e-06,-3.794180581567227e-07,1.5283832711554986e-06,-3.7036986318960635e-07,3.4733519061893545e-17,2,7.996374804138722e-09,1.1368683772161603e-13,8.881784197001252e-16,3.7747863989625184e-16,0.0
26.5625,0.0625,0.01980265625,4.825914978078152e-09,1.8986005731901847e-06,1.5197000710428243e-06,-3.7890050214736045e-07,1.528754243132106e-06,-3.698463300580787e-07,3.474638337477997e-17,2,7.990019974622084e-09,1.1368683772161603e-13,4.440892098500626e-16,3.774785343921575e-16,0.0
26.625,0.0625,0.0198030625,4.825772441573582e-09,1.8984482203545482e-06,1.5200632395805348e-06,-3.783849807740134e-07,1.529123368042885e-06,-3.693248523116632e-07,3.472391053189813e-17,2,7.983678729010687e-09,1.1368683772161603e-13,4.440892098500626e-16,3.7747842877336267e-16,0.0
26.6875,0.0625,0.01980346875,4.825630081225887e-09,1.8982960750235214e-06,1.5204245944588332e-06,-3.778714805646882e-07,1.529490658672633e-06,-3.688054163508884e-07,3.474765392420085e-17,2,7.977350544846641e-09,1.1368683772161603e-13,8.881784197001252e-16,3.77478323040023e-16,0.0
26.75,0.0625,0.019803875000000002,4.825487896347923e-09,1.8981441363878046e-06,1.5207841482161762e-06,-3.7735998817162846e-07,1.5298561276861856e-06,-3.6828800870161904e-07,3.473464402752662e-17,2,7.971036118740467e-09,1.1368683772161603e-13,4.440892098500626e-16,3.7747821719229366e-16,0.0
26.8125,0.0625,0.01980428125,4.825345886257074e-09,1.897992403643424e-06,1.5211419132734553e-06,-3.7685049036996866e-07,1.5302197876297238e-06,-3.677726160137002e-07,3.474697894482101e-17,2,7.964734754081641e-09,1.1368683772161603e-13,4.440892098500626e-16,3.7747811123032933e-16,0.0
26.875,0.0625,0.0198046875,4.825204050275211e-09,1.897840875991681e-06,1.5214979019354268e-06,-3.7634297405625414e-07,1.530581650932216e-06,-3.6725922505946496e-07,3.4749592835556676e-17,2,7.958446799175428e-09,1.1368683772161603e-13,4.440892098500626e-16,3.77478005154284e-16,0.0
26.9375,0.0625,0.019805093750000002,4.825062387728654e-09,1.8976895526391068e-06,1.5218521263920163e-06,-3.758374262470904e-07,1.5309417299067355e-06,-3.667478227323712e-07,3.476024692184636e-17,2,7.952171905716562e-09,5.684341886080802e-14,4.440892098500626e-16,1.8873894948215564e-16,0.0
27.0,0.0625,0.0198055,4.824920897948124e-09,1.8975384327974118e-06,1.5222045987196777e-06,-3.7533383407773406e-07,1.5313000367518288e-06,-3.66238396045583e-07,3.476822094295137e-17,2,7.945910422010308e-09,1.1368683772161603e-13,8.881784197001252e-16,3.774777926605642e-16,0.0
27.0625,0.0625,0.01980590625,4.824779580268712e-09,1.8973875156834395e-06,1.5225553308826498e-06,-3.7483218480078967e-07,1.5316565835527848e-06,-3.6573093213065475e-07,3.474356434325239e-17,2,7.939662348056664e-09,1.1368683772161603e-13,4.440892098500626e-16,3.7747768624319513e-16,0.0
27.125,0.0625,0.0198063125,4.824638434029831e-09,1.8972368005191206e-06,1.522904334734287e-06,-3.743324657848335e-07,1.5320113822829752e-06,-3.6522541823614537e-07,3.475123396189198e-17,2,7.933427161397739e-09,1.1368683772161603e-13,4.440892098500626e-16,3.77477579712356e-16,0.0
27.1875,0.0625,0.01980671875,4.824497458575182e-09,1.8970862865314266e-06,1.5232516220183482e-06,-3.7383466451307844e-07,1.532364444805156e-06,-3.647218417262706e-07,3.474716423327822e-17,2,7.92720503618616e-09,1.1368683772161603e-13,8.881784197001252e-16,3.7747747306819825e-16,0.0
27.25,0.0625,0.019807125000000002,4.824356653252714e-09,1.8969359729523232e-06,1.523597204370219e-06,-3.7333876858210424e-07,1.5327157828727002e-06,-3.64220190079623e-07,3.476538205908909e-17,2,7.920995972421931e-09,1.1368683772161603e-13,4.440892098500626e-16,3.774773663108727e-16,0.0
27.3125,0.0625,0.01980753125,4.824216017414586e-09,1.8967858590187248e-06,1.5239410933181816e-06,-3.728447657005432e-07,1.5330654081308768e-06,-3.6372045088784794e-07,3.4732261747362465e-17,2,7.914800318410315e-09,1.1368683772161603e-13,4.440892098500626e-16,3.774772594405298e-16,0.0
27.375,0.0625,0.0198079375,4.8240755504171265e-09,1.8966359439724533e-06,1.5242833002845918e-06,-3.7235264368786156e-07,1.5334133321180405e-06,-3.6322261185441287e-07,3.4760842491887397e-17,2,7.908617203388152e-09,1.7053025658242404e-13,8.881784197001252e-16,5.662157286859789e-16,0.0
27.4375,0.0625,0.019808343750000002,4.823935251620799e-09,1.8964862270601898e-06,1.52462383658716e-06,-3.7186239047302993e-07,1.5337595662669212e-06,-3.6272666079326867e-07,3.475234569263525e-17,2,7.902447323965967e-09,1.1368683772161603e-13,4.440892098500626e-16,3.774770453613904e-16,0.0
27.5,0.0625,0.01980875,4.823795120390162e-09,1.8963367075334321e-06,1.5249627134400912e-06,-3.7137399409334097e-07,1.5341041219057769e-06,-3.6223258562765527e-07,3.47265575098583e-17,2,7.896291202601659e-09,1.1368683772161603e-13,4.440892098500626e-16,3.77476938152892e-16,0.0
27.5625,0.0625,0.01980915625,4.823655156093836e-09,1.8961873846484557e-06,1.5252999419552483e-06,-3.708874426932074e-07,1.5344470102595632e-06,-3.617403743888925e-07,3.47624042088839e-17,2,7.890147097768909e-09,1.1368683772161603e-13,8.881784197001252e-16,3.774768308319723e-16,0.0
27.625,0.0625,0.0198095625,4.823515358104467e-09,1.8960382576662648e-06,1.5256355331433418e-06,-3.70402724522923e-07,1.5347882424511363e-06,-3.6125001521512846e-07,3.4778292694089816e-17,2,7.884015880230878e-09,1.1368683772161603e-13,8.881784197001252e-16,3.774767233987792e-16,0.0
27.6875,0.0625,0.01980996875,4.823375725798683e-09,1.8958893258525533e-06,1.5259694979151237e-06,-3.6991982793742965e-07,1.5351278295024578e-06,-3.6076149635009553e-07,3.4772952416055173e-17,2,7.877897898292827e-09,1.1368683772161603e-13,8.881784197001252e-16,3.7747661585345983e-16,0.0
27.75,0.0625,0.019810375,4.8232362585570706e-09,1.8957405884776647e-06,1.5263018470824105e-06,-3.694387413952542e-07,1.535465782335623e-06,-3.6027480614204176e-07,3.476883636532711e-17,2,7.87179262949686e-09,5.684341886080802e-14,8.881784197001252e-16,3.483052626274873e-16,0.0
27.8125,0.0625,0.01981078125,4.823096955764131e-09,1.8955920448165479e-06,1.5266325913592759e-06,-3.6895945345727197e-07,1.5358021117740667e-06,-3.597899330424812e-07,3.4769531197041654e-17,2,7.865700596300874e-09,1.1368683772161603e-13,4.440892098500626e-16,3.7747640042702873e-16,0.0
27.875,0.0625,0.0198111875,4.822957816808247e-09,1.895443694148717e-06,1.5269617413631645e-06,-3.6848195278555245e-07,1.5361368285436873e-06,-3.593068656050296e-07,3.4736635878441645e-17,2,7.859621276246973e-09,5.684341886080802e-14,4.440892098500626e-16,1.8873814627310453e-16,0.0
27.9375,0.0625,0.019811593750000002,4.822818841081653e-09,1.895295535758215e-06,1.5272893076158637e-06,-3.6800622814235135e-07,1.5364699432738243e-06,-3.5882559248439076e-07,3.476436297257442e-17,2,7.853554146877266e-09,1.1368683772161603e-13,4.440892098500626e-16,3.774761845538471e-16,0.0
28.0,0.0625,0.019812,4.822680027980396e-09,1.8951475689335676e-06,1.5276153005447208e-06,-3.675322683888468e-07,1.5368014664984885e-06,-3.583461024350791e-07,3.473543150346977e-17,2,7.8475006014128e-09,1.1368683772161603e-13,4.440892098500626e-16,3.7747607645008766e-16,0.0
28.0625,0.0625,0.01981240625,4.822541376904304e-09,1.8949997929677486e-06,1.5279397304836032e-06,-3.670600624841454e-07,1.5371314086573288e-06,-3.5786838431041987e-07,3.474390183294231e-17,2,7.841459072479894e-09,1.1368683772161603e-13,8.881784197001252e-16,3.774759682350749e-16,0.0
28.125,0.0625,0.019812812500000002,4.822402887256955e-09,1.8948522071581385e-06,1.528262607673998e-06,-3.665895994841406e-07,1.5374597800967436e-06,-3.57392427061395e-07,3.475343757104382e-17,2,7.835430430841707e-09,1.1368683772161603e-13,4.440892098500626e-16,3.774758599089527e-16,0.0
28.1875,0.0625,0.01981321875,4.822264558445638e-09,1.894704810806488e-06,1.5285839422660122e-06,-3.661208685404757e-07,1.5377865910708878e-06,-3.569182197356001e-07,3.475372212117454e-17,2,7.829414502345605e-09,5.684341886080802e-14,4.440892098500626e-16,1.8873787573593216e-16,0.0
28.25,0.0625,0.019813625,4.822126389881329e-09,1.8945576032188774e-06,1.5289037443193963e-06,-3.656538588994811e-07,1.5381118517427054e-06,-3.56445751476172e-07,3.477446781093737e-17,2,7.823411112838958e-09,1.1368683772161603e-13,4.440892098500626e-16,3.774756429239526e-16,0.0
28.3125,0.0625,0.01981403125,4.821988380978653e-09,1.8944105837056799e-06,1.529222023804554e-06,-3.6518855990112576e-07,1.5384355721849503e-06,-3.5597501152072954e-07,3.475820213137213e-17,2,7.817420436474397e-09,1.1368683772161603e-13,4.440892098500626e-16,3.7747553426535996e-16,0.0
28.375,0.0625,0.0198144375,4.821850531155852e-09,1.894263751581526e-06,1.5295387906035534e-06,-3.647249609779726e-07,1.5387577623812028e-06,-3.5550598920032313e-07,3.475182953193302e-17,2,7.81144247325192e-09,1.1368683772161603e-13,8.881784197001252e-16,3.774754254962281e-16,0.0
28.4375,0.0625,0.01981484375,4.821712839834757e-09,1.8941171061652646e-06,1.5298540545110452e-06,-3.642630516542194e-07,1.5390784322267998e-06,-3.5503867393846485e-07,3.476337035583936e-17,2,7.805476352408374e-09,1.1368683772161603e-13,4.440892098500626e-16,3.7747531661669847e-16,0.0
28.5,0.0625,0.01981525,4.821575306440757e-09,1.8939706467799264e-06,1.5301678252352988e-06,-3.6380282154462755e-07,1.5393975915298762e-06,-3.545730552500502e-07,3.4758321245380335e-17,2,7.799523467164808e-09,1.1368683772161603e-13,4.440892098500626e-16,3.7747520762691194e-16,0.0
28.5625,0.0625,0.01981565625,4.821437930402765e-09,1.89382437275269e-06,1.5304801123990932e-06,-3.633442603535969e-07,1.5397152500122675e-06,-3.541091227404226e-07,3.474719070305782e-17,2,7.793582772605434e-09,1.1368683772161603e-13,4.440892098500626e-16,3.7747509852700896e-16,0.0
28.625,0.0625,0.019816062500000002,4.8213007111531886e-09,1.8936782834148444e-06,1.5307909255407107e-06,-3.628873578741337e-07,1.5400314173105083e-06,-3.536468661043361e-07,3.474730319962113e-17,2,7.787654791188145e-09,5.684341886080802e-14,4.440892098500626e-16,1.887374946585647e-16,0.0
28.6875,0.0625,0.01981646875,4.821163648127902e-09,1.8935323781017529e-06,1.5311002741148536e-06,-3.6243210398689926e-07,1.5403461029767603e-06,-3.5318627512499256e-07,3.47281126094099e-17,2,7.781738826302417e-09,1.1368683772161603e-13,8.881784197001252e-16,3.774748799974129e-16,0.0
28.75,0.0625,0.019816875,4.821026740766217e-09,1.8933866561528226e-06,1.5314081674935004e-06,-3.6197848865932217e-07,1.540659316479675e-06,-3.5272733967314766e-07,3.477059660567062e-17,2,7.775835226253513e-09,1.1368683772161603e-13,4.440892098500626e-16,3.774747705679984e-16,0.0
28.8125,0.0625,0.01981728125,4.820889988510847e-09,1.8932411169114625e-06,1.5317146149669247e-06,-3.615265019445378e-07,1.5409710672054204e-06,-3.5227004970604207e-07,3.472721925434834e-17,2,7.769944339346694e-09,1.1368683772161603e-13,8.881784197001252e-16,3.7747466102902467e-16,0.0
28.875,0.0625,0.0198176875,4.820753390807886e-09,1.8930957597250576e-06,1.532019625744456e-06,-3.610761339806015e-07,1.5412813644584506e-06,-3.51814395266607e-07,3.475511840204853e-17,2,7.764065294818804e-09,1.1368683772161603e-13,8.881784197001252e-16,3.7747455138062976e-16,0.0
28.9375,0.0625,0.01981809375,4.820616947106776e-09,1.8929505839449276e-06,1.5323232089554928e-06,-3.6062737498943483e-07,1.541590217462526e-06,-3.513603664824017e-07,3.4746019415310447e-17,2,7.758198963433002e-09,1.1368683772161603e-13,4.440892098500626e-16,3.7747444162295134e-16,0.0
29.0,0.0625,0.0198185,4.820480656860279e-09,1.8928055889263003e-06,1.5326253736502856e-06,-3.6018021527601466e-07,1.5418976353615046e-06,-3.509079535647957e-07,3.475266994743537e-17,2,7.752344474426128e-09,1.1368683772161603e-13,4.440892098500626e-16,3.774743317561265e-16,0.0
29.0625,0.0625,0.01981890625,4.820344519524448e-09,1.8926607740282728e-06,1.5329261288008126e-06,-3.5973464522746024e-07,1.5422036272202253e-06,-3.5045714680804746e-07,3.475804993013942e-17,2,7.746502350256076e-09,1.1368683772161603e-13,8.881784197001252e-16,3.774742217802922e-16,0.0
29.125,0.0625,0.019819312500000002,4.8202085345586e-09,1.8925161386137819e-06,1.5332254833016604e-06,-3.5929065531212145e-07,1.542508202025396e-06,-3.5000793658838596e-07,3.474562898606132e-17,2,7.740672416770218e-09,1.1368683772161603e-13,4.440892098500626e-16,3.774741116955847e-16,0.0
29.1875,0.0625,0.01981971875,4.8200727014252904e-09,1.8923716820495718e-06,1.533523445970828e-06,-3.588482360787439e-07,1.5428113686864038e-06,-3.4956031336316806e-07,3.4753464040823424e-17,2,7.734855022273813e-09,1.1368683772161603e-13,4.440892098500626e-16,3.7747400150213983e-16,0.0
29.25,0.0625,0.019820125,4.81993701959028e-09,1.8922274037061608e-06,1.5338200255505625e-06,-3.5840737815559837e-07,1.5431131360361614e-06,-3.491142676699994e-07,3.4750492808063133e-17,2,7.729048947698444e-09,1.1368683772161603e-13,4.440892098500626e-16,3.774738912000931e-16,0.0
29.3125,0.0625,0.019820531250000002,4.819801488522517e-09,1.8920833029578097e-06,1.5341152307081683e-06,-3.579680722496414e-07,1.543413512831919e-06,-3.4866979012589074e-07,3.476136527003453e-17,2,7.723255586265162e-09,1.1368683772161603e-13,4.440892098500626e-16,3.774737807895795e-16,0.0
29.375,0.0625,0.0198209375,4.8196661076941005e-09,1.8919393791824916e-06,1.5344090700368724e-06,-3.5753030914561927e-07,1.5437125077561411e-06,-3.482268714263505e-07,3.472451933682897e-17,2,7.717474067210808e-09,1.7053025658242404e-13,4.440892098500626e-16,5.662105054061004e-16,0.0
29.4375,0.0625,0.01982134375,4.819530876580262e-09,1.8917956317618606e-06,1.5347015520565054e-06,-3.570940797053552e-07,1.5440101294171916e-06,-3.4778550234466894e-07,3.474353125602789e-17,2,7.711704738840646e-09,1.1368683772161603e-13,4.440892098500626e-16,3.7747355964368947e-16,0.0
29.5,0.0625,0.01982175,4.8193957946593345e-09,1.8916520600812199e-06,1.5349926852144126e-06,-3.5665937486680727e-07,1.5443063863502541e-06,-3.4734567373096574e-07,3.473171249943573e-17,2,7.705947078696782e-09,1.1368683772161603e-13,4.440892098500626e-16,3.7747344890858093e-16,0.0
29.5625,0.0625,0.01982215625,4.819260861412728e-09,1.8915086635294936e-06,1.535282477886121e-06,-3.5622618564337265e-07,1.5446012870180042e-06,-3.469073765114894e-07,3.4752411867084256e-17,2,7.70020160923711e-09,1.1368683772161603e-13,8.881784197001252e-16,3.7747333806554113e-16,0.0
29.625,0.0625,0.0198225625,4.819126076324908e-09,1.8913654414991945e-06,1.5355709383761957e-06,-3.5579450312299883e-07,1.5448948398114735e-06,-3.4647060168772105e-07,3.475320596047231e-17,2,7.694468156309e-09,1.1368683772161603e-13,4.440892098500626e-16,3.7747322711470304e-16,0.0
29.6875,0.0625,0.01982296875,4.818991438883358e-09,1.891222393386395e-06,1.5358580749189617e-06,-3.553643184674334e-07,1.5451870530507775e-06,-3.4603534033561757e-07,3.4745681925620525e-17,2,7.688746371607186e-09,1.1368683772161603e-13,4.440892098500626e-16,3.774731160561989e-16,0.0
29.75,0.0625,0.019823375,4.8188569485785736e-09,1.891079518590699e-06,1.5361438956792434e-06,-3.5493562291145555e-07,1.5454779349858643e-06,-3.456015836048347e-07,3.4754582389011596e-17,2,7.683036603436934e-09,5.684341886080802e-14,4.440892098500626e-16,1.887365024450804e-16,0.0
29.8125,0.0625,0.019823781250000002,4.818722604904018e-09,1.8909368165152113e-06,1.5364284087530861e-06,-3.5450840776212515e-07,1.5457674937972384e-06,-3.4516932271797286e-07,3.4731970579786846e-17,2,7.677338677645611e-09,1.7053025658242404e-13,8.881784197001252e-16,5.662093404250805e-16,0.0
29.875,0.0625,0.0198241875,4.818588407356111e-09,1.8907942865665092e-06,1.5367116221685183e-06,-3.5408266439799085e-07,1.5460557375967342e-06,-3.4473854896977493e-07,3.471835187818177e-17,2,7.671652594233217e-09,1.1368683772161603e-13,4.440892098500626e-16,3.7747278223600863e-16,0.0
29.9375,0.0625,0.01982459375,4.818454355434202e-09,1.890651928154615e-06,1.5369935438862604e-06,-3.5365838426835456e-07,1.5463426744282263e-06,-3.443092537263886e-07,3.473950123208353e-17,2,7.66597800489449e-09,1.1368683772161603e-13,8.881784197001252e-16,3.7747267074815643e-16,0.0
30.0,0.0625,0.019825000000000002,4.818320448640538e-09,1.8905097406929665e-06,1.5372741818004293e-06,-3.5323555889253713e-07,1.5466283122683468e-06,-3.438814284246197e-07,3.473845567578926e-17,2,7.660315257934693e-09,1.1368683772161603e-13,4.440892098500626e-16,3.77472559153294e-16,0.0
30.0625,0.0625,0.01982540625,4.818186686480254e-09,1.8903677235983894e-06,1.5375535437392783e-06,-3.528141798591111e-07,1.5469126590272243e-06,-3.4345506457116514e-07,3.4719648897382256e-17,2,7.654664353353825e-09,1.1368683772161603e-13,4.440892098500626e-16,3.774724474515512e-16,0.0
30.125,0.0625,0.0198258125,4.818053068461335e-09,1.8902258762910704e-06,1.5378316374657883e-06,-3.5239423882528206e-07,1.547195722549087e-06,-3.4303015374198344e-07,3.473643073764973e-17,2,7.649025116999254e-09,1.1368683772161603e-13,4.440892098500626e-16,3.7747233564305764e-16,0.0
30.1875,0.0625,0.01982621875,4.817919594094602e-09,1.890084198194529e-06,1.5381084706784897e-06,-3.519757275160393e-07,1.5474775106130881e-06,-3.426066875814408e-07,3.471467919626204e-17,2,7.643397723023613e-09,1.1368683772161603e-13,4.440892098500626e-16,3.7747222372794236e-16,0.0
30.25,0.0625,0.019826625,4.817786262893688e-09,1.8899426887355913e-06,1.5383840510120336e-06,-3.515586377235577e-07,1.5477580309338841e-06,-3.4218465780170717e-07,3.4724135525024744e-17,2,7.637781474816376e-09,1.1368683772161603e-13,4.440892098500626e-16,3.77472111706334e-16,0.0
30.3125,0.0625,0.019827031250000002,4.817653074375011e-09,1.8898013473443625e-06,1.5386583860378984e-06,-3.5114296130646414e-07,1.5480372911623473e-06,-3.417640561820152e-07,3.473346612233434e-17,2,7.632177068988068e-09,1.1368683772161603e-13,4.440892098500626e-16,3.7747199957836103e-16,0.0
30.375,0.0625,0.0198274375,4.817520028057755e-09,1.8896601734542008e-06,1.5389314832650812e-06,-3.5072869018911956e-07,1.5483152988862617e-06,-3.4134487456793915e-07,3.471989374284357e-17,2,7.626584157233426e-09,1.1368683772161603e-13,4.440892098500626e-16,3.7747188734415116e-16,0.0
30.4375,0.0625,0.01982784375,4.817387123463849e-09,1.8895191665016912e-06,1.5392033501406599e-06,-3.503158163610313e-07,1.5485920616308934e-06,-3.409271048707978e-07,3.4710457266415567e-17,2,7.621002913705084e-09,1.1368683772161603e-13,4.440892098500626e-16,3.774717750038319e-16,0.0
30.5,0.0625,0.019828250000000002,4.817254360117938e-09,1.8893783259266192e-06,1.539473994050525e-06,-3.499043318760942e-07,1.548867586859727e-06,-3.4051073906689215e-07,3.4713699814416775e-17,2,7.615432990097778e-09,1.1368683772161603e-13,4.440892098500626e-16,3.774716625575304e-16,0.0
30.5625,0.0625,0.01982865625,4.81712173754737e-09,1.8892376511719468e-06,1.5397434223199527e-06,-3.4949422885199404e-07,1.5491418819750445e-06,-3.4009576919690227e-07,3.4725425926780326e-17,2,7.609874386411505e-09,5.684341886080802e-14,8.881784197001252e-16,3.483052626274873e-16,0.0
30.625,0.0625,0.0198290625,4.8169892552821695e-09,1.8890971416837838e-06,1.5400116422143097e-06,-3.4908549946947414e-07,1.5494149543186351e-06,-3.396821873651487e-07,3.471396451221279e-17,2,7.604327276798899e-09,1.1368683772161603e-13,8.881784197001252e-16,3.7747143734748655e-16,0.0
30.6875,0.0625,0.01982946875,4.816856912855015e-09,1.8889567969113662e-06,1.5402786609395817e-06,-3.486781359717845e-07,1.5496868111723304e-06,-3.3926998573903576e-07,3.473314186753422e-17,2,7.59879148710733e-09,1.1368683772161603e-13,8.881784197001252e-16,3.774713245839965e-16,0.0
30.75,0.0625,0.019829875,4.816724709801219e-09,1.888816616307028e-06,1.5405444856430545e-06,-3.482721306639735e-07,1.549957459758693e-06,-3.3885915654833494e-07,3.471315718393494e-17,2,7.59326753979469e-09,1.1368683772161603e-13,4.440892098500626e-16,3.7747121171502855e-16,0.0
30.8125,0.0625,0.01983028125,4.816592645658713e-09,1.8886765993261803e-06,1.5408091234138854e-06,-3.478674759122949e-07,1.5502269072415879e-06,-3.384496920845924e-07,3.4714507142694626e-17,2,7.587754564097821e-09,1.1368683772161603e-13,4.440892098500626e-16,3.7747109874070776e-16,0.0
30.875,0.0625,0.0198306875,4.816460719968016e-09,1.8885367454272839e-06,1.5410725812836803e-06,-3.474641641436035e-07,1.5504951607267698e-06,-3.380415847005141e-07,3.4720886359578635e-17,2,7.582252908321989e-09,1.1368683772161603e-13,4.440892098500626e-16,3.77470985661159e-16,0.0
30.9375,0.0625,0.01983109375,4.816328932272221e-09,1.8883970540718251e-06,1.5413348662271497e-06,-3.470621878446754e-07,1.5507622272625427e-06,-3.3763482680928246e-07,3.471422921000881e-17,2,7.576762572467192e-09,1.7053025658242404e-13,4.440892098500626e-16,5.662063087147598e-16,0.0
31.0,0.0625,0.019831500000000002,4.816197282116972e-09,1.888257524724295e-06,1.541595985162635e-06,-3.4666153956166006e-07,1.551028113840293e-06,-3.37229410884002e-07,3.4699035556517435e-17,2,7.57128355653343e-09,1.1368683772161603e-13,4.440892098500626e-16,3.774707591868742e-16,0.0
31.0625,0.0625,0.01983190625,4.816065769050449e-09,1.8881181568521626e-06,1.5418559449527067e-06,-3.462622118994558e-07,1.5512928273950905e-06,-3.368253294570721e-07,3.470767132211249e-17,2,7.565815512215441e-09,1.1368683772161603e-13,4.440892098500626e-16,3.7747064579238576e-16,0.0
31.125,0.0625,0.0198323125,4.815934392623337e-09,1.8879789499258516e-06,1.5421147524047214e-06,-3.458641975211302e-07,1.5515563748062524e-06,-3.3642257511959927e-07,3.47000678779219e-17,2,7.560358961971119e-09,1.1368683772161603e-13,8.881784197001252e-16,3.7747053229316437e-16,0.0
31.1875,0.0625,0.019832718750000002,4.81580315238882e-09,1.88783990341872e-06,1.5423724142714124e-06,-3.4546748914730753e-07,1.551818762897938e-06,-3.36021140520782e-07,3.467555024456583e-17,2,7.554913557495201e-09,1.1368683772161603e-13,4.440892098500626e-16,3.774704186893328e-16,0.0
31.25,0.0625,0.019833125,4.815672047902551e-09,1.8877010168070344e-06,1.5426289372513965e-06,-3.4507207955563787e-07,1.5520799984396626e-06,-3.3562101836737177e-07,3.469742751740663e-17,2,7.549478602177162e-09,1.1368683772161603e-13,4.440892098500626e-16,3.774703049810136e-16,0.0
31.3125,0.0625,0.01983353125,4.8155410787226375e-09,1.8875622895699475e-06,1.5428843279897803e-06,-3.446779615801672e-07,1.5523400881469055e-06,-3.352222014230421e-07,3.468574110971248e-17,2,7.54405531508542e-09,1.1368683772161603e-13,8.881784197001252e-16,3.7747019116832885e-16,0.0
31.375,0.0625,0.0198339375,4.81541024440962e-09,1.8874237211894776e-06,1.543138593078615e-06,-3.442851281108625e-07,1.552599038681573e-06,-3.348246825079046e-07,3.4690949038849116e-17,2,7.538642999609451e-09,1.1368683772161603e-13,8.881784197001252e-16,3.7747007725140023e-16,0.0
31.4375,0.0625,0.01983434375,4.815279544526455e-09,1.8872853111504838e-06,1.543391739057563e-06,-3.4389357209292076e-07,1.5528568566526683e-06,-3.3442845449781547e-07,3.4685344063018457e-17,2,7.533241655749256e-09,1.1368683772161603e-13,8.881784197001252e-16,3.7746996323034917e-16,0.0
31.5,0.0625,0.01983475,4.8151489786384966e-09,1.8871470589406459e-06,1.5436437724143032e-06,-3.435032865263427e-07,1.553113548616701e-06,-3.340335103239449e-07,3.469615696798575e-17,2,7.52785093519957e-09,1.1368683772161603e-13,8.881784197001252e-16,3.7746984910529667e-16,0.0
31.5625,0.0625,0.01983515625,4.815018546313475e-09,1.887008964050441e-06,1.5438946995851173e-06,-3.431142644653237e-07,1.5533691210782804e-06,-3.3363984297216065e-07,3.4687051363802766e-17,2,7.522471882876183e-09,1.7053025658242404e-13,8.881784197001252e-16,5.662046023145449e-16,0.0
31.625,0.0625,0.0198355625,4.8148882471214805e-09,1.886871025973124e-06,1.5441445269554073e-06,-3.4272649901771676e-07,1.5536235804906356e-06,-3.332474454824885e-07,3.4689096154277e-17,2,7.517103105558042e-09,1.1368683772161603e-13,4.440892098500626e-16,3.774696205436691e-16,0.0
31.6875,0.0625,0.019835968750000002,4.8147580806349436e-09,1.886733244204704e-06,1.5443932608601536e-06,-3.423399833445503e-07,1.5538769332560802e-06,-3.328563109486237e-07,3.468476172786722e-17,2,7.511745648160938e-09,1.1368683772161603e-13,4.440892098500626e-16,3.774695061073342e-16,0.0
31.75,0.0625,0.019836375,4.814628046428622e-09,1.8865956182439233e-06,1.5446409075845023e-06,-3.4195471065942097e-07,1.5541291857266018e-06,-3.3246643251732155e-07,3.466663654628496e-17,2,7.506399162379605e-09,1.1368683772161603e-13,4.440892098500626e-16,3.7746939156747817e-16,0.0
31.8125,0.0625,0.01983678125,4.814498144079573e-09,1.8864581475922403e-06,1.5448874733641598e-06,-3.415706742280805e-07,1.5543803442042636e-06,-3.320778033879767e-07,3.469994214646879e-17,2,7.501062951603521e-09,1.1368683772161603e-13,8.881784197001252e-16,3.7746927692422e-16,0.0
31.875,0.0625,0.0198371875,4.814368373167147e-09,1.886320831753801e-06,1.5451329643860168e-06,-3.411878673677842e-07,1.5546304149418317e-06,-3.316904168119693e-07,3.46438659183826e-17,2,7.495738409053734e-09,1.1368683772161603e-13,4.440892098500626e-16,3.774691621776788e-16,0.0
31.9375,0.0625,0.01983759375,4.81423873327296e-09,1.886183670235427e-06,1.545377386788474e-06,-3.4080628344695304e-07,1.5548794041431062e-06,-3.313042660923208e-07,3.467599361337416e-17,2,7.490423619051302e-09,1.1368683772161603e-13,4.440892098500626e-16,3.774690473279728e-16,0.0
32.0,0.0625,0.019838,4.814109223980884e-09,1.8860466625465892e-06,1.5456207466620822e-06,-3.40425915884507e-07,1.5551273179635638e-06,-3.3091934458302543e-07,3.4641477020773545e-17,2,7.485120323122536e-09,1.1368683772161603e-13,4.440892098500626e-16,3.7746893237522024e-16,0.0
32.0625,0.0625,0.01983840625,4.813979844877027e-09,1.885909808199391e-06,1.5458630500498776e-06,-3.400467581495133e-07,1.5553741625106997e-06,-3.3053564568869123e-07,3.4665769661003e-17,2,7.479827302199018e-09,1.1368683772161603e-13,8.881784197001252e-16,3.7746881731953876e-16,0.0
32.125,0.0625,0.0198388125,4.8138505955497125e-09,1.8857731067085448e-06,1.546104302947978e-06,-3.396688037605669e-07,1.5556199438446276e-06,-3.3015316286391724e-07,3.466403589043909e-17,2,7.47454507873864e-09,1.1368683772161603e-13,4.440892098500626e-16,3.774687021610459e-16,0.0
32.1875,0.0625,0.019839218750000002,4.81372147558947e-09,1.885636557591357e-06,1.5463445113059355e-06,-3.3929204628542154e-07,1.555864667978434e-06,-3.29771889612923e-07,3.467028275842509e-17,2,7.469273478588772e-09,1.1368683772161603e-13,4.440892098500626e-16,3.7746858689985864e-16,0.0
32.25,0.0625,0.019839625,4.81359248458901e-09,1.8855001603677035e-06,1.5465836810272801e-06,-3.389164793404234e-07,1.5561083408787312e-06,-3.2939181948897226e-07,3.4648835619502816e-17,2,7.464012675902047e-09,1.1368683772161603e-13,4.440892098500626e-16,3.774684715360937e-16,0.0
32.3125,0.0625,0.01984003125,4.813463622143214e-09,1.8853639145600132e-06,1.5468218179699347e-06,-3.3854209659007856e-07,1.5563509684660736e-06,-3.2901294609393966e-07,3.4645043823574873e-17,2,7.458762496525833e-09,1.1368683772161603e-13,4.440892098500626e-16,3.774683560698676e-16,0.0
32.375,0.0625,0.019840437500000002,4.813334887849118e-09,1.88522781969325e-06,1.5470589279466457e-06,-3.381688917466044e-07,1.5565925566153901e-06,-3.2863526307785994e-07,3.465244212697355e-17,2,7.453522592154864e-09,1.1368683772161603e-13,4.440892098500626e-16,3.774682405012962e-16,0.0
32.4375,0.0625,0.01984084375,4.813206281305889e-09,1.8850918752948899e-06,1.5472950167254574e-06,-3.377968585694325e-07,1.5568331111564673e-06,-3.2825876413842257e-07,3.4638022714535523e-17,2,7.448293311094406e-09,1.1368683772161603e-13,4.440892098500626e-16,3.7746812483049533e-16,0.0
32.5,0.0625,0.01984125,4.813077802114818e-09,1.884956080894905e-06,1.5475300900301178e-06,-3.3742599086478717e-07,1.5570726378743566e-06,-3.2788344302054843e-07,3.464016676668326e-17,2,7.44307482749709e-09,1.1368683772161603e-13,8.881784197001252e-16,3.7746800905758033e-16,0.0
32.5625,0.0625,0.01984165625,4.8129494498793e-09,1.8848204360257436e-06,1.5477641535405528e-06,-3.370562824851908e-07,1.5573111425098512e-06,-3.275092935158924e-07,3.463471399208531e-17,2,7.437866618905022e-09,1.1368683772161603e-13,8.881784197001252e-16,3.774678931826661e-16,0.0
32.625,0.0625,0.0198420625,4.812821224204817e-09,1.884684940222314e-06,1.547997212893253e-06,-3.366877273290608e-07,1.5575486307598816e-06,-3.2713630946243225e-07,3.463309271808471e-17,2,7.4326688594708315e-09,5.684341886080802e-14,8.881784197001252e-16,3.483052626274873e-16,0.0
32.6875,0.0625,0.01984246875,4.8126931246989245e-09,1.8845495930219622e-06,1.5482292736817252e-06,-3.36320319340237e-07,1.557785108277966e-06,-3.2676448474399616e-07,3.463750655383329e-17,2,7.427481026736626e-09,1.1368683772161603e-13,4.440892098500626e-16,3.774676611272987e-16,0.0
32.75,0.0625,0.019842875,4.812565150971237e-09,1.8844143939644573e-06,1.5484603414569115e-06,-3.3595405250754576e-07,1.558020580674636e-06,-3.263938132898213e-07,3.4632133188574146e-17,2,7.4223041656181936e-09,1.1368683772161603e-13,4.440892098500626e-16,3.774675449470738e-16,0.0
32.8125,0.0625,0.01984328125,4.81243730263341e-09,1.8842793425919722e-06,1.5486904217275458e-06,-3.355889208644264e-07,1.5582550535177958e-06,-3.260242890741764e-07,3.461103015678669e-17,2,7.41713775365764e-09,1.1368683772161603e-13,4.440892098500626e-16,3.774674286653066e-16,0.0
32.875,0.0625,0.019843687500000002,4.812309579299126e-09,1.8841444384490663e-06,1.5489195199606005e-06,-3.3522491848846585e-07,1.5584885323331737e-06,-3.256559061158926e-07,3.463969692809533e-17,2,7.41198109424444e-09,1.1368683772161603e-13,4.440892098500626e-16,3.774673122821103e-16,0.0
32.9375,0.0625,0.01984409375,4.812181980584079e-09,1.8840096810826661e-06,1.5491476415817346e-06,-3.348620395009315e-07,1.5587210226047735e-06,-3.252886584778926e-07,3.463316550997861e-17,2,7.4068348839891194e-09,1.1368683772161603e-13,4.440892098500626e-16,3.774671957975981e-16,0.0
33.0,0.0625,0.0198445,4.812054506105962e-09,1.8838750700420504e-06,1.5493747919756323e-06,-3.3450027806641806e-07,1.558952529775216e-06,-3.249225402668343e-07,3.461455063747372e-17,2,7.40169947119694e-09,1.7053025658242404e-13,4.440892098500626e-16,5.662006188178238e-16,0.0
33.0625,0.0625,0.01984490625,4.811927155484451e-09,1.8837406048788316e-06,1.5496009764864054e-06,-3.341396283924262e-07,1.559183059246147e-06,-3.2455754563268457e-07,3.461803141349134e-17,2,7.396573636799482e-09,1.1368683772161603e-13,4.440892098500626e-16,3.7746696252507607e-16,0.0
33.125,0.0625,0.0198453125,4.8117999283411875e-09,1.8836062851469379e-06,1.5498262004179918e-06,-3.33780084728946e-07,1.5594126163786374e-06,-3.241936687683005e-07,3.4592005002697973e-17,2,7.391458599865166e-09,1.1368683772161603e-13,4.440892098500626e-16,3.7746684573729073e-16,0.0
33.1875,0.0625,0.01984571875,4.8116728242997675e-09,1.8834721104025987e-06,1.550050469034534e-06,-3.334216413680647e-07,1.5596412064935668e-06,-3.238309039090319e-07,3.4585969892948786e-17,2,7.386353315478204e-09,1.1368683772161603e-13,4.440892098500626e-16,3.774667288486383e-16,0.0
33.25,0.0625,0.019846125,4.811545842985729e-09,1.883338080204326e-06,1.5502737875607427e-06,-3.3306429264358336e-07,1.5598688348719892e-06,-3.2346924533233686e-07,3.460118339877486e-17,2,7.381258131943858e-09,1.1368683772161603e-13,4.440892098500626e-16,3.7746661185923005e-16,0.0
33.3125,0.0625,0.01984653125,4.811418984026533e-09,1.883204194112898e-06,1.5504961611823263e-06,-3.327080329305717e-07,1.5600955067555673e-06,-3.231086873573308e-07,3.4617144675874685e-17,2,7.3761730492621275e-09,1.1368683772161603e-13,4.440892098500626e-16,3.7746649476917717e-16,0.0
33.375,0.0625,0.0198469375,4.811292247051551e-09,1.8830704516913414e-06,1.550717595046326e-06,-3.3235285664501545e-07,1.5603212273469116e-06,-3.227492243444298e-07,3.460222233762423e-17,2,7.371098241585645e-09,1.1368683772161603e-13,4.440892098500626e-16,3.774663775785905e-16,0.0
33.4375,0.0625,0.01984734375,4.811165631692052e-09,1.8829368525049185e-06,1.5509380942614723e-06,-3.3199875824344627e-07,1.5605460018099384e-06,-3.223908506949801e-07,3.461250584699949e-17,2,7.366033534761779e-09,5.684341886080802e-14,4.440892098500626e-16,1.8873313014379025e-16,0.0
33.5,0.0625,0.01984775,4.81103913758119e-09,1.8828033961211071e-06,1.5511576638985716e-06,-3.3164573222253547e-07,1.5607698352702608e-06,-3.220335608508463e-07,3.4571146816371836e-17,2,7.360978928790529e-09,1.1368683772161603e-13,4.440892098500626e-16,3.7746614289625726e-16,0.0
33.5625,0.0625,0.019848156250000002,4.810912764353989e-09,1.8826700821095882e-06,1.551376308990816e-06,-3.312937731187721e-07,1.5609927328155018e-06,-3.2167734929408637e-07,3.459833128002278e-17,2,7.355933901214001e-09,1.1368683772161603e-13,8.881784197001252e-16,3.7746602540473073e-16,0.0
33.625,0.0625,0.0198485625,4.810786511647325e-09,1.8825369100422274e-06,1.55159403453424e-06,-3.3094287550798733e-07,1.561214699495756e-06,-3.2132221054647145e-07,3.459446669220093e-17,2,7.350899148642721e-09,1.1368683772161603e-13,8.881784197001252e-16,3.7746590781311033e-16,0.0
33.6875,0.0625,0.01984896875,4.8106603790999246e-09,1.8824038794930597e-06,1.5518108454879814e-06,-3.305930340050784e-07,1.5614357403238493e-06,-3.209681391692104e-07,3.458884848148047e-17,2,7.345874496924057e-09,1.1368683772161603e-13,4.440892098500626e-16,3.774657901215053e-16,0.0
33.75,0.0625,0.019849375,4.810534366352337e-09,1.8822709900382744e-06,1.5520267467746387e-06,-3.3024424326363573e-07,1.5616558602757065e-06,-3.2061512976256797e-07,3.459043666825657e-17,2,7.340859597752746e-09,1.1368683772161603e-13,4.440892098500626e-16,3.7746567233002457e-16,0.0
33.8125,0.0625,0.01984978125,4.8104084730469336e-09,1.8821382412562002e-06,1.5522417432806481e-06,-3.298964979755521e-07,1.5618750642907229e-06,-3.2026317696547734e-07,3.458010021932211e-17,2,7.33585462528142e-09,1.1368683772161603e-13,4.440892098500626e-16,3.7746555443877665e-16,0.0
33.875,0.0625,0.0198501875,4.810282698827884e-09,1.8820056327272886e-06,1.5524558398565872e-06,-3.2954979287070135e-07,1.5620933572720797e-06,-3.199122754552089e-07,3.457491875996508e-17,2,7.330859405357448e-09,1.1368683772161603e-13,4.440892098500626e-16,3.7746543644786996e-16,0.0
33.9375,0.0625,0.01985059375,4.810157043341152e-09,1.8818731640340994e-06,1.5526690413175588e-06,-3.292041227165406e-07,1.562310744087126e-06,-3.1956241994697333e-07,3.456713664476218e-17,2,7.325874112133461e-09,1.1368683772161603e-13,4.440892098500626e-16,3.7746531835741243e-16,0.0
34.0,0.0625,0.019851,4.810031506234481e-09,1.8817408347612872e-06,1.5528813524434655e-06,-3.288594823178217e-07,1.5625272295676568e-06,-3.192136051936304e-07,3.457150415839646e-17,2,7.3208985714568275e-09,1.1368683772161603e-13,4.440892098500626e-16,3.774652001675118e-16,0.0
34.0625,0.0625,0.019851406250000002,4.8099060871573745e-09,1.8816086444955828e-06,1.5530927779793706e-06,-3.2851586651621223e-07,1.5627428185102785e-06,-3.1886582598530434e-07,3.456449628424691e-17,2,7.315932783327547e-09,1.1368683772161603e-13,4.440892098500626e-16,3.7746508187827545e-16,0.0
34.125,0.0625,0.0198518125,4.809780785761093e-09,1.8814765928257819e-06,1.5533033226358179e-06,-3.28173270189964e-07,1.5629575156767305e-06,-3.185190771490514e-07,3.454858132926139e-17,2,7.310976921898252e-09,1.1368683772161603e-13,4.440892098500626e-16,3.774649634898104e-16,0.0
34.1875,0.0625,0.01985221875,4.809655601698636e-09,1.881344679342729e-06,1.5535129910891422e-06,-3.2783168825358687e-07,1.5631713257942007e-06,-3.1817335354852836e-07,3.4545557156941896e-17,2,7.3060302905584165e-09,1.1368683772161603e-13,4.440892098500626e-16,3.7746484500222354e-16,0.0
34.25,0.0625,0.019852625,4.8095305346247305e-09,1.8812129036393049e-06,1.5537217879817957e-06,-3.274911156575092e-07,1.563384253555652e-06,-3.178286500836529e-07,3.4554457620332966e-17,2,7.3010937600711965e-09,1.1368683772161603e-13,8.881784197001252e-16,3.774647264156213e-16,0.0
34.3125,0.0625,0.01985303125,4.8094055841958215e-09,1.8810812653104081e-06,1.5539297179226596e-06,-3.271515473877485e-07,1.5635963036201395e-06,-3.1748496169026865e-07,3.4562530903111484e-17,2,7.296166633826069e-09,5.684341886080802e-14,4.440892098500626e-16,1.8873230386505496e-16,0.0
34.375,0.0625,0.0198534375,4.809280750070054e-09,1.8809497639529445e-06,1.5541367854873525e-06,-3.2681297846559204e-07,1.56380748061312e-06,-3.171422833398246e-07,3.4556647994595007e-17,2,7.291249260128294e-09,1.1368683772161603e-13,8.881784197001252e-16,3.774644889457953e-16,0.0
34.4375,0.0625,0.01985384375,4.809156031907268e-09,1.8808183991658124e-06,1.5543429952185507e-06,-3.264754039472617e-07,1.564017789126777e-06,-3.168006100390355e-07,3.45519032866014e-17,2,7.286341813130503e-09,1.1368683772161603e-13,8.881784197001252e-16,3.7746437006278305e-16,0.0
34.5,0.0625,0.01985425,4.809031429368982e-09,1.8806871705498873e-06,1.5545483516262636e-06,-3.261388189236237e-07,1.5642272337202963e-06,-3.1645993682959105e-07,3.4532752401059575e-17,2,7.2814435962221734e-09,1.1368683772161603e-13,4.440892098500626e-16,3.774642510811785e-16,0.0
34.5625,0.0625,0.01985465625,4.808906942118384e-09,1.88055607770801e-06,1.5547528591881272e-06,-3.258032185198827e-07,1.5644358189201653e-06,-3.1612025878784465e-07,3.4553034869679375e-17,2,7.276554783555934e-09,1.1368683772161603e-13,8.881784197001252e-16,3.774641320010867e-16,0.0
34.625,0.0625,0.0198550625,4.808782569820314e-09,1.8804251202449705e-06,1.5549565223497714e-06,-3.2546859789519906e-07,1.5646435492205423e-06,-3.157815710244282e-07,3.451586468167369e-17,2,7.271675897589679e-09,1.1368683772161603e-13,8.881784197001252e-16,3.774640128226123e-16,0.0
34.6875,0.0625,0.01985546875,4.808658312141264e-09,1.8802942977674976e-06,1.555159345525024e-06,-3.251349522424736e-07,1.5648504290834606e-06,-3.15443868684037e-07,3.452346150841938e-17,2,7.2668062417128845e-09,1.1368683772161603e-13,4.440892098500626e-16,3.774638935458599e-16,0.0
34.75,0.0625,0.019855875000000002,4.808534168749355e-09,1.8801636098842425e-06,1.5553613330962411e-06,-3.2480227678800136e-07,1.5650564629391655e-06,-3.1510714694507705e-07,3.453375163523954e-17,2,7.26194599007818e-09,1.1368683772161603e-13,4.440892098500626e-16,3.774637741709336e-16,0.0
34.8125,0.0625,0.01985628125,4.808410139314332e-09,1.880033056205767e-06,1.555562489414611e-06,-3.2447056679115607e-07,1.565261655186419e-06,-3.14771401019348e-07,3.451336328750133e-17,2,7.25709549099083e-09,1.1368683772161603e-13,8.881784197001252e-16,3.774636546979372e-16,0.0
34.875,0.0625,0.0198566875,4.808286223507547e-09,1.8799026363445292e-06,1.555762818800421e-06,-3.2413981754410825e-07,1.5654660101927701e-06,-3.1443662615175907e-07,3.4485166354780624e-17,2,7.252254221992939e-09,1.1368683772161603e-13,4.440892098500626e-16,3.774635351269744e-16,0.0
34.9375,0.0625,0.01985709375,4.808162421001958e-09,1.879772349914873e-06,1.5559623255432916e-06,-3.238100243715814e-07,1.5656695322947896e-06,-3.1410281762008343e-07,3.450565396419234e-17,2,7.24742235723714e-09,1.1368683772161603e-13,4.440892098500626e-16,3.7746341545814847e-16,0.0
35.0,0.0625,0.0198575,4.808038731472109e-09,1.8796421965330117e-06,1.556161013902501e-06,-3.2348118263051066e-07,1.5658722257983993e-06,-3.137699707346124e-07,3.453409574237436e-17,2,7.242599722570799e-09,1.1368683772161603e-13,8.881784197001252e-16,3.7746329569156253e-16,0.0
35.0625,0.0625,0.01985790625,4.8079151545941175e-09,1.8795121758170168e-06,1.5563588881073385e-06,-3.231532877096783e-07,1.5660740949792296e-06,-3.1343808083778727e-07,3.4496078521421424e-17,2,7.237786666299181e-09,1.1368683772161603e-13,4.440892098500626e-16,3.774631758273193e-16,0.0
35.125,0.0625,0.0198583125,4.807791690045674e-09,1.8793822873868054e-06,1.556555952357202e-06,-3.228263350296034e-07,1.5662751440827142e-06,-3.1310714330409117e-07,3.449384844248998e-17,2,7.232982840117023e-09,1.1368683772161603e-13,4.440892098500626e-16,3.774630558655212e-16,0.0
35.1875,0.0625,0.01985871875,4.807668337506024e-09,1.8792525308641273e-06,1.556752210822018e-06,-3.2250032004210916e-07,1.5664753773245185e-06,-3.127771535396087e-07,3.4478800372786416e-17,2,7.228188069871693e-09,1.1368683772161603e-13,4.440892098500626e-16,3.7746293580627046e-16,0.0
35.25,0.0625,0.019859125000000002,4.8075450966559575e-09,1.8791229058725537e-06,1.5569476676423797e-06,-3.2217523823017403e-07,1.5666747988906761e-06,-3.124481069818776e-07,3.4496435863446047e-17,2,7.223402703868454e-09,1.1368683772161603e-13,8.881784197001252e-16,3.7746281564966897e-16,0.0
35.3125,0.0625,0.01985953125,4.8074219671777985e-09,1.878993412037462e-06,1.5571423269299254e-06,-3.218510851075367e-07,1.566873412937972e-06,-3.121199990994901e-07,3.4501385712231564e-17,2,7.218626393802043e-09,1.1368683772161603e-13,8.881784197001252e-16,3.7746269539581844e-16,0.0
35.375,0.0625,0.0198599375,4.807298948755397e-09,1.8788640489860253e-06,1.5573361927675462e-06,-3.2152785621847907e-07,1.567071223594152e-06,-3.1179282539187327e-07,3.4494669005657633e-17,2,7.213859487977724e-09,1.1368683772161603e-13,8.881784197001252e-16,3.7746257504482027e-16,0.0
35.4375,0.0625,0.019860343750000002,4.807176041074118e-09,1.8787348163471999e-06,1.557529269209652e-06,-3.212055471375479e-07,1.567268234958192e-06,-3.1146658138900783e-07,3.44473145699502e-17,2,7.209102160548126e-09,5.684341886080802e-14,4.440892098500626e-16,1.8873122729838773e-16,0.0
35.5,0.0625,0.01986075,4.807053243820828e-09,1.8786057137517157e-06,1.5577215602823542e-06,-3.2088415346936147e-07,1.5674644511004807e-06,-3.1114126265123497e-07,3.4491267638978815e-17,2,7.204352844139569e-09,1.1368683772161603e-13,4.440892098500626e-16,3.77462334051785e-16,0.0
35.5625,0.0625,0.01986115625,4.806930556683888e-09,1.8784767408320583e-06,1.5579130699838762e-06,-3.2056367084818203e-07,1.5676598760632359e-06,-3.108168647688224e-07,3.446809334693753e-17,2,7.199613628583628e-09,1.1368683772161603e-13,4.440892098500626e-16,3.7746221340994935e-16,0.0
35.625,0.0625,0.0198615625,4.806807979353145e-09,1.8783478972224631e-06,1.558103802284642e-06,-3.202440949378211e-07,1.5678545138605924e-06,-3.1049338336187075e-07,3.4458325998264504e-17,2,7.194883120659253e-09,1.1368683772161603e-13,4.440892098500626e-16,3.7746209267136873e-16,0.0
35.6875,0.0625,0.01986196875,4.806685511519917e-09,1.878219182558901e-06,1.5582937611276198e-06,-3.199254214312811e-07,1.5680483684789512e-06,-3.1017081407994976e-07,3.447322848418026e-17,2,7.190161668671706e-09,1.1368683772161603e-13,4.440892098500626e-16,3.7746197183614324e-16,0.0
35.75,0.0625,0.019862375,4.8065631528769865e-09,1.8780905964790647e-06,1.558482950428519e-06,-3.196076460505457e-07,1.568241443877174e-06,-3.098491526018908e-07,3.4450682849404514e-17,2,7.18544962092625e-09,1.1368683772161603e-13,4.440892098500626e-16,3.774618509043726e-16,0.0
35.8125,0.0625,0.01986278125,4.80644090311859e-09,1.8779621386223631e-06,1.5586713740760163e-06,-3.1929076454634685e-07,1.5684337439868169e-06,-3.0952839463554623e-07,3.4480527525905427e-17,2,7.180745932507097e-09,1.1368683772161603e-13,4.440892098500626e-16,3.774617298761565e-16,0.0
35.875,0.0625,0.0198631875,4.806318761940407e-09,1.8778338086299018e-06,1.5588590359321055e-06,-3.1897477269779633e-07,1.56862527271248e-06,-3.092085359174219e-07,3.444318528433233e-17,2,7.176051474177404e-09,1.7053025658242404e-13,8.881784197001252e-16,5.661924131273909e-16,0.0
35.9375,0.0625,0.019863593750000002,4.8061967290395535e-09,1.877705606144479e-06,1.5590459398321704e-06,-3.186596663123087e-07,1.5688160339318827e-06,-3.0888957221259637e-07,3.4450709319184115e-17,2,7.17136624593717e-09,1.1368683772161603e-13,4.440892098500626e-16,3.7746148753078397e-16,0.0
36.0,0.0625,0.019864,4.806074804114568e-09,1.8775775308105695e-06,1.5592320895853342e-06,-3.1834544122523535e-07,1.5690060314962138e-06,-3.085714993143557e-07,3.443225326535683e-17,2,7.166690073633765e-09,1.1368683772161603e-13,8.881784197001252e-16,3.774613662138254e-16,0.0
36.0625,0.0625,0.01986440625,4.805952986865405e-09,1.8774495822743168e-06,1.5594174889746164e-06,-3.180320932997004e-07,1.5691952692302941e-06,-3.082543130440227e-07,3.4431697399985196e-17,2,7.162022608961925e-09,1.1368683772161603e-13,4.440892098500626e-16,3.774612448008165e-16,0.0
36.125,0.0625,0.0198648125,4.8058312769934264e-09,1.8773217601835188e-06,1.5596021417572766e-06,-3.177196184262422e-07,1.5693837509329203e-06,-3.079380092505985e-07,3.4405757015975534e-17,2,7.1573640260742824e-09,1.1368683772161603e-13,8.881784197001252e-16,3.7746112329185554e-16,0.0
36.1875,0.0625,0.01986521875,4.805709674201389e-09,1.8771940641876196e-06,1.5597860516648753e-06,-3.1740801252274424e-07,1.569571480376927e-06,-3.076225838106926e-07,3.441737063177578e-17,2,7.152713976665574e-09,1.1368683772161603e-13,8.881784197001252e-16,3.774610016870403e-16,0.0
36.25,0.0625,0.019865625,4.80558817819344e-09,1.8770664939376978e-06,1.5599692224036263e-06,-3.170972715340715e-07,1.5697584613095433e-06,-3.0730803262815447e-07,3.4433570136892017e-17,2,7.148072983193694e-09,1.1368683772161603e-13,8.881784197001252e-16,3.774608799864686e-16,0.0
36.3125,0.0625,0.01986603125,4.8054667886751e-09,1.8769390490864538e-06,1.5601516576545853e-06,-3.167873914318684e-07,1.5699446974525822e-06,-3.069943516338715e-07,3.441003188538121e-17,2,7.143440871506012e-09,1.1368683772161603e-13,4.440892098500626e-16,3.7746075819023785e-16,0.0
36.375,0.0625,0.0198664375,4.80534550535326e-09,1.8768117292882018e-06,1.5603333610738322e-06,-3.164783682143696e-07,1.5701301925026264e-06,-3.066815367855753e-07,3.441115685101428e-17,2,7.138817467449894e-09,5.684341886080802e-14,4.440892098500626e-16,1.8873031814922264e-16,0.0
36.4375,0.0625,0.01986684375,4.805224327936175e-09,1.8766845341988587e-06,1.560514336292712e-06,-3.1617019790614677e-07,1.5703149501312694e-06,-3.0636958406758935e-07,3.442800486573076e-17,2,7.134202596872711e-09,1.1368683772161603e-13,4.440892098500626e-16,3.7746051431118764e-16,0.0
36.5,0.0625,0.01986725,4.805103256133446e-09,1.8765574634759316e-06,1.5606945869180744e-06,-3.158628765578572e-07,1.5704989739853583e-06,-3.060584894905733e-07,3.4408589282392915e-17,2,7.129596782232356e-09,1.7053025658242404e-13,4.440892098500626e-16,5.661905883428425e-16,0.0
36.5625,0.0625,0.01986765625,4.804982289656018e-09,1.8764305167785091e-06,1.5608741165324801e-06,-3.15556400246029e-07,1.5706822676872027e-06,-3.0574824909130644e-07,3.439526174836346e-17,2,7.1249996752235675e-09,1.1368683772161603e-13,8.881784197001252e-16,3.7746027005066373e-16,0.0
36.625,0.0625,0.019868062500000002,4.804861428216171e-09,1.876303693767252e-06,1.5610529286943168e-06,-3.1525076507293524e-07,1.5708648348346906e-06,-3.0543885893256146e-07,3.439825283345845e-17,2,7.120411101693713e-09,1.1368683772161603e-13,4.440892098500626e-16,3.7746014777758994e-16,0.0
36.6875,0.0625,0.01986846875,4.8047406715275085e-09,1.8761769941043798e-06,1.5612310269381556e-06,-3.149459671662242e-07,1.5710466790016497e-06,-3.0513031510273007e-07,3.438819431720981e-17,2,7.115831235795424e-09,1.1368683772161603e-13,4.440892098500626e-16,3.7746002540943633e-16,0.0
36.75,0.0625,0.019868875,4.80462001930495e-09,1.8760504174536638e-06,1.5614084147748482e-06,-3.146420026788156e-07,1.571227803737944e-06,-3.0482261371571976e-07,3.4400337328602086e-17,2,7.111260077528701e-09,1.1368683772161603e-13,8.881784197001252e-16,3.774599029462984e-16,0.0
36.8125,0.0625,0.01986928125,4.80449947126472e-09,1.875923963480414e-06,1.5615850956917663e-06,-3.1433886778864756e-07,1.5714082125697176e-06,-3.0451575091069633e-07,3.437010222285205e-17,2,7.1066974527409125e-09,1.1368683772161603e-13,8.881784197001252e-16,3.774597803882715e-16,0.0
36.875,0.0625,0.0198696875,4.804379027124347e-09,1.8757976318514723e-06,1.5617610731530283e-06,-3.14036558698444e-07,1.5715879089996205e-06,-3.042097228518518e-07,3.435856801639061e-17,2,7.102143883889952e-09,1.1368683772161603e-13,4.440892098500626e-16,3.7745965773545096e-16,0.0
36.9375,0.0625,0.01987009375,4.804258686602648e-09,1.8756714222352022e-06,1.5619363505995917e-06,-3.1373507163561047e-07,1.571766896506905e-06,-3.039045257282971e-07,3.4408767953405227e-17,2,7.0975978036021376e-09,5.684341886080802e-14,4.440892098500626e-16,1.887297674939658e-16,0.0
37.0,0.0625,0.0198705,4.804138449419721e-09,1.8755453343014738e-06,1.56211093144964e-06,-3.134344028518338e-07,1.5719451785478142e-06,-3.036001557536596e-07,3.437827476730407e-17,2,7.093060779251153e-09,1.1368683772161603e-13,4.440892098500626e-16,3.7745941214580814e-16,0.0
37.0625,0.0625,0.01987090625,4.804018315296937e-09,1.8754193677216616e-06,1.5622848190986005e-06,-3.131345486230611e-07,1.572122758555601e-06,-3.032966091660606e-07,3.436375609319254e-17,2,7.088532636684364e-09,1.1368683772161603e-13,4.440892098500626e-16,3.7745928920917493e-16,0.0
37.125,0.0625,0.019871312500000002,4.803898283956937e-09,1.8752935221686295e-06,1.562458016919412e-06,-3.1283550524921757e-07,1.5722996399407993e-06,-3.029938822278302e-07,3.4358839331631526e-17,2,7.084012505138615e-09,1.1368683772161603e-13,4.440892098500626e-16,3.774591661781262e-16,0.0
37.1875,0.0625,0.01987171875,4.803778355123616e-09,1.8751677973167243e-06,1.562630528262687e-06,-3.1253726905403727e-07,1.5724758260913855e-06,-3.026919712253388e-07,3.4374741051727245e-17,2,7.079500907071801e-09,1.1368683772161603e-13,8.881784197001252e-16,3.774590430527559e-16,0.0
37.25,0.0625,0.019872125,4.803658528522118e-09,1.8750421928417636e-06,1.56280235645697e-06,-3.1223983638479355e-07,1.5726513203730405e-06,-3.0239087246872303e-07,3.434626618632072e-17,2,7.074998016636553e-09,1.1368683772161603e-13,4.440892098500626e-16,3.774589198331577e-16,0.0
37.3125,0.0625,0.01987253125,4.803538803878833e-09,1.8749167084210288e-06,1.562973504808851e-06,-3.1194320361217787e-07,1.5728261261292645e-06,-3.020905822917643e-07,3.434187882035174e-17,2,7.070503311374977e-09,1.1368683772161603e-13,4.440892098500626e-16,3.774587965194251e-16,0.0
37.375,0.0625,0.0198729375,4.8034191809213775e-09,1.8747913437332534e-06,1.5631439766031508e-06,-3.1164736713010267e-07,1.5730002466815651e-06,-3.017910970516883e-07,3.432953066816755e-17,2,7.066016965439704e-09,1.1368683772161603e-13,8.881784197001252e-16,3.7745867311165126e-16,0.0
37.4375,0.0625,0.01987334375,4.8032996593786015e-09,1.874666098458617e-06,1.5633137751031502e-06,-3.1135232335546675e-07,1.573173685329685e-06,-3.0149241312893186e-07,3.4331376935294765e-17,2,7.061539152983364e-09,1.1368683772161603e-13,4.440892098500626e-16,3.774585496099292e-16,0.0
37.5,0.0625,0.01987375,4.803180238980566e-09,1.874540972278732e-06,1.5634829035507572e-06,-3.1105806872797486e-07,1.573346445351776e-06,-3.0119452692695603e-07,3.431384070630864e-17,2,7.057069699853329e-09,1.1368683772161603e-13,4.440892098500626e-16,3.774584260143516e-16,0.0
37.5625,0.0625,0.01987415625,4.803060919458547e-09,1.8744159648766383e-06,1.563651365166622e-06,-3.1076459971001633e-07,1.5735185300045102e-06,-3.0089743487212816e-07,3.4344631677430315e-17,2,7.052608083591702e-09,1.1368683772161603e-13,4.440892098500626e-16,3.774583023250111e-16,0.0
37.625,0.0625,0.0198745625,4.80294170054502e-09,1.8742910759367915e-06,1.5638191631504616e-06,-3.104719127863299e-07,1.5736899425234113e-06,-3.0060113341338015e-07,3.433800099764009e-17,2,7.048155000809009e-09,1.1368683772161603e-13,4.440892098500626e-16,3.774581785419998e-16,0.0
37.6875,0.0625,0.01987496875,4.8028225819736555e-09,1.8741663051450547e-06,1.5639863006810863e-06,-3.1018000446396834e-07,1.5738606861228814e-06,-3.0030561902217327e-07,3.431972361482512e-17,2,7.0437106256578824e-09,1.1368683772161603e-13,4.440892098500626e-16,3.774580546654099e-16,0.0
37.75,0.0625,0.019875375,4.802703563479313e-09,1.8740416521886906e-06,1.5641527809166087e-06,-3.09888871272082e-07,1.574030763996408e-06,-3.000108881922826e-07,3.431652077149331e-17,2,7.039274087375165e-09,1.1368683772161603e-13,4.440892098500626e-16,3.774579306953331e-16,0.0
37.8125,0.0625,0.019875781250000002,4.802584644798031e-09,1.8739171167563515e-06,1.5643186069946976e-06,-3.095985097616539e-07,1.5742001793168238e-06,-2.997169374395277e-07,3.4315309779076535e-17,2,7.034845560113488e-09,1.1368683772161603e-13,4.440892098500626e-16,3.7745780663186106e-16,0.0
37.875,0.0625,0.0198761875,4.802465825667019e-09,1.8737926985380723e-06,1.5644837820326322e-06,-3.093089165054401e-07,1.5743689352363635e-06,-2.9942376330170886e-07,3.4332753363834054e-17,2,7.0304255663307455e-09,1.1368683772161603e-13,4.440892098500626e-16,3.7745768247508516e-16,0.0
37.9375,0.0625,0.01987659375,4.802347105824651e-09,1.8736683972252584e-06,1.5646483091276013e-06,-3.0902008809765713e-07,1.57453703488696e-06,-2.9913136233829847e-07,3.430290206988824e-17,2,7.0260137577216745e-09,1.1368683772161603e-13,4.440892098500626e-16,3.7745755822509636e-16,0.0
38.0,0.0625,0.019877,4.802228485010463e-09,1.8735442125106804e-06,1.564812191356733e-06,-3.087320211539475e-07,1.5747044813802775e-06,-2.9883973113040286e-07,3.428889955647894e-17,2,7.021609960133644e-09,1.1368683772161603e-13,4.440892098500626e-16,3.7745743388198574e-16,0.0
38.0625,0.0625,0.01987740625,4.802109962965135e-09,1.873420144088465e-06,1.5649754317773295e-06,-3.084447123111354e-07,1.5748712778079522e-06,-2.9854886628051275e-07,3.428326149342378e-17,2,7.017214173566653e-09,1.1368683772161603e-13,8.881784197001252e-16,3.7745730944584396e-16,0.0
38.125,0.0625,0.0198778125,4.801991539430496e-09,1.8732961916540854e-06,1.5651380334270457e-06,-3.081581582270397e-07,1.5750374272417653e-06,-2.9825876441232006e-07,3.429274429196609e-17,2,7.012826746325966e-09,5.684341886080802e-14,4.440892098500626e-16,1.8872859245838065e-16,0.0
38.1875,0.0625,0.01987821875,4.801873214149506e-09,1.8731723549043525e-06,1.5652999993240466e-06,-3.078723555803059e-07,1.5752029327338073e-06,-2.979694221705452e-07,3.426409737299215e-17,2,7.0084475042589505e-09,1.1368683772161603e-13,4.440892098500626e-16,3.774570602948281e-16,0.0
38.25,0.0625,0.019878625,4.801754986866258e-09,1.8730486335374094e-06,1.5654613324670804e-06,-3.0758730107032895e-07,1.5753677973165506e-06,-2.9768083622085883e-07,3.4259597510459864e-17,2,7.004076099060345e-09,1.1368683772161603e-13,4.440892098500626e-16,3.774569355801343e-16,0.0
38.3125,0.0625,0.019879031250000002,4.801636857325966e-09,1.872925027252721e-06,1.5656220358357777e-06,-3.0730299141694324e-07,1.5755320240031504e-06,-2.9739300324957046e-07,3.4291460507655406e-17,2,6.999712356577516e-09,1.1368683772161603e-13,4.440892098500626e-16,3.7745681077276963e-16,0.0
38.375,0.0625,0.0198794375,4.8015188252749555e-09,1.8728015357510635e-06,1.565782112390745e-06,-3.0701942336031853e-07,1.575695615787541e-06,-2.971059199635225e-07,3.4266658324168616e-17,2,6.995357147573622e-09,1.1368683772161603e-13,4.440892098500626e-16,3.774566858728237e-16,0.0
38.4375,0.0625,0.01987984375,4.801400890460666e-09,1.8726781587345225e-06,1.5659415650736453e-06,-3.0673659366087716e-07,1.5758585756445158e-06,-2.968195830900066e-07,3.428619963895957e-17,2,6.991009775438137e-09,1.1368683772161603e-13,4.440892098500626e-16,3.7745656088038573e-16,0.0
38.5,0.0625,0.019880250000000002,4.801283052631632e-09,1.872554895906478e-06,1.5661003968075033e-06,-3.064544990989747e-07,1.5760209065300362e-06,-2.9653398937644176e-07,3.42492610615254e-17,2,6.986670414323693e-09,1.1368683772161603e-13,4.440892098500626e-16,3.774564357955449e-16,0.0
38.5625,0.0625,0.01988065625,4.8011653115374854e-09,1.8724317469716023e-06,1.5662586104967102e-06,-3.061731364748921e-07,1.576182611381235e-06,-2.962491355903672e-07,3.4260259254949906e-17,2,6.982339064230288e-09,1.1368683772161603e-13,4.440892098500626e-16,3.7745631061839013e-16,0.0
38.625,0.0625,0.0198810625,4.801047666928947e-09,1.8723087116358473e-06,1.5664162090272778e-06,-3.058925026085695e-07,1.5763436931166757e-06,-2.9596501851917164e-07,3.4251636724244653e-17,2,6.978015376852662e-09,1.1368683772161603e-13,8.881784197001252e-16,3.7745618534901e-16,0.0
38.6875,0.0625,0.01988146875,4.800930118557815e-09,1.872185789606441e-06,1.5665731952669433e-06,-3.056125943394976e-07,1.5765041546364562e-06,-2.956816349699847e-07,3.4247282445500174e-17,2,6.973699700496076e-09,1.1368683772161603e-13,8.881784197001252e-16,3.774560599874929e-16,0.0
38.75,0.0625,0.019881875,4.800812666176965e-09,1.8720629805918753e-06,1.5667295720653243e-06,-3.0533340852655096e-07,1.5766639988223656e-06,-2.953989817695097e-07,3.4235304870230406e-17,2,6.969391861007899e-09,1.1368683772161603e-13,4.440892098500626e-16,3.774559345339271e-16,0.0
38.8125,0.0625,0.01988228125,4.800695309540341e-09,1.8719402843019019e-06,1.566885342254056e-06,-3.050549420478458e-07,1.576823228538023e-06,-2.9511705576387895e-07,3.423595999727555e-17,2,6.965092032540763e-09,1.1368683772161603e-13,4.440892098500626e-16,3.7745580898840056e-16,0.0
38.875,0.0625,0.0198826875,4.800578048402944e-09,1.871817700447522e-06,1.5670405086469618e-06,-3.0477719180056025e-07,1.5769818466290508e-06,-2.9483585381847126e-07,3.420945713044935e-17,2,6.960800215094667e-09,1.1368683772161603e-13,4.440892098500626e-16,3.7745568335100117e-16,0.0
38.9375,0.0625,0.01988309375,4.800460882520834e-09,1.871695228740982e-06,1.5671950740401853e-06,-3.0450015470079666e-07,1.5771398559232055e-06,-2.9455537281777643e-07,3.423038149122449e-17,2,6.956515712059087e-09,1.1368683772161603e-13,8.881784197001252e-16,3.774555576218165e-16,0.0
39.0,0.0625,0.019883500000000002,4.800343811651116e-09,1.8715728688957607e-06,1.567349041212299e-06,-3.042238276834617e-07,1.577297259230491e-06,-2.9427560966526965e-07,3.42195884385919e-17,2,6.952239220044546e-09,5.684341886080802e-14,4.440892098500626e-16,1.8872771590046693e-16,0.0
39.0625,0.0625,0.01988390625,4.8002268355519385e-09,1.871450620626567e-06,1.5675024129245029e-06,-3.0394820770206413e-07,1.5774540593433556e-06,-2.9399656128321137e-07,3.4205797683419415e-17,2,6.947970564898415e-09,1.1368683772161603e-13,4.440892098500626e-16,3.7745530588844043e-16,0.0
39.125,0.0625,0.0198843125,4.800109953982486e-09,1.8713284836493304e-06,1.5676551919207295e-06,-3.0367329172860095e-07,1.5776102590368004e-06,-2.9371822461253005e-07,3.423473576996897e-17,2,6.943709050010168e-09,1.1368683772161603e-13,4.440892098500626e-16,3.774551798844231e-16,0.0
39.1875,0.0625,0.01988471875,4.799993166702972e-09,1.8712064576811907e-06,1.5678073809278131e-06,-3.0339907675337753e-07,1.5777658610685486e-06,-2.934405966126421e-07,3.418853276967421e-17,2,6.939456242753486e-09,1.7053025658242404e-13,8.881784197001252e-16,5.66182580683453e-16,0.0
39.25,0.0625,0.019885125,4.799876473474632e-09,1.8710845424404982e-06,1.5679589826555429e-06,-3.0312555978495536e-07,1.5779208681791012e-06,-2.9316367426139707e-07,3.422724482234169e-17,2,6.935210227449426e-09,1.1368683772161603e-13,4.440892098500626e-16,3.774549276021636e-16,0.0
39.3125,0.0625,0.01988553125,4.799759874059719e-09,1.8709627376467973e-06,1.5681099997969115e-06,-3.028527378498858e-07,1.5780752830919859e-06,-2.9288745455481145e-07,3.4199266265302696e-17,2,6.930972571471669e-09,1.1368683772161603e-13,4.440892098500626e-16,3.7745480132409413e-16,0.0
39.375,0.0625,0.0198859375,4.799643368221497e-09,1.8708410430208263e-06,1.5682604350281842e-06,-3.0258060799264207e-07,1.5782291085138283e-06,-2.92611934506998e-07,3.420653221980336e-17,2,6.926742055751795e-09,1.1368683772161603e-13,4.440892098500626e-16,3.774546749548464e-16,0.0
39.4375,0.0625,0.01988634375,4.799526955724235e-09,1.8707194582845059e-06,1.5684102910090104e-06,-3.023091672754955e-07,1.5783823471344637e-06,-2.9233711115004213e-07,3.4177124294665877e-17,2,6.922519725205593e-09,1.1368683772161603e-13,4.440892098500626e-16,3.774545484945063e-16,0.0
39.5,0.0625,0.01988675,4.7994106363332e-09,1.8705979831609362e-06,1.5685595703826221e-06,-3.0203841277831404e-07,1.5785350016271383e-06,-2.9206298153379783e-07,3.419759205174289e-17,2,6.918304360764644e-09,1.1368683772161603e-13,4.440892098500626e-16,3.774544219431596e-16,0.0
39.5625,0.0625,0.01988715625,4.799294409814652e-09,1.8704766173743844e-06,1.5687082757759349e-06,-3.017683415984496e-07,1.5786870746486112e-06,-2.9178954272577327e-07,3.415657051080516e-17,2,6.914097355649998e-09,1.1368683772161603e-13,4.440892098500626e-16,3.7745429530089153e-16,0.0
39.625,0.0625,0.0198875625,4.799178275935836e-09,1.8703553606502833e-06,1.5688564097996534e-06,-3.0149895085062987e-07,1.57883856883926e-06,-2.9151679181102337e-07,3.416766134845827e-17,2,6.909897316640604e-09,1.1368683772161603e-13,4.440892098500626e-16,3.774541685677876e-16,0.0
39.6875,0.0625,0.019887968750000002,4.799062234464983e-09,1.8702342127152206e-06,1.569003975048434e-06,-3.012302376667865e-07,1.5789894868232447e-06,-2.912447258919759e-07,3.415859544894469e-17,2,6.905705114499619e-09,1.1368683772161603e-13,4.440892098500626e-16,3.774540417439328e-16,0.0
39.75,0.0625,0.019888375,4.798946285171291e-09,1.8701131732969333e-06,1.5691509741009525e-06,-3.009621991959807e-07,1.5791398312085776e-06,-2.909733420883556e-07,3.415316914412634e-17,2,6.901520400921782e-09,1.1368683772161603e-13,4.440892098500626e-16,3.77453914829412e-16,0.0
39.8125,0.0625,0.01988878125,4.798830427824934e-09,1.8699922421243e-06,1.5692974095201284e-06,-3.006948326041717e-07,1.5792896045873511e-06,-2.9070263753694897e-07,3.414250844039176e-17,2,6.897343001754459e-09,1.1368683772161603e-13,4.440892098500626e-16,3.774537878243098e-16,0.0
39.875,0.0625,0.0198891875,4.7987146621970475e-09,1.8698714189273373e-06,1.5694432838531512e-06,-3.004281350741861e-07,1.5794388095357595e-06,-2.9043260939157785e-07,3.415545216261699e-17,2,6.893173091150283e-09,1.1368683772161603e-13,4.440892098500626e-16,3.774536607287107e-16,0.0
39.9375,0.0625,0.01988959375,4.798598988059722e-09,1.869750703437188e-06,1.5695885996316676e-06,-3.0016210380552046e-07,1.579587448614292e-06,-2.90163254822896e-07,3.4148219295340824e-17,2,6.889010494956622e-09,1.1368683772161603e-13,8.881784197001252e-16,3.774535335426989e-16,0.0
40.0,0.0625,0.01989,4.7984834051860035e-09,1.8696300953861175e-06,1.569733359371895e-06,-2.998967360142224e-07,1.5797355243678467e-06,-2.898945710182708e-07,3.41260177676999e-17,2,6.8848557356313695e-09,5.684341886080802e-14,4.440892098500626e-16,1.8872670313317924e-16,0.0
40.0625,0.0625,0.01989040625,4.798367913349882e-09,1.8695095945075084e-06,1.5698775655746983e-06,-2.9963202893281006e-07,1.5798830393258067e-06,-2.896265551817017e-07,3.4123728131764354e-17,2,6.880708290716633e-09,1.1368683772161603e-13,8.881784197001252e-16,3.774532788997733e-16,0.0
40.125,0.0625,0.0198908125,4.79825251232629e-09,1.8693892005358509e-06,1.5700212207257358e-06,-2.9936797981011506e-07,1.5800299960021888e-06,-2.8935920453366206e-07,3.411419901110774e-17,2,6.876568160212411e-09,1.1368683772161603e-13,4.440892098500626e-16,3.7745315144302704e-16,0.0
40.1875,0.0625,0.019891218750000002,4.798137201891094e-09,1.869268913206738e-06,1.5701643272956047e-06,-2.9910458591113326e-07,1.5801763968957908e-06,-2.8909251631094714e-07,3.411150571103327e-17,2,6.872435518271336e-09,1.1368683772161603e-13,8.881784197001252e-16,3.7745302389620304e-16,0.0
40.25,0.0625,0.019891625,4.798021981821092e-09,1.869148732256859e-06,1.5703068877399118e-06,-2.9884184451694713e-07,1.580322244490261e-06,-2.88826487766598e-07,3.4116283506251376e-17,2,6.868310190740776e-09,1.7053025658242404e-13,4.440892098500626e-16,5.661793443890769e-16,0.0
40.3125,0.0625,0.01989203125,4.797906851894003e-09,1.8690286574239926e-06,1.570448904499416e-06,-2.985797529245767e-07,1.5804675412542442e-06,-2.8856111616974843e-07,3.4112676998780645e-17,2,6.8641920034681e-09,1.1368683772161603e-13,4.440892098500626e-16,3.7745276853265476e-16,0.0
40.375,0.0625,0.0198924375,4.79779181188847e-09,1.868908688447001e-06,1.5705903800001358e-06,-2.9831830844686524e-07,1.5806122896414885e-06,-2.882963988055126e-07,3.4136989491344804e-17,2,6.860081130605939e-09,1.1368683772161603e-13,8.881784197001252e-16,3.7745264071609654e-16,0.0
40.4375,0.0625,0.01989284375,4.797676861584044e-09,1.8687888250658217e-06,1.5707313166535005e-06,-2.980575084123212e-07,1.5807564920909998e-06,-2.8803233297482185e-07,3.4115006339385595e-17,2,6.855977746306925e-09,1.1368683772161603e-13,8.881784197001252e-16,3.774525128097924e-16,0.0
40.5,0.0625,0.01989325,4.797562000761188e-09,1.8686690670214652e-06,1.5708717168564108e-06,-2.977973501650544e-07,1.580900151027101e-06,-2.877689159943642e-07,3.410873300161999e-17,2,6.851881676418425e-09,1.1368683772161603e-13,8.881784197001252e-16,3.774523848138249e-16,0.0
40.5625,0.0625,0.01989365625,4.797447229201265e-09,1.8685494140560042e-06,1.5710115829913694e-06,-2.975378310646348e-07,1.5810432688595659e-06,-2.875061451964383e-07,3.408328892597786e-17,2,6.847792920940442e-09,1.1368683772161603e-13,4.440892098500626e-16,3.774522567282763e-16,0.0
40.625,0.0625,0.0198940625,4.797332546686538e-09,1.868429865912571e-06,1.5711509174265396e-06,-2.972789484860315e-07,1.5811858479836774e-06,-2.872440179288937e-07,3.4100507517608765e-17,2,6.843710957415078e-09,1.1368683772161603e-13,8.881784197001252e-16,3.774521285532287e-16,0.0
40.6875,0.0625,0.01989446875,4.7972179530001624e-09,1.8683104223353502e-06,1.5712897225159783e-06,-2.970206998193719e-07,1.5813278907804618e-06,-2.8698253155488833e-07,3.40838844960189e-17,2,6.839636656605493e-09,1.1368683772161603e-13,4.440892098500626e-16,3.7745200028876405e-16,0.0
40.75,0.0625,0.019894875,4.797103447926181e-09,1.8681910830695712e-06,1.5714280005996517e-06,-2.9676308246991945e-07,1.5814693996167072e-06,-2.86721683452864e-07,3.408377199945559e-17,2,6.835569496053793e-09,5.684341886080802e-14,4.440892098500626e-16,1.8872593596748197e-16,0.0
40.8125,0.0625,0.01989528125,4.796989031249514e-09,1.8680718478615034e-06,1.5715657540035643e-06,-2.9650609385793915e-07,1.5816103768450917e-06,-2.864614710164117e-07,3.4062126337186305e-17,2,6.831509301607344e-09,1.1368683772161603e-13,4.440892098500626e-16,3.7745174349190984e-16,0.0
40.875,0.0625,0.019895687500000002,4.796874702755966e-09,1.8679527164584517e-06,1.5717029850398305e-06,-2.9624973141862115e-07,1.5817508248042554e-06,-2.8620189165419625e-07,3.406816144693549e-17,2,6.82745642157141e-09,1.1368683772161603e-13,4.440892098500626e-16,3.774516149596832e-16,0.0
40.9375,0.0625,0.01989609375,4.796760462232209e-09,1.867833688608747e-06,1.5718396960068512e-06,-2.959939926018959e-07,1.5818907458189812e-06,-2.859429427897659e-07,3.40574080989723e-17,2,6.82341050764073e-09,1.1368683772161603e-13,4.440892098500626e-16,3.7745148633836507e-16,0.0
41.0,0.0625,0.0198965,4.796646309465784e-09,1.8677147640617437e-06,1.5719758891893754e-06,-2.957388748723683e-07,1.5820301422002542e-06,-2.8568462186148956e-07,3.406762543389856e-17,2,6.8193719081205636e-09,5.684341886080802e-14,8.881784197001252e-16,3.483052626274873e-16,0.0
41.0625,0.0625,0.01989690625,4.79653224424509e-09,1.8675959425678122e-06,1.5721115668586114e-06,-2.954843757092007e-07,1.582169016245377e-06,-2.8542692632243506e-07,3.407468624760731e-17,2,6.815340448858282e-09,1.1368683772161603e-13,4.440892098500626e-16,3.7745122882877794e-16,0.0
41.125,0.0625,0.0198973125,4.796418266359388e-09,1.8674772238783318e-06,1.5722467312723568e-06,-2.95230492605975e-07,1.5823073702380975e-06,-2.8516985364023435e-07,3.4042975451644477e-17,2,6.8113159557012526e-09,1.1368683772161603e-13,8.881784197001252e-16,3.7745109994067036e-16,0.0
41.1875,0.0625,0.01989771875,4.796304375598789e-09,1.8673586077456884e-06,1.5723813846749984e-06,-2.9497722307069e-07,1.5824452064486115e-06,-2.8491340129707693e-07,3.404927525918968e-17,2,6.807298254496844e-09,1.1368683772161603e-13,4.440892098500626e-16,3.7745097096379394e-16,0.0
41.25,0.0625,0.019898125,4.796190571754251e-09,1.8672400939232652e-06,1.572515529297759e-06,-2.9472456462550616e-07,1.5825825271338112e-06,-2.84657566789454e-07,3.402976703162323e-17,2,6.803287867702952e-09,1.1368683772161603e-13,4.440892098500626e-16,3.7745084189822884e-16,0.0
41.3125,0.0625,0.01989853125,4.796076854617575e-09,1.8671216821654403e-06,1.572649167358683e-06,-2.944725148067573e-07,1.5827193345372704e-06,-2.844023476281699e-07,3.404580771806186e-17,2,6.799284447014311e-09,5.684341886080802e-14,8.881784197001252e-16,3.483052626274873e-16,0.0
41.375,0.0625,0.0198989375,4.7959632239814e-09,1.8670033722275779e-06,1.5727823010628059e-06,-2.94221071164772e-07,1.5828556308894152e-06,-2.841477413381627e-07,3.403255297592631e-17,2,6.7952878182782924e-09,1.1368683772161603e-13,4.440892098500626e-16,3.774505835013526e-16,0.0
41.4375,0.0625,0.01989934375,4.7958496796391945e-09,1.8668851638660236e-06,1.5729149326022071e-06,-2.9397023126381643e-07,1.5829914184075797e-06,-2.838937454584439e-07,3.4010166159828174e-17,2,6.791298852258051e-09,1.1368683772161603e-13,8.881784197001252e-16,3.774504541702009e-16,0.0
41.5,0.0625,0.01989975,4.79573622138526e-09,1.8667670568381012e-06,1.5730470641561222e-06,-2.93719992681979e-07,1.5831266992961156e-06,-2.8364035754198556e-07,3.399307329965038e-17,2,6.787316329885168e-09,1.1368683772161603e-13,4.440892098500626e-16,3.774503247506794e-16,0.0
41.5625,0.0625,0.01990015625,4.795622849014718e-09,1.8666490509021048e-06,1.5731786978910352e-06,-2.934703530110696e-07,1.5832614757464887e-06,-2.833875751556161e-07,3.400563321007138e-17,2,6.7833405994649064e-09,1.1368683772161603e-13,4.440892098500626e-16,3.7745019524286756e-16,0.0
41.625,0.0625,0.0199005625,4.795509562323512e-09,1.8665311458172928e-06,1.5733098359607838e-06,-2.9322130985650903e-07,1.5833957499373837e-06,-2.831353958799091e-07,3.40089948720808e-17,2,6.779372009302529e-09,1.1368683772161603e-13,8.881784197001252e-16,3.774500656468443e-16,0.0
41.6875,0.0625,0.01990096875,4.7953963611083944e-09,1.866413341343885e-06,1.573440480506677e-06,-2.92972860837208e-07,1.5835295240348238e-06,-2.828838173090613e-07,3.4005037640030345e-17,2,6.7754103852454045e-09,1.1368683772161603e-13,4.440892098500626e-16,3.774499359626887e-16,0.0
41.75,0.0625,0.019901375,4.795283245166934e-09,1.8662956372430542e-06,1.5735706336575417e-06,-2.927250035855125e-07,1.5836628001922154e-06,-2.8263283705083876e-07,3.399980324111411e-17,2,6.771455727293532e-09,1.1368683772161603e-13,4.440892098500626e-16,3.7744980619047935e-16,0.0
41.8125,0.0625,0.01990178125,4.795170214297497e-09,1.8661780332769229e-06,1.5737002975298047e-06,-2.924777357471182e-07,1.5837955805504349e-06,-2.82382452726488e-07,3.4001762004804635e-17,2,6.767507164683755e-09,1.7053025658242404e-13,4.440892098500626e-16,5.661745144954423e-16,0.0
41.875,0.0625,0.0199021875,4.795057268299257e-09,1.8660605292085576e-06,1.5738294742276753e-06,-2.922310549808823e-07,1.58392786723801e-06,-2.821326619705475e-07,3.398264420648731e-17,2,6.763566438942388e-09,1.1368683772161603e-13,4.440892098500626e-16,3.774495463822136e-16,0.0
41.9375,0.0625,0.01990259375,4.7949444069721786e-09,1.8659431248019631e-06,1.5739581658431271e-06,-2.91984958958836e-07,1.584059662371103e-06,-2.818834624308602e-07,3.3966206473354655e-17,2,6.759631982695748e-09,1.1368683772161603e-13,8.881784197001252e-16,3.774494163463138e-16,0.0
42.0,0.0625,0.019903,4.79483163011702e-09,1.865825819822078e-06,1.5740863744560622e-06,-2.917394453660158e-07,1.5841909680536744e-06,-2.816348517684036e-07,3.3971791596850614e-17,2,6.7557046667069916e-09,1.1368683772161603e-13,4.440892098500626e-16,3.7744928622267335e-16,0.0
42.0625,0.0625,0.019903406250000002,4.794718937535328e-09,1.8657086140347678e-06,1.5742141021343706e-06,-2.9149451190039727e-07,1.584321786377546e-06,-2.813868276572219e-07,3.3959774316911443e-17,2,6.7517837943655935e-09,1.7053025658242404e-13,4.440892098500626e-16,5.661737340170553e-16,0.0
42.125,0.0625,0.0199038125,4.794606329029428e-09,1.8655915072068226e-06,1.5743413509340234e-06,-2.9125015627279914e-07,1.584452119422493e-06,-2.8113938778432963e-07,3.395366641526835e-17,2,6.747869713976817e-09,1.1368683772161603e-13,8.881784197001252e-16,3.774490257124819e-16,0.0
42.1875,0.0625,0.01990421875,4.794493804402428e-09,1.8654744991059487e-06,1.5744681228991438e-06,-2.910063762068049e-07,1.5845819692563157e-06,-2.8089252984963295e-07,3.396768878101235e-17,2,6.7439624255406625e-09,1.1368683772161603e-13,4.440892098500626e-16,3.774488953260861e-16,0.0
42.25,0.0625,0.019904625,4.794381363458208e-09,1.8653575895007652e-06,1.5745944200621345e-06,-2.9076316943863066e-07,1.5847113379349694e-06,-2.8064625156579585e-07,3.395097973263878e-17,2,6.740062277362391e-09,1.1368683772161603e-13,8.881784197001252e-16,3.7744876485226003e-16,0.0
42.3125,0.0625,0.01990503125,4.794269006001415e-09,1.8652407781607997e-06,1.5747202444437452e-06,-2.9052053371705454e-07,1.5848402275026325e-06,-2.8040055065816724e-07,3.394554681037553e-17,2,6.7361685728314785e-09,1.1368683772161603e-13,4.440892098500626e-16,3.7744863429108083e-16,0.0
42.375,0.0625,0.0199054375,4.794156731837467e-09,1.8651240648564816e-06,1.5748455980531619e-06,-2.902784668033197e-07,1.584968639991794e-06,-2.801554248646876e-07,3.3925026113739316e-17,2,6.732281486100556e-09,1.1368683772161603e-13,8.881784197001252e-16,3.7744850364262535e-16,0.0
42.4375,0.0625,0.01990584375,4.794044540772541e-09,1.8650074493591381e-06,1.5749704828880207e-06,-2.900369664711174e-07,1.585096577423271e-06,-2.79910871935867e-07,3.3953593623374447e-17,2,6.728400843016991e-09,1.1368683772161603e-13,4.440892098500626e-16,3.7744837290697063e-16,0.0
42.5,0.0625,0.01990625,4.793932432613569e-09,1.8648909314409894e-06,1.575094900934623e-06,-2.897960305063664e-07,1.5852240418064249e-06,-2.796668896345646e-07,3.393371481889357e-17,2,6.724526817733417e-09,1.1368683772161603e-13,4.440892098500626e-16,3.7744824208419306e-16,0.0
42.5625,0.0625,0.01990665625,4.793820407168237e-09,1.8647745108751426e-06,1.5752188541679367e-06,-2.8955565670720583e-07,1.5853510351391614e-06,-2.7942347573598116e-07,3.3924695241494294e-17,2,6.720660106860358e-09,1.1368683772161603e-13,4.440892098500626e-16,3.774481111743692e-16,0.0
42.625,0.0625,0.0199070625,4.79370846424498e-09,1.8646581874355873e-06,1.5753423445516644e-06,-2.8931584288392293e-07,1.5854775594080009e-06,-2.791806280275864e-07,3.391105007010962e-17,2,6.7167996654820265e-09,1.1368683772161603e-13,4.440892098500626e-16,3.7744798017757527e-16,0.0
42.6875,0.0625,0.01990746875,4.793596603652978e-09,1.8645419608971935e-06,1.5754653740383799e-06,-2.890765868588136e-07,1.5856036165882147e-06,-2.7893834430897873e-07,3.392368938986943e-17,2,6.712945667751053e-09,1.1368683772161603e-13,4.440892098500626e-16,3.7744784909388754e-16,0.0
42.75,0.0625,0.019907875,4.79348482520215e-09,1.8644258310357008e-06,1.5755879445695717e-06,-2.888378864661291e-07,1.5857292086438719e-06,-2.78696622391829e-07,3.3897120348594227e-17,2,6.709098461972701e-09,1.1368683772161603e-13,4.440892098500626e-16,3.774477179233817e-16,0.0
42.8125,0.0625,0.01990828125,4.793373128703153e-09,1.86430979762772e-06,1.5757100580757377e-06,-2.8859973955198224e-07,1.5858543375279308e-06,-2.784554600997891e-07,3.389780856286387e-17,2,6.705257873994339e-09,1.1368683772161603e-13,4.440892098500626e-16,3.774475866661337e-16,0.0
42.875,0.0625,0.0199086875,4.793261513967376e-09,1.864193860450724e-06,1.5758317164764786e-06,-2.883621439742455e-07,1.5859790051823377e-06,-2.7821485526838634e-07,3.387421075434896e-17,2,6.7014237296633355e-09,1.1368683772161603e-13,4.440892098500626e-16,3.7744745532221913e-16,0.0
42.9375,0.0625,0.01990909375,4.793149980806935e-09,1.864078019283046e-06,1.575952921680516e-06,-2.8812509760253003e-07,1.5861032135380428e-06,-2.779748057450033e-07,3.388657875886785e-17,2,6.697595680674429e-09,1.1368683772161603e-13,8.881784197001252e-16,3.774473238917133e-16,0.0
43.0,0.0625,0.0199095,4.793038529034672e-09,1.8639622739038724e-06,1.5760736755858467e-06,-2.878885983180257e-07,1.5862269645151546e-06,-2.777353093887178e-07,3.3891191117963447e-17,2,6.693774597790774e-09,1.1368683772161603e-13,8.881784197001252e-16,3.774471923746915e-16,0.0
43.0625,0.0625,0.01990990625,4.792927158464148e-09,1.8638466240932384e-06,1.5761939800797763e-06,-2.876526440134621e-07,1.5863502600229776e-06,-2.774963640702608e-07,3.3881331125061814e-17,2,6.689960132707109e-09,1.7053025658242404e-13,8.881784197001252e-16,5.661705911568433e-16,0.0
43.125,0.0625,0.0199103125,4.792815868909643e-09,1.8637310696320265e-06,1.5763138370390143e-06,-2.8741723259301225e-07,1.5864731019601052e-06,-2.7725796767192135e-07,3.39029767873311e-17,2,6.686151588812908e-09,1.7053025658242404e-13,4.440892098500626e-16,5.661703936221005e-16,0.0
43.1875,0.0625,0.01991071875,4.7927046601861465e-09,1.8636156103019568e-06,1.5764332483297677e-06,-2.871823619721891e-07,1.586595492214516e-06,-2.770201180874409e-07,3.3857964927118416e-17,2,6.682350185176592e-09,1.1368683772161603e-13,4.440892098500626e-16,3.7744679730528067e-16,0.0
43.25,0.0625,0.019911125000000002,4.79259353210936e-09,1.8635002458855875e-06,1.576552215807734e-06,-2.8694803007785346e-07,1.586717432663566e-06,-2.767828132220216e-07,3.3876023934251674e-17,2,6.67855470272974e-09,1.1368683772161603e-13,4.440892098500626e-16,3.7744666544294447e-16,0.0
43.3125,0.0625,0.01991153125,4.792482484495686e-09,1.863384976166307e-06,1.5766707413182702e-06,-2.867142348480368e-07,1.5868389251741593e-06,-2.765460509921477e-07,3.385082470407086e-17,2,6.67476601223551e-09,1.7053025658242404e-13,4.440892098500626e-16,5.661698002416992e-16,0.0
43.375,0.0625,0.0199119375,4.792371517162231e-09,1.863269800928331e-06,1.5767888266964375e-06,-2.864809742318934e-07,1.5869599716027941e-06,-2.7630982932553676e-07,3.382853053220133e-17,2,6.670983765388638e-09,1.1368683772161603e-13,4.440892098500626e-16,3.7744640145991994e-16,0.0
43.4375,0.0625,0.01991234375,4.7922606299268e-09,1.8631547199566972e-06,1.576906473767037e-06,-2.862482461896602e-07,1.5870805737955966e-06,-2.760741461611006e-07,3.384771450496766e-17,2,6.66720743973123e-09,1.1368683772161603e-13,4.440892098500626e-16,3.7744626933938005e-16,0.0
43.5,0.0625,0.01991275,4.792149822607888e-09,1.8630397330372627e-06,1.577023684344726e-06,-2.8601604869253676e-07,1.587200733588441e-06,-2.7583899944882167e-07,3.3848356397123e-17,2,6.663437731873814e-09,1.1368683772161603e-13,8.881784197001252e-16,3.7744613713292035e-16,0.0
43.5625,0.0625,0.01991315625,4.792039095024682e-09,1.8629248399566953e-06,1.577140460234106e-06,-2.8578437972258926e-07,1.587320452807038e-06,-2.7560438714965726e-07,3.381153693369704e-17,2,6.659674467663755e-09,1.1368683772161603e-13,4.440892098500626e-16,3.774460048406146e-16,0.0
43.625,0.0625,0.0199135625,4.791928446997056e-09,1.8628100405024752e-06,1.5772568032297236e-06,-2.8555323727275155e-07,1.5874397332669332e-06,-2.75370307235542e-07,3.3848091699326984e-17,2,6.655917298795792e-09,1.1368683772161603e-13,4.440892098500626e-16,3.7744587246253646e-16,0.0
43.6875,0.0625,0.01991396875,4.791817878345563e-09,1.8626953344628855e-06,1.577372715116205e-06,-2.8532261934668046e-07,1.5875585767736466e-06,-2.751367576892389e-07,3.3823772589317925e-17,2,6.652166921880451e-09,5.684341886080802e-14,4.440892098500626e-16,1.8872286999937972e-16,0.0
43.75,0.0625,0.019914375,4.79170738889144e-09,1.8625807216270102e-06,1.577488197668328e-06,-2.850925239586822e-07,1.5876769851227422e-06,-2.7490373650426805e-07,3.381822717049137e-17,2,6.6484224661545735e-09,1.1368683772161603e-13,4.440892098500626e-16,3.774456074493569e-16,0.0
43.8125,0.0625,0.01991478125,4.791596978456596e-09,1.8624662017847306e-06,1.5776032526510192e-06,-2.848629491337113e-07,1.5877949600998275e-06,-2.7467124168490307e-07,3.382388508588123e-17,2,6.6446842799234245e-09,1.1368683772161603e-13,4.440892098500626e-16,3.7744547481440176e-16,0.0
43.875,0.0625,0.0199151875,4.791486646863611e-09,1.8623517747267178e-06,1.577717881819526e-06,-2.846338929071917e-07,1.5879125034807261e-06,-2.744392712459916e-07,3.379550286470331e-17,2,6.640952885644896e-09,1.1368683772161603e-13,4.440892098500626e-16,3.7744534209396713e-16,0.0
43.9375,0.0625,0.019915593750000002,4.7913763939357335e-09,1.8622374402444338e-06,1.577832086919375e-06,-2.8440535332505887e-07,1.5880296170314351e-06,-2.7420782321299867e-07,3.3792743390179835e-17,2,6.63722706425057e-09,1.1368683772161603e-13,8.881784197001252e-16,3.774452092881259e-16,0.0
44.0,0.0625,0.019916,4.79126621949688e-09,1.8621231981301225e-06,1.5779458696865427e-06,-2.841773284435798e-07,1.5881463025083e-06,-2.7397689562182254e-07,3.3781665787416525e-17,2,6.633507686503602e-09,1.1368683772161603e-13,4.440892098500626e-16,3.774450763969505e-16,0.0
44.0625,0.0625,0.01991640625,4.7911561233716216e-09,1.8620090481768072e-06,1.5780592318474548e-06,-2.839498163293525e-07,1.5882625616580103e-06,-2.7374648651879697e-07,3.379417275827833e-17,2,6.6297945782513615e-09,1.1368683772161603e-13,4.440892098500626e-16,3.774449434205137e-16,0.0
44.125,0.0625,0.0199168125,4.791046105385193e-09,1.8618949901782877e-06,1.5781721751190822e-06,-2.837228150592055e-07,1.5883783962176988e-06,-2.735165939605889e-07,3.376660448282316e-17,2,6.62608791364648e-09,1.1368683772161603e-13,4.440892098500626e-16,3.7744481035888773e-16,0.0
44.1875,0.0625,0.01991721875,4.790936165363478e-09,1.8617810239291337e-06,1.578284701208999e-06,-2.8349632272013483e-07,1.5884938079150016e-06,-2.732872160141321e-07,3.3750914520964254e-17,2,6.622387692688957e-09,1.1368683772161603e-13,8.881784197001252e-16,3.7744467721214483e-16,0.0
44.25,0.0625,0.019917625,4.790826303133015e-09,1.8616671492246834e-06,1.5783968118154617e-06,-2.832703374092217e-07,1.5886087984681346e-06,-2.7305835075654874e-07,3.3753720317602034e-17,2,6.618692696310373e-09,1.1368683772161603e-13,4.440892098500626e-16,3.7744454398035704e-16,0.0
44.3125,0.0625,0.01991803125,4.790716518520989e-09,1.8615533658610384e-06,1.578508508627425e-06,-2.8304485723361345e-07,1.5887233695859114e-06,-2.72829996275127e-07,3.377128963381266e-17,2,6.615004143579148e-09,1.1368683772161603e-13,4.440892098500626e-16,3.7744441066359617e-16,0.0
44.375,0.0625,0.0199184375,4.7906068113552245e-09,1.8614396736350588e-06,1.5786197933246704e-06,-2.828198803103884e-07,1.5888375229678742e-06,-2.726021506671847e-07,3.3786834011883757e-17,2,6.611321860342651e-09,1.1368683772161603e-13,4.440892098500626e-16,3.77444277261934e-16,0.0
44.4375,0.0625,0.01991884375,4.79049718146419e-09,1.8613260723443587e-06,1.5787306675778747e-06,-2.8259540476648404e-07,1.5889512603043605e-06,-2.723748120399982e-07,3.376909925955062e-17,2,6.607645672448248e-09,1.1368683772161603e-13,8.881784197001252e-16,3.7744414377544207e-16,0.0
44.5,0.0625,0.01991925,4.790387628676992e-09,1.8612125617873061e-06,1.5788411330485687e-06,-2.823714287387374e-07,1.5890645832764636e-06,-2.721479785108425e-07,3.377936291659118e-17,2,6.603975754048574e-09,1.1368683772161603e-13,4.440892098500626e-16,3.774440102041919e-16,0.0
44.5625,0.0625,0.01991965625,4.790278152823366e-09,1.8610991417630139e-06,1.5789511913893492e-06,-2.8214795037366466e-07,1.5891774935562456e-06,-2.719216482067682e-07,3.375458058543909e-17,2,6.600311756838364e-09,1.1368683772161603e-13,4.440892098500626e-16,3.774438765482546e-16,0.0
44.625,0.0625,0.0199200625,4.790168753733683e-09,1.8609858120713393e-06,1.5790608442438209e-06,-2.819249678275184e-07,1.5892899928066785e-06,-2.716958192646608e-07,3.373872518745767e-17,2,6.596654029122882e-09,1.1368683772161603e-13,8.881784197001252e-16,3.774437428077014e-16,0.0
44.6875,0.0625,0.01992046875,4.790059431238936e-09,1.8608725725128792e-06,1.5791700932467067e-06,-2.8170247926617246e-07,1.5894020826817572e-06,-2.714704898311219e-07,3.372102352234904e-17,2,6.593002396749495e-09,5.684341886080802e-14,4.440892098500626e-16,1.8872180449130165e-16,0.0
44.75,0.0625,0.019920875,4.789950185170746e-09,1.860759422888967e-06,1.579278940023908e-06,-2.81480482865059e-07,1.5895137648265588e-06,-2.712456580624082e-07,3.3723339628064186e-17,2,6.5893565114129416e-09,1.1368683772161603e-13,4.440892098500626e-16,3.774434750730311e-16,0.0
44.8125,0.0625,0.01992128125,4.789841015361354e-09,1.8606463630016665e-06,1.5793873861925825e-06,-2.81258976809084e-07,1.5896250408773207e-06,-2.710213221243458e-07,3.3709926067251026e-17,2,6.585716721418485e-09,1.1368683772161603e-13,4.440892098500626e-16,3.7744334107905534e-16,0.0
44.875,0.0625,0.0199216875,4.789731921643616e-09,1.8605333926537705e-06,1.5794954333611263e-06,-2.8103795929264426e-07,1.5897359124614253e-06,-2.707974801923453e-07,3.372934165058887e-17,2,6.582082852613492e-09,1.1368683772161603e-13,4.440892098500626e-16,3.774432070007466e-16,0.0
44.9375,0.0625,0.01992209375,4.789622903851001e-09,1.860420511648796e-06,1.5796030831293863e-06,-2.8081742851940975e-07,1.5898463811976126e-06,-2.705741304511835e-07,3.3715352372069374e-17,2,6.5784552533032264e-09,1.1368683772161603e-13,4.440892098500626e-16,3.774430728381753e-16,0.0
45.0,0.0625,0.0199225,4.789513961817595e-09,1.8603077197909796e-06,1.5797103370885374e-06,-2.8059738270244224e-07,1.5899564486958543e-06,-2.7035127109512533e-07,3.370185940191741e-17,2,6.574833575182426e-09,1.1368683772161603e-13,4.440892098500626e-16,3.7744293859141153e-16,0.0
45.0625,0.0625,0.01992290625,4.789405095378085e-09,1.8601950168852751e-06,1.5798171968212808e-06,-2.803778200639943e-07,1.590066116557559e-06,-2.701289003277162e-07,3.367711677543472e-17,2,6.5712179924037214e-09,1.1368683772161603e-13,4.440892098500626e-16,3.774428042605255e-16,0.0
45.125,0.0625,0.019923312500000002,4.789296304367766e-09,1.8600824027373508e-06,1.5799236639018242e-06,-2.8015873883552655e-07,1.5901753863755474e-06,-2.6990701636180334e-07,3.3672636765237136e-17,2,6.5676078083565875e-09,1.1368683772161603e-13,8.881784197001252e-16,3.7744266984558707e-16,0.0
45.1875,0.0625,0.01992371875,4.789187588622535e-09,1.8599698771535837e-06,1.5800297398959647e-06,-2.79940137257619e-07,1.590284259734139e-06,-2.6968561741944474e-07,3.3708337880474924e-17,2,6.564003893804181e-09,1.1368683772161603e-13,4.440892098500626e-16,3.774425353466659e-16,0.0
45.25,0.0625,0.019924125,4.789078947978886e-09,1.8598574399410547e-06,1.580135426361183e-06,-2.7972201357987173e-07,1.5903927382092461e-06,-2.694647017318086e-07,3.368422391125778e-17,2,6.560405726288608e-09,1.1368683772161603e-13,4.440892098500626e-16,3.774424007638318e-16,0.0
45.3125,0.0625,0.01992453125,4.788970382273907e-09,1.8597450909075497e-06,1.5802407248466014e-06,-2.7950436606094825e-07,1.5905008233683316e-06,-2.6924426753921807e-07,3.368235117435096e-17,2,6.556814002420393e-09,1.1368683772161603e-13,4.440892098500626e-16,3.774422660971541e-16,0.0
45.375,0.0625,0.0199249375,4.78886189134528e-09,1.8596328298615506e-06,1.5803456368931891e-06,-2.7928719296836146e-07,1.5906085167706164e-06,-2.6902431309093416e-07,3.3643751618246784e-17,2,6.553227851436381e-09,1.1368683772161603e-13,8.881784197001252e-16,3.774421313467022e-16,0.0
45.4375,0.0625,0.01992534375,4.788753475031277e-09,1.8595206566122364e-06,1.5804501640336427e-06,-2.790704925785937e-07,1.5907158199669584e-06,-2.68804836645278e-07,3.3654227033524156e-17,2,6.54964727333657e-09,1.1368683772161603e-13,4.440892098500626e-16,3.774419965125452e-16,0.0
45.5,0.0625,0.01992575,4.788645133170753e-09,1.8594085709694765e-06,1.5805543077926078e-06,-2.7885426317686873e-07,1.5908227345000772e-06,-2.6858583646939933e-07,3.3638642950783657e-17,2,6.546072616426224e-09,1.1368683772161603e-13,4.440892098500626e-16,3.774418615947522e-16,0.0
45.5625,0.0625,0.01992615625,4.788536865603152e-09,1.8592965727438294e-06,1.5806580696865867e-06,-2.786385030572427e-07,1.5909292619044601e-06,-2.6836731083936925e-07,3.3663862033299173e-17,2,6.5425037065527114e-09,5.684341886080802e-14,4.440892098500626e-16,1.887208632966961e-16,0.0
45.625,0.0625,0.0199265625,4.7884286721684915e-09,1.8591846617465353e-06,1.5807614512241073e-06,-2.78423210522428e-07,1.5910354037065327e-06,-2.681492580400026e-07,3.363418279292077e-17,2,6.538941066173926e-09,1.1368683772161603e-13,4.440892098500626e-16,3.7744159150853367e-16,0.0
45.6875,0.0625,0.01992696875,4.78832055270737e-09,1.8590728377895179e-06,1.5808644539057424e-06,-2.782083838837755e-07,1.591141161424678e-06,-2.679316763648399e-07,3.364506848978197e-17,2,6.535383998679343e-09,1.1368683772161603e-13,4.440892098500626e-16,3.7744145634024545e-16,0.0
45.75,0.0625,0.019927375,4.788212507060959e-09,1.8589611006853772e-06,1.5809670792241335e-06,-2.779940214612437e-07,1.5912465365692628e-06,-2.6771456411611434e-07,3.36284322333023e-17,2,6.531832678221593e-09,1.1368683772161603e-13,4.440892098500626e-16,3.77441321088596e-16,0.0
45.8125,0.0625,0.01992778125,4.788104535071002e-09,1.8588494502473873e-06,1.5810693286640782e-06,-2.7778012158330914e-07,1.5913515306427234e-06,-2.6749791960466395e-07,3.361643480569783e-17,2,6.528287104800677e-09,1.1368683772161603e-13,4.440892098500626e-16,3.7744118575365346e-16,0.0
45.875,0.0625,0.0199281875,4.787996636579813e-09,1.8587378862894937e-06,1.5811712037025302e-06,-2.775666825869635e-07,1.5914561451395656e-06,-2.672817411499281e-07,3.3635195261990535e-17,2,6.524747278416593e-09,5.684341886080802e-14,4.440892098500626e-16,1.8872052516774313e-16,0.0
45.9375,0.0625,0.01992859375,4.787888811430267e-09,1.8586264086263073e-06,1.5812727058087426e-06,-2.7735370281756474e-07,1.5915603815465113e-06,-2.6706602707979607e-07,3.3595536914702293e-17,2,6.521213547374606e-09,1.1368683772161603e-13,4.440892098500626e-16,3.774409148341622e-16,0.0
46.0,0.0625,0.019929,4.787781059465805e-09,1.8585150170731053e-06,1.5813738364442442e-06,-2.7714118062886113e-07,1.591664241342474e-06,-2.6685077573063134e-07,3.361219302351666e-17,2,6.517684866758927e-09,1.1368683772161603e-13,4.440892098500626e-16,3.7744077924974933e-16,0.0
46.0625,0.0625,0.01992940625,4.787673380530428e-09,1.8584037114458232e-06,1.5814745970629084e-06,-2.769291143829148e-07,1.591767725998627e-06,-2.6663598544719624e-07,3.36127621237781e-17,2,6.514162281485344e-09,1.1368683772161603e-13,4.440892098500626e-16,3.774406435823153e-16,0.0
46.125,0.0625,0.0199298125,4.787565774468692e-09,1.858292491561055e-06,1.58157498911102e-06,-2.7671750245003495e-07,1.5918708369784724e-06,-2.664216545825826e-07,3.36019028966965e-17,2,6.5106456174012256e-09,1.1368683772161603e-13,4.440892098500626e-16,3.7744050783192766e-16,0.0
46.1875,0.0625,0.01993021875,4.78745824112571e-09,1.8581813572360476e-06,1.581675014027345e-06,-2.765063432087026e-07,1.5919735757379117e-06,-2.662077814981359e-07,3.358907167103458e-17,2,6.507134177896046e-09,1.1368683772161603e-13,4.440892098500626e-16,3.7744037199865405e-16,0.0
46.25,0.0625,0.019930625,4.787350780347144e-09,1.858070308288699e-06,1.5817746732430878e-06,-2.762956350456112e-07,1.5920759437252007e-06,-2.6599436456349837e-07,3.3589309899050994e-17,2,6.503628833732964e-09,5.684341886080802e-14,4.440892098500626e-16,1.887201180412809e-16,0.0
46.3125,0.0625,0.01993103125,4.787243391979206e-09,1.8579593445375546e-06,1.5818739681820696e-06,-2.76085376355485e-07,1.5921779423811324e-06,-2.6578140215642215e-07,3.3566387069915924e-17,2,6.500129236606714e-09,1.1368683772161603e-13,4.440892098500626e-16,3.77440100083718e-16,0.0
46.375,0.0625,0.0199314375,4.787136075868655e-09,1.8578484658018041e-06,1.5819729002606706e-06,-2.758755655411335e-07,1.592279573138976e-06,-2.6556889266282813e-07,3.3575750754450025e-17,2,6.496634689906772e-09,5.684341886080802e-14,4.440892098500626e-16,1.8871998200109487e-16,0.0
46.4375,0.0625,0.01993184375,4.78702883186279e-09,1.8577376719012771e-06,1.582071470887931e-06,-2.7566620101334613e-07,1.592380837424581e-06,-2.653568344766961e-07,3.356740615643059e-17,2,6.493146064396295e-09,1.1368683772161603e-13,4.440892098500626e-16,3.7743982783804396e-16,0.0
46.5,0.0625,0.01993225,4.7869216598094554e-09,1.8576269626564416e-06,1.5821696814655955e-06,-2.7545728119084615e-07,1.5924817366564211e-06,-2.651452260000205e-07,3.3579959449406695e-17,2,6.489662837617389e-09,1.1368683772161603e-13,4.440892098500626e-16,3.7743969159134744e-16,0.0
46.5625,0.0625,0.01993265625,4.786814559557027e-09,1.8575163378884002e-06,1.5822675333881867e-06,-2.7524880450021354e-07,1.5925822722456693e-06,-2.6493406564273094e-07,3.3561854120159134e-17,2,6.48618588033321e-09,5.684341886080802e-14,4.440892098500626e-16,1.887197776310834e-16,0.0
46.625,0.0625,0.0199330625,4.786707530954422e-09,1.8574057974188857e-06,1.5823650280429938e-06,-2.7504076937589193e-07,1.5926824455961841e-06,-2.647233518227016e-07,3.3530977122253754e-17,2,6.482713973475339e-09,1.1368683772161603e-13,4.440892098500626e-16,3.7743941885056856e-16,0.0
46.6875,0.0625,0.01993346875,4.786600573851087e-09,1.8572953410702602e-06,1.5824621668101278e-06,-2.7483317426013245e-07,1.5927822581045682e-06,-2.645130829656921e-07,3.353806440574211e-17,2,6.479247813654302e-09,1.1368683772161603e-13,4.440892098500626e-16,3.7743928235661916e-16,0.0
46.75,0.0625,0.019933875,4.786493688096999e-09,1.8571849686655113e-06,1.5825589510626001e-06,-2.746260176029112e-07,1.5928817111602464e-06,-2.643032575052649e-07,3.3541108430396304e-17,2,6.475787052564835e-09,1.1368683772161603e-13,8.881784197001252e-16,3.7743914578038472e-16,0.0
46.8125,0.0625,0.01993428125,4.786386873542663e-09,1.8570746800282473e-06,1.5826553821664086e-06,-2.7441929786183875e-07,1.5929808061455532e-06,-2.6409387388269414e-07,3.3545184776454965e-17,2,6.472331690206939e-09,1.1368683772161603e-13,4.440892098500626e-16,3.774390091219314e-16,0.0
46.875,0.0625,0.0199346875,4.786280130039105e-09,1.8569644749826953e-06,1.582751461480485e-06,-2.742130135022102e-07,1.593079544435679e-06,-2.638849305470163e-07,3.351494967070493e-17,2,6.468882074885877e-09,1.1368683772161603e-13,8.881784197001252e-16,3.774388723813252e-16,0.0
46.9375,0.0625,0.01993509375,4.786173457437878e-09,1.8568543533536999e-06,1.5828471903567993e-06,-2.740071629969006e-07,1.5931779273987752e-06,-2.6367642595492466e-07,3.353188371220511e-17,2,6.465437684143753e-09,1.1368683772161603e-13,8.881784197001252e-16,3.774387355586318e-16,0.0
47.0,0.0625,0.0199355,4.786066855591052e-09,1.8567443149667161e-06,1.5829425701404099e-06,-2.7380174482630627e-07,1.5932759563960066e-06,-2.634683585707095e-07,3.349208639857396e-17,2,6.461999388743726e-09,1.1368683772161603e-13,4.440892098500626e-16,3.7743859865391707e-16,0.0
47.0625,0.0625,0.01993590625,4.785960324351215e-09,1.8566343596478108e-06,1.5830376021694474e-06,-2.7359675747836334e-07,1.5933736327815333e-06,-2.6326072686627746e-07,3.349624877141633e-17,2,6.458566143770007e-09,1.1368683772161603e-13,4.440892098500626e-16,3.774384616672465e-16,0.0
47.125,0.0625,0.0199363125,4.785853863571466e-09,1.8565244872236573e-06,1.583132287775275e-06,-2.7339219944838237e-07,1.593470957902674e-06,-2.630535293209833e-07,3.349210625090866e-17,2,6.455138645833122e-09,5.684341886080802e-14,4.440892098500626e-16,1.8871916229934277e-16,0.0
47.1875,0.0625,0.01993671875,4.7857474731054205e-09,1.856414697521532e-06,1.5832266282823982e-06,-2.731880692391337e-07,1.5935679330998132e-06,-2.628467644217187e-07,3.350644625400788e-17,2,6.45171567586465e-09,1.1368683772161603e-13,4.440892098500626e-16,3.7743818744829944e-16,0.0
47.25,0.0625,0.019937125,4.7856411528072e-09,1.8563049903693119e-06,1.5833206250086494e-06,-2.729843653606625e-07,1.5936645597065893e-06,-2.6264043066272255e-07,3.349966337298495e-17,2,6.448299149543536e-09,1.1368683772161603e-13,4.440892098500626e-16,3.7743805021615344e-16,0.0
47.3125,0.0625,0.01993753125,4.7855349025314345e-09,1.856195365595472e-06,1.5834142792651215e-06,-2.7278108633035043e-07,1.593760839049827e-06,-2.62434526545645e-07,3.3473273002722055e-17,2,6.4448880219539945e-09,1.1368683772161603e-13,8.881784197001252e-16,3.7743791290231256e-16,0.0
47.375,0.0625,0.0199379375,4.785428722133258e-09,1.856085823029084e-06,1.5835075923562275e-06,-2.7257823067285646e-07,1.5938567724495975e-06,-2.622290505794865e-07,3.34864086308494e-17,2,6.44148194479076e-09,1.1368683772161603e-13,4.440892098500626e-16,3.7743777550684173e-16,0.0
47.4375,0.0625,0.01993834375,4.785322611468304e-09,1.855976362499809e-06,1.583600565579802e-06,-2.7237579692000696e-07,1.5939523612193205e-06,-2.620240012804885e-07,3.345888667750853e-17,2,6.438081266359097e-09,1.1368683772161603e-13,4.440892098500626e-16,3.7743763802980565e-16,0.0
47.5,0.0625,0.01993875,4.785216570392709e-09,1.8558669838378988e-06,1.5836932002270693e-06,-2.7217378361082954e-07,1.5940476066657332e-06,-2.6181937717216565e-07,3.345510811647039e-17,2,6.434686334964266e-09,1.1368683772161603e-13,4.440892098500626e-16,3.77437500471269e-16,0.0
47.5625,0.0625,0.01993915625,4.785110598763106e-09,1.8557576868741921e-06,1.5837854975827354e-06,-2.7197218929145675e-07,1.594142510088981e-06,-2.6161517678521114e-07,3.3452057474371295e-17,2,6.431296105690482e-09,1.1368683772161603e-13,4.440892098500626e-16,3.7743736283129625e-16,0.0
47.625,0.0625,0.0199395625,4.78500469643662e-09,1.85564847144011e-06,1.5838774589250315e-06,-2.717710125150786e-07,1.5942370727826651e-06,-2.6141139865744495e-07,3.346215569528934e-17,2,6.4279116234535305e-09,1.1368683772161603e-13,4.440892098500626e-16,3.7743722510995186e-16,0.0
47.6875,0.0625,0.01993996875,4.784898863270869e-09,1.8555393373676533e-06,1.583969085525748e-06,-2.715702518419053e-07,1.5943312960338734e-06,-2.612080413337799e-07,3.342641487538215e-17,2,6.424532888253413e-09,1.1368683772161603e-13,4.440892098500626e-16,3.774370873073e-16,0.0
47.75,0.0625,0.019940375,4.784793099123964e-09,1.8554302844894034e-06,1.5840603786502025e-06,-2.713699058392009e-07,1.5944251811231492e-06,-2.610051033662542e-07,3.3445188566564655e-17,2,6.42115885517434e-09,1.1368683772161603e-13,4.440892098500626e-16,3.7743694942340483e-16,0.0
47.8125,0.0625,0.01994078125,4.784687403854499e-09,1.8553213126385145e-06,1.5841513395574322e-06,-2.711699730810823e-07,1.5945187293246864e-06,-2.608025833138281e-07,3.343778364572108e-17,2,6.41779039497947e-09,1.1368683772161603e-13,8.881784197001252e-16,3.774368114583305e-16,0.0
47.875,0.0625,0.0199411875,4.784581777321553e-09,1.8552124216487128e-06,1.5842419695001032e-06,-2.709704521486096e-07,1.5946119419062378e-06,-2.60600479742475e-07,3.342750675379072e-17,2,6.414426985210907e-09,1.1368683772161603e-13,4.440892098500626e-16,3.774366734121407e-16,0.0
47.9375,0.0625,0.01994159375,4.7844762193846936e-09,1.8551036113542962e-06,1.5843322697246133e-06,-2.7077134162968295e-07,1.5947048201292177e-06,-2.603987912250785e-07,3.34334426018664e-17,2,6.4110691483265475e-09,1.1368683772161603e-13,4.440892098500626e-16,3.7743653528489924e-16,0.0
48.0,0.0625,0.019942,4.784370729903962e-09,1.854994881590127e-06,1.5844222414711232e-06,-2.7057264011900375e-07,1.5947973652487342e-06,-2.6019751634139277e-07,3.3416488708031515e-17,2,6.407716187715864e-09,1.1368683772161603e-13,4.440892098500626e-16,3.7743639707666966e-16,0.0
48.0625,0.0625,0.01994240625,4.7842653087398806e-09,1.8548862321916324e-06,1.5845118859735429e-06,-2.703743462180895e-07,1.594889578513577e-06,-2.5999665367805547e-07,3.3421306207919024e-17,2,6.404368974142014e-09,1.1368683772161603e-13,4.440892098500626e-16,3.774362587875155e-16,0.0
48.125,0.0625,0.0199428125,4.784159955753446e-09,1.8547776629948013e-06,1.5846012044596833e-06,-2.7017645853511806e-07,1.594981461166367e-06,-2.5979620182843435e-07,3.341390790452035e-17,2,6.40102663684184e-09,1.1368683772161603e-13,4.440892098500626e-16,3.774361204175001e-16,0.0
48.1875,0.0625,0.01994321875,4.784054670806132e-09,1.8546691738361806e-06,1.5846901981512067e-06,-2.6997897568497397e-07,1.5950730144435091e-06,-2.595961593926715e-07,3.340645004411757e-17,2,6.397689872425869e-09,1.1368683772161603e-13,4.440892098500626e-16,3.774359819666868e-16,0.0
48.25,0.0625,0.019943625,4.783949453759879e-09,1.8545607645528736e-06,1.5847788682636503e-06,-2.6978189628922334e-07,1.595164239575216e-06,-2.593965249776576e-07,3.340363101258999e-17,2,6.394357984283574e-09,1.1368683772161603e-13,4.440892098500626e-16,3.774358434351387e-16,0.0
48.3125,0.0625,0.01994403125,4.783844304477098e-09,1.8544524349825354e-06,1.5848672160065564e-06,-2.69585218975979e-07,1.5952551377856377e-06,-2.591972971968977e-07,3.3382309605120824e-17,2,6.3910318431781135e-09,1.1368683772161603e-13,4.440892098500626e-16,3.7743570482291863e-16,0.0
48.375,0.0625,0.0199444375,4.783739222820668e-09,1.8543441849633748e-06,1.5849552425834377e-06,-2.693889423799371e-07,1.5953457102928292e-06,-2.5899847467054553e-07,3.339842970089826e-17,2,6.387710230041066e-09,1.1368683772161603e-13,4.440892098500626e-16,3.774355661300896e-16,0.0
48.4375,0.0625,0.01994484375,4.7836342086539305e-09,1.854236014334145e-06,1.585042949191836e-06,-2.69193065142309e-07,1.595435958308807e-06,-2.588000560253379e-07,3.337322385327254e-17,2,6.384394538093484e-09,1.1368683772161603e-13,4.440892098500626e-16,3.774354273567143e-16,0.0
48.5,0.0625,0.01994525,4.78352926184069e-09,1.854127922934147e-06,1.5851303370233407e-06,-2.689975859108062e-07,1.5955258830395704e-06,-2.586020398945765e-07,3.337617523369813e-17,2,6.3810831999616844e-09,1.1368683772161603e-13,4.440892098500626e-16,3.774352885028554e-16,0.0
48.5625,0.0625,0.01994565625,4.783424382245212e-09,1.854019910603224e-06,1.5852174072636583e-06,-2.688025033395657e-07,1.595615485685168e-06,-2.584044249180559e-07,3.33756723078857e-17,2,6.3777772605614555e-09,1.1368683772161603e-13,4.440892098500626e-16,3.774351495685753e-16,0.0
48.625,0.0625,0.0199460625,4.783319569732219e-09,1.8539119771817587e-06,1.58530416109266e-06,-2.686078160890988e-07,1.5957047674397514e-06,-2.5820720974200734e-07,3.3361868317823413e-17,2,6.374476719892797e-09,1.1368683772161603e-13,4.440892098500626e-16,3.774350105539365e-16,0.0
48.6875,0.0625,0.01994646875,4.783214824166889e-09,1.853804122510672e-06,1.5853905996843596e-06,-2.684135228263124e-07,1.5957937294915475e-06,-2.5801039301912454e-07,3.334715112036487e-17,2,6.371181229650447e-09,1.1368683772161603e-13,4.440892098500626e-16,3.77434871459001e-16,0.0
48.75,0.0625,0.019946875,4.7831101454148536e-09,1.8536963464314204e-06,1.5854767242070055e-06,-2.682196222244149e-07,1.595882373022954e-06,-2.5781397340846646e-07,3.334653569798913e-17,2,6.3678907898344055e-09,1.1368683772161603e-13,8.881784197001252e-16,3.7743473228383124e-16,0.0
48.8125,0.0625,0.01994728125,4.783005533342195e-09,1.8535886487859926e-06,1.5855625358230906e-06,-2.6802611296290205e-07,1.5959706992105505e-06,-2.576179495754421e-07,3.335967794356137e-17,2,6.36460522629204e-09,1.1368683772161603e-13,4.440892098500626e-16,3.774345930284891e-16,0.0
48.875,0.0625,0.0199476875,4.782900987815447e-09,1.8534810294169054e-06,1.585648035689394e-06,-2.6783299372751145e-07,1.596058709225137e-06,-2.574223201917684e-07,3.3316829987831126e-17,2,6.361325235633877e-09,1.1368683772161603e-13,4.440892098500626e-16,3.774344536930364e-16,0.0
48.9375,0.0625,0.01994809375,4.782796508701589e-09,1.8533734881672071e-06,1.5857332249569994e-06,-2.676402632102078e-07,1.596146404231757e-06,-2.572270839354502e-07,3.332645175271634e-17,2,6.3580501212493915e-09,1.1368683772161603e-13,4.440892098500626e-16,3.774343142775349e-16,0.0
49.0,0.0625,0.0199485,4.782692095868044e-09,1.8532660248804678e-06,1.5858181047713704e-06,-2.6744792010909737e-07,1.5962337853897689e-06,-2.570322394906989e-07,3.331935123433819e-17,2,6.3547798831385815e-09,1.1368683772161603e-13,4.440892098500626e-16,3.7743417478204635e-16,0.0
49.0625,0.0625,0.01994890625,4.782587749182682e-09,1.8531586394007816e-06,1.5859026762723686e-06,-2.6725596312841294e-07,1.5963208538528686e-06,-2.56837785547913e-07,3.333168615163258e-17,2,6.3515146954540804e-09,1.1368683772161603e-13,8.881784197001252e-16,3.774340352066321e-16,0.0
49.125,0.0625,0.0199493125,4.782483468513809e-09,1.853051331572762e-06,1.5859869405942455e-06,-2.6706439097851655e-07,1.5964076107690788e-06,-2.566437208036833e-07,3.332796053015364e-17,2,6.348254558195887e-09,1.1368683772161603e-13,8.881784197001252e-16,3.774338955513538e-16,0.0
49.1875,0.0625,0.01994971875,4.782379253730173e-09,1.852944101241541e-06,1.586070898865752e-06,-2.6687320237578905e-07,1.5964940572808596e-06,-2.564500439606814e-07,3.3322759218461906e-17,2,6.344999645516633e-09,1.1368683772161603e-13,4.440892098500626e-16,3.774337558162725e-16,0.0
49.25,0.0625,0.019950125,4.782275104700956e-09,1.852836948252765e-06,1.5861545522101311e-06,-2.6668239604263393e-07,1.5965801945251033e-06,-2.562567537276618e-07,3.3309961080024486e-17,2,6.341749609111056e-09,1.1368683772161603e-13,4.440892098500626e-16,3.7743361600144954e-16,0.0
49.3125,0.0625,0.01995053125,4.782171021295778e-09,1.852729872452593e-06,1.5862379017451445e-06,-2.664919707074485e-07,1.5966660236331573e-06,-2.560638488194357e-07,3.327993773251126e-17,2,6.338504797284418e-09,5.684341886080802e-14,4.440892098500626e-16,1.8871673805347298e-16,0.0
49.375,0.0625,0.0199509375,4.78206700338469e-09,1.8526228736876964e-06,1.5863209485831215e-06,-2.663019251045749e-07,1.596751545730879e-06,-2.5587132795681733e-07,3.328930141704536e-17,2,6.335264687578826e-09,1.1368683772161603e-13,8.881784197001252e-16,3.7743333613282245e-16,0.0
49.4375,0.0625,0.01995134375,4.781963050838173e-09,1.8525159518052533e-06,1.586403693830978e-06,-2.6611225797427527e-07,1.5968367619386497e-06,-2.556791898666036e-07,3.3283451595753386e-17,2,6.332029628299542e-09,5.684341886080802e-14,8.881784197001252e-16,3.483052626274873e-16,0.0
49.5,0.0625,0.01995175,4.7818591635271385e-09,1.8524091066529468e-06,1.586486138590293e-06,-2.659229680626539e-07,1.5969216733714545e-06,-2.554874332814923e-07,3.3289685228849586e-17,2,6.328799445293935e-09,1.1368683772161603e-13,8.881784197001252e-16,3.774330559459595e-16,0.0
49.5625,0.0625,0.01995215625,4.78175534132292e-09,1.8523023380789645e-06,1.5865682839572809e-06,-2.657340541216836e-07,1.5970062811388555e-06,-2.5529605694010895e-07,3.325840456680528e-17,2,6.3255746610198986e-09,1.1368683772161603e-13,4.440892098500626e-16,3.774329157333411e-16,0.0
49.625,0.0625,0.0199525625,4.7816515840972815e-09,1.8521956459319948e-06,1.5866501310228642e-06,-2.655455149091306e-07,1.5970905863450618e-06,-2.55105059586933e-07,3.3256425950780054e-17,2,6.322354230561644e-09,1.1368683772161603e-13,4.440892098500626e-16,3.774327754413455e-16,0.0
49.6875,0.0625,0.01995296875,4.781547891722407e-09,1.8520890300612246e-06,1.5867316808726958e-06,-2.653573491885288e-07,1.5971745900889544e-06,-2.549144399722702e-07,3.327161298682653e-17,2,6.319138676377067e-09,1.1368683772161603e-13,4.440892098500626e-16,3.77432635070033e-16,0.0
49.75,0.0625,0.019953375,4.781444264070901e-09,1.8519824903163378e-06,1.586812934587177e-06,-2.651695557291609e-07,1.5972582934641052e-06,-2.5472419685223264e-07,3.3265663903861046e-17,2,6.315928520924061e-09,1.1368683772161603e-13,4.440892098500626e-16,3.774324946194639e-16,0.0
49.8125,0.0625,0.01995378125,4.781340701015785e-09,1.8518760265475107e-06,1.5868938932415162e-06,-2.6498213330599456e-07,1.5973416975588335e-06,-2.5453432898867726e-07,3.3243641047232434e-17,2,6.312723241744732e-09,1.1368683772161603e-13,4.440892098500626e-16,3.7743235408969817e-16,0.0
49.875,0.0625,0.0199541875,4.781237202430502e-09,1.851769638605413e-06,1.5869745579057568e-06,-2.6479508069965613e-07,1.5974248034562378e-06,-2.5434483514917516e-07,3.323573320057643e-17,2,6.3095228388390795e-09,1.7053025658242404e-13,4.440892098500626e-16,5.66148320221194e-16,0.0
49.9375,0.0625,0.01995459375,4.7811337681889055e-09,1.8516633263412034e-06,1.587054929644794e-06,-2.6460839669640946e-07,1.5975076122342076e-06,-2.5415571410699584e-07,3.322607173102181e-17,2,6.306326963901841e-09,1.7053025658242404e-13,4.440892098500626e-16,5.661481091892257e-16,0.0
50.0,0.0625,0.019955,4.781030398165264e-09,1.8515570896065284e-06,1.5871350095183976e-06,-2.644220800881308e-07,1.597590124965453e-06,-2.5396696464107545e-07,3.3222901974914505e-17,2,6.3031361393909105e-09,1.1368683772161603e-13,4.440892098500626e-16,3.774319320258213e-16,0.0
50.0625,0.0625,0.01995540625,4.780927092234256e-09,1.8514509282535183e-06,1.5872147985812746e-06,-2.642361296722437e-07,1.5976723427175623e-06,-2.53778585535956e-07,3.3204333424523914e-17,2,6.2999501911536566e-09,1.1368683772161603e-13,8.881784197001252e-16,3.774317911798682e-16,0.0
50.125,0.0625,0.0199558125,4.780823850270972e-09,1.8513448421347877e-06,1.5872942978830357e-06,-2.6405054425175206e-07,1.5977542665529712e-06,-2.5359057558181656e-07,3.324278739684028e-17,2,6.296768596732186e-09,1.7053025658242404e-13,4.440892098500626e-16,5.661474753825261e-16,0.0
50.1875,0.0625,0.01995621875,4.780720672150904e-09,1.8512388311034302e-06,1.5873735084683703e-06,-2.638653226350599e-07,1.5978358975291394e-06,-2.534029335742908e-07,3.320050192392657e-17,2,6.293592575194917e-09,1.1368683772161603e-13,4.440892098500626e-16,3.7743150925132833e-16,0.0
50.25,0.0625,0.019956625,4.780617557749956e-09,1.8511328950130195e-06,1.58745243137689e-06,-2.6368046363612945e-07,1.5979172366983906e-06,-2.532156583146289e-07,3.3210712641407923e-17,2,6.290421081626063e-09,1.1368683772161603e-13,4.440892098500626e-16,3.774313681688602e-16,0.0
50.3125,0.0625,0.01995703125,4.780514506944431e-09,1.851027033717603e-06,1.5875310676433124e-06,-2.634959660742906e-07,1.5979982851081e-06,-2.5302874860950293e-07,3.317802908104473e-17,2,6.287254464330885e-09,1.1368683772161603e-13,4.440892098500626e-16,3.7743122700767243e-16,0.0
50.375,0.0625,0.0199574375,4.7804115196110355e-09,1.8509212470717056e-06,1.5876094182973684e-06,-2.633118287743372e-07,1.5980790438006012e-06,-2.5284220327110436e-07,3.3187670698264646e-17,2,6.284092549156752e-09,1.1368683772161603e-13,8.881784197001252e-16,3.7743108576782396e-16,0.0
50.4375,0.0625,0.01995784375,4.780308595626877e-09,1.8508155349303214e-06,1.5876874843639393e-06,-2.631280505663821e-07,1.598159513813323e-06,-2.526560211169985e-07,3.3201514392996334e-17,2,6.280934987798403e-09,1.1368683772161603e-13,4.440892098500626e-16,3.774309444493738e-16,0.0
50.5,0.0625,0.01995825,4.780205734869458e-09,1.8507098971489145e-06,1.5877652668629968e-06,-2.629446302859176e-07,1.5982396961787286e-06,-2.5247020097018584e-07,3.318325024507116e-17,2,6.2777826510189924e-09,1.1368683772161603e-13,8.881784197001252e-16,3.774308030523807e-16,0.0
50.5625,0.0625,0.01995865625,4.780102937216679e-09,1.8506043335834181e-06,1.587842766809705e-06,-2.627615667737131e-07,1.59831959192442e-06,-2.522847416589981e-07,3.3202606271404904e-17,2,6.274635190513259e-09,1.1368683772161603e-13,4.440892098500626e-16,3.774306615769036e-16,0.0
50.625,0.0625,0.0199590625,4.780000202546837e-09,1.8504988440902286e-06,1.5879199852144379e-06,-2.625788588757908e-07,1.5983992020731568e-06,-2.520996420170718e-07,3.3186876604876595e-17,2,6.27149225797594e-09,1.1368683772161603e-13,4.440892098500626e-16,3.774305200230009e-16,0.0
50.6875,0.0625,0.01995946875,4.779897530738616e-09,1.850393428526207e-06,1.5879969230827533e-06,-2.6239650544345367e-07,1.5984785276428266e-06,-2.519149008833803e-07,3.316949257712318e-17,2,6.268354375864929e-09,1.1368683772161603e-13,4.440892098500626e-16,3.7743037839073143e-16,0.0
50.75,0.0625,0.019959875,4.779794921671096e-09,1.8502880867486747e-06,1.588073581415488e-06,-2.6221450533318676e-07,1.5985575696465432e-06,-2.5173051710213154e-07,3.312858353274876e-17,2,6.265221195874964e-09,1.1368683772161603e-13,4.440892098500626e-16,3.7743023668015334e-16,0.0
50.8125,0.0625,0.01996028125,4.779692375223745e-09,1.8501828186154146e-06,1.5881499612086972e-06,-2.6203285740671733e-07,1.5986363290925851e-06,-2.515464895228294e-07,3.314764177406198e-17,2,6.26209219554815e-09,1.1368683772161603e-13,4.440892098500626e-16,3.774300948913251e-16,0.0
50.875,0.0625,0.0199606875,4.779589891276418e-09,1.8500776239846636e-06,1.5882260634537823e-06,-2.618515605308813e-07,1.598714806984525e-06,-2.5136281700013865e-07,3.312941071336131e-17,2,6.2589680714950126e-09,1.1368683772161603e-13,4.440892098500626e-16,3.774299530243048e-16,0.0
50.9375,0.0625,0.01996109375,4.779487469709355e-09,1.8499725027151153e-06,1.5883018891374746e-06,-2.6167061357764067e-07,1.5987930043212117e-06,-2.5117949839390355e-07,3.313278561026053e-17,2,6.255848823715552e-09,1.1368683772161603e-13,4.440892098500626e-16,3.7742981107915066e-16,0.0
51.0,0.0625,0.0199615,4.779385110403179e-09,1.8498674546659159e-06,1.5883774392418767e-06,-2.6149001542403914e-07,1.5988709220968153e-06,-2.509965325691006e-07,3.3106216568985325e-17,2,6.252734278057137e-09,1.1368683772161603e-13,4.440892098500626e-16,3.774296690559205e-16,0.0
51.0625,0.0625,0.01996190625,4.7792828132388984e-09,1.8497624796966632e-06,1.588452714744439e-06,-2.6130976495222427e-07,1.5989485613007985e-06,-2.5081391839586474e-07,3.313613403738014e-17,2,6.249624086214505e-09,1.1368683772161603e-13,8.881784197001252e-16,3.774295269546724e-16,0.0
51.125,0.0625,0.0199623125,4.779180578097898e-09,1.849657577667402e-06,1.5885277166180684e-06,-2.6112986104933367e-07,1.599025922918032e-06,-2.506316547493701e-07,3.3125883615229385e-17,2,6.24651877064555e-09,1.1368683772161603e-13,8.881784197001252e-16,3.7742938477546397e-16,0.0
51.1875,0.0625,0.01996271875,4.7790784048619454e-09,1.8495527484386258e-06,1.5886024458311132e-06,-2.609503026075126e-07,1.599103007928774e-06,-2.5044974050985177e-07,3.311483909969058e-17,2,6.243417983045009e-09,1.1368683772161603e-13,4.440892098500626e-16,3.774292425183529e-16,0.0
51.25,0.0625,0.019963124999999998,4.7789762934131815e-09,1.8494479918712722e-06,1.5886769033473698e-06,-2.607710885239024e-07,1.5991798173086826e-06,-2.5026817456258967e-07,3.3136484761959865e-17,2,6.2403217234128815e-09,1.1368683772161603e-13,4.440892098500626e-16,3.7742910018339667e-16,0.0
51.3125,0.0625,0.01996353125,4.778874243634124e-09,1.8493433078267201e-06,1.588751090126178e-06,-2.605922177005421e-07,1.5992563520289058e-06,-2.5008695579781435e-07,3.307479032315321e-17,2,6.237230688359693e-09,1.1368683772161603e-13,8.881784197001252e-16,3.774289577706529e-16,0.0
51.375,0.0625,0.0199639375,4.778772255407664e-09,1.8492386961667933e-06,1.5888250071223276e-06,-2.604136890444657e-07,1.5993326130559911e-06,-2.4990608311080215e-07,3.3108876781835295e-17,2,6.2341436588170266e-09,1.1368683772161603e-13,8.881784197001252e-16,3.774288152801789e-16,0.0
51.4375,0.0625,0.01996434375,4.778670328617065e-09,1.8491341567537503e-06,1.588898655286227e-06,-2.602355014675232e-07,1.5994086013520568e-06,-2.497255554016935e-07,3.308963325206486e-17,2,6.231061331395405e-09,1.1368683772161603e-13,4.440892098500626e-16,3.7742867271203185e-16,0.0
51.5,0.0625,0.01996475,4.77856846314596e-09,1.8490296894502887e-06,1.5889720355638021e-06,-2.6005765388648655e-07,1.5994843178746863e-06,-2.4954537157560235e-07,3.3090751600253033e-17,2,6.2279835319421965e-09,1.1368683772161603e-13,4.440892098500626e-16,3.774285300662687e-16,0.0
51.5625,0.0625,0.01996515625,4.778466658878352e-09,1.8489252941195401e-06,1.5890451488966594e-06,-2.5988014522288075e-07,1.5995597635770951e-06,-2.49365530542445e-07,3.30512586890873e-17,2,6.224910782915297e-09,1.1368683772161603e-13,8.881784197001252e-16,3.774283873429468e-16,0.0
51.625,0.0625,0.0199655625,4.7783649156986096e-09,1.848820970625071e-06,1.5891179962219563e-06,-2.5970297440311464e-07,1.599634939408e-06,-2.4918603121707096e-07,3.306139661467475e-17,2,6.221842039398917e-09,1.1368683772161603e-13,4.440892098500626e-16,3.7742824454212277e-16,0.0
51.6875,0.0625,0.01996596875,4.778263233491467e-09,1.8487167188308773e-06,1.5891905784725297e-06,-2.5952614035834763e-07,1.5997098463117476e-06,-2.490068725191298e-07,3.307664982517023e-17,2,6.218777649698321e-09,1.1368683772161603e-13,4.440892098500626e-16,3.7742810166385364e-16,0.0
51.75,0.0625,0.019966375,4.778161612142024e-09,1.8486125386013838e-06,1.5892628965769227e-06,-2.593496420244611e-07,1.5997844852283426e-06,-2.488280533730412e-07,3.305884889838809e-17,2,6.215718484576664e-09,1.1368683772161603e-13,4.440892098500626e-16,3.7742795870819587e-16,0.0
51.8125,0.0625,0.01996678125,4.7780600515357385e-09,1.8485084298014445e-06,1.5893349514593566e-06,-2.5917347834208794e-07,1.5998588570934193e-06,-2.486495727080252e-07,3.3065234732717e-17,2,6.212663673270789e-09,1.1368683772161603e-13,4.440892098500626e-16,3.7742781567520626e-16,0.0
51.875,0.0625,0.0199671875,4.777958551558432e-09,1.8484043922963368e-06,1.5894067440398013e-06,-2.589976482565355e-07,1.5999329628383122e-06,-2.4847142945802465e-07,3.3052238070932564e-17,2,6.209613041628066e-09,1.1368683772161603e-13,8.881784197001252e-16,3.774276725649412e-16,0.0
51.9375,0.0625,0.01996759375,4.777857112096284e-09,1.8483004259517623e-06,1.5894782752339664e-06,-2.588221507177959e-07,1.6000068033900461e-06,-2.482936225617162e-07,3.3034966539742457e-17,2,6.20656728625902e-09,1.1368683772161603e-13,4.440892098500626e-16,3.7742752937745716e-16,0.0
52.0,0.0625,0.019968,4.777755733035832e-09,1.8481965306338454e-06,1.5895495459533523e-06,-2.5864698468049306e-07,1.600080379671391e-06,-2.4811615096245446e-07,3.3033047480721334e-17,2,6.203525884705757e-09,5.684341886080802e-14,8.881784197001252e-16,3.483052626274873e-16,0.0
52.0625,0.0625,0.01996840625,4.777654414263969e-09,1.8480927062091296e-06,1.5896205571052325e-06,-2.584721491038971e-07,1.6001536926008404e-06,-2.4793901360828925e-07,3.3053184365553325e-17,2,6.200489011120908e-09,1.1368683772161603e-13,8.881784197001252e-16,3.7742724277105715e-16,0.0
52.125,0.0625,0.0199688125,4.777553155667942e-09,1.8479889525445745e-06,1.5896913095927652e-06,-2.582976429518093e-07,1.6002267430927269e-06,-2.477622094518476e-07,3.3016086969441547e-17,2,6.1974564913518415e-09,1.1368683772161603e-13,8.881784197001252e-16,3.7742709935225333e-16,0.0
52.1875,0.0625,0.01996921875,4.777451957135349e-09,1.8478852695075588e-06,1.5897618043149499e-06,-2.5812346519260895e-07,1.6002995320571772e-06,-2.475857374503816e-07,3.300521450747015e-17,2,6.194428673703821e-09,1.1368683772161603e-13,4.440892098500626e-16,3.77426955856455e-16,0.0
52.25,0.0625,0.019969625,4.777350818554143e-09,1.847781656965874e-06,1.589832042166621e-06,-2.579496147992532e-07,1.6003720604001045e-06,-2.4740959656576955e-07,3.301896555797323e-17,2,6.191404687413689e-09,1.1368683772161603e-13,4.440892098500626e-16,3.774268122837181e-16,0.0
52.3125,0.0625,0.01997003125,4.777249739812623e-09,1.8476781147877243e-06,1.5899020240385471e-06,-2.577760907491771e-07,1.6004443290233113e-06,-2.472337857644129e-07,3.302174488483141e-17,2,6.1883857515498654e-09,1.1368683772161603e-13,4.440892098500626e-16,3.774266686340983e-16,0.0
52.375,0.0625,0.0199704375,4.777148720799435e-09,1.8475746428417238e-06,1.5899717508174408e-06,-2.5760289202428294e-07,1.600516338824498e-06,-2.4705830401722577e-07,3.297914839200738e-17,2,6.185371169501824e-09,1.1368683772161603e-13,4.440892098500626e-16,3.774265249076513e-16,0.0
52.4375,0.0625,0.019970843749999998,4.777047761403576e-09,1.8474712409968967e-06,1.5900412233859357e-06,-2.5743001761096106e-07,1.6005880906972385e-06,-2.468831502996582e-07,3.2982371087673885e-17,2,6.182360767116935e-09,1.1368683772161603e-13,8.881784197001252e-16,3.774263811044328e-16,0.0
52.5,0.0625,0.01997125,4.776946861514387e-09,1.8473679091226746e-06,1.5901104426226162e-06,-2.572574665000583e-07,1.6006595855310134e-06,-2.467083235916611e-07,3.301735090141753e-17,2,6.179354718547829e-09,1.1368683772161603e-13,4.440892098500626e-16,3.7742623722449806e-16,0.0
52.5625,0.0625,0.01997165625,4.776846021021549e-09,1.8472646470888924e-06,1.590179409402123e-06,-2.570852376867694e-07,1.6007308242113127e-06,-2.465338228775797e-07,3.299802796230829e-17,2,6.176353372099767e-09,1.1368683772161603e-13,4.440892098500626e-16,3.7742609326790246e-16,0.0
52.625,0.0625,0.0199720625,4.776745239815086e-09,1.84716145476579e-06,1.5902481245950907e-06,-2.5691333017069927e-07,1.6008018076195765e-06,-2.463596471462135e-07,3.298006159940364e-17,2,6.173356379467489e-09,1.1368683772161603e-13,4.440892098500626e-16,3.774259492347014e-16,0.0
52.6875,0.0625,0.01997246875,4.776644517785365e-09,1.8470583320240088e-06,1.5903165890681688e-06,-2.567417429558401e-07,1.6008725366332136e-06,-2.461857953907953e-07,3.2983290912515044e-17,2,6.170363914803625e-09,1.1368683772161603e-13,4.440892098500626e-16,3.7742580512495e-16,0.0
52.75,0.0625,0.019972875,4.77654385482309e-09,1.8469552787345894e-06,1.5903848036841029e-06,-2.565704750504865e-07,1.6009430121256844e-06,-2.4601226660890497e-07,3.295464399354111e-17,2,6.167375629802913e-09,1.1368683772161603e-13,8.881784197001252e-16,3.774256609387033e-16,0.0
52.8125,0.0625,0.01997328125,4.776443250819303e-09,1.8468522947689727e-06,1.590452769301721e-06,-2.563995254672518e-07,1.601013234966487e-06,-2.4583905980248575e-07,3.296325990680146e-17,2,6.16439135031272e-09,1.1368683772161603e-13,4.440892098500626e-16,3.774255166760162e-16,0.0
52.875,0.0625,0.0199736875,4.776342705665382e-09,1.8467493799989944e-06,1.590520486775947e-06,-2.5622889322304735e-07,1.601083206021173e-06,-2.4566617397782144e-07,3.295204333769524e-17,2,6.161411598790942e-09,1.1368683772161603e-13,4.440892098500626e-16,3.7742537233694363e-16,0.0
52.9375,0.0625,0.01997409375,4.776242219253038e-09,1.8466465342968851e-06,1.5905879569578558e-06,-2.5605857733902934e-07,1.6011529261513978e-06,-2.4549360814548735e-07,3.293158881550803e-17,2,6.158436897695472e-09,1.1368683772161603e-13,4.440892098500626e-16,3.7742522792154047e-16,0.0
53.0,0.0625,0.0199745,4.776141791474319e-09,1.8465437575352704e-06,1.5906551806946535e-06,-2.558885768406169e-07,1.6012223962149077e-06,-2.453213613203628e-07,3.2944936201872185e-17,2,6.155465679652628e-09,1.1368683772161603e-13,4.440892098500626e-16,3.7742508342986126e-16,0.0
53.0625,0.0625,0.01997490625,4.776041422221602e-09,1.8464410495871649e-06,1.5907221588297645e-06,-2.557188907574004e-07,1.6012916170656192e-06,-2.4514943252154566e-07,3.292421698188896e-17,2,6.152498815425567e-09,1.1368683772161603e-13,4.440892098500626e-16,3.7742493886196054e-16,0.0
53.125,0.0625,0.0199753125,4.775941111387593e-09,1.8463384103259745e-06,1.5907888922027693e-06,-2.5554951812320516e-07,1.6013605895535668e-06,-2.4497782077240764e-07,3.293970180295595e-17,2,6.149536653319552e-09,1.1368683772161603e-13,4.440892098500626e-16,3.774247942178929e-16,0.0
53.1875,0.0625,0.01997571875,4.7758408588653295e-09,1.8462358396254924e-06,1.590855381649492e-06,-2.5538045797600035e-07,1.6014293145249818e-06,-2.4480652510051065e-07,3.291475403568135e-17,2,6.14657884502932e-09,5.684341886080802e-14,4.440892098500626e-16,1.8871232474885628e-16,0.0
53.25,0.0625,0.019976125,4.775740664548175e-09,1.8461333373598985e-06,1.5909216280019835e-06,-2.5521170935791496e-07,1.6014977928222808e-06,-2.4463554453761767e-07,3.290945346231611e-17,2,6.143625042249607e-09,1.1368683772161603e-13,4.440892098500626e-16,3.774245047014739e-16,0.0
53.3125,0.0625,0.01997653125,4.7756405283298205e-09,1.8460309034037575e-06,1.5909876320885714e-06,-2.550432713151861e-07,1.6015660252841136e-06,-2.4446487811964385e-07,3.2907044712372356e-17,2,6.1406755932856775e-09,1.1368683772161603e-13,4.440892098500626e-16,3.774243598292311e-16,0.0
53.375,0.0625,0.0199769375,4.775540450104279e-09,1.8459285376320173e-06,1.5910533947338423e-06,-2.54875142898175e-07,1.6016340127453487e-06,-2.4429452488666856e-07,3.290274999063198e-17,2,6.137730149832268e-09,1.1368683772161603e-13,4.440892098500626e-16,3.774242148810382e-16,0.0
53.4375,0.0625,0.01997734375,4.7754404297658895e-09,1.8458262399200073e-06,1.591118916758738e-06,-2.547073231612694e-07,1.6017017560371653e-06,-2.44124483882842e-07,3.290192281001943e-17,2,6.134789060194642e-09,1.1368683772161603e-13,8.881784197001252e-16,3.774240698569493e-16,0.0
53.5,0.0625,0.01997775,4.7753404672093106e-09,1.8457240101434357e-06,1.5911841989804938e-06,-2.54539811162942e-07,1.601769255986995e-06,-2.4395475415644074e-07,3.288574315723789e-17,2,6.131852324372798e-09,1.1368683772161603e-13,4.440892098500626e-16,3.774239247570181e-16,0.0
53.5625,0.0625,0.01997815625,4.7752405623295236e-09,1.8456218481783902e-06,1.5912492422126822e-06,-2.543726059657081e-07,1.6018365134185652e-06,-2.4378533475982503e-07,3.289887216792033e-17,2,6.128919768214106e-09,1.1368683772161603e-13,4.440892098500626e-16,3.7742377958129845e-16,0.0
53.625,0.0625,0.0199785625,4.775140715021825e-09,1.845519753901334e-06,1.5913140472652716e-06,-2.5420570663606244e-07,1.6019035291519576e-06,-2.436162247493765e-07,3.285345002612382e-17,2,6.125991914176459e-09,1.1368683772161603e-13,4.440892098500626e-16,3.774236343298441e-16,0.0
53.6875,0.0625,0.01997896875,4.775040925181834e-09,1.8454177271891064e-06,1.5913786149445854e-06,-2.5403911224452107e-07,1.6019703040035666e-06,-2.4344742318553986e-07,3.286638051345925e-17,2,6.12306771734407e-09,1.1368683772161603e-13,4.440892098500626e-16,3.7742348900270857e-16,0.0
53.75,0.0625,0.019979375,4.774941192705483e-09,1.8453157679189188e-06,1.591442946053385e-06,-2.5387282186553384e-07,1.6020368387861854e-06,-2.432789291327334e-07,3.2850240565347115e-17,2,6.120147874327464e-09,1.1368683772161603e-13,4.440892098500626e-16,3.7742334359994546e-16,0.0
53.8125,0.0625,0.01997978125,4.774841517489021e-09,1.8452138759683562e-06,1.5915070413908379e-06,-2.537068345775183e-07,1.6021031343089703e-06,-2.4311074165938587e-07,3.286824001547627e-17,2,6.117232036821378e-09,1.1368683772161603e-13,4.440892098500626e-16,3.7742319812160814e-16,0.0
53.875,0.0625,0.0199801875,4.774741899429008e-09,1.845112051215372e-06,1.5915709017525923e-06,-2.535411494627797e-07,1.60216919137752e-06,-2.4294285983785193e-07,3.286681726482268e-17,2,6.1143205531310745e-09,1.1368683772161603e-13,4.440892098500626e-16,3.774230525677499e-16,0.0
53.9375,0.0625,0.01998059375,4.774642338422321e-09,1.8450102935382883e-06,1.5916345279307373e-06,-2.5337576560755095e-07,1.6022350107938313e-06,-2.42775282744457e-07,3.285370810647494e-17,2,6.111413249103923e-09,1.1368683772161603e-13,4.440892098500626e-16,3.7742290693842407e-16,0.0
54.0,0.0625,0.019981,4.774542834366142e-09,1.844908602815795e-06,1.591697920713867e-06,-2.532106821019279e-07,1.602300593356368e-06,-2.42608009459427e-07,3.282565675754204e-17,2,6.108510298892554e-09,1.1368683772161603e-13,8.881784197001252e-16,3.774227612336836e-16,0.0
54.0625,0.0625,0.01998140625,4.774443387157969e-09,1.8448069789269482e-06,1.5917610808870686e-06,-2.530458980398796e-07,1.6023659398600445e-06,-2.4244103906690364e-07,3.2857288144166067e-17,2,6.1056110058864425e-09,1.1368683772161603e-13,4.440892098500626e-16,3.774226154535816e-16,0.0
54.125,0.0625,0.0199818125,4.774343996695604e-09,1.8447054217511655e-06,1.5918240092319855e-06,-2.5288141251918e-07,1.6024310510962947e-06,-2.422743706548708e-07,3.2834007973006374e-17,2,6.102716240848746e-09,1.1368683772161603e-13,4.440892098500626e-16,3.7742246959817114e-16,0.0
54.1875,0.0625,0.01998221875,4.774244662877156e-09,1.8446039311682297e-06,1.5918867065267696e-06,-2.527172246414601e-07,1.6024959278530192e-06,-2.421080033152105e-07,3.2824995013051996e-17,2,6.0998256554742e-09,1.1368683772161603e-13,4.440892098500626e-16,3.774223236675048e-16,0.0
54.25,0.0625,0.019982625,4.774145385601044e-09,1.8445025070582828e-06,1.5919491735461829e-06,-2.5255333351209996e-07,1.6025605709146895e-06,-2.419419361435933e-07,3.281539971794638e-17,2,6.096939075610175e-09,1.1368683772161603e-13,4.440892098500626e-16,3.774221776616355e-16,0.0
54.3125,0.0625,0.019983031249999998,4.774046164765987e-09,1.844401149301827e-06,1.592011411061537e-06,-2.5238973824029007e-07,1.6026249810622885e-06,-2.417761682395385e-07,3.281378506139068e-17,2,6.09405650125667e-09,1.1368683772161603e-13,4.440892098500626e-16,3.774220315806159e-16,0.0
54.375,0.0625,0.0199834375,4.773947000271008e-09,1.8442998577797208e-06,1.5920734198407776e-06,-2.522264379389432e-07,1.6026891590733942e-06,-2.416106987063266e-07,3.279726130147432e-17,2,6.091178280718948e-09,1.1368683772161603e-13,4.440892098500626e-16,3.7742188542449846e-16,0.0
54.4375,0.0625,0.01998384375,4.773847892015436e-09,1.8441986323731817e-06,1.5921352006484463e-06,-2.5206343172473547e-07,1.6027531057221404e-06,-2.414455266510413e-07,3.280086119150015e-17,2,6.088304065691746e-09,1.1368683772161603e-13,4.440892098500626e-16,3.774217391933358e-16,0.0
54.5,0.0625,0.01998425,4.773748839898895e-09,1.8440974729637797e-06,1.5921967542457508e-06,-2.519007187180289e-07,1.6028168217792894e-06,-2.4128065118449027e-07,3.277432523744945e-17,2,6.085433682022433e-09,1.1368683772161603e-13,4.440892098500626e-16,3.774215928871802e-16,0.0
54.5625,0.0625,0.01998465625,4.773649843821313e-09,1.8439963794334398e-06,1.5922580813905276e-06,-2.5173829804291225e-07,1.6028803080121944e-06,-2.4111607142124544e-07,3.281305052500673e-17,2,6.08256730386364e-09,1.1368683772161603e-13,4.440892098500626e-16,3.77421446506084e-16,0.0
54.625,0.0625,0.0199850625,4.773550903682911e-09,1.843895351664437e-06,1.592319182837375e-06,-2.5157616882706203e-07,1.602943565184932e-06,-2.4095178647950505e-07,3.274812015564377e-17,2,6.0797058019785236e-09,1.1368683772161603e-13,8.881784197001252e-16,3.7742130005009926e-16,0.0
54.6875,0.0625,0.01998546875,4.7734520193842135e-09,1.8437943895393992e-06,1.5923800593374687e-06,-2.5141433020193047e-07,1.6030065940581172e-06,-2.4078779548128197e-07,3.276981875747226e-17,2,6.076847608993403e-09,1.1368683772161603e-13,8.881784197001252e-16,3.774211535192783e-16,0.0
54.75,0.0625,0.019985875,4.773353190826036e-09,1.8436934929413009e-06,1.5924407116387975e-06,-2.5125278130250337e-07,1.6030693953891413e-06,-2.4062409755215953e-07,3.276752912153671e-17,2,6.0739935956714324e-09,1.1368683772161603e-13,8.881784197001252e-16,3.77421006913673e-16,0.0
54.8125,0.0625,0.01998628125,4.77325441790949e-09,1.8435926617534665e-06,1.59250114048602e-06,-2.510915212674465e-07,1.6031319699320276e-06,-2.404606918214389e-07,3.2793125398411553e-17,2,6.071143413707352e-09,1.1368683772161603e-13,4.440892098500626e-16,3.774208602333353e-16,0.0
54.875,0.0625,0.0199866875,4.773155700535978e-09,1.843491895859563e-06,1.5925613466206252e-06,-2.509305492389378e-07,1.6031943184375934e-06,-2.4029757742196963e-07,3.2738882202562776e-17,2,6.068297933864317e-09,5.684341886080802e-14,4.440892098500626e-16,1.887103567391585e-16,0.0
54.9375,0.0625,0.01998709375,4.773057038607198e-09,1.843391195143605e-06,1.5926213307808071e-06,-2.507698643627979e-07,1.6032564416533231e-06,-2.4013475349028194e-07,3.2747292975031215e-17,2,6.065456111226539e-09,1.1368683772161603e-13,4.440892098500626e-16,3.774205666486699e-16,0.0
55.0,0.0625,0.0199875,4.772958432025139e-09,1.8432905594899498e-06,1.5926810937015825e-06,-2.5060946578836735e-07,1.6033183403234855e-06,-2.3997221916646437e-07,3.2730623631327047e-17,2,6.06261811994665e-09,1.1368683772161603e-13,8.881784197001252e-16,3.7742041974444575e-16,0.0
55.0625,0.0625,0.01998790625,4.772859880692074e-09,1.8431899887832957e-06,1.5927406361147304e-06,-2.504493526685653e-07,1.6033800151890772e-06,-2.398099735942185e-07,3.274377911178909e-17,2,6.059784308329913e-09,1.1368683772161603e-13,4.440892098500626e-16,3.774202727656959e-16,0.0
55.125,0.0625,0.0199883125,4.77276138451057e-09,1.8430894829086812e-06,1.592799958748904e-06,-2.5028952415977717e-07,1.6034414669879312e-06,-2.3964801592075e-07,3.2734322783026384e-17,2,6.056954502223696e-09,1.1368683772161603e-13,8.881784197001252e-16,3.7742012571247206e-16,0.0
55.1875,0.0625,0.01998871875,4.77266294338348e-09,1.8429890417514848e-06,1.5928590623295722e-06,-2.5012997942191257e-07,1.6035026964546596e-06,-2.3948634529682524e-07,3.2720591584858003e-17,2,6.0541287016279995e-09,1.1368683772161603e-13,4.440892098500626e-16,3.7741997858482533e-16,0.0
55.25,0.0625,0.019989125,4.77256455721394e-09,1.8428886651974216e-06,1.5929179475790667e-06,-2.499707176183549e-07,1.6035637043207024e-06,-2.393249608767192e-07,3.273757856591739e-17,2,6.05130655823756e-09,5.684341886080802e-14,4.440892098500626e-16,1.8870991569140363e-16,0.0
55.3125,0.0625,0.01998953125,4.772466225905375e-09,1.8427883531325424e-06,1.5929766152166386e-06,-2.4981173791590375e-07,1.6036244913143811e-06,-2.3916386181816126e-07,3.269422106692981e-17,2,6.048488942815535e-09,1.1368683772161603e-13,4.440892098500626e-16,3.7741968410646887e-16,0.0
55.375,0.0625,0.0199899375,4.772367949361492e-09,1.8426881054432338e-06,1.5930350659583185e-06,-2.4965303948491527e-07,1.6036850581607616e-06,-2.3900304728247225e-07,3.2712485214854984e-17,2,6.045674636293505e-09,1.1368683772161603e-13,8.881784197001252e-16,3.774195367558613e-16,0.0
55.4375,0.0625,0.01999034375,4.772269727486278e-09,1.8425879220162162e-06,1.5930933005171715e-06,-2.494946214990447e-07,1.6037454055819098e-06,-2.388425164343064e-07,3.271504616603145e-17,2,6.042864509434627e-09,1.1368683772161603e-13,8.881784197001252e-16,3.774193893310358e-16,0.0
55.5,0.0625,0.019990749999999998,4.772171560184004e-09,1.8424878027385403e-06,1.5931513196031035e-06,-2.4933648313543674e-07,1.6038055342966953e-06,-2.38682268441845e-07,3.271243227529578e-17,2,6.040058388086268e-09,1.1368683772161603e-13,4.440892098500626e-16,3.774192418320431e-16,0.0
55.5625,0.0625,0.01999115625,4.772073447359223e-09,1.842387747497588e-06,1.5932091239230235e-06,-2.491786235745646e-07,1.6038654450209568e-06,-2.385223024766313e-07,3.27111749607647e-17,2,6.03725627224843e-09,1.1368683772161603e-13,4.440892098500626e-16,3.774190942589342e-16,0.0
55.625,0.0625,0.0199915625,4.771975388916762e-09,1.8422877561810715e-06,1.5932667141807719e-06,-2.490210420002996e-07,1.6039251384674285e-06,-2.3836261771364298e-07,3.269760258127393e-17,2,6.034458161921112e-09,5.684341886080802e-14,4.440892098500626e-16,1.8870947330587982e-16,0.0
55.6875,0.0625,0.01999196875,4.771877384761728e-09,1.842187828677029e-06,1.5933240910771752e-06,-2.4886373759985383e-07,1.6039846153457957e-06,-2.382032133312333e-07,3.267200630439909e-17,2,6.031663882951683e-09,1.1368683772161603e-13,4.440892098500626e-16,3.7741879889057033e-16,0.0
55.75,0.0625,0.019992375,4.771779434799507e-09,1.842087964873827e-06,1.5933812553100195e-06,-2.487067095638075e-07,1.6040438763626683e-06,-2.380440885111587e-07,3.26846720939385e-17,2,6.028873435340143e-09,1.1368683772161603e-13,4.440892098500626e-16,3.774186510954167e-16,0.0
55.8125,0.0625,0.01999278125,4.771681538935757e-09,1.8419881646601569e-06,1.5934382075741338e-06,-2.4854995708602307e-07,1.6041029222216662e-06,-2.3788524243849066e-07,3.2674745926587864e-17,2,6.02608664493386e-09,1.1368683772161603e-13,8.881784197001252e-16,3.7741850322634935e-16,0.0
55.875,0.0625,0.0199931875,4.771583697076412e-09,1.8418884279250334e-06,1.5934949485613674e-06,-2.4839347936366596e-07,1.6041617536233935e-06,-2.3772667430163992e-07,3.266546165139257e-17,2,6.0233040341907295e-09,5.684341886080802e-14,4.440892098500626e-16,1.8870917764170934e-16,0.0
55.9375,0.0625,0.01999359375,4.77148590912768e-09,1.8417887545577936e-06,1.5935514789606303e-06,-2.4823727559716333e-07,1.604220371265481e-06,-2.375683832923126e-07,3.265705749636903e-17,2,6.02052560311075e-09,1.1368683772161603e-13,4.440892098500626e-16,3.7741820726667497e-16,0.0
56.0,0.0625,0.019994,4.771388174996042e-09,1.8416891444480973e-06,1.5936077994578521e-06,-2.4808134499024514e-07,1.6042787758425456e-06,-2.3741036860555165e-07,3.2663026431669213e-17,2,6.017750480930765e-09,1.1368683772161603e-13,4.440892098500626e-16,3.774180591761686e-16,0.0
56.0625,0.0625,0.01999440625,4.771290494588246e-09,1.8415895974859228e-06,1.5936639107360568e-06,-2.47925686749866e-07,1.6043369680462646e-06,-2.372526294396582e-07,3.2655389900254124e-17,2,6.01497919010867e-09,5.684341886080802e-14,4.440892098500626e-16,1.8870895550597482e-16,0.0
56.125,0.0625,0.0199948125,4.771192867811314e-09,1.841490113561567e-06,1.5937198134753645e-06,-2.477703000862026e-07,1.6043949485653777e-06,-2.3709516499618937e-07,3.263549786088345e-17,2,6.012212253102357e-09,1.1368683772161603e-13,4.440892098500626e-16,3.7741776277406816e-16,0.0
56.1875,0.0625,0.019995218749999998,4.771095294572534e-09,1.8413906925656448e-06,1.5937755083529821e-06,-2.4761518421266265e-07,1.6044527180856774e-06,-2.3693797447996731e-07,3.261653226379883e-17,2,6.009448799148671e-09,1.1368683772161603e-13,4.440892098500626e-16,3.774176144625741e-16,0.0
56.25,0.0625,0.019995625,4.770997774779465e-09,1.8412913343890877e-06,1.5938309960432219e-06,-2.4746033834586587e-07,1.6045102772900285e-06,-2.3678105709905924e-07,3.262307029936045e-17,2,6.006689176552873e-09,1.1368683772161603e-13,8.881784197001252e-16,3.774174660775175e-16,0.0
56.3125,0.0625,0.01999603125,4.770900308339931e-09,1.8411920389231412e-06,1.5938862772175746e-06,-2.4730576170556657e-07,1.6045676268584416e-06,-2.3662441206469958e-07,3.2618729255505773e-17,2,6.003933559467596e-09,1.1368683772161603e-13,4.440892098500626e-16,3.77417317618948e-16,0.0
56.375,0.0625,0.0199964375,4.770802895162021e-09,1.8410928060593632e-06,1.5939413525446794e-06,-2.471514535146838e-07,1.6046247674680416e-06,-2.3646803859132162e-07,3.259531011800317e-17,2,6.001181773740207e-09,1.1368683772161603e-13,8.881784197001252e-16,3.7741716908691554e-16,0.0
56.4375,0.0625,0.01999684375,4.770705535154089e-09,1.840993635689627e-06,1.5939962226902871e-06,-2.469974129993399e-07,1.6046816997930328e-06,-2.3631193589659428e-07,3.260898837661235e-17,2,5.998433296912813e-09,1.1368683772161603e-13,4.440892098500626e-16,3.774170204814696e-16,0.0
56.5,0.0625,0.01999725,4.7706082282247535e-09,1.8408945277061142e-06,1.5940508883173894e-06,-2.468436393887247e-07,1.6047384245048286e-06,-2.361561032012856e-07,3.261817339013414e-17,2,5.995688825595941e-09,1.7053025658242404e-13,8.881784197001252e-16,5.661253077039898e-16,0.0
56.5625,0.0625,0.01999765625,4.770510974282893e-09,1.8407954820013158e-06,1.5941053500861664e-06,-2.466901319151494e-07,1.6047949422719964e-06,-2.360005397293194e-07,3.259093598692399e-17,2,5.992948533942219e-09,1.1368683772161603e-13,4.440892098500626e-16,3.774167230505358e-16,0.0
56.625,0.0625,0.0199980625,4.770413773237651e-09,1.8406964984680338e-06,1.594159608653988e-06,-2.4653688981404586e-07,1.6048512537602624e-06,-2.3584524470777135e-07,3.259341752876165e-17,2,5.990211725341123e-09,1.1368683772161603e-13,4.440892098500626e-16,3.774165742251467e-16,0.0
56.6875,0.0625,0.019998468749999998,4.770316624998427e-09,1.840597576999375e-06,1.594213664675473e-06,-2.463839123239022e-07,1.6049073596325693e-06,-2.3569021736680583e-07,3.257611952779194e-17,2,5.987478748097916e-09,1.1368683772161603e-13,4.440892098500626e-16,3.7741642532654205e-16,0.0
56.75,0.0625,0.019998875,4.770219529474884e-09,1.8404987174887534e-06,1.594267518802455e-06,-2.4623119868629845e-07,1.604963260549042e-06,-2.3553545693971147e-07,3.256939620377311e-17,2,5.98474977636523e-09,1.1368683772161603e-13,8.881784197001252e-16,3.774162763547709e-16,0.0
56.8125,0.0625,0.01999928125,4.770122486576941e-09,1.840399919829888e-06,1.5943211716840415e-06,-2.460787481458464e-07,1.6050189571670477e-06,-2.353809626628402e-07,3.257595409166943e-17,2,5.982023765227276e-09,1.1368683772161603e-13,8.881784197001252e-16,3.7741612730988253e-16,0.0
56.875,0.0625,0.0199996875,4.7700254962147724e-09,1.8403011839168e-06,1.5943746239666061e-06,-2.459265599501939e-07,1.605074450141189e-06,-2.352267337756111e-07,3.255326949055078e-17,2,5.9793024562103676e-09,5.684341886080802e-14,4.440892098500626e-16,1.88707989095963e-16,0.0
56.9375,0.0625,0.02000009375,4.769928558298814e-09,1.8402025096438148e-06,1.5944278762938144e-06,-2.457746333500004e-07,1.6051297401233259e-06,-2.3507276952048892e-07,3.2554811355212576e-17,2,5.976584107788191e-09,1.1368683772161603e-13,8.881784197001252e-16,3.774158290009502e-16,0.0
57.0,0.0625,0.0200005,4.76983167273975e-09,1.8401038969055565e-06,1.5944809293066305e-06,-2.45622967598926e-07,1.6051848277625895e-06,-2.3491906914296698e-07,3.25348928460623e-17,2,5.973870113181798e-09,1.1368683772161603e-13,8.881784197001252e-16,3.7741567973700414e-16,0.0
57.0625,0.0625,0.02000090625,4.769734839448525e-09,1.8400053455969522e-06,1.5945337836433118e-06,-2.454715619536404e-07,1.60523971370537e-06,-2.3476563189158223e-07,3.254376022222887e-17,2,5.9711592533227684e-09,1.1368683772161603e-13,4.440892098500626e-16,3.774155304001366e-16,0.0
57.125,0.0625,0.0200013125,4.769638058336333e-09,1.8399068556132255e-06,1.5945864399394648e-06,-2.4532041567376076e-07,1.6052943985953768e-06,-2.346124570178487e-07,3.254923946660642e-17,2,5.968452398974258e-09,1.1368683772161603e-13,4.440892098500626e-16,3.7741538099039635e-16,0.0
57.1875,0.0625,0.02000171875,4.769541329314621e-09,1.8398084268498976e-06,1.5946388988280565e-06,-2.4516952802184117e-07,1.6053488830736492e-06,-2.3445954377624845e-07,3.25427279008244e-17,2,5.965749375983638e-09,1.1368683772161603e-13,8.881784197001252e-16,3.7741523150783194e-16,0.0
57.25,0.0625,0.020002125,4.769444652295087e-09,1.8397100592027868e-06,1.5946911609393882e-06,-2.450188982633986e-07,1.6054031677785284e-06,-2.343068914242584e-07,3.252208809017998e-17,2,5.963049836045644e-09,1.7053025658242404e-13,8.881784197001252e-16,5.661226229287381e-16,0.0
57.3125,0.0625,0.02000253125,4.769348027189678e-09,1.8396117525680065e-06,1.5947432269011025e-06,-2.44868525666904e-07,1.6054572533456688e-06,-2.341544992223377e-07,3.252676000627968e-17,2,5.9603541274655384e-09,1.1368683772161603e-13,4.440892098500626e-16,3.77414932324425e-16,0.0
57.375,0.0625,0.020002937499999998,4.769251453910593e-09,1.8395135068419626e-06,1.5947950973382879e-06,-2.4471840950367473e-07,1.6055111404081376e-06,-2.3400236643382498e-07,3.2494102915696084e-17,2,5.957662250243322e-09,1.1368683772161603e-13,4.440892098500626e-16,3.774147826236794e-16,0.0
57.4375,0.0625,0.02000334375,4.769154932370276e-09,1.839415321921357e-06,1.5948467728733662e-06,-2.445685490479909e-07,1.6055648295963063e-06,-2.3385049232505078e-07,3.250949509253447e-17,2,5.9549735077684684e-09,1.1368683772161603e-13,4.440892098500626e-16,3.774146328503035e-16,0.0
57.5,0.0625,0.02000375,4.769058462481421e-09,1.8393171977031804e-06,1.5948982541262295e-06,-2.444189435769509e-07,1.6056183215379868e-06,-2.336988761651936e-07,3.250247398349512e-17,2,5.952288770804136e-09,1.1368683772161603e-13,4.440892098500626e-16,3.7741448300434563e-16,0.0
57.5625,0.0625,0.02000415625,4.768962044156965e-09,1.839219134084715e-06,1.594949541714138e-06,-2.442695923705771e-07,1.6056716168583278e-06,-2.335475172263872e-07,3.251445817620979e-17,2,5.9496075168924295e-09,1.7053025658242404e-13,8.881784197001252e-16,5.661214996287809e-16,0.0
57.625,0.0625,0.0200045625,4.768865677310092e-09,1.8391211309635323e-06,1.5950006362518644e-06,-2.441204947116679e-07,1.6057247161799621e-06,-2.3339641478357014e-07,3.248327015839409e-17,2,5.946930094338612e-09,1.1368683772161603e-13,4.440892098500626e-16,3.7741418309487655e-16,0.0
57.6875,0.0625,0.02000496875,4.768769361854231e-09,1.8390231882374923e-06,1.5950515383515497e-06,-2.4397164988594255e-07,1.60577762012286e-06,-2.3324556811463222e-07,3.249399703657768e-17,2,5.9442563289900525e-09,1.1368683772161603e-13,4.440892098500626e-16,3.7741403303146133e-16,0.0
57.75,0.0625,0.020005375,4.768673097703052e-09,1.8389253058047409e-06,1.5951022486228645e-06,-2.438230571818764e-07,1.6058303293044922e-06,-2.330949765002487e-07,3.2474601305574534e-17,2,5.941585872541487e-09,1.1368683772161603e-13,4.440892098500626e-16,3.774138828956563e-16,0.0
57.8125,0.0625,0.02000578125,4.768576884770468e-09,1.8388274835637116e-06,1.5951527676729322e-06,-2.436747158907794e-07,1.6058828443397534e-06,-2.3294463922395822e-07,3.24631134212274e-17,2,5.938919769908705e-09,5.684341886080802e-14,8.881784197001252e-16,3.483052626274873e-16,0.0
57.875,0.0625,0.0200061875,4.7684807229706355e-09,1.8387297214131223e-06,1.5952030961063558e-06,-2.4352662530676653e-07,1.6059351658409867e-06,-2.3279455557213557e-07,3.248314442694098e-17,2,5.936256279565393e-09,1.1368683772161603e-13,8.881784197001252e-16,3.774135824070681e-16,0.0
57.9375,0.0625,0.02000659375,4.768384612217948e-09,1.8386320192519735e-06,1.5952532345252587e-06,-2.4337878472671486e-07,1.6059872944180284e-06,-2.3264472483394516e-07,3.2472119763736875e-17,2,5.933596794732601e-09,1.1368683772161603e-13,8.881784197001252e-16,3.7741343205438044e-16,0.0
58.0,0.0625,0.020007,4.76828855242704e-09,1.838534376979549e-06,1.5953031835292937e-06,-2.432311934502552e-07,1.6060392306782146e-06,-2.3249514630133437e-07,3.2458229746890884e-17,2,5.930941315410329e-09,1.1368683772161603e-13,4.440892098500626e-16,3.7741328162949387e-16,0.0
58.0625,0.0625,0.02000740625,4.768192543512785e-09,1.8384367944954142e-06,1.5953529437156531e-06,-2.430838507797611e-07,1.6060909752263917e-06,-2.323458192690225e-07,3.2436239977486775e-17,2,5.9282887966827895e-09,1.7053025658242404e-13,8.881784197001252e-16,5.66119696698684e-16,0.0
58.125,0.0625,0.0200078125,4.768096585390294e-09,1.8383392716994155e-06,1.595402515678999e-06,-2.429367560204164e-07,1.6061425286648468e-06,-2.321967430345687e-07,3.245740256627833e-17,2,5.9256402834657695e-09,1.1368683772161603e-13,4.440892098500626e-16,3.774129805633142e-16,0.0
58.1875,0.0625,0.02000821875,4.768000677974913e-09,1.8382418084916764e-06,1.5954519000116327e-06,-2.427899084800437e-07,1.6061938915934784e-06,-2.32047916898198e-07,3.243119748447265e-17,2,5.922995427454008e-09,1.1368683772161603e-13,4.440892098500626e-16,3.774128299221159e-16,0.0
58.25,0.0625,0.020008625,4.767904821182225e-09,1.8381444047726016e-06,1.595501097303378e-06,-2.426433074692235e-07,1.606245064609679e-06,-2.3189934016292255e-07,3.244649701708243e-17,2,5.920353706189609e-09,1.1368683772161603e-13,8.881784197001252e-16,3.7741267920890846e-16,0.0
58.3125,0.0625,0.02000903125,4.767809014928048e-09,1.8380470604428702e-06,1.5955501081416981e-06,-2.4249695230117206e-07,1.6062960483084526e-06,-2.3175101213441758e-07,3.241491857001761e-17,2,5.917715816283101e-09,1.1368683772161603e-13,4.440892098500626e-16,3.7741252842373905e-16,0.0
58.375,0.0625,0.0200094375,4.767713259128433e-09,1.8379497754034389e-06,1.5955989331115532e-06,-2.4235084229188563e-07,1.6063468432822697e-06,-2.316029321211692e-07,3.244564998413518e-17,2,5.915081061123955e-09,1.1368683772161603e-13,4.440892098500626e-16,3.774123775666547e-16,0.0
58.4375,0.0625,0.02000984375,4.767617553699665e-09,1.8378525495555386e-06,1.5956475727956106e-06,-2.4220497675992793e-07,1.6063974501212827e-06,-2.314550994342559e-07,3.2416116327544585e-17,2,5.9124501373226984e-09,1.1368683772161603e-13,4.440892098500626e-16,3.774122266377027e-16,0.0
58.5,0.0625,0.02001025,4.76752189855826e-09,1.8377553828006741e-06,1.59569602777411e-06,-2.4205935502656404e-07,1.6064478694131876e-06,-2.313075133874865e-07,3.239969844674663e-17,2,5.909823219031961e-09,1.1368683772161603e-13,4.440892098500626e-16,3.774120756369299e-16,0.0
58.5625,0.0625,0.020010656249999998,4.767426293620964e-09,1.8376582750406234e-06,1.5957442986248983e-06,-2.419139764157251e-07,1.6064981017432585e-06,-2.3116017329736495e-07,3.2399420514060814e-17,2,5.907199435488589e-09,1.1368683772161603e-13,8.881784197001252e-16,3.7741192456438337e-16,0.0
58.625,0.0625,0.0200110625,4.767330738804757e-09,1.8375612261774366e-06,1.595792385923496e-06,-2.417688402539407e-07,1.6065481476944176e-06,-2.3101307848301905e-07,3.239966535952213e-17,2,5.904579134997842e-09,1.1368683772161603e-13,4.440892098500626e-16,3.774117734201098e-16,0.0
58.6875,0.0625,0.02001146875,4.767235234026845e-09,1.8374642361134337e-06,1.5958402902430727e-06,-2.4162394587036096e-07,1.6065980078472067e-06,-2.3086622826622699e-07,3.2402100579245486e-17,2,5.901962317559722e-09,1.1368683772161603e-13,4.440892098500626e-16,3.7741162220415597e-16,0.0
58.75,0.0625,0.020011875,4.7671397792046625e-09,1.8373673047512038e-06,1.595888012154489e-06,-2.414792925967148e-07,1.6066476827798327e-06,-2.3071962197137113e-07,3.2371653715258634e-17,2,5.899349157326859e-09,1.1368683772161603e-13,4.440892098500626e-16,3.7741147091656855e-16,0.0
58.8125,0.0625,0.02001228125,4.767044374255875e-09,1.8372704319936058e-06,1.5959355522262385e-06,-2.413348797673673e-07,1.6066971730681074e-06,-2.3057325892549842e-07,3.237934318623293e-17,2,5.89673913184136e-09,1.1368683772161603e-13,4.440892098500626e-16,3.7741131955739417e-16,0.0
58.875,0.0625,0.0200126875,4.76694901909837e-09,1.837173617743766e-06,1.5959829110245385e-06,-2.411907067192274e-07,1.6067464792855396e-06,-2.3042713845822632e-07,3.2370270669274446e-17,2,5.894132763561119e-09,1.1368683772161603e-13,4.440892098500626e-16,3.7741116812667943e-16,0.0
58.9375,0.0625,0.02001309375,4.766853713650265e-09,1.8370768619050771e-06,1.5960300891133074e-06,-2.410467727917697e-07,1.6067956020033118e-06,-2.302812599017653e-07,3.2376504302370645e-17,2,5.891529878333503e-09,1.1368683772161603e-13,4.440892098500626e-16,3.7741101662447076e-16,0.0
59.0,0.0625,0.0200135,4.766758457829898e-09,1.836980164381196e-06,1.5960770870541797e-06,-2.4090307732701627e-07,1.606844541790297e-06,-2.3013562259089905e-07,3.2357313712159415e-17,2,5.888930476158514e-09,1.1368683772161603e-13,4.440892098500626e-16,3.774108650508144e-16,0.0
59.0625,0.0625,0.02001390625,4.766663251555836e-09,1.8368835250760464e-06,1.5961239054064992e-06,-2.407596196695472e-07,1.6068932992130487e-06,-2.2999022586299775e-07,3.2358855576821214e-17,2,5.886334731188783e-09,1.1368683772161603e-13,4.440892098500626e-16,3.7741071340575695e-16,0.0
59.125,0.0625,0.0200143125,4.766568094746864e-09,1.8367869438938136e-06,1.596170544727368e-06,-2.4061639916644553e-07,1.6069418748358543e-06,-2.298450690579593e-07,3.233585995579224e-17,2,5.883742295119047e-09,1.1368683772161603e-13,4.440892098500626e-16,3.774105616893444e-16,0.0
59.1875,0.0625,0.02001471875,4.766472987321994e-09,1.8366904207389455e-06,1.5962170055716147e-06,-2.404734151673308e-07,1.6069902692206989e-06,-2.2970015151824664e-07,3.2329527061022534e-17,2,5.881153342101936e-09,1.1368683772161603e-13,8.881784197001252e-16,3.774104099016231e-16,0.0
59.25,0.0625,0.020015124999999998,4.766377929200458e-09,1.8365939555161534e-06,1.5962632884918605e-06,-2.403306670242929e-07,1.6070384829273362e-06,-2.2955547258881721e-07,3.234208697144354e-17,2,5.878567697984821e-09,1.1368683772161603e-13,4.440892098500626e-16,3.7741025804263893e-16,0.0
59.3125,0.0625,0.02001553125,4.7662829203017075e-09,1.8364975481304068e-06,1.5963093940384609e-06,-2.401881540919459e-07,1.6070865165132268e-06,-2.2941103161717994e-07,3.2337997390495077e-17,2,5.875985362767701e-09,1.1368683772161603e-13,8.881784197001252e-16,3.7741010611243803e-16,0.0
59.375,0.0625,0.0200159375,4.766187960545414e-09,1.8364011984869345e-06,1.5963553227595897e-06,-2.4004587572734476e-07,1.6071343705336233e-06,-2.2926682795331114e-07,3.2330790992998515e-17,2,5.8734066847558385e-09,1.1368683772161603e-13,4.440892098500626e-16,3.7740995411106633e-16,0.0
59.4375,0.0625,0.02001634375,4.766093049851468e-09,1.8363049064912252e-06,1.5964010752012235e-06,-2.399038312900017e-07,1.6071820455415565e-06,-2.2912286094966875e-07,3.2294778857850406e-17,2,5.870831663949233e-09,1.1368683772161603e-13,4.440892098500626e-16,3.7740980203856966e-16,0.0
59.5,0.0625,0.02001675,4.76599818813998e-09,1.8362086720490252e-06,1.5964466519070808e-06,-2.397620201419444e-07,1.6072295420877707e-06,-2.2897912996125454e-07,3.232574188253949e-17,2,5.868259429584729e-09,1.1368683772161603e-13,4.440892098500626e-16,3.7740964989499376e-16,0.0
59.5625,0.0625,0.02001715625,4.765903375331276e-09,1.8361124950663352e-06,1.5964920534187925e-06,-2.3962044164754264e-07,1.6072768607208995e-06,-2.2883563434543562e-07,3.2300860289713896e-17,2,5.865691026578115e-09,1.1368683772161603e-13,4.440892098500626e-16,3.774094976803844e-16,0.0
59.625,0.0625,0.0200175625,4.7658086113458985e-09,1.8360163754494137e-06,1.596537280275724e-06,-2.394790951736897e-07,1.6073240019872836e-06,-2.2869237346213016e-07,3.2307418177610216e-17,2,5.863125758318863e-09,1.1368683772161603e-13,4.440892098500626e-16,3.774093453947873e-16,0.0
59.6875,0.0625,0.02001796875,4.7657138961046056e-09,1.835920313104772e-06,1.596582333015144e-06,-2.3933798008962805e-07,1.6073709664311427e-06,-2.285493466736293e-07,3.2285117388295787e-17,2,5.860564147264869e-09,1.1368683772161603e-13,4.440892098500626e-16,3.774091930382479e-16,0.0
59.75,0.0625,0.020018374999999998,4.7656192295283706e-09,1.8358243079391758e-06,1.5966272121721564e-06,-2.391970957670194e-07,1.6074177545945065e-06,-2.284065533446693e-07,3.2275396361737064e-17,2,5.85800584511087e-09,5.684341886080802e-14,8.881784197001252e-16,3.483052626274873e-16,0.0
59.8125,0.0625,0.02001878125,4.765524611538381e-09,1.835728359859644e-06,1.5966719182796863e-06,-2.3905644157995756e-07,1.6074643670171989e-06,-2.2826399284244503e-07,3.231547822549893e-17,2,5.855450503551604e-09,1.1368683772161603e-13,4.440892098500626e-16,3.774088881125242e-16,0.0
59.875,0.0625,0.0200191875,4.7654300420560376e-09,1.8356324687734451e-06,1.596716451868603e-06,-2.389160169048421e-07,1.6075108042369652e-06,-2.2812166453647997e-07,3.2294123730805264e-17,2,5.852898819197595e-09,1.1368683772161603e-13,4.440892098500626e-16,3.7740873554343073e-16,0.0
59.9375,0.0625,0.02001959375,4.765335521002952e-09,1.8355366345881002e-06,1.5967608134675958e-06,-2.387758211205044e-07,1.6075570667893432e-06,-2.2797956779875702e-07,3.2272914819899404e-17,2,5.850350966201475e-09,1.1368683772161603e-13,8.881784197001252e-16,3.7740858290357657e-16,0.0
60.0,0.0625,0.02002,4.765241048300949e-09,1.8354408572113787e-06,1.5968050036032998e-06,-2.386358536080789e-07,1.607603155207795e-06,-2.2783770200358373e-07,3.2271181049335493e-17,2,5.847806073800087e-09,1.1368683772161603e-13,4.440892098500626e-16,3.7740843019300684e-16,0.0
